2026-09-29T22:04:19-10:00job:automations_log_hourly_archive OK
2026-09-29T22:04:19-10:00job:security_timelapse_hourly_compile RUN  bash "/home/rootrecord/RootRecord-Ecosystem/1 - Servers/1 - RootRecord-Pacific-Solar-Server/Security/Cameras/timelapse_hourly.sh"
2026-09-29T22:04:19-10:00job:security_timelapse_hourly_compile | 22:04:19  🎬  a-eyes-timelapse  hour 21 is outside the 05:00-19:00 window, skipping
2026-09-29T22:04:20-10:00ENERGY  status=live  B2=7%  B1=100%  solar=0 W  ac=57 W  usbc=9 W  src=/home/rootrecord/RootRecord-Ecosystem/2 - RootRecord-Database/Energy  LAP=48%/Discharging/batt
2026-09-29T22:04:21-10:00  ▸  SUMMARY=delta2 soc=7% solar=0W ac_out=57W usbc=9W src=api db=ok
2026-09-29T22:04:21-10:00job:sys_stats_cycle RUN  bash "/home/rootrecord/RootRecord-Ecosystem/1 - Servers/1 - RootRecord-Pacific-Solar-Server/System/scripts/sys-sample.sh"
2026-09-29T22:04:22-10:00job:sys_stats_cycle | SYSTEM  cpu=14%  load=2.05  mem=68%  src=sqlite
2026-09-29T22:04:22-10:00job:sys_stats_cycle | OK wrote /home/rootrecord/RootRecord-Ecosystem/2 - RootRecord-Database/System/samples/sys-20260929-220421.json
2026-09-29T22:04:38-10:00job:github_sync_all | ↑ [ecosystem] committed 3 local file(s)
2026-09-29T22:04:38-10:00job:github_sync_all | ↓ [ecosystem] fetching origin/main
2026-09-29T22:04:38-10:00job:github_sync_all | From github.com:RootRecord-Software-Solutions/RootRecord-Ecosystem
2026-09-29T22:04:38-10:00job:github_sync_all | * branch            main       -> FETCH_HEAD
2026-09-29T22:04:38-10:00job:github_sync_all | ↑ [ecosystem] local is ahead of GitHub
2026-09-29T22:04:38-10:00job:github_sync_all | To github.com:RootRecord-Software-Solutions/RootRecord-Ecosystem.git
2026-09-29T22:04:38-10:00job:github_sync_all | d5fa479..91e86c4  HEAD -> main
2026-09-29T22:04:38-10:00job:github_sync_all | branch 'main' set up to track 'origin/main'.
2026-09-29T22:04:38-10:00job:github_sync_all | ↑ [ecosystem] 3 files → RootRecord-Software-Solutions/RootRecord-Ecosystem (main)
2026-09-29T22:04:38-10:00job:github_sync_all | — [skills] no local changes
2026-09-29T22:04:38-10:00job:github_sync_all | ↓ [skills] fetching origin/main
2026-09-29T22:04:38-10:00job:github_sync_all | From github.com:rootrecordsoftwaresolutions/Solar-Pacific-RootRecord-Server
2026-09-29T22:04:38-10:00job:github_sync_all | * branch            main       -> FETCH_HEAD
2026-09-29T22:04:38-10:00job:github_sync_all | — [skills] local and GitHub already match
2026-09-29T22:04:38-10:00job:github_sync_all | — [skills] nothing to push
2026-09-29T22:04:38-10:00job:worklog_scan RUN  bash "/home/rootrecord/RootRecord-Ecosystem/1 - Servers/1 - RootRecord-Pacific-Solar-Server/Reports/scripts/worklog_once.sh"
2026-09-29T22:06:58-10:00job:worklog_scan FAIL code=-15
2026-09-29T22:06:58-10:00job:security_camera_frame_grab RUN  bash "/home/rootrecord/RootRecord-Ecosystem/1 - Servers/1 - RootRecord-Pacific-Solar-Server/Security/Cameras/grab_all.sh"
2026-09-29T22:07:13-10:00job:security_camera_frame_grab | 22:06:58  📷  a-eyes  ch1 → ch1-20260930T080658Z.jpg  (359.2 KB, 4.44s)
2026-09-29T22:07:13-10:00job:security_camera_frame_grab | 22:07:03  📷  a-eyes  ch2 → ch2-20260930T080703Z.jpg  (339.1 KB, 4.46s)
2026-09-29T22:07:13-10:00job:security_camera_frame_grab | 22:07:07  📷  a-eyes  ch3 → ch3-20260930T080707Z.jpg  (333.1 KB, 4.38s)
2026-09-29T22:07:13-10:00job:security_camera_frame_grab | 22:07:12  📷  a-eyes  ch4 → ch4-20260930T080712Z.jpg  (12.4 KB, 1.59s)
2026-09-29T22:07:14-10:00ENERGY  status=live  B2=7%  B1=100%  solar=0 W  ac=57 W  usbc=9 W  src=/home/rootrecord/RootRecord-Ecosystem/2 - RootRecord-Database/Energy  LAP=47%/Discharging/batt
2026-09-29T22:07:15-10:00  ▸  SUMMARY=delta2 soc=7% solar=0W ac_out=57W usbc=9W src=api db=ok
2026-09-29T22:07:15-10:00job:sys_stats_cycle RUN  bash "/home/rootrecord/RootRecord-Ecosystem/1 - Servers/1 - RootRecord-Pacific-Solar-Server/System/scripts/sys-sample.sh"
2026-09-29T22:07:16-10:00job:sys_stats_cycle | SYSTEM  cpu=13%  load=1.95  mem=69%  src=sqlite
2026-09-29T22:07:16-10:00job:sys_stats_cycle | OK wrote /home/rootrecord/RootRecord-Ecosystem/2 - RootRecord-Database/System/samples/sys-20260929-220715.json
2026-09-29T22:07:30-10:00job:github_sync_all | ↑ [ecosystem] committed 3 local file(s)
2026-09-29T22:07:30-10:00job:github_sync_all | ↓ [ecosystem] fetching origin/main
2026-09-29T22:07:30-10:00job:github_sync_all | From github.com:RootRecord-Software-Solutions/RootRecord-Ecosystem
2026-09-29T22:07:30-10:00job:github_sync_all | * branch            main       -> FETCH_HEAD
2026-09-29T22:07:30-10:00job:github_sync_all | ↑ [ecosystem] local is ahead of GitHub
2026-09-29T22:07:30-10:00job:github_sync_all | To github.com:RootRecord-Software-Solutions/RootRecord-Ecosystem.git
2026-09-29T22:07:30-10:00job:github_sync_all | 91e86c4..1c19ee5  HEAD -> main
2026-09-29T22:07:30-10:00job:github_sync_all | branch 'main' set up to track 'origin/main'.
2026-09-29T22:07:30-10:00job:github_sync_all | ↑ [ecosystem] 3 files → RootRecord-Software-Solutions/RootRecord-Ecosystem (main)
2026-09-29T22:07:30-10:00job:github_sync_all | — [skills] no local changes
2026-09-29T22:07:30-10:00job:github_sync_all | ↓ [skills] fetching origin/main
2026-09-29T22:07:30-10:00job:github_sync_all | From github.com:rootrecordsoftwaresolutions/Solar-Pacific-RootRecord-Server
2026-09-29T22:07:30-10:00job:github_sync_all | * branch            main       -> FETCH_HEAD
2026-09-29T22:07:30-10:00job:github_sync_all | — [skills] local and GitHub already match
2026-09-29T22:07:30-10:00job:github_sync_all | — [skills] nothing to push
2026-09-29T22:07:30-10:00job:worklog_scan RUN  bash "/home/rootrecord/RootRecord-Ecosystem/1 - Servers/1 - RootRecord-Pacific-Solar-Server/Reports/scripts/worklog_once.sh"
2026-09-29T22:10:30-10:00job:worklog_scan TIMEOUT after 180s
2026-09-29T22:10:30-10:00job:security_camera_frame_grab RUN  bash "/home/rootrecord/RootRecord-Ecosystem/1 - Servers/1 - RootRecord-Pacific-Solar-Server/Security/Cameras/grab_all.sh"
2026-09-29T22:10:45-10:00job:security_camera_frame_grab | 22:10:30  📷  a-eyes  ch1 → ch1-20260930T081030Z.jpg  (359.4 KB, 4.33s)
2026-09-29T22:10:45-10:00job:security_camera_frame_grab | 22:10:34  📷  a-eyes  ch2 → ch2-20260930T081034Z.jpg  (332.5 KB, 4.50s)
2026-09-29T22:10:45-10:00job:security_camera_frame_grab | 22:10:39  📷  a-eyes  ch3 → ch3-20260930T081039Z.jpg  (303.1 KB, 4.31s)
2026-09-29T22:10:45-10:00job:security_camera_frame_grab | 22:10:43  📷  a-eyes  ch4 → ch4-20260930T081043Z.jpg  (12.4 KB, 1.60s)
2026-09-29T22:10:45-10:00job:service_supervisor RUN  bash "/home/rootrecord/RootRecord-Ecosystem/1 - Servers/1 - RootRecord-Pacific-Solar-Server/Automations/scripts/supervise-services.sh"
2026-09-29T22:10:45-10:00job:service_supervisor | [supervisor] weather alive pid=1378124 (act)
2026-09-29T22:10:45-10:00job:service_supervisor | [supervisor] weather seen alive — BLOCKED cleared
2026-09-29T22:10:45-10:00job:service_supervisor | [supervisor] relay alive pid=743759 (act)
2026-09-29T22:10:45-10:00ENERGY  status=live  B2=7%  B1=100%  solar=0 W  ac=57 W  usbc=9 W  src=/home/rootrecord/RootRecord-Ecosystem/2 - RootRecord-Database/Energy  LAP=46%/Discharging/batt
2026-09-29T22:10:46-10:00  ▸  SUMMARY=river2pro soc=100% solar=0W ac_out=64W usbc=0W src=api db=ok
2026-09-29T22:10:46-10:00job:sys_stats_cycle RUN  bash "/home/rootrecord/RootRecord-Ecosystem/1 - Servers/1 - RootRecord-Pacific-Solar-Server/System/scripts/sys-sample.sh"
2026-09-29T22:10:47-10:00job:sys_stats_cycle | SYSTEM  cpu=13%  load=2.38  mem=73%  src=sqlite
2026-09-29T22:10:47-10:00job:sys_stats_cycle | OK wrote /home/rootrecord/RootRecord-Ecosystem/2 - RootRecord-Database/System/samples/sys-20260929-221047.json
2026-09-29T22:11:02-10:00job:github_sync_all | ↑ [ecosystem] committed 2 local file(s)
2026-09-29T22:11:02-10:00job:github_sync_all | ↓ [ecosystem] fetching origin/main
2026-09-29T22:11:02-10:00job:github_sync_all | From github.com:RootRecord-Software-Solutions/RootRecord-Ecosystem
2026-09-29T22:11:02-10:00job:github_sync_all | * branch            main       -> FETCH_HEAD
2026-09-29T22:11:02-10:00job:github_sync_all | ↑ [ecosystem] local is ahead of GitHub
2026-09-29T22:11:02-10:00job:github_sync_all | To github.com:RootRecord-Software-Solutions/RootRecord-Ecosystem.git
2026-09-29T22:11:02-10:00job:github_sync_all | 1c19ee5..89168d1  HEAD -> main
2026-09-29T22:11:02-10:00job:github_sync_all | branch 'main' set up to track 'origin/main'.
2026-09-29T22:11:02-10:00job:github_sync_all | ↑ [ecosystem] 2 files → RootRecord-Software-Solutions/RootRecord-Ecosystem (main)
2026-09-29T22:11:02-10:00job:github_sync_all | — [skills] no local changes
2026-09-29T22:11:02-10:00job:github_sync_all | ↓ [skills] fetching origin/main
2026-09-29T22:11:02-10:00job:github_sync_all | From github.com:rootrecordsoftwaresolutions/Solar-Pacific-RootRecord-Server
2026-09-29T22:11:02-10:00job:github_sync_all | * branch            main       -> FETCH_HEAD
2026-09-29T22:11:02-10:00job:github_sync_all | — [skills] local and GitHub already match
2026-09-29T22:11:02-10:00job:github_sync_all | — [skills] nothing to push
2026-09-29T22:11:02-10:00job:worklog_scan RUN  bash "/home/rootrecord/RootRecord-Ecosystem/1 - Servers/1 - RootRecord-Pacific-Solar-Server/Reports/scripts/worklog_once.sh"
2026-09-29T22:13:07-10:00job:worklog_scan | OK wrote/updated /home/rootrecord/RootRecord-Ecosystem/2 - RootRecord-Database/Worklog/worklog_current.md
2026-09-29T22:13:07-10:00job:security_camera_frame_grab RUN  bash "/home/rootrecord/RootRecord-Ecosystem/1 - Servers/1 - RootRecord-Pacific-Solar-Server/Security/Cameras/grab_all.sh"
2026-09-29T22:13:22-10:00job:security_camera_frame_grab | 22:13:07  📷  a-eyes  ch1 → ch1-20260930T081307Z.jpg  (358.7 KB, 4.37s)
2026-09-29T22:13:22-10:00job:security_camera_frame_grab | 22:13:11  📷  a-eyes  ch2 → ch2-20260930T081311Z.jpg  (320.8 KB, 4.36s)
2026-09-29T22:13:22-10:00job:security_camera_frame_grab | 22:13:16  📷  a-eyes  ch3 → ch3-20260930T081316Z.jpg  (317.3 KB, 4.39s)
2026-09-29T22:13:22-10:00job:security_camera_frame_grab | 22:13:20  📷  a-eyes  ch4 → ch4-20260930T081320Z.jpg  (12.4 KB, 1.58s)
2026-09-29T22:13:22-10:00ENERGY  status=live  B2=7%  B1=100%  solar=0 W  ac=57 W  usbc=9 W  src=/home/rootrecord/RootRecord-Ecosystem/2 - RootRecord-Database/Energy  LAP=45%/Discharging/batt
2026-09-29T22:13:23-10:00  ▸  SUMMARY=delta2 soc=7% solar=0W ac_out=57W usbc=9W src=api db=ok
2026-09-29T22:13:23-10:00job:sys_stats_cycle RUN  bash "/home/rootrecord/RootRecord-Ecosystem/1 - Servers/1 - RootRecord-Pacific-Solar-Server/System/scripts/sys-sample.sh"
2026-09-29T22:13:24-10:00job:sys_stats_cycle | SYSTEM  cpu=7%  load=1.80  mem=72%  src=sqlite
2026-09-29T22:13:24-10:00job:sys_stats_cycle | OK wrote /home/rootrecord/RootRecord-Ecosystem/2 - RootRecord-Database/System/samples/sys-20260929-221323.json
2026-09-29T22:13:36-10:00job:github_sync_all | — [ecosystem] no committable local changes
2026-09-29T22:13:36-10:00job:github_sync_all | ↓ [ecosystem] fetching origin/main
2026-09-29T22:13:36-10:00job:github_sync_all | From github.com:RootRecord-Software-Solutions/RootRecord-Ecosystem
2026-09-29T22:13:36-10:00job:github_sync_all | * branch            main       -> FETCH_HEAD
2026-09-29T22:13:36-10:00job:github_sync_all | — [ecosystem] local and GitHub already match
2026-09-29T22:13:36-10:00job:github_sync_all | — [ecosystem] nothing to push
2026-09-29T22:13:36-10:00job:github_sync_all | — [skills] no local changes
2026-09-29T22:13:36-10:00job:github_sync_all | ↓ [skills] fetching origin/main
2026-09-29T22:13:36-10:00job:github_sync_all | From github.com:rootrecordsoftwaresolutions/Solar-Pacific-RootRecord-Server
2026-09-29T22:13:36-10:00job:github_sync_all | * branch            main       -> FETCH_HEAD
2026-09-29T22:13:36-10:00job:github_sync_all | — [skills] local and GitHub already match
2026-09-29T22:13:36-10:00job:github_sync_all | — [skills] nothing to push
2026-09-29T22:13:36-10:00job:worklog_scan RUN  bash "/home/rootrecord/RootRecord-Ecosystem/1 - Servers/1 - RootRecord-Pacific-Solar-Server/Reports/scripts/worklog_once.sh"
2026-09-29T22:13:37-10:00job:worklog_scan | OK wrote/updated /home/rootrecord/RootRecord-Ecosystem/2 - RootRecord-Database/Worklog/worklog_current.md
2026-09-29T22:13:37-10:00job:security_camera_frame_grab RUN  bash "/home/rootrecord/RootRecord-Ecosystem/1 - Servers/1 - RootRecord-Pacific-Solar-Server/Security/Cameras/grab_all.sh"
2026-09-29T22:13:53-10:00job:security_camera_frame_grab | 22:13:38  📷  a-eyes  ch1 → ch1-20260930T081338Z.jpg  (359.5 KB, 4.77s)
2026-09-29T22:13:53-10:00job:security_camera_frame_grab | 22:13:42  📷  a-eyes  ch2 → ch2-20260930T081342Z.jpg  (318.9 KB, 4.45s)
2026-09-29T22:13:53-10:00job:security_camera_frame_grab | 22:13:47  📷  a-eyes  ch3 → ch3-20260930T081347Z.jpg  (310.1 KB, 4.58s)
2026-09-29T22:13:53-10:00job:security_camera_frame_grab | 22:13:51  📷  a-eyes  ch4 → ch4-20260930T081351Z.jpg  (12.4 KB, 1.70s)
2026-09-29T22:13:53-10:00job:service_supervisor RUN  bash "/home/rootrecord/RootRecord-Ecosystem/1 - Servers/1 - RootRecord-Pacific-Solar-Server/Automations/scripts/supervise-services.sh"
2026-09-29T22:13:53-10:00job:service_supervisor | [supervisor] weather alive pid=1378124 (act)
2026-09-29T22:13:53-10:00job:service_supervisor | [supervisor] relay alive pid=743759 (act)
2026-09-29T22:13:55-10:00  ▸  SUMMARY=delta2 soc=7% solar=0W ac_out=57W usbc=9W src=api db=ok
2026-09-29T22:13:55-10:00job:sys_stats_cycle RUN  bash "/home/rootrecord/RootRecord-Ecosystem/1 - Servers/1 - RootRecord-Pacific-Solar-Server/System/scripts/sys-sample.sh"
2026-09-29T22:13:55-10:00job:sys_stats_cycle | SYSTEM  cpu=10%  load=1.51  mem=71%  src=sqlite
2026-09-29T22:13:55-10:00job:sys_stats_cycle | OK wrote /home/rootrecord/RootRecord-Ecosystem/2 - RootRecord-Database/System/samples/sys-20260929-221355.json
2026-09-29T22:14:11-10:00job:github_sync_all | ↑ [ecosystem] committed 2 local file(s)
2026-09-29T22:14:11-10:00job:github_sync_all | ↓ [ecosystem] fetching origin/main
2026-09-29T22:14:11-10:00job:github_sync_all | From github.com:RootRecord-Software-Solutions/RootRecord-Ecosystem
2026-09-29T22:14:11-10:00job:github_sync_all | * branch            main       -> FETCH_HEAD
2026-09-29T22:14:11-10:00job:github_sync_all | ↑ [ecosystem] local is ahead of GitHub
2026-09-29T22:14:11-10:00job:github_sync_all | To github.com:RootRecord-Software-Solutions/RootRecord-Ecosystem.git
2026-09-29T22:14:11-10:00job:github_sync_all | 89168d1..9df6b5e  HEAD -> main
2026-09-29T22:14:11-10:00job:github_sync_all | branch 'main' set up to track 'origin/main'.
2026-09-29T22:14:11-10:00job:github_sync_all | ↑ [ecosystem] 2 files → RootRecord-Software-Solutions/RootRecord-Ecosystem (main)
2026-09-29T22:14:11-10:00job:github_sync_all | — [skills] no local changes
2026-09-29T22:14:11-10:00job:github_sync_all | ↓ [skills] fetching origin/main
2026-09-29T22:14:11-10:00job:github_sync_all | From github.com:rootrecordsoftwaresolutions/Solar-Pacific-RootRecord-Server
2026-09-29T22:14:11-10:00job:github_sync_all | * branch            main       -> FETCH_HEAD
2026-09-29T22:14:11-10:00job:github_sync_all | — [skills] local and GitHub already match
2026-09-29T22:14:11-10:00job:github_sync_all | — [skills] nothing to push
2026-09-29T22:14:11-10:00job:security_camera_frame_grab RUN  bash "/home/rootrecord/RootRecord-Ecosystem/1 - Servers/1 - RootRecord-Pacific-Solar-Server/Security/Cameras/grab_all.sh"
2026-09-29T22:14:26-10:00job:security_camera_frame_grab | 22:14:11  📷  a-eyes  ch1 → ch1-20260930T081411Z.jpg  (358.4 KB, 4.54s)
2026-09-29T22:14:26-10:00job:security_camera_frame_grab | 22:14:16  📷  a-eyes  ch2 → ch2-20260930T081416Z.jpg  (315.8 KB, 4.37s)
2026-09-29T22:14:26-10:00job:security_camera_frame_grab | 22:14:20  📷  a-eyes  ch3 → ch3-20260930T081420Z.jpg  (310.8 KB, 4.47s)
2026-09-29T22:14:26-10:00job:security_camera_frame_grab | 22:14:25  📷  a-eyes  ch4 → ch4-20260930T081425Z.jpg  (12.3 KB, 1.70s)
2026-09-29T22:14:27-10:00ENERGY  status=live  B2=7%  B1=100%  solar=0 W  ac=57 W  usbc=9 W  src=/home/rootrecord/RootRecord-Ecosystem/2 - RootRecord-Database/Energy  LAP=45%/Discharging/batt
2026-09-29T22:14:28-10:00  ▸  SUMMARY=river2pro soc=100% solar=0W ac_out=64W usbc=0W src=api db=ok
2026-09-29T22:14:28-10:00job:sys_stats_cycle RUN  bash "/home/rootrecord/RootRecord-Ecosystem/1 - Servers/1 - RootRecord-Pacific-Solar-Server/System/scripts/sys-sample.sh"
2026-09-29T22:14:28-10:00job:sys_stats_cycle | SYSTEM  cpu=13%  load=1.76  mem=71%  src=sqlite
2026-09-29T22:14:28-10:00job:sys_stats_cycle | OK wrote /home/rootrecord/RootRecord-Ecosystem/2 - RootRecord-Database/System/samples/sys-20260929-221428.json
2026-09-29T22:14:39-10:00job:github_sync_all | — [ecosystem] no committable local changes
2026-09-29T22:14:39-10:00job:github_sync_all | ↓ [ecosystem] fetching origin/main
2026-09-29T22:14:39-10:00job:github_sync_all | From github.com:RootRecord-Software-Solutions/RootRecord-Ecosystem
2026-09-29T22:14:39-10:00job:github_sync_all | * branch            main       -> FETCH_HEAD
2026-09-29T22:14:39-10:00job:github_sync_all | — [ecosystem] local and GitHub already match
2026-09-29T22:14:39-10:00job:github_sync_all | — [ecosystem] nothing to push
2026-09-29T22:14:39-10:00job:github_sync_all | — [skills] no local changes
2026-09-29T22:14:39-10:00job:github_sync_all | ↓ [skills] fetching origin/main
2026-09-29T22:14:39-10:00job:github_sync_all | From github.com:rootrecordsoftwaresolutions/Solar-Pacific-RootRecord-Server
2026-09-29T22:14:39-10:00job:github_sync_all | * branch            main       -> FETCH_HEAD
2026-09-29T22:14:39-10:00job:github_sync_all | — [skills] local and GitHub already match
2026-09-29T22:14:39-10:00job:github_sync_all | — [skills] nothing to push
2026-09-29T22:14:39-10:00job:security_camera_frame_grab RUN  bash "/home/rootrecord/RootRecord-Ecosystem/1 - Servers/1 - RootRecord-Pacific-Solar-Server/Security/Cameras/grab_all.sh"
2026-09-29T22:14:55-10:00job:security_camera_frame_grab | 22:14:40  📷  a-eyes  ch1 → ch1-20260930T081440Z.jpg  (358.9 KB, 4.51s)
2026-09-29T22:14:55-10:00job:security_camera_frame_grab | 22:14:44  📷  a-eyes  ch2 → ch2-20260930T081444Z.jpg  (316.0 KB, 4.26s)
2026-09-29T22:14:55-10:00job:security_camera_frame_grab | 22:14:48  📷  a-eyes  ch3 → ch3-20260930T081448Z.jpg  (308.3 KB, 4.58s)
2026-09-29T22:14:55-10:00job:security_camera_frame_grab | 22:14:53  📷  a-eyes  ch4 → ch4-20260930T081453Z.jpg  (12.4 KB, 1.58s)
2026-09-29T22:14:56-10:00  ▸  SUMMARY=river2pro soc=100% solar=0W ac_out=64W usbc=0W src=api db=ok
2026-09-29T22:14:56-10:00job:sys_stats_cycle RUN  bash "/home/rootrecord/RootRecord-Ecosystem/1 - Servers/1 - RootRecord-Pacific-Solar-Server/System/scripts/sys-sample.sh"
2026-09-29T22:14:56-10:00job:sys_stats_cycle | SYSTEM  cpu=10%  load=1.57  mem=71%  src=sqlite
2026-09-29T22:14:56-10:00job:sys_stats_cycle | OK wrote /home/rootrecord/RootRecord-Ecosystem/2 - RootRecord-Database/System/samples/sys-20260929-221456.json
2026-09-29T22:15:12-10:00job:github_sync_all | ↑ [ecosystem] committed 1 local file(s)
2026-09-29T22:15:12-10:00job:github_sync_all | ↓ [ecosystem] fetching origin/main
2026-09-29T22:15:12-10:00job:github_sync_all | From github.com:RootRecord-Software-Solutions/RootRecord-Ecosystem
2026-09-29T22:15:12-10:00job:github_sync_all | * branch            main       -> FETCH_HEAD
2026-09-29T22:15:12-10:00job:github_sync_all | ↑ [ecosystem] local is ahead of GitHub
2026-09-29T22:15:12-10:00job:github_sync_all | To github.com:RootRecord-Software-Solutions/RootRecord-Ecosystem.git
2026-09-29T22:15:12-10:00job:github_sync_all | 9df6b5e..ca65f09  HEAD -> main
2026-09-29T22:15:12-10:00job:github_sync_all | branch 'main' set up to track 'origin/main'.
2026-09-29T22:15:12-10:00job:github_sync_all | ↑ [ecosystem] 1 files → RootRecord-Software-Solutions/RootRecord-Ecosystem (main)
2026-09-29T22:15:12-10:00job:github_sync_all | — [skills] no local changes
2026-09-29T22:15:12-10:00job:github_sync_all | ↓ [skills] fetching origin/main
2026-09-29T22:15:12-10:00job:github_sync_all | From github.com:rootrecordsoftwaresolutions/Solar-Pacific-RootRecord-Server
2026-09-29T22:15:12-10:00job:github_sync_all | * branch            main       -> FETCH_HEAD
2026-09-29T22:15:12-10:00job:github_sync_all | — [skills] local and GitHub already match
2026-09-29T22:15:12-10:00job:github_sync_all | — [skills] nothing to push
2026-09-29T22:15:12-10:00job:worklog_scan RUN  bash "/home/rootrecord/RootRecord-Ecosystem/1 - Servers/1 - RootRecord-Pacific-Solar-Server/Reports/scripts/worklog_once.sh"
2026-09-29T22:15:16-10:00job:worklog_scan | OK wrote/updated /home/rootrecord/RootRecord-Ecosystem/2 - RootRecord-Database/Worklog/worklog_current.md
2026-09-29T22:15:16-10:00job:security_camera_frame_grab RUN  bash "/home/rootrecord/RootRecord-Ecosystem/1 - Servers/1 - RootRecord-Pacific-Solar-Server/Security/Cameras/grab_all.sh"
2026-09-29T22:15:31-10:00job:security_camera_frame_grab | 22:15:16  📷  a-eyes  ch1 → ch1-20260930T081516Z.jpg  (358.5 KB, 4.35s)
2026-09-29T22:15:31-10:00job:security_camera_frame_grab | 22:15:20  📷  a-eyes  ch2 → ch2-20260930T081520Z.jpg  (316.8 KB, 4.38s)
2026-09-29T22:15:31-10:00job:security_camera_frame_grab | 22:15:25  📷  a-eyes  ch3 → ch3-20260930T081525Z.jpg  (308.0 KB, 4.48s)
2026-09-29T22:15:31-10:00job:security_camera_frame_grab | 22:15:29  📷  a-eyes  ch4 → ch4-20260930T081529Z.jpg  (12.5 KB, 1.52s)
2026-09-29T22:15:31-10:00ENERGY  status=live  B2=7%  B1=100%  solar=0 W  ac=57 W  usbc=9 W  src=/home/rootrecord/RootRecord-Ecosystem/2 - RootRecord-Database/Energy  LAP=45%/Discharging/batt
2026-09-29T22:15:32-10:00  ▸  SUMMARY=delta2 soc=7% solar=0W ac_out=57W usbc=9W src=api db=ok
2026-09-29T22:15:32-10:00job:sys_stats_cycle RUN  bash "/home/rootrecord/RootRecord-Ecosystem/1 - Servers/1 - RootRecord-Pacific-Solar-Server/System/scripts/sys-sample.sh"
2026-09-29T22:15:33-10:00job:sys_stats_cycle | SYSTEM  cpu=9%  load=1.21  mem=71%  src=sqlite
2026-09-29T22:15:33-10:00job:sys_stats_cycle | OK wrote /home/rootrecord/RootRecord-Ecosystem/2 - RootRecord-Database/System/samples/sys-20260929-221533.json
2026-09-29T22:15:45-10:00job:github_sync_all | — [ecosystem] no committable local changes
2026-09-29T22:15:45-10:00job:github_sync_all | ↓ [ecosystem] fetching origin/main
2026-09-29T22:15:45-10:00job:github_sync_all | From github.com:RootRecord-Software-Solutions/RootRecord-Ecosystem
2026-09-29T22:15:45-10:00job:github_sync_all | * branch            main       -> FETCH_HEAD
2026-09-29T22:15:45-10:00job:github_sync_all | — [ecosystem] local and GitHub already match
2026-09-29T22:15:45-10:00job:github_sync_all | — [ecosystem] nothing to push
2026-09-29T22:15:45-10:00job:github_sync_all | — [skills] no local changes
2026-09-29T22:15:45-10:00job:github_sync_all | ↓ [skills] fetching origin/main
2026-09-29T22:15:45-10:00job:github_sync_all | From github.com:rootrecordsoftwaresolutions/Solar-Pacific-RootRecord-Server
2026-09-29T22:15:45-10:00job:github_sync_all | * branch            main       -> FETCH_HEAD
2026-09-29T22:15:45-10:00job:github_sync_all | — [skills] local and GitHub already match
2026-09-29T22:15:45-10:00job:github_sync_all | — [skills] nothing to push
2026-09-29T22:15:45-10:00job:security_camera_frame_grab RUN  bash "/home/rootrecord/RootRecord-Ecosystem/1 - Servers/1 - RootRecord-Pacific-Solar-Server/Security/Cameras/grab_all.sh"
2026-09-29T22:16:00-10:00job:security_camera_frame_grab | 22:15:45  📷  a-eyes  ch1 → ch1-20260930T081545Z.jpg  (358.3 KB, 4.52s)
2026-09-29T22:16:00-10:00job:security_camera_frame_grab | 22:15:49  📷  a-eyes  ch2 → ch2-20260930T081549Z.jpg  (317.9 KB, 4.39s)
2026-09-29T22:16:00-10:00job:security_camera_frame_grab | 22:15:54  📷  a-eyes  ch3 → ch3-20260930T081554Z.jpg  (309.7 KB, 4.44s)
2026-09-29T22:16:00-10:00job:security_camera_frame_grab | 22:15:58  📷  a-eyes  ch4 → ch4-20260930T081558Z.jpg  (12.5 KB, 1.61s)
2026-09-29T22:16:01-10:00  ▸  SUMMARY=delta2 soc=7% solar=0W ac_out=57W usbc=9W src=api db=ok
2026-09-29T22:16:01-10:00job:sys_stats_cycle RUN  bash "/home/rootrecord/RootRecord-Ecosystem/1 - Servers/1 - RootRecord-Pacific-Solar-Server/System/scripts/sys-sample.sh"
2026-09-29T22:16:02-10:00job:sys_stats_cycle | SYSTEM  cpu=17%  load=1.15  mem=72%  src=sqlite
2026-09-29T22:16:02-10:00job:sys_stats_cycle | OK wrote /home/rootrecord/RootRecord-Ecosystem/2 - RootRecord-Database/System/samples/sys-20260929-221602.json
2026-09-29T22:16:15-10:00job:github_sync_all | ↑ [ecosystem] committed 2 local file(s)
2026-09-29T22:16:15-10:00job:github_sync_all | ↓ [ecosystem] fetching origin/main
2026-09-29T22:16:15-10:00job:github_sync_all | From github.com:RootRecord-Software-Solutions/RootRecord-Ecosystem
2026-09-29T22:16:15-10:00job:github_sync_all | * branch            main       -> FETCH_HEAD
2026-09-29T22:16:15-10:00job:github_sync_all | ↑ [ecosystem] local is ahead of GitHub
2026-09-29T22:16:15-10:00job:github_sync_all | To github.com:RootRecord-Software-Solutions/RootRecord-Ecosystem.git
2026-09-29T22:16:15-10:00job:github_sync_all | ca65f09..2be4b2a  HEAD -> main
2026-09-29T22:16:15-10:00job:github_sync_all | branch 'main' set up to track 'origin/main'.
2026-09-29T22:16:15-10:00job:github_sync_all | ↑ [ecosystem] 2 files → RootRecord-Software-Solutions/RootRecord-Ecosystem (main)
2026-09-29T22:16:15-10:00job:github_sync_all | — [skills] no local changes
2026-09-29T22:16:15-10:00job:github_sync_all | ↓ [skills] fetching origin/main
2026-09-29T22:16:15-10:00job:github_sync_all | From github.com:rootrecordsoftwaresolutions/Solar-Pacific-RootRecord-Server
2026-09-29T22:16:15-10:00job:github_sync_all | * branch            main       -> FETCH_HEAD
2026-09-29T22:16:15-10:00job:github_sync_all | — [skills] local and GitHub already match
2026-09-29T22:16:15-10:00job:github_sync_all | — [skills] nothing to push
2026-09-29T22:16:15-10:00job:security_camera_frame_grab RUN  bash "/home/rootrecord/RootRecord-Ecosystem/1 - Servers/1 - RootRecord-Pacific-Solar-Server/Security/Cameras/grab_all.sh"
2026-09-29T22:16:31-10:00job:security_camera_frame_grab | 22:16:16  📷  a-eyes  ch1 → ch1-20260930T081616Z.jpg  (359.0 KB, 4.53s)
2026-09-29T22:16:31-10:00job:security_camera_frame_grab | 22:16:20  📷  a-eyes  ch2 → ch2-20260930T081620Z.jpg  (317.3 KB, 4.53s)
2026-09-29T22:16:31-10:00job:security_camera_frame_grab | 22:16:25  📷  a-eyes  ch3 → ch3-20260930T081625Z.jpg  (309.1 KB, 4.39s)
2026-09-29T22:16:31-10:00job:security_camera_frame_grab | 22:16:29  📷  a-eyes  ch4 → ch4-20260930T081629Z.jpg  (12.4 KB, 1.56s)
2026-09-29T22:16:32-10:00  ▸  SUMMARY=delta2 soc=7% solar=0W ac_out=57W usbc=9W src=api db=ok
2026-09-29T22:16:32-10:00job:sys_stats_cycle RUN  bash "/home/rootrecord/RootRecord-Ecosystem/1 - Servers/1 - RootRecord-Pacific-Solar-Server/System/scripts/sys-sample.sh"
2026-09-29T22:16:33-10:00job:sys_stats_cycle | SYSTEM  cpu=5%  load=1.35  mem=70%  src=sqlite
2026-09-29T22:16:33-10:00job:sys_stats_cycle | OK wrote /home/rootrecord/RootRecord-Ecosystem/2 - RootRecord-Database/System/samples/sys-20260929-221633.json
2026-09-29T22:16:45-10:00job:github_sync_all | — [ecosystem] no committable local changes
2026-09-29T22:16:45-10:00job:github_sync_all | ↓ [ecosystem] fetching origin/main
2026-09-29T22:16:45-10:00job:github_sync_all | From github.com:RootRecord-Software-Solutions/RootRecord-Ecosystem
2026-09-29T22:16:45-10:00job:github_sync_all | * branch            main       -> FETCH_HEAD
2026-09-29T22:16:45-10:00job:github_sync_all | — [ecosystem] local and GitHub already match
2026-09-29T22:16:45-10:00job:github_sync_all | — [ecosystem] nothing to push
2026-09-29T22:16:45-10:00job:github_sync_all | — [skills] no local changes
2026-09-29T22:16:45-10:00job:github_sync_all | ↓ [skills] fetching origin/main
2026-09-29T22:16:45-10:00job:github_sync_all | From github.com:rootrecordsoftwaresolutions/Solar-Pacific-RootRecord-Server
2026-09-29T22:16:45-10:00job:github_sync_all | * branch            main       -> FETCH_HEAD
2026-09-29T22:16:45-10:00job:github_sync_all | — [skills] local and GitHub already match
2026-09-29T22:16:45-10:00job:github_sync_all | — [skills] nothing to push
2026-09-29T22:16:45-10:00job:worklog_scan RUN  bash "/home/rootrecord/RootRecord-Ecosystem/1 - Servers/1 - RootRecord-Pacific-Solar-Server/Reports/scripts/worklog_once.sh"
2026-09-29T22:16:47-10:00job:worklog_scan | OK wrote/updated /home/rootrecord/RootRecord-Ecosystem/2 - RootRecord-Database/Worklog/worklog_current.md
2026-09-29T22:16:47-10:00job:security_camera_frame_grab RUN  bash "/home/rootrecord/RootRecord-Ecosystem/1 - Servers/1 - RootRecord-Pacific-Solar-Server/Security/Cameras/grab_all.sh"
2026-09-29T22:17:02-10:00job:security_camera_frame_grab | 22:16:47  📷  a-eyes  ch1 → ch1-20260930T081647Z.jpg  (359.7 KB, 4.54s)
2026-09-29T22:17:02-10:00job:security_camera_frame_grab | 22:16:52  📷  a-eyes  ch2 → ch2-20260930T081652Z.jpg  (322.3 KB, 4.49s)
2026-09-29T22:17:02-10:00job:security_camera_frame_grab | 22:16:56  📷  a-eyes  ch3 → ch3-20260930T081656Z.jpg  (308.5 KB, 4.40s)
2026-09-29T22:17:02-10:00job:security_camera_frame_grab | 22:17:01  📷  a-eyes  ch4 → ch4-20260930T081701Z.jpg  (12.4 KB, 1.52s)
2026-09-29T22:17:03-10:00ENERGY  status=live  B2=7%  B1=100%  solar=0 W  ac=57 W  usbc=9 W  src=/home/rootrecord/RootRecord-Ecosystem/2 - RootRecord-Database/Energy  LAP=44%/Discharging/batt
2026-09-29T22:17:04-10:00  ▸  SUMMARY=delta2 soc=7% solar=0W ac_out=57W usbc=9W src=api db=ok
2026-09-29T22:17:04-10:00job:sys_stats_cycle RUN  bash "/home/rootrecord/RootRecord-Ecosystem/1 - Servers/1 - RootRecord-Pacific-Solar-Server/System/scripts/sys-sample.sh"
2026-09-29T22:17:05-10:00job:sys_stats_cycle | SYSTEM  cpu=16%  load=1.71  mem=71%  src=sqlite
2026-09-29T22:17:05-10:00job:sys_stats_cycle | OK wrote /home/rootrecord/RootRecord-Ecosystem/2 - RootRecord-Database/System/samples/sys-20260929-221705.json
2026-09-29T22:17:20-10:00job:github_sync_all | ↑ [ecosystem] committed 1 local file(s)
2026-09-29T22:17:20-10:00job:github_sync_all | ↓ [ecosystem] fetching origin/main
2026-09-29T22:17:20-10:00job:github_sync_all | From github.com:RootRecord-Software-Solutions/RootRecord-Ecosystem
2026-09-29T22:17:20-10:00job:github_sync_all | * branch            main       -> FETCH_HEAD
2026-09-29T22:17:20-10:00job:github_sync_all | ↑ [ecosystem] local is ahead of GitHub
2026-09-29T22:17:20-10:00job:github_sync_all | To github.com:RootRecord-Software-Solutions/RootRecord-Ecosystem.git
2026-09-29T22:17:20-10:00job:github_sync_all | 2be4b2a..0b25840  HEAD -> main
2026-09-29T22:17:20-10:00job:github_sync_all | branch 'main' set up to track 'origin/main'.
2026-09-29T22:17:20-10:00job:github_sync_all | ↑ [ecosystem] 1 files → RootRecord-Software-Solutions/RootRecord-Ecosystem (main)
2026-09-29T22:17:20-10:00job:github_sync_all | — [skills] no local changes
2026-09-29T22:17:20-10:00job:github_sync_all | ↓ [skills] fetching origin/main
2026-09-29T22:17:20-10:00job:github_sync_all | From github.com:rootrecordsoftwaresolutions/Solar-Pacific-RootRecord-Server
2026-09-29T22:17:20-10:00job:github_sync_all | * branch            main       -> FETCH_HEAD
2026-09-29T22:17:20-10:00job:github_sync_all | — [skills] local and GitHub already match
2026-09-29T22:17:20-10:00job:github_sync_all | — [skills] nothing to push
2026-09-29T22:17:20-10:00job:security_camera_frame_grab RUN  bash "/home/rootrecord/RootRecord-Ecosystem/1 - Servers/1 - RootRecord-Pacific-Solar-Server/Security/Cameras/grab_all.sh"
2026-09-29T22:17:36-10:00job:security_camera_frame_grab | 22:17:20  📷  a-eyes  ch1 → ch1-20260930T081720Z.jpg  (358.3 KB, 4.50s)
2026-09-29T22:17:36-10:00job:security_camera_frame_grab | 22:17:25  📷  a-eyes  ch2 → ch2-20260930T081725Z.jpg  (317.5 KB, 4.59s)
2026-09-29T22:17:36-10:00job:security_camera_frame_grab | 22:17:30  📷  a-eyes  ch3 → ch3-20260930T081730Z.jpg  (309.1 KB, 4.49s)
2026-09-29T22:17:36-10:00job:security_camera_frame_grab | 22:17:34  📷  a-eyes  ch4 → ch4-20260930T081734Z.jpg  (12.5 KB, 1.55s)
2026-09-29T22:17:37-10:00  ▸  SUMMARY=river2pro soc=100% solar=0W ac_out=64W usbc=0W src=api db=ok
2026-09-29T22:17:37-10:00job:sys_stats_cycle RUN  bash "/home/rootrecord/RootRecord-Ecosystem/1 - Servers/1 - RootRecord-Pacific-Solar-Server/System/scripts/sys-sample.sh"
2026-09-29T22:17:38-10:00job:sys_stats_cycle | SYSTEM  cpu=9%  load=2.63  mem=69%  src=sqlite
2026-09-29T22:17:38-10:00job:sys_stats_cycle | OK wrote /home/rootrecord/RootRecord-Ecosystem/2 - RootRecord-Database/System/samples/sys-20260929-221738.json
2026-09-29T22:17:53-10:00job:github_sync_all | ↑ [ecosystem] committed 1 local file(s)
2026-09-29T22:17:53-10:00job:github_sync_all | ↓ [ecosystem] fetching origin/main
2026-09-29T22:17:53-10:00job:github_sync_all | From github.com:RootRecord-Software-Solutions/RootRecord-Ecosystem
2026-09-29T22:17:53-10:00job:github_sync_all | * branch            main       -> FETCH_HEAD
2026-09-29T22:17:53-10:00job:github_sync_all | ↑ [ecosystem] local is ahead of GitHub
2026-09-29T22:17:53-10:00job:github_sync_all | To github.com:RootRecord-Software-Solutions/RootRecord-Ecosystem.git
2026-09-29T22:17:53-10:00job:github_sync_all | 0b25840..f083017  HEAD -> main
2026-09-29T22:17:53-10:00job:github_sync_all | branch 'main' set up to track 'origin/main'.
2026-09-29T22:17:53-10:00job:github_sync_all | ↑ [ecosystem] 1 files → RootRecord-Software-Solutions/RootRecord-Ecosystem (main)
2026-09-29T22:17:53-10:00job:github_sync_all | — [skills] no local changes
2026-09-29T22:17:53-10:00job:github_sync_all | ↓ [skills] fetching origin/main
2026-09-29T22:17:53-10:00job:github_sync_all | From github.com:rootrecordsoftwaresolutions/Solar-Pacific-RootRecord-Server
2026-09-29T22:17:53-10:00job:github_sync_all | * branch            main       -> FETCH_HEAD
2026-09-29T22:17:53-10:00job:github_sync_all | — [skills] local and GitHub already match
2026-09-29T22:17:53-10:00job:github_sync_all | — [skills] nothing to push
2026-09-29T22:17:53-10:00job:security_camera_frame_grab RUN  bash "/home/rootrecord/RootRecord-Ecosystem/1 - Servers/1 - RootRecord-Pacific-Solar-Server/Security/Cameras/grab_all.sh"
2026-09-29T22:18:08-10:00job:security_camera_frame_grab | 22:17:53  📷  a-eyes  ch1 → ch1-20260930T081753Z.jpg  (358.4 KB, 4.62s)
2026-09-29T22:18:08-10:00job:security_camera_frame_grab | 22:17:58  📷  a-eyes  ch2 → ch2-20260930T081758Z.jpg  (318.9 KB, 4.28s)
2026-09-29T22:18:08-10:00job:security_camera_frame_grab | 22:18:02  📷  a-eyes  ch3 → ch3-20260930T081802Z.jpg  (310.4 KB, 4.36s)
2026-09-29T22:18:08-10:00job:security_camera_frame_grab | 22:18:07  📷  a-eyes  ch4 → ch4-20260930T081807Z.jpg  (12.5 KB, 1.59s)
2026-09-29T22:18:09-10:00ENERGY  status=live  B2=7%  B1=100%  solar=0 W  ac=57 W  usbc=9 W  src=/home/rootrecord/RootRecord-Ecosystem/2 - RootRecord-Database/Energy  LAP=44%/Discharging/batt
2026-09-29T22:18:09-10:00  ▸  SUMMARY=river2pro soc=100% solar=0W ac_out=64W usbc=0W src=api db=ok
2026-09-29T22:18:09-10:00job:sys_stats_cycle RUN  bash "/home/rootrecord/RootRecord-Ecosystem/1 - Servers/1 - RootRecord-Pacific-Solar-Server/System/scripts/sys-sample.sh"
2026-09-29T22:18:10-10:00job:sys_stats_cycle | SYSTEM  cpu=8%  load=1.91  mem=70%  src=sqlite
2026-09-29T22:18:10-10:00job:sys_stats_cycle | OK wrote /home/rootrecord/RootRecord-Ecosystem/2 - RootRecord-Database/System/samples/sys-20260929-221810.json
2026-09-29T22:18:21-10:00job:github_sync_all | — [ecosystem] no committable local changes
2026-09-29T22:18:21-10:00job:github_sync_all | ↓ [ecosystem] fetching origin/main
2026-09-29T22:18:21-10:00job:github_sync_all | From github.com:RootRecord-Software-Solutions/RootRecord-Ecosystem
2026-09-29T22:18:21-10:00job:github_sync_all | * branch            main       -> FETCH_HEAD
2026-09-29T22:18:21-10:00job:github_sync_all | — [ecosystem] local and GitHub already match
2026-09-29T22:18:21-10:00job:github_sync_all | — [ecosystem] nothing to push
2026-09-29T22:18:21-10:00job:github_sync_all | — [skills] no local changes
2026-09-29T22:18:21-10:00job:github_sync_all | ↓ [skills] fetching origin/main
2026-09-29T22:18:21-10:00job:github_sync_all | From github.com:rootrecordsoftwaresolutions/Solar-Pacific-RootRecord-Server
2026-09-29T22:18:21-10:00job:github_sync_all | * branch            main       -> FETCH_HEAD
2026-09-29T22:18:21-10:00job:github_sync_all | — [skills] local and GitHub already match
2026-09-29T22:18:21-10:00job:github_sync_all | — [skills] nothing to push
2026-09-29T22:18:21-10:00job:worklog_scan RUN  bash "/home/rootrecord/RootRecord-Ecosystem/1 - Servers/1 - RootRecord-Pacific-Solar-Server/Reports/scripts/worklog_once.sh"
2026-09-29T22:18:22-10:00job:worklog_scan | OK wrote/updated /home/rootrecord/RootRecord-Ecosystem/2 - RootRecord-Database/Worklog/worklog_current.md
2026-09-29T22:18:22-10:00job:security_camera_frame_grab RUN  bash "/home/rootrecord/RootRecord-Ecosystem/1 - Servers/1 - RootRecord-Pacific-Solar-Server/Security/Cameras/grab_all.sh"
2026-09-29T22:18:37-10:00job:security_camera_frame_grab | 22:18:22  📷  a-eyes  ch1 → ch1-20260930T081822Z.jpg  (358.1 KB, 4.35s)
2026-09-29T22:18:37-10:00job:security_camera_frame_grab | 22:18:26  📷  a-eyes  ch2 → ch2-20260930T081826Z.jpg  (319.1 KB, 4.36s)
2026-09-29T22:18:37-10:00job:security_camera_frame_grab | 22:18:31  📷  a-eyes  ch3 → ch3-20260930T081831Z.jpg  (309.7 KB, 4.47s)
2026-09-29T22:18:37-10:00job:security_camera_frame_grab | 22:18:35  📷  a-eyes  ch4 → ch4-20260930T081835Z.jpg  (12.4 KB, 1.46s)
2026-09-29T22:18:38-10:00  ▸  SUMMARY=river2pro soc=100% solar=0W ac_out=64W usbc=0W src=api db=ok
2026-09-29T22:18:38-10:00job:sys_stats_cycle RUN  bash "/home/rootrecord/RootRecord-Ecosystem/1 - Servers/1 - RootRecord-Pacific-Solar-Server/System/scripts/sys-sample.sh"
2026-09-29T22:18:39-10:00job:sys_stats_cycle | SYSTEM  cpu=12%  load=1.39  mem=71%  src=sqlite
2026-09-29T22:18:39-10:00job:sys_stats_cycle | OK wrote /home/rootrecord/RootRecord-Ecosystem/2 - RootRecord-Database/System/samples/sys-20260929-221838.json
2026-09-29T22:18:53-10:00job:github_sync_all | ↑ [ecosystem] committed 2 local file(s)
2026-09-29T22:18:53-10:00job:github_sync_all | ↓ [ecosystem] fetching origin/main
2026-09-29T22:18:53-10:00job:github_sync_all | From github.com:RootRecord-Software-Solutions/RootRecord-Ecosystem
2026-09-29T22:18:53-10:00job:github_sync_all | * branch            main       -> FETCH_HEAD
2026-09-29T22:18:53-10:00job:github_sync_all | ↑ [ecosystem] local is ahead of GitHub
2026-09-29T22:18:53-10:00job:github_sync_all | To github.com:RootRecord-Software-Solutions/RootRecord-Ecosystem.git
2026-09-29T22:18:53-10:00job:github_sync_all | f083017..42dac96  HEAD -> main
2026-09-29T22:18:53-10:00job:github_sync_all | branch 'main' set up to track 'origin/main'.
2026-09-29T22:18:53-10:00job:github_sync_all | ↑ [ecosystem] 2 files → RootRecord-Software-Solutions/RootRecord-Ecosystem (main)
2026-09-29T22:18:53-10:00job:github_sync_all | — [skills] no local changes
2026-09-29T22:18:53-10:00job:github_sync_all | ↓ [skills] fetching origin/main
2026-09-29T22:18:53-10:00job:github_sync_all | From github.com:rootrecordsoftwaresolutions/Solar-Pacific-RootRecord-Server
2026-09-29T22:18:53-10:00job:github_sync_all | * branch            main       -> FETCH_HEAD
2026-09-29T22:18:53-10:00job:github_sync_all | — [skills] local and GitHub already match
2026-09-29T22:18:53-10:00job:github_sync_all | — [skills] nothing to push
2026-09-29T22:18:53-10:00job:security_camera_frame_grab RUN  bash "/home/rootrecord/RootRecord-Ecosystem/1 - Servers/1 - RootRecord-Pacific-Solar-Server/Security/Cameras/grab_all.sh"
2026-09-29T22:19:09-10:00job:security_camera_frame_grab | 22:18:54  📷  a-eyes  ch1 → ch1-20260930T081854Z.jpg  (358.4 KB, 4.55s)
2026-09-29T22:19:09-10:00job:security_camera_frame_grab | 22:18:58  📷  a-eyes  ch2 → ch2-20260930T081858Z.jpg  (320.3 KB, 4.70s)
2026-09-29T22:19:09-10:00job:security_camera_frame_grab | 22:19:03  📷  a-eyes  ch3 → ch3-20260930T081903Z.jpg  (309.5 KB, 4.38s)
2026-09-29T22:19:09-10:00job:security_camera_frame_grab | 22:19:07  📷  a-eyes  ch4 → ch4-20260930T081907Z.jpg  (12.5 KB, 1.58s)
2026-09-29T22:19:09-10:00job:service_supervisor RUN  bash "/home/rootrecord/RootRecord-Ecosystem/1 - Servers/1 - RootRecord-Pacific-Solar-Server/Automations/scripts/supervise-services.sh"
2026-09-29T22:19:09-10:00job:service_supervisor | [supervisor] weather alive pid=1378124 (act)
2026-09-29T22:19:09-10:00job:service_supervisor | [supervisor] relay alive pid=743759 (act)
2026-09-29T22:19:09-10:00ENERGY  status=live  B2=7%  B1=100%  solar=0 W  ac=57 W  usbc=9 W  src=/home/rootrecord/RootRecord-Ecosystem/2 - RootRecord-Database/Energy  LAP=44%/Discharging/batt
2026-09-29T22:19:10-10:00  ▸  SUMMARY=river2pro soc=100% solar=0W ac_out=64W usbc=0W src=api db=ok
2026-09-29T22:19:10-10:00job:sys_stats_cycle RUN  bash "/home/rootrecord/RootRecord-Ecosystem/1 - Servers/1 - RootRecord-Pacific-Solar-Server/System/scripts/sys-sample.sh"
2026-09-29T22:19:11-10:00job:sys_stats_cycle | SYSTEM  cpu=12%  load=1.27  mem=71%  src=sqlite
2026-09-29T22:19:11-10:00job:sys_stats_cycle | OK wrote /home/rootrecord/RootRecord-Ecosystem/2 - RootRecord-Database/System/samples/sys-20260929-221911.json
2026-09-29T22:19:27-10:00job:github_sync_all | ↑ [ecosystem] committed 2 local file(s)
2026-09-29T22:19:27-10:00job:github_sync_all | ↓ [ecosystem] fetching origin/main
2026-09-29T22:19:27-10:00job:github_sync_all | From github.com:RootRecord-Software-Solutions/RootRecord-Ecosystem
2026-09-29T22:19:27-10:00job:github_sync_all | * branch            main       -> FETCH_HEAD
2026-09-29T22:19:27-10:00job:github_sync_all | ↑ [ecosystem] local is ahead of GitHub
2026-09-29T22:19:27-10:00job:github_sync_all | To github.com:RootRecord-Software-Solutions/RootRecord-Ecosystem.git
2026-09-29T22:19:27-10:00job:github_sync_all | 42dac96..04ef257  HEAD -> main
2026-09-29T22:19:27-10:00job:github_sync_all | branch 'main' set up to track 'origin/main'.
2026-09-29T22:19:27-10:00job:github_sync_all | ↑ [ecosystem] 2 files → RootRecord-Software-Solutions/RootRecord-Ecosystem (main)
2026-09-29T22:19:27-10:00job:github_sync_all | — [skills] no local changes
2026-09-29T22:19:27-10:00job:github_sync_all | ↓ [skills] fetching origin/main
2026-09-29T22:19:27-10:00job:github_sync_all | From github.com:rootrecordsoftwaresolutions/Solar-Pacific-RootRecord-Server
2026-09-29T22:19:27-10:00job:github_sync_all | * branch            main       -> FETCH_HEAD
2026-09-29T22:19:27-10:00job:github_sync_all | — [skills] local and GitHub already match
2026-09-29T22:19:27-10:00job:github_sync_all | — [skills] nothing to push
2026-09-29T22:19:27-10:00job:security_camera_frame_grab RUN  bash "/home/rootrecord/RootRecord-Ecosystem/1 - Servers/1 - RootRecord-Pacific-Solar-Server/Security/Cameras/grab_all.sh"
2026-09-29T22:19:42-10:00job:security_camera_frame_grab | 22:19:28  📷  a-eyes  ch1 → ch1-20260930T081928Z.jpg  (357.8 KB, 4.28s)
2026-09-29T22:19:42-10:00job:security_camera_frame_grab | 22:19:32  📷  a-eyes  ch2 → ch2-20260930T081932Z.jpg  (316.4 KB, 4.43s)
2026-09-29T22:19:42-10:00job:security_camera_frame_grab | 22:19:36  📷  a-eyes  ch3 → ch3-20260930T081936Z.jpg  (310.4 KB, 4.46s)
2026-09-29T22:19:42-10:00job:security_camera_frame_grab | 22:19:41  📷  a-eyes  ch4 → ch4-20260930T081941Z.jpg  (12.4 KB, 1.59s)
2026-09-29T22:19:44-10:00  ▸  SUMMARY=delta2 soc=7% solar=0W ac_out=57W usbc=9W src=api db=ok
2026-09-29T22:19:44-10:00job:sys_stats_cycle RUN  bash "/home/rootrecord/RootRecord-Ecosystem/1 - Servers/1 - RootRecord-Pacific-Solar-Server/System/scripts/sys-sample.sh"
2026-09-29T22:19:44-10:00job:sys_stats_cycle | SYSTEM  cpu=40%  load=1.21  mem=70%  src=sqlite
2026-09-29T22:19:44-10:00job:sys_stats_cycle | OK wrote /home/rootrecord/RootRecord-Ecosystem/2 - RootRecord-Database/System/samples/sys-20260929-221944.json
2026-09-29T22:19:56-10:00job:github_sync_all | — [ecosystem] no committable local changes
2026-09-29T22:19:56-10:00job:github_sync_all | ↓ [ecosystem] fetching origin/main
2026-09-29T22:19:56-10:00job:github_sync_all | From github.com:RootRecord-Software-Solutions/RootRecord-Ecosystem
2026-09-29T22:19:56-10:00job:github_sync_all | * branch            main       -> FETCH_HEAD
2026-09-29T22:19:56-10:00job:github_sync_all | — [ecosystem] local and GitHub already match
2026-09-29T22:19:56-10:00job:github_sync_all | — [ecosystem] nothing to push
2026-09-29T22:19:56-10:00job:github_sync_all | — [skills] no local changes
2026-09-29T22:19:56-10:00job:github_sync_all | ↓ [skills] fetching origin/main
2026-09-29T22:19:56-10:00job:github_sync_all | From github.com:rootrecordsoftwaresolutions/Solar-Pacific-RootRecord-Server
2026-09-29T22:19:56-10:00job:github_sync_all | * branch            main       -> FETCH_HEAD
2026-09-29T22:19:56-10:00job:github_sync_all | — [skills] local and GitHub already match
2026-09-29T22:19:56-10:00job:github_sync_all | — [skills] nothing to push
2026-09-29T22:19:56-10:00job:worklog_scan RUN  bash "/home/rootrecord/RootRecord-Ecosystem/1 - Servers/1 - RootRecord-Pacific-Solar-Server/Reports/scripts/worklog_once.sh"
2026-09-29T22:19:57-10:00job:worklog_scan | OK wrote/updated /home/rootrecord/RootRecord-Ecosystem/2 - RootRecord-Database/Worklog/worklog_current.md
2026-09-29T22:19:57-10:00job:security_camera_frame_grab RUN  bash "/home/rootrecord/RootRecord-Ecosystem/1 - Servers/1 - RootRecord-Pacific-Solar-Server/Security/Cameras/grab_all.sh"
2026-09-29T22:20:13-10:00job:security_camera_frame_grab | 22:19:58  📷  a-eyes  ch1 → ch1-20260930T081958Z.jpg  (357.5 KB, 4.38s)
2026-09-29T22:20:13-10:00job:security_camera_frame_grab | 22:20:02  📷  a-eyes  ch2 → ch2-20260930T082002Z.jpg  (322.2 KB, 4.69s)
2026-09-29T22:20:13-10:00job:security_camera_frame_grab | 22:20:07  📷  a-eyes  ch3 → ch3-20260930T082007Z.jpg  (310.0 KB, 4.38s)
2026-09-29T22:20:13-10:00job:security_camera_frame_grab | 22:20:11  📷  a-eyes  ch4 → ch4-20260930T082011Z.jpg  (12.5 KB, 1.53s)
2026-09-29T22:20:13-10:00ENERGY  status=live  B2=7%  B1=100%  solar=0 W  ac=57 W  usbc=9 W  src=/home/rootrecord/RootRecord-Ecosystem/2 - RootRecord-Database/Energy  LAP=43%/Discharging/batt
2026-09-29T22:20:14-10:00  ▸  SUMMARY=delta2 soc=7% solar=0W ac_out=57W usbc=9W src=api db=ok
2026-09-29T22:20:14-10:00job:sys_stats_cycle RUN  bash "/home/rootrecord/RootRecord-Ecosystem/1 - Servers/1 - RootRecord-Pacific-Solar-Server/System/scripts/sys-sample.sh"
2026-09-29T22:20:15-10:00job:sys_stats_cycle | SYSTEM  cpu=18%  load=2.02  mem=71%  src=sqlite
2026-09-29T22:20:15-10:00job:sys_stats_cycle | OK wrote /home/rootrecord/RootRecord-Ecosystem/2 - RootRecord-Database/System/samples/sys-20260929-222014.json
2026-09-29T22:20:30-10:00job:github_sync_all | ↑ [ecosystem] committed 1 local file(s)
2026-09-29T22:20:30-10:00job:github_sync_all | ↓ [ecosystem] fetching origin/main
2026-09-29T22:20:30-10:00job:github_sync_all | From github.com:RootRecord-Software-Solutions/RootRecord-Ecosystem
2026-09-29T22:20:30-10:00job:github_sync_all | * branch            main       -> FETCH_HEAD
2026-09-29T22:20:30-10:00job:github_sync_all | ↑ [ecosystem] local is ahead of GitHub
2026-09-29T22:20:30-10:00job:github_sync_all | To github.com:RootRecord-Software-Solutions/RootRecord-Ecosystem.git
2026-09-29T22:20:30-10:00job:github_sync_all | 04ef257..abc57a7  HEAD -> main
2026-09-29T22:20:30-10:00job:github_sync_all | branch 'main' set up to track 'origin/main'.
2026-09-29T22:20:30-10:00job:github_sync_all | ↑ [ecosystem] 1 files → RootRecord-Software-Solutions/RootRecord-Ecosystem (main)
2026-09-29T22:20:30-10:00job:github_sync_all | — [skills] no local changes
2026-09-29T22:20:30-10:00job:github_sync_all | ↓ [skills] fetching origin/main
2026-09-29T22:20:30-10:00job:github_sync_all | From github.com:rootrecordsoftwaresolutions/Solar-Pacific-RootRecord-Server
2026-09-29T22:20:30-10:00job:github_sync_all | * branch            main       -> FETCH_HEAD
2026-09-29T22:20:30-10:00job:github_sync_all | — [skills] local and GitHub already match
2026-09-29T22:20:30-10:00job:github_sync_all | — [skills] nothing to push
2026-09-29T22:20:30-10:00job:security_camera_frame_grab RUN  bash "/home/rootrecord/RootRecord-Ecosystem/1 - Servers/1 - RootRecord-Pacific-Solar-Server/Security/Cameras/grab_all.sh"
2026-09-29T22:20:45-10:00job:security_camera_frame_grab | 22:20:30  📷  a-eyes  ch1 → ch1-20260930T082030Z.jpg  (358.8 KB, 4.38s)
2026-09-29T22:20:45-10:00job:security_camera_frame_grab | 22:20:35  📷  a-eyes  ch2 → ch2-20260930T082035Z.jpg  (319.4 KB, 4.43s)
2026-09-29T22:20:45-10:00job:security_camera_frame_grab | 22:20:39  📷  a-eyes  ch3 → ch3-20260930T082039Z.jpg  (309.9 KB, 4.43s)
2026-09-29T22:20:45-10:00job:security_camera_frame_grab | 22:20:44  📷  a-eyes  ch4 → ch4-20260930T082044Z.jpg  (12.6 KB, 1.63s)
2026-09-29T22:20:48-10:00  ▸  SUMMARY=river2pro soc=100% solar=0W ac_out=64W usbc=0W src=api db=ok
2026-09-29T22:20:48-10:00job:sys_stats_cycle RUN  bash "/home/rootrecord/RootRecord-Ecosystem/1 - Servers/1 - RootRecord-Pacific-Solar-Server/System/scripts/sys-sample.sh"
2026-09-29T22:20:48-10:00job:sys_stats_cycle | SYSTEM  cpu=16%  load=1.69  mem=70%  src=sqlite
2026-09-29T22:20:48-10:00job:sys_stats_cycle | OK wrote /home/rootrecord/RootRecord-Ecosystem/2 - RootRecord-Database/System/samples/sys-20260929-222048.json
2026-09-29T22:21:00-10:00job:github_sync_all | — [ecosystem] no committable local changes
2026-09-29T22:21:00-10:00job:github_sync_all | ↓ [ecosystem] fetching origin/main
2026-09-29T22:21:00-10:00job:github_sync_all | From github.com:RootRecord-Software-Solutions/RootRecord-Ecosystem
2026-09-29T22:21:00-10:00job:github_sync_all | * branch            main       -> FETCH_HEAD
2026-09-29T22:21:00-10:00job:github_sync_all | — [ecosystem] local and GitHub already match
2026-09-29T22:21:00-10:00job:github_sync_all | — [ecosystem] nothing to push
2026-09-29T22:21:00-10:00job:github_sync_all | — [skills] no local changes
2026-09-29T22:21:00-10:00job:github_sync_all | ↓ [skills] fetching origin/main
2026-09-29T22:21:00-10:00job:github_sync_all | From github.com:rootrecordsoftwaresolutions/Solar-Pacific-RootRecord-Server
2026-09-29T22:21:00-10:00job:github_sync_all | * branch            main       -> FETCH_HEAD
2026-09-29T22:21:00-10:00job:github_sync_all | — [skills] local and GitHub already match
2026-09-29T22:21:00-10:00job:github_sync_all | — [skills] nothing to push
2026-09-29T22:21:00-10:00job:security_camera_frame_grab RUN  bash "/home/rootrecord/RootRecord-Ecosystem/1 - Servers/1 - RootRecord-Pacific-Solar-Server/Security/Cameras/grab_all.sh"
2026-09-29T22:21:15-10:00job:security_camera_frame_grab | 22:21:00  📷  a-eyes  ch1 → ch1-20260930T082100Z.jpg  (359.8 KB, 4.70s)
2026-09-29T22:21:15-10:00job:security_camera_frame_grab | 22:21:05  📷  a-eyes  ch2 → ch2-20260930T082105Z.jpg  (290.2 KB, 4.48s)
2026-09-29T22:21:15-10:00job:security_camera_frame_grab | 22:21:09  📷  a-eyes  ch3 → ch3-20260930T082109Z.jpg  (309.8 KB, 4.47s)
2026-09-29T22:21:15-10:00job:security_camera_frame_grab | 22:21:14  📷  a-eyes  ch4 → ch4-20260930T082114Z.jpg  (12.4 KB, 1.69s)
2026-09-29T22:21:16-10:00ENERGY  status=live  B2=7%  B1=100%  solar=0 W  ac=57 W  usbc=9 W  src=/home/rootrecord/RootRecord-Ecosystem/2 - RootRecord-Database/Energy  LAP=43%/Discharging/batt
2026-09-29T22:21:17-10:00  ▸  SUMMARY=river2pro soc=100% solar=0W ac_out=64W usbc=0W src=api db=ok
2026-09-29T22:21:17-10:00job:sys_stats_cycle RUN  bash "/home/rootrecord/RootRecord-Ecosystem/1 - Servers/1 - RootRecord-Pacific-Solar-Server/System/scripts/sys-sample.sh"
2026-09-29T22:21:17-10:00job:sys_stats_cycle | SYSTEM  cpu=13%  load=1.42  mem=70%  src=sqlite
2026-09-29T22:21:17-10:00job:sys_stats_cycle | OK wrote /home/rootrecord/RootRecord-Ecosystem/2 - RootRecord-Database/System/samples/sys-20260929-222117.json
2026-09-29T22:21:32-10:00job:github_sync_all | ↑ [ecosystem] committed 3 local file(s)
2026-09-29T22:21:32-10:00job:github_sync_all | ↓ [ecosystem] fetching origin/main
2026-09-29T22:21:32-10:00job:github_sync_all | From github.com:RootRecord-Software-Solutions/RootRecord-Ecosystem
2026-09-29T22:21:32-10:00job:github_sync_all | * branch            main       -> FETCH_HEAD
2026-09-29T22:21:32-10:00job:github_sync_all | ↑ [ecosystem] local is ahead of GitHub
2026-09-29T22:21:32-10:00job:github_sync_all | To github.com:RootRecord-Software-Solutions/RootRecord-Ecosystem.git
2026-09-29T22:21:32-10:00job:github_sync_all | abc57a7..cbb1f90  HEAD -> main
2026-09-29T22:21:32-10:00job:github_sync_all | branch 'main' set up to track 'origin/main'.
2026-09-29T22:21:32-10:00job:github_sync_all | ↑ [ecosystem] 3 files → RootRecord-Software-Solutions/RootRecord-Ecosystem (main)
2026-09-29T22:21:32-10:00job:github_sync_all | — [skills] no local changes
2026-09-29T22:21:32-10:00job:github_sync_all | ↓ [skills] fetching origin/main
2026-09-29T22:21:32-10:00job:github_sync_all | From github.com:rootrecordsoftwaresolutions/Solar-Pacific-RootRecord-Server
2026-09-29T22:21:32-10:00job:github_sync_all | * branch            main       -> FETCH_HEAD
2026-09-29T22:21:32-10:00job:github_sync_all | — [skills] local and GitHub already match
2026-09-29T22:21:32-10:00job:github_sync_all | — [skills] nothing to push
2026-09-29T22:21:32-10:00job:worklog_scan RUN  bash "/home/rootrecord/RootRecord-Ecosystem/1 - Servers/1 - RootRecord-Pacific-Solar-Server/Reports/scripts/worklog_once.sh"
2026-09-29T22:21:36-10:00job:worklog_scan | OK wrote/updated /home/rootrecord/RootRecord-Ecosystem/2 - RootRecord-Database/Worklog/worklog_current.md
2026-09-29T22:21:36-10:00job:security_camera_frame_grab RUN  bash "/home/rootrecord/RootRecord-Ecosystem/1 - Servers/1 - RootRecord-Pacific-Solar-Server/Security/Cameras/grab_all.sh"
2026-09-29T22:21:52-10:00job:security_camera_frame_grab | 22:21:37  📷  a-eyes  ch1 → ch1-20260930T082137Z.jpg  (358.3 KB, 4.50s)
2026-09-29T22:21:52-10:00job:security_camera_frame_grab | 22:21:41  📷  a-eyes  ch2 → ch2-20260930T082141Z.jpg  (316.0 KB, 4.39s)
2026-09-29T22:21:52-10:00job:security_camera_frame_grab | 22:21:45  📷  a-eyes  ch3 → ch3-20260930T082145Z.jpg  (310.7 KB, 4.37s)
2026-09-29T22:21:52-10:00job:security_camera_frame_grab | 22:21:50  📷  a-eyes  ch4 → ch4-20260930T082150Z.jpg  (12.5 KB, 1.68s)
2026-09-29T22:21:53-10:00  ▸  SUMMARY=delta2 soc=7% solar=0W ac_out=57W usbc=9W src=api db=ok
2026-09-29T22:21:53-10:00job:sys_stats_cycle RUN  bash "/home/rootrecord/RootRecord-Ecosystem/1 - Servers/1 - RootRecord-Pacific-Solar-Server/System/scripts/sys-sample.sh"
2026-09-29T22:21:53-10:00job:sys_stats_cycle | SYSTEM  cpu=13%  load=1.23  mem=70%  src=sqlite
2026-09-29T22:21:53-10:00job:sys_stats_cycle | OK wrote /home/rootrecord/RootRecord-Ecosystem/2 - RootRecord-Database/System/samples/sys-20260929-222153.json
2026-09-29T22:22:06-10:00job:github_sync_all | — [ecosystem] no committable local changes
2026-09-29T22:22:06-10:00job:github_sync_all | ↓ [ecosystem] fetching origin/main
2026-09-29T22:22:06-10:00job:github_sync_all | From github.com:RootRecord-Software-Solutions/RootRecord-Ecosystem
2026-09-29T22:22:06-10:00job:github_sync_all | * branch            main       -> FETCH_HEAD
2026-09-29T22:22:06-10:00job:github_sync_all | — [ecosystem] local and GitHub already match
2026-09-29T22:22:06-10:00job:github_sync_all | — [ecosystem] nothing to push
2026-09-29T22:22:06-10:00job:github_sync_all | — [skills] no local changes
2026-09-29T22:22:06-10:00job:github_sync_all | ↓ [skills] fetching origin/main
2026-09-29T22:22:06-10:00job:github_sync_all | From github.com:rootrecordsoftwaresolutions/Solar-Pacific-RootRecord-Server
2026-09-29T22:22:06-10:00job:github_sync_all | * branch            main       -> FETCH_HEAD
2026-09-29T22:22:06-10:00job:github_sync_all | — [skills] local and GitHub already match
2026-09-29T22:22:06-10:00job:github_sync_all | — [skills] nothing to push
2026-09-29T22:22:06-10:00job:security_camera_frame_grab RUN  bash "/home/rootrecord/RootRecord-Ecosystem/1 - Servers/1 - RootRecord-Pacific-Solar-Server/Security/Cameras/grab_all.sh"
2026-09-29T22:22:21-10:00job:security_camera_frame_grab | 22:22:06  📷  a-eyes  ch1 → ch1-20260930T082206Z.jpg  (358.4 KB, 4.44s)
2026-09-29T22:22:21-10:00job:security_camera_frame_grab | 22:22:10  📷  a-eyes  ch2 → ch2-20260930T082210Z.jpg  (300.5 KB, 4.33s)
2026-09-29T22:22:21-10:00job:security_camera_frame_grab | 22:22:15  📷  a-eyes  ch3 → ch3-20260930T082215Z.jpg  (311.1 KB, 4.38s)
2026-09-29T22:22:21-10:00job:security_camera_frame_grab | 22:22:19  📷  a-eyes  ch4 → ch4-20260930T082219Z.jpg  (12.5 KB, 1.58s)
2026-09-29T22:22:21-10:00ENERGY  status=live  B2=7%  B1=100%  solar=0 W  ac=57 W  usbc=9 W  src=/home/rootrecord/RootRecord-Ecosystem/2 - RootRecord-Database/Energy  LAP=43%/Discharging/batt
2026-09-29T22:22:22-10:00  ▸  SUMMARY=delta2 soc=7% solar=0W ac_out=57W usbc=9W src=api db=ok
2026-09-29T22:22:22-10:00job:sys_stats_cycle RUN  bash "/home/rootrecord/RootRecord-Ecosystem/1 - Servers/1 - RootRecord-Pacific-Solar-Server/System/scripts/sys-sample.sh"
2026-09-29T22:22:23-10:00job:sys_stats_cycle | SYSTEM  cpu=15%  load=1.12  mem=71%  src=sqlite
2026-09-29T22:22:23-10:00job:sys_stats_cycle | OK wrote /home/rootrecord/RootRecord-Ecosystem/2 - RootRecord-Database/System/samples/sys-20260929-222223.json
2026-09-29T22:22:37-10:00job:github_sync_all | ↑ [ecosystem] committed 1 local file(s)
2026-09-29T22:22:37-10:00job:github_sync_all | ↓ [ecosystem] fetching origin/main
2026-09-29T22:22:37-10:00job:github_sync_all | From github.com:RootRecord-Software-Solutions/RootRecord-Ecosystem
2026-09-29T22:22:37-10:00job:github_sync_all | * branch            main       -> FETCH_HEAD
2026-09-29T22:22:37-10:00job:github_sync_all | ↑ [ecosystem] local is ahead of GitHub
2026-09-29T22:22:37-10:00job:github_sync_all | To github.com:RootRecord-Software-Solutions/RootRecord-Ecosystem.git
2026-09-29T22:22:37-10:00job:github_sync_all | cbb1f90..aeacd65  HEAD -> main
2026-09-29T22:22:37-10:00job:github_sync_all | branch 'main' set up to track 'origin/main'.
2026-09-29T22:22:37-10:00job:github_sync_all | ↑ [ecosystem] 1 files → RootRecord-Software-Solutions/RootRecord-Ecosystem (main)
2026-09-29T22:22:37-10:00job:github_sync_all | — [skills] no local changes
2026-09-29T22:22:37-10:00job:github_sync_all | ↓ [skills] fetching origin/main
2026-09-29T22:22:37-10:00job:github_sync_all | From github.com:rootrecordsoftwaresolutions/Solar-Pacific-RootRecord-Server
2026-09-29T22:22:37-10:00job:github_sync_all | * branch            main       -> FETCH_HEAD
2026-09-29T22:22:37-10:00job:github_sync_all | — [skills] local and GitHub already match
2026-09-29T22:22:37-10:00job:github_sync_all | — [skills] nothing to push
2026-09-29T22:22:37-10:00job:security_camera_frame_grab RUN  bash "/home/rootrecord/RootRecord-Ecosystem/1 - Servers/1 - RootRecord-Pacific-Solar-Server/Security/Cameras/grab_all.sh"
2026-09-29T22:22:52-10:00job:security_camera_frame_grab | 22:22:37  📷  a-eyes  ch1 → ch1-20260930T082237Z.jpg  (358.2 KB, 4.43s)
2026-09-29T22:22:52-10:00job:security_camera_frame_grab | 22:22:42  📷  a-eyes  ch2 → ch2-20260930T082242Z.jpg  (318.6 KB, 4.39s)
2026-09-29T22:22:52-10:00job:security_camera_frame_grab | 22:22:46  📷  a-eyes  ch3 → ch3-20260930T082246Z.jpg  (310.5 KB, 4.45s)
2026-09-29T22:22:52-10:00job:security_camera_frame_grab | 22:22:51  📷  a-eyes  ch4 → ch4-20260930T082251Z.jpg  (12.6 KB, 1.57s)
2026-09-29T22:22:54-10:00  ▸  SUMMARY=delta2 soc=7% solar=0W ac_out=57W usbc=9W src=api db=ok
2026-09-29T22:22:54-10:00job:sys_stats_cycle RUN  bash "/home/rootrecord/RootRecord-Ecosystem/1 - Servers/1 - RootRecord-Pacific-Solar-Server/System/scripts/sys-sample.sh"
2026-09-29T22:22:54-10:00job:sys_stats_cycle | SYSTEM  cpu=12%  load=1.12  mem=70%  src=sqlite
2026-09-29T22:22:54-10:00job:sys_stats_cycle | OK wrote /home/rootrecord/RootRecord-Ecosystem/2 - RootRecord-Database/System/samples/sys-20260929-222254.json
2026-09-29T22:23:10-10:00job:github_sync_all | ↑ [ecosystem] committed 1 local file(s)
2026-09-29T22:23:10-10:00job:github_sync_all | ↓ [ecosystem] fetching origin/main
2026-09-29T22:23:10-10:00job:github_sync_all | From github.com:RootRecord-Software-Solutions/RootRecord-Ecosystem
2026-09-29T22:23:10-10:00job:github_sync_all | * branch            main       -> FETCH_HEAD
2026-09-29T22:23:10-10:00job:github_sync_all | ↑ [ecosystem] local is ahead of GitHub
2026-09-29T22:23:10-10:00job:github_sync_all | To github.com:RootRecord-Software-Solutions/RootRecord-Ecosystem.git
2026-09-29T22:23:10-10:00job:github_sync_all | aeacd65..73a9b0a  HEAD -> main
2026-09-29T22:23:10-10:00job:github_sync_all | branch 'main' set up to track 'origin/main'.
2026-09-29T22:23:10-10:00job:github_sync_all | ↑ [ecosystem] 1 files → RootRecord-Software-Solutions/RootRecord-Ecosystem (main)
2026-09-29T22:23:10-10:00job:github_sync_all | — [skills] no local changes
2026-09-29T22:23:10-10:00job:github_sync_all | ↓ [skills] fetching origin/main
2026-09-29T22:23:10-10:00job:github_sync_all | From github.com:rootrecordsoftwaresolutions/Solar-Pacific-RootRecord-Server
2026-09-29T22:23:10-10:00job:github_sync_all | * branch            main       -> FETCH_HEAD
2026-09-29T22:23:10-10:00job:github_sync_all | — [skills] local and GitHub already match
2026-09-29T22:23:10-10:00job:github_sync_all | — [skills] nothing to push
2026-09-29T22:23:10-10:00job:worklog_scan RUN  bash "/home/rootrecord/RootRecord-Ecosystem/1 - Servers/1 - RootRecord-Pacific-Solar-Server/Reports/scripts/worklog_once.sh"
2026-09-29T22:23:13-10:00job:worklog_scan | OK wrote/updated /home/rootrecord/RootRecord-Ecosystem/2 - RootRecord-Database/Worklog/worklog_current.md
2026-09-29T22:23:13-10:00job:security_camera_frame_grab RUN  bash "/home/rootrecord/RootRecord-Ecosystem/1 - Servers/1 - RootRecord-Pacific-Solar-Server/Security/Cameras/grab_all.sh"
2026-09-29T22:23:28-10:00job:security_camera_frame_grab | 22:23:13  📷  a-eyes  ch1 → ch1-20260930T082313Z.jpg  (358.1 KB, 4.40s)
2026-09-29T22:23:28-10:00job:security_camera_frame_grab | 22:23:18  📷  a-eyes  ch2 → ch2-20260930T082318Z.jpg  (319.3 KB, 4.67s)
2026-09-29T22:23:28-10:00job:security_camera_frame_grab | 22:23:22  📷  a-eyes  ch3 → ch3-20260930T082322Z.jpg  (311.2 KB, 4.40s)
2026-09-29T22:23:28-10:00job:security_camera_frame_grab | 22:23:27  📷  a-eyes  ch4 → ch4-20260930T082327Z.jpg  (12.6 KB, 1.60s)
2026-09-29T22:23:29-10:00ENERGY  status=live  B2=7%  B1=100%  solar=0 W  ac=57 W  usbc=9 W  src=/home/rootrecord/RootRecord-Ecosystem/2 - RootRecord-Database/Energy  LAP=42%/Discharging/batt
2026-09-29T22:23:30-10:00  ▸  SUMMARY=river2pro soc=100% solar=0W ac_out=64W usbc=0W src=api db=ok
2026-09-29T22:23:30-10:00job:sys_stats_cycle RUN  bash "/home/rootrecord/RootRecord-Ecosystem/1 - Servers/1 - RootRecord-Pacific-Solar-Server/System/scripts/sys-sample.sh"
2026-09-29T22:23:30-10:00job:sys_stats_cycle | SYSTEM  cpu=16%  load=1.22  mem=71%  src=sqlite
2026-09-29T22:23:30-10:00job:sys_stats_cycle | OK wrote /home/rootrecord/RootRecord-Ecosystem/2 - RootRecord-Database/System/samples/sys-20260929-222330.json
2026-09-29T22:23:42-10:00job:github_sync_all | — [ecosystem] no committable local changes
2026-09-29T22:23:42-10:00job:github_sync_all | ↓ [ecosystem] fetching origin/main
2026-09-29T22:23:42-10:00job:github_sync_all | From github.com:RootRecord-Software-Solutions/RootRecord-Ecosystem
2026-09-29T22:23:42-10:00job:github_sync_all | * branch            main       -> FETCH_HEAD
2026-09-29T22:23:42-10:00job:github_sync_all | — [ecosystem] local and GitHub already match
2026-09-29T22:23:42-10:00job:github_sync_all | — [ecosystem] nothing to push
2026-09-29T22:23:42-10:00job:github_sync_all | — [skills] no local changes
2026-09-29T22:23:42-10:00job:github_sync_all | ↓ [skills] fetching origin/main
2026-09-29T22:23:42-10:00job:github_sync_all | From github.com:rootrecordsoftwaresolutions/Solar-Pacific-RootRecord-Server
2026-09-29T22:23:42-10:00job:github_sync_all | * branch            main       -> FETCH_HEAD
2026-09-29T22:23:42-10:00job:github_sync_all | — [skills] local and GitHub already match
2026-09-29T22:23:42-10:00job:github_sync_all | — [skills] nothing to push
2026-09-29T22:23:42-10:00job:security_camera_frame_grab RUN  bash "/home/rootrecord/RootRecord-Ecosystem/1 - Servers/1 - RootRecord-Pacific-Solar-Server/Security/Cameras/grab_all.sh"
2026-09-29T22:23:57-10:00job:security_camera_frame_grab | 22:23:42  📷  a-eyes  ch1 → ch1-20260930T082342Z.jpg  (358.3 KB, 4.41s)
2026-09-29T22:23:57-10:00job:security_camera_frame_grab | 22:23:47  📷  a-eyes  ch2 → ch2-20260930T082347Z.jpg  (320.8 KB, 4.37s)
2026-09-29T22:23:57-10:00job:security_camera_frame_grab | 22:23:51  📷  a-eyes  ch3 → ch3-20260930T082351Z.jpg  (309.0 KB, 4.42s)
2026-09-29T22:23:57-10:00job:security_camera_frame_grab | 22:23:56  📷  a-eyes  ch4 → ch4-20260930T082356Z.jpg  (12.6 KB, 1.63s)
2026-09-29T22:23:58-10:00  ▸  SUMMARY=river2pro soc=100% solar=0W ac_out=64W usbc=0W src=api db=ok
2026-09-29T22:23:58-10:00job:sys_stats_cycle RUN  bash "/home/rootrecord/RootRecord-Ecosystem/1 - Servers/1 - RootRecord-Pacific-Solar-Server/System/scripts/sys-sample.sh"
2026-09-29T22:23:59-10:00job:sys_stats_cycle | SYSTEM  cpu=7%  load=1.46  mem=71%  src=sqlite
2026-09-29T22:23:59-10:00job:sys_stats_cycle | OK wrote /home/rootrecord/RootRecord-Ecosystem/2 - RootRecord-Database/System/samples/sys-20260929-222359.json
2026-09-29T22:24:10-10:00job:github_sync_all | — [ecosystem] no committable local changes
2026-09-29T22:24:10-10:00job:github_sync_all | ↓ [ecosystem] fetching origin/main
2026-09-29T22:24:10-10:00job:github_sync_all | From github.com:RootRecord-Software-Solutions/RootRecord-Ecosystem
2026-09-29T22:24:10-10:00job:github_sync_all | * branch            main       -> FETCH_HEAD
2026-09-29T22:24:10-10:00job:github_sync_all | — [ecosystem] local and GitHub already match
2026-09-29T22:24:10-10:00job:github_sync_all | — [ecosystem] nothing to push
2026-09-29T22:24:10-10:00job:github_sync_all | — [skills] no local changes
2026-09-29T22:24:10-10:00job:github_sync_all | ↓ [skills] fetching origin/main
2026-09-29T22:24:10-10:00job:github_sync_all | From github.com:rootrecordsoftwaresolutions/Solar-Pacific-RootRecord-Server
2026-09-29T22:24:10-10:00job:github_sync_all | * branch            main       -> FETCH_HEAD
2026-09-29T22:24:10-10:00job:github_sync_all | — [skills] local and GitHub already match
2026-09-29T22:24:10-10:00job:github_sync_all | — [skills] nothing to push
2026-09-29T22:24:10-10:00job:security_camera_frame_grab RUN  bash "/home/rootrecord/RootRecord-Ecosystem/1 - Servers/1 - RootRecord-Pacific-Solar-Server/Security/Cameras/grab_all.sh"
2026-09-29T22:24:25-10:00job:security_camera_frame_grab | 22:24:10  📷  a-eyes  ch1 → ch1-20260930T082410Z.jpg  (357.6 KB, 4.29s)
2026-09-29T22:24:25-10:00job:security_camera_frame_grab | 22:24:15  📷  a-eyes  ch2 → ch2-20260930T082415Z.jpg  (319.6 KB, 4.30s)
2026-09-29T22:24:25-10:00job:security_camera_frame_grab | 22:24:19  📷  a-eyes  ch3 → ch3-20260930T082419Z.jpg  (307.2 KB, 4.49s)
2026-09-29T22:24:25-10:00job:security_camera_frame_grab | 22:24:24  📷  a-eyes  ch4 → ch4-20260930T082424Z.jpg  (12.5 KB, 1.68s)
2026-09-29T22:24:25-10:00job:service_supervisor RUN  bash "/home/rootrecord/RootRecord-Ecosystem/1 - Servers/1 - RootRecord-Pacific-Solar-Server/Automations/scripts/supervise-services.sh"
2026-09-29T22:24:26-10:00job:service_supervisor | [supervisor] weather alive pid=1378124 (act)
2026-09-29T22:24:26-10:00job:service_supervisor | [supervisor] relay alive pid=743759 (act)
2026-09-29T22:24:27-10:00  ▸  SUMMARY=river2pro soc=100% solar=0W ac_out=64W usbc=0W src=api db=ok
2026-09-29T22:24:27-10:00job:sys_stats_cycle RUN  bash "/home/rootrecord/RootRecord-Ecosystem/1 - Servers/1 - RootRecord-Pacific-Solar-Server/System/scripts/sys-sample.sh"
2026-09-29T22:24:27-10:00job:sys_stats_cycle | SYSTEM  cpu=8%  load=1.38  mem=71%  src=sqlite
2026-09-29T22:24:27-10:00job:sys_stats_cycle | OK wrote /home/rootrecord/RootRecord-Ecosystem/2 - RootRecord-Database/System/samples/sys-20260929-222427.json
2026-09-29T22:24:43-10:00job:github_sync_all | ↑ [ecosystem] committed 3 local file(s)
2026-09-29T22:24:43-10:00job:github_sync_all | ↓ [ecosystem] fetching origin/main
2026-09-29T22:24:43-10:00job:github_sync_all | From github.com:RootRecord-Software-Solutions/RootRecord-Ecosystem
2026-09-29T22:24:43-10:00job:github_sync_all | * branch            main       -> FETCH_HEAD
2026-09-29T22:24:43-10:00job:github_sync_all | ↑ [ecosystem] local is ahead of GitHub
2026-09-29T22:24:43-10:00job:github_sync_all | To github.com:RootRecord-Software-Solutions/RootRecord-Ecosystem.git
2026-09-29T22:24:43-10:00job:github_sync_all | 73a9b0a..23b7b50  HEAD -> main
2026-09-29T22:24:43-10:00job:github_sync_all | branch 'main' set up to track 'origin/main'.
2026-09-29T22:24:43-10:00job:github_sync_all | ↑ [ecosystem] 3 files → RootRecord-Software-Solutions/RootRecord-Ecosystem (main)
2026-09-29T22:24:43-10:00job:github_sync_all | — [skills] no local changes
2026-09-29T22:24:43-10:00job:github_sync_all | ↓ [skills] fetching origin/main
2026-09-29T22:24:43-10:00job:github_sync_all | From github.com:rootrecordsoftwaresolutions/Solar-Pacific-RootRecord-Server
2026-09-29T22:24:43-10:00job:github_sync_all | * branch            main       -> FETCH_HEAD
2026-09-29T22:24:43-10:00job:github_sync_all | — [skills] local and GitHub already match
2026-09-29T22:24:43-10:00job:github_sync_all | — [skills] nothing to push
2026-09-29T22:24:43-10:00job:worklog_scan RUN  bash "/home/rootrecord/RootRecord-Ecosystem/1 - Servers/1 - RootRecord-Pacific-Solar-Server/Reports/scripts/worklog_once.sh"
2026-09-29T22:24:46-10:00job:worklog_scan | OK wrote/updated /home/rootrecord/RootRecord-Ecosystem/2 - RootRecord-Database/Worklog/worklog_current.md
2026-09-29T22:24:46-10:00job:security_camera_frame_grab RUN  bash "/home/rootrecord/RootRecord-Ecosystem/1 - Servers/1 - RootRecord-Pacific-Solar-Server/Security/Cameras/grab_all.sh"
2026-09-29T22:25:01-10:00job:security_camera_frame_grab | 22:24:46  📷  a-eyes  ch1 → ch1-20260930T082446Z.jpg  (357.9 KB, 4.34s)
2026-09-29T22:25:01-10:00job:security_camera_frame_grab | 22:24:50  📷  a-eyes  ch2 → ch2-20260930T082450Z.jpg  (317.9 KB, 4.44s)
2026-09-29T22:25:01-10:00job:security_camera_frame_grab | 22:24:55  📷  a-eyes  ch3 → ch3-20260930T082455Z.jpg  (311.9 KB, 4.41s)
2026-09-29T22:25:01-10:00job:security_camera_frame_grab | 22:24:59  📷  a-eyes  ch4 → ch4-20260930T082459Z.jpg  (12.5 KB, 1.66s)
2026-09-29T22:25:01-10:00ENERGY  status=live  B2=7%  B1=100%  solar=0 W  ac=57 W  usbc=9 W  src=/home/rootrecord/RootRecord-Ecosystem/2 - RootRecord-Database/Energy  LAP=42%/Discharging/batt
2026-09-29T22:25:03-10:00  ▸  SUMMARY=delta2 soc=7% solar=0W ac_out=57W usbc=9W src=api db=ok
2026-09-29T22:25:03-10:00job:sys_stats_cycle RUN  bash "/home/rootrecord/RootRecord-Ecosystem/1 - Servers/1 - RootRecord-Pacific-Solar-Server/System/scripts/sys-sample.sh"
2026-09-29T22:25:03-10:00job:sys_stats_cycle | SYSTEM  cpu=10%  load=1.60  mem=71%  src=sqlite
2026-09-29T22:25:03-10:00job:sys_stats_cycle | OK wrote /home/rootrecord/RootRecord-Ecosystem/2 - RootRecord-Database/System/samples/sys-20260929-222503.json
2026-09-29T22:25:15-10:00job:github_sync_all | — [ecosystem] no committable local changes
2026-09-29T22:25:15-10:00job:github_sync_all | ↓ [ecosystem] fetching origin/main
2026-09-29T22:25:15-10:00job:github_sync_all | From github.com:RootRecord-Software-Solutions/RootRecord-Ecosystem
2026-09-29T22:25:15-10:00job:github_sync_all | * branch            main       -> FETCH_HEAD
2026-09-29T22:25:15-10:00job:github_sync_all | — [ecosystem] local and GitHub already match
2026-09-29T22:25:15-10:00job:github_sync_all | — [ecosystem] nothing to push
2026-09-29T22:25:15-10:00job:github_sync_all | — [skills] no local changes
2026-09-29T22:25:15-10:00job:github_sync_all | ↓ [skills] fetching origin/main
2026-09-29T22:25:15-10:00job:github_sync_all | From github.com:rootrecordsoftwaresolutions/Solar-Pacific-RootRecord-Server
2026-09-29T22:25:15-10:00job:github_sync_all | * branch            main       -> FETCH_HEAD
2026-09-29T22:25:15-10:00job:github_sync_all | — [skills] local and GitHub already match
2026-09-29T22:25:15-10:00job:github_sync_all | — [skills] nothing to push
2026-09-29T22:25:15-10:00job:security_camera_frame_grab RUN  bash "/home/rootrecord/RootRecord-Ecosystem/1 - Servers/1 - RootRecord-Pacific-Solar-Server/Security/Cameras/grab_all.sh"
2026-09-29T22:25:31-10:00job:security_camera_frame_grab | 22:25:16  📷  a-eyes  ch1 → ch1-20260930T082516Z.jpg  (357.4 KB, 4.72s)
2026-09-29T22:25:31-10:00job:security_camera_frame_grab | 22:25:20  📷  a-eyes  ch2 → ch2-20260930T082520Z.jpg  (319.0 KB, 4.67s)
2026-09-29T22:25:31-10:00job:security_camera_frame_grab | 22:25:25  📷  a-eyes  ch3 → ch3-20260930T082525Z.jpg  (313.0 KB, 4.38s)
2026-09-29T22:25:31-10:00job:security_camera_frame_grab | 22:25:29  📷  a-eyes  ch4 → ch4-20260930T082529Z.jpg  (12.6 KB, 1.58s)
2026-09-29T22:25:32-10:00  ▸  SUMMARY=delta2 soc=7% solar=0W ac_out=57W usbc=9W src=api db=ok
2026-09-29T22:25:32-10:00job:sys_stats_cycle RUN  bash "/home/rootrecord/RootRecord-Ecosystem/1 - Servers/1 - RootRecord-Pacific-Solar-Server/System/scripts/sys-sample.sh"
2026-09-29T22:25:33-10:00job:sys_stats_cycle | SYSTEM  cpu=12%  load=2.11  mem=70%  src=sqlite
2026-09-29T22:25:33-10:00job:sys_stats_cycle | OK wrote /home/rootrecord/RootRecord-Ecosystem/2 - RootRecord-Database/System/samples/sys-20260929-222533.json
2026-09-29T22:25:46-10:00job:github_sync_all | — [ecosystem] no committable local changes
2026-09-29T22:25:46-10:00job:github_sync_all | ↓ [ecosystem] fetching origin/main
2026-09-29T22:25:46-10:00job:github_sync_all | From github.com:RootRecord-Software-Solutions/RootRecord-Ecosystem
2026-09-29T22:25:46-10:00job:github_sync_all | * branch            main       -> FETCH_HEAD
2026-09-29T22:25:46-10:00job:github_sync_all | — [ecosystem] local and GitHub already match
2026-09-29T22:25:46-10:00job:github_sync_all | — [ecosystem] nothing to push
2026-09-29T22:25:46-10:00job:github_sync_all | — [skills] no local changes
2026-09-29T22:25:46-10:00job:github_sync_all | ↓ [skills] fetching origin/main
2026-09-29T22:25:46-10:00job:github_sync_all | From github.com:rootrecordsoftwaresolutions/Solar-Pacific-RootRecord-Server
2026-09-29T22:25:46-10:00job:github_sync_all | * branch            main       -> FETCH_HEAD
2026-09-29T22:25:46-10:00job:github_sync_all | — [skills] local and GitHub already match
2026-09-29T22:25:46-10:00job:github_sync_all | — [skills] nothing to push
2026-09-29T22:25:46-10:00job:security_camera_frame_grab RUN  bash "/home/rootrecord/RootRecord-Ecosystem/1 - Servers/1 - RootRecord-Pacific-Solar-Server/Security/Cameras/grab_all.sh"
2026-09-29T22:26:00-10:00job:security_camera_frame_grab | 22:25:46  📷  a-eyes  ch1 → ch1-20260930T082546Z.jpg  (357.8 KB, 4.34s)
2026-09-29T22:26:00-10:00job:security_camera_frame_grab | 22:25:50  📷  a-eyes  ch2 → ch2-20260930T082550Z.jpg  (327.6 KB, 4.32s)
2026-09-29T22:26:00-10:00job:security_camera_frame_grab | 22:25:54  📷  a-eyes  ch3 → ch3-20260930T082554Z.jpg  (312.7 KB, 4.31s)
2026-09-29T22:26:00-10:00job:security_camera_frame_grab | 22:25:59  📷  a-eyes  ch4 → ch4-20260930T082559Z.jpg  (12.6 KB, 1.64s)
2026-09-29T22:26:02-10:00  ▸  SUMMARY=delta2 soc=7% solar=0W ac_out=57W usbc=9W src=api db=ok
2026-09-29T22:26:02-10:00job:sys_stats_cycle RUN  bash "/home/rootrecord/RootRecord-Ecosystem/1 - Servers/1 - RootRecord-Pacific-Solar-Server/System/scripts/sys-sample.sh"
2026-09-29T22:26:03-10:00job:sys_stats_cycle | SYSTEM  cpu=11%  load=1.92  mem=71%  src=sqlite
2026-09-29T22:26:03-10:00job:sys_stats_cycle | OK wrote /home/rootrecord/RootRecord-Ecosystem/2 - RootRecord-Database/System/samples/sys-20260929-222602.json
2026-09-29T22:26:17-10:00job:github_sync_all | ↑ [ecosystem] committed 3 local file(s)
2026-09-29T22:26:17-10:00job:github_sync_all | ↓ [ecosystem] fetching origin/main
2026-09-29T22:26:17-10:00job:github_sync_all | From github.com:RootRecord-Software-Solutions/RootRecord-Ecosystem
2026-09-29T22:26:17-10:00job:github_sync_all | * branch            main       -> FETCH_HEAD
2026-09-29T22:26:17-10:00job:github_sync_all | ↑ [ecosystem] local is ahead of GitHub
2026-09-29T22:26:17-10:00job:github_sync_all | To github.com:RootRecord-Software-Solutions/RootRecord-Ecosystem.git
2026-09-29T22:26:17-10:00job:github_sync_all | 23b7b50..a75ba24  HEAD -> main
2026-09-29T22:26:17-10:00job:github_sync_all | branch 'main' set up to track 'origin/main'.
2026-09-29T22:26:17-10:00job:github_sync_all | ↑ [ecosystem] 3 files → RootRecord-Software-Solutions/RootRecord-Ecosystem (main)
2026-09-29T22:26:17-10:00job:github_sync_all | — [skills] no local changes
2026-09-29T22:26:17-10:00job:github_sync_all | ↓ [skills] fetching origin/main
2026-09-29T22:26:17-10:00job:github_sync_all | From github.com:rootrecordsoftwaresolutions/Solar-Pacific-RootRecord-Server
2026-09-29T22:26:17-10:00job:github_sync_all | * branch            main       -> FETCH_HEAD
2026-09-29T22:26:17-10:00job:github_sync_all | — [skills] local and GitHub already match
2026-09-29T22:26:17-10:00job:github_sync_all | — [skills] nothing to push
2026-09-29T22:26:17-10:00job:worklog_scan RUN  bash "/home/rootrecord/RootRecord-Ecosystem/1 - Servers/1 - RootRecord-Pacific-Solar-Server/Reports/scripts/worklog_once.sh"
2026-09-29T22:26:19-10:00job:worklog_scan | OK wrote/updated /home/rootrecord/RootRecord-Ecosystem/2 - RootRecord-Database/Worklog/worklog_current.md
2026-09-29T22:26:19-10:00job:security_camera_frame_grab RUN  bash "/home/rootrecord/RootRecord-Ecosystem/1 - Servers/1 - RootRecord-Pacific-Solar-Server/Security/Cameras/grab_all.sh"
2026-09-29T22:26:34-10:00job:security_camera_frame_grab | 22:26:19  📷  a-eyes  ch1 → ch1-20260930T082619Z.jpg  (357.0 KB, 4.37s)
2026-09-29T22:26:34-10:00job:security_camera_frame_grab | 22:26:24  📷  a-eyes  ch2 → ch2-20260930T082624Z.jpg  (318.9 KB, 4.48s)
2026-09-29T22:26:34-10:00job:security_camera_frame_grab | 22:26:28  📷  a-eyes  ch3 → ch3-20260930T082628Z.jpg  (312.9 KB, 4.42s)
2026-09-29T22:26:34-10:00job:security_camera_frame_grab | 22:26:33  📷  a-eyes  ch4 → ch4-20260930T082633Z.jpg  (12.6 KB, 1.49s)
2026-09-29T22:26:34-10:00ENERGY  status=live  B2=7%  B1=100%  solar=0 W  ac=57 W  usbc=9 W  src=/home/rootrecord/RootRecord-Ecosystem/2 - RootRecord-Database/Energy  LAP=41%/Discharging/batt
2026-09-29T22:26:35-10:00  ▸  SUMMARY=river2pro soc=100% solar=0W ac_out=64W usbc=0W src=api db=ok
2026-09-29T22:26:35-10:00job:sys_stats_cycle RUN  bash "/home/rootrecord/RootRecord-Ecosystem/1 - Servers/1 - RootRecord-Pacific-Solar-Server/System/scripts/sys-sample.sh"
2026-09-29T22:26:36-10:00job:sys_stats_cycle | SYSTEM  cpu=7%  load=1.90  mem=72%  src=sqlite
2026-09-29T22:26:36-10:00job:sys_stats_cycle | OK wrote /home/rootrecord/RootRecord-Ecosystem/2 - RootRecord-Database/System/samples/sys-20260929-222636.json
2026-09-29T22:26:48-10:00job:github_sync_all | — [ecosystem] no committable local changes
2026-09-29T22:26:48-10:00job:github_sync_all | ↓ [ecosystem] fetching origin/main
2026-09-29T22:26:48-10:00job:github_sync_all | From github.com:RootRecord-Software-Solutions/RootRecord-Ecosystem
2026-09-29T22:26:48-10:00job:github_sync_all | * branch            main       -> FETCH_HEAD
2026-09-29T22:26:48-10:00job:github_sync_all | — [ecosystem] local and GitHub already match
2026-09-29T22:26:48-10:00job:github_sync_all | — [ecosystem] nothing to push
2026-09-29T22:26:48-10:00job:github_sync_all | — [skills] no local changes
2026-09-29T22:26:48-10:00job:github_sync_all | ↓ [skills] fetching origin/main
2026-09-29T22:26:48-10:00job:github_sync_all | From github.com:rootrecordsoftwaresolutions/Solar-Pacific-RootRecord-Server
2026-09-29T22:26:48-10:00job:github_sync_all | * branch            main       -> FETCH_HEAD
2026-09-29T22:26:48-10:00job:github_sync_all | — [skills] local and GitHub already match
2026-09-29T22:26:48-10:00job:github_sync_all | — [skills] nothing to push
2026-09-29T22:26:48-10:00job:security_camera_frame_grab RUN  bash "/home/rootrecord/RootRecord-Ecosystem/1 - Servers/1 - RootRecord-Pacific-Solar-Server/Security/Cameras/grab_all.sh"
2026-09-29T22:27:03-10:00job:security_camera_frame_grab | 22:26:48  📷  a-eyes  ch1 → ch1-20260930T082648Z.jpg  (357.6 KB, 4.58s)
2026-09-29T22:27:03-10:00job:security_camera_frame_grab | 22:26:53  📷  a-eyes  ch2 → ch2-20260930T082653Z.jpg  (319.8 KB, 4.48s)
2026-09-29T22:27:03-10:00job:security_camera_frame_grab | 22:26:57  📷  a-eyes  ch3 → ch3-20260930T082657Z.jpg  (311.6 KB, 4.50s)
2026-09-29T22:27:03-10:00job:security_camera_frame_grab | 22:27:02  📷  a-eyes  ch4 → ch4-20260930T082702Z.jpg  (12.5 KB, 1.77s)
2026-09-29T22:27:05-10:00  ▸  SUMMARY=delta2 soc=7% solar=0W ac_out=57W usbc=9W src=api db=ok
2026-09-29T22:27:05-10:00job:sys_stats_cycle RUN  bash "/home/rootrecord/RootRecord-Ecosystem/1 - Servers/1 - RootRecord-Pacific-Solar-Server/System/scripts/sys-sample.sh"
2026-09-29T22:27:06-10:00job:sys_stats_cycle | SYSTEM  cpu=4%  load=1.76  mem=72%  src=sqlite
2026-09-29T22:27:06-10:00job:sys_stats_cycle | OK wrote /home/rootrecord/RootRecord-Ecosystem/2 - RootRecord-Database/System/samples/sys-20260929-222705.json
2026-09-29T22:27:22-10:00job:github_sync_all | ↑ [ecosystem] committed 1 local file(s)
2026-09-29T22:27:22-10:00job:github_sync_all | ↓ [ecosystem] fetching origin/main
2026-09-29T22:27:22-10:00job:github_sync_all | From github.com:RootRecord-Software-Solutions/RootRecord-Ecosystem
2026-09-29T22:27:22-10:00job:github_sync_all | * branch            main       -> FETCH_HEAD
2026-09-29T22:27:22-10:00job:github_sync_all | ↑ [ecosystem] local is ahead of GitHub
2026-09-29T22:27:22-10:00job:github_sync_all | To github.com:RootRecord-Software-Solutions/RootRecord-Ecosystem.git
2026-09-29T22:27:22-10:00job:github_sync_all | a75ba24..dc08f43  HEAD -> main
2026-09-29T22:27:22-10:00job:github_sync_all | branch 'main' set up to track 'origin/main'.
2026-09-29T22:27:22-10:00job:github_sync_all | ↑ [ecosystem] 1 files → RootRecord-Software-Solutions/RootRecord-Ecosystem (main)
2026-09-29T22:27:22-10:00job:github_sync_all | — [skills] no local changes
2026-09-29T22:27:22-10:00job:github_sync_all | ↓ [skills] fetching origin/main
2026-09-29T22:27:22-10:00job:github_sync_all | From github.com:rootrecordsoftwaresolutions/Solar-Pacific-RootRecord-Server
2026-09-29T22:27:22-10:00job:github_sync_all | * branch            main       -> FETCH_HEAD
2026-09-29T22:27:22-10:00job:github_sync_all | — [skills] local and GitHub already match
2026-09-29T22:27:22-10:00job:github_sync_all | — [skills] nothing to push
2026-09-29T22:27:22-10:00job:security_camera_frame_grab RUN  bash "/home/rootrecord/RootRecord-Ecosystem/1 - Servers/1 - RootRecord-Pacific-Solar-Server/Security/Cameras/grab_all.sh"
2026-09-29T22:27:37-10:00job:security_camera_frame_grab | 22:27:22  📷  a-eyes  ch1 → ch1-20260930T082722Z.jpg  (356.5 KB, 4.43s)
2026-09-29T22:27:37-10:00job:security_camera_frame_grab | 22:27:26  📷  a-eyes  ch2 → ch2-20260930T082726Z.jpg  (320.9 KB, 4.47s)
2026-09-29T22:27:37-10:00job:security_camera_frame_grab | 22:27:31  📷  a-eyes  ch3 → ch3-20260930T082731Z.jpg  (322.3 KB, 4.25s)
2026-09-29T22:27:37-10:00job:security_camera_frame_grab | 22:27:35  📷  a-eyes  ch4 → ch4-20260930T082735Z.jpg  (12.5 KB, 1.49s)
2026-09-29T22:27:37-10:00ENERGY  status=live  B2=7%  B1=100%  solar=0 W  ac=57 W  usbc=9 W  src=/home/rootrecord/RootRecord-Ecosystem/2 - RootRecord-Database/Energy  LAP=41%/Discharging/batt
2026-09-29T22:27:38-10:00  ▸  SUMMARY=river2pro soc=100% solar=0W ac_out=64W usbc=0W src=api db=ok
2026-09-29T22:27:38-10:00job:sys_stats_cycle RUN  bash "/home/rootrecord/RootRecord-Ecosystem/1 - Servers/1 - RootRecord-Pacific-Solar-Server/System/scripts/sys-sample.sh"
2026-09-29T22:27:39-10:00job:sys_stats_cycle | SYSTEM  cpu=42%  load=1.29  mem=70%  src=sqlite
2026-09-29T22:27:39-10:00job:sys_stats_cycle | OK wrote /home/rootrecord/RootRecord-Ecosystem/2 - RootRecord-Database/System/samples/sys-20260929-222738.json
2026-09-29T22:27:50-10:00job:github_sync_all | — [ecosystem] no committable local changes
2026-09-29T22:27:50-10:00job:github_sync_all | ↓ [ecosystem] fetching origin/main
2026-09-29T22:27:50-10:00job:github_sync_all | From github.com:RootRecord-Software-Solutions/RootRecord-Ecosystem
2026-09-29T22:27:50-10:00job:github_sync_all | * branch            main       -> FETCH_HEAD
2026-09-29T22:27:50-10:00job:github_sync_all | — [ecosystem] local and GitHub already match
2026-09-29T22:27:50-10:00job:github_sync_all | — [ecosystem] nothing to push
2026-09-29T22:27:50-10:00job:github_sync_all | — [skills] no local changes
2026-09-29T22:27:50-10:00job:github_sync_all | ↓ [skills] fetching origin/main
2026-09-29T22:27:50-10:00job:github_sync_all | From github.com:rootrecordsoftwaresolutions/Solar-Pacific-RootRecord-Server
2026-09-29T22:27:50-10:00job:github_sync_all | * branch            main       -> FETCH_HEAD
2026-09-29T22:27:50-10:00job:github_sync_all | — [skills] local and GitHub already match
2026-09-29T22:27:50-10:00job:github_sync_all | — [skills] nothing to push
2026-09-29T22:27:50-10:00job:worklog_scan RUN  bash "/home/rootrecord/RootRecord-Ecosystem/1 - Servers/1 - RootRecord-Pacific-Solar-Server/Reports/scripts/worklog_once.sh"
2026-09-29T22:27:52-10:00job:worklog_scan | OK wrote/updated /home/rootrecord/RootRecord-Ecosystem/2 - RootRecord-Database/Worklog/worklog_current.md
2026-09-29T22:27:52-10:00job:security_camera_frame_grab RUN  bash "/home/rootrecord/RootRecord-Ecosystem/1 - Servers/1 - RootRecord-Pacific-Solar-Server/Security/Cameras/grab_all.sh"
2026-09-29T22:28:07-10:00job:security_camera_frame_grab | 22:27:52  📷  a-eyes  ch1 → ch1-20260930T082752Z.jpg  (356.6 KB, 4.38s)
2026-09-29T22:28:07-10:00job:security_camera_frame_grab | 22:27:57  📷  a-eyes  ch2 → ch2-20260930T082757Z.jpg  (320.2 KB, 4.39s)
2026-09-29T22:28:07-10:00job:security_camera_frame_grab | 22:28:01  📷  a-eyes  ch3 → ch3-20260930T082801Z.jpg  (310.8 KB, 4.43s)
2026-09-29T22:28:07-10:00job:security_camera_frame_grab | 22:28:05  📷  a-eyes  ch4 → ch4-20260930T082805Z.jpg  (12.5 KB, 1.57s)
2026-09-29T22:28:08-10:00  ▸  SUMMARY=river2pro soc=100% solar=0W ac_out=64W usbc=0W src=api db=ok
2026-09-29T22:28:08-10:00job:sys_stats_cycle RUN  bash "/home/rootrecord/RootRecord-Ecosystem/1 - Servers/1 - RootRecord-Pacific-Solar-Server/System/scripts/sys-sample.sh"
2026-09-29T22:28:09-10:00job:sys_stats_cycle | SYSTEM  cpu=10%  load=1.52  mem=71%  src=sqlite
2026-09-29T22:28:09-10:00job:sys_stats_cycle | OK wrote /home/rootrecord/RootRecord-Ecosystem/2 - RootRecord-Database/System/samples/sys-20260929-222809.json
2026-09-29T22:28:20-10:00job:github_sync_all | — [ecosystem] no committable local changes
2026-09-29T22:28:20-10:00job:github_sync_all | ↓ [ecosystem] fetching origin/main
2026-09-29T22:28:20-10:00job:github_sync_all | From github.com:RootRecord-Software-Solutions/RootRecord-Ecosystem
2026-09-29T22:28:20-10:00job:github_sync_all | * branch            main       -> FETCH_HEAD
2026-09-29T22:28:20-10:00job:github_sync_all | — [ecosystem] local and GitHub already match
2026-09-29T22:28:20-10:00job:github_sync_all | — [ecosystem] nothing to push
2026-09-29T22:28:20-10:00job:github_sync_all | — [skills] no local changes
2026-09-29T22:28:20-10:00job:github_sync_all | ↓ [skills] fetching origin/main
2026-09-29T22:28:20-10:00job:github_sync_all | From github.com:rootrecordsoftwaresolutions/Solar-Pacific-RootRecord-Server
2026-09-29T22:28:20-10:00job:github_sync_all | * branch            main       -> FETCH_HEAD
2026-09-29T22:28:20-10:00job:github_sync_all | — [skills] local and GitHub already match
2026-09-29T22:28:20-10:00job:github_sync_all | — [skills] nothing to push
2026-09-29T22:28:20-10:00job:security_camera_frame_grab RUN  bash "/home/rootrecord/RootRecord-Ecosystem/1 - Servers/1 - RootRecord-Pacific-Solar-Server/Security/Cameras/grab_all.sh"
2026-09-29T22:28:36-10:00job:security_camera_frame_grab | 22:28:21  📷  a-eyes  ch1 → ch1-20260930T082821Z.jpg  (357.1 KB, 4.42s)
2026-09-29T22:28:36-10:00job:security_camera_frame_grab | 22:28:25  📷  a-eyes  ch2 → ch2-20260930T082825Z.jpg  (321.5 KB, 4.57s)
2026-09-29T22:28:36-10:00job:security_camera_frame_grab | 22:28:30  📷  a-eyes  ch3 → ch3-20260930T082830Z.jpg  (321.1 KB, 4.36s)
2026-09-29T22:28:36-10:00job:security_camera_frame_grab | 22:28:34  📷  a-eyes  ch4 → ch4-20260930T082834Z.jpg  (12.6 KB, 1.50s)
2026-09-29T22:28:37-10:00  ▸  SUMMARY=river2pro soc=100% solar=0W ac_out=64W usbc=0W src=api db=ok
2026-09-29T22:28:37-10:00job:sys_stats_cycle RUN  bash "/home/rootrecord/RootRecord-Ecosystem/1 - Servers/1 - RootRecord-Pacific-Solar-Server/System/scripts/sys-sample.sh"
2026-09-29T22:28:37-10:00job:sys_stats_cycle | SYSTEM  cpu=4%  load=1.05  mem=71%  src=sqlite
2026-09-29T22:28:37-10:00job:sys_stats_cycle | OK wrote /home/rootrecord/RootRecord-Ecosystem/2 - RootRecord-Database/System/samples/sys-20260929-222837.json
2026-09-29T22:28:49-10:00job:github_sync_all | — [ecosystem] no committable local changes
2026-09-29T22:28:49-10:00job:github_sync_all | ↓ [ecosystem] fetching origin/main
2026-09-29T22:28:49-10:00job:github_sync_all | From github.com:RootRecord-Software-Solutions/RootRecord-Ecosystem
2026-09-29T22:28:49-10:00job:github_sync_all | * branch            main       -> FETCH_HEAD
2026-09-29T22:28:49-10:00job:github_sync_all | — [ecosystem] local and GitHub already match
2026-09-29T22:28:49-10:00job:github_sync_all | — [ecosystem] nothing to push
2026-09-29T22:28:49-10:00job:github_sync_all | — [skills] no local changes
2026-09-29T22:28:49-10:00job:github_sync_all | ↓ [skills] fetching origin/main
2026-09-29T22:28:49-10:00job:github_sync_all | From github.com:rootrecordsoftwaresolutions/Solar-Pacific-RootRecord-Server
2026-09-29T22:28:49-10:00job:github_sync_all | * branch            main       -> FETCH_HEAD
2026-09-29T22:28:49-10:00job:github_sync_all | — [skills] local and GitHub already match
2026-09-29T22:28:49-10:00job:github_sync_all | — [skills] nothing to push
2026-09-29T22:28:49-10:00job:security_camera_frame_grab RUN  bash "/home/rootrecord/RootRecord-Ecosystem/1 - Servers/1 - RootRecord-Pacific-Solar-Server/Security/Cameras/grab_all.sh"
2026-09-29T22:29:05-10:00job:security_camera_frame_grab | 22:28:49  📷  a-eyes  ch1 → ch1-20260930T082849Z.jpg  (357.1 KB, 4.62s)
2026-09-29T22:29:05-10:00job:security_camera_frame_grab | 22:28:54  📷  a-eyes  ch2 → ch2-20260930T082854Z.jpg  (319.4 KB, 4.50s)
2026-09-29T22:29:05-10:00job:security_camera_frame_grab | 22:28:59  📷  a-eyes  ch3 → ch3-20260930T082859Z.jpg  (330.6 KB, 4.43s)
2026-09-29T22:29:05-10:00job:security_camera_frame_grab | 22:29:03  📷  a-eyes  ch4 → ch4-20260930T082903Z.jpg  (12.6 KB, 1.69s)
2026-09-29T22:29:05-10:00ENERGY  status=live  B2=7%  B1=100%  solar=0 W  ac=57 W  usbc=9 W  src=/home/rootrecord/RootRecord-Ecosystem/2 - RootRecord-Database/Energy  LAP=41%/Discharging/batt
2026-09-29T22:29:06-10:00  ▸  SUMMARY=river2pro soc=100% solar=0W ac_out=64W usbc=0W src=api db=ok
2026-09-29T22:29:06-10:00job:sys_stats_cycle RUN  bash "/home/rootrecord/RootRecord-Ecosystem/1 - Servers/1 - RootRecord-Pacific-Solar-Server/System/scripts/sys-sample.sh"
2026-09-29T22:29:07-10:00job:sys_stats_cycle | SYSTEM  cpu=8%  load=1.36  mem=68%  src=sqlite
2026-09-29T22:29:07-10:00job:sys_stats_cycle | OK wrote /home/rootrecord/RootRecord-Ecosystem/2 - RootRecord-Database/System/samples/sys-20260929-222907.json
2026-09-29T22:29:19-10:00job:github_sync_all | — [ecosystem] no committable local changes
2026-09-29T22:29:19-10:00job:github_sync_all | ↓ [ecosystem] fetching origin/main
2026-09-29T22:29:19-10:00job:github_sync_all | From github.com:RootRecord-Software-Solutions/RootRecord-Ecosystem
2026-09-29T22:29:19-10:00job:github_sync_all | * branch            main       -> FETCH_HEAD
2026-09-29T22:29:19-10:00job:github_sync_all | — [ecosystem] local and GitHub already match
2026-09-29T22:29:19-10:00job:github_sync_all | — [ecosystem] nothing to push
2026-09-29T22:29:19-10:00job:github_sync_all | — [skills] no local changes
2026-09-29T22:29:19-10:00job:github_sync_all | ↓ [skills] fetching origin/main
2026-09-29T22:29:19-10:00job:github_sync_all | From github.com:rootrecordsoftwaresolutions/Solar-Pacific-RootRecord-Server
2026-09-29T22:29:19-10:00job:github_sync_all | * branch            main       -> FETCH_HEAD
2026-09-29T22:29:19-10:00job:github_sync_all | — [skills] local and GitHub already match
2026-09-29T22:29:19-10:00job:github_sync_all | — [skills] nothing to push
2026-09-29T22:29:19-10:00job:security_camera_frame_grab RUN  bash "/home/rootrecord/RootRecord-Ecosystem/1 - Servers/1 - RootRecord-Pacific-Solar-Server/Security/Cameras/grab_all.sh"
2026-09-29T22:29:34-10:00job:security_camera_frame_grab | 22:29:19  📷  a-eyes  ch1 → ch1-20260930T082919Z.jpg  (356.9 KB, 4.74s)
2026-09-29T22:29:34-10:00job:security_camera_frame_grab | 22:29:24  📷  a-eyes  ch2 → ch2-20260930T082924Z.jpg  (322.8 KB, 4.56s)
2026-09-29T22:29:34-10:00job:security_camera_frame_grab | 22:29:28  📷  a-eyes  ch3 → ch3-20260930T082928Z.jpg  (326.7 KB, 4.42s)
2026-09-29T22:29:34-10:00job:security_camera_frame_grab | 22:29:33  📷  a-eyes  ch4 → ch4-20260930T082933Z.jpg  (12.6 KB, 1.51s)
2026-09-29T22:29:34-10:00job:service_supervisor RUN  bash "/home/rootrecord/RootRecord-Ecosystem/1 - Servers/1 - RootRecord-Pacific-Solar-Server/Automations/scripts/supervise-services.sh"
2026-09-29T22:29:35-10:00job:service_supervisor | [supervisor] weather alive pid=1378124 (act)
2026-09-29T22:29:35-10:00job:service_supervisor | [supervisor] relay alive pid=743759 (act)
2026-09-29T22:29:36-10:00  ▸  SUMMARY=river2pro soc=100% solar=0W ac_out=64W usbc=0W src=api db=ok
2026-09-29T22:29:36-10:00job:sys_stats_cycle RUN  bash "/home/rootrecord/RootRecord-Ecosystem/1 - Servers/1 - RootRecord-Pacific-Solar-Server/System/scripts/sys-sample.sh"
2026-09-29T22:29:37-10:00job:sys_stats_cycle | SYSTEM  cpu=7%  load=2.34  mem=76%  src=sqlite
2026-09-29T22:29:37-10:00job:sys_stats_cycle | OK wrote /home/rootrecord/RootRecord-Ecosystem/2 - RootRecord-Database/System/samples/sys-20260929-222936.json
2026-09-29T22:29:49-10:00job:github_sync_all | — [ecosystem] no committable local changes
2026-09-29T22:29:49-10:00job:github_sync_all | ↓ [ecosystem] fetching origin/main
2026-09-29T22:29:49-10:00job:github_sync_all | From github.com:RootRecord-Software-Solutions/RootRecord-Ecosystem
2026-09-29T22:29:49-10:00job:github_sync_all | * branch            main       -> FETCH_HEAD
2026-09-29T22:29:49-10:00job:github_sync_all | — [ecosystem] local and GitHub already match
2026-09-29T22:29:49-10:00job:github_sync_all | — [ecosystem] nothing to push
2026-09-29T22:29:49-10:00job:github_sync_all | — [skills] no local changes
2026-09-29T22:29:49-10:00job:github_sync_all | ↓ [skills] fetching origin/main
2026-09-29T22:29:49-10:00job:github_sync_all | From github.com:rootrecordsoftwaresolutions/Solar-Pacific-RootRecord-Server
2026-09-29T22:29:49-10:00job:github_sync_all | * branch            main       -> FETCH_HEAD
2026-09-29T22:29:49-10:00job:github_sync_all | — [skills] local and GitHub already match
2026-09-29T22:29:49-10:00job:github_sync_all | — [skills] nothing to push
2026-09-29T22:29:49-10:00job:worklog_scan RUN  bash "/home/rootrecord/RootRecord-Ecosystem/1 - Servers/1 - RootRecord-Pacific-Solar-Server/Reports/scripts/worklog_once.sh"
2026-09-29T22:29:53-10:00job:worklog_scan | OK wrote/updated /home/rootrecord/RootRecord-Ecosystem/2 - RootRecord-Database/Worklog/worklog_current.md
2026-09-29T22:29:53-10:00job:security_camera_frame_grab RUN  bash "/home/rootrecord/RootRecord-Ecosystem/1 - Servers/1 - RootRecord-Pacific-Solar-Server/Security/Cameras/grab_all.sh"
2026-09-29T22:30:08-10:00job:security_camera_frame_grab | 22:29:53  📷  a-eyes  ch1 → ch1-20260930T082953Z.jpg  (356.1 KB, 4.28s)
2026-09-29T22:30:08-10:00job:security_camera_frame_grab | 22:29:58  📷  a-eyes  ch2 → ch2-20260930T082958Z.jpg  (321.0 KB, 4.49s)
2026-09-29T22:30:08-10:00job:security_camera_frame_grab | 22:30:02  📷  a-eyes  ch3 → ch3-20260930T083002Z.jpg  (316.6 KB, 4.46s)
2026-09-29T22:30:08-10:00job:security_camera_frame_grab | 22:30:07  📷  a-eyes  ch4 → ch4-20260930T083007Z.jpg  (12.6 KB, 1.49s)
2026-09-29T22:30:08-10:00ENERGY  status=live  B2=7%  B1=100%  solar=0 W  ac=57 W  usbc=9 W  src=/home/rootrecord/RootRecord-Ecosystem/2 - RootRecord-Database/Energy  LAP=40%/Discharging/batt
2026-09-29T22:30:10-10:00  ▸  SUMMARY=river2pro soc=100% solar=0W ac_out=64W usbc=0W src=api db=ok
2026-09-29T22:30:10-10:00job:sys_stats_cycle RUN  bash "/home/rootrecord/RootRecord-Ecosystem/1 - Servers/1 - RootRecord-Pacific-Solar-Server/System/scripts/sys-sample.sh"
2026-09-29T22:30:11-10:00job:sys_stats_cycle | SYSTEM  cpu=21%  load=1.74  mem=73%  src=sqlite
2026-09-29T22:30:11-10:00job:sys_stats_cycle | OK wrote /home/rootrecord/RootRecord-Ecosystem/2 - RootRecord-Database/System/samples/sys-20260929-223011.json
2026-09-29T22:30:23-10:00job:github_sync_all | — [ecosystem] no committable local changes
2026-09-29T22:30:23-10:00job:github_sync_all | ↓ [ecosystem] fetching origin/main
2026-09-29T22:30:23-10:00job:github_sync_all | From github.com:RootRecord-Software-Solutions/RootRecord-Ecosystem
2026-09-29T22:30:23-10:00job:github_sync_all | * branch            main       -> FETCH_HEAD
2026-09-29T22:30:23-10:00job:github_sync_all | — [ecosystem] local and GitHub already match
2026-09-29T22:30:23-10:00job:github_sync_all | — [ecosystem] nothing to push
2026-09-29T22:30:23-10:00job:github_sync_all | — [skills] no local changes
2026-09-29T22:30:23-10:00job:github_sync_all | ↓ [skills] fetching origin/main
2026-09-29T22:30:23-10:00job:github_sync_all | From github.com:rootrecordsoftwaresolutions/Solar-Pacific-RootRecord-Server
2026-09-29T22:30:23-10:00job:github_sync_all | * branch            main       -> FETCH_HEAD
2026-09-29T22:30:23-10:00job:github_sync_all | — [skills] local and GitHub already match
2026-09-29T22:30:23-10:00job:github_sync_all | — [skills] nothing to push
2026-09-29T22:30:23-10:00job:security_camera_frame_grab RUN  bash "/home/rootrecord/RootRecord-Ecosystem/1 - Servers/1 - RootRecord-Pacific-Solar-Server/Security/Cameras/grab_all.sh"
2026-09-29T22:30:38-10:00job:security_camera_frame_grab | 22:30:23  📷  a-eyes  ch1 → ch1-20260930T083023Z.jpg  (356.7 KB, 4.35s)
2026-09-29T22:30:38-10:00job:security_camera_frame_grab | 22:30:28  📷  a-eyes  ch2 → ch2-20260930T083028Z.jpg  (321.3 KB, 4.45s)
2026-09-29T22:30:38-10:00job:security_camera_frame_grab | 22:30:32  📷  a-eyes  ch3 → ch3-20260930T083032Z.jpg  (323.3 KB, 4.27s)
2026-09-29T22:30:38-10:00job:security_camera_frame_grab | 22:30:36  📷  a-eyes  ch4 → ch4-20260930T083036Z.jpg  (12.6 KB, 1.58s)
2026-09-29T22:30:39-10:00  ▸  SUMMARY=river2pro soc=100% solar=0W ac_out=64W usbc=0W src=api db=ok
2026-09-29T22:30:39-10:00job:sys_stats_cycle RUN  bash "/home/rootrecord/RootRecord-Ecosystem/1 - Servers/1 - RootRecord-Pacific-Solar-Server/System/scripts/sys-sample.sh"
2026-09-29T22:30:40-10:00job:sys_stats_cycle | SYSTEM  cpu=10%  load=1.33  mem=74%  src=sqlite
2026-09-29T22:30:40-10:00job:sys_stats_cycle | OK wrote /home/rootrecord/RootRecord-Ecosystem/2 - RootRecord-Database/System/samples/sys-20260929-223040.json
2026-09-29T22:30:55-10:00job:github_sync_all | ↑ [ecosystem] committed 1 local file(s)
2026-09-29T22:30:55-10:00job:github_sync_all | ↓ [ecosystem] fetching origin/main
2026-09-29T22:30:55-10:00job:github_sync_all | From github.com:RootRecord-Software-Solutions/RootRecord-Ecosystem
2026-09-29T22:30:55-10:00job:github_sync_all | * branch            main       -> FETCH_HEAD
2026-09-29T22:30:55-10:00job:github_sync_all | ↑ [ecosystem] local is ahead of GitHub
2026-09-29T22:30:55-10:00job:github_sync_all | To github.com:RootRecord-Software-Solutions/RootRecord-Ecosystem.git
2026-09-29T22:30:55-10:00job:github_sync_all | dc08f43..1cc55c9  HEAD -> main
2026-09-29T22:30:55-10:00job:github_sync_all | branch 'main' set up to track 'origin/main'.
2026-09-29T22:30:55-10:00job:github_sync_all | ↑ [ecosystem] 1 files → RootRecord-Software-Solutions/RootRecord-Ecosystem (main)
2026-09-29T22:30:55-10:00job:github_sync_all | — [skills] no local changes
2026-09-29T22:30:55-10:00job:github_sync_all | ↓ [skills] fetching origin/main
2026-09-29T22:30:55-10:00job:github_sync_all | From github.com:rootrecordsoftwaresolutions/Solar-Pacific-RootRecord-Server
2026-09-29T22:30:55-10:00job:github_sync_all | * branch            main       -> FETCH_HEAD
2026-09-29T22:30:55-10:00job:github_sync_all | — [skills] local and GitHub already match
2026-09-29T22:30:55-10:00job:github_sync_all | — [skills] nothing to push
2026-09-29T22:30:55-10:00job:security_camera_frame_grab RUN  bash "/home/rootrecord/RootRecord-Ecosystem/1 - Servers/1 - RootRecord-Pacific-Solar-Server/Security/Cameras/grab_all.sh"
2026-09-29T22:31:11-10:00job:security_camera_frame_grab | 22:30:56  📷  a-eyes  ch1 → ch1-20260930T083056Z.jpg  (357.5 KB, 4.32s)
2026-09-29T22:31:11-10:00job:security_camera_frame_grab | 22:31:00  📷  a-eyes  ch2 → ch2-20260930T083100Z.jpg  (321.0 KB, 4.45s)
2026-09-29T22:31:11-10:00job:security_camera_frame_grab | 22:31:04  📷  a-eyes  ch3 → ch3-20260930T083104Z.jpg  (312.1 KB, 4.58s)
2026-09-29T22:31:11-10:00job:security_camera_frame_grab | 22:31:09  📷  a-eyes  ch4 → ch4-20260930T083109Z.jpg  (12.5 KB, 1.60s)
2026-09-29T22:31:11-10:00ENERGY  status=live  B2=7%  B1=100%  solar=0 W  ac=57 W  usbc=9 W  src=/home/rootrecord/RootRecord-Ecosystem/2 - RootRecord-Database/Energy  LAP=40%/Discharging/batt
2026-09-29T22:31:12-10:00  ▸  SUMMARY=delta2 soc=7% solar=0W ac_out=57W usbc=9W src=api db=ok
2026-09-29T22:31:12-10:00job:sys_stats_cycle RUN  bash "/home/rootrecord/RootRecord-Ecosystem/1 - Servers/1 - RootRecord-Pacific-Solar-Server/System/scripts/sys-sample.sh"
2026-09-29T22:31:13-10:00job:sys_stats_cycle | SYSTEM  cpu=10%  load=1.05  mem=74%  src=sqlite
2026-09-29T22:31:13-10:00job:sys_stats_cycle | OK wrote /home/rootrecord/RootRecord-Ecosystem/2 - RootRecord-Database/System/samples/sys-20260929-223112.json
2026-09-29T22:31:25-10:00job:github_sync_all | — [ecosystem] no committable local changes
2026-09-29T22:31:25-10:00job:github_sync_all | ↓ [ecosystem] fetching origin/main
2026-09-29T22:31:25-10:00job:github_sync_all | From github.com:RootRecord-Software-Solutions/RootRecord-Ecosystem
2026-09-29T22:31:25-10:00job:github_sync_all | * branch            main       -> FETCH_HEAD
2026-09-29T22:31:25-10:00job:github_sync_all | — [ecosystem] local and GitHub already match
2026-09-29T22:31:25-10:00job:github_sync_all | — [ecosystem] nothing to push
2026-09-29T22:31:25-10:00job:github_sync_all | — [skills] no local changes
2026-09-29T22:31:25-10:00job:github_sync_all | ↓ [skills] fetching origin/main
2026-09-29T22:31:25-10:00job:github_sync_all | From github.com:rootrecordsoftwaresolutions/Solar-Pacific-RootRecord-Server
2026-09-29T22:31:25-10:00job:github_sync_all | * branch            main       -> FETCH_HEAD
2026-09-29T22:31:25-10:00job:github_sync_all | — [skills] local and GitHub already match
2026-09-29T22:31:25-10:00job:github_sync_all | — [skills] nothing to push
2026-09-29T22:31:25-10:00job:worklog_scan RUN  bash "/home/rootrecord/RootRecord-Ecosystem/1 - Servers/1 - RootRecord-Pacific-Solar-Server/Reports/scripts/worklog_once.sh"
2026-09-29T22:31:30-10:00job:worklog_scan | OK wrote/updated /home/rootrecord/RootRecord-Ecosystem/2 - RootRecord-Database/Worklog/worklog_current.md
2026-09-29T22:31:30-10:00job:security_camera_frame_grab RUN  bash "/home/rootrecord/RootRecord-Ecosystem/1 - Servers/1 - RootRecord-Pacific-Solar-Server/Security/Cameras/grab_all.sh"
2026-09-29T22:31:45-10:00job:security_camera_frame_grab | 22:31:30  📷  a-eyes  ch1 → ch1-20260930T083130Z.jpg  (357.3 KB, 4.31s)
2026-09-29T22:31:45-10:00job:security_camera_frame_grab | 22:31:35  📷  a-eyes  ch2 → ch2-20260930T083135Z.jpg  (322.7 KB, 4.36s)
2026-09-29T22:31:45-10:00job:security_camera_frame_grab | 22:31:39  📷  a-eyes  ch3 → ch3-20260930T083139Z.jpg  (312.6 KB, 4.37s)
2026-09-29T22:31:45-10:00job:security_camera_frame_grab | 22:31:43  📷  a-eyes  ch4 → ch4-20260930T083143Z.jpg  (12.4 KB, 1.69s)
2026-09-29T22:31:46-10:00  ▸  SUMMARY=river2pro soc=100% solar=0W ac_out=64W usbc=0W src=api db=ok
2026-09-29T22:31:46-10:00job:sys_stats_cycle RUN  bash "/home/rootrecord/RootRecord-Ecosystem/1 - Servers/1 - RootRecord-Pacific-Solar-Server/System/scripts/sys-sample.sh"
2026-09-29T22:31:47-10:00job:sys_stats_cycle | SYSTEM  cpu=15%  load=1.75  mem=73%  src=sqlite
2026-09-29T22:31:47-10:00job:sys_stats_cycle | OK wrote /home/rootrecord/RootRecord-Ecosystem/2 - RootRecord-Database/System/samples/sys-20260929-223147.json
2026-09-29T22:31:59-10:00job:github_sync_all | — [ecosystem] no committable local changes
2026-09-29T22:31:59-10:00job:github_sync_all | ↓ [ecosystem] fetching origin/main
2026-09-29T22:31:59-10:00job:github_sync_all | From github.com:RootRecord-Software-Solutions/RootRecord-Ecosystem
2026-09-29T22:31:59-10:00job:github_sync_all | * branch            main       -> FETCH_HEAD
2026-09-29T22:31:59-10:00job:github_sync_all | — [ecosystem] local and GitHub already match
2026-09-29T22:31:59-10:00job:github_sync_all | — [ecosystem] nothing to push
2026-09-29T22:31:59-10:00job:github_sync_all | — [skills] no local changes
2026-09-29T22:31:59-10:00job:github_sync_all | ↓ [skills] fetching origin/main
2026-09-29T22:31:59-10:00job:github_sync_all | From github.com:rootrecordsoftwaresolutions/Solar-Pacific-RootRecord-Server
2026-09-29T22:31:59-10:00job:github_sync_all | * branch            main       -> FETCH_HEAD
2026-09-29T22:31:59-10:00job:github_sync_all | — [skills] local and GitHub already match
2026-09-29T22:31:59-10:00job:github_sync_all | — [skills] nothing to push
2026-09-29T22:31:59-10:00job:security_camera_frame_grab RUN  bash "/home/rootrecord/RootRecord-Ecosystem/1 - Servers/1 - RootRecord-Pacific-Solar-Server/Security/Cameras/grab_all.sh"
2026-09-29T22:32:14-10:00job:security_camera_frame_grab | 22:31:59  📷  a-eyes  ch1 → ch1-20260930T083159Z.jpg  (356.9 KB, 4.41s)
2026-09-29T22:32:14-10:00job:security_camera_frame_grab | 22:32:03  📷  a-eyes  ch2 → ch2-20260930T083203Z.jpg  (320.8 KB, 4.47s)
2026-09-29T22:32:14-10:00job:security_camera_frame_grab | 22:32:08  📷  a-eyes  ch3 → ch3-20260930T083208Z.jpg  (327.7 KB, 4.38s)
2026-09-29T22:32:14-10:00job:security_camera_frame_grab | 22:32:12  📷  a-eyes  ch4 → ch4-20260930T083212Z.jpg  (12.5 KB, 1.83s)
2026-09-29T22:32:14-10:00ENERGY  status=live  B2=7%  B1=100%  solar=0 W  ac=57 W  usbc=9 W  src=/home/rootrecord/RootRecord-Ecosystem/2 - RootRecord-Database/Energy  LAP=40%/Discharging/batt
2026-09-29T22:32:15-10:00  ✗  ecoflow_read_cycle FAIL code=-15
2026-09-29T22:32:41-10:00HTTP listening on http://127.0.0.1:8799 (open access on bind)
2026-09-29T22:32:41-10:00boot:start  jobs=10
2026-09-29T22:32:41-10:00boot:run  priority=0  id=self_terminal
2026-09-29T22:32:41-10:00boot:p0 self_process pid=3012
2026-09-29T22:32:41-10:00boot:run  priority=1  id=cloudflare_tunnel
2026-09-29T22:32:41-10:00job:cloudflare_tunnel SKIP — offline (will retry when internet is up)
2026-09-29T22:32:41-10:00boot:run  priority=2  id=github_setup_remotes
2026-09-29T22:32:41-10:00job:github_setup_remotes SKIP — offline (will retry when internet is up)
2026-09-29T22:32:41-10:00boot:run  priority=3  id=ollama_warmup
2026-09-29T22:32:41-10:00job:ollama_warmup RUN  bash '/home/rootrecord/RootRecord-Ecosystem/1 - Servers/1 - RootRecord-Pacific-Solar-Server/System/scripts/plumbing/ollama-warmup.sh'
2026-09-29T22:32:43-10:00job:ollama_warmup | [ok] ollama up
2026-09-29T22:32:43-10:00boot:run  priority=4  id=flm_npu_warmup
2026-09-29T22:32:43-10:00job:flm_npu_warmup RUN  bash '/home/rootrecord/RootRecord-Ecosystem/1 - Servers/1 - RootRecord-Pacific-Solar-Server/System/scripts/plumbing/flm-warmup.sh'
2026-09-29T22:32:43-10:00job:flm_npu_warmup | [skip] FLM warmup disabled (no resident model; set FLM_WARMUP_RESIDENT=1 to opt in)
2026-09-29T22:32:43-10:00boot:run  priority=5  id=council_relay
2026-09-29T22:32:43-10:00job:council_relay RUN  bash "/home/rootrecord/RootRecord-Ecosystem/1 - Servers/1 - RootRecord-Pacific-Solar-Server/Communications/telegram/scripts/ensure-relay.sh"
2026-09-29T22:32:46-10:00job:council_relay | [ok] council-relay started pid=4735 → /home/rootrecord/RootRecord-Ecosystem/2 - RootRecord-Database/Logs/Communications/council-relay.log
2026-09-29T22:32:46-10:00boot:run  priority=6  id=security_camera_server
2026-09-29T22:32:46-10:00job:security_camera_server RUN  bash "/home/rootrecord/RootRecord-Ecosystem/1 - Servers/1 - RootRecord-Pacific-Solar-Server/Security/Cameras/ensure_cam_server.sh"
2026-09-29T22:32:46-10:00job:security_camera_server | security cam server started
2026-09-29T22:32:46-10:00boot:run  priority=7  id=security_timelapse_catchup
2026-09-29T22:32:46-10:00job:security_timelapse_catchup RUN  bash "/home/rootrecord/RootRecord-Ecosystem/1 - Servers/1 - RootRecord-Pacific-Solar-Server/Security/Cameras/timelapse_catchup.sh"
2026-09-29T22:32:46-10:00job:security_timelapse_catchup | 22:32:46  🎬  a-eyes-timelapse  catchup: checking 20260929, now=22:32 HST
2026-09-29T22:32:46-10:00job:security_timelapse_catchup | 22:32:46  🎬  a-eyes-timelapse  hour 05 has no frames yet, skipping
2026-09-29T22:32:46-10:00job:security_timelapse_catchup | 22:32:46  🎬  a-eyes-timelapse  hour 06 has no frames yet, skipping
2026-09-29T22:32:46-10:00job:security_timelapse_catchup | 22:32:46  🎬  a-eyes-timelapse  hour 07 has no frames yet, skipping
2026-09-29T22:32:46-10:00job:security_timelapse_catchup | 22:32:46  🎬  a-eyes-timelapse  hour 08 has no frames yet, skipping
2026-09-29T22:32:46-10:00job:security_timelapse_catchup | 22:32:46  🎬  a-eyes-timelapse  hour 09 has no frames yet, skipping
2026-09-29T22:32:46-10:00job:security_timelapse_catchup | 22:32:46  🎬  a-eyes-timelapse  hour 10 has no frames yet, skipping
2026-09-29T22:32:46-10:00job:security_timelapse_catchup | 22:32:46  🎬  a-eyes-timelapse  hour 11 has no frames yet, skipping
2026-09-29T22:32:46-10:00job:security_timelapse_catchup | 22:32:46  🎬  a-eyes-timelapse  hour 12 has no frames yet, skipping
2026-09-29T22:32:46-10:00job:security_timelapse_catchup | 22:32:46  🎬  a-eyes-timelapse  hour 13 has no frames yet, skipping
2026-09-29T22:32:46-10:00job:security_timelapse_catchup | 22:32:46  🎬  a-eyes-timelapse  hour 14 has no frames yet, skipping
2026-09-29T22:32:46-10:00job:security_timelapse_catchup | 22:32:46  🎬  a-eyes-timelapse  hour 15 has no frames yet, skipping
2026-09-29T22:32:46-10:00job:security_timelapse_catchup | 22:32:46  🎬  a-eyes-timelapse  hour 16 has no frames yet, skipping
2026-09-29T22:32:46-10:00job:security_timelapse_catchup | 22:32:46  🎬  a-eyes-timelapse  hour 17 has no frames yet, skipping
2026-09-29T22:32:46-10:00job:security_timelapse_catchup | 22:32:46  🎬  a-eyes-timelapse  hour 18 has no frames yet, skipping
2026-09-29T22:32:46-10:00job:security_timelapse_catchup | 22:32:46  🎬  a-eyes-timelapse  daily render: no hourly chunks found, nothing to stitch
2026-09-29T22:32:46-10:00boot:run  priority=8  id=weather_poller
2026-09-29T22:32:46-10:00job:weather_poller RUN  bash "/home/rootrecord/RootRecord-Ecosystem/1 - Servers/1 - RootRecord-Pacific-Solar-Server/Weather/scripts/ensure-weather-poller.sh"
2026-09-29T22:32:47-10:00job:weather_poller | [ensure-weather-poller] starting -- entry=/home/rootrecord/RootRecord-Ecosystem/1 - Servers/1 - RootRecord-Pacific-Solar-Server/Weather/scripts/run_poller.py log=/home/rootrecord/RootRecord-Ecosystem/2 - RootRecord-Database/Weather/Hawai'i/logs/weather-poller.log
2026-09-29T22:32:47-10:00job:weather_poller | [ensure-weather-poller] verify: weather poller is running
2026-09-29T22:32:47-10:00boot:run  priority=9  id=network_globe_hawaii
2026-09-29T22:32:47-10:00job:network_globe_hawaii RUN  bash "/home/rootrecord/RootRecord-Ecosystem/1 - Servers/1 - RootRecord-Pacific-Solar-Server/Communications/network/scripts/ensure-network-globe-hawaii.sh"
2026-09-29T22:32:48-10:00job:network_globe_hawaii | [ensure-network-globe-hawaii] starting network-globe-hawaii.service
2026-09-29T22:32:48-10:00job:network_globe_hawaii | [ensure-network-globe-hawaii] verify: network-globe-hawaii.service is active
2026-09-29T22:32:48-10:00boot:done
2026-09-29T22:32:50-10:00  ▸  SUMMARY=delta2 soc=7% solar=0W ac_out=57W usbc=9W src=api db=ok
2026-09-29T22:32:50-10:00scheduler  every_seconds=7  every_minute=1  every_hour=2  on_at=3
2026-09-29T22:32:50-10:00ENERGY  status=live  B2=7%  B1=100%  solar=0 W  ac=57 W  usbc=9 W  src=/home/rootrecord/RootRecord-Ecosystem/2 - RootRecord-Database/Energy  LAP=39%/Discharging/batt
2026-09-29T22:32:51-10:00  ▸  SUMMARY=delta2 soc=7% solar=0W ac_out=57W usbc=9W src=api db=ok
2026-09-29T22:32:51-10:00job:sys_stats_cycle RUN  bash "/home/rootrecord/RootRecord-Ecosystem/1 - Servers/1 - RootRecord-Pacific-Solar-Server/System/scripts/sys-sample.sh"
2026-09-29T22:32:51-10:00job:sys_stats_cycle | SYSTEM  cpu=0%  load=1.11  mem=13%  src=sqlite
2026-09-29T22:32:51-10:00job:sys_stats_cycle | OK wrote /home/rootrecord/RootRecord-Ecosystem/2 - RootRecord-Database/System/samples/sys-20260929-223251.json
2026-09-29T22:33:04-10:00job:github_sync_all | — [ecosystem] no committable local changes
2026-09-29T22:33:04-10:00job:github_sync_all | ↓ [ecosystem] fetching origin/main
2026-09-29T22:33:04-10:00job:github_sync_all | From github.com:RootRecord-Software-Solutions/RootRecord-Ecosystem
2026-09-29T22:33:04-10:00job:github_sync_all | * branch            main       -> FETCH_HEAD
2026-09-29T22:33:04-10:00job:github_sync_all | — [ecosystem] local and GitHub already match
2026-09-29T22:33:04-10:00job:github_sync_all | — [ecosystem] nothing to push
2026-09-29T22:33:04-10:00job:github_sync_all | — [skills] no local changes
2026-09-29T22:33:04-10:00job:github_sync_all | ↓ [skills] fetching origin/main
2026-09-29T22:33:04-10:00job:github_sync_all | From github.com:rootrecordsoftwaresolutions/Solar-Pacific-RootRecord-Server
2026-09-29T22:33:04-10:00job:github_sync_all | * branch            main       -> FETCH_HEAD
2026-09-29T22:33:04-10:00job:github_sync_all | — [skills] local and GitHub already match
2026-09-29T22:33:04-10:00job:github_sync_all | — [skills] nothing to push
2026-09-29T22:33:04-10:00job:worklog_scan RUN  bash "/home/rootrecord/RootRecord-Ecosystem/1 - Servers/1 - RootRecord-Pacific-Solar-Server/Reports/scripts/worklog_once.sh"
2026-09-29T22:33:07-10:00job:worklog_scan | OK wrote/updated /home/rootrecord/RootRecord-Ecosystem/2 - RootRecord-Database/Worklog/worklog_current.md
2026-09-29T22:33:07-10:00job:security_camera_frame_grab RUN  bash "/home/rootrecord/RootRecord-Ecosystem/1 - Servers/1 - RootRecord-Pacific-Solar-Server/Security/Cameras/grab_all.sh"
2026-09-29T22:33:22-10:00job:security_camera_frame_grab | 22:33:07  📷  a-eyes  ch1 → ch1-20260930T083307Z.jpg  (358.8 KB, 4.50s)
2026-09-29T22:33:22-10:00job:security_camera_frame_grab | 22:33:11  📷  a-eyes  ch2 → ch2-20260930T083311Z.jpg  (321.6 KB, 4.72s)
2026-09-29T22:33:22-10:00job:security_camera_frame_grab | 22:33:16  📷  a-eyes  ch3 → ch3-20260930T083316Z.jpg  (330.6 KB, 4.49s)
2026-09-29T22:33:22-10:00job:security_camera_frame_grab | 22:33:21  📷  a-eyes  ch4 → ch4-20260930T083321Z.jpg  (12.5 KB, 1.47s)
2026-09-29T22:33:22-10:00job:service_supervisor RUN  bash "/home/rootrecord/RootRecord-Ecosystem/1 - Servers/1 - RootRecord-Pacific-Solar-Server/Automations/scripts/supervise-services.sh"
2026-09-29T22:33:22-10:00job:service_supervisor | [supervisor] weather alive pid=5264 (act)
2026-09-29T22:33:22-10:00job:service_supervisor | [supervisor] relay alive pid=4735 (act)
2026-09-29T22:33:24-10:00  ▸  SUMMARY=delta2 soc=7% solar=0W ac_out=57W usbc=9W src=api db=ok
2026-09-29T22:33:24-10:00job:sys_stats_cycle RUN  bash "/home/rootrecord/RootRecord-Ecosystem/1 - Servers/1 - RootRecord-Pacific-Solar-Server/System/scripts/sys-sample.sh"
2026-09-29T22:33:24-10:00job:sys_stats_cycle | SYSTEM  cpu=8%  load=1.80  mem=34%  src=sqlite
2026-09-29T22:33:24-10:00job:sys_stats_cycle | OK wrote /home/rootrecord/RootRecord-Ecosystem/2 - RootRecord-Database/System/samples/sys-20260929-223324.json
2026-09-29T22:33:37-10:00job:github_sync_all | — [ecosystem] no committable local changes
2026-09-29T22:33:37-10:00job:github_sync_all | ↓ [ecosystem] fetching origin/main
2026-09-29T22:33:37-10:00job:github_sync_all | From github.com:RootRecord-Software-Solutions/RootRecord-Ecosystem
2026-09-29T22:33:37-10:00job:github_sync_all | * branch            main       -> FETCH_HEAD
2026-09-29T22:33:37-10:00job:github_sync_all | — [ecosystem] local and GitHub already match
2026-09-29T22:33:37-10:00job:github_sync_all | — [ecosystem] nothing to push
2026-09-29T22:33:37-10:00job:github_sync_all | — [skills] no local changes
2026-09-29T22:33:37-10:00job:github_sync_all | ↓ [skills] fetching origin/main
2026-09-29T22:33:37-10:00job:github_sync_all | From github.com:rootrecordsoftwaresolutions/Solar-Pacific-RootRecord-Server
2026-09-29T22:33:37-10:00job:github_sync_all | * branch            main       -> FETCH_HEAD
2026-09-29T22:33:37-10:00job:github_sync_all | — [skills] local and GitHub already match
2026-09-29T22:33:37-10:00job:github_sync_all | — [skills] nothing to push
2026-09-29T22:33:37-10:00job:security_camera_frame_grab RUN  bash "/home/rootrecord/RootRecord-Ecosystem/1 - Servers/1 - RootRecord-Pacific-Solar-Server/Security/Cameras/grab_all.sh"
2026-09-29T22:33:52-10:00job:security_camera_frame_grab | 22:33:37  📷  a-eyes  ch1 → ch1-20260930T083337Z.jpg  (358.3 KB, 4.51s)
2026-09-29T22:33:52-10:00job:security_camera_frame_grab | 22:33:41  📷  a-eyes  ch2 → ch2-20260930T083341Z.jpg  (320.9 KB, 4.59s)
2026-09-29T22:33:52-10:00job:security_camera_frame_grab | 22:33:46  📷  a-eyes  ch3 → ch3-20260930T083346Z.jpg  (329.0 KB, 4.50s)
2026-09-29T22:33:52-10:00job:security_camera_frame_grab | 22:33:51  📷  a-eyes  ch4 → ch4-20260930T083351Z.jpg  (12.5 KB, 1.54s)
2026-09-29T22:33:52-10:00internet OK — starting Cloudflare tunnel (attempt 1)
2026-09-29T22:33:52-10:00Starting cloudflared mode=token public_host=rootserver.rootrecord.cloud
2026-09-29T22:33:52-10:00Waiting for tunnel register (timeout=45s)…
2026-09-29T22:33:52-10:00tunnel starting
2026-09-29T22:33:53-10:00tunnel connected  conn=0  edge=sjc07
2026-09-29T22:33:53-10:00Tunnel READY — first connection registered.
2026-09-29T22:33:53-10:00tunnel ingress  rootserver.rootrecord.cloud → 127.0.0.1:8799
2026-09-29T22:33:53-10:00ENERGY  status=live  B2=7%  B1=100%  solar=0 W  ac=57 W  usbc=9 W  src=/home/rootrecord/RootRecord-Ecosystem/2 - RootRecord-Database/Energy  LAP=39%/Discharging/batt
2026-09-29T22:33:54-10:00tunnel connected  conn=1  edge=lax05
2026-09-29T22:33:54-10:00  ▸  SUMMARY=delta2 soc=7% solar=0W ac_out=57W usbc=9W src=api db=ok
2026-09-29T22:33:54-10:00job:sys_stats_cycle RUN  bash "/home/rootrecord/RootRecord-Ecosystem/1 - Servers/1 - RootRecord-Pacific-Solar-Server/System/scripts/sys-sample.sh"
2026-09-29T22:33:55-10:00tunnel connected  conn=2  edge=lax09
2026-09-29T22:33:55-10:00job:sys_stats_cycle | SYSTEM  cpu=36%  load=1.38  mem=28%  src=sqlite
2026-09-29T22:33:55-10:00job:sys_stats_cycle | OK wrote /home/rootrecord/RootRecord-Ecosystem/2 - RootRecord-Database/System/samples/sys-20260929-223355.json
2026-09-29T22:33:56-10:00tunnel connected  conn=3  edge=sjc08
2026-09-29T22:34:08-10:00job:github_sync_all | — [ecosystem] no committable local changes
2026-09-29T22:34:08-10:00job:github_sync_all | ↓ [ecosystem] fetching origin/main
2026-09-29T22:34:08-10:00job:github_sync_all | From github.com:RootRecord-Software-Solutions/RootRecord-Ecosystem
2026-09-29T22:34:08-10:00job:github_sync_all | * branch            main       -> FETCH_HEAD
2026-09-29T22:34:08-10:00job:github_sync_all | — [ecosystem] local and GitHub already match
2026-09-29T22:34:08-10:00job:github_sync_all | — [ecosystem] nothing to push
2026-09-29T22:34:08-10:00job:github_sync_all | — [skills] no local changes
2026-09-29T22:34:08-10:00job:github_sync_all | ↓ [skills] fetching origin/main
2026-09-29T22:34:08-10:00job:github_sync_all | From github.com:rootrecordsoftwaresolutions/Solar-Pacific-RootRecord-Server
2026-09-29T22:34:08-10:00job:github_sync_all | * branch            main       -> FETCH_HEAD
2026-09-29T22:34:08-10:00job:github_sync_all | — [skills] local and GitHub already match
2026-09-29T22:34:08-10:00job:github_sync_all | — [skills] nothing to push
2026-09-29T22:34:08-10:00job:security_camera_frame_grab RUN  bash "/home/rootrecord/RootRecord-Ecosystem/1 - Servers/1 - RootRecord-Pacific-Solar-Server/Security/Cameras/grab_all.sh"
2026-09-29T22:34:23-10:00job:security_camera_frame_grab | 22:34:08  📷  a-eyes  ch1 → ch1-20260930T083408Z.jpg  (359.1 KB, 4.55s)
2026-09-29T22:34:23-10:00job:security_camera_frame_grab | 22:34:12  📷  a-eyes  ch2 → ch2-20260930T083412Z.jpg  (322.3 KB, 4.36s)
2026-09-29T22:34:23-10:00job:security_camera_frame_grab | 22:34:17  📷  a-eyes  ch3 → ch3-20260930T083417Z.jpg  (328.9 KB, 4.43s)
2026-09-29T22:34:23-10:00job:security_camera_frame_grab | 22:34:21  📷  a-eyes  ch4 → ch4-20260930T083421Z.jpg  (12.4 KB, 1.61s)
2026-09-29T22:34:24-10:00  ▸  SUMMARY=delta2 soc=7% solar=0W ac_out=57W usbc=9W src=api db=ok
2026-09-29T22:34:24-10:00job:sys_stats_cycle RUN  bash "/home/rootrecord/RootRecord-Ecosystem/1 - Servers/1 - RootRecord-Pacific-Solar-Server/System/scripts/sys-sample.sh"
2026-09-29T22:34:25-10:00job:sys_stats_cycle | SYSTEM  cpu=2%  load=0.89  mem=27%  src=sqlite
2026-09-29T22:34:25-10:00job:sys_stats_cycle | OK wrote /home/rootrecord/RootRecord-Ecosystem/2 - RootRecord-Database/System/samples/sys-20260929-223425.json
2026-09-29T22:34:37-10:00job:github_sync_all | — [ecosystem] no committable local changes
2026-09-29T22:34:37-10:00job:github_sync_all | ↓ [ecosystem] fetching origin/main
2026-09-29T22:34:37-10:00job:github_sync_all | From github.com:RootRecord-Software-Solutions/RootRecord-Ecosystem
2026-09-29T22:34:37-10:00job:github_sync_all | * branch            main       -> FETCH_HEAD
2026-09-29T22:34:37-10:00job:github_sync_all | — [ecosystem] local and GitHub already match
2026-09-29T22:34:37-10:00job:github_sync_all | — [ecosystem] nothing to push
2026-09-29T22:34:37-10:00job:github_sync_all | — [skills] no local changes
2026-09-29T22:34:37-10:00job:github_sync_all | ↓ [skills] fetching origin/main
2026-09-29T22:34:37-10:00job:github_sync_all | From github.com:rootrecordsoftwaresolutions/Solar-Pacific-RootRecord-Server
2026-09-29T22:34:37-10:00job:github_sync_all | * branch            main       -> FETCH_HEAD
2026-09-29T22:34:37-10:00job:github_sync_all | — [skills] local and GitHub already match
2026-09-29T22:34:37-10:00job:github_sync_all | — [skills] nothing to push
2026-09-29T22:34:37-10:00job:worklog_scan RUN  bash "/home/rootrecord/RootRecord-Ecosystem/1 - Servers/1 - RootRecord-Pacific-Solar-Server/Reports/scripts/worklog_once.sh"
2026-09-29T22:34:41-10:00job:worklog_scan | OK wrote/updated /home/rootrecord/RootRecord-Ecosystem/2 - RootRecord-Database/Worklog/worklog_current.md
2026-09-29T22:34:41-10:00job:security_camera_frame_grab RUN  bash "/home/rootrecord/RootRecord-Ecosystem/1 - Servers/1 - RootRecord-Pacific-Solar-Server/Security/Cameras/grab_all.sh"
2026-09-29T22:34:56-10:00job:security_camera_frame_grab | 22:34:41  📷  a-eyes  ch1 → ch1-20260930T083441Z.jpg  (371.3 KB, 4.45s)
2026-09-29T22:34:56-10:00job:security_camera_frame_grab | 22:34:45  📷  a-eyes  ch2 → ch2-20260930T083445Z.jpg  (317.8 KB, 4.47s)
2026-09-29T22:34:56-10:00job:security_camera_frame_grab | 22:34:50  📷  a-eyes  ch3 → ch3-20260930T083450Z.jpg  (348.4 KB, 4.38s)
2026-09-29T22:34:56-10:00job:security_camera_frame_grab | 22:34:54  📷  a-eyes  ch4 → ch4-20260930T083454Z.jpg  (12.4 KB, 1.55s)
2026-09-29T22:34:56-10:00ENERGY  status=live  B2=7%  B1=100%  solar=0 W  ac=57 W  usbc=9 W  src=/home/rootrecord/RootRecord-Ecosystem/2 - RootRecord-Database/Energy  LAP=39%/Charging/AC
2026-09-29T22:34:57-10:00  ▸  SUMMARY=river2pro soc=100% solar=0W ac_out=64W usbc=0W src=api db=ok
2026-09-29T22:34:57-10:00job:sys_stats_cycle RUN  bash "/home/rootrecord/RootRecord-Ecosystem/1 - Servers/1 - RootRecord-Pacific-Solar-Server/System/scripts/sys-sample.sh"
2026-09-29T22:34:58-10:00job:sys_stats_cycle | SYSTEM  cpu=3%  load=0.62  mem=26%  src=sqlite
2026-09-29T22:34:58-10:00job:sys_stats_cycle | OK wrote /home/rootrecord/RootRecord-Ecosystem/2 - RootRecord-Database/System/samples/sys-20260929-223457.json
2026-09-29T22:35:10-10:00job:github_sync_all | — [ecosystem] no committable local changes
2026-09-29T22:35:10-10:00job:github_sync_all | ↓ [ecosystem] fetching origin/main
2026-09-29T22:35:10-10:00job:github_sync_all | From github.com:RootRecord-Software-Solutions/RootRecord-Ecosystem
2026-09-29T22:35:10-10:00job:github_sync_all | * branch            main       -> FETCH_HEAD
2026-09-29T22:35:10-10:00job:github_sync_all | — [ecosystem] local and GitHub already match
2026-09-29T22:35:10-10:00job:github_sync_all | — [ecosystem] nothing to push
2026-09-29T22:35:10-10:00job:github_sync_all | — [skills] no local changes
2026-09-29T22:35:10-10:00job:github_sync_all | ↓ [skills] fetching origin/main
2026-09-29T22:35:10-10:00job:github_sync_all | From github.com:rootrecordsoftwaresolutions/Solar-Pacific-RootRecord-Server
2026-09-29T22:35:10-10:00job:github_sync_all | * branch            main       -> FETCH_HEAD
2026-09-29T22:35:10-10:00job:github_sync_all | — [skills] local and GitHub already match
2026-09-29T22:35:10-10:00job:github_sync_all | — [skills] nothing to push
2026-09-29T22:35:10-10:00job:security_camera_frame_grab RUN  bash "/home/rootrecord/RootRecord-Ecosystem/1 - Servers/1 - RootRecord-Pacific-Solar-Server/Security/Cameras/grab_all.sh"
2026-09-29T22:35:25-10:00job:security_camera_frame_grab | 22:35:10  📷  a-eyes  ch1 → ch1-20260930T083510Z.jpg  (371.8 KB, 4.49s)
2026-09-29T22:35:25-10:00job:security_camera_frame_grab | 22:35:15  📷  a-eyes  ch2 → ch2-20260930T083515Z.jpg  (324.0 KB, 4.64s)
2026-09-29T22:35:25-10:00job:security_camera_frame_grab | 22:35:19  📷  a-eyes  ch3 → ch3-20260930T083519Z.jpg  (349.1 KB, 4.38s)
2026-09-29T22:35:25-10:00job:security_camera_frame_grab | 22:35:24  📷  a-eyes  ch4 → ch4-20260930T083524Z.jpg  (12.5 KB, 1.70s)
2026-09-29T22:35:27-10:00  ▸  SUMMARY=river2pro soc=100% solar=0W ac_out=64W usbc=0W src=api db=ok
2026-09-29T22:35:27-10:00job:sys_stats_cycle RUN  bash "/home/rootrecord/RootRecord-Ecosystem/1 - Servers/1 - RootRecord-Pacific-Solar-Server/System/scripts/sys-sample.sh"
2026-09-29T22:35:27-10:00job:sys_stats_cycle | SYSTEM  cpu=4%  load=0.53  mem=26%  src=sqlite
2026-09-29T22:35:27-10:00job:sys_stats_cycle | OK wrote /home/rootrecord/RootRecord-Ecosystem/2 - RootRecord-Database/System/samples/sys-20260929-223527.json
2026-09-29T22:35:39-10:00job:github_sync_all | — [ecosystem] no committable local changes
2026-09-29T22:35:39-10:00job:github_sync_all | ↓ [ecosystem] fetching origin/main
2026-09-29T22:35:39-10:00job:github_sync_all | From github.com:RootRecord-Software-Solutions/RootRecord-Ecosystem
2026-09-29T22:35:39-10:00job:github_sync_all | * branch            main       -> FETCH_HEAD
2026-09-29T22:35:39-10:00job:github_sync_all | — [ecosystem] local and GitHub already match
2026-09-29T22:35:39-10:00job:github_sync_all | — [ecosystem] nothing to push
2026-09-29T22:35:39-10:00job:github_sync_all | — [skills] no local changes
2026-09-29T22:35:39-10:00job:github_sync_all | ↓ [skills] fetching origin/main
2026-09-29T22:35:39-10:00job:github_sync_all | From github.com:rootrecordsoftwaresolutions/Solar-Pacific-RootRecord-Server
2026-09-29T22:35:39-10:00job:github_sync_all | * branch            main       -> FETCH_HEAD
2026-09-29T22:35:39-10:00job:github_sync_all | — [skills] local and GitHub already match
2026-09-29T22:35:39-10:00job:github_sync_all | — [skills] nothing to push
2026-09-29T22:35:39-10:00job:security_camera_frame_grab RUN  bash "/home/rootrecord/RootRecord-Ecosystem/1 - Servers/1 - RootRecord-Pacific-Solar-Server/Security/Cameras/grab_all.sh"
2026-09-29T22:35:54-10:00job:security_camera_frame_grab | 22:35:39  📷  a-eyes  ch1 → ch1-20260930T083539Z.jpg  (363.0 KB, 4.51s)
2026-09-29T22:35:54-10:00job:security_camera_frame_grab | 22:35:44  📷  a-eyes  ch2 → ch2-20260930T083544Z.jpg  (324.6 KB, 4.48s)
2026-09-29T22:35:54-10:00job:security_camera_frame_grab | 22:35:48  📷  a-eyes  ch3 → ch3-20260930T083548Z.jpg  (349.2 KB, 4.31s)
2026-09-29T22:35:54-10:00job:security_camera_frame_grab | 22:35:53  📷  a-eyes  ch4 → ch4-20260930T083553Z.jpg  (12.5 KB, 1.67s)
2026-09-29T22:35:55-10:00  ▸  SUMMARY=river2pro soc=100% solar=0W ac_out=64W usbc=0W src=api db=ok
2026-09-29T22:35:55-10:00job:sys_stats_cycle RUN  bash "/home/rootrecord/RootRecord-Ecosystem/1 - Servers/1 - RootRecord-Pacific-Solar-Server/System/scripts/sys-sample.sh"
2026-09-29T22:35:56-10:00job:sys_stats_cycle | SYSTEM  cpu=6%  load=0.44  mem=26%  src=sqlite
2026-09-29T22:35:56-10:00job:sys_stats_cycle | OK wrote /home/rootrecord/RootRecord-Ecosystem/2 - RootRecord-Database/System/samples/sys-20260929-223556.json
2026-09-29T22:36:07-10:00job:github_sync_all | — [ecosystem] no committable local changes
2026-09-29T22:36:07-10:00job:github_sync_all | ↓ [ecosystem] fetching origin/main
2026-09-29T22:36:07-10:00job:github_sync_all | From github.com:RootRecord-Software-Solutions/RootRecord-Ecosystem
2026-09-29T22:36:07-10:00job:github_sync_all | * branch            main       -> FETCH_HEAD
2026-09-29T22:36:07-10:00job:github_sync_all | — [ecosystem] local and GitHub already match
2026-09-29T22:36:07-10:00job:github_sync_all | — [ecosystem] nothing to push
2026-09-29T22:36:07-10:00job:github_sync_all | — [skills] no local changes
2026-09-29T22:36:07-10:00job:github_sync_all | ↓ [skills] fetching origin/main
2026-09-29T22:36:07-10:00job:github_sync_all | From github.com:rootrecordsoftwaresolutions/Solar-Pacific-RootRecord-Server
2026-09-29T22:36:07-10:00job:github_sync_all | * branch            main       -> FETCH_HEAD
2026-09-29T22:36:07-10:00job:github_sync_all | — [skills] local and GitHub already match
2026-09-29T22:36:07-10:00job:github_sync_all | — [skills] nothing to push
2026-09-29T22:36:07-10:00job:worklog_scan RUN  bash "/home/rootrecord/RootRecord-Ecosystem/1 - Servers/1 - RootRecord-Pacific-Solar-Server/Reports/scripts/worklog_once.sh"
2026-09-29T22:36:10-10:00job:worklog_scan | OK wrote/updated /home/rootrecord/RootRecord-Ecosystem/2 - RootRecord-Database/Worklog/worklog_current.md
2026-09-29T22:36:10-10:00job:security_camera_frame_grab RUN  bash "/home/rootrecord/RootRecord-Ecosystem/1 - Servers/1 - RootRecord-Pacific-Solar-Server/Security/Cameras/grab_all.sh"
2026-09-29T22:36:24-10:00tunnel timeout — reconnecting
2026-09-29T22:36:24-10:00job:security_camera_frame_grab | 22:36:10  📷  a-eyes  ch1 → ch1-20260930T083610Z.jpg  (360.2 KB, 4.18s)
2026-09-29T22:36:24-10:00job:security_camera_frame_grab | 22:36:14  📷  a-eyes  ch2 → ch2-20260930T083614Z.jpg  (322.9 KB, 4.19s)
2026-09-29T22:36:24-10:00job:security_camera_frame_grab | 22:36:18  📷  a-eyes  ch3 → ch3-20260930T083618Z.jpg  (351.3 KB, 4.23s)
2026-09-29T22:36:24-10:00job:security_camera_frame_grab | 22:36:22  📷  a-eyes  ch4 → ch4-20260930T083622Z.jpg  (12.6 KB, 1.48s)
2026-09-29T22:36:24-10:00ENERGY  status=live  B2=7%  B1=100%  solar=0 W  ac=57 W  usbc=9 W  src=/home/rootrecord/RootRecord-Ecosystem/2 - RootRecord-Database/Energy  LAP=41%/Charging/AC
2026-09-29T22:36:24-10:00tunnel timeout — reconnecting
2026-09-29T22:36:25-10:00tunnel timeout — reconnecting
2026-09-29T22:36:25-10:00tunnel timeout — reconnecting
2026-09-29T22:36:25-10:00  ▸  SUMMARY=delta2 soc=7% solar=0W ac_out=57W usbc=9W src=api db=ok
2026-09-29T22:36:25-10:00job:sys_stats_cycle RUN  bash "/home/rootrecord/RootRecord-Ecosystem/1 - Servers/1 - RootRecord-Pacific-Solar-Server/System/scripts/sys-sample.sh"
2026-09-29T22:36:25-10:00job:sys_stats_cycle | SYSTEM  cpu=39%  load=1.68  mem=50%  src=sqlite
2026-09-29T22:36:25-10:00job:sys_stats_cycle | OK wrote /home/rootrecord/RootRecord-Ecosystem/2 - RootRecord-Database/System/samples/sys-20260929-223625.json
2026-09-29T22:36:26-10:00tunnel timeout — reconnecting
2026-09-29T22:36:27-10:00tunnel timeout — reconnecting
2026-09-29T22:36:27-10:00tunnel timeout — reconnecting
2026-09-29T22:36:28-10:00tunnel connected  conn=0  edge=lax01
2026-09-29T22:36:29-10:00tunnel connected  conn=3  edge=lax01
2026-09-29T22:36:29-10:00tunnel connected  conn=2  edge=lax11
2026-09-29T22:36:29-10:00tunnel connected  conn=1  edge=lax11
2026-09-29T22:36:36-10:00job:github_sync_all | — [ecosystem] no committable local changes
2026-09-29T22:36:36-10:00job:github_sync_all | ↓ [ecosystem] fetching origin/main
2026-09-29T22:36:36-10:00job:github_sync_all | From github.com:RootRecord-Software-Solutions/RootRecord-Ecosystem
2026-09-29T22:36:36-10:00job:github_sync_all | * branch            main       -> FETCH_HEAD
2026-09-29T22:36:36-10:00job:github_sync_all | — [ecosystem] local and GitHub already match
2026-09-29T22:36:36-10:00job:github_sync_all | — [ecosystem] nothing to push
2026-09-29T22:36:36-10:00job:github_sync_all | — [skills] no local changes
2026-09-29T22:36:36-10:00job:github_sync_all | ↓ [skills] fetching origin/main
2026-09-29T22:36:36-10:00job:github_sync_all | From github.com:rootrecordsoftwaresolutions/Solar-Pacific-RootRecord-Server
2026-09-29T22:36:36-10:00job:github_sync_all | * branch            main       -> FETCH_HEAD
2026-09-29T22:36:36-10:00job:github_sync_all | — [skills] local and GitHub already match
2026-09-29T22:36:36-10:00job:github_sync_all | — [skills] nothing to push
2026-09-29T22:36:36-10:00job:security_camera_frame_grab RUN  bash "/home/rootrecord/RootRecord-Ecosystem/1 - Servers/1 - RootRecord-Pacific-Solar-Server/Security/Cameras/grab_all.sh"
2026-09-29T22:36:51-10:00job:security_camera_frame_grab | 22:36:36  📷  a-eyes  ch1 → ch1-20260930T083636Z.jpg  (363.3 KB, 4.33s)
2026-09-29T22:36:51-10:00job:security_camera_frame_grab | 22:36:41  📷  a-eyes  ch2 → ch2-20260930T083641Z.jpg  (323.1 KB, 4.40s)
2026-09-29T22:36:51-10:00job:security_camera_frame_grab | 22:36:45  📷  a-eyes  ch3 → ch3-20260930T083645Z.jpg  (352.9 KB, 4.47s)
2026-09-29T22:36:51-10:00job:security_camera_frame_grab | 22:36:49  📷  a-eyes  ch4 → ch4-20260930T083649Z.jpg  (12.6 KB, 1.52s)
2026-09-29T22:36:52-10:00  ▸  SUMMARY=delta2 soc=7% solar=0W ac_out=57W usbc=9W src=api db=ok
2026-09-29T22:36:52-10:00job:sys_stats_cycle RUN  bash "/home/rootrecord/RootRecord-Ecosystem/1 - Servers/1 - RootRecord-Pacific-Solar-Server/System/scripts/sys-sample.sh"
2026-09-29T22:36:53-10:00job:sys_stats_cycle | SYSTEM  cpu=6%  load=1.50  mem=52%  src=sqlite
2026-09-29T22:36:53-10:00job:sys_stats_cycle | OK wrote /home/rootrecord/RootRecord-Ecosystem/2 - RootRecord-Database/System/samples/sys-20260929-223653.json
2026-09-29T22:37:04-10:00job:github_sync_all | — [ecosystem] no committable local changes
2026-09-29T22:37:04-10:00job:github_sync_all | ↓ [ecosystem] fetching origin/main
2026-09-29T22:37:04-10:00job:github_sync_all | From github.com:RootRecord-Software-Solutions/RootRecord-Ecosystem
2026-09-29T22:37:04-10:00job:github_sync_all | * branch            main       -> FETCH_HEAD
2026-09-29T22:37:04-10:00job:github_sync_all | — [ecosystem] local and GitHub already match
2026-09-29T22:37:04-10:00job:github_sync_all | — [ecosystem] nothing to push
2026-09-29T22:37:04-10:00job:github_sync_all | — [skills] no local changes
2026-09-29T22:37:04-10:00job:github_sync_all | ↓ [skills] fetching origin/main
2026-09-29T22:37:04-10:00job:github_sync_all | From github.com:rootrecordsoftwaresolutions/Solar-Pacific-RootRecord-Server
2026-09-29T22:37:04-10:00job:github_sync_all | * branch            main       -> FETCH_HEAD
2026-09-29T22:37:04-10:00job:github_sync_all | — [skills] local and GitHub already match
2026-09-29T22:37:04-10:00job:github_sync_all | — [skills] nothing to push
2026-09-29T22:37:04-10:00job:security_camera_frame_grab RUN  bash "/home/rootrecord/RootRecord-Ecosystem/1 - Servers/1 - RootRecord-Pacific-Solar-Server/Security/Cameras/grab_all.sh"
2026-09-29T22:37:19-10:00job:security_camera_frame_grab | 22:37:04  📷  a-eyes  ch1 → ch1-20260930T083704Z.jpg  (360.9 KB, 4.34s)
2026-09-29T22:37:19-10:00job:security_camera_frame_grab | 22:37:08  📷  a-eyes  ch2 → ch2-20260930T083708Z.jpg  (317.8 KB, 4.30s)
2026-09-29T22:37:19-10:00job:security_camera_frame_grab | 22:37:13  📷  a-eyes  ch3 → ch3-20260930T083713Z.jpg  (352.8 KB, 4.64s)
2026-09-29T22:37:19-10:00job:security_camera_frame_grab | 22:37:17  📷  a-eyes  ch4 → ch4-20260930T083717Z.jpg  (12.5 KB, 1.60s)
2026-09-29T22:37:20-10:00  ▸  SUMMARY=river2pro soc=100% solar=0W ac_out=64W usbc=0W src=api db=ok
2026-09-29T22:37:20-10:00job:sys_stats_cycle RUN  bash "/home/rootrecord/RootRecord-Ecosystem/1 - Servers/1 - RootRecord-Pacific-Solar-Server/System/scripts/sys-sample.sh"
2026-09-29T22:37:21-10:00job:sys_stats_cycle | SYSTEM  cpu=5%  load=1.65  mem=50%  src=sqlite
2026-09-29T22:37:21-10:00job:sys_stats_cycle | OK wrote /home/rootrecord/RootRecord-Ecosystem/2 - RootRecord-Database/System/samples/sys-20260929-223720.json
2026-09-29T22:37:33-10:00job:github_sync_all | — [ecosystem] no committable local changes
2026-09-29T22:37:33-10:00job:github_sync_all | ↓ [ecosystem] fetching origin/main
2026-09-29T22:37:33-10:00job:github_sync_all | From github.com:RootRecord-Software-Solutions/RootRecord-Ecosystem
2026-09-29T22:37:33-10:00job:github_sync_all | * branch            main       -> FETCH_HEAD
2026-09-29T22:37:33-10:00job:github_sync_all | — [ecosystem] local and GitHub already match
2026-09-29T22:37:33-10:00job:github_sync_all | — [ecosystem] nothing to push
2026-09-29T22:37:33-10:00job:github_sync_all | — [skills] no local changes
2026-09-29T22:37:33-10:00job:github_sync_all | ↓ [skills] fetching origin/main
2026-09-29T22:37:33-10:00job:github_sync_all | From github.com:rootrecordsoftwaresolutions/Solar-Pacific-RootRecord-Server
2026-09-29T22:37:33-10:00job:github_sync_all | * branch            main       -> FETCH_HEAD
2026-09-29T22:37:33-10:00job:github_sync_all | — [skills] local and GitHub already match
2026-09-29T22:37:33-10:00job:github_sync_all | — [skills] nothing to push
2026-09-29T22:37:33-10:00job:security_camera_frame_grab RUN  bash "/home/rootrecord/RootRecord-Ecosystem/1 - Servers/1 - RootRecord-Pacific-Solar-Server/Security/Cameras/grab_all.sh"
2026-09-29T22:37:49-10:00job:security_camera_frame_grab | 22:37:33  📷  a-eyes  ch1 → ch1-20260930T083733Z.jpg  (361.6 KB, 4.34s)
2026-09-29T22:37:49-10:00job:security_camera_frame_grab | 22:37:37  📷  a-eyes  ch2 → ch2-20260930T083737Z.jpg  (324.4 KB, 4.47s)
2026-09-29T22:37:49-10:00job:security_camera_frame_grab | 22:37:42  📷  a-eyes  ch3 → ch3-20260930T083742Z.jpg  (336.4 KB, 4.48s)
2026-09-29T22:37:49-10:00job:security_camera_frame_grab | 22:37:46  📷  a-eyes  ch4 → ch4-20260930T083746Z.jpg  (12.5 KB, 2.42s)
2026-09-29T22:37:49-10:00ENERGY  status=live  B2=7%  B1=100%  solar=0 W  ac=57 W  usbc=9 W  src=/home/rootrecord/RootRecord-Ecosystem/2 - RootRecord-Database/Energy  LAP=42%/Charging/AC
2026-09-29T22:37:50-10:00  ▸  SUMMARY=river2pro soc=100% solar=0W ac_out=64W usbc=0W src=api db=ok
2026-09-29T22:37:50-10:00job:sys_stats_cycle RUN  bash "/home/rootrecord/RootRecord-Ecosystem/1 - Servers/1 - RootRecord-Pacific-Solar-Server/System/scripts/sys-sample.sh"
2026-09-29T22:37:51-10:00job:sys_stats_cycle | SYSTEM  cpu=6%  load=1.06  mem=50%  src=sqlite
2026-09-29T22:37:51-10:00job:sys_stats_cycle | OK wrote /home/rootrecord/RootRecord-Ecosystem/2 - RootRecord-Database/System/samples/sys-20260929-223751.json
2026-09-29T22:38:05-10:00job:github_sync_all | — [ecosystem] no committable local changes
2026-09-29T22:38:05-10:00job:github_sync_all | ↓ [ecosystem] fetching origin/main
2026-09-29T22:38:05-10:00job:github_sync_all | From github.com:RootRecord-Software-Solutions/RootRecord-Ecosystem
2026-09-29T22:38:05-10:00job:github_sync_all | * branch            main       -> FETCH_HEAD
2026-09-29T22:38:05-10:00job:github_sync_all | — [ecosystem] local and GitHub already match
2026-09-29T22:38:05-10:00job:github_sync_all | — [ecosystem] nothing to push
2026-09-29T22:38:05-10:00job:github_sync_all | — [skills] no local changes
2026-09-29T22:38:05-10:00job:github_sync_all | ↓ [skills] fetching origin/main
2026-09-29T22:38:05-10:00job:github_sync_all | From github.com:rootrecordsoftwaresolutions/Solar-Pacific-RootRecord-Server
2026-09-29T22:38:05-10:00job:github_sync_all | * branch            main       -> FETCH_HEAD
2026-09-29T22:38:05-10:00job:github_sync_all | — [skills] local and GitHub already match
2026-09-29T22:38:05-10:00job:github_sync_all | — [skills] nothing to push
2026-09-29T22:38:05-10:00job:worklog_scan RUN  bash "/home/rootrecord/RootRecord-Ecosystem/1 - Servers/1 - RootRecord-Pacific-Solar-Server/Reports/scripts/worklog_once.sh"
2026-09-29T22:38:07-10:00job:worklog_scan | OK wrote/updated /home/rootrecord/RootRecord-Ecosystem/2 - RootRecord-Database/Worklog/worklog_current.md
2026-09-29T22:38:07-10:00job:security_camera_frame_grab RUN  bash "/home/rootrecord/RootRecord-Ecosystem/1 - Servers/1 - RootRecord-Pacific-Solar-Server/Security/Cameras/grab_all.sh"
2026-09-29T22:38:22-10:00job:security_camera_frame_grab | 22:38:07  📷  a-eyes  ch1 → ch1-20260930T083807Z.jpg  (361.2 KB, 4.42s)
2026-09-29T22:38:22-10:00job:security_camera_frame_grab | 22:38:12  📷  a-eyes  ch2 → ch2-20260930T083812Z.jpg  (325.1 KB, 4.59s)
2026-09-29T22:38:22-10:00job:security_camera_frame_grab | 22:38:16  📷  a-eyes  ch3 → ch3-20260930T083816Z.jpg  (335.0 KB, 4.41s)
2026-09-29T22:38:22-10:00job:security_camera_frame_grab | 22:38:21  📷  a-eyes  ch4 → ch4-20260930T083821Z.jpg  (12.4 KB, 1.46s)
2026-09-29T22:38:24-10:00  ▸  SUMMARY=delta2 soc=7% solar=0W ac_out=57W usbc=9W src=api db=ok
2026-09-29T22:38:24-10:00job:sys_stats_cycle RUN  bash "/home/rootrecord/RootRecord-Ecosystem/1 - Servers/1 - RootRecord-Pacific-Solar-Server/System/scripts/sys-sample.sh"
2026-09-29T22:38:24-10:00job:sys_stats_cycle | SYSTEM  cpu=4%  load=0.70  mem=51%  src=sqlite
2026-09-29T22:38:24-10:00job:sys_stats_cycle | OK wrote /home/rootrecord/RootRecord-Ecosystem/2 - RootRecord-Database/System/samples/sys-20260929-223824.json
2026-09-29T22:38:36-10:00job:github_sync_all | — [ecosystem] no committable local changes
2026-09-29T22:38:36-10:00job:github_sync_all | ↓ [ecosystem] fetching origin/main
2026-09-29T22:38:36-10:00job:github_sync_all | From github.com:RootRecord-Software-Solutions/RootRecord-Ecosystem
2026-09-29T22:38:36-10:00job:github_sync_all | * branch            main       -> FETCH_HEAD
2026-09-29T22:38:36-10:00job:github_sync_all | — [ecosystem] local and GitHub already match
2026-09-29T22:38:36-10:00job:github_sync_all | — [ecosystem] nothing to push
2026-09-29T22:38:36-10:00job:github_sync_all | — [skills] no local changes
2026-09-29T22:38:36-10:00job:github_sync_all | ↓ [skills] fetching origin/main
2026-09-29T22:38:36-10:00job:github_sync_all | From github.com:rootrecordsoftwaresolutions/Solar-Pacific-RootRecord-Server
2026-09-29T22:38:36-10:00job:github_sync_all | * branch            main       -> FETCH_HEAD
2026-09-29T22:38:36-10:00job:github_sync_all | — [skills] local and GitHub already match
2026-09-29T22:38:36-10:00job:github_sync_all | — [skills] nothing to push
2026-09-29T22:38:36-10:00job:security_camera_frame_grab RUN  bash "/home/rootrecord/RootRecord-Ecosystem/1 - Servers/1 - RootRecord-Pacific-Solar-Server/Security/Cameras/grab_all.sh"
2026-09-29T22:38:51-10:00job:security_camera_frame_grab | 22:38:36  📷  a-eyes  ch1 → ch1-20260930T083836Z.jpg  (363.2 KB, 4.34s)
2026-09-29T22:38:51-10:00job:security_camera_frame_grab | 22:38:40  📷  a-eyes  ch2 → ch2-20260930T083840Z.jpg  (323.0 KB, 4.58s)
2026-09-29T22:38:51-10:00job:security_camera_frame_grab | 22:38:45  📷  a-eyes  ch3 → ch3-20260930T083845Z.jpg  (351.1 KB, 4.40s)
2026-09-29T22:38:51-10:00job:security_camera_frame_grab | 22:38:49  📷  a-eyes  ch4 → ch4-20260930T083849Z.jpg  (12.5 KB, 1.67s)
2026-09-29T22:38:51-10:00job:service_supervisor RUN  bash "/home/rootrecord/RootRecord-Ecosystem/1 - Servers/1 - RootRecord-Pacific-Solar-Server/Automations/scripts/supervise-services.sh"
2026-09-29T22:38:51-10:00job:service_supervisor | [supervisor] weather alive pid=5264 (act)
2026-09-29T22:38:51-10:00job:service_supervisor | [supervisor] relay alive pid=4735 (act)
2026-09-29T22:38:52-10:00ENERGY  status=live  B2=7%  B1=100%  solar=0 W  ac=57 W  usbc=9 W  src=/home/rootrecord/RootRecord-Ecosystem/2 - RootRecord-Database/Energy  LAP=43%/Charging/AC
2026-09-29T22:38:52-10:00  ▸  SUMMARY=delta2 soc=7% solar=0W ac_out=57W usbc=9W src=api db=ok
2026-09-29T22:38:52-10:00job:sys_stats_cycle RUN  bash "/home/rootrecord/RootRecord-Ecosystem/1 - Servers/1 - RootRecord-Pacific-Solar-Server/System/scripts/sys-sample.sh"
2026-09-29T22:38:53-10:00job:sys_stats_cycle | SYSTEM  cpu=6%  load=0.63  mem=50%  src=sqlite
2026-09-29T22:38:53-10:00job:sys_stats_cycle | OK wrote /home/rootrecord/RootRecord-Ecosystem/2 - RootRecord-Database/System/samples/sys-20260929-223853.json
2026-09-29T22:39:06-10:00job:github_sync_all | — [ecosystem] no committable local changes
2026-09-29T22:39:06-10:00job:github_sync_all | ↓ [ecosystem] fetching origin/main
2026-09-29T22:39:06-10:00job:github_sync_all | From github.com:RootRecord-Software-Solutions/RootRecord-Ecosystem
2026-09-29T22:39:06-10:00job:github_sync_all | * branch            main       -> FETCH_HEAD
2026-09-29T22:39:06-10:00job:github_sync_all | — [ecosystem] local and GitHub already match
2026-09-29T22:39:06-10:00job:github_sync_all | — [ecosystem] nothing to push
2026-09-29T22:39:06-10:00job:github_sync_all | — [skills] no local changes
2026-09-29T22:39:06-10:00job:github_sync_all | ↓ [skills] fetching origin/main
2026-09-29T22:39:06-10:00job:github_sync_all | From github.com:rootrecordsoftwaresolutions/Solar-Pacific-RootRecord-Server
2026-09-29T22:39:06-10:00job:github_sync_all | * branch            main       -> FETCH_HEAD
2026-09-29T22:39:06-10:00job:github_sync_all | — [skills] local and GitHub already match
2026-09-29T22:39:06-10:00job:github_sync_all | — [skills] nothing to push
2026-09-29T22:39:06-10:00job:security_camera_frame_grab RUN  bash "/home/rootrecord/RootRecord-Ecosystem/1 - Servers/1 - RootRecord-Pacific-Solar-Server/Security/Cameras/grab_all.sh"
2026-09-29T22:39:21-10:00job:security_camera_frame_grab | 22:39:06  📷  a-eyes  ch1 → ch1-20260930T083906Z.jpg  (360.8 KB, 4.44s)
2026-09-29T22:39:21-10:00job:security_camera_frame_grab | 22:39:10  📷  a-eyes  ch2 → ch2-20260930T083910Z.jpg  (321.6 KB, 4.46s)
2026-09-29T22:39:21-10:00job:security_camera_frame_grab | 22:39:15  📷  a-eyes  ch3 → ch3-20260930T083915Z.jpg  (352.7 KB, 4.36s)
2026-09-29T22:39:21-10:00job:security_camera_frame_grab | 22:39:19  📷  a-eyes  ch4 → ch4-20260930T083919Z.jpg  (12.4 KB, 1.55s)
2026-09-29T22:39:22-10:00  ▸  SUMMARY=delta2 soc=7% solar=0W ac_out=57W usbc=9W src=api db=ok
2026-09-29T22:39:22-10:00job:sys_stats_cycle RUN  bash "/home/rootrecord/RootRecord-Ecosystem/1 - Servers/1 - RootRecord-Pacific-Solar-Server/System/scripts/sys-sample.sh"
2026-09-29T22:39:22-10:00job:sys_stats_cycle | SYSTEM  cpu=5%  load=0.81  mem=50%  src=sqlite
2026-09-29T22:39:22-10:00job:sys_stats_cycle | OK wrote /home/rootrecord/RootRecord-Ecosystem/2 - RootRecord-Database/System/samples/sys-20260929-223922.json
2026-09-29T22:39:35-10:00job:github_sync_all | — [ecosystem] no committable local changes
2026-09-29T22:39:35-10:00job:github_sync_all | ↓ [ecosystem] fetching origin/main
2026-09-29T22:39:35-10:00job:github_sync_all | From github.com:RootRecord-Software-Solutions/RootRecord-Ecosystem
2026-09-29T22:39:35-10:00job:github_sync_all | * branch            main       -> FETCH_HEAD
2026-09-29T22:39:35-10:00job:github_sync_all | — [ecosystem] local and GitHub already match
2026-09-29T22:39:35-10:00job:github_sync_all | — [ecosystem] nothing to push
2026-09-29T22:39:35-10:00job:github_sync_all | — [skills] no local changes
2026-09-29T22:39:35-10:00job:github_sync_all | ↓ [skills] fetching origin/main
2026-09-29T22:39:35-10:00job:github_sync_all | From github.com:rootrecordsoftwaresolutions/Solar-Pacific-RootRecord-Server
2026-09-29T22:39:35-10:00job:github_sync_all | * branch            main       -> FETCH_HEAD
2026-09-29T22:39:35-10:00job:github_sync_all | — [skills] local and GitHub already match
2026-09-29T22:39:35-10:00job:github_sync_all | — [skills] nothing to push
2026-09-29T22:39:35-10:00job:worklog_scan RUN  bash "/home/rootrecord/RootRecord-Ecosystem/1 - Servers/1 - RootRecord-Pacific-Solar-Server/Reports/scripts/worklog_once.sh"
2026-09-29T22:39:36-10:00job:worklog_scan | OK wrote/updated /home/rootrecord/RootRecord-Ecosystem/2 - RootRecord-Database/Worklog/worklog_current.md
2026-09-29T22:39:36-10:00job:security_camera_frame_grab RUN  bash "/home/rootrecord/RootRecord-Ecosystem/1 - Servers/1 - RootRecord-Pacific-Solar-Server/Security/Cameras/grab_all.sh"
2026-09-29T22:39:52-10:00job:security_camera_frame_grab | 22:39:37  📷  a-eyes  ch1 → ch1-20260930T083937Z.jpg  (360.2 KB, 4.58s)
2026-09-29T22:39:52-10:00job:security_camera_frame_grab | 22:39:41  📷  a-eyes  ch2 → ch2-20260930T083941Z.jpg  (322.1 KB, 4.49s)
2026-09-29T22:39:52-10:00job:security_camera_frame_grab | 22:39:46  📷  a-eyes  ch3 → ch3-20260930T083946Z.jpg  (354.4 KB, 4.37s)
2026-09-29T22:39:52-10:00job:security_camera_frame_grab | 22:39:50  📷  a-eyes  ch4 → ch4-20260930T083950Z.jpg  (12.5 KB, 1.71s)
2026-09-29T22:39:52-10:00ENERGY  status=live  B2=7%  B1=100%  solar=0 W  ac=57 W  usbc=9 W  src=/home/rootrecord/RootRecord-Ecosystem/2 - RootRecord-Database/Energy  LAP=44%/Charging/AC
2026-09-29T22:39:53-10:00  ▸  SUMMARY=delta2 soc=7% solar=0W ac_out=57W usbc=9W src=api db=ok
2026-09-29T22:39:53-10:00job:sys_stats_cycle RUN  bash "/home/rootrecord/RootRecord-Ecosystem/1 - Servers/1 - RootRecord-Pacific-Solar-Server/System/scripts/sys-sample.sh"
2026-09-29T22:39:54-10:00job:sys_stats_cycle | SYSTEM  cpu=6%  load=0.79  mem=49%  src=sqlite
2026-09-29T22:39:54-10:00job:sys_stats_cycle | OK wrote /home/rootrecord/RootRecord-Ecosystem/2 - RootRecord-Database/System/samples/sys-20260929-223954.json
2026-09-29T22:40:06-10:00job:github_sync_all | — [ecosystem] no committable local changes
2026-09-29T22:40:06-10:00job:github_sync_all | ↓ [ecosystem] fetching origin/main
2026-09-29T22:40:06-10:00job:github_sync_all | From github.com:RootRecord-Software-Solutions/RootRecord-Ecosystem
2026-09-29T22:40:06-10:00job:github_sync_all | * branch            main       -> FETCH_HEAD
2026-09-29T22:40:06-10:00job:github_sync_all | — [ecosystem] local and GitHub already match
2026-09-29T22:40:06-10:00job:github_sync_all | — [ecosystem] nothing to push
2026-09-29T22:40:06-10:00job:github_sync_all | — [skills] no local changes
2026-09-29T22:40:06-10:00job:github_sync_all | ↓ [skills] fetching origin/main
2026-09-29T22:40:06-10:00job:github_sync_all | From github.com:rootrecordsoftwaresolutions/Solar-Pacific-RootRecord-Server
2026-09-29T22:40:06-10:00job:github_sync_all | * branch            main       -> FETCH_HEAD
2026-09-29T22:40:06-10:00job:github_sync_all | — [skills] local and GitHub already match
2026-09-29T22:40:06-10:00job:github_sync_all | — [skills] nothing to push
2026-09-29T22:40:06-10:00job:security_camera_frame_grab RUN  bash "/home/rootrecord/RootRecord-Ecosystem/1 - Servers/1 - RootRecord-Pacific-Solar-Server/Security/Cameras/grab_all.sh"
2026-09-29T22:40:22-10:00job:security_camera_frame_grab | 22:40:06  📷  a-eyes  ch1 → ch1-20260930T084006Z.jpg  (360.5 KB, 4.58s)
2026-09-29T22:40:22-10:00job:security_camera_frame_grab | 22:40:11  📷  a-eyes  ch2 → ch2-20260930T084011Z.jpg  (324.4 KB, 4.54s)
2026-09-29T22:40:22-10:00job:security_camera_frame_grab | 22:40:15  📷  a-eyes  ch3 → ch3-20260930T084015Z.jpg  (352.0 KB, 4.46s)
2026-09-29T22:40:22-10:00job:security_camera_frame_grab | 22:40:20  📷  a-eyes  ch4 → ch4-20260930T084020Z.jpg  (12.5 KB, 1.53s)
2026-09-29T22:40:23-10:00  ▸  SUMMARY=delta2 soc=7% solar=0W ac_out=57W usbc=9W src=api db=ok
2026-09-29T22:40:23-10:00job:sys_stats_cycle RUN  bash "/home/rootrecord/RootRecord-Ecosystem/1 - Servers/1 - RootRecord-Pacific-Solar-Server/System/scripts/sys-sample.sh"
2026-09-29T22:40:23-10:00job:sys_stats_cycle | SYSTEM  cpu=5%  load=0.67  mem=49%  src=sqlite
2026-09-29T22:40:23-10:00job:sys_stats_cycle | OK wrote /home/rootrecord/RootRecord-Ecosystem/2 - RootRecord-Database/System/samples/sys-20260929-224023.json
2026-09-29T22:40:36-10:00job:github_sync_all | — [ecosystem] no committable local changes
2026-09-29T22:40:36-10:00job:github_sync_all | ↓ [ecosystem] fetching origin/main
2026-09-29T22:40:36-10:00job:github_sync_all | From github.com:RootRecord-Software-Solutions/RootRecord-Ecosystem
2026-09-29T22:40:36-10:00job:github_sync_all | * branch            main       -> FETCH_HEAD
2026-09-29T22:40:36-10:00job:github_sync_all | — [ecosystem] local and GitHub already match
2026-09-29T22:40:36-10:00job:github_sync_all | — [ecosystem] nothing to push
2026-09-29T22:40:36-10:00job:github_sync_all | — [skills] no local changes
2026-09-29T22:40:36-10:00job:github_sync_all | ↓ [skills] fetching origin/main
2026-09-29T22:40:36-10:00job:github_sync_all | From github.com:rootrecordsoftwaresolutions/Solar-Pacific-RootRecord-Server
2026-09-29T22:40:36-10:00job:github_sync_all | * branch            main       -> FETCH_HEAD
2026-09-29T22:40:36-10:00job:github_sync_all | — [skills] local and GitHub already match
2026-09-29T22:40:36-10:00job:github_sync_all | — [skills] nothing to push
2026-09-29T22:40:36-10:00job:security_camera_frame_grab RUN  bash "/home/rootrecord/RootRecord-Ecosystem/1 - Servers/1 - RootRecord-Pacific-Solar-Server/Security/Cameras/grab_all.sh"
2026-09-29T22:40:51-10:00job:security_camera_frame_grab | 22:40:37  📷  a-eyes  ch1 → ch1-20260930T084037Z.jpg  (361.7 KB, 4.32s)
2026-09-29T22:40:51-10:00job:security_camera_frame_grab | 22:40:41  📷  a-eyes  ch2 → ch2-20260930T084041Z.jpg  (321.8 KB, 4.38s)
2026-09-29T22:40:51-10:00job:security_camera_frame_grab | 22:40:45  📷  a-eyes  ch3 → ch3-20260930T084045Z.jpg  (351.8 KB, 4.38s)
2026-09-29T22:40:51-10:00job:security_camera_frame_grab | 22:40:50  📷  a-eyes  ch4 → ch4-20260930T084050Z.jpg  (12.5 KB, 1.48s)
2026-09-29T22:40:52-10:00  ▸  SUMMARY=delta2 soc=7% solar=0W ac_out=57W usbc=9W src=api db=ok
2026-09-29T22:40:52-10:00job:sys_stats_cycle RUN  bash "/home/rootrecord/RootRecord-Ecosystem/1 - Servers/1 - RootRecord-Pacific-Solar-Server/System/scripts/sys-sample.sh"
2026-09-29T22:40:53-10:00job:sys_stats_cycle | SYSTEM  cpu=6%  load=0.63  mem=49%  src=sqlite
2026-09-29T22:40:53-10:00job:sys_stats_cycle | OK wrote /home/rootrecord/RootRecord-Ecosystem/2 - RootRecord-Database/System/samples/sys-20260929-224053.json
2026-09-29T22:41:05-10:00job:github_sync_all | — [ecosystem] no committable local changes
2026-09-29T22:41:05-10:00job:github_sync_all | ↓ [ecosystem] fetching origin/main
2026-09-29T22:41:05-10:00job:github_sync_all | From github.com:RootRecord-Software-Solutions/RootRecord-Ecosystem
2026-09-29T22:41:05-10:00job:github_sync_all | * branch            main       -> FETCH_HEAD
2026-09-29T22:41:05-10:00job:github_sync_all | — [ecosystem] local and GitHub already match
2026-09-29T22:41:05-10:00job:github_sync_all | — [ecosystem] nothing to push
2026-09-29T22:41:05-10:00job:github_sync_all | — [skills] no local changes
2026-09-29T22:41:05-10:00job:github_sync_all | ↓ [skills] fetching origin/main
2026-09-29T22:41:05-10:00job:github_sync_all | From github.com:rootrecordsoftwaresolutions/Solar-Pacific-RootRecord-Server
2026-09-29T22:41:05-10:00job:github_sync_all | * branch            main       -> FETCH_HEAD
2026-09-29T22:41:05-10:00job:github_sync_all | — [skills] local and GitHub already match
2026-09-29T22:41:05-10:00job:github_sync_all | — [skills] nothing to push
2026-09-29T22:41:05-10:00job:worklog_scan RUN  bash "/home/rootrecord/RootRecord-Ecosystem/1 - Servers/1 - RootRecord-Pacific-Solar-Server/Reports/scripts/worklog_once.sh"
2026-09-29T22:41:06-10:00job:worklog_scan | OK wrote/updated /home/rootrecord/RootRecord-Ecosystem/2 - RootRecord-Database/Worklog/worklog_current.md
2026-09-29T22:41:06-10:00job:security_camera_frame_grab RUN  bash "/home/rootrecord/RootRecord-Ecosystem/1 - Servers/1 - RootRecord-Pacific-Solar-Server/Security/Cameras/grab_all.sh"
2026-09-29T22:41:20-10:00job:security_camera_frame_grab | 22:41:06  📷  a-eyes  ch1 → ch1-20260930T084106Z.jpg  (360.0 KB, 4.33s)
2026-09-29T22:41:20-10:00job:security_camera_frame_grab | 22:41:10  📷  a-eyes  ch2 → ch2-20260930T084110Z.jpg  (320.9 KB, 4.39s)
2026-09-29T22:41:20-10:00job:security_camera_frame_grab | 22:41:14  📷  a-eyes  ch3 → ch3-20260930T084114Z.jpg  (351.9 KB, 4.37s)
2026-09-29T22:41:20-10:00job:security_camera_frame_grab | 22:41:19  📷  a-eyes  ch4 → ch4-20260930T084119Z.jpg  (12.3 KB, 1.59s)
2026-09-29T22:41:21-10:00ENERGY  status=live  B2=7%  B1=100%  solar=0 W  ac=57 W  usbc=9 W  src=/home/rootrecord/RootRecord-Ecosystem/2 - RootRecord-Database/Energy  LAP=45%/Charging/AC
2026-09-29T22:41:21-10:00  ▸  SUMMARY=delta2 soc=7% solar=0W ac_out=57W usbc=9W src=api db=ok
2026-09-29T22:41:22-10:00job:sys_stats_cycle RUN  bash "/home/rootrecord/RootRecord-Ecosystem/1 - Servers/1 - RootRecord-Pacific-Solar-Server/System/scripts/sys-sample.sh"
2026-09-29T22:41:22-10:00job:sys_stats_cycle | SYSTEM  cpu=6%  load=0.66  mem=49%  src=sqlite
2026-09-29T22:41:22-10:00job:sys_stats_cycle | OK wrote /home/rootrecord/RootRecord-Ecosystem/2 - RootRecord-Database/System/samples/sys-20260929-224122.json
2026-09-29T22:41:34-10:00job:github_sync_all | — [ecosystem] no committable local changes
2026-09-29T22:41:34-10:00job:github_sync_all | ↓ [ecosystem] fetching origin/main
2026-09-29T22:41:34-10:00job:github_sync_all | From github.com:RootRecord-Software-Solutions/RootRecord-Ecosystem
2026-09-29T22:41:34-10:00job:github_sync_all | * branch            main       -> FETCH_HEAD
2026-09-29T22:41:34-10:00job:github_sync_all | — [ecosystem] local and GitHub already match
2026-09-29T22:41:34-10:00job:github_sync_all | — [ecosystem] nothing to push
2026-09-29T22:41:34-10:00job:github_sync_all | — [skills] no local changes
2026-09-29T22:41:34-10:00job:github_sync_all | ↓ [skills] fetching origin/main
2026-09-29T22:41:34-10:00job:github_sync_all | From github.com:rootrecordsoftwaresolutions/Solar-Pacific-RootRecord-Server
2026-09-29T22:41:34-10:00job:github_sync_all | * branch            main       -> FETCH_HEAD
2026-09-29T22:41:34-10:00job:github_sync_all | — [skills] local and GitHub already match
2026-09-29T22:41:34-10:00job:github_sync_all | — [skills] nothing to push
2026-09-29T22:41:34-10:00job:security_camera_frame_grab RUN  bash "/home/rootrecord/RootRecord-Ecosystem/1 - Servers/1 - RootRecord-Pacific-Solar-Server/Security/Cameras/grab_all.sh"
2026-09-29T22:41:49-10:00job:security_camera_frame_grab | 22:41:34  📷  a-eyes  ch1 → ch1-20260930T084134Z.jpg  (359.3 KB, 4.33s)
2026-09-29T22:41:49-10:00job:security_camera_frame_grab | 22:41:39  📷  a-eyes  ch2 → ch2-20260930T084139Z.jpg  (322.1 KB, 4.39s)
2026-09-29T22:41:49-10:00job:security_camera_frame_grab | 22:41:43  📷  a-eyes  ch3 → ch3-20260930T084143Z.jpg  (353.3 KB, 4.50s)
2026-09-29T22:41:49-10:00job:security_camera_frame_grab | 22:41:47  📷  a-eyes  ch4 → ch4-20260930T084147Z.jpg  (12.4 KB, 1.56s)
2026-09-29T22:41:50-10:00  ▸  SUMMARY=river2pro soc=100% solar=0W ac_out=64W usbc=0W src=api db=ok
2026-09-29T22:41:50-10:00job:sys_stats_cycle RUN  bash "/home/rootrecord/RootRecord-Ecosystem/1 - Servers/1 - RootRecord-Pacific-Solar-Server/System/scripts/sys-sample.sh"
2026-09-29T22:41:51-10:00job:sys_stats_cycle | SYSTEM  cpu=8%  load=0.53  mem=50%  src=sqlite
2026-09-29T22:41:51-10:00job:sys_stats_cycle | OK wrote /home/rootrecord/RootRecord-Ecosystem/2 - RootRecord-Database/System/samples/sys-20260929-224151.json
2026-09-29T22:42:07-10:00job:github_sync_all | ↑ [ecosystem] committed 1 local file(s)
2026-09-29T22:42:07-10:00job:github_sync_all | ↓ [ecosystem] fetching origin/main
2026-09-29T22:42:07-10:00job:github_sync_all | From github.com:RootRecord-Software-Solutions/RootRecord-Ecosystem
2026-09-29T22:42:07-10:00job:github_sync_all | * branch            main       -> FETCH_HEAD
2026-09-29T22:42:07-10:00job:github_sync_all | ↑ [ecosystem] local is ahead of GitHub
2026-09-29T22:42:07-10:00job:github_sync_all | To github.com:RootRecord-Software-Solutions/RootRecord-Ecosystem.git
2026-09-29T22:42:07-10:00job:github_sync_all | 1cc55c9..0231c72  HEAD -> main
2026-09-29T22:42:07-10:00job:github_sync_all | branch 'main' set up to track 'origin/main'.
2026-09-29T22:42:07-10:00job:github_sync_all | ↑ [ecosystem] 1 files → RootRecord-Software-Solutions/RootRecord-Ecosystem (main)
2026-09-29T22:42:07-10:00job:github_sync_all | — [skills] no local changes
2026-09-29T22:42:07-10:00job:github_sync_all | ↓ [skills] fetching origin/main
2026-09-29T22:42:07-10:00job:github_sync_all | From github.com:rootrecordsoftwaresolutions/Solar-Pacific-RootRecord-Server
2026-09-29T22:42:07-10:00job:github_sync_all | * branch            main       -> FETCH_HEAD
2026-09-29T22:42:07-10:00job:github_sync_all | — [skills] local and GitHub already match
2026-09-29T22:42:07-10:00job:github_sync_all | — [skills] nothing to push
2026-09-29T22:42:07-10:00job:security_camera_frame_grab RUN  bash "/home/rootrecord/RootRecord-Ecosystem/1 - Servers/1 - RootRecord-Pacific-Solar-Server/Security/Cameras/grab_all.sh"
2026-09-29T22:42:22-10:00job:security_camera_frame_grab | 22:42:07  📷  a-eyes  ch1 → ch1-20260930T084207Z.jpg  (359.5 KB, 4.52s)
2026-09-29T22:42:22-10:00job:security_camera_frame_grab | 22:42:11  📷  a-eyes  ch2 → ch2-20260930T084211Z.jpg  (322.2 KB, 4.48s)
2026-09-29T22:42:22-10:00job:security_camera_frame_grab | 22:42:16  📷  a-eyes  ch3 → ch3-20260930T084216Z.jpg  (353.0 KB, 4.37s)
2026-09-29T22:42:22-10:00job:security_camera_frame_grab | 22:42:20  📷  a-eyes  ch4 → ch4-20260930T084220Z.jpg  (12.5 KB, 1.51s)
2026-09-29T22:42:22-10:00ENERGY  status=live  B2=7%  B1=100%  solar=0 W  ac=57 W  usbc=9 W  src=/home/rootrecord/RootRecord-Ecosystem/2 - RootRecord-Database/Energy  LAP=46%/Charging/AC
2026-09-29T22:42:23-10:00  ▸  SUMMARY=delta2 soc=7% solar=0W ac_out=57W usbc=9W src=api db=ok
2026-09-29T22:42:23-10:00job:sys_stats_cycle RUN  bash "/home/rootrecord/RootRecord-Ecosystem/1 - Servers/1 - RootRecord-Pacific-Solar-Server/System/scripts/sys-sample.sh"
2026-09-29T22:42:24-10:00job:sys_stats_cycle | SYSTEM  cpu=4%  load=0.44  mem=50%  src=sqlite
2026-09-29T22:42:24-10:00job:sys_stats_cycle | OK wrote /home/rootrecord/RootRecord-Ecosystem/2 - RootRecord-Database/System/samples/sys-20260929-224223.json
2026-09-29T22:42:36-10:00job:github_sync_all | — [ecosystem] no committable local changes
2026-09-29T22:42:36-10:00job:github_sync_all | ↓ [ecosystem] fetching origin/main
2026-09-29T22:42:36-10:00job:github_sync_all | From github.com:RootRecord-Software-Solutions/RootRecord-Ecosystem
2026-09-29T22:42:36-10:00job:github_sync_all | * branch            main       -> FETCH_HEAD
2026-09-29T22:42:36-10:00job:github_sync_all | — [ecosystem] local and GitHub already match
2026-09-29T22:42:36-10:00job:github_sync_all | — [ecosystem] nothing to push
2026-09-29T22:42:36-10:00job:github_sync_all | — [skills] no local changes
2026-09-29T22:42:36-10:00job:github_sync_all | ↓ [skills] fetching origin/main
2026-09-29T22:42:36-10:00job:github_sync_all | From github.com:rootrecordsoftwaresolutions/Solar-Pacific-RootRecord-Server
2026-09-29T22:42:36-10:00job:github_sync_all | * branch            main       -> FETCH_HEAD
2026-09-29T22:42:36-10:00job:github_sync_all | — [skills] local and GitHub already match
2026-09-29T22:42:36-10:00job:github_sync_all | — [skills] nothing to push
2026-09-29T22:42:36-10:00job:worklog_scan RUN  bash "/home/rootrecord/RootRecord-Ecosystem/1 - Servers/1 - RootRecord-Pacific-Solar-Server/Reports/scripts/worklog_once.sh"
2026-09-29T22:42:38-10:00job:worklog_scan | OK wrote/updated /home/rootrecord/RootRecord-Ecosystem/2 - RootRecord-Database/Worklog/worklog_current.md
2026-09-29T22:42:38-10:00job:security_camera_frame_grab RUN  bash "/home/rootrecord/RootRecord-Ecosystem/1 - Servers/1 - RootRecord-Pacific-Solar-Server/Security/Cameras/grab_all.sh"
2026-09-29T22:42:53-10:00job:security_camera_frame_grab | 22:42:39  📷  a-eyes  ch1 → ch1-20260930T084239Z.jpg  (360.8 KB, 4.27s)
2026-09-29T22:42:53-10:00job:security_camera_frame_grab | 22:42:43  📷  a-eyes  ch2 → ch2-20260930T084243Z.jpg  (324.5 KB, 4.47s)
2026-09-29T22:42:53-10:00job:security_camera_frame_grab | 22:42:47  📷  a-eyes  ch3 → ch3-20260930T084247Z.jpg  (354.1 KB, 4.37s)
2026-09-29T22:42:53-10:00job:security_camera_frame_grab | 22:42:52  📷  a-eyes  ch4 → ch4-20260930T084252Z.jpg  (12.5 KB, 1.50s)
2026-09-29T22:42:54-10:00  ▸  SUMMARY=delta2 soc=7% solar=0W ac_out=57W usbc=9W src=api db=ok
2026-09-29T22:42:54-10:00job:sys_stats_cycle RUN  bash "/home/rootrecord/RootRecord-Ecosystem/1 - Servers/1 - RootRecord-Pacific-Solar-Server/System/scripts/sys-sample.sh"
2026-09-29T22:42:55-10:00job:sys_stats_cycle | SYSTEM  cpu=5%  load=0.33  mem=50%  src=sqlite
2026-09-29T22:42:55-10:00job:sys_stats_cycle | OK wrote /home/rootrecord/RootRecord-Ecosystem/2 - RootRecord-Database/System/samples/sys-20260929-224255.json
2026-09-29T22:43:16-10:00job:github_sync_all | — [ecosystem] no committable local changes
2026-09-29T22:43:16-10:00job:github_sync_all | ↓ [ecosystem] fetching origin/main
2026-09-29T22:43:16-10:00job:github_sync_all | From github.com:RootRecord-Software-Solutions/RootRecord-Ecosystem
2026-09-29T22:43:16-10:00job:github_sync_all | * branch            main       -> FETCH_HEAD
2026-09-29T22:43:16-10:00job:github_sync_all | — [ecosystem] local and GitHub already match
2026-09-29T22:43:16-10:00job:github_sync_all | — [ecosystem] nothing to push
2026-09-29T22:43:16-10:00job:github_sync_all | — [skills] no local changes
2026-09-29T22:43:16-10:00job:github_sync_all | ↓ [skills] fetching origin/main
2026-09-29T22:43:16-10:00job:github_sync_all | From github.com:rootrecordsoftwaresolutions/Solar-Pacific-RootRecord-Server
2026-09-29T22:43:16-10:00job:github_sync_all | * branch            main       -> FETCH_HEAD
2026-09-29T22:43:16-10:00job:github_sync_all | — [skills] local and GitHub already match
2026-09-29T22:43:16-10:00job:github_sync_all | — [skills] nothing to push
2026-09-29T22:43:16-10:00job:security_camera_frame_grab RUN  bash "/home/rootrecord/RootRecord-Ecosystem/1 - Servers/1 - RootRecord-Pacific-Solar-Server/Security/Cameras/grab_all.sh"
2026-09-29T22:43:31-10:00job:security_camera_frame_grab | 22:43:16  📷  a-eyes  ch1 → ch1-20260930T084316Z.jpg  (359.7 KB, 4.45s)
2026-09-29T22:43:31-10:00job:security_camera_frame_grab | 22:43:21  📷  a-eyes  ch2 → ch2-20260930T084321Z.jpg  (323.3 KB, 4.55s)
2026-09-29T22:43:31-10:00job:security_camera_frame_grab | 22:43:25  📷  a-eyes  ch3 → ch3-20260930T084325Z.jpg  (352.6 KB, 4.40s)
2026-09-29T22:43:31-10:00job:security_camera_frame_grab | 22:43:30  📷  a-eyes  ch4 → ch4-20260930T084330Z.jpg  (12.6 KB, 1.57s)
2026-09-29T22:43:31-10:00ENERGY  status=live  B2=7%  B1=100%  solar=0 W  ac=57 W  usbc=9 W  src=/home/rootrecord/RootRecord-Ecosystem/2 - RootRecord-Database/Energy  LAP=47%/Charging/AC
2026-09-29T22:43:33-10:00  ▸  SUMMARY=delta2 soc=7% solar=0W ac_out=57W usbc=9W src=api db=ok
2026-09-29T22:43:33-10:00job:sys_stats_cycle RUN  bash "/home/rootrecord/RootRecord-Ecosystem/1 - Servers/1 - RootRecord-Pacific-Solar-Server/System/scripts/sys-sample.sh"
2026-09-29T22:43:33-10:00job:sys_stats_cycle | SYSTEM  cpu=6%  load=0.52  mem=50%  src=sqlite
2026-09-29T22:43:33-10:00job:sys_stats_cycle | OK wrote /home/rootrecord/RootRecord-Ecosystem/2 - RootRecord-Database/System/samples/sys-20260929-224333.json
2026-09-29T22:43:46-10:00job:github_sync_all | — [ecosystem] no committable local changes
2026-09-29T22:43:46-10:00job:github_sync_all | ↓ [ecosystem] fetching origin/main
2026-09-29T22:43:46-10:00job:github_sync_all | From github.com:RootRecord-Software-Solutions/RootRecord-Ecosystem
2026-09-29T22:43:46-10:00job:github_sync_all | * branch            main       -> FETCH_HEAD
2026-09-29T22:43:46-10:00job:github_sync_all | — [ecosystem] local and GitHub already match
2026-09-29T22:43:46-10:00job:github_sync_all | — [ecosystem] nothing to push
2026-09-29T22:43:46-10:00job:github_sync_all | — [skills] no local changes
2026-09-29T22:43:46-10:00job:github_sync_all | ↓ [skills] fetching origin/main
2026-09-29T22:43:46-10:00job:github_sync_all | From github.com:rootrecordsoftwaresolutions/Solar-Pacific-RootRecord-Server
2026-09-29T22:43:46-10:00job:github_sync_all | * branch            main       -> FETCH_HEAD
2026-09-29T22:43:46-10:00job:github_sync_all | — [skills] local and GitHub already match
2026-09-29T22:43:46-10:00job:github_sync_all | — [skills] nothing to push
2026-09-29T22:43:46-10:00job:security_camera_frame_grab RUN  bash "/home/rootrecord/RootRecord-Ecosystem/1 - Servers/1 - RootRecord-Pacific-Solar-Server/Security/Cameras/grab_all.sh"
2026-09-29T22:44:03-10:00job:security_camera_frame_grab | 22:43:46  📷  a-eyes  ch1 → ch1-20260930T084346Z.jpg  (360.6 KB, 4.53s)
2026-09-29T22:44:03-10:00job:security_camera_frame_grab | 22:43:51  📷  a-eyes  ch2 → ch2-20260930T084351Z.jpg  (322.5 KB, 4.48s)
2026-09-29T22:44:03-10:00job:security_camera_frame_grab | 22:43:55  📷  a-eyes  ch3 → ch3-20260930T084355Z.jpg  (356.8 KB, 5.71s)
2026-09-29T22:44:03-10:00job:security_camera_frame_grab | 22:44:01  📷  a-eyes  ch4 → ch4-20260930T084401Z.jpg  (12.5 KB, 1.59s)
2026-09-29T22:44:03-10:00job:service_supervisor RUN  bash "/home/rootrecord/RootRecord-Ecosystem/1 - Servers/1 - RootRecord-Pacific-Solar-Server/Automations/scripts/supervise-services.sh"
2026-09-29T22:44:03-10:00job:service_supervisor | [supervisor] weather alive pid=5264 (act)
2026-09-29T22:44:03-10:00job:service_supervisor | [supervisor] relay alive pid=4735 (act)
2026-09-29T22:44:04-10:00  ▸  SUMMARY=delta2 soc=7% solar=0W ac_out=57W usbc=9W src=api db=ok
2026-09-29T22:44:04-10:00job:sys_stats_cycle RUN  bash "/home/rootrecord/RootRecord-Ecosystem/1 - Servers/1 - RootRecord-Pacific-Solar-Server/System/scripts/sys-sample.sh"
2026-09-29T22:44:05-10:00job:sys_stats_cycle | SYSTEM  cpu=5%  load=0.45  mem=49%  src=sqlite
2026-09-29T22:44:05-10:00job:sys_stats_cycle | OK wrote /home/rootrecord/RootRecord-Ecosystem/2 - RootRecord-Database/System/samples/sys-20260929-224404.json
2026-09-29T22:44:17-10:00job:github_sync_all | — [ecosystem] no committable local changes
2026-09-29T22:44:17-10:00job:github_sync_all | ↓ [ecosystem] fetching origin/main
2026-09-29T22:44:17-10:00job:github_sync_all | From github.com:RootRecord-Software-Solutions/RootRecord-Ecosystem
2026-09-29T22:44:17-10:00job:github_sync_all | * branch            main       -> FETCH_HEAD
2026-09-29T22:44:17-10:00job:github_sync_all | — [ecosystem] local and GitHub already match
2026-09-29T22:44:17-10:00job:github_sync_all | — [ecosystem] nothing to push
2026-09-29T22:44:17-10:00job:github_sync_all | — [skills] no local changes
2026-09-29T22:44:17-10:00job:github_sync_all | ↓ [skills] fetching origin/main
2026-09-29T22:44:17-10:00job:github_sync_all | From github.com:rootrecordsoftwaresolutions/Solar-Pacific-RootRecord-Server
2026-09-29T22:44:17-10:00job:github_sync_all | * branch            main       -> FETCH_HEAD
2026-09-29T22:44:17-10:00job:github_sync_all | — [skills] local and GitHub already match
2026-09-29T22:44:17-10:00job:github_sync_all | — [skills] nothing to push
2026-09-29T22:44:17-10:00job:worklog_scan RUN  bash "/home/rootrecord/RootRecord-Ecosystem/1 - Servers/1 - RootRecord-Pacific-Solar-Server/Reports/scripts/worklog_once.sh"
2026-09-29T22:44:18-10:00job:worklog_scan | OK wrote/updated /home/rootrecord/RootRecord-Ecosystem/2 - RootRecord-Database/Worklog/worklog_current.md
2026-09-29T22:44:18-10:00job:security_camera_frame_grab RUN  bash "/home/rootrecord/RootRecord-Ecosystem/1 - Servers/1 - RootRecord-Pacific-Solar-Server/Security/Cameras/grab_all.sh"
2026-09-29T22:44:34-10:00job:security_camera_frame_grab | 22:44:18  📷  a-eyes  ch1 → ch1-20260930T084418Z.jpg  (357.0 KB, 4.50s)
2026-09-29T22:44:34-10:00job:security_camera_frame_grab | 22:44:23  📷  a-eyes  ch2 → ch2-20260930T084423Z.jpg  (322.9 KB, 4.88s)
2026-09-29T22:44:34-10:00job:security_camera_frame_grab | 22:44:28  📷  a-eyes  ch3 → ch3-20260930T084428Z.jpg  (356.1 KB, 4.47s)
2026-09-29T22:44:34-10:00job:security_camera_frame_grab | 22:44:32  📷  a-eyes  ch4 → ch4-20260930T084432Z.jpg  (12.5 KB, 1.61s)
2026-09-29T22:44:34-10:00ENERGY  status=live  B2=7%  B1=100%  solar=0 W  ac=57 W  usbc=9 W  src=/home/rootrecord/RootRecord-Ecosystem/2 - RootRecord-Database/Energy  LAP=48%/Charging/AC
2026-09-29T22:44:35-10:00  ▸  SUMMARY=delta2 soc=7% solar=0W ac_out=57W usbc=9W src=api db=ok
2026-09-29T22:44:35-10:00job:sys_stats_cycle RUN  bash "/home/rootrecord/RootRecord-Ecosystem/1 - Servers/1 - RootRecord-Pacific-Solar-Server/System/scripts/sys-sample.sh"
2026-09-29T22:44:36-10:00job:sys_stats_cycle | SYSTEM  cpu=5%  load=0.48  mem=49%  src=sqlite
2026-09-29T22:44:36-10:00job:sys_stats_cycle | OK wrote /home/rootrecord/RootRecord-Ecosystem/2 - RootRecord-Database/System/samples/sys-20260929-224436.json
2026-09-29T22:44:48-10:00job:github_sync_all | — [ecosystem] no committable local changes
2026-09-29T22:44:48-10:00job:github_sync_all | ↓ [ecosystem] fetching origin/main
2026-09-29T22:44:48-10:00job:github_sync_all | From github.com:RootRecord-Software-Solutions/RootRecord-Ecosystem
2026-09-29T22:44:48-10:00job:github_sync_all | * branch            main       -> FETCH_HEAD
2026-09-29T22:44:48-10:00job:github_sync_all | — [ecosystem] local and GitHub already match
2026-09-29T22:44:48-10:00job:github_sync_all | — [ecosystem] nothing to push
2026-09-29T22:44:48-10:00job:github_sync_all | — [skills] no local changes
2026-09-29T22:44:48-10:00job:github_sync_all | ↓ [skills] fetching origin/main
2026-09-29T22:44:48-10:00job:github_sync_all | From github.com:rootrecordsoftwaresolutions/Solar-Pacific-RootRecord-Server
2026-09-29T22:44:48-10:00job:github_sync_all | * branch            main       -> FETCH_HEAD
2026-09-29T22:44:48-10:00job:github_sync_all | — [skills] local and GitHub already match
2026-09-29T22:44:48-10:00job:github_sync_all | — [skills] nothing to push
2026-09-29T22:44:48-10:00job:security_camera_frame_grab RUN  bash "/home/rootrecord/RootRecord-Ecosystem/1 - Servers/1 - RootRecord-Pacific-Solar-Server/Security/Cameras/grab_all.sh"
2026-09-29T22:45:03-10:00job:security_camera_frame_grab | 22:44:48  📷  a-eyes  ch1 → ch1-20260930T084448Z.jpg  (354.5 KB, 4.44s)
2026-09-29T22:45:03-10:00job:security_camera_frame_grab | 22:44:52  📷  a-eyes  ch2 → ch2-20260930T084452Z.jpg  (323.8 KB, 4.48s)
2026-09-29T22:45:03-10:00job:security_camera_frame_grab | 22:44:57  📷  a-eyes  ch3 → ch3-20260930T084457Z.jpg  (358.2 KB, 4.37s)
2026-09-29T22:45:03-10:00job:security_camera_frame_grab | 22:45:01  📷  a-eyes  ch4 → ch4-20260930T084501Z.jpg  (12.5 KB, 1.71s)
2026-09-29T22:45:04-10:00  ▸  SUMMARY=delta2 soc=7% solar=0W ac_out=57W usbc=9W src=api db=ok
2026-09-29T22:45:04-10:00job:sys_stats_cycle RUN  bash "/home/rootrecord/RootRecord-Ecosystem/1 - Servers/1 - RootRecord-Pacific-Solar-Server/System/scripts/sys-sample.sh"
2026-09-29T22:45:05-10:00job:sys_stats_cycle | SYSTEM  cpu=5%  load=0.54  mem=49%  src=sqlite
2026-09-29T22:45:05-10:00job:sys_stats_cycle | OK wrote /home/rootrecord/RootRecord-Ecosystem/2 - RootRecord-Database/System/samples/sys-20260929-224505.json
2026-09-29T22:45:17-10:00job:github_sync_all | — [ecosystem] no committable local changes
2026-09-29T22:45:17-10:00job:github_sync_all | ↓ [ecosystem] fetching origin/main
2026-09-29T22:45:17-10:00job:github_sync_all | From github.com:RootRecord-Software-Solutions/RootRecord-Ecosystem
2026-09-29T22:45:17-10:00job:github_sync_all | * branch            main       -> FETCH_HEAD
2026-09-29T22:45:17-10:00job:github_sync_all | — [ecosystem] local and GitHub already match
2026-09-29T22:45:17-10:00job:github_sync_all | — [ecosystem] nothing to push
2026-09-29T22:45:17-10:00job:github_sync_all | — [skills] no local changes
2026-09-29T22:45:17-10:00job:github_sync_all | ↓ [skills] fetching origin/main
2026-09-29T22:45:17-10:00job:github_sync_all | From github.com:rootrecordsoftwaresolutions/Solar-Pacific-RootRecord-Server
2026-09-29T22:45:17-10:00job:github_sync_all | * branch            main       -> FETCH_HEAD
2026-09-29T22:45:17-10:00job:github_sync_all | — [skills] local and GitHub already match
2026-09-29T22:45:17-10:00job:github_sync_all | — [skills] nothing to push
2026-09-29T22:45:17-10:00job:security_camera_frame_grab RUN  bash "/home/rootrecord/RootRecord-Ecosystem/1 - Servers/1 - RootRecord-Pacific-Solar-Server/Security/Cameras/grab_all.sh"
2026-09-29T22:45:32-10:00job:security_camera_frame_grab | 22:45:17  📷  a-eyes  ch1 → ch1-20260930T084517Z.jpg  (355.3 KB, 4.33s)
2026-09-29T22:45:32-10:00job:security_camera_frame_grab | 22:45:22  📷  a-eyes  ch2 → ch2-20260930T084522Z.jpg  (322.6 KB, 4.38s)
2026-09-29T22:45:32-10:00job:security_camera_frame_grab | 22:45:26  📷  a-eyes  ch3 → ch3-20260930T084526Z.jpg  (355.5 KB, 4.48s)
2026-09-29T22:45:32-10:00job:security_camera_frame_grab | 22:45:31  📷  a-eyes  ch4 → ch4-20260930T084531Z.jpg  (12.5 KB, 1.61s)
2026-09-29T22:45:34-10:00  ▸  SUMMARY=delta2 soc=7% solar=0W ac_out=57W usbc=9W src=api db=ok
2026-09-29T22:45:34-10:00job:sys_stats_cycle RUN  bash "/home/rootrecord/RootRecord-Ecosystem/1 - Servers/1 - RootRecord-Pacific-Solar-Server/System/scripts/sys-sample.sh"
2026-09-29T22:45:34-10:00job:sys_stats_cycle | SYSTEM  cpu=6%  load=0.44  mem=49%  src=sqlite
2026-09-29T22:45:34-10:00job:sys_stats_cycle | OK wrote /home/rootrecord/RootRecord-Ecosystem/2 - RootRecord-Database/System/samples/sys-20260929-224534.json
2026-09-29T22:45:46-10:00job:github_sync_all | — [ecosystem] no committable local changes
2026-09-29T22:45:46-10:00job:github_sync_all | ↓ [ecosystem] fetching origin/main
2026-09-29T22:45:46-10:00job:github_sync_all | From github.com:RootRecord-Software-Solutions/RootRecord-Ecosystem
2026-09-29T22:45:46-10:00job:github_sync_all | * branch            main       -> FETCH_HEAD
2026-09-29T22:45:46-10:00job:github_sync_all | — [ecosystem] local and GitHub already match
2026-09-29T22:45:46-10:00job:github_sync_all | — [ecosystem] nothing to push
2026-09-29T22:45:46-10:00job:github_sync_all | — [skills] no local changes
2026-09-29T22:45:46-10:00job:github_sync_all | ↓ [skills] fetching origin/main
2026-09-29T22:45:46-10:00job:github_sync_all | From github.com:rootrecordsoftwaresolutions/Solar-Pacific-RootRecord-Server
2026-09-29T22:45:46-10:00job:github_sync_all | * branch            main       -> FETCH_HEAD
2026-09-29T22:45:46-10:00job:github_sync_all | — [skills] local and GitHub already match
2026-09-29T22:45:46-10:00job:github_sync_all | — [skills] nothing to push
2026-09-29T22:45:46-10:00job:security_camera_frame_grab RUN  bash "/home/rootrecord/RootRecord-Ecosystem/1 - Servers/1 - RootRecord-Pacific-Solar-Server/Security/Cameras/grab_all.sh"
2026-09-29T22:46:01-10:00job:security_camera_frame_grab | 22:45:46  📷  a-eyes  ch1 → ch1-20260930T084546Z.jpg  (355.7 KB, 4.33s)
2026-09-29T22:46:01-10:00job:security_camera_frame_grab | 22:45:51  📷  a-eyes  ch2 → ch2-20260930T084551Z.jpg  (323.3 KB, 4.45s)
2026-09-29T22:46:01-10:00job:security_camera_frame_grab | 22:45:55  📷  a-eyes  ch3 → ch3-20260930T084555Z.jpg  (357.5 KB, 4.50s)
2026-09-29T22:46:01-10:00job:security_camera_frame_grab | 22:46:00  📷  a-eyes  ch4 → ch4-20260930T084600Z.jpg  (12.5 KB, 1.48s)
2026-09-29T22:46:01-10:00ENERGY  status=live  B2=7%  B1=100%  solar=0 W  ac=57 W  usbc=9 W  src=/home/rootrecord/RootRecord-Ecosystem/2 - RootRecord-Database/Energy  LAP=49%/Charging/AC
2026-09-29T22:46:03-10:00  ▸  SUMMARY=delta2 soc=7% solar=0W ac_out=57W usbc=9W src=api db=ok
2026-09-29T22:46:03-10:00job:sys_stats_cycle RUN  bash "/home/rootrecord/RootRecord-Ecosystem/1 - Servers/1 - RootRecord-Pacific-Solar-Server/System/scripts/sys-sample.sh"
2026-09-29T22:46:03-10:00job:sys_stats_cycle | SYSTEM  cpu=6%  load=0.52  mem=49%  src=sqlite
2026-09-29T22:46:03-10:00job:sys_stats_cycle | OK wrote /home/rootrecord/RootRecord-Ecosystem/2 - RootRecord-Database/System/samples/sys-20260929-224603.json
2026-09-29T22:46:16-10:00job:github_sync_all | — [ecosystem] no committable local changes
2026-09-29T22:46:16-10:00job:github_sync_all | ↓ [ecosystem] fetching origin/main
2026-09-29T22:46:16-10:00job:github_sync_all | From github.com:RootRecord-Software-Solutions/RootRecord-Ecosystem
2026-09-29T22:46:16-10:00job:github_sync_all | * branch            main       -> FETCH_HEAD
2026-09-29T22:46:16-10:00job:github_sync_all | — [ecosystem] local and GitHub already match
2026-09-29T22:46:16-10:00job:github_sync_all | — [ecosystem] nothing to push
2026-09-29T22:46:16-10:00job:github_sync_all | — [skills] no local changes
2026-09-29T22:46:16-10:00job:github_sync_all | ↓ [skills] fetching origin/main
2026-09-29T22:46:16-10:00job:github_sync_all | From github.com:rootrecordsoftwaresolutions/Solar-Pacific-RootRecord-Server
2026-09-29T22:46:16-10:00job:github_sync_all | * branch            main       -> FETCH_HEAD
2026-09-29T22:46:16-10:00job:github_sync_all | — [skills] local and GitHub already match
2026-09-29T22:46:16-10:00job:github_sync_all | — [skills] nothing to push
2026-09-29T22:46:16-10:00job:worklog_scan RUN  bash "/home/rootrecord/RootRecord-Ecosystem/1 - Servers/1 - RootRecord-Pacific-Solar-Server/Reports/scripts/worklog_once.sh"
2026-09-29T22:46:17-10:00job:worklog_scan | OK wrote/updated /home/rootrecord/RootRecord-Ecosystem/2 - RootRecord-Database/Worklog/worklog_current.md
2026-09-29T22:46:17-10:00job:security_camera_frame_grab RUN  bash "/home/rootrecord/RootRecord-Ecosystem/1 - Servers/1 - RootRecord-Pacific-Solar-Server/Security/Cameras/grab_all.sh"
2026-09-29T22:46:32-10:00job:security_camera_frame_grab | 22:46:17  📷  a-eyes  ch1 → ch1-20260930T084617Z.jpg  (355.1 KB, 4.37s)
2026-09-29T22:46:32-10:00job:security_camera_frame_grab | 22:46:21  📷  a-eyes  ch2 → ch2-20260930T084621Z.jpg  (323.6 KB, 4.47s)
2026-09-29T22:46:32-10:00job:security_camera_frame_grab | 22:46:26  📷  a-eyes  ch3 → ch3-20260930T084626Z.jpg  (355.5 KB, 4.37s)
2026-09-29T22:46:32-10:00job:security_camera_frame_grab | 22:46:30  📷  a-eyes  ch4 → ch4-20260930T084630Z.jpg  (12.5 KB, 1.52s)
2026-09-29T22:46:33-10:00  ▸  SUMMARY=delta2 soc=7% solar=0W ac_out=57W usbc=9W src=api db=ok
2026-09-29T22:46:33-10:00job:sys_stats_cycle RUN  bash "/home/rootrecord/RootRecord-Ecosystem/1 - Servers/1 - RootRecord-Pacific-Solar-Server/System/scripts/sys-sample.sh"
2026-09-29T22:46:34-10:00job:sys_stats_cycle | SYSTEM  cpu=7%  load=0.66  mem=49%  src=sqlite
2026-09-29T22:46:34-10:00job:sys_stats_cycle | OK wrote /home/rootrecord/RootRecord-Ecosystem/2 - RootRecord-Database/System/samples/sys-20260929-224634.json
2026-09-29T22:46:46-10:00job:github_sync_all | — [ecosystem] no committable local changes
2026-09-29T22:46:46-10:00job:github_sync_all | ↓ [ecosystem] fetching origin/main
2026-09-29T22:46:46-10:00job:github_sync_all | From github.com:RootRecord-Software-Solutions/RootRecord-Ecosystem
2026-09-29T22:46:46-10:00job:github_sync_all | * branch            main       -> FETCH_HEAD
2026-09-29T22:46:46-10:00job:github_sync_all | — [ecosystem] local and GitHub already match
2026-09-29T22:46:46-10:00job:github_sync_all | — [ecosystem] nothing to push
2026-09-29T22:46:46-10:00job:github_sync_all | — [skills] no local changes
2026-09-29T22:46:46-10:00job:github_sync_all | ↓ [skills] fetching origin/main
2026-09-29T22:46:46-10:00job:github_sync_all | From github.com:rootrecordsoftwaresolutions/Solar-Pacific-RootRecord-Server
2026-09-29T22:46:46-10:00job:github_sync_all | * branch            main       -> FETCH_HEAD
2026-09-29T22:46:46-10:00job:github_sync_all | — [skills] local and GitHub already match
2026-09-29T22:46:46-10:00job:github_sync_all | — [skills] nothing to push
2026-09-29T22:46:46-10:00job:security_camera_frame_grab RUN  bash "/home/rootrecord/RootRecord-Ecosystem/1 - Servers/1 - RootRecord-Pacific-Solar-Server/Security/Cameras/grab_all.sh"
2026-09-29T22:47:01-10:00job:security_camera_frame_grab | 22:46:46  📷  a-eyes  ch1 → ch1-20260930T084646Z.jpg  (355.8 KB, 4.33s)
2026-09-29T22:47:01-10:00job:security_camera_frame_grab | 22:46:51  📷  a-eyes  ch2 → ch2-20260930T084651Z.jpg  (314.2 KB, 4.38s)
2026-09-29T22:47:01-10:00job:security_camera_frame_grab | 22:46:55  📷  a-eyes  ch3 → ch3-20260930T084655Z.jpg  (357.4 KB, 4.57s)
2026-09-29T22:47:01-10:00job:security_camera_frame_grab | 22:47:00  📷  a-eyes  ch4 → ch4-20260930T084700Z.jpg  (12.5 KB, 1.48s)
2026-09-29T22:47:02-10:00ENERGY  status=live  B2=7%  B1=100%  solar=0 W  ac=57 W  usbc=9 W  src=/home/rootrecord/RootRecord-Ecosystem/2 - RootRecord-Database/Energy  LAP=50%/Charging/AC
2026-09-29T22:47:03-10:00  ▸  SUMMARY=delta2 soc=7% solar=0W ac_out=57W usbc=9W src=api db=ok
2026-09-29T22:47:03-10:00job:sys_stats_cycle RUN  bash "/home/rootrecord/RootRecord-Ecosystem/1 - Servers/1 - RootRecord-Pacific-Solar-Server/System/scripts/sys-sample.sh"
2026-09-29T22:47:04-10:00job:sys_stats_cycle | SYSTEM  cpu=6%  load=0.86  mem=50%  src=sqlite
2026-09-29T22:47:04-10:00job:sys_stats_cycle | OK wrote /home/rootrecord/RootRecord-Ecosystem/2 - RootRecord-Database/System/samples/sys-20260929-224704.json
2026-09-29T22:47:15-10:00job:github_sync_all | — [ecosystem] no committable local changes
2026-09-29T22:47:15-10:00job:github_sync_all | ↓ [ecosystem] fetching origin/main
2026-09-29T22:47:15-10:00job:github_sync_all | From github.com:RootRecord-Software-Solutions/RootRecord-Ecosystem
2026-09-29T22:47:15-10:00job:github_sync_all | * branch            main       -> FETCH_HEAD
2026-09-29T22:47:15-10:00job:github_sync_all | — [ecosystem] local and GitHub already match
2026-09-29T22:47:15-10:00job:github_sync_all | — [ecosystem] nothing to push
2026-09-29T22:47:15-10:00job:github_sync_all | — [skills] no local changes
2026-09-29T22:47:15-10:00job:github_sync_all | ↓ [skills] fetching origin/main
2026-09-29T22:47:15-10:00job:github_sync_all | From github.com:rootrecordsoftwaresolutions/Solar-Pacific-RootRecord-Server
2026-09-29T22:47:15-10:00job:github_sync_all | * branch            main       -> FETCH_HEAD
2026-09-29T22:47:15-10:00job:github_sync_all | — [skills] local and GitHub already match
2026-09-29T22:47:15-10:00job:github_sync_all | — [skills] nothing to push
2026-09-29T22:47:15-10:00job:security_camera_frame_grab RUN  bash "/home/rootrecord/RootRecord-Ecosystem/1 - Servers/1 - RootRecord-Pacific-Solar-Server/Security/Cameras/grab_all.sh"
2026-09-29T22:47:30-10:00job:security_camera_frame_grab | 22:47:15  📷  a-eyes  ch1 → ch1-20260930T084715Z.jpg  (352.7 KB, 4.33s)
2026-09-29T22:47:30-10:00job:security_camera_frame_grab | 22:47:20  📷  a-eyes  ch2 → ch2-20260930T084720Z.jpg  (322.3 KB, 4.38s)
2026-09-29T22:47:30-10:00job:security_camera_frame_grab | 22:47:24  📷  a-eyes  ch3 → ch3-20260930T084724Z.jpg  (345.0 KB, 4.46s)
2026-09-29T22:47:30-10:00job:security_camera_frame_grab | 22:47:29  📷  a-eyes  ch4 → ch4-20260930T084729Z.jpg  (12.5 KB, 1.71s)
2026-09-29T22:47:32-10:00  ▸  SUMMARY=delta2 soc=7% solar=0W ac_out=57W usbc=9W src=api db=ok
2026-09-29T22:47:32-10:00job:sys_stats_cycle RUN  bash "/home/rootrecord/RootRecord-Ecosystem/1 - Servers/1 - RootRecord-Pacific-Solar-Server/System/scripts/sys-sample.sh"
2026-09-29T22:47:32-10:00job:sys_stats_cycle | SYSTEM  cpu=7%  load=0.63  mem=49%  src=sqlite
2026-09-29T22:47:32-10:00job:sys_stats_cycle | OK wrote /home/rootrecord/RootRecord-Ecosystem/2 - RootRecord-Database/System/samples/sys-20260929-224732.json
2026-09-29T22:47:44-10:00job:github_sync_all | — [ecosystem] no committable local changes
2026-09-29T22:47:44-10:00job:github_sync_all | ↓ [ecosystem] fetching origin/main
2026-09-29T22:47:44-10:00job:github_sync_all | From github.com:RootRecord-Software-Solutions/RootRecord-Ecosystem
2026-09-29T22:47:44-10:00job:github_sync_all | * branch            main       -> FETCH_HEAD
2026-09-29T22:47:44-10:00job:github_sync_all | — [ecosystem] local and GitHub already match
2026-09-29T22:47:44-10:00job:github_sync_all | — [ecosystem] nothing to push
2026-09-29T22:47:44-10:00job:github_sync_all | — [skills] no local changes
2026-09-29T22:47:44-10:00job:github_sync_all | ↓ [skills] fetching origin/main
2026-09-29T22:47:44-10:00job:github_sync_all | From github.com:rootrecordsoftwaresolutions/Solar-Pacific-RootRecord-Server
2026-09-29T22:47:44-10:00job:github_sync_all | * branch            main       -> FETCH_HEAD
2026-09-29T22:47:44-10:00job:github_sync_all | — [skills] local and GitHub already match
2026-09-29T22:47:44-10:00job:github_sync_all | — [skills] nothing to push
2026-09-29T22:47:44-10:00job:security_camera_frame_grab RUN  bash "/home/rootrecord/RootRecord-Ecosystem/1 - Servers/1 - RootRecord-Pacific-Solar-Server/Security/Cameras/grab_all.sh"
2026-09-29T22:47:59-10:00job:security_camera_frame_grab | 22:47:44  📷  a-eyes  ch1 → ch1-20260930T084744Z.jpg  (352.7 KB, 4.45s)
2026-09-29T22:47:59-10:00job:security_camera_frame_grab | 22:47:48  📷  a-eyes  ch2 → ch2-20260930T084748Z.jpg  (322.9 KB, 4.46s)
2026-09-29T22:47:59-10:00job:security_camera_frame_grab | 22:47:53  📷  a-eyes  ch3 → ch3-20260930T084753Z.jpg  (353.4 KB, 4.27s)
2026-09-29T22:47:59-10:00job:security_camera_frame_grab | 22:47:57  📷  a-eyes  ch4 → ch4-20260930T084757Z.jpg  (12.5 KB, 1.63s)
2026-09-29T22:48:00-10:00  ▸  SUMMARY=river2pro soc=100% solar=0W ac_out=64W usbc=0W src=api db=ok
2026-09-29T22:48:00-10:00job:sys_stats_cycle RUN  bash "/home/rootrecord/RootRecord-Ecosystem/1 - Servers/1 - RootRecord-Pacific-Solar-Server/System/scripts/sys-sample.sh"
2026-09-29T22:48:01-10:00job:sys_stats_cycle | SYSTEM  cpu=4%  load=0.64  mem=50%  src=sqlite
2026-09-29T22:48:01-10:00job:sys_stats_cycle | OK wrote /home/rootrecord/RootRecord-Ecosystem/2 - RootRecord-Database/System/samples/sys-20260929-224800.json
2026-09-29T22:48:13-10:00job:github_sync_all | — [ecosystem] no committable local changes
2026-09-29T22:48:13-10:00job:github_sync_all | ↓ [ecosystem] fetching origin/main
2026-09-29T22:48:13-10:00job:github_sync_all | From github.com:RootRecord-Software-Solutions/RootRecord-Ecosystem
2026-09-29T22:48:13-10:00job:github_sync_all | * branch            main       -> FETCH_HEAD
2026-09-29T22:48:13-10:00job:github_sync_all | — [ecosystem] local and GitHub already match
2026-09-29T22:48:13-10:00job:github_sync_all | — [ecosystem] nothing to push
2026-09-29T22:48:13-10:00job:github_sync_all | — [skills] no local changes
2026-09-29T22:48:13-10:00job:github_sync_all | ↓ [skills] fetching origin/main
2026-09-29T22:48:13-10:00job:github_sync_all | From github.com:rootrecordsoftwaresolutions/Solar-Pacific-RootRecord-Server
2026-09-29T22:48:13-10:00job:github_sync_all | * branch            main       -> FETCH_HEAD
2026-09-29T22:48:13-10:00job:github_sync_all | — [skills] local and GitHub already match
2026-09-29T22:48:13-10:00job:github_sync_all | — [skills] nothing to push
2026-09-29T22:48:13-10:00job:worklog_scan RUN  bash "/home/rootrecord/RootRecord-Ecosystem/1 - Servers/1 - RootRecord-Pacific-Solar-Server/Reports/scripts/worklog_once.sh"
2026-09-29T22:48:14-10:00job:worklog_scan | OK wrote/updated /home/rootrecord/RootRecord-Ecosystem/2 - RootRecord-Database/Worklog/worklog_current.md
2026-09-29T22:48:14-10:00job:security_camera_frame_grab RUN  bash "/home/rootrecord/RootRecord-Ecosystem/1 - Servers/1 - RootRecord-Pacific-Solar-Server/Security/Cameras/grab_all.sh"
2026-09-29T22:48:30-10:00job:security_camera_frame_grab | 22:48:14  📷  a-eyes  ch1 → ch1-20260930T084814Z.jpg  (353.2 KB, 4.66s)
2026-09-29T22:48:30-10:00job:security_camera_frame_grab | 22:48:19  📷  a-eyes  ch2 → ch2-20260930T084819Z.jpg  (322.7 KB, 4.69s)
2026-09-29T22:48:30-10:00job:security_camera_frame_grab | 22:48:23  📷  a-eyes  ch3 → ch3-20260930T084823Z.jpg  (357.3 KB, 4.46s)
2026-09-29T22:48:30-10:00job:security_camera_frame_grab | 22:48:28  📷  a-eyes  ch4 → ch4-20260930T084828Z.jpg  (12.6 KB, 1.71s)
2026-09-29T22:48:30-10:00ENERGY  status=live  B2=7%  B1=100%  solar=0 W  ac=57 W  usbc=9 W  src=/home/rootrecord/RootRecord-Ecosystem/2 - RootRecord-Database/Energy  LAP=52%/Charging/AC
2026-09-29T22:48:31-10:00  ▸  SUMMARY=delta2 soc=7% solar=0W ac_out=57W usbc=9W src=api db=ok
2026-09-29T22:48:31-10:00job:sys_stats_cycle RUN  bash "/home/rootrecord/RootRecord-Ecosystem/1 - Servers/1 - RootRecord-Pacific-Solar-Server/System/scripts/sys-sample.sh"
2026-09-29T22:48:31-10:00job:sys_stats_cycle | SYSTEM  cpu=8%  load=0.88  mem=50%  src=sqlite
2026-09-29T22:48:31-10:00job:sys_stats_cycle | OK wrote /home/rootrecord/RootRecord-Ecosystem/2 - RootRecord-Database/System/samples/sys-20260929-224831.json
2026-09-29T22:48:44-10:00job:github_sync_all | — [ecosystem] no committable local changes
2026-09-29T22:48:44-10:00job:github_sync_all | ↓ [ecosystem] fetching origin/main
2026-09-29T22:48:44-10:00job:github_sync_all | From github.com:RootRecord-Software-Solutions/RootRecord-Ecosystem
2026-09-29T22:48:44-10:00job:github_sync_all | * branch            main       -> FETCH_HEAD
2026-09-29T22:48:44-10:00job:github_sync_all | — [ecosystem] local and GitHub already match
2026-09-29T22:48:44-10:00job:github_sync_all | — [ecosystem] nothing to push
2026-09-29T22:48:44-10:00job:github_sync_all | — [skills] no local changes
2026-09-29T22:48:44-10:00job:github_sync_all | ↓ [skills] fetching origin/main
2026-09-29T22:48:44-10:00job:github_sync_all | From github.com:rootrecordsoftwaresolutions/Solar-Pacific-RootRecord-Server
2026-09-29T22:48:44-10:00job:github_sync_all | * branch            main       -> FETCH_HEAD
2026-09-29T22:48:44-10:00job:github_sync_all | — [skills] local and GitHub already match
2026-09-29T22:48:44-10:00job:github_sync_all | — [skills] nothing to push
2026-09-29T22:48:44-10:00job:security_camera_frame_grab RUN  bash "/home/rootrecord/RootRecord-Ecosystem/1 - Servers/1 - RootRecord-Pacific-Solar-Server/Security/Cameras/grab_all.sh"
2026-09-29T22:49:01-10:00job:security_camera_frame_grab | 22:48:44  📷  a-eyes  ch1 → ch1-20260930T084844Z.jpg  (354.3 KB, 5.66s)
2026-09-29T22:49:01-10:00job:security_camera_frame_grab | 22:48:50  📷  a-eyes  ch2 → ch2-20260930T084850Z.jpg  (322.7 KB, 4.57s)
2026-09-29T22:49:01-10:00job:security_camera_frame_grab | 22:48:55  📷  a-eyes  ch3 → ch3-20260930T084855Z.jpg  (362.1 KB, 4.47s)
2026-09-29T22:49:01-10:00job:security_camera_frame_grab | 22:48:59  📷  a-eyes  ch4 → ch4-20260930T084859Z.jpg  (12.6 KB, 1.59s)
2026-09-29T22:49:02-10:00  ▸  SUMMARY=delta2 soc=7% solar=0W ac_out=57W usbc=9W src=api db=ok
2026-09-29T22:49:02-10:00job:sys_stats_cycle RUN  bash "/home/rootrecord/RootRecord-Ecosystem/1 - Servers/1 - RootRecord-Pacific-Solar-Server/System/scripts/sys-sample.sh"
2026-09-29T22:49:03-10:00job:sys_stats_cycle | SYSTEM  cpu=4%  load=0.83  mem=49%  src=sqlite
2026-09-29T22:49:03-10:00job:sys_stats_cycle | OK wrote /home/rootrecord/RootRecord-Ecosystem/2 - RootRecord-Database/System/samples/sys-20260929-224903.json
2026-09-29T22:49:14-10:00job:github_sync_all | — [ecosystem] no committable local changes
2026-09-29T22:49:14-10:00job:github_sync_all | ↓ [ecosystem] fetching origin/main
2026-09-29T22:49:14-10:00job:github_sync_all | From github.com:RootRecord-Software-Solutions/RootRecord-Ecosystem
2026-09-29T22:49:14-10:00job:github_sync_all | * branch            main       -> FETCH_HEAD
2026-09-29T22:49:14-10:00job:github_sync_all | — [ecosystem] local and GitHub already match
2026-09-29T22:49:14-10:00job:github_sync_all | — [ecosystem] nothing to push
2026-09-29T22:49:14-10:00job:github_sync_all | — [skills] no local changes
2026-09-29T22:49:14-10:00job:github_sync_all | ↓ [skills] fetching origin/main
2026-09-29T22:49:14-10:00job:github_sync_all | From github.com:rootrecordsoftwaresolutions/Solar-Pacific-RootRecord-Server
2026-09-29T22:49:14-10:00job:github_sync_all | * branch            main       -> FETCH_HEAD
2026-09-29T22:49:14-10:00job:github_sync_all | — [skills] local and GitHub already match
2026-09-29T22:49:14-10:00job:github_sync_all | — [skills] nothing to push
2026-09-29T22:49:14-10:00job:security_camera_frame_grab RUN  bash "/home/rootrecord/RootRecord-Ecosystem/1 - Servers/1 - RootRecord-Pacific-Solar-Server/Security/Cameras/grab_all.sh"
2026-09-29T22:49:29-10:00job:security_camera_frame_grab | 22:49:14  📷  a-eyes  ch1 → ch1-20260930T084914Z.jpg  (352.2 KB, 4.53s)
2026-09-29T22:49:29-10:00job:security_camera_frame_grab | 22:49:19  📷  a-eyes  ch2 → ch2-20260930T084919Z.jpg  (323.7 KB, 4.38s)
2026-09-29T22:49:29-10:00job:security_camera_frame_grab | 22:49:23  📷  a-eyes  ch3 → ch3-20260930T084923Z.jpg  (357.9 KB, 4.37s)
2026-09-29T22:49:29-10:00job:security_camera_frame_grab | 22:49:28  📷  a-eyes  ch4 → ch4-20260930T084928Z.jpg  (12.5 KB, 1.70s)
2026-09-29T22:49:29-10:00job:service_supervisor RUN  bash "/home/rootrecord/RootRecord-Ecosystem/1 - Servers/1 - RootRecord-Pacific-Solar-Server/Automations/scripts/supervise-services.sh"
2026-09-29T22:49:30-10:00job:service_supervisor | [supervisor] weather alive pid=5264 (act)
2026-09-29T22:49:30-10:00job:service_supervisor | [supervisor] relay alive pid=4735 (act)
2026-09-29T22:49:30-10:00ENERGY  status=live  B2=7%  B1=100%  solar=0 W  ac=57 W  usbc=9 W  src=/home/rootrecord/RootRecord-Ecosystem/2 - RootRecord-Database/Energy  LAP=52%/Charging/AC
2026-09-29T22:49:31-10:00  ▸  SUMMARY=delta2 soc=7% solar=0W ac_out=57W usbc=9W src=api db=ok
2026-09-29T22:49:31-10:00job:sys_stats_cycle RUN  bash "/home/rootrecord/RootRecord-Ecosystem/1 - Servers/1 - RootRecord-Pacific-Solar-Server/System/scripts/sys-sample.sh"
2026-09-29T22:49:31-10:00job:sys_stats_cycle | SYSTEM  cpu=5%  load=0.55  mem=49%  src=sqlite
2026-09-29T22:49:31-10:00job:sys_stats_cycle | OK wrote /home/rootrecord/RootRecord-Ecosystem/2 - RootRecord-Database/System/samples/sys-20260929-224931.json
2026-09-29T22:49:47-10:00job:github_sync_all | ↑ [ecosystem] committed 1 local file(s)
2026-09-29T22:49:47-10:00job:github_sync_all | ↓ [ecosystem] fetching origin/main
2026-09-29T22:49:47-10:00job:github_sync_all | From github.com:RootRecord-Software-Solutions/RootRecord-Ecosystem
2026-09-29T22:49:47-10:00job:github_sync_all | * branch            main       -> FETCH_HEAD
2026-09-29T22:49:47-10:00job:github_sync_all | ↑ [ecosystem] local is ahead of GitHub
2026-09-29T22:49:47-10:00job:github_sync_all | To github.com:RootRecord-Software-Solutions/RootRecord-Ecosystem.git
2026-09-29T22:49:47-10:00job:github_sync_all | 0231c72..efd2b5a  HEAD -> main
2026-09-29T22:49:47-10:00job:github_sync_all | branch 'main' set up to track 'origin/main'.
2026-09-29T22:49:47-10:00job:github_sync_all | ↑ [ecosystem] 1 files → RootRecord-Software-Solutions/RootRecord-Ecosystem (main)
2026-09-29T22:49:47-10:00job:github_sync_all | — [skills] no local changes
2026-09-29T22:49:47-10:00job:github_sync_all | ↓ [skills] fetching origin/main
2026-09-29T22:49:47-10:00job:github_sync_all | From github.com:rootrecordsoftwaresolutions/Solar-Pacific-RootRecord-Server
2026-09-29T22:49:47-10:00job:github_sync_all | * branch            main       -> FETCH_HEAD
2026-09-29T22:49:47-10:00job:github_sync_all | — [skills] local and GitHub already match
2026-09-29T22:49:47-10:00job:github_sync_all | — [skills] nothing to push
2026-09-29T22:49:47-10:00job:worklog_scan RUN  bash "/home/rootrecord/RootRecord-Ecosystem/1 - Servers/1 - RootRecord-Pacific-Solar-Server/Reports/scripts/worklog_once.sh"
2026-09-29T22:49:50-10:00job:worklog_scan | OK wrote/updated /home/rootrecord/RootRecord-Ecosystem/2 - RootRecord-Database/Worklog/worklog_current.md
2026-09-29T22:49:50-10:00job:security_camera_frame_grab RUN  bash "/home/rootrecord/RootRecord-Ecosystem/1 - Servers/1 - RootRecord-Pacific-Solar-Server/Security/Cameras/grab_all.sh"
2026-09-29T22:50:05-10:00job:security_camera_frame_grab | 22:49:50  📷  a-eyes  ch1 → ch1-20260930T084950Z.jpg  (353.2 KB, 4.64s)
2026-09-29T22:50:05-10:00job:security_camera_frame_grab | 22:49:55  📷  a-eyes  ch2 → ch2-20260930T084955Z.jpg  (322.6 KB, 4.36s)
2026-09-29T22:50:05-10:00job:security_camera_frame_grab | 22:49:59  📷  a-eyes  ch3 → ch3-20260930T084959Z.jpg  (358.4 KB, 4.43s)
2026-09-29T22:50:05-10:00job:security_camera_frame_grab | 22:50:03  📷  a-eyes  ch4 → ch4-20260930T085003Z.jpg  (12.5 KB, 1.65s)
2026-09-29T22:50:06-10:00  ▸  SUMMARY=river2pro soc=100% solar=0W ac_out=64W usbc=0W src=api db=ok
2026-09-29T22:50:06-10:00job:sys_stats_cycle RUN  bash "/home/rootrecord/RootRecord-Ecosystem/1 - Servers/1 - RootRecord-Pacific-Solar-Server/System/scripts/sys-sample.sh"
2026-09-29T22:50:07-10:00job:sys_stats_cycle | SYSTEM  cpu=5%  load=0.48  mem=50%  src=sqlite
2026-09-29T22:50:07-10:00job:sys_stats_cycle | OK wrote /home/rootrecord/RootRecord-Ecosystem/2 - RootRecord-Database/System/samples/sys-20260929-225007.json
2026-09-29T22:50:21-10:00job:github_sync_all | — [ecosystem] no committable local changes
2026-09-29T22:50:21-10:00job:github_sync_all | ↓ [ecosystem] fetching origin/main
2026-09-29T22:50:21-10:00job:github_sync_all | From github.com:RootRecord-Software-Solutions/RootRecord-Ecosystem
2026-09-29T22:50:21-10:00job:github_sync_all | * branch            main       -> FETCH_HEAD
2026-09-29T22:50:21-10:00job:github_sync_all | — [ecosystem] local and GitHub already match
2026-09-29T22:50:21-10:00job:github_sync_all | — [ecosystem] nothing to push
2026-09-29T22:50:21-10:00job:github_sync_all | — [skills] no local changes
2026-09-29T22:50:21-10:00job:github_sync_all | ↓ [skills] fetching origin/main
2026-09-29T22:50:21-10:00job:github_sync_all | From github.com:rootrecordsoftwaresolutions/Solar-Pacific-RootRecord-Server
2026-09-29T22:50:21-10:00job:github_sync_all | * branch            main       -> FETCH_HEAD
2026-09-29T22:50:21-10:00job:github_sync_all | — [skills] local and GitHub already match
2026-09-29T22:50:21-10:00job:github_sync_all | — [skills] nothing to push
2026-09-29T22:50:21-10:00job:security_camera_frame_grab RUN  bash "/home/rootrecord/RootRecord-Ecosystem/1 - Servers/1 - RootRecord-Pacific-Solar-Server/Security/Cameras/grab_all.sh"
2026-09-29T22:50:36-10:00job:security_camera_frame_grab | 22:50:21  📷  a-eyes  ch1 → ch1-20260930T085021Z.jpg  (353.7 KB, 4.43s)
2026-09-29T22:50:36-10:00job:security_camera_frame_grab | 22:50:26  📷  a-eyes  ch2 → ch2-20260930T085026Z.jpg  (323.2 KB, 4.38s)
2026-09-29T22:50:36-10:00job:security_camera_frame_grab | 22:50:30  📷  a-eyes  ch3 → ch3-20260930T085030Z.jpg  (357.5 KB, 4.47s)
2026-09-29T22:50:36-10:00job:security_camera_frame_grab | 22:50:34  📷  a-eyes  ch4 → ch4-20260930T085034Z.jpg  (12.6 KB, 1.60s)
2026-09-29T22:50:36-10:00ENERGY  status=live  B2=7%  B1=100%  solar=0 W  ac=57 W  usbc=9 W  src=/home/rootrecord/RootRecord-Ecosystem/2 - RootRecord-Database/Energy  LAP=53%/Charging/AC
2026-09-29T22:50:37-10:00  ▸  SUMMARY=river2pro soc=100% solar=0W ac_out=64W usbc=0W src=api db=ok
2026-09-29T22:50:37-10:00job:sys_stats_cycle RUN  bash "/home/rootrecord/RootRecord-Ecosystem/1 - Servers/1 - RootRecord-Pacific-Solar-Server/System/scripts/sys-sample.sh"
2026-09-29T22:50:38-10:00job:sys_stats_cycle | SYSTEM  cpu=4%  load=0.97  mem=50%  src=sqlite
2026-09-29T22:50:38-10:00job:sys_stats_cycle | OK wrote /home/rootrecord/RootRecord-Ecosystem/2 - RootRecord-Database/System/samples/sys-20260929-225038.json
2026-09-29T22:50:49-10:00job:github_sync_all | — [ecosystem] no committable local changes
2026-09-29T22:50:49-10:00job:github_sync_all | ↓ [ecosystem] fetching origin/main
2026-09-29T22:50:49-10:00job:github_sync_all | From github.com:RootRecord-Software-Solutions/RootRecord-Ecosystem
2026-09-29T22:50:49-10:00job:github_sync_all | * branch            main       -> FETCH_HEAD
2026-09-29T22:50:49-10:00job:github_sync_all | — [ecosystem] local and GitHub already match
2026-09-29T22:50:49-10:00job:github_sync_all | — [ecosystem] nothing to push
2026-09-29T22:50:49-10:00job:github_sync_all | — [skills] no local changes
2026-09-29T22:50:49-10:00job:github_sync_all | ↓ [skills] fetching origin/main
2026-09-29T22:50:49-10:00job:github_sync_all | From github.com:rootrecordsoftwaresolutions/Solar-Pacific-RootRecord-Server
2026-09-29T22:50:49-10:00job:github_sync_all | * branch            main       -> FETCH_HEAD
2026-09-29T22:50:49-10:00job:github_sync_all | — [skills] local and GitHub already match
2026-09-29T22:50:49-10:00job:github_sync_all | — [skills] nothing to push
2026-09-29T22:50:49-10:00job:security_camera_frame_grab RUN  bash "/home/rootrecord/RootRecord-Ecosystem/1 - Servers/1 - RootRecord-Pacific-Solar-Server/Security/Cameras/grab_all.sh"
2026-09-29T22:51:04-10:00job:security_camera_frame_grab | 22:50:49  📷  a-eyes  ch1 → ch1-20260930T085049Z.jpg  (352.3 KB, 4.37s)
2026-09-29T22:51:04-10:00job:security_camera_frame_grab | 22:50:54  📷  a-eyes  ch2 → ch2-20260930T085054Z.jpg  (323.4 KB, 4.55s)
2026-09-29T22:51:04-10:00job:security_camera_frame_grab | 22:50:58  📷  a-eyes  ch3 → ch3-20260930T085058Z.jpg  (341.7 KB, 4.48s)
2026-09-29T22:51:04-10:00job:security_camera_frame_grab | 22:51:03  📷  a-eyes  ch4 → ch4-20260930T085103Z.jpg  (12.5 KB, 1.61s)
2026-09-29T22:51:05-10:00  ▸  SUMMARY=river2pro soc=100% solar=0W ac_out=64W usbc=0W src=api db=ok
2026-09-29T22:51:05-10:00job:sys_stats_cycle RUN  bash "/home/rootrecord/RootRecord-Ecosystem/1 - Servers/1 - RootRecord-Pacific-Solar-Server/System/scripts/sys-sample.sh"
2026-09-29T22:51:06-10:00job:sys_stats_cycle | SYSTEM  cpu=5%  load=1.02  mem=50%  src=sqlite
2026-09-29T22:51:06-10:00job:sys_stats_cycle | OK wrote /home/rootrecord/RootRecord-Ecosystem/2 - RootRecord-Database/System/samples/sys-20260929-225106.json
2026-09-29T22:51:17-10:00job:github_sync_all | — [ecosystem] no committable local changes
2026-09-29T22:51:17-10:00job:github_sync_all | ↓ [ecosystem] fetching origin/main
2026-09-29T22:51:17-10:00job:github_sync_all | From github.com:RootRecord-Software-Solutions/RootRecord-Ecosystem
2026-09-29T22:51:17-10:00job:github_sync_all | * branch            main       -> FETCH_HEAD
2026-09-29T22:51:17-10:00job:github_sync_all | — [ecosystem] local and GitHub already match
2026-09-29T22:51:17-10:00job:github_sync_all | — [ecosystem] nothing to push
2026-09-29T22:51:17-10:00job:github_sync_all | — [skills] no local changes
2026-09-29T22:51:17-10:00job:github_sync_all | ↓ [skills] fetching origin/main
2026-09-29T22:51:17-10:00job:github_sync_all | From github.com:rootrecordsoftwaresolutions/Solar-Pacific-RootRecord-Server
2026-09-29T22:51:17-10:00job:github_sync_all | * branch            main       -> FETCH_HEAD
2026-09-29T22:51:17-10:00job:github_sync_all | — [skills] local and GitHub already match
2026-09-29T22:51:17-10:00job:github_sync_all | — [skills] nothing to push
2026-09-29T22:51:17-10:00job:worklog_scan RUN  bash "/home/rootrecord/RootRecord-Ecosystem/1 - Servers/1 - RootRecord-Pacific-Solar-Server/Reports/scripts/worklog_once.sh"
2026-09-29T22:51:19-10:00job:worklog_scan | OK wrote/updated /home/rootrecord/RootRecord-Ecosystem/2 - RootRecord-Database/Worklog/worklog_current.md
2026-09-29T22:51:19-10:00job:security_camera_frame_grab RUN  bash "/home/rootrecord/RootRecord-Ecosystem/1 - Servers/1 - RootRecord-Pacific-Solar-Server/Security/Cameras/grab_all.sh"
2026-09-29T22:51:37-10:00job:security_camera_frame_grab | 22:51:19  📷  a-eyes  ch1 → ch1-20260930T085119Z.jpg  (352.3 KB, 4.37s)
2026-09-29T22:51:37-10:00job:security_camera_frame_grab | 22:51:24  📷  a-eyes  ch2 → ch2-20260930T085124Z.jpg  (324.0 KB, 7.22s)
2026-09-29T22:51:37-10:00job:security_camera_frame_grab | 22:51:31  📷  a-eyes  ch3 → ch3-20260930T085131Z.jpg  (355.5 KB, 4.35s)
2026-09-29T22:51:37-10:00job:security_camera_frame_grab | 22:51:35  📷  a-eyes  ch4 → ch4-20260930T085135Z.jpg  (12.5 KB, 1.65s)
2026-09-29T22:51:37-10:00ENERGY  status=live  B2=7%  B1=100%  solar=0 W  ac=57 W  usbc=9 W  src=/home/rootrecord/RootRecord-Ecosystem/2 - RootRecord-Database/Energy  LAP=54%/Charging/AC
2026-09-29T22:51:38-10:00  ▸  SUMMARY=river2pro soc=100% solar=0W ac_out=64W usbc=0W src=api db=ok
2026-09-29T22:51:38-10:00job:sys_stats_cycle RUN  bash "/home/rootrecord/RootRecord-Ecosystem/1 - Servers/1 - RootRecord-Pacific-Solar-Server/System/scripts/sys-sample.sh"
2026-09-29T22:51:39-10:00job:sys_stats_cycle | SYSTEM  cpu=5%  load=0.92  mem=50%  src=sqlite
2026-09-29T22:51:39-10:00job:sys_stats_cycle | OK wrote /home/rootrecord/RootRecord-Ecosystem/2 - RootRecord-Database/System/samples/sys-20260929-225139.json
2026-09-29T22:51:51-10:00job:github_sync_all | — [ecosystem] no committable local changes
2026-09-29T22:51:51-10:00job:github_sync_all | ↓ [ecosystem] fetching origin/main
2026-09-29T22:51:51-10:00job:github_sync_all | From github.com:RootRecord-Software-Solutions/RootRecord-Ecosystem
2026-09-29T22:51:51-10:00job:github_sync_all | * branch            main       -> FETCH_HEAD
2026-09-29T22:51:51-10:00job:github_sync_all | — [ecosystem] local and GitHub already match
2026-09-29T22:51:51-10:00job:github_sync_all | — [ecosystem] nothing to push
2026-09-29T22:51:51-10:00job:github_sync_all | — [skills] no local changes
2026-09-29T22:51:51-10:00job:github_sync_all | ↓ [skills] fetching origin/main
2026-09-29T22:51:51-10:00job:github_sync_all | From github.com:rootrecordsoftwaresolutions/Solar-Pacific-RootRecord-Server
2026-09-29T22:51:51-10:00job:github_sync_all | * branch            main       -> FETCH_HEAD
2026-09-29T22:51:51-10:00job:github_sync_all | — [skills] local and GitHub already match
2026-09-29T22:51:51-10:00job:github_sync_all | — [skills] nothing to push
2026-09-29T22:51:51-10:00job:security_camera_frame_grab RUN  bash "/home/rootrecord/RootRecord-Ecosystem/1 - Servers/1 - RootRecord-Pacific-Solar-Server/Security/Cameras/grab_all.sh"
2026-09-29T22:52:06-10:00job:security_camera_frame_grab | 22:51:51  📷  a-eyes  ch1 → ch1-20260930T085151Z.jpg  (353.2 KB, 4.44s)
2026-09-29T22:52:06-10:00job:security_camera_frame_grab | 22:51:55  📷  a-eyes  ch2 → ch2-20260930T085155Z.jpg  (324.5 KB, 4.57s)
2026-09-29T22:52:06-10:00job:security_camera_frame_grab | 22:52:00  📷  a-eyes  ch3 → ch3-20260930T085200Z.jpg  (354.1 KB, 4.33s)
2026-09-29T22:52:06-10:00job:security_camera_frame_grab | 22:52:04  📷  a-eyes  ch4 → ch4-20260930T085204Z.jpg  (12.6 KB, 1.86s)
2026-09-29T22:52:07-10:00  ▸  SUMMARY=river2pro soc=100% solar=0W ac_out=64W usbc=0W src=api db=ok
2026-09-29T22:52:07-10:00job:sys_stats_cycle RUN  bash "/home/rootrecord/RootRecord-Ecosystem/1 - Servers/1 - RootRecord-Pacific-Solar-Server/System/scripts/sys-sample.sh"
2026-09-29T22:52:08-10:00job:sys_stats_cycle | SYSTEM  cpu=4%  load=0.95  mem=50%  src=sqlite
2026-09-29T22:52:08-10:00job:sys_stats_cycle | OK wrote /home/rootrecord/RootRecord-Ecosystem/2 - RootRecord-Database/System/samples/sys-20260929-225208.json
2026-09-29T22:52:19-10:00job:github_sync_all | — [ecosystem] no committable local changes
2026-09-29T22:52:19-10:00job:github_sync_all | ↓ [ecosystem] fetching origin/main
2026-09-29T22:52:19-10:00job:github_sync_all | From github.com:RootRecord-Software-Solutions/RootRecord-Ecosystem
2026-09-29T22:52:19-10:00job:github_sync_all | * branch            main       -> FETCH_HEAD
2026-09-29T22:52:19-10:00job:github_sync_all | — [ecosystem] local and GitHub already match
2026-09-29T22:52:19-10:00job:github_sync_all | — [ecosystem] nothing to push
2026-09-29T22:52:19-10:00job:github_sync_all | — [skills] no local changes
2026-09-29T22:52:19-10:00job:github_sync_all | ↓ [skills] fetching origin/main
2026-09-29T22:52:19-10:00job:github_sync_all | From github.com:rootrecordsoftwaresolutions/Solar-Pacific-RootRecord-Server
2026-09-29T22:52:19-10:00job:github_sync_all | * branch            main       -> FETCH_HEAD
2026-09-29T22:52:19-10:00job:github_sync_all | — [skills] local and GitHub already match
2026-09-29T22:52:19-10:00job:github_sync_all | — [skills] nothing to push
2026-09-29T22:52:19-10:00job:security_camera_frame_grab RUN  bash "/home/rootrecord/RootRecord-Ecosystem/1 - Servers/1 - RootRecord-Pacific-Solar-Server/Security/Cameras/grab_all.sh"
2026-09-29T22:52:36-10:00job:security_camera_frame_grab | 22:52:19  📷  a-eyes  ch1 → ch1-20260930T085219Z.jpg  (353.5 KB, 5.87s)
2026-09-29T22:52:36-10:00job:security_camera_frame_grab | 22:52:25  📷  a-eyes  ch2 → ch2-20260930T085225Z.jpg  (322.3 KB, 4.36s)
2026-09-29T22:52:36-10:00job:security_camera_frame_grab | 22:52:30  📷  a-eyes  ch3 → ch3-20260930T085230Z.jpg  (344.1 KB, 4.49s)
2026-09-29T22:52:36-10:00job:security_camera_frame_grab | 22:52:34  📷  a-eyes  ch4 → ch4-20260930T085234Z.jpg  (12.5 KB, 1.53s)
2026-09-29T22:52:37-10:00  ▸  SUMMARY=river2pro soc=100% solar=0W ac_out=64W usbc=0W src=api db=ok
2026-09-29T22:52:37-10:00job:sys_stats_cycle RUN  bash "/home/rootrecord/RootRecord-Ecosystem/1 - Servers/1 - RootRecord-Pacific-Solar-Server/System/scripts/sys-sample.sh"
2026-09-29T22:52:37-10:00job:sys_stats_cycle | SYSTEM  cpu=6%  load=0.70  mem=50%  src=sqlite
2026-09-29T22:52:37-10:00job:sys_stats_cycle | OK wrote /home/rootrecord/RootRecord-Ecosystem/2 - RootRecord-Database/System/samples/sys-20260929-225237.json
2026-09-29T22:52:49-10:00job:github_sync_all | — [ecosystem] no committable local changes
2026-09-29T22:52:49-10:00job:github_sync_all | ↓ [ecosystem] fetching origin/main
2026-09-29T22:52:49-10:00job:github_sync_all | From github.com:RootRecord-Software-Solutions/RootRecord-Ecosystem
2026-09-29T22:52:49-10:00job:github_sync_all | * branch            main       -> FETCH_HEAD
2026-09-29T22:52:49-10:00job:github_sync_all | — [ecosystem] local and GitHub already match
2026-09-29T22:52:49-10:00job:github_sync_all | — [ecosystem] nothing to push
2026-09-29T22:52:49-10:00job:github_sync_all | — [skills] no local changes
2026-09-29T22:52:49-10:00job:github_sync_all | ↓ [skills] fetching origin/main
2026-09-29T22:52:49-10:00job:github_sync_all | From github.com:rootrecordsoftwaresolutions/Solar-Pacific-RootRecord-Server
2026-09-29T22:52:49-10:00job:github_sync_all | * branch            main       -> FETCH_HEAD
2026-09-29T22:52:49-10:00job:github_sync_all | — [skills] local and GitHub already match
2026-09-29T22:52:49-10:00job:github_sync_all | — [skills] nothing to push
2026-09-29T22:52:49-10:00job:worklog_scan RUN  bash "/home/rootrecord/RootRecord-Ecosystem/1 - Servers/1 - RootRecord-Pacific-Solar-Server/Reports/scripts/worklog_once.sh"
2026-09-29T22:52:50-10:00job:worklog_scan | OK wrote/updated /home/rootrecord/RootRecord-Ecosystem/2 - RootRecord-Database/Worklog/worklog_current.md
2026-09-29T22:52:50-10:00job:security_camera_frame_grab RUN  bash "/home/rootrecord/RootRecord-Ecosystem/1 - Servers/1 - RootRecord-Pacific-Solar-Server/Security/Cameras/grab_all.sh"
2026-09-29T22:53:04-10:00job:security_camera_frame_grab | 22:52:50  📷  a-eyes  ch1 → ch1-20260930T085250Z.jpg  (352.3 KB, 4.28s)
2026-09-29T22:53:04-10:00job:security_camera_frame_grab | 22:52:54  📷  a-eyes  ch2 → ch2-20260930T085254Z.jpg  (324.3 KB, 4.31s)
2026-09-29T22:53:04-10:00job:security_camera_frame_grab | 22:52:58  📷  a-eyes  ch3 → ch3-20260930T085258Z.jpg  (339.2 KB, 4.44s)
2026-09-29T22:53:04-10:00job:security_camera_frame_grab | 22:53:03  📷  a-eyes  ch4 → ch4-20260930T085303Z.jpg  (12.6 KB, 1.59s)
2026-09-29T22:53:05-10:00ENERGY  status=live  B2=7%  B1=100%  solar=0 W  ac=57 W  usbc=9 W  src=/home/rootrecord/RootRecord-Ecosystem/2 - RootRecord-Database/Energy  LAP=56%/Charging/AC
2026-09-29T22:53:05-10:00  ▸  SUMMARY=river2pro soc=100% solar=0W ac_out=64W usbc=0W src=api db=ok
2026-09-29T22:53:05-10:00job:sys_stats_cycle RUN  bash "/home/rootrecord/RootRecord-Ecosystem/1 - Servers/1 - RootRecord-Pacific-Solar-Server/System/scripts/sys-sample.sh"
2026-09-29T22:53:06-10:00job:sys_stats_cycle | SYSTEM  cpu=5%  load=0.48  mem=50%  src=sqlite
2026-09-29T22:53:06-10:00job:sys_stats_cycle | OK wrote /home/rootrecord/RootRecord-Ecosystem/2 - RootRecord-Database/System/samples/sys-20260929-225306.json
2026-09-29T22:53:17-10:00job:github_sync_all | — [ecosystem] no committable local changes
2026-09-29T22:53:17-10:00job:github_sync_all | ↓ [ecosystem] fetching origin/main
2026-09-29T22:53:17-10:00job:github_sync_all | From github.com:RootRecord-Software-Solutions/RootRecord-Ecosystem
2026-09-29T22:53:17-10:00job:github_sync_all | * branch            main       -> FETCH_HEAD
2026-09-29T22:53:17-10:00job:github_sync_all | — [ecosystem] local and GitHub already match
2026-09-29T22:53:17-10:00job:github_sync_all | — [ecosystem] nothing to push
2026-09-29T22:53:17-10:00job:github_sync_all | — [skills] no local changes
2026-09-29T22:53:17-10:00job:github_sync_all | ↓ [skills] fetching origin/main
2026-09-29T22:53:17-10:00job:github_sync_all | From github.com:rootrecordsoftwaresolutions/Solar-Pacific-RootRecord-Server
2026-09-29T22:53:17-10:00job:github_sync_all | * branch            main       -> FETCH_HEAD
2026-09-29T22:53:17-10:00job:github_sync_all | — [skills] local and GitHub already match
2026-09-29T22:53:17-10:00job:github_sync_all | — [skills] nothing to push
2026-09-29T22:53:17-10:00job:security_camera_frame_grab RUN  bash "/home/rootrecord/RootRecord-Ecosystem/1 - Servers/1 - RootRecord-Pacific-Solar-Server/Security/Cameras/grab_all.sh"
2026-09-29T22:53:33-10:00job:security_camera_frame_grab | 22:53:17  📷  a-eyes  ch1 → ch1-20260930T085317Z.jpg  (353.0 KB, 4.48s)
2026-09-29T22:53:33-10:00job:security_camera_frame_grab | 22:53:22  📷  a-eyes  ch2 → ch2-20260930T085322Z.jpg  (325.0 KB, 4.57s)
2026-09-29T22:53:33-10:00job:security_camera_frame_grab | 22:53:26  📷  a-eyes  ch3 → ch3-20260930T085326Z.jpg  (358.4 KB, 4.72s)
2026-09-29T22:53:33-10:00job:security_camera_frame_grab | 22:53:31  📷  a-eyes  ch4 → ch4-20260930T085331Z.jpg  (12.5 KB, 1.83s)
2026-09-29T22:53:34-10:00  ▸  SUMMARY=delta2 soc=7% solar=0W ac_out=57W usbc=9W src=api db=ok
2026-09-29T22:53:34-10:00job:sys_stats_cycle RUN  bash "/home/rootrecord/RootRecord-Ecosystem/1 - Servers/1 - RootRecord-Pacific-Solar-Server/System/scripts/sys-sample.sh"
2026-09-29T22:53:35-10:00job:sys_stats_cycle | SYSTEM  cpu=4%  load=0.82  mem=50%  src=sqlite
2026-09-29T22:53:35-10:00job:sys_stats_cycle | OK wrote /home/rootrecord/RootRecord-Ecosystem/2 - RootRecord-Database/System/samples/sys-20260929-225335.json
2026-09-29T22:53:46-10:00job:github_sync_all | — [ecosystem] no committable local changes
2026-09-29T22:53:46-10:00job:github_sync_all | ↓ [ecosystem] fetching origin/main
2026-09-29T22:53:46-10:00job:github_sync_all | From github.com:RootRecord-Software-Solutions/RootRecord-Ecosystem
2026-09-29T22:53:46-10:00job:github_sync_all | * branch            main       -> FETCH_HEAD
2026-09-29T22:53:46-10:00job:github_sync_all | — [ecosystem] local and GitHub already match
2026-09-29T22:53:46-10:00job:github_sync_all | — [ecosystem] nothing to push
2026-09-29T22:53:46-10:00job:github_sync_all | — [skills] no local changes
2026-09-29T22:53:46-10:00job:github_sync_all | ↓ [skills] fetching origin/main
2026-09-29T22:53:46-10:00job:github_sync_all | From github.com:rootrecordsoftwaresolutions/Solar-Pacific-RootRecord-Server
2026-09-29T22:53:46-10:00job:github_sync_all | * branch            main       -> FETCH_HEAD
2026-09-29T22:53:46-10:00job:github_sync_all | — [skills] local and GitHub already match
2026-09-29T22:53:46-10:00job:github_sync_all | — [skills] nothing to push
2026-09-29T22:53:46-10:00job:security_camera_frame_grab RUN  bash "/home/rootrecord/RootRecord-Ecosystem/1 - Servers/1 - RootRecord-Pacific-Solar-Server/Security/Cameras/grab_all.sh"
2026-09-29T22:54:01-10:00job:security_camera_frame_grab | 22:53:46  📷  a-eyes  ch1 → ch1-20260930T085346Z.jpg  (353.6 KB, 4.43s)
2026-09-29T22:54:01-10:00job:security_camera_frame_grab | 22:53:51  📷  a-eyes  ch2 → ch2-20260930T085351Z.jpg  (324.5 KB, 4.27s)
2026-09-29T22:54:01-10:00job:security_camera_frame_grab | 22:53:55  📷  a-eyes  ch3 → ch3-20260930T085355Z.jpg  (354.4 KB, 4.68s)
2026-09-29T22:54:01-10:00job:security_camera_frame_grab | 22:54:00  📷  a-eyes  ch4 → ch4-20260930T085400Z.jpg  (12.5 KB, 1.63s)
2026-09-29T22:54:03-10:00  ▸  SUMMARY=delta2 soc=7% solar=0W ac_out=57W usbc=9W src=api db=ok
2026-09-29T22:54:03-10:00job:sys_stats_cycle RUN  bash "/home/rootrecord/RootRecord-Ecosystem/1 - Servers/1 - RootRecord-Pacific-Solar-Server/System/scripts/sys-sample.sh"
2026-09-29T22:54:03-10:00job:sys_stats_cycle | SYSTEM  cpu=5%  load=0.55  mem=50%  src=sqlite
2026-09-29T22:54:03-10:00job:sys_stats_cycle | OK wrote /home/rootrecord/RootRecord-Ecosystem/2 - RootRecord-Database/System/samples/sys-20260929-225403.json
2026-09-29T22:54:14-10:00job:github_sync_all | — [ecosystem] no committable local changes
2026-09-29T22:54:14-10:00job:github_sync_all | ↓ [ecosystem] fetching origin/main
2026-09-29T22:54:14-10:00job:github_sync_all | From github.com:RootRecord-Software-Solutions/RootRecord-Ecosystem
2026-09-29T22:54:14-10:00job:github_sync_all | * branch            main       -> FETCH_HEAD
2026-09-29T22:54:14-10:00job:github_sync_all | — [ecosystem] local and GitHub already match
2026-09-29T22:54:14-10:00job:github_sync_all | — [ecosystem] nothing to push
2026-09-29T22:54:14-10:00job:github_sync_all | — [skills] no local changes
2026-09-29T22:54:14-10:00job:github_sync_all | ↓ [skills] fetching origin/main
2026-09-29T22:54:14-10:00job:github_sync_all | From github.com:rootrecordsoftwaresolutions/Solar-Pacific-RootRecord-Server
2026-09-29T22:54:14-10:00job:github_sync_all | * branch            main       -> FETCH_HEAD
2026-09-29T22:54:14-10:00job:github_sync_all | — [skills] local and GitHub already match
2026-09-29T22:54:14-10:00job:github_sync_all | — [skills] nothing to push
2026-09-29T22:54:14-10:00job:security_camera_frame_grab RUN  bash "/home/rootrecord/RootRecord-Ecosystem/1 - Servers/1 - RootRecord-Pacific-Solar-Server/Security/Cameras/grab_all.sh"
2026-09-29T22:54:29-10:00job:security_camera_frame_grab | 22:54:14  📷  a-eyes  ch1 → ch1-20260930T085414Z.jpg  (353.1 KB, 4.43s)
2026-09-29T22:54:29-10:00job:security_camera_frame_grab | 22:54:19  📷  a-eyes  ch2 → ch2-20260930T085419Z.jpg  (325.6 KB, 4.49s)
2026-09-29T22:54:29-10:00job:security_camera_frame_grab | 22:54:23  📷  a-eyes  ch3 → ch3-20260930T085423Z.jpg  (353.2 KB, 4.35s)
2026-09-29T22:54:29-10:00job:security_camera_frame_grab | 22:54:28  📷  a-eyes  ch4 → ch4-20260930T085428Z.jpg  (12.4 KB, 1.61s)
2026-09-29T22:54:29-10:00job:service_supervisor RUN  bash "/home/rootrecord/RootRecord-Ecosystem/1 - Servers/1 - RootRecord-Pacific-Solar-Server/Automations/scripts/supervise-services.sh"
2026-09-29T22:54:30-10:00job:service_supervisor | [supervisor] weather alive pid=5264 (act)
2026-09-29T22:54:30-10:00job:service_supervisor | [supervisor] relay alive pid=4735 (act)
2026-09-29T22:54:30-10:00ENERGY  status=live  B2=7%  B1=100%  solar=0 W  ac=57 W  usbc=9 W  src=/home/rootrecord/RootRecord-Ecosystem/2 - RootRecord-Database/Energy  LAP=57%/Charging/AC
2026-09-29T22:54:31-10:00  ▸  SUMMARY=delta2 soc=7% solar=0W ac_out=57W usbc=9W src=api db=ok
2026-09-29T22:54:31-10:00job:sys_stats_cycle RUN  bash "/home/rootrecord/RootRecord-Ecosystem/1 - Servers/1 - RootRecord-Pacific-Solar-Server/System/scripts/sys-sample.sh"
2026-09-29T22:54:31-10:00job:sys_stats_cycle | SYSTEM  cpu=5%  load=0.38  mem=50%  src=sqlite
2026-09-29T22:54:31-10:00job:sys_stats_cycle | OK wrote /home/rootrecord/RootRecord-Ecosystem/2 - RootRecord-Database/System/samples/sys-20260929-225431.json
2026-09-29T22:54:43-10:00job:github_sync_all | — [ecosystem] no committable local changes
2026-09-29T22:54:43-10:00job:github_sync_all | ↓ [ecosystem] fetching origin/main
2026-09-29T22:54:43-10:00job:github_sync_all | From github.com:RootRecord-Software-Solutions/RootRecord-Ecosystem
2026-09-29T22:54:43-10:00job:github_sync_all | * branch            main       -> FETCH_HEAD
2026-09-29T22:54:43-10:00job:github_sync_all | — [ecosystem] local and GitHub already match
2026-09-29T22:54:43-10:00job:github_sync_all | — [ecosystem] nothing to push
2026-09-29T22:54:43-10:00job:github_sync_all | — [skills] no local changes
2026-09-29T22:54:43-10:00job:github_sync_all | ↓ [skills] fetching origin/main
2026-09-29T22:54:43-10:00job:github_sync_all | From github.com:rootrecordsoftwaresolutions/Solar-Pacific-RootRecord-Server
2026-09-29T22:54:43-10:00job:github_sync_all | * branch            main       -> FETCH_HEAD
2026-09-29T22:54:43-10:00job:github_sync_all | — [skills] local and GitHub already match
2026-09-29T22:54:43-10:00job:github_sync_all | — [skills] nothing to push
2026-09-29T22:54:43-10:00job:worklog_scan RUN  bash "/home/rootrecord/RootRecord-Ecosystem/1 - Servers/1 - RootRecord-Pacific-Solar-Server/Reports/scripts/worklog_once.sh"
2026-09-29T22:54:45-10:00job:worklog_scan | OK wrote/updated /home/rootrecord/RootRecord-Ecosystem/2 - RootRecord-Database/Worklog/worklog_current.md
2026-09-29T22:54:45-10:00job:security_camera_frame_grab RUN  bash "/home/rootrecord/RootRecord-Ecosystem/1 - Servers/1 - RootRecord-Pacific-Solar-Server/Security/Cameras/grab_all.sh"
2026-09-29T22:55:00-10:00job:security_camera_frame_grab | 22:54:45  📷  a-eyes  ch1 → ch1-20260930T085445Z.jpg  (353.5 KB, 4.47s)
2026-09-29T22:55:00-10:00job:security_camera_frame_grab | 22:54:49  📷  a-eyes  ch2 → ch2-20260930T085449Z.jpg  (323.6 KB, 4.37s)
2026-09-29T22:55:00-10:00job:security_camera_frame_grab | 22:54:54  📷  a-eyes  ch3 → ch3-20260930T085454Z.jpg  (354.0 KB, 4.48s)
2026-09-29T22:55:00-10:00job:security_camera_frame_grab | 22:54:58  📷  a-eyes  ch4 → ch4-20260930T085458Z.jpg  (12.5 KB, 1.61s)
2026-09-29T22:55:01-10:00  ▸  SUMMARY=delta2 soc=7% solar=0W ac_out=57W usbc=9W src=api db=ok
2026-09-29T22:55:01-10:00job:sys_stats_cycle RUN  bash "/home/rootrecord/RootRecord-Ecosystem/1 - Servers/1 - RootRecord-Pacific-Solar-Server/System/scripts/sys-sample.sh"
2026-09-29T22:55:02-10:00job:sys_stats_cycle | SYSTEM  cpu=5%  load=0.36  mem=50%  src=sqlite
2026-09-29T22:55:02-10:00job:sys_stats_cycle | OK wrote /home/rootrecord/RootRecord-Ecosystem/2 - RootRecord-Database/System/samples/sys-20260929-225501.json
2026-09-29T22:55:13-10:00job:github_sync_all | — [ecosystem] no committable local changes
2026-09-29T22:55:13-10:00job:github_sync_all | ↓ [ecosystem] fetching origin/main
2026-09-29T22:55:13-10:00job:github_sync_all | From github.com:RootRecord-Software-Solutions/RootRecord-Ecosystem
2026-09-29T22:55:13-10:00job:github_sync_all | * branch            main       -> FETCH_HEAD
2026-09-29T22:55:13-10:00job:github_sync_all | — [ecosystem] local and GitHub already match
2026-09-29T22:55:13-10:00job:github_sync_all | — [ecosystem] nothing to push
2026-09-29T22:55:13-10:00job:github_sync_all | — [skills] no local changes
2026-09-29T22:55:13-10:00job:github_sync_all | ↓ [skills] fetching origin/main
2026-09-29T22:55:13-10:00job:github_sync_all | From github.com:rootrecordsoftwaresolutions/Solar-Pacific-RootRecord-Server
2026-09-29T22:55:13-10:00job:github_sync_all | * branch            main       -> FETCH_HEAD
2026-09-29T22:55:13-10:00job:github_sync_all | — [skills] local and GitHub already match
2026-09-29T22:55:13-10:00job:github_sync_all | — [skills] nothing to push
2026-09-29T22:55:13-10:00job:security_camera_frame_grab RUN  bash "/home/rootrecord/RootRecord-Ecosystem/1 - Servers/1 - RootRecord-Pacific-Solar-Server/Security/Cameras/grab_all.sh"
2026-09-29T22:55:28-10:00job:security_camera_frame_grab | 22:55:13  📷  a-eyes  ch1 → ch1-20260930T085513Z.jpg  (345.0 KB, 4.42s)
2026-09-29T22:55:28-10:00job:security_camera_frame_grab | 22:55:18  📷  a-eyes  ch2 → ch2-20260930T085518Z.jpg  (324.1 KB, 4.37s)
2026-09-29T22:55:28-10:00job:security_camera_frame_grab | 22:55:22  📷  a-eyes  ch3 → ch3-20260930T085522Z.jpg  (353.5 KB, 4.47s)
2026-09-29T22:55:28-10:00job:security_camera_frame_grab | 22:55:27  📷  a-eyes  ch4 → ch4-20260930T085527Z.jpg  (12.5 KB, 1.65s)
2026-09-29T22:55:30-10:00  ▸  SUMMARY=river2pro soc=100% solar=0W ac_out=64W usbc=0W src=api db=ok
2026-09-29T22:55:30-10:00job:sys_stats_cycle RUN  bash "/home/rootrecord/RootRecord-Ecosystem/1 - Servers/1 - RootRecord-Pacific-Solar-Server/System/scripts/sys-sample.sh"
2026-09-29T22:55:30-10:00job:sys_stats_cycle | SYSTEM  cpu=8%  load=0.35  mem=50%  src=sqlite
2026-09-29T22:55:30-10:00job:sys_stats_cycle | OK wrote /home/rootrecord/RootRecord-Ecosystem/2 - RootRecord-Database/System/samples/sys-20260929-225530.json
2026-09-29T22:55:42-10:00job:github_sync_all | — [ecosystem] no committable local changes
2026-09-29T22:55:42-10:00job:github_sync_all | ↓ [ecosystem] fetching origin/main
2026-09-29T22:55:42-10:00job:github_sync_all | From github.com:RootRecord-Software-Solutions/RootRecord-Ecosystem
2026-09-29T22:55:42-10:00job:github_sync_all | * branch            main       -> FETCH_HEAD
2026-09-29T22:55:42-10:00job:github_sync_all | — [ecosystem] local and GitHub already match
2026-09-29T22:55:42-10:00job:github_sync_all | — [ecosystem] nothing to push
2026-09-29T22:55:42-10:00job:github_sync_all | — [skills] no local changes
2026-09-29T22:55:42-10:00job:github_sync_all | ↓ [skills] fetching origin/main
2026-09-29T22:55:42-10:00job:github_sync_all | From github.com:rootrecordsoftwaresolutions/Solar-Pacific-RootRecord-Server
2026-09-29T22:55:42-10:00job:github_sync_all | * branch            main       -> FETCH_HEAD
2026-09-29T22:55:42-10:00job:github_sync_all | — [skills] local and GitHub already match
2026-09-29T22:55:42-10:00job:github_sync_all | — [skills] nothing to push
2026-09-29T22:55:42-10:00job:security_camera_frame_grab RUN  bash "/home/rootrecord/RootRecord-Ecosystem/1 - Servers/1 - RootRecord-Pacific-Solar-Server/Security/Cameras/grab_all.sh"
2026-09-29T22:55:57-10:00job:security_camera_frame_grab | 22:55:42  📷  a-eyes  ch1 → ch1-20260930T085542Z.jpg  (345.3 KB, 4.43s)
2026-09-29T22:55:57-10:00job:security_camera_frame_grab | 22:55:46  📷  a-eyes  ch2 → ch2-20260930T085546Z.jpg  (325.3 KB, 4.38s)
2026-09-29T22:55:57-10:00job:security_camera_frame_grab | 22:55:51  📷  a-eyes  ch3 → ch3-20260930T085551Z.jpg  (352.5 KB, 4.57s)
2026-09-29T22:55:57-10:00job:security_camera_frame_grab | 22:55:55  📷  a-eyes  ch4 → ch4-20260930T085555Z.jpg  (12.5 KB, 1.70s)
2026-09-29T22:55:57-10:00ENERGY  status=live  B2=7%  B1=100%  solar=0 W  ac=57 W  usbc=9 W  src=/home/rootrecord/RootRecord-Ecosystem/2 - RootRecord-Database/Energy  LAP=58%/Charging/AC
2026-09-29T22:55:58-10:00  ▸  SUMMARY=river2pro soc=100% solar=0W ac_out=64W usbc=0W src=api db=ok
2026-09-29T22:55:58-10:00job:sys_stats_cycle RUN  bash "/home/rootrecord/RootRecord-Ecosystem/1 - Servers/1 - RootRecord-Pacific-Solar-Server/System/scripts/sys-sample.sh"
2026-09-29T22:55:59-10:00job:sys_stats_cycle | SYSTEM  cpu=5%  load=1.10  mem=50%  src=sqlite
2026-09-29T22:55:59-10:00job:sys_stats_cycle | OK wrote /home/rootrecord/RootRecord-Ecosystem/2 - RootRecord-Database/System/samples/sys-20260929-225559.json
2026-09-29T22:56:10-10:00job:github_sync_all | — [ecosystem] no committable local changes
2026-09-29T22:56:10-10:00job:github_sync_all | ↓ [ecosystem] fetching origin/main
2026-09-29T22:56:10-10:00job:github_sync_all | From github.com:RootRecord-Software-Solutions/RootRecord-Ecosystem
2026-09-29T22:56:10-10:00job:github_sync_all | * branch            main       -> FETCH_HEAD
2026-09-29T22:56:10-10:00job:github_sync_all | — [ecosystem] local and GitHub already match
2026-09-29T22:56:10-10:00job:github_sync_all | — [ecosystem] nothing to push
2026-09-29T22:56:10-10:00job:github_sync_all | — [skills] no local changes
2026-09-29T22:56:10-10:00job:github_sync_all | ↓ [skills] fetching origin/main
2026-09-29T22:56:10-10:00job:github_sync_all | From github.com:rootrecordsoftwaresolutions/Solar-Pacific-RootRecord-Server
2026-09-29T22:56:10-10:00job:github_sync_all | * branch            main       -> FETCH_HEAD
2026-09-29T22:56:10-10:00job:github_sync_all | — [skills] local and GitHub already match
2026-09-29T22:56:10-10:00job:github_sync_all | — [skills] nothing to push
2026-09-29T22:56:10-10:00job:security_camera_frame_grab RUN  bash "/home/rootrecord/RootRecord-Ecosystem/1 - Servers/1 - RootRecord-Pacific-Solar-Server/Security/Cameras/grab_all.sh"
2026-09-29T22:56:25-10:00job:security_camera_frame_grab | 22:56:10  📷  a-eyes  ch1 → ch1-20260930T085610Z.jpg  (345.2 KB, 4.33s)
2026-09-29T22:56:25-10:00job:security_camera_frame_grab | 22:56:14  📷  a-eyes  ch2 → ch2-20260930T085614Z.jpg  (322.4 KB, 4.37s)
2026-09-29T22:56:25-10:00job:security_camera_frame_grab | 22:56:19  📷  a-eyes  ch3 → ch3-20260930T085619Z.jpg  (353.8 KB, 4.46s)
2026-09-29T22:56:25-10:00job:security_camera_frame_grab | 22:56:23  📷  a-eyes  ch4 → ch4-20260930T085623Z.jpg  (12.5 KB, 1.60s)
2026-09-29T22:56:26-10:00  ▸  SUMMARY=river2pro soc=100% solar=0W ac_out=64W usbc=0W src=api db=ok
2026-09-29T22:56:26-10:00job:sys_stats_cycle RUN  bash "/home/rootrecord/RootRecord-Ecosystem/1 - Servers/1 - RootRecord-Pacific-Solar-Server/System/scripts/sys-sample.sh"
2026-09-29T22:56:26-10:00job:sys_stats_cycle | SYSTEM  cpu=4%  load=1.13  mem=50%  src=sqlite
2026-09-29T22:56:26-10:00job:sys_stats_cycle | OK wrote /home/rootrecord/RootRecord-Ecosystem/2 - RootRecord-Database/System/samples/sys-20260929-225626.json
2026-09-29T22:56:39-10:00job:github_sync_all | — [ecosystem] no committable local changes
2026-09-29T22:56:39-10:00job:github_sync_all | ↓ [ecosystem] fetching origin/main
2026-09-29T22:56:39-10:00job:github_sync_all | From github.com:RootRecord-Software-Solutions/RootRecord-Ecosystem
2026-09-29T22:56:39-10:00job:github_sync_all | * branch            main       -> FETCH_HEAD
2026-09-29T22:56:39-10:00job:github_sync_all | — [ecosystem] local and GitHub already match
2026-09-29T22:56:39-10:00job:github_sync_all | — [ecosystem] nothing to push
2026-09-29T22:56:39-10:00job:github_sync_all | — [skills] no local changes
2026-09-29T22:56:39-10:00job:github_sync_all | ↓ [skills] fetching origin/main
2026-09-29T22:56:39-10:00job:github_sync_all | From github.com:rootrecordsoftwaresolutions/Solar-Pacific-RootRecord-Server
2026-09-29T22:56:39-10:00job:github_sync_all | * branch            main       -> FETCH_HEAD
2026-09-29T22:56:39-10:00job:github_sync_all | — [skills] local and GitHub already match
2026-09-29T22:56:39-10:00job:github_sync_all | — [skills] nothing to push
2026-09-29T22:56:39-10:00job:worklog_scan RUN  bash "/home/rootrecord/RootRecord-Ecosystem/1 - Servers/1 - RootRecord-Pacific-Solar-Server/Reports/scripts/worklog_once.sh"
2026-09-29T22:56:40-10:00job:worklog_scan | OK wrote/updated /home/rootrecord/RootRecord-Ecosystem/2 - RootRecord-Database/Worklog/worklog_current.md
2026-09-29T22:56:40-10:00job:security_camera_frame_grab RUN  bash "/home/rootrecord/RootRecord-Ecosystem/1 - Servers/1 - RootRecord-Pacific-Solar-Server/Security/Cameras/grab_all.sh"
2026-09-29T22:56:55-10:00job:security_camera_frame_grab | 22:56:40  📷  a-eyes  ch1 → ch1-20260930T085640Z.jpg  (344.7 KB, 4.53s)
2026-09-29T22:56:55-10:00job:security_camera_frame_grab | 22:56:45  📷  a-eyes  ch2 → ch2-20260930T085645Z.jpg  (324.1 KB, 4.37s)
2026-09-29T22:56:55-10:00job:security_camera_frame_grab | 22:56:49  📷  a-eyes  ch3 → ch3-20260930T085649Z.jpg  (377.3 KB, 4.27s)
2026-09-29T22:56:55-10:00job:security_camera_frame_grab | 22:56:53  📷  a-eyes  ch4 → ch4-20260930T085653Z.jpg  (12.5 KB, 1.60s)
2026-09-29T22:56:56-10:00  ▸  SUMMARY=river2pro soc=100% solar=0W ac_out=64W usbc=0W src=api db=ok
2026-09-29T22:56:56-10:00job:sys_stats_cycle RUN  bash "/home/rootrecord/RootRecord-Ecosystem/1 - Servers/1 - RootRecord-Pacific-Solar-Server/System/scripts/sys-sample.sh"
2026-09-29T22:56:57-10:00job:sys_stats_cycle | SYSTEM  cpu=4%  load=0.99  mem=50%  src=sqlite
2026-09-29T22:56:57-10:00job:sys_stats_cycle | OK wrote /home/rootrecord/RootRecord-Ecosystem/2 - RootRecord-Database/System/samples/sys-20260929-225656.json
2026-09-29T22:57:09-10:00job:github_sync_all | — [ecosystem] no committable local changes
2026-09-29T22:57:09-10:00job:github_sync_all | ↓ [ecosystem] fetching origin/main
2026-09-29T22:57:09-10:00job:github_sync_all | From github.com:RootRecord-Software-Solutions/RootRecord-Ecosystem
2026-09-29T22:57:09-10:00job:github_sync_all | * branch            main       -> FETCH_HEAD
2026-09-29T22:57:09-10:00job:github_sync_all | — [ecosystem] local and GitHub already match
2026-09-29T22:57:09-10:00job:github_sync_all | — [ecosystem] nothing to push
2026-09-29T22:57:09-10:00job:github_sync_all | — [skills] no local changes
2026-09-29T22:57:09-10:00job:github_sync_all | ↓ [skills] fetching origin/main
2026-09-29T22:57:09-10:00job:github_sync_all | From github.com:rootrecordsoftwaresolutions/Solar-Pacific-RootRecord-Server
2026-09-29T22:57:09-10:00job:github_sync_all | * branch            main       -> FETCH_HEAD
2026-09-29T22:57:09-10:00job:github_sync_all | — [skills] local and GitHub already match
2026-09-29T22:57:09-10:00job:github_sync_all | — [skills] nothing to push
2026-09-29T22:57:09-10:00job:security_camera_frame_grab RUN  bash "/home/rootrecord/RootRecord-Ecosystem/1 - Servers/1 - RootRecord-Pacific-Solar-Server/Security/Cameras/grab_all.sh"
2026-09-29T22:57:25-10:00job:security_camera_frame_grab | 22:57:10  📷  a-eyes  ch1 → ch1-20260930T085710Z.jpg  (344.7 KB, 4.54s)
2026-09-29T22:57:25-10:00job:security_camera_frame_grab | 22:57:14  📷  a-eyes  ch2 → ch2-20260930T085714Z.jpg  (321.9 KB, 4.49s)
2026-09-29T22:57:25-10:00job:security_camera_frame_grab | 22:57:19  📷  a-eyes  ch3 → ch3-20260930T085719Z.jpg  (337.4 KB, 4.56s)
2026-09-29T22:57:25-10:00job:security_camera_frame_grab | 22:57:23  📷  a-eyes  ch4 → ch4-20260930T085723Z.jpg  (12.5 KB, 1.55s)
2026-09-29T22:57:25-10:00ENERGY  status=live  B2=7%  B1=100%  solar=0 W  ac=57 W  usbc=9 W  src=/home/rootrecord/RootRecord-Ecosystem/2 - RootRecord-Database/Energy  LAP=60%/Charging/AC
2026-09-29T22:57:26-10:00  ▸  SUMMARY=river2pro soc=100% solar=0W ac_out=64W usbc=0W src=api db=ok
2026-09-29T22:57:26-10:00job:sys_stats_cycle RUN  bash "/home/rootrecord/RootRecord-Ecosystem/1 - Servers/1 - RootRecord-Pacific-Solar-Server/System/scripts/sys-sample.sh"
2026-09-29T22:57:27-10:00job:sys_stats_cycle | SYSTEM  cpu=6%  load=0.81  mem=50%  src=sqlite
2026-09-29T22:57:27-10:00job:sys_stats_cycle | OK wrote /home/rootrecord/RootRecord-Ecosystem/2 - RootRecord-Database/System/samples/sys-20260929-225726.json
2026-09-29T22:57:38-10:00job:github_sync_all | — [ecosystem] no committable local changes
2026-09-29T22:57:38-10:00job:github_sync_all | ↓ [ecosystem] fetching origin/main
2026-09-29T22:57:38-10:00job:github_sync_all | From github.com:RootRecord-Software-Solutions/RootRecord-Ecosystem
2026-09-29T22:57:38-10:00job:github_sync_all | * branch            main       -> FETCH_HEAD
2026-09-29T22:57:38-10:00job:github_sync_all | — [ecosystem] local and GitHub already match
2026-09-29T22:57:38-10:00job:github_sync_all | — [ecosystem] nothing to push
2026-09-29T22:57:38-10:00job:github_sync_all | — [skills] no local changes
2026-09-29T22:57:38-10:00job:github_sync_all | ↓ [skills] fetching origin/main
2026-09-29T22:57:38-10:00job:github_sync_all | From github.com:rootrecordsoftwaresolutions/Solar-Pacific-RootRecord-Server
2026-09-29T22:57:38-10:00job:github_sync_all | * branch            main       -> FETCH_HEAD
2026-09-29T22:57:38-10:00job:github_sync_all | — [skills] local and GitHub already match
2026-09-29T22:57:38-10:00job:github_sync_all | — [skills] nothing to push
2026-09-29T22:57:38-10:00job:security_camera_frame_grab RUN  bash "/home/rootrecord/RootRecord-Ecosystem/1 - Servers/1 - RootRecord-Pacific-Solar-Server/Security/Cameras/grab_all.sh"
2026-09-29T22:57:53-10:00job:security_camera_frame_grab | 22:57:38  📷  a-eyes  ch1 → ch1-20260930T085738Z.jpg  (346.0 KB, 4.33s)
2026-09-29T22:57:53-10:00job:security_camera_frame_grab | 22:57:42  📷  a-eyes  ch2 → ch2-20260930T085742Z.jpg  (323.4 KB, 4.27s)
2026-09-29T22:57:53-10:00job:security_camera_frame_grab | 22:57:47  📷  a-eyes  ch3 → ch3-20260930T085747Z.jpg  (338.1 KB, 4.48s)
2026-09-29T22:57:53-10:00job:security_camera_frame_grab | 22:57:51  📷  a-eyes  ch4 → ch4-20260930T085751Z.jpg  (12.5 KB, 1.56s)
2026-09-29T22:57:54-10:00  ▸  SUMMARY=delta2 soc=7% solar=0W ac_out=57W usbc=9W src=api db=ok
2026-09-29T22:57:54-10:00job:sys_stats_cycle RUN  bash "/home/rootrecord/RootRecord-Ecosystem/1 - Servers/1 - RootRecord-Pacific-Solar-Server/System/scripts/sys-sample.sh"
2026-09-29T22:57:55-10:00job:sys_stats_cycle | SYSTEM  cpu=4%  load=0.67  mem=51%  src=sqlite
2026-09-29T22:57:55-10:00job:sys_stats_cycle | OK wrote /home/rootrecord/RootRecord-Ecosystem/2 - RootRecord-Database/System/samples/sys-20260929-225754.json
2026-09-29T22:58:07-10:00job:github_sync_all | — [ecosystem] no committable local changes
2026-09-29T22:58:07-10:00job:github_sync_all | ↓ [ecosystem] fetching origin/main
2026-09-29T22:58:07-10:00job:github_sync_all | From github.com:RootRecord-Software-Solutions/RootRecord-Ecosystem
2026-09-29T22:58:07-10:00job:github_sync_all | * branch            main       -> FETCH_HEAD
2026-09-29T22:58:07-10:00job:github_sync_all | — [ecosystem] local and GitHub already match
2026-09-29T22:58:07-10:00job:github_sync_all | — [ecosystem] nothing to push
2026-09-29T22:58:07-10:00job:github_sync_all | — [skills] no local changes
2026-09-29T22:58:07-10:00job:github_sync_all | ↓ [skills] fetching origin/main
2026-09-29T22:58:07-10:00job:github_sync_all | From github.com:rootrecordsoftwaresolutions/Solar-Pacific-RootRecord-Server
2026-09-29T22:58:07-10:00job:github_sync_all | * branch            main       -> FETCH_HEAD
2026-09-29T22:58:07-10:00job:github_sync_all | — [skills] local and GitHub already match
2026-09-29T22:58:07-10:00job:github_sync_all | — [skills] nothing to push
2026-09-29T22:58:07-10:00job:security_camera_frame_grab RUN  bash "/home/rootrecord/RootRecord-Ecosystem/1 - Servers/1 - RootRecord-Pacific-Solar-Server/Security/Cameras/grab_all.sh"
2026-09-29T22:58:22-10:00job:security_camera_frame_grab | 22:58:07  📷  a-eyes  ch1 → ch1-20260930T085807Z.jpg  (345.0 KB, 4.34s)
2026-09-29T22:58:22-10:00job:security_camera_frame_grab | 22:58:11  📷  a-eyes  ch2 → ch2-20260930T085811Z.jpg  (321.7 KB, 4.45s)
2026-09-29T22:58:22-10:00job:security_camera_frame_grab | 22:58:16  📷  a-eyes  ch3 → ch3-20260930T085816Z.jpg  (337.4 KB, 4.37s)
2026-09-29T22:58:22-10:00job:security_camera_frame_grab | 22:58:20  📷  a-eyes  ch4 → ch4-20260930T085820Z.jpg  (12.5 KB, 1.61s)
2026-09-29T22:58:23-10:00  ▸  SUMMARY=delta2 soc=7% solar=0W ac_out=57W usbc=9W src=api db=ok
2026-09-29T22:58:23-10:00job:sys_stats_cycle RUN  bash "/home/rootrecord/RootRecord-Ecosystem/1 - Servers/1 - RootRecord-Pacific-Solar-Server/System/scripts/sys-sample.sh"
2026-09-29T22:58:23-10:00job:sys_stats_cycle | SYSTEM  cpu=24%  load=0.82  mem=51%  src=sqlite
2026-09-29T22:58:23-10:00job:sys_stats_cycle | OK wrote /home/rootrecord/RootRecord-Ecosystem/2 - RootRecord-Database/System/samples/sys-20260929-225823.json
2026-09-29T22:58:39-10:00job:github_sync_all | ↑ [ecosystem] committed 1 local file(s)
2026-09-29T22:58:39-10:00job:github_sync_all | ↓ [ecosystem] fetching origin/main
2026-09-29T22:58:39-10:00job:github_sync_all | From github.com:RootRecord-Software-Solutions/RootRecord-Ecosystem
2026-09-29T22:58:39-10:00job:github_sync_all | * branch            main       -> FETCH_HEAD
2026-09-29T22:58:39-10:00job:github_sync_all | ↑ [ecosystem] local is ahead of GitHub
2026-09-29T22:58:39-10:00job:github_sync_all | To github.com:RootRecord-Software-Solutions/RootRecord-Ecosystem.git
2026-09-29T22:58:39-10:00job:github_sync_all | efd2b5a..dedc7cd  HEAD -> main
2026-09-29T22:58:39-10:00job:github_sync_all | branch 'main' set up to track 'origin/main'.
2026-09-29T22:58:39-10:00job:github_sync_all | ↑ [ecosystem] 1 files → RootRecord-Software-Solutions/RootRecord-Ecosystem (main)
2026-09-29T22:58:39-10:00job:github_sync_all | — [skills] no local changes
2026-09-29T22:58:39-10:00job:github_sync_all | ↓ [skills] fetching origin/main
2026-09-29T22:58:39-10:00job:github_sync_all | From github.com:rootrecordsoftwaresolutions/Solar-Pacific-RootRecord-Server
2026-09-29T22:58:39-10:00job:github_sync_all | * branch            main       -> FETCH_HEAD
2026-09-29T22:58:39-10:00job:github_sync_all | — [skills] local and GitHub already match
2026-09-29T22:58:39-10:00job:github_sync_all | — [skills] nothing to push
2026-09-29T22:58:39-10:00job:worklog_scan RUN  bash "/home/rootrecord/RootRecord-Ecosystem/1 - Servers/1 - RootRecord-Pacific-Solar-Server/Reports/scripts/worklog_once.sh"
2026-09-29T22:58:41-10:00job:worklog_scan | OK wrote/updated /home/rootrecord/RootRecord-Ecosystem/2 - RootRecord-Database/Worklog/worklog_current.md
2026-09-29T22:58:41-10:00job:security_camera_frame_grab RUN  bash "/home/rootrecord/RootRecord-Ecosystem/1 - Servers/1 - RootRecord-Pacific-Solar-Server/Security/Cameras/grab_all.sh"
2026-09-29T22:58:57-10:00job:security_camera_frame_grab | 22:58:41  📷  a-eyes  ch1 → ch1-20260930T085841Z.jpg  (345.7 KB, 4.56s)
2026-09-29T22:58:57-10:00job:security_camera_frame_grab | 22:58:46  📷  a-eyes  ch2 → ch2-20260930T085846Z.jpg  (323.1 KB, 4.47s)
2026-09-29T22:58:57-10:00job:security_camera_frame_grab | 22:58:50  📷  a-eyes  ch3 → ch3-20260930T085850Z.jpg  (336.7 KB, 4.37s)
2026-09-29T22:58:57-10:00job:security_camera_frame_grab | 22:58:55  📷  a-eyes  ch4 → ch4-20260930T085855Z.jpg  (12.5 KB, 1.60s)
2026-09-29T22:58:57-10:00ENERGY  status=live  B2=7%  B1=100%  solar=0 W  ac=57 W  usbc=9 W  src=/home/rootrecord/RootRecord-Ecosystem/2 - RootRecord-Database/Energy  LAP=61%/Charging/AC
2026-09-29T22:58:58-10:00  ▸  SUMMARY=river2pro soc=100% solar=0W ac_out=64W usbc=0W src=api db=ok
2026-09-29T22:58:58-10:00job:sys_stats_cycle RUN  bash "/home/rootrecord/RootRecord-Ecosystem/1 - Servers/1 - RootRecord-Pacific-Solar-Server/System/scripts/sys-sample.sh"
2026-09-29T22:58:58-10:00job:sys_stats_cycle | SYSTEM  cpu=4%  load=0.82  mem=51%  src=sqlite
2026-09-29T22:58:58-10:00job:sys_stats_cycle | OK wrote /home/rootrecord/RootRecord-Ecosystem/2 - RootRecord-Database/System/samples/sys-20260929-225858.json
2026-09-29T22:59:10-10:00job:github_sync_all | — [ecosystem] no committable local changes
2026-09-29T22:59:10-10:00job:github_sync_all | ↓ [ecosystem] fetching origin/main
2026-09-29T22:59:10-10:00job:github_sync_all | From github.com:RootRecord-Software-Solutions/RootRecord-Ecosystem
2026-09-29T22:59:10-10:00job:github_sync_all | * branch            main       -> FETCH_HEAD
2026-09-29T22:59:10-10:00job:github_sync_all | — [ecosystem] local and GitHub already match
2026-09-29T22:59:10-10:00job:github_sync_all | — [ecosystem] nothing to push
2026-09-29T22:59:10-10:00job:github_sync_all | — [skills] no local changes
2026-09-29T22:59:10-10:00job:github_sync_all | ↓ [skills] fetching origin/main
2026-09-29T22:59:10-10:00job:github_sync_all | From github.com:rootrecordsoftwaresolutions/Solar-Pacific-RootRecord-Server
2026-09-29T22:59:10-10:00job:github_sync_all | * branch            main       -> FETCH_HEAD
2026-09-29T22:59:10-10:00job:github_sync_all | — [skills] local and GitHub already match
2026-09-29T22:59:10-10:00job:github_sync_all | — [skills] nothing to push
2026-09-29T22:59:10-10:00job:security_camera_frame_grab RUN  bash "/home/rootrecord/RootRecord-Ecosystem/1 - Servers/1 - RootRecord-Pacific-Solar-Server/Security/Cameras/grab_all.sh"
2026-09-29T22:59:25-10:00job:security_camera_frame_grab | 22:59:10  📷  a-eyes  ch1 → ch1-20260930T085910Z.jpg  (344.6 KB, 4.14s)
2026-09-29T22:59:25-10:00job:security_camera_frame_grab | 22:59:14  📷  a-eyes  ch2 → ch2-20260930T085914Z.jpg  (319.9 KB, 4.66s)
2026-09-29T22:59:25-10:00job:security_camera_frame_grab | 22:59:19  📷  a-eyes  ch3 → ch3-20260930T085919Z.jpg  (334.1 KB, 4.40s)
2026-09-29T22:59:25-10:00job:security_camera_frame_grab | 22:59:23  📷  a-eyes  ch4 → ch4-20260930T085923Z.jpg  (12.5 KB, 1.57s)
2026-09-29T22:59:26-10:00  ▸  SUMMARY=river2pro soc=100% solar=0W ac_out=64W usbc=0W src=api db=ok
2026-09-29T22:59:26-10:00job:sys_stats_cycle RUN  bash "/home/rootrecord/RootRecord-Ecosystem/1 - Servers/1 - RootRecord-Pacific-Solar-Server/System/scripts/sys-sample.sh"
2026-09-29T22:59:26-10:00job:sys_stats_cycle | SYSTEM  cpu=4%  load=0.72  mem=50%  src=sqlite
2026-09-29T22:59:26-10:00job:sys_stats_cycle | OK wrote /home/rootrecord/RootRecord-Ecosystem/2 - RootRecord-Database/System/samples/sys-20260929-225926.json
2026-09-29T22:59:38-10:00job:github_sync_all | — [ecosystem] no committable local changes
2026-09-29T22:59:38-10:00job:github_sync_all | ↓ [ecosystem] fetching origin/main
2026-09-29T22:59:38-10:00job:github_sync_all | From github.com:RootRecord-Software-Solutions/RootRecord-Ecosystem
2026-09-29T22:59:38-10:00job:github_sync_all | * branch            main       -> FETCH_HEAD
2026-09-29T22:59:38-10:00job:github_sync_all | — [ecosystem] local and GitHub already match
2026-09-29T22:59:38-10:00job:github_sync_all | — [ecosystem] nothing to push
2026-09-29T22:59:38-10:00job:github_sync_all | — [skills] no local changes
2026-09-29T22:59:38-10:00job:github_sync_all | ↓ [skills] fetching origin/main
2026-09-29T22:59:38-10:00job:github_sync_all | From github.com:rootrecordsoftwaresolutions/Solar-Pacific-RootRecord-Server
2026-09-29T22:59:38-10:00job:github_sync_all | * branch            main       -> FETCH_HEAD
2026-09-29T22:59:38-10:00job:github_sync_all | — [skills] local and GitHub already match
2026-09-29T22:59:38-10:00job:github_sync_all | — [skills] nothing to push
2026-09-29T22:59:38-10:00job:security_camera_frame_grab RUN  bash "/home/rootrecord/RootRecord-Ecosystem/1 - Servers/1 - RootRecord-Pacific-Solar-Server/Security/Cameras/grab_all.sh"
2026-09-29T22:59:53-10:00job:security_camera_frame_grab | 22:59:38  📷  a-eyes  ch1 → ch1-20260930T085938Z.jpg  (347.3 KB, 4.34s)
2026-09-29T22:59:53-10:00job:security_camera_frame_grab | 22:59:43  📷  a-eyes  ch2 → ch2-20260930T085943Z.jpg  (321.7 KB, 4.36s)
2026-09-29T22:59:53-10:00job:security_camera_frame_grab | 22:59:47  📷  a-eyes  ch3 → ch3-20260930T085947Z.jpg  (351.5 KB, 4.58s)
2026-09-29T22:59:53-10:00job:security_camera_frame_grab | 22:59:52  📷  a-eyes  ch4 → ch4-20260930T085952Z.jpg  (12.5 KB, 1.60s)
2026-09-29T22:59:53-10:00job:service_supervisor RUN  bash "/home/rootrecord/RootRecord-Ecosystem/1 - Servers/1 - RootRecord-Pacific-Solar-Server/Automations/scripts/supervise-services.sh"
2026-09-29T22:59:53-10:00job:service_supervisor | [supervisor] weather alive pid=5264 (act)
2026-09-29T22:59:53-10:00job:service_supervisor | [supervisor] relay alive pid=4735 (act)
2026-09-29T22:59:55-10:00  ▸  SUMMARY=delta2 soc=7% solar=0W ac_out=57W usbc=9W src=api db=ok
2026-09-29T22:59:55-10:00job:sys_stats_cycle RUN  bash "/home/rootrecord/RootRecord-Ecosystem/1 - Servers/1 - RootRecord-Pacific-Solar-Server/System/scripts/sys-sample.sh"
2026-09-29T22:59:55-10:00job:sys_stats_cycle | SYSTEM  cpu=6%  load=0.61  mem=50%  src=sqlite
2026-09-29T22:59:55-10:00job:sys_stats_cycle | OK wrote /home/rootrecord/RootRecord-Ecosystem/2 - RootRecord-Database/System/samples/sys-20260929-225955.json
2026-09-29T23:00:08-10:00job:github_sync_all | — [ecosystem] no committable local changes
2026-09-29T23:00:08-10:00job:github_sync_all | ↓ [ecosystem] fetching origin/main
2026-09-29T23:00:08-10:00job:github_sync_all | From github.com:RootRecord-Software-Solutions/RootRecord-Ecosystem
2026-09-29T23:00:08-10:00job:github_sync_all | * branch            main       -> FETCH_HEAD
2026-09-29T23:00:08-10:00job:github_sync_all | — [ecosystem] local and GitHub already match
2026-09-29T23:00:08-10:00job:github_sync_all | — [ecosystem] nothing to push
2026-09-29T23:00:08-10:00job:github_sync_all | — [skills] no local changes
2026-09-29T23:00:08-10:00job:github_sync_all | ↓ [skills] fetching origin/main
2026-09-29T23:00:08-10:00job:github_sync_all | From github.com:rootrecordsoftwaresolutions/Solar-Pacific-RootRecord-Server
2026-09-29T23:00:08-10:00job:github_sync_all | * branch            main       -> FETCH_HEAD
2026-09-29T23:00:08-10:00job:github_sync_all | — [skills] local and GitHub already match
2026-09-29T23:00:08-10:00job:github_sync_all | — [skills] nothing to push
2026-09-29T23:00:08-10:00job:worklog_scan RUN  bash "/home/rootrecord/RootRecord-Ecosystem/1 - Servers/1 - RootRecord-Pacific-Solar-Server/Reports/scripts/worklog_once.sh"
2026-09-29T23:00:09-10:00job:worklog_scan | OK wrote/updated /home/rootrecord/RootRecord-Ecosystem/2 - RootRecord-Database/Worklog/worklog_current.md
2026-09-29T23:00:09-10:00job:security_camera_frame_grab RUN  bash "/home/rootrecord/RootRecord-Ecosystem/1 - Servers/1 - RootRecord-Pacific-Solar-Server/Security/Cameras/grab_all.sh"
2026-09-29T23:00:24-10:00job:security_camera_frame_grab | 23:00:09  📷  a-eyes  ch1 → ch1-20260930T090009Z.jpg  (346.4 KB, 4.46s)
2026-09-29T23:00:24-10:00job:security_camera_frame_grab | 23:00:14  📷  a-eyes  ch2 → ch2-20260930T090014Z.jpg  (319.9 KB, 4.46s)
2026-09-29T23:00:24-10:00job:security_camera_frame_grab | 23:00:18  📷  a-eyes  ch3 → ch3-20260930T090018Z.jpg  (352.6 KB, 4.37s)
2026-09-29T23:00:24-10:00job:security_camera_frame_grab | 23:00:23  📷  a-eyes  ch4 → ch4-20260930T090023Z.jpg  (12.6 KB, 1.50s)
2026-09-29T23:00:24-10:00ENERGY  status=live  B2=7%  B1=100%  solar=0 W  ac=57 W  usbc=9 W  src=/home/rootrecord/RootRecord-Ecosystem/2 - RootRecord-Database/Energy  LAP=62%/Charging/AC
2026-09-29T23:00:26-10:00  ▸  SUMMARY=delta2 soc=7% solar=0W ac_out=57W usbc=9W src=api db=ok
2026-09-29T23:00:26-10:00job:sys_stats_cycle RUN  bash "/home/rootrecord/RootRecord-Ecosystem/1 - Servers/1 - RootRecord-Pacific-Solar-Server/System/scripts/sys-sample.sh"
2026-09-29T23:00:26-10:00job:sys_stats_cycle | SYSTEM  cpu=6%  load=0.55  mem=51%  src=sqlite
2026-09-29T23:00:26-10:00job:sys_stats_cycle | OK wrote /home/rootrecord/RootRecord-Ecosystem/2 - RootRecord-Database/System/samples/sys-20260929-230026.json
2026-09-29T23:00:38-10:00job:github_sync_all | — [ecosystem] no committable local changes
2026-09-29T23:00:38-10:00job:github_sync_all | ↓ [ecosystem] fetching origin/main
2026-09-29T23:00:38-10:00job:github_sync_all | From github.com:RootRecord-Software-Solutions/RootRecord-Ecosystem
2026-09-29T23:00:38-10:00job:github_sync_all | * branch            main       -> FETCH_HEAD
2026-09-29T23:00:38-10:00job:github_sync_all | — [ecosystem] local and GitHub already match
2026-09-29T23:00:38-10:00job:github_sync_all | — [ecosystem] nothing to push
2026-09-29T23:00:38-10:00job:github_sync_all | — [skills] no local changes
2026-09-29T23:00:38-10:00job:github_sync_all | ↓ [skills] fetching origin/main
2026-09-29T23:00:38-10:00job:github_sync_all | From github.com:rootrecordsoftwaresolutions/Solar-Pacific-RootRecord-Server
2026-09-29T23:00:38-10:00job:github_sync_all | * branch            main       -> FETCH_HEAD
2026-09-29T23:00:38-10:00job:github_sync_all | — [skills] local and GitHub already match
2026-09-29T23:00:38-10:00job:github_sync_all | — [skills] nothing to push
2026-09-29T23:00:38-10:00job:security_camera_frame_grab RUN  bash "/home/rootrecord/RootRecord-Ecosystem/1 - Servers/1 - RootRecord-Pacific-Solar-Server/Security/Cameras/grab_all.sh"
2026-09-29T23:00:53-10:00job:security_camera_frame_grab | 23:00:38  📷  a-eyes  ch1 → ch1-20260930T090038Z.jpg  (346.4 KB, 4.53s)
2026-09-29T23:00:53-10:00job:security_camera_frame_grab | 23:00:43  📷  a-eyes  ch2 → ch2-20260930T090043Z.jpg  (323.1 KB, 4.48s)
2026-09-29T23:00:53-10:00job:security_camera_frame_grab | 23:00:47  📷  a-eyes  ch3 → ch3-20260930T090047Z.jpg  (339.3 KB, 4.37s)
2026-09-29T23:00:53-10:00job:security_camera_frame_grab | 23:00:52  📷  a-eyes  ch4 → ch4-20260930T090052Z.jpg  (12.6 KB, 1.51s)
2026-09-29T23:00:53-10:00job:automations_log_hourly_archive RUN  bash "/home/rootrecord/RootRecord-Ecosystem/1 - Servers/1 - RootRecord-Pacific-Solar-Server/Automations/scripts/archive_automations_log_hourly.sh"
