2026-09-30T19:01:44-10:00job:automations_log_hourly_archive OK
2026-09-30T19:01:44-10:00job:security_timelapse_hourly_compile RUN  bash "/home/rootrecord/RootRecord-Ecosystem/1 - Servers/1 - RootRecord-Pacific-Solar-Server/Security/Cameras/timelapse_hourly.sh"
2026-09-30T19:01:57-10:00job:security_timelapse_hourly_compile | 19:01:57  🎬  a-eyes-timelapse  hour 18 → hour_18.mp4  (44 frames, 12.86s)
2026-09-30T19:01:57-10:00job:security_timelapse_hourly_compile | 19:01:57  🎬  a-eyes-timelapse  hour 18 frames archived → /home/rootrecord/RootRecord-Ecosystem/2 - RootRecord-Database/Media/Timelapses/_archive/20260930/hour_18
2026-09-30T19:01:57-10:00ENERGY  status=live  B2=74.0%  B1=93.4%  solar=0 W  ac=78 W  usbc=0 W  src=/home/rootrecord/RootRecord-Ecosystem/2 - RootRecord-Database/Energy  LAP=93%/Charging/AC
2026-09-30T19:02:12-10:00  ▸  SUMMARY=river2pro soc=93.25% solar=0W ac_out=0W usbc=35W src=ble+cloud db=ok
2026-09-30T19:02:12-10:00job:sys_stats_cycle RUN  bash "/home/rootrecord/RootRecord-Ecosystem/1 - Servers/1 - RootRecord-Pacific-Solar-Server/System/scripts/sys-sample.sh"
2026-09-30T19:02:13-10:00job:sys_stats_cycle | SYSTEM  cpu=5%  load=1.38  mem=39%  src=sqlite
2026-09-30T19:02:13-10:00job:sys_stats_cycle | OK wrote /home/rootrecord/RootRecord-Ecosystem/2 - RootRecord-Database/System/samples/sys-20260930-190213.json
2026-09-30T19:02:46-10:00job:github_sync_all | ↑ [ecosystem] committed 7 local file(s)
2026-09-30T19:02:46-10:00job:github_sync_all | ↓ [ecosystem] fetching origin/main
2026-09-30T19:02:46-10:00job:github_sync_all | From github.com:RootRecord-Software-Solutions/RootRecord-Ecosystem
2026-09-30T19:02:46-10:00job:github_sync_all | * branch            main       -> FETCH_HEAD
2026-09-30T19:02:46-10:00job:github_sync_all | ↑ [ecosystem] local is ahead of GitHub
2026-09-30T19:02:46-10:00job:github_sync_all | To github.com:RootRecord-Software-Solutions/RootRecord-Ecosystem.git
2026-09-30T19:02:46-10:00job:github_sync_all | a3533cb..23703a0  HEAD -> main
2026-09-30T19:02:46-10:00job:github_sync_all | branch 'main' set up to track 'origin/main'.
2026-09-30T19:02:46-10:00job:github_sync_all | ↑ [ecosystem] 7 files → RootRecord-Software-Solutions/RootRecord-Ecosystem (main)
2026-09-30T19:02:46-10:00job:github_sync_all | — [pacific] no local changes
2026-09-30T19:02:46-10:00job:github_sync_all | ↓ [pacific] fetching origin/main
2026-09-30T19:02:46-10:00job:github_sync_all | From github.com:RootRecord-Software-Solutions/RootRecord-Pacific-Solar-Server
2026-09-30T19:02:46-10:00job:github_sync_all | * branch            main       -> FETCH_HEAD
2026-09-30T19:02:46-10:00job:github_sync_all | — [pacific] local and GitHub already match
2026-09-30T19:02:46-10:00job:github_sync_all | — [pacific] nothing to push
2026-09-30T19:02:46-10:00job:github_sync_all | ↑ [database] committed 20 local file(s)
2026-09-30T19:02:46-10:00job:github_sync_all | ↓ [database] fetching origin/main
2026-09-30T19:02:46-10:00job:github_sync_all | From github.com:RootRecord-Software-Solutions/RootRecord-Database
2026-09-30T19:02:46-10:00job:github_sync_all | * branch              main       -> FETCH_HEAD
2026-09-30T19:02:46-10:00job:github_sync_all | ↑ [database] local is ahead of GitHub
2026-09-30T19:02:46-10:00job:github_sync_all | To github.com:RootRecord-Software-Solutions/RootRecord-Database.git
2026-09-30T19:02:46-10:00job:github_sync_all | b119da67..0a4572a7  HEAD -> main
2026-09-30T19:02:46-10:00job:github_sync_all | branch 'main' set up to track 'origin/main'.
2026-09-30T19:02:46-10:00job:github_sync_all | ↑ [database] 20 files → RootRecord-Software-Solutions/RootRecord-Database (main)
2026-09-30T19:02:46-10:00job:github_sync_all | — [library] no local changes
2026-09-30T19:02:46-10:00job:github_sync_all | ↓ [library] fetching origin/main
2026-09-30T19:02:46-10:00job:github_sync_all | From github.com:RootRecord-Software-Solutions/RootRecord-Library
2026-09-30T19:02:46-10:00job:github_sync_all | * branch            main       -> FETCH_HEAD
2026-09-30T19:02:46-10:00job:github_sync_all | — [library] local and GitHub already match
2026-09-30T19:02:46-10:00job:github_sync_all | — [library] nothing to push
2026-09-30T19:02:46-10:00job:worklog_scan RUN  bash "/home/rootrecord/RootRecord-Ecosystem/1 - Servers/1 - RootRecord-Pacific-Solar-Server/Reports/scripts/worklog_once.sh"
2026-09-30T19:02:49-10:00job:worklog_scan | OK wrote/updated /home/rootrecord/RootRecord-Ecosystem/2 - RootRecord-Database/Worklog/worklog_current.md
2026-09-30T19:02:49-10:00job:security_camera_frame_grab RUN  bash "/home/rootrecord/RootRecord-Ecosystem/1 - Servers/1 - RootRecord-Pacific-Solar-Server/Security/Cameras/grab_all.sh"
2026-09-30T19:03:07-10:00job:security_camera_frame_grab | 19:02:49  📷  a-eyes  ch1 → ch1-20261001T050249Z.jpg  (320.8 KB, 4.35s)
2026-09-30T19:03:07-10:00job:security_camera_frame_grab | 19:02:54  📷  a-eyes  ch2 → ch2-20261001T050254Z.jpg  (122.8 KB, 4.47s)
2026-09-30T19:03:07-10:00job:security_camera_frame_grab | 19:02:58  📷  a-eyes  ch3 → ch3-20261001T050258Z.jpg  (348.9 KB, 4.48s)
2026-09-30T19:03:07-10:00job:security_camera_frame_grab | 19:03:03  📷  a-eyes  ch4 → ch4-20261001T050303Z.jpg  (221.0 KB, 4.38s)
2026-09-30T19:03:07-10:00job:security_timelapse_daily_render RUN  bash "/home/rootrecord/RootRecord-Ecosystem/1 - Servers/1 - RootRecord-Pacific-Solar-Server/Security/Cameras/timelapse_daily.sh"
2026-09-30T19:03:08-10:00job:security_timelapse_daily_render | 19:03:08  🎬  a-eyes-timelapse  master → master_stitched_timelapse.mp4  (7 hourly chunks, MP4 only)
2026-09-30T19:03:08-10:00ENERGY  status=live  B2=74.0%  B1=93.2%  solar=0 W  ac=78 W  usbc=0 W  src=/home/rootrecord/RootRecord-Ecosystem/2 - RootRecord-Database/Energy  LAP=93%/Charging/AC
2026-09-30T19:03:24-10:00  ▸  SUMMARY=river2pro soc=93.13% solar=0W ac_out=0W usbc=32W src=ble+cloud db=ok
2026-09-30T19:03:24-10:00job:sys_stats_cycle RUN  bash "/home/rootrecord/RootRecord-Ecosystem/1 - Servers/1 - RootRecord-Pacific-Solar-Server/System/scripts/sys-sample.sh"
2026-09-30T19:03:26-10:00job:sys_stats_cycle | SYSTEM  cpu=3%  load=1.41  mem=39%  src=sqlite
2026-09-30T19:03:26-10:00job:sys_stats_cycle | OK wrote /home/rootrecord/RootRecord-Ecosystem/2 - RootRecord-Database/System/samples/sys-20260930-190325.json
2026-09-30T19:04:02-10:00job:github_sync_all | ↑ [ecosystem] committed 1 local file(s)
2026-09-30T19:04:02-10:00job:github_sync_all | ↓ [ecosystem] fetching origin/main
2026-09-30T19:04:02-10:00job:github_sync_all | From github.com:RootRecord-Software-Solutions/RootRecord-Ecosystem
2026-09-30T19:04:02-10:00job:github_sync_all | * branch            main       -> FETCH_HEAD
2026-09-30T19:04:02-10:00job:github_sync_all | ↑ [ecosystem] local is ahead of GitHub
2026-09-30T19:04:02-10:00job:github_sync_all | To github.com:RootRecord-Software-Solutions/RootRecord-Ecosystem.git
2026-09-30T19:04:02-10:00job:github_sync_all | 23703a0..d20b078  HEAD -> main
2026-09-30T19:04:02-10:00job:github_sync_all | branch 'main' set up to track 'origin/main'.
2026-09-30T19:04:02-10:00job:github_sync_all | ↑ [ecosystem] 1 files → RootRecord-Software-Solutions/RootRecord-Ecosystem (main)
2026-09-30T19:04:02-10:00job:github_sync_all | ↑ [pacific] committed 1 local file(s)
2026-09-30T19:04:02-10:00job:github_sync_all | ↓ [pacific] fetching origin/main
2026-09-30T19:04:02-10:00job:github_sync_all | From github.com:RootRecord-Software-Solutions/RootRecord-Pacific-Solar-Server
2026-09-30T19:04:02-10:00job:github_sync_all | * branch            main       -> FETCH_HEAD
2026-09-30T19:04:02-10:00job:github_sync_all | ↑ [pacific] local is ahead of GitHub
2026-09-30T19:04:02-10:00job:github_sync_all | To github.com:RootRecord-Software-Solutions/RootRecord-Pacific-Solar-Server.git
2026-09-30T19:04:02-10:00job:github_sync_all | 1fa6c7e..4b2ca82  HEAD -> main
2026-09-30T19:04:02-10:00job:github_sync_all | branch 'main' set up to track 'origin/main'.
2026-09-30T19:04:02-10:00job:github_sync_all | ↑ [pacific] 1 files → RootRecord-Software-Solutions/RootRecord-Pacific-Solar-Server (main)
2026-09-30T19:04:02-10:00job:github_sync_all | ↑ [database] committed 15 local file(s)
2026-09-30T19:04:02-10:00job:github_sync_all | ↓ [database] fetching origin/main
2026-09-30T19:04:02-10:00job:github_sync_all | From github.com:RootRecord-Software-Solutions/RootRecord-Database
2026-09-30T19:04:02-10:00job:github_sync_all | * branch              main       -> FETCH_HEAD
2026-09-30T19:04:02-10:00job:github_sync_all | ↑ [database] local is ahead of GitHub
2026-09-30T19:04:02-10:00job:github_sync_all | To github.com:RootRecord-Software-Solutions/RootRecord-Database.git
2026-09-30T19:04:02-10:00job:github_sync_all | 0a4572a7..35f043b0  HEAD -> main
2026-09-30T19:04:02-10:00job:github_sync_all | branch 'main' set up to track 'origin/main'.
2026-09-30T19:04:02-10:00job:github_sync_all | ↑ [database] 15 files → RootRecord-Software-Solutions/RootRecord-Database (main)
2026-09-30T19:04:02-10:00job:github_sync_all | — [library] no local changes
2026-09-30T19:04:02-10:00job:github_sync_all | ↓ [library] fetching origin/main
2026-09-30T19:04:02-10:00job:github_sync_all | From github.com:RootRecord-Software-Solutions/RootRecord-Library
2026-09-30T19:04:02-10:00job:github_sync_all | * branch            main       -> FETCH_HEAD
2026-09-30T19:04:02-10:00job:github_sync_all | — [library] local and GitHub already match
2026-09-30T19:04:02-10:00job:github_sync_all | — [library] nothing to push
2026-09-30T19:04:02-10:00job:security_camera_frame_grab RUN  bash "/home/rootrecord/RootRecord-Ecosystem/1 - Servers/1 - RootRecord-Pacific-Solar-Server/Security/Cameras/grab_all.sh"
2026-09-30T19:04:19-10:00job:security_camera_frame_grab | 19:04:02  📷  a-eyes  ch1 → ch1-20261001T050402Z.jpg  (320.8 KB, 4.44s)
2026-09-30T19:04:19-10:00job:security_camera_frame_grab | 19:04:06  📷  a-eyes  ch2 → ch2-20261001T050406Z.jpg  (122.5 KB, 4.25s)
2026-09-30T19:04:19-10:00job:security_camera_frame_grab | 19:04:11  📷  a-eyes  ch3 → ch3-20261001T050411Z.jpg  (350.9 KB, 4.37s)
2026-09-30T19:04:19-10:00job:security_camera_frame_grab | 19:04:15  📷  a-eyes  ch4 → ch4-20261001T050415Z.jpg  (232.7 KB, 4.36s)
2026-09-30T19:04:19-10:00job:voice_kilauea_report RUN  nice -n 10 python3 "/home/rootrecord/RootRecord-Ecosystem/1 - Servers/1 - RootRecord-Pacific-Solar-Server/Media/Voice/scripts/voice_reports.py" kilauea_report
2026-09-30T19:04:36-10:00tunnel timeout — reconnecting
2026-09-30T19:04:36-10:00tunnel timeout — reconnecting
2026-09-30T19:04:38-10:00tunnel timeout — reconnecting
2026-09-30T19:04:38-10:00tunnel connected  conn=0  edge=lax01
2026-09-30T19:04:45-10:00job:voice_kilauea_report | {"ok": true, "report": "kilauea_report", "md": "/home/rootrecord/RootRecord-Ecosystem/test-reports/Voice/kilauea_report_current.md", "sentences": 7, "voice": {"ok": true, "mode": "stitch", "report": "kilauea_report", "agent": "carly", "voice": "af_nova", "speed": 1.0, "wav": "/home/rootrecord/RootRecord-Ecosystem/2 - RootRecord-Database/Media/Audio/Voice/kilauea_report_current.wav", "clips_used": 0, "live_sentences": 8, "model_loaded": true, "render_s": 17.57, "sample_rate": 24000, "channels": 1, "subtype": "PCM_16", "duration_s": 33.605, "peak_dbfs": -1.8, "rms_dbfs": -20.36, "lead_silence_ms": 115, "qc": "PASS", "wall_s": 17.74, "peak_rss_mb": 1585, "rc": 0}, "deliver": {"ok": true, "sent": true, "persona": "carly", "chat": "-1004406495175", "message_id": 165, "transcript": true, "report": true, "photo": false, "plan": {"voice": true, "transcript": true, "report": true}}}
2026-09-30T19:04:45-10:00ENERGY  status=live  B2=74.0%  B1=93.1%  solar=0 W  ac=78 W  usbc=0 W  src=/home/rootrecord/RootRecord-Ecosystem/2 - RootRecord-Database/Energy  LAP=94%/Charging/AC
2026-09-30T19:04:52-10:00tunnel connected  conn=1  edge=lax10
2026-09-30T19:05:01-10:00  ▸  SUMMARY=river2pro soc=92.97% solar=0W ac_out=0W usbc=41W src=ble+cloud db=ok
2026-09-30T19:05:01-10:00job:sys_stats_cycle RUN  bash "/home/rootrecord/RootRecord-Ecosystem/1 - Servers/1 - RootRecord-Pacific-Solar-Server/System/scripts/sys-sample.sh"
2026-09-30T19:05:02-10:00job:sys_stats_cycle | SYSTEM  cpu=16%  load=3.20  mem=40%  src=sqlite
2026-09-30T19:05:02-10:00job:sys_stats_cycle | OK wrote /home/rootrecord/RootRecord-Ecosystem/2 - RootRecord-Database/System/samples/sys-20260930-190502.json
2026-09-30T19:05:49-10:00job:github_sync_all | ↑ [ecosystem] committed 8 local file(s)
2026-09-30T19:05:49-10:00job:github_sync_all | ↓ [ecosystem] fetching origin/main
2026-09-30T19:05:49-10:00job:github_sync_all | From github.com:RootRecord-Software-Solutions/RootRecord-Ecosystem
2026-09-30T19:05:49-10:00job:github_sync_all | * branch            main       -> FETCH_HEAD
2026-09-30T19:05:49-10:00job:github_sync_all | ↑ [ecosystem] local is ahead of GitHub
2026-09-30T19:05:49-10:00job:github_sync_all | To github.com:RootRecord-Software-Solutions/RootRecord-Ecosystem.git
2026-09-30T19:05:49-10:00job:github_sync_all | d20b078..10fc95e  HEAD -> main
2026-09-30T19:05:49-10:00job:github_sync_all | branch 'main' set up to track 'origin/main'.
2026-09-30T19:05:49-10:00job:github_sync_all | ↑ [ecosystem] 8 files → RootRecord-Software-Solutions/RootRecord-Ecosystem (main)
2026-09-30T19:05:49-10:00job:github_sync_all | ↑ [pacific] committed 4 local file(s)
2026-09-30T19:05:49-10:00job:github_sync_all | ↓ [pacific] fetching origin/main
2026-09-30T19:05:49-10:00job:github_sync_all | From github.com:RootRecord-Software-Solutions/RootRecord-Pacific-Solar-Server
2026-09-30T19:05:49-10:00job:github_sync_all | * branch            main       -> FETCH_HEAD
2026-09-30T19:05:49-10:00job:github_sync_all | ↑ [pacific] local is ahead of GitHub
2026-09-30T19:05:49-10:00job:github_sync_all | To github.com:RootRecord-Software-Solutions/RootRecord-Pacific-Solar-Server.git
2026-09-30T19:05:49-10:00job:github_sync_all | 4b2ca82..46e2fc9  HEAD -> main
2026-09-30T19:05:49-10:00job:github_sync_all | branch 'main' set up to track 'origin/main'.
2026-09-30T19:05:49-10:00job:github_sync_all | ↑ [pacific] 4 files → RootRecord-Software-Solutions/RootRecord-Pacific-Solar-Server (main)
2026-09-30T19:05:49-10:00job:github_sync_all | ↑ [database] committed 14 local file(s)
2026-09-30T19:05:49-10:00job:github_sync_all | ↓ [database] fetching origin/main
2026-09-30T19:05:49-10:00job:github_sync_all | From github.com:RootRecord-Software-Solutions/RootRecord-Database
2026-09-30T19:05:49-10:00job:github_sync_all | * branch              main       -> FETCH_HEAD
2026-09-30T19:05:49-10:00job:github_sync_all | ↑ [database] local is ahead of GitHub
2026-09-30T19:05:49-10:00job:github_sync_all | To github.com:RootRecord-Software-Solutions/RootRecord-Database.git
2026-09-30T19:05:49-10:00job:github_sync_all | 35f043b0..dccff88a  HEAD -> main
2026-09-30T19:05:49-10:00job:github_sync_all | branch 'main' set up to track 'origin/main'.
2026-09-30T19:05:49-10:00job:github_sync_all | ↑ [database] 14 files → RootRecord-Software-Solutions/RootRecord-Database (main)
2026-09-30T19:05:49-10:00job:github_sync_all | ↑ [library] committed 3 local file(s)
2026-09-30T19:05:49-10:00job:github_sync_all | ↓ [library] fetching origin/main
2026-09-30T19:05:49-10:00job:github_sync_all | From github.com:RootRecord-Software-Solutions/RootRecord-Library
2026-09-30T19:05:49-10:00job:github_sync_all | * branch            main       -> FETCH_HEAD
2026-09-30T19:05:49-10:00job:github_sync_all | ↑ [library] local is ahead of GitHub
2026-09-30T19:05:49-10:00job:github_sync_all | To github.com:RootRecord-Software-Solutions/RootRecord-Library.git
2026-09-30T19:05:49-10:00job:github_sync_all | 9ddcea6..e98a3d7  HEAD -> main
2026-09-30T19:05:49-10:00job:github_sync_all | branch 'main' set up to track 'origin/main'.
2026-09-30T19:05:49-10:00job:github_sync_all | ↑ [library] 3 files → RootRecord-Software-Solutions/RootRecord-Library (main)
2026-09-30T19:05:49-10:00job:worklog_scan RUN  bash "/home/rootrecord/RootRecord-Ecosystem/1 - Servers/1 - RootRecord-Pacific-Solar-Server/Reports/scripts/worklog_once.sh"
2026-09-30T19:05:53-10:00job:worklog_scan | OK wrote/updated /home/rootrecord/RootRecord-Ecosystem/2 - RootRecord-Database/Worklog/worklog_current.md
2026-09-30T19:05:53-10:00job:security_camera_frame_grab RUN  bash "/home/rootrecord/RootRecord-Ecosystem/1 - Servers/1 - RootRecord-Pacific-Solar-Server/Security/Cameras/grab_all.sh"
2026-09-30T19:06:12-10:00job:security_camera_frame_grab | 19:05:53  📷  a-eyes  ch1 → ch1-20261001T050553Z.jpg  (321.2 KB, 4.65s)
2026-09-30T19:06:12-10:00job:security_camera_frame_grab | 19:05:58  📷  a-eyes  ch2 → ch2-20261001T050558Z.jpg  (123.4 KB, 4.77s)
2026-09-30T19:06:12-10:00job:security_camera_frame_grab | 19:06:02  📷  a-eyes  ch3 → ch3-20261001T050602Z.jpg  (349.1 KB, 4.96s)
2026-09-30T19:06:12-10:00job:security_camera_frame_grab | 19:06:07  📷  a-eyes  ch4 → ch4-20261001T050607Z.jpg  (225.0 KB, 4.43s)
2026-09-30T19:06:12-10:00job:voice_solar_desk RUN  nice -n 10 python3 "/home/rootrecord/RootRecord-Ecosystem/1 - Servers/1 - RootRecord-Pacific-Solar-Server/Media/Voice/scripts/voice_reports.py" solar_desk
2026-09-30T19:06:26-10:00job:voice_solar_desk | {"ok": true, "report": "solar_desk", "md": "/home/rootrecord/RootRecord-Ecosystem/test-reports/Voice/solar_desk_current.md", "sentences": 3, "voice": {"ok": true, "mode": "stitch", "report": "solar_desk", "agent": "bruce", "voice": "am_echo", "speed": 1.0, "wav": "/home/rootrecord/RootRecord-Ecosystem/2 - RootRecord-Database/Media/Audio/Voice/solar_desk_current.wav", "clips_used": 0, "live_sentences": 3, "model_loaded": true, "render_s": 9.05, "sample_rate": 24000, "channels": 1, "subtype": "PCM_16", "duration_s": 12.525, "peak_dbfs": -1.5, "rms_dbfs": -20.24, "lead_silence_ms": 113, "qc": "PASS", "wall_s": 9.2, "peak_rss_mb": 1361, "rc": 0}, "deliver": {"ok": true, "sent": true, "persona": "bruce", "chat": "-1004406495175", "message_id": 168, "transcript": true, "report": true, "photo": false, "plan": {"voice": true, "transcript": true, "report": true}}}
2026-09-30T19:06:26-10:00ENERGY  status=live  B2=74.0%  B1=93.0%  solar=0 W  ac=78 W  usbc=0 W  src=/home/rootrecord/RootRecord-Ecosystem/2 - RootRecord-Database/Energy  LAP=94%/Charging/AC
2026-09-30T19:06:43-10:00  ▸  SUMMARY=river2pro soc=92.8% solar=0W ac_out=0W usbc=35W src=ble+cloud db=ok
2026-09-30T19:06:43-10:00job:sys_stats_cycle RUN  bash "/home/rootrecord/RootRecord-Ecosystem/1 - Servers/1 - RootRecord-Pacific-Solar-Server/System/scripts/sys-sample.sh"
2026-09-30T19:06:44-10:00job:sys_stats_cycle | SYSTEM  cpu=10%  load=3.38  mem=41%  src=sqlite
2026-09-30T19:06:44-10:00job:sys_stats_cycle | OK wrote /home/rootrecord/RootRecord-Ecosystem/2 - RootRecord-Database/System/samples/sys-20260930-190643.json
2026-09-30T19:07:26-10:00job:github_sync_all | ↑ [ecosystem] committed 17 local file(s)
2026-09-30T19:07:26-10:00job:github_sync_all | ↓ [ecosystem] fetching origin/main
2026-09-30T19:07:26-10:00job:github_sync_all | From github.com:RootRecord-Software-Solutions/RootRecord-Ecosystem
2026-09-30T19:07:26-10:00job:github_sync_all | * branch            main       -> FETCH_HEAD
2026-09-30T19:07:26-10:00job:github_sync_all | ↑ [ecosystem] local is ahead of GitHub
2026-09-30T19:07:26-10:00job:github_sync_all | To github.com:RootRecord-Software-Solutions/RootRecord-Ecosystem.git
2026-09-30T19:07:26-10:00job:github_sync_all | 10fc95e..f6bfc6d  HEAD -> main
2026-09-30T19:07:26-10:00job:github_sync_all | branch 'main' set up to track 'origin/main'.
2026-09-30T19:07:26-10:00job:github_sync_all | ↑ [ecosystem] 17 files → RootRecord-Software-Solutions/RootRecord-Ecosystem (main)
2026-09-30T19:07:26-10:00job:github_sync_all | ↑ [pacific] committed 3 local file(s)
2026-09-30T19:07:26-10:00job:github_sync_all | ↓ [pacific] fetching origin/main
2026-09-30T19:07:26-10:00job:github_sync_all | From github.com:RootRecord-Software-Solutions/RootRecord-Pacific-Solar-Server
2026-09-30T19:07:26-10:00job:github_sync_all | * branch            main       -> FETCH_HEAD
2026-09-30T19:07:26-10:00job:github_sync_all | ↑ [pacific] local is ahead of GitHub
2026-09-30T19:07:26-10:00job:github_sync_all | To github.com:RootRecord-Software-Solutions/RootRecord-Pacific-Solar-Server.git
2026-09-30T19:07:26-10:00job:github_sync_all | 46e2fc9..ad2df88  HEAD -> main
2026-09-30T19:07:26-10:00job:github_sync_all | branch 'main' set up to track 'origin/main'.
2026-09-30T19:07:26-10:00job:github_sync_all | ↑ [pacific] 3 files → RootRecord-Software-Solutions/RootRecord-Pacific-Solar-Server (main)
2026-09-30T19:07:26-10:00job:github_sync_all | ↑ [database] committed 17 local file(s)
2026-09-30T19:07:26-10:00job:github_sync_all | ↓ [database] fetching origin/main
2026-09-30T19:07:26-10:00job:github_sync_all | From github.com:RootRecord-Software-Solutions/RootRecord-Database
2026-09-30T19:07:26-10:00job:github_sync_all | * branch              main       -> FETCH_HEAD
2026-09-30T19:07:26-10:00job:github_sync_all | ↑ [database] local is ahead of GitHub
2026-09-30T19:07:26-10:00job:github_sync_all | To github.com:RootRecord-Software-Solutions/RootRecord-Database.git
2026-09-30T19:07:26-10:00job:github_sync_all | dccff88a..5a4d9031  HEAD -> main
2026-09-30T19:07:26-10:00job:github_sync_all | branch 'main' set up to track 'origin/main'.
2026-09-30T19:07:26-10:00job:github_sync_all | ↑ [database] 17 files → RootRecord-Software-Solutions/RootRecord-Database (main)
2026-09-30T19:07:26-10:00job:github_sync_all | ↑ [library] committed 2 local file(s)
2026-09-30T19:07:26-10:00job:github_sync_all | ↓ [library] fetching origin/main
2026-09-30T19:07:26-10:00job:github_sync_all | From github.com:RootRecord-Software-Solutions/RootRecord-Library
2026-09-30T19:07:26-10:00job:github_sync_all | * branch            main       -> FETCH_HEAD
2026-09-30T19:07:26-10:00job:github_sync_all | ↑ [library] local is ahead of GitHub
2026-09-30T19:07:26-10:00job:github_sync_all | To github.com:RootRecord-Software-Solutions/RootRecord-Library.git
2026-09-30T19:07:26-10:00job:github_sync_all | e98a3d7..29b3181  HEAD -> main
2026-09-30T19:07:26-10:00job:github_sync_all | branch 'main' set up to track 'origin/main'.
2026-09-30T19:07:26-10:00job:github_sync_all | ↑ [library] 2 files → RootRecord-Software-Solutions/RootRecord-Library (main)
2026-09-30T19:07:26-10:00job:worklog_scan RUN  bash "/home/rootrecord/RootRecord-Ecosystem/1 - Servers/1 - RootRecord-Pacific-Solar-Server/Reports/scripts/worklog_once.sh"
2026-09-30T19:07:30-10:00job:worklog_scan | OK wrote/updated /home/rootrecord/RootRecord-Ecosystem/2 - RootRecord-Database/Worklog/worklog_current.md
2026-09-30T19:07:30-10:00job:security_camera_frame_grab RUN  bash "/home/rootrecord/RootRecord-Ecosystem/1 - Servers/1 - RootRecord-Pacific-Solar-Server/Security/Cameras/grab_all.sh"
2026-09-30T19:07:48-10:00job:security_camera_frame_grab | 19:07:30  📷  a-eyes  ch1 → ch1-20261001T050730Z.jpg  (321.1 KB, 4.30s)
2026-09-30T19:07:48-10:00job:security_camera_frame_grab | 19:07:34  📷  a-eyes  ch2 → ch2-20261001T050734Z.jpg  (122.7 KB, 4.59s)
2026-09-30T19:07:48-10:00job:security_camera_frame_grab | 19:07:39  📷  a-eyes  ch3 → ch3-20261001T050739Z.jpg  (364.5 KB, 4.50s)
2026-09-30T19:07:48-10:00job:security_camera_frame_grab | 19:07:43  📷  a-eyes  ch4 → ch4-20261001T050743Z.jpg  (222.5 KB, 4.48s)
2026-09-30T19:07:48-10:00job:service_supervisor RUN  bash "/home/rootrecord/RootRecord-Ecosystem/1 - Servers/1 - RootRecord-Pacific-Solar-Server/Automations/scripts/supervise-services.sh"
2026-09-30T19:07:48-10:00job:service_supervisor | [supervisor] weather alive pid=97054 764793 (act)
2026-09-30T19:07:48-10:00job:service_supervisor | [supervisor] relay alive pid=96403 (act)
2026-09-30T19:07:48-10:00job:geology_collect RUN  nice -n 10 python3 "/home/rootrecord/RootRecord-Ecosystem/1 - Servers/1 - RootRecord-Pacific-Solar-Server/Geology/scripts/geology_collect.py" all
2026-09-30T19:07:51-10:00job:geology_collect | {"ok": true, "at": "2026-09-30T19:07:48-10:00", "what": "all", "dry_run": false, "sources": {"hawaii": {"ok": true, "count": 17, "new": 0, "new_m2": 0, "ms": 816}, "global": {"ok": true, "count": 36, "new": 0, "ms": 254}, "hvo_notices": {"ok": true, "count": 44, "new": 0, "ms": 858}, "hvo_status": {"ok": true, "volcanoes": 8, "kilauea": "WATCH", "mauna_loa": "NORMAL", "ms": 714}}}
2026-09-30T19:07:51-10:00job:system_net_sample RUN  nice -n 10 python3 "/home/rootrecord/RootRecord-Ecosystem/1 - Servers/1 - RootRecord-Pacific-Solar-Server/System/scripts/host_desks.py" net-sample
2026-09-30T19:07:51-10:00job:system_net_sample | {"ok": true, "file": "/home/rootrecord/RootRecord-Ecosystem/2 - RootRecord-Database/System/network/Daily/net-20260930.jsonl", "iface": "wlo1", "hour": {"seconds": 3779, "rx": 266184256, "tx": 107671249, "total": 373855505, "iface": "wlo1", "link": "wireless"}, "day": null}
2026-09-30T19:07:51-10:00job:voice_system_perf RUN  nice -n 10 python3 "/home/rootrecord/RootRecord-Ecosystem/1 - Servers/1 - RootRecord-Pacific-Solar-Server/Media/Voice/scripts/system_perf.py"
2026-09-30T19:08:13-10:00job:voice_system_perf | {"ok": true, "report": "system_perf", "md": "/home/rootrecord/RootRecord-Ecosystem/test-reports/Voice/system_perf_current.md", "cpu_pct": 14.8, "mem_pct": 41.6, "voice_rc": 0, "voice": {"ok": true, "mode": "stitch", "report": "system_perf", "agent": "bruce", "voice": "am_echo", "speed": 1.0, "wav": "/home/rootrecord/RootRecord-Ecosystem/2 - RootRecord-Database/Media/Audio/Voice/system_perf_current.wav", "clips_used": 0, "live_sentences": 11, "model_loaded": true, "render_s": 16.11, "sample_rate": 24000, "channels": 1, "subtype": "PCM_16", "duration_s": 30.85, "peak_dbfs": -1.55, "rms_dbfs": -20.12, "lead_silence_ms": 113, "qc": "PASS", "wall_s": 16.22, "peak_rss_mb": 1601}, "deliver": {"ok": true, "sent": true, "persona": "bruce", "chat": "-1004406495175", "message_id": 171, "transcript": true, "report": true, "photo": false, "plan": {"voice": true, "transcript": true, "report": true}}}
2026-09-30T19:08:14-10:00ENERGY  status=live  B2=74.0%  B1=92.8%  solar=0 W  ac=78 W  usbc=0 W  src=/home/rootrecord/RootRecord-Ecosystem/2 - RootRecord-Database/Energy  LAP=95%/Charging/AC
2026-09-30T19:08:29-10:00  ▸  SUMMARY=delta2 soc=71.98% solar=0W ac_out=102W usbc=0W src=ble db=ok
2026-09-30T19:08:29-10:00job:sys_stats_cycle RUN  bash "/home/rootrecord/RootRecord-Ecosystem/1 - Servers/1 - RootRecord-Pacific-Solar-Server/System/scripts/sys-sample.sh"
2026-09-30T19:08:30-10:00job:sys_stats_cycle | SYSTEM  cpu=36%  load=4.23  mem=42%  src=sqlite
2026-09-30T19:08:30-10:00job:sys_stats_cycle | OK wrote /home/rootrecord/RootRecord-Ecosystem/2 - RootRecord-Database/System/samples/sys-20260930-190829.json
2026-09-30T19:09:06-10:00job:github_sync_all | ↑ [ecosystem] committed 19 local file(s)
2026-09-30T19:09:06-10:00job:github_sync_all | ↓ [ecosystem] fetching origin/main
2026-09-30T19:09:06-10:00job:github_sync_all | From github.com:RootRecord-Software-Solutions/RootRecord-Ecosystem
2026-09-30T19:09:06-10:00job:github_sync_all | * branch            main       -> FETCH_HEAD
2026-09-30T19:09:06-10:00job:github_sync_all | ↑ [ecosystem] local is ahead of GitHub
2026-09-30T19:09:06-10:00job:github_sync_all | To github.com:RootRecord-Software-Solutions/RootRecord-Ecosystem.git
2026-09-30T19:09:06-10:00job:github_sync_all | f6bfc6d..eccb694  HEAD -> main
2026-09-30T19:09:06-10:00job:github_sync_all | branch 'main' set up to track 'origin/main'.
2026-09-30T19:09:06-10:00job:github_sync_all | ↑ [ecosystem] 19 files → RootRecord-Software-Solutions/RootRecord-Ecosystem (main)
2026-09-30T19:09:06-10:00job:github_sync_all | ↑ [pacific] committed 5 local file(s)
2026-09-30T19:09:06-10:00job:github_sync_all | ↓ [pacific] fetching origin/main
2026-09-30T19:09:06-10:00job:github_sync_all | From github.com:RootRecord-Software-Solutions/RootRecord-Pacific-Solar-Server
2026-09-30T19:09:06-10:00job:github_sync_all | * branch            main       -> FETCH_HEAD
2026-09-30T19:09:06-10:00job:github_sync_all | ↑ [pacific] local is ahead of GitHub
2026-09-30T19:09:06-10:00job:github_sync_all | To github.com:RootRecord-Software-Solutions/RootRecord-Pacific-Solar-Server.git
2026-09-30T19:09:06-10:00job:github_sync_all | ad2df88..062123f  HEAD -> main
2026-09-30T19:09:06-10:00job:github_sync_all | branch 'main' set up to track 'origin/main'.
2026-09-30T19:09:06-10:00job:github_sync_all | ↑ [pacific] 5 files → RootRecord-Software-Solutions/RootRecord-Pacific-Solar-Server (main)
2026-09-30T19:09:06-10:00job:github_sync_all | ↑ [database] committed 23 local file(s)
2026-09-30T19:09:06-10:00job:github_sync_all | ↓ [database] fetching origin/main
2026-09-30T19:09:06-10:00job:github_sync_all | From github.com:RootRecord-Software-Solutions/RootRecord-Database
2026-09-30T19:09:06-10:00job:github_sync_all | * branch              main       -> FETCH_HEAD
2026-09-30T19:09:06-10:00job:github_sync_all | ↑ [database] local is ahead of GitHub
2026-09-30T19:09:06-10:00job:github_sync_all | To github.com:RootRecord-Software-Solutions/RootRecord-Database.git
2026-09-30T19:09:06-10:00job:github_sync_all | 5a4d9031..f79a6e77  HEAD -> main
2026-09-30T19:09:06-10:00job:github_sync_all | branch 'main' set up to track 'origin/main'.
2026-09-30T19:09:06-10:00job:github_sync_all | ↑ [database] 23 files → RootRecord-Software-Solutions/RootRecord-Database (main)
2026-09-30T19:09:06-10:00job:github_sync_all | — [library] no local changes
2026-09-30T19:09:06-10:00job:github_sync_all | ↓ [library] fetching origin/main
2026-09-30T19:09:06-10:00job:github_sync_all | From github.com:RootRecord-Software-Solutions/RootRecord-Library
2026-09-30T19:09:06-10:00job:github_sync_all | * branch            main       -> FETCH_HEAD
2026-09-30T19:09:06-10:00job:github_sync_all | — [library] local and GitHub already match
2026-09-30T19:09:06-10:00job:github_sync_all | — [library] nothing to push
2026-09-30T19:09:06-10:00job:worklog_scan RUN  bash "/home/rootrecord/RootRecord-Ecosystem/1 - Servers/1 - RootRecord-Pacific-Solar-Server/Reports/scripts/worklog_once.sh"
2026-09-30T19:09:18-10:00job:worklog_scan | OK wrote/updated /home/rootrecord/RootRecord-Ecosystem/2 - RootRecord-Database/Worklog/worklog_current.md
2026-09-30T19:09:18-10:00job:security_camera_frame_grab RUN  bash "/home/rootrecord/RootRecord-Ecosystem/1 - Servers/1 - RootRecord-Pacific-Solar-Server/Security/Cameras/grab_all.sh"
2026-09-30T19:09:36-10:00job:security_camera_frame_grab | 19:09:18  📷  a-eyes  ch1 → ch1-20261001T050918Z.jpg  (321.0 KB, 4.28s)
2026-09-30T19:09:36-10:00job:security_camera_frame_grab | 19:09:23  📷  a-eyes  ch2 → ch2-20261001T050923Z.jpg  (122.8 KB, 4.47s)
2026-09-30T19:09:36-10:00job:security_camera_frame_grab | 19:09:27  📷  a-eyes  ch3 → ch3-20261001T050927Z.jpg  (354.4 KB, 4.33s)
2026-09-30T19:09:36-10:00job:security_camera_frame_grab | 19:09:31  📷  a-eyes  ch4 → ch4-20261001T050931Z.jpg  (262.2 KB, 4.50s)
2026-09-30T19:09:36-10:00job:voice_earthquake_report RUN  nice -n 10 python3 "/home/rootrecord/RootRecord-Ecosystem/1 - Servers/1 - RootRecord-Pacific-Solar-Server/Media/Voice/scripts/voice_reports.py" earthquake_report
2026-09-30T19:09:53-10:00job:voice_earthquake_report | {"ok": true, "report": "earthquake_report", "md": "/home/rootrecord/RootRecord-Ecosystem/test-reports/Voice/earthquake_report_current.md", "sentences": 5, "voice": {"ok": true, "mode": "stitch", "report": "earthquake_report", "agent": "carly", "voice": "af_nova", "speed": 1.0, "wav": "/home/rootrecord/RootRecord-Ecosystem/2 - RootRecord-Database/Media/Audio/Voice/earthquake_report_current.wav", "clips_used": 0, "live_sentences": 4, "model_loaded": true, "render_s": 10.82, "sample_rate": 24000, "channels": 1, "subtype": "PCM_16", "duration_s": 17.332, "peak_dbfs": -3.5, "rms_dbfs": -20.46, "lead_silence_ms": 113, "qc": "PASS", "wall_s": 10.92, "peak_rss_mb": 1423, "rc": 0}, "deliver": {"ok": true, "sent": true, "persona": "carly", "chat": "-1004406495175", "message_id": 174, "transcript": true, "report": true, "photo": false, "plan": {"voice": true, "transcript": true, "report": true}}}
2026-09-30T19:09:53-10:00ENERGY  status=live  B2=72.0%  B1=92.8%  solar=0 W  ac=102 W  usbc=0 W  src=/home/rootrecord/RootRecord-Ecosystem/2 - RootRecord-Database/Energy  LAP=95%/Charging/AC
2026-09-30T19:10:08-10:00  ▸  SUMMARY=delta2 soc=71.58% solar=0W ac_out=84W usbc=0W src=ble db=ok
2026-09-30T19:10:08-10:00job:sys_stats_cycle RUN  bash "/home/rootrecord/RootRecord-Ecosystem/1 - Servers/1 - RootRecord-Pacific-Solar-Server/System/scripts/sys-sample.sh"
2026-09-30T19:10:09-10:00job:sys_stats_cycle | SYSTEM  cpu=7%  load=2.71  mem=42%  src=sqlite
2026-09-30T19:10:09-10:00job:sys_stats_cycle | OK wrote /home/rootrecord/RootRecord-Ecosystem/2 - RootRecord-Database/System/samples/sys-20260930-191008.json
2026-09-30T19:10:46-10:00job:github_sync_all | ↑ [ecosystem] committed 10 local file(s)
2026-09-30T19:10:46-10:00job:github_sync_all | ↓ [ecosystem] fetching origin/main
2026-09-30T19:10:46-10:00job:github_sync_all | From github.com:RootRecord-Software-Solutions/RootRecord-Ecosystem
2026-09-30T19:10:46-10:00job:github_sync_all | * branch            main       -> FETCH_HEAD
2026-09-30T19:10:46-10:00job:github_sync_all | ↑ [ecosystem] local is ahead of GitHub
2026-09-30T19:10:46-10:00job:github_sync_all | To github.com:RootRecord-Software-Solutions/RootRecord-Ecosystem.git
2026-09-30T19:10:46-10:00job:github_sync_all | eccb694..e4e81e7  HEAD -> main
2026-09-30T19:10:46-10:00job:github_sync_all | branch 'main' set up to track 'origin/main'.
2026-09-30T19:10:46-10:00job:github_sync_all | ↑ [ecosystem] 10 files → RootRecord-Software-Solutions/RootRecord-Ecosystem (main)
2026-09-30T19:10:46-10:00job:github_sync_all | ↑ [pacific] committed 2 local file(s)
2026-09-30T19:10:46-10:00job:github_sync_all | ↓ [pacific] fetching origin/main
2026-09-30T19:10:46-10:00job:github_sync_all | From github.com:RootRecord-Software-Solutions/RootRecord-Pacific-Solar-Server
2026-09-30T19:10:46-10:00job:github_sync_all | * branch            main       -> FETCH_HEAD
2026-09-30T19:10:46-10:00job:github_sync_all | ↑ [pacific] local is ahead of GitHub
2026-09-30T19:10:46-10:00job:github_sync_all | To github.com:RootRecord-Software-Solutions/RootRecord-Pacific-Solar-Server.git
2026-09-30T19:10:46-10:00job:github_sync_all | 062123f..5a07e1e  HEAD -> main
2026-09-30T19:10:46-10:00job:github_sync_all | branch 'main' set up to track 'origin/main'.
2026-09-30T19:10:46-10:00job:github_sync_all | ↑ [pacific] 2 files → RootRecord-Software-Solutions/RootRecord-Pacific-Solar-Server (main)
2026-09-30T19:10:46-10:00job:github_sync_all | ↑ [database] committed 18 local file(s)
2026-09-30T19:10:46-10:00job:github_sync_all | ↓ [database] fetching origin/main
2026-09-30T19:10:46-10:00job:github_sync_all | From github.com:RootRecord-Software-Solutions/RootRecord-Database
2026-09-30T19:10:46-10:00job:github_sync_all | * branch              main       -> FETCH_HEAD
2026-09-30T19:10:46-10:00job:github_sync_all | ↑ [database] local is ahead of GitHub
2026-09-30T19:10:46-10:00job:github_sync_all | To github.com:RootRecord-Software-Solutions/RootRecord-Database.git
2026-09-30T19:10:46-10:00job:github_sync_all | f79a6e77..fe51992e  HEAD -> main
2026-09-30T19:10:46-10:00job:github_sync_all | branch 'main' set up to track 'origin/main'.
2026-09-30T19:10:46-10:00job:github_sync_all | ↑ [database] 18 files → RootRecord-Software-Solutions/RootRecord-Database (main)
2026-09-30T19:10:46-10:00job:github_sync_all | — [library] no local changes
2026-09-30T19:10:46-10:00job:github_sync_all | ↓ [library] fetching origin/main
2026-09-30T19:10:46-10:00job:github_sync_all | From github.com:RootRecord-Software-Solutions/RootRecord-Library
2026-09-30T19:10:46-10:00job:github_sync_all | * branch            main       -> FETCH_HEAD
2026-09-30T19:10:46-10:00job:github_sync_all | — [library] local and GitHub already match
2026-09-30T19:10:46-10:00job:github_sync_all | — [library] nothing to push
2026-09-30T19:10:46-10:00job:worklog_scan RUN  bash "/home/rootrecord/RootRecord-Ecosystem/1 - Servers/1 - RootRecord-Pacific-Solar-Server/Reports/scripts/worklog_once.sh"
2026-09-30T19:10:50-10:00job:worklog_scan | OK wrote/updated /home/rootrecord/RootRecord-Ecosystem/2 - RootRecord-Database/Worklog/worklog_current.md
2026-09-30T19:10:50-10:00job:security_camera_frame_grab RUN  bash "/home/rootrecord/RootRecord-Ecosystem/1 - Servers/1 - RootRecord-Pacific-Solar-Server/Security/Cameras/grab_all.sh"
2026-09-30T19:11:08-10:00job:security_camera_frame_grab | 19:10:50  📷  a-eyes  ch1 → ch1-20261001T051050Z.jpg  (321.4 KB, 4.62s)
2026-09-30T19:11:08-10:00job:security_camera_frame_grab | 19:10:55  📷  a-eyes  ch2 → ch2-20261001T051055Z.jpg  (122.6 KB, 4.47s)
2026-09-30T19:11:08-10:00job:security_camera_frame_grab | 19:10:59  📷  a-eyes  ch3 → ch3-20261001T051059Z.jpg  (362.9 KB, 4.48s)
2026-09-30T19:11:08-10:00job:security_camera_frame_grab | 19:11:04  📷  a-eyes  ch4 → ch4-20261001T051104Z.jpg  (219.2 KB, 4.46s)
2026-09-30T19:11:08-10:00ENERGY  status=live  B2=71.6%  B1=92.8%  solar=0 W  ac=84 W  usbc=0 W  src=/home/rootrecord/RootRecord-Ecosystem/2 - RootRecord-Database/Energy  LAP=96%/Charging/AC
2026-09-30T19:11:25-10:00  ▸  SUMMARY=river2pro soc=92.4% solar=0W ac_out=0W usbc=32W src=ble+cloud db=ok
2026-09-30T19:11:25-10:00job:sys_stats_cycle RUN  bash "/home/rootrecord/RootRecord-Ecosystem/1 - Servers/1 - RootRecord-Pacific-Solar-Server/System/scripts/sys-sample.sh"
2026-09-30T19:11:26-10:00job:sys_stats_cycle | SYSTEM  cpu=5%  load=2.09  mem=42%  src=sqlite
2026-09-30T19:11:26-10:00job:sys_stats_cycle | OK wrote /home/rootrecord/RootRecord-Ecosystem/2 - RootRecord-Database/System/samples/sys-20260930-191125.json
2026-09-30T19:11:59-10:00job:github_sync_all | — [ecosystem] no committable local changes
2026-09-30T19:11:59-10:00job:github_sync_all | ↓ [ecosystem] fetching origin/main
2026-09-30T19:11:59-10:00job:github_sync_all | From github.com:RootRecord-Software-Solutions/RootRecord-Ecosystem
2026-09-30T19:11:59-10:00job:github_sync_all | * branch            main       -> FETCH_HEAD
2026-09-30T19:11:59-10:00job:github_sync_all | — [ecosystem] local and GitHub already match
2026-09-30T19:11:59-10:00job:github_sync_all | — [ecosystem] nothing to push
2026-09-30T19:11:59-10:00job:github_sync_all | ↑ [pacific] committed 2 local file(s)
2026-09-30T19:11:59-10:00job:github_sync_all | ↓ [pacific] fetching origin/main
2026-09-30T19:11:59-10:00job:github_sync_all | From github.com:RootRecord-Software-Solutions/RootRecord-Pacific-Solar-Server
2026-09-30T19:11:59-10:00job:github_sync_all | * branch            main       -> FETCH_HEAD
2026-09-30T19:11:59-10:00job:github_sync_all | ↑ [pacific] local is ahead of GitHub
2026-09-30T19:11:59-10:00job:github_sync_all | To github.com:RootRecord-Software-Solutions/RootRecord-Pacific-Solar-Server.git
2026-09-30T19:11:59-10:00job:github_sync_all | 5a07e1e..9590855  HEAD -> main
2026-09-30T19:11:59-10:00job:github_sync_all | branch 'main' set up to track 'origin/main'.
2026-09-30T19:11:59-10:00job:github_sync_all | ↑ [pacific] 2 files → RootRecord-Software-Solutions/RootRecord-Pacific-Solar-Server (main)
2026-09-30T19:11:59-10:00job:github_sync_all | ↑ [database] committed 16 local file(s)
2026-09-30T19:11:59-10:00job:github_sync_all | ↓ [database] fetching origin/main
2026-09-30T19:11:59-10:00job:github_sync_all | From github.com:RootRecord-Software-Solutions/RootRecord-Database
2026-09-30T19:11:59-10:00job:github_sync_all | * branch              main       -> FETCH_HEAD
2026-09-30T19:11:59-10:00job:github_sync_all | ↑ [database] local is ahead of GitHub
2026-09-30T19:11:59-10:00job:github_sync_all | To github.com:RootRecord-Software-Solutions/RootRecord-Database.git
2026-09-30T19:11:59-10:00job:github_sync_all | fe51992e..65e88c2a  HEAD -> main
2026-09-30T19:11:59-10:00job:github_sync_all | branch 'main' set up to track 'origin/main'.
2026-09-30T19:11:59-10:00job:github_sync_all | ↑ [database] 16 files → RootRecord-Software-Solutions/RootRecord-Database (main)
2026-09-30T19:11:59-10:00job:github_sync_all | — [library] no local changes
2026-09-30T19:11:59-10:00job:github_sync_all | ↓ [library] fetching origin/main
2026-09-30T19:11:59-10:00job:github_sync_all | From github.com:RootRecord-Software-Solutions/RootRecord-Library
2026-09-30T19:11:59-10:00job:github_sync_all | * branch            main       -> FETCH_HEAD
2026-09-30T19:11:59-10:00job:github_sync_all | — [library] local and GitHub already match
2026-09-30T19:11:59-10:00job:github_sync_all | — [library] nothing to push
2026-09-30T19:11:59-10:00job:security_camera_frame_grab RUN  bash "/home/rootrecord/RootRecord-Ecosystem/1 - Servers/1 - RootRecord-Pacific-Solar-Server/Security/Cameras/grab_all.sh"
2026-09-30T19:12:17-10:00job:security_camera_frame_grab | 19:11:59  📷  a-eyes  ch1 → ch1-20261001T051159Z.jpg  (321.8 KB, 4.64s)
2026-09-30T19:12:17-10:00job:security_camera_frame_grab | 19:12:04  📷  a-eyes  ch2 → ch2-20261001T051204Z.jpg  (122.3 KB, 4.48s)
2026-09-30T19:12:17-10:00job:security_camera_frame_grab | 19:12:08  📷  a-eyes  ch3 → ch3-20261001T051208Z.jpg  (361.3 KB, 4.47s)
2026-09-30T19:12:17-10:00job:security_camera_frame_grab | 19:12:13  📷  a-eyes  ch4 → ch4-20261001T051213Z.jpg  (221.6 KB, 4.36s)
2026-09-30T19:12:17-10:00job:voice_security_desk RUN  nice -n 10 python3 "/home/rootrecord/RootRecord-Ecosystem/1 - Servers/1 - RootRecord-Pacific-Solar-Server/Media/Voice/scripts/voice_reports.py" security_desk
2026-09-30T19:12:32-10:00job:voice_security_desk | {"ok": true, "report": "security_desk", "md": "/home/rootrecord/RootRecord-Ecosystem/test-reports/Voice/security_desk_current.md", "sentences": 6, "voice": {"ok": true, "mode": "stitch", "report": "security_desk", "agent": "carly", "voice": "af_nova", "speed": 1.0, "wav": "/home/rootrecord/RootRecord-Ecosystem/2 - RootRecord-Database/Media/Audio/Voice/security_desk_current.wav", "clips_used": 0, "live_sentences": 5, "model_loaded": true, "render_s": 10.32, "sample_rate": 24000, "channels": 1, "subtype": "PCM_16", "duration_s": 16.331, "peak_dbfs": -3.7, "rms_dbfs": -20.24, "lead_silence_ms": 110, "qc": "PASS", "wall_s": 10.42, "peak_rss_mb": 1384, "rc": 0}, "deliver": {"ok": true, "sent": true, "persona": "carly", "chat": "-1004406495175", "message_id": 177, "transcript": true, "report": true, "photo": false, "plan": {"voice": true, "transcript": true, "report": true}}}
2026-09-30T19:12:33-10:00ENERGY  status=live  B2=71.6%  B1=92.4%  solar=0 W  ac=84 W  usbc=0 W  src=/home/rootrecord/RootRecord-Ecosystem/2 - RootRecord-Database/Energy  LAP=96%/Charging/AC
2026-09-30T19:12:48-10:00  ▸  SUMMARY=delta2 soc=71.08% solar=0W ac_out=91W usbc=0W src=ble db=ok
2026-09-30T19:12:48-10:00job:sys_stats_cycle RUN  bash "/home/rootrecord/RootRecord-Ecosystem/1 - Servers/1 - RootRecord-Pacific-Solar-Server/System/scripts/sys-sample.sh"
2026-09-30T19:12:49-10:00job:sys_stats_cycle | SYSTEM  cpu=71%  load=3.10  mem=43%  src=sqlite
2026-09-30T19:12:49-10:00job:sys_stats_cycle | OK wrote /home/rootrecord/RootRecord-Ecosystem/2 - RootRecord-Database/System/samples/sys-20260930-191248.json
2026-09-30T19:13:23-10:00job:github_sync_all | ↑ [ecosystem] committed 5 local file(s)
2026-09-30T19:13:23-10:00job:github_sync_all | ↓ [ecosystem] fetching origin/main
2026-09-30T19:13:23-10:00job:github_sync_all | From github.com:RootRecord-Software-Solutions/RootRecord-Ecosystem
2026-09-30T19:13:23-10:00job:github_sync_all | * branch            main       -> FETCH_HEAD
2026-09-30T19:13:23-10:00job:github_sync_all | ↑ [ecosystem] local is ahead of GitHub
2026-09-30T19:13:23-10:00job:github_sync_all | To github.com:RootRecord-Software-Solutions/RootRecord-Ecosystem.git
2026-09-30T19:13:23-10:00job:github_sync_all | e4e81e7..5169529  HEAD -> main
2026-09-30T19:13:23-10:00job:github_sync_all | branch 'main' set up to track 'origin/main'.
2026-09-30T19:13:23-10:00job:github_sync_all | ↑ [ecosystem] 5 files → RootRecord-Software-Solutions/RootRecord-Ecosystem (main)
2026-09-30T19:13:23-10:00job:github_sync_all | — [pacific] no local changes
2026-09-30T19:13:23-10:00job:github_sync_all | ↓ [pacific] fetching origin/main
2026-09-30T19:13:23-10:00job:github_sync_all | From github.com:RootRecord-Software-Solutions/RootRecord-Pacific-Solar-Server
2026-09-30T19:13:23-10:00job:github_sync_all | * branch            main       -> FETCH_HEAD
2026-09-30T19:13:23-10:00job:github_sync_all | — [pacific] local and GitHub already match
2026-09-30T19:13:23-10:00job:github_sync_all | — [pacific] nothing to push
2026-09-30T19:13:23-10:00job:github_sync_all | ↑ [database] committed 13 local file(s)
2026-09-30T19:13:23-10:00job:github_sync_all | ↓ [database] fetching origin/main
2026-09-30T19:13:23-10:00job:github_sync_all | From github.com:RootRecord-Software-Solutions/RootRecord-Database
2026-09-30T19:13:23-10:00job:github_sync_all | * branch              main       -> FETCH_HEAD
2026-09-30T19:13:23-10:00job:github_sync_all | ↑ [database] local is ahead of GitHub
2026-09-30T19:13:23-10:00job:github_sync_all | To github.com:RootRecord-Software-Solutions/RootRecord-Database.git
2026-09-30T19:13:23-10:00job:github_sync_all | 65e88c2a..fa3ea453  HEAD -> main
2026-09-30T19:13:23-10:00job:github_sync_all | branch 'main' set up to track 'origin/main'.
2026-09-30T19:13:23-10:00job:github_sync_all | ↑ [database] 13 files → RootRecord-Software-Solutions/RootRecord-Database (main)
2026-09-30T19:13:23-10:00job:github_sync_all | — [library] no local changes
2026-09-30T19:13:23-10:00job:github_sync_all | ↓ [library] fetching origin/main
2026-09-30T19:13:23-10:00job:github_sync_all | From github.com:RootRecord-Software-Solutions/RootRecord-Library
2026-09-30T19:13:23-10:00job:github_sync_all | * branch            main       -> FETCH_HEAD
2026-09-30T19:13:23-10:00job:github_sync_all | — [library] local and GitHub already match
2026-09-30T19:13:23-10:00job:github_sync_all | — [library] nothing to push
2026-09-30T19:13:23-10:00job:worklog_scan RUN  bash "/home/rootrecord/RootRecord-Ecosystem/1 - Servers/1 - RootRecord-Pacific-Solar-Server/Reports/scripts/worklog_once.sh"
2026-09-30T19:13:26-10:00job:worklog_scan | OK wrote/updated /home/rootrecord/RootRecord-Ecosystem/2 - RootRecord-Database/Worklog/worklog_current.md
2026-09-30T19:13:26-10:00job:security_camera_frame_grab RUN  bash "/home/rootrecord/RootRecord-Ecosystem/1 - Servers/1 - RootRecord-Pacific-Solar-Server/Security/Cameras/grab_all.sh"
2026-09-30T19:13:44-10:00job:security_camera_frame_grab | 19:13:26  📷  a-eyes  ch1 → ch1-20261001T051326Z.jpg  (321.7 KB, 4.54s)
2026-09-30T19:13:44-10:00job:security_camera_frame_grab | 19:13:31  📷  a-eyes  ch2 → ch2-20261001T051331Z.jpg  (122.4 KB, 4.40s)
2026-09-30T19:13:44-10:00job:security_camera_frame_grab | 19:13:35  📷  a-eyes  ch3 → ch3-20261001T051335Z.jpg  (357.3 KB, 4.38s)
2026-09-30T19:13:44-10:00job:security_camera_frame_grab | 19:13:40  📷  a-eyes  ch4 → ch4-20261001T051340Z.jpg  (221.8 KB, 4.46s)
2026-09-30T19:13:44-10:00job:service_supervisor RUN  bash "/home/rootrecord/RootRecord-Ecosystem/1 - Servers/1 - RootRecord-Pacific-Solar-Server/Automations/scripts/supervise-services.sh"
2026-09-30T19:13:44-10:00job:service_supervisor | [supervisor] weather alive pid=97054 764793 (act)
2026-09-30T19:13:44-10:00job:service_supervisor | [supervisor] relay alive pid=96403 (act)
2026-09-30T19:13:45-10:00job:geology_collect RUN  nice -n 10 python3 "/home/rootrecord/RootRecord-Ecosystem/1 - Servers/1 - RootRecord-Pacific-Solar-Server/Geology/scripts/geology_collect.py" all
2026-09-30T19:13:51-10:00job:geology_collect | {"ok": true, "at": "2026-09-30T19:13:45-10:00", "what": "all", "dry_run": false, "sources": {"hawaii": {"ok": true, "count": 17, "new": 0, "new_m2": 0, "ms": 1337}, "global": {"ok": true, "count": 36, "new": 0, "ms": 314}, "hvo_notices": {"ok": true, "count": 44, "new": 0, "ms": 3371}, "hvo_status": {"ok": true, "volcanoes": 8, "kilauea": "WATCH", "mauna_loa": "NORMAL", "ms": 1683}}}
2026-09-30T19:13:51-10:00job:system_net_sample RUN  nice -n 10 python3 "/home/rootrecord/RootRecord-Ecosystem/1 - Servers/1 - RootRecord-Pacific-Solar-Server/System/scripts/host_desks.py" net-sample
2026-09-30T19:13:52-10:00job:system_net_sample | {"ok": true, "file": "/home/rootrecord/RootRecord-Ecosystem/2 - RootRecord-Database/System/network/Daily/net-20260930.jsonl", "iface": "wlo1", "hour": {"seconds": 3729, "rx": 227129297, "tx": 107823124, "total": 334952421, "iface": "wlo1", "link": "wireless"}, "day": null}
2026-09-30T19:13:52-10:00job:voice_bandwidth_desk RUN  nice -n 10 python3 "/home/rootrecord/RootRecord-Ecosystem/1 - Servers/1 - RootRecord-Pacific-Solar-Server/Media/Voice/scripts/voice_reports.py" bandwidth_desk
2026-09-30T19:15:07-10:00job:voice_bandwidth_desk | {"ok": true, "report": "bandwidth_desk", "md": "/home/rootrecord/RootRecord-Ecosystem/test-reports/Voice/bandwidth_desk_current.md", "sentences": 4, "voice": {"ok": true, "mode": "stitch", "report": "bandwidth_desk", "agent": "carly", "voice": "af_nova", "speed": 1.0, "wav": "/home/rootrecord/RootRecord-Ecosystem/2 - RootRecord-Database/Media/Audio/Voice/bandwidth_desk_current.wav", "clips_used": 0, "live_sentences": 3, "model_loaded": true, "render_s": 10.18, "sample_rate": 24000, "channels": 1, "subtype": "PCM_16", "duration_s": 14.033, "peak_dbfs": -1.5, "rms_dbfs": -21.08, "lead_silence_ms": 111, "qc": "PASS", "wall_s": 10.32, "peak_rss_mb": 1417, "rc": 0}, "deliver": {"ok": true, "sent": true, "persona": "carly", "chat": "-1004406495175", "message_id": 180, "transcript": true, "report": true, "photo": false, "plan": {"voice": true, "transcript": true, "report": true}}}
2026-09-30T19:15:07-10:00ENERGY  status=live  B2=71.1%  B1=92.4%  solar=0 W  ac=91 W  usbc=0 W  src=/home/rootrecord/RootRecord-Ecosystem/2 - RootRecord-Database/Energy  LAP=96%/Charging/AC
2026-09-30T19:15:24-10:00  ▸  SUMMARY=river2pro soc=92.02% solar=0W ac_out=0W usbc=29W src=ble+cloud db=ok
2026-09-30T19:15:24-10:00job:sys_stats_cycle RUN  bash "/home/rootrecord/RootRecord-Ecosystem/1 - Servers/1 - RootRecord-Pacific-Solar-Server/System/scripts/sys-sample.sh"
2026-09-30T19:15:25-10:00job:sys_stats_cycle | SYSTEM  cpu=6%  load=2.02  mem=41%  src=sqlite
2026-09-30T19:15:25-10:00job:sys_stats_cycle | OK wrote /home/rootrecord/RootRecord-Ecosystem/2 - RootRecord-Database/System/samples/sys-20260930-191524.json
2026-09-30T19:15:58-10:00job:github_sync_all | ↑ [ecosystem] committed 14 local file(s)
2026-09-30T19:15:58-10:00job:github_sync_all | ↓ [ecosystem] fetching origin/main
2026-09-30T19:15:58-10:00job:github_sync_all | From github.com:RootRecord-Software-Solutions/RootRecord-Ecosystem
2026-09-30T19:15:58-10:00job:github_sync_all | * branch            main       -> FETCH_HEAD
2026-09-30T19:15:58-10:00job:github_sync_all | ↑ [ecosystem] local is ahead of GitHub
2026-09-30T19:15:58-10:00job:github_sync_all | To github.com:RootRecord-Software-Solutions/RootRecord-Ecosystem.git
2026-09-30T19:15:58-10:00job:github_sync_all | 5169529..f2eadf6  HEAD -> main
2026-09-30T19:15:58-10:00job:github_sync_all | branch 'main' set up to track 'origin/main'.
2026-09-30T19:15:58-10:00job:github_sync_all | ↑ [ecosystem] 14 files → RootRecord-Software-Solutions/RootRecord-Ecosystem (main)
2026-09-30T19:15:58-10:00job:github_sync_all | — [pacific] no local changes
2026-09-30T19:15:58-10:00job:github_sync_all | ↓ [pacific] fetching origin/main
2026-09-30T19:15:58-10:00job:github_sync_all | From github.com:RootRecord-Software-Solutions/RootRecord-Pacific-Solar-Server
2026-09-30T19:15:58-10:00job:github_sync_all | * branch            main       -> FETCH_HEAD
2026-09-30T19:15:58-10:00job:github_sync_all | — [pacific] local and GitHub already match
2026-09-30T19:15:58-10:00job:github_sync_all | — [pacific] nothing to push
2026-09-30T19:15:58-10:00job:github_sync_all | ↑ [database] committed 25 local file(s)
2026-09-30T19:15:58-10:00job:github_sync_all | ↓ [database] fetching origin/main
2026-09-30T19:15:58-10:00job:github_sync_all | From github.com:RootRecord-Software-Solutions/RootRecord-Database
2026-09-30T19:15:58-10:00job:github_sync_all | * branch              main       -> FETCH_HEAD
2026-09-30T19:15:58-10:00job:github_sync_all | ↑ [database] local is ahead of GitHub
2026-09-30T19:15:58-10:00job:github_sync_all | To github.com:RootRecord-Software-Solutions/RootRecord-Database.git
2026-09-30T19:15:58-10:00job:github_sync_all | fa3ea453..7a16675b  HEAD -> main
2026-09-30T19:15:58-10:00job:github_sync_all | branch 'main' set up to track 'origin/main'.
2026-09-30T19:15:58-10:00job:github_sync_all | ↑ [database] 25 files → RootRecord-Software-Solutions/RootRecord-Database (main)
2026-09-30T19:15:58-10:00job:github_sync_all | — [library] no local changes
2026-09-30T19:15:58-10:00job:github_sync_all | ↓ [library] fetching origin/main
2026-09-30T19:15:58-10:00job:github_sync_all | From github.com:RootRecord-Software-Solutions/RootRecord-Library
2026-09-30T19:15:58-10:00job:github_sync_all | * branch            main       -> FETCH_HEAD
2026-09-30T19:15:58-10:00job:github_sync_all | — [library] local and GitHub already match
2026-09-30T19:15:58-10:00job:github_sync_all | — [library] nothing to push
2026-09-30T19:15:58-10:00job:worklog_scan RUN  bash "/home/rootrecord/RootRecord-Ecosystem/1 - Servers/1 - RootRecord-Pacific-Solar-Server/Reports/scripts/worklog_once.sh"
2026-09-30T19:16:08-10:00job:worklog_scan | OK wrote/updated /home/rootrecord/RootRecord-Ecosystem/2 - RootRecord-Database/Worklog/worklog_current.md
2026-09-30T19:16:08-10:00job:security_camera_frame_grab RUN  bash "/home/rootrecord/RootRecord-Ecosystem/1 - Servers/1 - RootRecord-Pacific-Solar-Server/Security/Cameras/grab_all.sh"
2026-09-30T19:16:26-10:00job:security_camera_frame_grab | 19:16:08  📷  a-eyes  ch1 → ch1-20261001T051608Z.jpg  (321.7 KB, 4.44s)
2026-09-30T19:16:26-10:00job:security_camera_frame_grab | 19:16:13  📷  a-eyes  ch2 → ch2-20261001T051613Z.jpg  (123.3 KB, 4.40s)
2026-09-30T19:16:26-10:00job:security_camera_frame_grab | 19:16:17  📷  a-eyes  ch3 → ch3-20261001T051617Z.jpg  (364.3 KB, 4.39s)
2026-09-30T19:16:26-10:00job:security_camera_frame_grab | 19:16:22  📷  a-eyes  ch4 → ch4-20261001T051622Z.jpg  (215.6 KB, 4.42s)
2026-09-30T19:16:26-10:00job:voice_energy_report RUN  nice -n 10 python3 "/home/rootrecord/RootRecord-Ecosystem/1 - Servers/1 - RootRecord-Pacific-Solar-Server/Media/Voice/scripts/voice_reports.py" energy_report
2026-09-30T19:17:53-10:00job:voice_energy_report | {"ok": true, "report": "energy_report", "md": "/home/rootrecord/RootRecord-Ecosystem/test-reports/Voice/energy_report_current.md", "sentences": 4, "voice": {"ok": true, "mode": "stitch", "report": "energy_report", "agent": "carly", "voice": "af_nova", "speed": 1.0, "wav": "/home/rootrecord/RootRecord-Ecosystem/2 - RootRecord-Database/Media/Audio/Voice/energy_report_current.wav", "clips_used": 0, "live_sentences": 4, "model_loaded": true, "render_s": 12.59, "sample_rate": 24000, "channels": 1, "subtype": "PCM_16", "duration_s": 18.571, "peak_dbfs": -3.1, "rms_dbfs": -20.27, "lead_silence_ms": 110, "qc": "PASS", "wall_s": 12.7, "peak_rss_mb": 1427, "rc": 0}, "deliver": {"ok": true, "sent": true, "persona": "carly", "chat": "-1004406495175", "message_id": 183, "transcript": true, "report": true, "photo": true, "plan": {"voice": true, "transcript": true, "report": true}}}
2026-09-30T19:17:53-10:00ENERGY  status=live  B2=71.1%  B1=92.0%  solar=0 W  ac=91 W  usbc=0 W  src=/home/rootrecord/RootRecord-Ecosystem/2 - RootRecord-Database/Energy  LAP=97%/Charging/AC
2026-09-30T19:18:08-10:00  ▸  SUMMARY=delta2 soc=69.87% solar=0W ac_out=101W usbc=0W src=ble db=ok
2026-09-30T19:18:08-10:00job:sys_stats_cycle RUN  bash "/home/rootrecord/RootRecord-Ecosystem/1 - Servers/1 - RootRecord-Pacific-Solar-Server/System/scripts/sys-sample.sh"
2026-09-30T19:18:09-10:00job:sys_stats_cycle | SYSTEM  cpu=5%  load=4.53  mem=46%  src=sqlite
2026-09-30T19:18:09-10:00job:sys_stats_cycle | OK wrote /home/rootrecord/RootRecord-Ecosystem/2 - RootRecord-Database/System/samples/sys-20260930-191809.json
2026-09-30T19:18:48-10:00job:github_sync_all | ↑ [ecosystem] committed 12 local file(s)
2026-09-30T19:18:48-10:00job:github_sync_all | ↓ [ecosystem] fetching origin/main
2026-09-30T19:18:48-10:00job:github_sync_all | From github.com:RootRecord-Software-Solutions/RootRecord-Ecosystem
2026-09-30T19:18:48-10:00job:github_sync_all | * branch            main       -> FETCH_HEAD
2026-09-30T19:18:48-10:00job:github_sync_all | ↑ [ecosystem] local is ahead of GitHub
2026-09-30T19:18:48-10:00job:github_sync_all | To github.com:RootRecord-Software-Solutions/RootRecord-Ecosystem.git
2026-09-30T19:18:48-10:00job:github_sync_all | f2eadf6..407a766  HEAD -> main
2026-09-30T19:18:48-10:00job:github_sync_all | branch 'main' set up to track 'origin/main'.
2026-09-30T19:18:48-10:00job:github_sync_all | ↑ [ecosystem] 12 files → RootRecord-Software-Solutions/RootRecord-Ecosystem (main)
2026-09-30T19:18:48-10:00job:github_sync_all | ↑ [pacific] committed 3 local file(s)
2026-09-30T19:18:48-10:00job:github_sync_all | ↓ [pacific] fetching origin/main
2026-09-30T19:18:48-10:00job:github_sync_all | From github.com:RootRecord-Software-Solutions/RootRecord-Pacific-Solar-Server
2026-09-30T19:18:48-10:00job:github_sync_all | * branch            main       -> FETCH_HEAD
2026-09-30T19:18:48-10:00job:github_sync_all | ↑ [pacific] local is ahead of GitHub
2026-09-30T19:18:48-10:00job:github_sync_all | To github.com:RootRecord-Software-Solutions/RootRecord-Pacific-Solar-Server.git
2026-09-30T19:18:48-10:00job:github_sync_all | 9590855..c48354b  HEAD -> main
2026-09-30T19:18:48-10:00job:github_sync_all | branch 'main' set up to track 'origin/main'.
2026-09-30T19:18:48-10:00job:github_sync_all | ↑ [pacific] 3 files → RootRecord-Software-Solutions/RootRecord-Pacific-Solar-Server (main)
2026-09-30T19:18:48-10:00job:github_sync_all | ↑ [database] committed 17 local file(s)
2026-09-30T19:18:48-10:00job:github_sync_all | ↓ [database] fetching origin/main
2026-09-30T19:18:48-10:00job:github_sync_all | From github.com:RootRecord-Software-Solutions/RootRecord-Database
2026-09-30T19:18:48-10:00job:github_sync_all | * branch              main       -> FETCH_HEAD
2026-09-30T19:18:48-10:00job:github_sync_all | ↑ [database] local is ahead of GitHub
2026-09-30T19:18:48-10:00job:github_sync_all | To github.com:RootRecord-Software-Solutions/RootRecord-Database.git
2026-09-30T19:18:48-10:00job:github_sync_all | 7a16675b..1eaef7a3  HEAD -> main
2026-09-30T19:18:48-10:00job:github_sync_all | branch 'main' set up to track 'origin/main'.
2026-09-30T19:18:48-10:00job:github_sync_all | ↑ [database] 17 files → RootRecord-Software-Solutions/RootRecord-Database (main)
2026-09-30T19:18:48-10:00job:github_sync_all | ↑ [library] committed 1 local file(s)
2026-09-30T19:18:48-10:00job:github_sync_all | ↓ [library] fetching origin/main
2026-09-30T19:18:48-10:00job:github_sync_all | From github.com:RootRecord-Software-Solutions/RootRecord-Library
2026-09-30T19:18:48-10:00job:github_sync_all | * branch            main       -> FETCH_HEAD
2026-09-30T19:18:48-10:00job:github_sync_all | ↑ [library] local is ahead of GitHub
2026-09-30T19:18:48-10:00job:github_sync_all | To github.com:RootRecord-Software-Solutions/RootRecord-Library.git
2026-09-30T19:18:48-10:00job:github_sync_all | 29b3181..a8883da  HEAD -> main
2026-09-30T19:18:48-10:00job:github_sync_all | branch 'main' set up to track 'origin/main'.
2026-09-30T19:18:48-10:00job:github_sync_all | ↑ [library] 1 files → RootRecord-Software-Solutions/RootRecord-Library (main)
2026-09-30T19:18:48-10:00job:worklog_scan RUN  bash "/home/rootrecord/RootRecord-Ecosystem/1 - Servers/1 - RootRecord-Pacific-Solar-Server/Reports/scripts/worklog_once.sh"
2026-09-30T19:18:55-10:00job:worklog_scan | OK wrote/updated /home/rootrecord/RootRecord-Ecosystem/2 - RootRecord-Database/Worklog/worklog_current.md
2026-09-30T19:18:55-10:00job:security_camera_frame_grab RUN  bash "/home/rootrecord/RootRecord-Ecosystem/1 - Servers/1 - RootRecord-Pacific-Solar-Server/Security/Cameras/grab_all.sh"
2026-09-30T19:19:13-10:00job:security_camera_frame_grab | 19:18:55  📷  a-eyes  ch1 → ch1-20261001T051855Z.jpg  (321.3 KB, 4.36s)
2026-09-30T19:19:13-10:00job:security_camera_frame_grab | 19:19:00  📷  a-eyes  ch2 → ch2-20261001T051900Z.jpg  (122.5 KB, 4.26s)
2026-09-30T19:19:13-10:00job:security_camera_frame_grab | 19:19:04  📷  a-eyes  ch3 → ch3-20261001T051904Z.jpg  (361.5 KB, 4.35s)
2026-09-30T19:19:13-10:00job:security_camera_frame_grab | 19:19:09  📷  a-eyes  ch4 → ch4-20261001T051909Z.jpg  (216.1 KB, 4.25s)
2026-09-30T19:19:13-10:00job:service_supervisor RUN  bash "/home/rootrecord/RootRecord-Ecosystem/1 - Servers/1 - RootRecord-Pacific-Solar-Server/Automations/scripts/supervise-services.sh"
2026-09-30T19:19:13-10:00job:service_supervisor | [supervisor] weather alive pid=97054 764793 (act)
2026-09-30T19:19:13-10:00job:service_supervisor | [supervisor] relay alive pid=96403 (act)
2026-09-30T19:19:13-10:00job:geology_collect RUN  nice -n 10 python3 "/home/rootrecord/RootRecord-Ecosystem/1 - Servers/1 - RootRecord-Pacific-Solar-Server/Geology/scripts/geology_collect.py" all
2026-09-30T19:19:16-10:00job:geology_collect | {"ok": true, "at": "2026-09-30T19:19:13-10:00", "what": "all", "dry_run": false, "sources": {"hawaii": {"ok": true, "count": 17, "new": 0, "new_m2": 0, "ms": 872}, "global": {"ok": true, "count": 36, "new": 0, "ms": 308}, "hvo_notices": {"ok": true, "count": 44, "new": 0, "ms": 1119}, "hvo_status": {"ok": true, "volcanoes": 8, "kilauea": "WATCH", "mauna_loa": "NORMAL", "ms": 610}}}
2026-09-30T19:19:16-10:00job:system_net_sample RUN  nice -n 10 python3 "/home/rootrecord/RootRecord-Ecosystem/1 - Servers/1 - RootRecord-Pacific-Solar-Server/System/scripts/host_desks.py" net-sample
2026-09-30T19:19:16-10:00job:system_net_sample | {"ok": true, "file": "/home/rootrecord/RootRecord-Ecosystem/2 - RootRecord-Database/System/network/Daily/net-20260930.jsonl", "iface": "wlo1", "hour": {"seconds": 3736, "rx": 284062655, "tx": 106795255, "total": 390857910, "iface": "wlo1", "link": "wireless"}, "day": null}
2026-09-30T19:19:16-10:00ENERGY  status=live  B2=69.9%  B1=92.0%  solar=0 W  ac=101 W  usbc=0 W  src=/home/rootrecord/RootRecord-Ecosystem/2 - RootRecord-Database/Energy  LAP=97%/Charging/AC
2026-09-30T19:19:34-10:00  ▸  SUMMARY=river2pro soc=91.58% solar=0W ac_out=0W usbc=47W src=ble+cloud db=ok
2026-09-30T19:19:34-10:00job:sys_stats_cycle RUN  bash "/home/rootrecord/RootRecord-Ecosystem/1 - Servers/1 - RootRecord-Pacific-Solar-Server/System/scripts/sys-sample.sh"
2026-09-30T19:19:35-10:00job:sys_stats_cycle | SYSTEM  cpu=8%  load=3.41  mem=46%  src=sqlite
2026-09-30T19:19:35-10:00job:sys_stats_cycle | OK wrote /home/rootrecord/RootRecord-Ecosystem/2 - RootRecord-Database/System/samples/sys-20260930-191934.json
2026-09-30T19:20:09-10:00job:github_sync_all | ↑ [ecosystem] committed 7 local file(s)
2026-09-30T19:20:09-10:00job:github_sync_all | ↓ [ecosystem] fetching origin/main
2026-09-30T19:20:09-10:00job:github_sync_all | From github.com:RootRecord-Software-Solutions/RootRecord-Ecosystem
2026-09-30T19:20:09-10:00job:github_sync_all | * branch            main       -> FETCH_HEAD
2026-09-30T19:20:09-10:00job:github_sync_all | ↑ [ecosystem] local is ahead of GitHub
2026-09-30T19:20:09-10:00job:github_sync_all | To github.com:RootRecord-Software-Solutions/RootRecord-Ecosystem.git
2026-09-30T19:20:09-10:00job:github_sync_all | 407a766..3d8aee7  HEAD -> main
2026-09-30T19:20:09-10:00job:github_sync_all | branch 'main' set up to track 'origin/main'.
2026-09-30T19:20:09-10:00job:github_sync_all | ↑ [ecosystem] 7 files → RootRecord-Software-Solutions/RootRecord-Ecosystem (main)
2026-09-30T19:20:09-10:00job:github_sync_all | — [pacific] no local changes
2026-09-30T19:20:09-10:00job:github_sync_all | ↓ [pacific] fetching origin/main
2026-09-30T19:20:09-10:00job:github_sync_all | From github.com:RootRecord-Software-Solutions/RootRecord-Pacific-Solar-Server
2026-09-30T19:20:09-10:00job:github_sync_all | * branch            main       -> FETCH_HEAD
2026-09-30T19:20:09-10:00job:github_sync_all | — [pacific] local and GitHub already match
2026-09-30T19:20:09-10:00job:github_sync_all | — [pacific] nothing to push
2026-09-30T19:20:09-10:00job:github_sync_all | ↑ [database] committed 22 local file(s)
2026-09-30T19:20:09-10:00job:github_sync_all | ↓ [database] fetching origin/main
2026-09-30T19:20:09-10:00job:github_sync_all | From github.com:RootRecord-Software-Solutions/RootRecord-Database
2026-09-30T19:20:09-10:00job:github_sync_all | * branch              main       -> FETCH_HEAD
2026-09-30T19:20:09-10:00job:github_sync_all | ↑ [database] local is ahead of GitHub
2026-09-30T19:20:09-10:00job:github_sync_all | To github.com:RootRecord-Software-Solutions/RootRecord-Database.git
2026-09-30T19:20:09-10:00job:github_sync_all | 1eaef7a3..69cc3a10  HEAD -> main
2026-09-30T19:20:09-10:00job:github_sync_all | branch 'main' set up to track 'origin/main'.
2026-09-30T19:20:09-10:00job:github_sync_all | ↑ [database] 22 files → RootRecord-Software-Solutions/RootRecord-Database (main)
2026-09-30T19:20:09-10:00job:github_sync_all | — [library] no local changes
2026-09-30T19:20:09-10:00job:github_sync_all | ↓ [library] fetching origin/main
2026-09-30T19:20:09-10:00job:github_sync_all | From github.com:RootRecord-Software-Solutions/RootRecord-Library
2026-09-30T19:20:09-10:00job:github_sync_all | * branch            main       -> FETCH_HEAD
2026-09-30T19:20:09-10:00job:github_sync_all | — [library] local and GitHub already match
2026-09-30T19:20:09-10:00job:github_sync_all | — [library] nothing to push
2026-09-30T19:20:09-10:00job:security_camera_frame_grab RUN  bash "/home/rootrecord/RootRecord-Ecosystem/1 - Servers/1 - RootRecord-Pacific-Solar-Server/Security/Cameras/grab_all.sh"
2026-09-30T19:20:27-10:00job:security_camera_frame_grab | 19:20:09  📷  a-eyes  ch1 → ch1-20261001T052009Z.jpg  (321.1 KB, 4.51s)
2026-09-30T19:20:27-10:00job:security_camera_frame_grab | 19:20:13  📷  a-eyes  ch2 → ch2-20261001T052013Z.jpg  (124.3 KB, 4.59s)
2026-09-30T19:20:27-10:00job:security_camera_frame_grab | 19:20:18  📷  a-eyes  ch3 → ch3-20261001T052018Z.jpg  (360.0 KB, 4.59s)
2026-09-30T19:20:27-10:00job:security_camera_frame_grab | 19:20:23  📷  a-eyes  ch4 → ch4-20261001T052023Z.jpg  (218.0 KB, 4.77s)
2026-09-30T19:20:28-10:00ENERGY  status=live  B2=69.9%  B1=91.6%  solar=0 W  ac=101 W  usbc=0 W  src=/home/rootrecord/RootRecord-Ecosystem/2 - RootRecord-Database/Energy  LAP=97%/Charging/AC
2026-09-30T19:20:42-10:00  ▸  SUMMARY=river2pro soc=91.49% solar=0W ac_out=0W usbc=29W src=ble+cloud db=ok
2026-09-30T19:20:42-10:00job:sys_stats_cycle RUN  bash "/home/rootrecord/RootRecord-Ecosystem/1 - Servers/1 - RootRecord-Pacific-Solar-Server/System/scripts/sys-sample.sh"
2026-09-30T19:20:43-10:00job:sys_stats_cycle | SYSTEM  cpu=45%  load=3.62  mem=44%  src=sqlite
2026-09-30T19:20:43-10:00job:sys_stats_cycle | OK wrote /home/rootrecord/RootRecord-Ecosystem/2 - RootRecord-Database/System/samples/sys-20260930-192043.json
2026-09-30T19:21:13-10:00job:github_sync_all | — [ecosystem] no committable local changes
2026-09-30T19:21:13-10:00job:github_sync_all | ↓ [ecosystem] fetching origin/main
2026-09-30T19:21:13-10:00job:github_sync_all | From github.com:RootRecord-Software-Solutions/RootRecord-Ecosystem
2026-09-30T19:21:13-10:00job:github_sync_all | * branch            main       -> FETCH_HEAD
2026-09-30T19:21:13-10:00job:github_sync_all | — [ecosystem] local and GitHub already match
2026-09-30T19:21:13-10:00job:github_sync_all | — [ecosystem] nothing to push
2026-09-30T19:21:13-10:00job:github_sync_all | — [pacific] no local changes
2026-09-30T19:21:13-10:00job:github_sync_all | ↓ [pacific] fetching origin/main
2026-09-30T19:21:13-10:00job:github_sync_all | From github.com:RootRecord-Software-Solutions/RootRecord-Pacific-Solar-Server
2026-09-30T19:21:13-10:00job:github_sync_all | * branch            main       -> FETCH_HEAD
2026-09-30T19:21:13-10:00job:github_sync_all | — [pacific] local and GitHub already match
2026-09-30T19:21:13-10:00job:github_sync_all | — [pacific] nothing to push
2026-09-30T19:21:13-10:00job:github_sync_all | ↑ [database] committed 13 local file(s)
2026-09-30T19:21:13-10:00job:github_sync_all | ↓ [database] fetching origin/main
2026-09-30T19:21:13-10:00job:github_sync_all | From github.com:RootRecord-Software-Solutions/RootRecord-Database
2026-09-30T19:21:13-10:00job:github_sync_all | * branch              main       -> FETCH_HEAD
2026-09-30T19:21:13-10:00job:github_sync_all | ↑ [database] local is ahead of GitHub
2026-09-30T19:21:13-10:00job:github_sync_all | To github.com:RootRecord-Software-Solutions/RootRecord-Database.git
2026-09-30T19:21:13-10:00job:github_sync_all | 69cc3a10..d3e0e92d  HEAD -> main
2026-09-30T19:21:13-10:00job:github_sync_all | branch 'main' set up to track 'origin/main'.
2026-09-30T19:21:13-10:00job:github_sync_all | ↑ [database] 13 files → RootRecord-Software-Solutions/RootRecord-Database (main)
2026-09-30T19:21:13-10:00job:github_sync_all | — [library] no local changes
2026-09-30T19:21:13-10:00job:github_sync_all | ↓ [library] fetching origin/main
2026-09-30T19:21:13-10:00job:github_sync_all | From github.com:RootRecord-Software-Solutions/RootRecord-Library
2026-09-30T19:21:13-10:00job:github_sync_all | * branch            main       -> FETCH_HEAD
2026-09-30T19:21:13-10:00job:github_sync_all | — [library] local and GitHub already match
2026-09-30T19:21:13-10:00job:github_sync_all | — [library] nothing to push
2026-09-30T19:21:13-10:00job:worklog_scan RUN  bash "/home/rootrecord/RootRecord-Ecosystem/1 - Servers/1 - RootRecord-Pacific-Solar-Server/Reports/scripts/worklog_once.sh"
2026-09-30T19:21:17-10:00job:worklog_scan | OK wrote/updated /home/rootrecord/RootRecord-Ecosystem/2 - RootRecord-Database/Worklog/worklog_current.md
2026-09-30T19:21:17-10:00job:security_camera_frame_grab RUN  bash "/home/rootrecord/RootRecord-Ecosystem/1 - Servers/1 - RootRecord-Pacific-Solar-Server/Security/Cameras/grab_all.sh"
2026-09-30T19:21:34-10:00job:security_camera_frame_grab | 19:21:17  📷  a-eyes  ch1 → ch1-20261001T052117Z.jpg  (321.5 KB, 4.38s)
2026-09-30T19:21:34-10:00job:security_camera_frame_grab | 19:21:21  📷  a-eyes  ch2 → ch2-20261001T052121Z.jpg  (123.9 KB, 4.43s)
2026-09-30T19:21:34-10:00job:security_camera_frame_grab | 19:21:25  📷  a-eyes  ch3 → ch3-20261001T052125Z.jpg  (353.8 KB, 4.37s)
2026-09-30T19:21:34-10:00job:security_camera_frame_grab | 19:21:30  📷  a-eyes  ch4 → ch4-20261001T052130Z.jpg  (217.6 KB, 4.49s)
2026-09-30T19:21:35-10:00ENERGY  status=live  B2=69.9%  B1=91.5%  solar=0 W  ac=101 W  usbc=0 W  src=/home/rootrecord/RootRecord-Ecosystem/2 - RootRecord-Database/Energy  LAP=97%/Charging/AC
2026-09-30T19:21:51-10:00  ▸  SUMMARY=river2pro soc=91.41% solar=0W ac_out=0W usbc=29W src=ble+cloud db=ok
2026-09-30T19:21:51-10:00job:sys_stats_cycle RUN  bash "/home/rootrecord/RootRecord-Ecosystem/1 - Servers/1 - RootRecord-Pacific-Solar-Server/System/scripts/sys-sample.sh"
2026-09-30T19:21:52-10:00job:sys_stats_cycle | SYSTEM  cpu=5%  load=2.35  mem=43%  src=sqlite
2026-09-30T19:21:52-10:00job:sys_stats_cycle | OK wrote /home/rootrecord/RootRecord-Ecosystem/2 - RootRecord-Database/System/samples/sys-20260930-192151.json
2026-09-30T19:22:22-10:00job:github_sync_all | — [ecosystem] no committable local changes
2026-09-30T19:22:22-10:00job:github_sync_all | ↓ [ecosystem] fetching origin/main
2026-09-30T19:22:22-10:00job:github_sync_all | From github.com:RootRecord-Software-Solutions/RootRecord-Ecosystem
2026-09-30T19:22:22-10:00job:github_sync_all | * branch            main       -> FETCH_HEAD
2026-09-30T19:22:22-10:00job:github_sync_all | — [ecosystem] local and GitHub already match
2026-09-30T19:22:22-10:00job:github_sync_all | — [ecosystem] nothing to push
2026-09-30T19:22:22-10:00job:github_sync_all | — [pacific] no local changes
2026-09-30T19:22:22-10:00job:github_sync_all | ↓ [pacific] fetching origin/main
2026-09-30T19:22:22-10:00job:github_sync_all | From github.com:RootRecord-Software-Solutions/RootRecord-Pacific-Solar-Server
2026-09-30T19:22:22-10:00job:github_sync_all | * branch            main       -> FETCH_HEAD
2026-09-30T19:22:22-10:00job:github_sync_all | — [pacific] local and GitHub already match
2026-09-30T19:22:22-10:00job:github_sync_all | — [pacific] nothing to push
2026-09-30T19:22:22-10:00job:github_sync_all | ↑ [database] committed 16 local file(s)
2026-09-30T19:22:22-10:00job:github_sync_all | ↓ [database] fetching origin/main
2026-09-30T19:22:22-10:00job:github_sync_all | From github.com:RootRecord-Software-Solutions/RootRecord-Database
2026-09-30T19:22:22-10:00job:github_sync_all | * branch              main       -> FETCH_HEAD
2026-09-30T19:22:22-10:00job:github_sync_all | ↑ [database] local is ahead of GitHub
2026-09-30T19:22:22-10:00job:github_sync_all | To github.com:RootRecord-Software-Solutions/RootRecord-Database.git
2026-09-30T19:22:22-10:00job:github_sync_all | d3e0e92d..6abe0ddf  HEAD -> main
2026-09-30T19:22:22-10:00job:github_sync_all | branch 'main' set up to track 'origin/main'.
2026-09-30T19:22:22-10:00job:github_sync_all | ↑ [database] 16 files → RootRecord-Software-Solutions/RootRecord-Database (main)
2026-09-30T19:22:22-10:00job:github_sync_all | — [library] no local changes
2026-09-30T19:22:22-10:00job:github_sync_all | ↓ [library] fetching origin/main
2026-09-30T19:22:22-10:00job:github_sync_all | From github.com:RootRecord-Software-Solutions/RootRecord-Library
2026-09-30T19:22:22-10:00job:github_sync_all | * branch            main       -> FETCH_HEAD
2026-09-30T19:22:22-10:00job:github_sync_all | — [library] local and GitHub already match
2026-09-30T19:22:22-10:00job:github_sync_all | — [library] nothing to push
2026-09-30T19:22:22-10:00job:security_camera_frame_grab RUN  bash "/home/rootrecord/RootRecord-Ecosystem/1 - Servers/1 - RootRecord-Pacific-Solar-Server/Security/Cameras/grab_all.sh"
2026-09-30T19:22:40-10:00job:security_camera_frame_grab | 19:22:22  📷  a-eyes  ch1 → ch1-20261001T052222Z.jpg  (322.4 KB, 4.36s)
2026-09-30T19:22:40-10:00job:security_camera_frame_grab | 19:22:26  📷  a-eyes  ch2 → ch2-20261001T052226Z.jpg  (123.3 KB, 4.38s)
2026-09-30T19:22:40-10:00job:security_camera_frame_grab | 19:22:31  📷  a-eyes  ch3 → ch3-20261001T052231Z.jpg  (360.3 KB, 4.28s)
2026-09-30T19:22:40-10:00job:security_camera_frame_grab | 19:22:35  📷  a-eyes  ch4 → ch4-20261001T052235Z.jpg  (215.1 KB, 4.42s)
2026-09-30T19:22:40-10:00ENERGY  status=live  B2=69.9%  B1=91.4%  solar=0 W  ac=101 W  usbc=0 W  src=/home/rootrecord/RootRecord-Ecosystem/2 - RootRecord-Database/Energy  LAP=98%/Charging/AC
2026-09-30T19:22:55-10:00  ▸  SUMMARY=delta2 soc=68.76% solar=0W ac_out=84W usbc=0W src=ble db=ok
2026-09-30T19:22:55-10:00job:sys_stats_cycle RUN  bash "/home/rootrecord/RootRecord-Ecosystem/1 - Servers/1 - RootRecord-Pacific-Solar-Server/System/scripts/sys-sample.sh"
2026-09-30T19:22:56-10:00job:sys_stats_cycle | SYSTEM  cpu=8%  load=1.93  mem=43%  src=sqlite
2026-09-30T19:22:56-10:00job:sys_stats_cycle | OK wrote /home/rootrecord/RootRecord-Ecosystem/2 - RootRecord-Database/System/samples/sys-20260930-192255.json
2026-09-30T19:23:25-10:00job:github_sync_all | — [ecosystem] no committable local changes
2026-09-30T19:23:25-10:00job:github_sync_all | ↓ [ecosystem] fetching origin/main
2026-09-30T19:23:25-10:00job:github_sync_all | From github.com:RootRecord-Software-Solutions/RootRecord-Ecosystem
2026-09-30T19:23:25-10:00job:github_sync_all | * branch            main       -> FETCH_HEAD
2026-09-30T19:23:25-10:00job:github_sync_all | — [ecosystem] local and GitHub already match
2026-09-30T19:23:25-10:00job:github_sync_all | — [ecosystem] nothing to push
2026-09-30T19:23:25-10:00job:github_sync_all | — [pacific] no local changes
2026-09-30T19:23:25-10:00job:github_sync_all | ↓ [pacific] fetching origin/main
2026-09-30T19:23:25-10:00job:github_sync_all | From github.com:RootRecord-Software-Solutions/RootRecord-Pacific-Solar-Server
2026-09-30T19:23:25-10:00job:github_sync_all | * branch            main       -> FETCH_HEAD
2026-09-30T19:23:25-10:00job:github_sync_all | — [pacific] local and GitHub already match
2026-09-30T19:23:25-10:00job:github_sync_all | — [pacific] nothing to push
2026-09-30T19:23:25-10:00job:github_sync_all | ↑ [database] committed 12 local file(s)
2026-09-30T19:23:25-10:00job:github_sync_all | ↓ [database] fetching origin/main
2026-09-30T19:23:25-10:00job:github_sync_all | From github.com:RootRecord-Software-Solutions/RootRecord-Database
2026-09-30T19:23:25-10:00job:github_sync_all | * branch              main       -> FETCH_HEAD
2026-09-30T19:23:25-10:00job:github_sync_all | ↑ [database] local is ahead of GitHub
2026-09-30T19:23:25-10:00job:github_sync_all | To github.com:RootRecord-Software-Solutions/RootRecord-Database.git
2026-09-30T19:23:25-10:00job:github_sync_all | 6abe0ddf..57087c5f  HEAD -> main
2026-09-30T19:23:25-10:00job:github_sync_all | branch 'main' set up to track 'origin/main'.
2026-09-30T19:23:25-10:00job:github_sync_all | ↑ [database] 12 files → RootRecord-Software-Solutions/RootRecord-Database (main)
2026-09-30T19:23:25-10:00job:github_sync_all | — [library] no local changes
2026-09-30T19:23:25-10:00job:github_sync_all | ↓ [library] fetching origin/main
2026-09-30T19:23:25-10:00job:github_sync_all | From github.com:RootRecord-Software-Solutions/RootRecord-Library
2026-09-30T19:23:25-10:00job:github_sync_all | * branch            main       -> FETCH_HEAD
2026-09-30T19:23:25-10:00job:github_sync_all | — [library] local and GitHub already match
2026-09-30T19:23:25-10:00job:github_sync_all | — [library] nothing to push
2026-09-30T19:23:25-10:00job:worklog_scan RUN  bash "/home/rootrecord/RootRecord-Ecosystem/1 - Servers/1 - RootRecord-Pacific-Solar-Server/Reports/scripts/worklog_once.sh"
2026-09-30T19:23:28-10:00job:worklog_scan | OK wrote/updated /home/rootrecord/RootRecord-Ecosystem/2 - RootRecord-Database/Worklog/worklog_current.md
2026-09-30T19:23:28-10:00job:security_camera_frame_grab RUN  bash "/home/rootrecord/RootRecord-Ecosystem/1 - Servers/1 - RootRecord-Pacific-Solar-Server/Security/Cameras/grab_all.sh"
2026-09-30T19:23:46-10:00job:security_camera_frame_grab | 19:23:28  📷  a-eyes  ch1 → ch1-20261001T052328Z.jpg  (322.6 KB, 4.38s)
2026-09-30T19:23:46-10:00job:security_camera_frame_grab | 19:23:33  📷  a-eyes  ch2 → ch2-20261001T052333Z.jpg  (123.5 KB, 4.36s)
2026-09-30T19:23:46-10:00job:security_camera_frame_grab | 19:23:37  📷  a-eyes  ch3 → ch3-20261001T052337Z.jpg  (363.2 KB, 4.48s)
2026-09-30T19:23:46-10:00job:security_camera_frame_grab | 19:23:41  📷  a-eyes  ch4 → ch4-20261001T052341Z.jpg  (216.8 KB, 4.40s)
2026-09-30T19:23:46-10:00job:voice_nws_weather RUN  nice -n 10 python3 "/home/rootrecord/RootRecord-Ecosystem/1 - Servers/1 - RootRecord-Pacific-Solar-Server/Media/Voice/scripts/voice_reports.py" nws_weather
2026-09-30T19:23:59-10:00job:voice_nws_weather | {"ok": true, "report": "nws_weather", "md": "/home/rootrecord/RootRecord-Ecosystem/test-reports/Voice/nws_weather_current.md", "sentences": 4, "voice": {"ok": true, "mode": "stitch", "report": "nws_weather", "agent": "ava", "voice": "af_heart", "speed": 1.0, "wav": "/home/rootrecord/RootRecord-Ecosystem/2 - RootRecord-Database/Media/Audio/Voice/nws_weather_current.wav", "clips_used": 0, "live_sentences": 7, "model_loaded": true, "render_s": 11.74, "sample_rate": 24000, "channels": 1, "subtype": "PCM_16", "duration_s": 17.779, "peak_dbfs": -1.5, "rms_dbfs": -20.29, "lead_silence_ms": 113, "qc": "PASS", "wall_s": 11.8, "peak_rss_mb": 1436, "rc": 0}, "deliver": {"ok": true, "sent": false, "detail": "unchanged"}}
2026-09-30T19:23:59-10:00ENERGY  status=live  B2=68.8%  B1=91.4%  solar=0 W  ac=84 W  usbc=0 W  src=/home/rootrecord/RootRecord-Ecosystem/2 - RootRecord-Database/Energy  LAP=98%/Charging/AC
2026-09-30T19:24:16-10:00  ▸  SUMMARY=river2pro soc=91.22% solar=0W ac_out=0W usbc=32W src=ble+cloud db=ok
2026-09-30T19:24:16-10:00job:sys_stats_cycle RUN  bash "/home/rootrecord/RootRecord-Ecosystem/1 - Servers/1 - RootRecord-Pacific-Solar-Server/System/scripts/sys-sample.sh"
2026-09-30T19:24:17-10:00job:sys_stats_cycle | SYSTEM  cpu=9%  load=2.59  mem=48%  src=sqlite
2026-09-30T19:24:17-10:00job:sys_stats_cycle | OK wrote /home/rootrecord/RootRecord-Ecosystem/2 - RootRecord-Database/System/samples/sys-20260930-192417.json
2026-09-30T19:24:51-10:00job:github_sync_all | ↑ [ecosystem] committed 4 local file(s)
2026-09-30T19:24:51-10:00job:github_sync_all | ↓ [ecosystem] fetching origin/main
2026-09-30T19:24:51-10:00job:github_sync_all | From github.com:RootRecord-Software-Solutions/RootRecord-Ecosystem
2026-09-30T19:24:51-10:00job:github_sync_all | * branch            main       -> FETCH_HEAD
2026-09-30T19:24:51-10:00job:github_sync_all | ↑ [ecosystem] local is ahead of GitHub
2026-09-30T19:24:51-10:00job:github_sync_all | To github.com:RootRecord-Software-Solutions/RootRecord-Ecosystem.git
2026-09-30T19:24:51-10:00job:github_sync_all | 3d8aee7..8c1ff6e  HEAD -> main
2026-09-30T19:24:51-10:00job:github_sync_all | branch 'main' set up to track 'origin/main'.
2026-09-30T19:24:51-10:00job:github_sync_all | ↑ [ecosystem] 4 files → RootRecord-Software-Solutions/RootRecord-Ecosystem (main)
2026-09-30T19:24:51-10:00job:github_sync_all | — [pacific] no local changes
2026-09-30T19:24:51-10:00job:github_sync_all | ↓ [pacific] fetching origin/main
2026-09-30T19:24:51-10:00job:github_sync_all | From github.com:RootRecord-Software-Solutions/RootRecord-Pacific-Solar-Server
2026-09-30T19:24:51-10:00job:github_sync_all | * branch            main       -> FETCH_HEAD
2026-09-30T19:24:51-10:00job:github_sync_all | — [pacific] local and GitHub already match
2026-09-30T19:24:51-10:00job:github_sync_all | — [pacific] nothing to push
2026-09-30T19:24:51-10:00job:github_sync_all | ↑ [database] committed 15 local file(s)
2026-09-30T19:24:51-10:00job:github_sync_all | ↓ [database] fetching origin/main
2026-09-30T19:24:51-10:00job:github_sync_all | From github.com:RootRecord-Software-Solutions/RootRecord-Database
2026-09-30T19:24:51-10:00job:github_sync_all | * branch              main       -> FETCH_HEAD
2026-09-30T19:24:51-10:00job:github_sync_all | ↑ [database] local is ahead of GitHub
2026-09-30T19:24:51-10:00job:github_sync_all | To github.com:RootRecord-Software-Solutions/RootRecord-Database.git
2026-09-30T19:24:51-10:00job:github_sync_all | 57087c5f..54a2a61b  HEAD -> main
2026-09-30T19:24:51-10:00job:github_sync_all | branch 'main' set up to track 'origin/main'.
2026-09-30T19:24:51-10:00job:github_sync_all | ↑ [database] 15 files → RootRecord-Software-Solutions/RootRecord-Database (main)
2026-09-30T19:24:51-10:00job:github_sync_all | — [library] no local changes
2026-09-30T19:24:51-10:00job:github_sync_all | ↓ [library] fetching origin/main
2026-09-30T19:24:51-10:00job:github_sync_all | From github.com:RootRecord-Software-Solutions/RootRecord-Library
2026-09-30T19:24:51-10:00job:github_sync_all | * branch            main       -> FETCH_HEAD
2026-09-30T19:24:51-10:00job:github_sync_all | — [library] local and GitHub already match
2026-09-30T19:24:51-10:00job:github_sync_all | — [library] nothing to push
2026-09-30T19:24:51-10:00job:security_camera_frame_grab RUN  bash "/home/rootrecord/RootRecord-Ecosystem/1 - Servers/1 - RootRecord-Pacific-Solar-Server/Security/Cameras/grab_all.sh"
2026-09-30T19:25:09-10:00job:security_camera_frame_grab | 19:24:51  📷  a-eyes  ch1 → ch1-20261001T052451Z.jpg  (322.4 KB, 4.33s)
2026-09-30T19:25:09-10:00job:security_camera_frame_grab | 19:24:55  📷  a-eyes  ch2 → ch2-20261001T052455Z.jpg  (124.1 KB, 4.38s)
2026-09-30T19:25:09-10:00job:security_camera_frame_grab | 19:25:00  📷  a-eyes  ch3 → ch3-20261001T052500Z.jpg  (363.6 KB, 4.37s)
2026-09-30T19:25:09-10:00job:security_camera_frame_grab | 19:25:04  📷  a-eyes  ch4 → ch4-20261001T052504Z.jpg  (212.5 KB, 4.40s)
2026-09-30T19:25:09-10:00job:service_supervisor RUN  bash "/home/rootrecord/RootRecord-Ecosystem/1 - Servers/1 - RootRecord-Pacific-Solar-Server/Automations/scripts/supervise-services.sh"
2026-09-30T19:25:09-10:00job:service_supervisor | [supervisor] weather alive pid=97054 764793 (act)
2026-09-30T19:25:09-10:00job:service_supervisor | [supervisor] relay alive pid=96403 (act)
2026-09-30T19:25:09-10:00job:geology_collect RUN  nice -n 10 python3 "/home/rootrecord/RootRecord-Ecosystem/1 - Servers/1 - RootRecord-Pacific-Solar-Server/Geology/scripts/geology_collect.py" all
2026-09-30T19:25:13-10:00job:geology_collect | {"ok": true, "at": "2026-09-30T19:25:09-10:00", "what": "all", "dry_run": false, "sources": {"hawaii": {"ok": true, "count": 17, "new": 0, "new_m2": 0, "ms": 1235}, "global": {"ok": true, "count": 35, "new": 0, "ms": 282}, "hvo_notices": {"ok": true, "count": 44, "new": 0, "ms": 1013}, "hvo_status": {"ok": true, "volcanoes": 8, "kilauea": "WATCH", "mauna_loa": "NORMAL", "ms": 1740}}}
2026-09-30T19:25:13-10:00job:system_net_sample RUN  nice -n 10 python3 "/home/rootrecord/RootRecord-Ecosystem/1 - Servers/1 - RootRecord-Pacific-Solar-Server/System/scripts/host_desks.py" net-sample
2026-09-30T19:25:13-10:00job:system_net_sample | {"ok": true, "file": "/home/rootrecord/RootRecord-Ecosystem/2 - RootRecord-Database/System/network/Daily/net-20260930.jsonl", "iface": "wlo1", "hour": {"seconds": 3783, "rx": 310219895, "tx": 110440418, "total": 420660313, "iface": "wlo1", "link": "wireless"}, "day": null}
2026-09-30T19:25:14-10:00ENERGY  status=live  B2=68.8%  B1=91.2%  solar=0 W  ac=84 W  usbc=0 W  src=/home/rootrecord/RootRecord-Ecosystem/2 - RootRecord-Database/Energy  LAP=98%/Charging/AC
2026-09-30T19:25:29-10:00  ▸  SUMMARY=delta2 soc=68.16% solar=0W ac_out=88W usbc=0W src=ble db=ok
2026-09-30T19:25:29-10:00job:sys_stats_cycle RUN  bash "/home/rootrecord/RootRecord-Ecosystem/1 - Servers/1 - RootRecord-Pacific-Solar-Server/System/scripts/sys-sample.sh"
2026-09-30T19:25:30-10:00job:sys_stats_cycle | SYSTEM  cpu=23%  load=2.43  mem=49%  src=sqlite
2026-09-30T19:25:30-10:00job:sys_stats_cycle | OK wrote /home/rootrecord/RootRecord-Ecosystem/2 - RootRecord-Database/System/samples/sys-20260930-192529.json
2026-09-30T19:26:03-10:00job:github_sync_all | ↑ [ecosystem] committed 7 local file(s)
2026-09-30T19:26:03-10:00job:github_sync_all | ↓ [ecosystem] fetching origin/main
2026-09-30T19:26:03-10:00job:github_sync_all | From github.com:RootRecord-Software-Solutions/RootRecord-Ecosystem
2026-09-30T19:26:03-10:00job:github_sync_all | * branch            main       -> FETCH_HEAD
2026-09-30T19:26:03-10:00job:github_sync_all | ↑ [ecosystem] local is ahead of GitHub
2026-09-30T19:26:03-10:00job:github_sync_all | To github.com:RootRecord-Software-Solutions/RootRecord-Ecosystem.git
2026-09-30T19:26:03-10:00job:github_sync_all | 8c1ff6e..87186b4  HEAD -> main
2026-09-30T19:26:03-10:00job:github_sync_all | branch 'main' set up to track 'origin/main'.
2026-09-30T19:26:03-10:00job:github_sync_all | ↑ [ecosystem] 7 files → RootRecord-Software-Solutions/RootRecord-Ecosystem (main)
2026-09-30T19:26:03-10:00job:github_sync_all | — [pacific] no local changes
2026-09-30T19:26:03-10:00job:github_sync_all | ↓ [pacific] fetching origin/main
2026-09-30T19:26:03-10:00job:github_sync_all | From github.com:RootRecord-Software-Solutions/RootRecord-Pacific-Solar-Server
2026-09-30T19:26:03-10:00job:github_sync_all | * branch            main       -> FETCH_HEAD
2026-09-30T19:26:03-10:00job:github_sync_all | — [pacific] local and GitHub already match
2026-09-30T19:26:03-10:00job:github_sync_all | — [pacific] nothing to push
2026-09-30T19:26:03-10:00job:github_sync_all | ↑ [database] committed 20 local file(s)
2026-09-30T19:26:03-10:00job:github_sync_all | ↓ [database] fetching origin/main
2026-09-30T19:26:03-10:00job:github_sync_all | From github.com:RootRecord-Software-Solutions/RootRecord-Database
2026-09-30T19:26:03-10:00job:github_sync_all | * branch              main       -> FETCH_HEAD
2026-09-30T19:26:03-10:00job:github_sync_all | ↑ [database] local is ahead of GitHub
2026-09-30T19:26:03-10:00job:github_sync_all | To github.com:RootRecord-Software-Solutions/RootRecord-Database.git
2026-09-30T19:26:03-10:00job:github_sync_all | 54a2a61b..4910c5a1  HEAD -> main
2026-09-30T19:26:03-10:00job:github_sync_all | branch 'main' set up to track 'origin/main'.
2026-09-30T19:26:03-10:00job:github_sync_all | ↑ [database] 20 files → RootRecord-Software-Solutions/RootRecord-Database (main)
2026-09-30T19:26:03-10:00job:github_sync_all | — [library] no local changes
2026-09-30T19:26:03-10:00job:github_sync_all | ↓ [library] fetching origin/main
2026-09-30T19:26:03-10:00job:github_sync_all | From github.com:RootRecord-Software-Solutions/RootRecord-Library
2026-09-30T19:26:03-10:00job:github_sync_all | * branch            main       -> FETCH_HEAD
2026-09-30T19:26:03-10:00job:github_sync_all | — [library] local and GitHub already match
2026-09-30T19:26:03-10:00job:github_sync_all | — [library] nothing to push
2026-09-30T19:26:03-10:00job:worklog_scan RUN  bash "/home/rootrecord/RootRecord-Ecosystem/1 - Servers/1 - RootRecord-Pacific-Solar-Server/Reports/scripts/worklog_once.sh"
2026-09-30T19:26:14-10:00job:worklog_scan | OK wrote/updated /home/rootrecord/RootRecord-Ecosystem/2 - RootRecord-Database/Worklog/worklog_current.md
2026-09-30T19:26:14-10:00job:security_camera_frame_grab RUN  bash "/home/rootrecord/RootRecord-Ecosystem/1 - Servers/1 - RootRecord-Pacific-Solar-Server/Security/Cameras/grab_all.sh"
2026-09-30T19:26:32-10:00job:security_camera_frame_grab | 19:26:14  📷  a-eyes  ch1 → ch1-20261001T052614Z.jpg  (322.2 KB, 4.28s)
2026-09-30T19:26:32-10:00job:security_camera_frame_grab | 19:26:18  📷  a-eyes  ch2 → ch2-20261001T052618Z.jpg  (122.7 KB, 4.47s)
2026-09-30T19:26:32-10:00job:security_camera_frame_grab | 19:26:23  📷  a-eyes  ch3 → ch3-20261001T052623Z.jpg  (362.1 KB, 4.51s)
2026-09-30T19:26:32-10:00job:security_camera_frame_grab | 19:26:27  📷  a-eyes  ch4 → ch4-20261001T052627Z.jpg  (215.9 KB, 4.43s)
2026-09-30T19:26:32-10:00ENERGY  status=live  B2=68.2%  B1=91.2%  solar=0 W  ac=88 W  usbc=0 W  src=/home/rootrecord/RootRecord-Ecosystem/2 - RootRecord-Database/Energy  LAP=98%/Charging/AC
2026-09-30T19:26:47-10:00  ▸  SUMMARY=delta2 soc=67.85% solar=0W ac_out=104W usbc=0W src=ble db=ok
2026-09-30T19:26:47-10:00job:sys_stats_cycle RUN  bash "/home/rootrecord/RootRecord-Ecosystem/1 - Servers/1 - RootRecord-Pacific-Solar-Server/System/scripts/sys-sample.sh"
2026-09-30T19:26:48-10:00job:sys_stats_cycle | SYSTEM  cpu=7%  load=3.10  mem=49%  src=sqlite
2026-09-30T19:26:48-10:00job:sys_stats_cycle | OK wrote /home/rootrecord/RootRecord-Ecosystem/2 - RootRecord-Database/System/samples/sys-20260930-192647.json
2026-09-30T19:27:18-10:00job:github_sync_all | — [ecosystem] no committable local changes
2026-09-30T19:27:18-10:00job:github_sync_all | ↓ [ecosystem] fetching origin/main
2026-09-30T19:27:18-10:00job:github_sync_all | From github.com:RootRecord-Software-Solutions/RootRecord-Ecosystem
2026-09-30T19:27:18-10:00job:github_sync_all | * branch            main       -> FETCH_HEAD
2026-09-30T19:27:18-10:00job:github_sync_all | — [ecosystem] local and GitHub already match
2026-09-30T19:27:18-10:00job:github_sync_all | — [ecosystem] nothing to push
2026-09-30T19:27:18-10:00job:github_sync_all | — [pacific] no local changes
2026-09-30T19:27:18-10:00job:github_sync_all | ↓ [pacific] fetching origin/main
2026-09-30T19:27:18-10:00job:github_sync_all | From github.com:RootRecord-Software-Solutions/RootRecord-Pacific-Solar-Server
2026-09-30T19:27:18-10:00job:github_sync_all | * branch            main       -> FETCH_HEAD
2026-09-30T19:27:18-10:00job:github_sync_all | — [pacific] local and GitHub already match
2026-09-30T19:27:18-10:00job:github_sync_all | — [pacific] nothing to push
2026-09-30T19:27:18-10:00job:github_sync_all | ↑ [database] committed 15 local file(s)
2026-09-30T19:27:18-10:00job:github_sync_all | ↓ [database] fetching origin/main
2026-09-30T19:27:18-10:00job:github_sync_all | From github.com:RootRecord-Software-Solutions/RootRecord-Database
2026-09-30T19:27:18-10:00job:github_sync_all | * branch              main       -> FETCH_HEAD
2026-09-30T19:27:18-10:00job:github_sync_all | ↑ [database] local is ahead of GitHub
2026-09-30T19:27:18-10:00job:github_sync_all | To github.com:RootRecord-Software-Solutions/RootRecord-Database.git
2026-09-30T19:27:18-10:00job:github_sync_all | 4910c5a1..9d8982dd  HEAD -> main
2026-09-30T19:27:18-10:00job:github_sync_all | branch 'main' set up to track 'origin/main'.
2026-09-30T19:27:18-10:00job:github_sync_all | ↑ [database] 15 files → RootRecord-Software-Solutions/RootRecord-Database (main)
2026-09-30T19:27:18-10:00job:github_sync_all | — [library] no local changes
2026-09-30T19:27:18-10:00job:github_sync_all | ↓ [library] fetching origin/main
2026-09-30T19:27:18-10:00job:github_sync_all | From github.com:RootRecord-Software-Solutions/RootRecord-Library
2026-09-30T19:27:18-10:00job:github_sync_all | * branch            main       -> FETCH_HEAD
2026-09-30T19:27:18-10:00job:github_sync_all | — [library] local and GitHub already match
2026-09-30T19:27:18-10:00job:github_sync_all | — [library] nothing to push
2026-09-30T19:27:18-10:00job:security_camera_frame_grab RUN  bash "/home/rootrecord/RootRecord-Ecosystem/1 - Servers/1 - RootRecord-Pacific-Solar-Server/Security/Cameras/grab_all.sh"
2026-09-30T19:27:36-10:00job:security_camera_frame_grab | 19:27:18  📷  a-eyes  ch1 → ch1-20261001T052718Z.jpg  (322.4 KB, 4.50s)
2026-09-30T19:27:36-10:00job:security_camera_frame_grab | 19:27:23  📷  a-eyes  ch2 → ch2-20261001T052723Z.jpg  (123.2 KB, 4.37s)
2026-09-30T19:27:36-10:00job:security_camera_frame_grab | 19:27:27  📷  a-eyes  ch3 → ch3-20261001T052727Z.jpg  (361.6 KB, 4.38s)
2026-09-30T19:27:36-10:00job:security_camera_frame_grab | 19:27:32  📷  a-eyes  ch4 → ch4-20261001T052732Z.jpg  (220.7 KB, 4.36s)
2026-09-30T19:27:36-10:00ENERGY  status=live  B2=67.8%  B1=91.2%  solar=0 W  ac=104 W  usbc=0 W  src=/home/rootrecord/RootRecord-Ecosystem/2 - RootRecord-Database/Energy  LAP=98%/Charging/AC
2026-09-30T19:27:53-10:00  ▸  SUMMARY=river2pro soc=90.93% solar=0W ac_out=0W usbc=38W src=ble+cloud db=ok
2026-09-30T19:27:53-10:00job:sys_stats_cycle RUN  bash "/home/rootrecord/RootRecord-Ecosystem/1 - Servers/1 - RootRecord-Pacific-Solar-Server/System/scripts/sys-sample.sh"
2026-09-30T19:27:54-10:00job:sys_stats_cycle | SYSTEM  cpu=18%  load=2.13  mem=49%  src=sqlite
2026-09-30T19:27:54-10:00job:sys_stats_cycle | OK wrote /home/rootrecord/RootRecord-Ecosystem/2 - RootRecord-Database/System/samples/sys-20260930-192754.json
2026-09-30T19:28:27-10:00job:github_sync_all | — [ecosystem] no committable local changes
2026-09-30T19:28:27-10:00job:github_sync_all | ↓ [ecosystem] fetching origin/main
2026-09-30T19:28:27-10:00job:github_sync_all | From github.com:RootRecord-Software-Solutions/RootRecord-Ecosystem
2026-09-30T19:28:27-10:00job:github_sync_all | * branch            main       -> FETCH_HEAD
2026-09-30T19:28:27-10:00job:github_sync_all | — [ecosystem] local and GitHub already match
2026-09-30T19:28:27-10:00job:github_sync_all | — [ecosystem] nothing to push
2026-09-30T19:28:27-10:00job:github_sync_all | — [pacific] no local changes
2026-09-30T19:28:27-10:00job:github_sync_all | ↓ [pacific] fetching origin/main
2026-09-30T19:28:27-10:00job:github_sync_all | From github.com:RootRecord-Software-Solutions/RootRecord-Pacific-Solar-Server
2026-09-30T19:28:27-10:00job:github_sync_all | * branch            main       -> FETCH_HEAD
2026-09-30T19:28:27-10:00job:github_sync_all | — [pacific] local and GitHub already match
2026-09-30T19:28:27-10:00job:github_sync_all | — [pacific] nothing to push
2026-09-30T19:28:27-10:00job:github_sync_all | ↑ [database] committed 12 local file(s)
2026-09-30T19:28:27-10:00job:github_sync_all | ↓ [database] fetching origin/main
2026-09-30T19:28:27-10:00job:github_sync_all | From github.com:RootRecord-Software-Solutions/RootRecord-Database
2026-09-30T19:28:27-10:00job:github_sync_all | * branch              main       -> FETCH_HEAD
2026-09-30T19:28:27-10:00job:github_sync_all | ↑ [database] local is ahead of GitHub
2026-09-30T19:28:27-10:00job:github_sync_all | To github.com:RootRecord-Software-Solutions/RootRecord-Database.git
2026-09-30T19:28:27-10:00job:github_sync_all | 9d8982dd..5a85f85c  HEAD -> main
2026-09-30T19:28:27-10:00job:github_sync_all | branch 'main' set up to track 'origin/main'.
2026-09-30T19:28:27-10:00job:github_sync_all | ↑ [database] 12 files → RootRecord-Software-Solutions/RootRecord-Database (main)
2026-09-30T19:28:27-10:00job:github_sync_all | — [library] no local changes
2026-09-30T19:28:27-10:00job:github_sync_all | ↓ [library] fetching origin/main
2026-09-30T19:28:27-10:00job:github_sync_all | From github.com:RootRecord-Software-Solutions/RootRecord-Library
2026-09-30T19:28:27-10:00job:github_sync_all | * branch            main       -> FETCH_HEAD
2026-09-30T19:28:27-10:00job:github_sync_all | — [library] local and GitHub already match
2026-09-30T19:28:27-10:00job:github_sync_all | — [library] nothing to push
2026-09-30T19:28:27-10:00job:worklog_scan RUN  bash "/home/rootrecord/RootRecord-Ecosystem/1 - Servers/1 - RootRecord-Pacific-Solar-Server/Reports/scripts/worklog_once.sh"
2026-09-30T19:28:30-10:00job:worklog_scan | OK wrote/updated /home/rootrecord/RootRecord-Ecosystem/2 - RootRecord-Database/Worklog/worklog_current.md
2026-09-30T19:28:30-10:00job:security_camera_frame_grab RUN  bash "/home/rootrecord/RootRecord-Ecosystem/1 - Servers/1 - RootRecord-Pacific-Solar-Server/Security/Cameras/grab_all.sh"
2026-09-30T19:28:48-10:00job:security_camera_frame_grab | 19:28:30  📷  a-eyes  ch1 → ch1-20261001T052830Z.jpg  (322.4 KB, 4.21s)
2026-09-30T19:28:48-10:00job:security_camera_frame_grab | 19:28:35  📷  a-eyes  ch2 → ch2-20261001T052835Z.jpg  (123.2 KB, 4.55s)
2026-09-30T19:28:48-10:00job:security_camera_frame_grab | 19:28:39  📷  a-eyes  ch3 → ch3-20261001T052839Z.jpg  (366.1 KB, 4.27s)
2026-09-30T19:28:48-10:00job:security_camera_frame_grab | 19:28:44  📷  a-eyes  ch4 → ch4-20261001T052844Z.jpg  (217.9 KB, 4.27s)
2026-09-30T19:28:48-10:00ENERGY  status=live  B2=67.8%  B1=90.9%  solar=0 W  ac=104 W  usbc=0 W  src=/home/rootrecord/RootRecord-Ecosystem/2 - RootRecord-Database/Energy  LAP=99%/Charging/AC
2026-09-30T19:29:03-10:00  ▸  SUMMARY=river2pro soc=90.85% solar=0W ac_out=0W usbc=29W src=ble+cloud db=ok
2026-09-30T19:29:03-10:00job:sys_stats_cycle RUN  bash "/home/rootrecord/RootRecord-Ecosystem/1 - Servers/1 - RootRecord-Pacific-Solar-Server/System/scripts/sys-sample.sh"
2026-09-30T19:29:04-10:00job:sys_stats_cycle | SYSTEM  cpu=13%  load=3.20  mem=50%  src=sqlite
2026-09-30T19:29:04-10:00job:sys_stats_cycle | OK wrote /home/rootrecord/RootRecord-Ecosystem/2 - RootRecord-Database/System/samples/sys-20260930-192904.json
2026-09-30T19:29:36-10:00job:github_sync_all | — [ecosystem] no committable local changes
2026-09-30T19:29:36-10:00job:github_sync_all | ↓ [ecosystem] fetching origin/main
2026-09-30T19:29:36-10:00job:github_sync_all | From github.com:RootRecord-Software-Solutions/RootRecord-Ecosystem
2026-09-30T19:29:36-10:00job:github_sync_all | * branch            main       -> FETCH_HEAD
2026-09-30T19:29:36-10:00job:github_sync_all | — [ecosystem] local and GitHub already match
2026-09-30T19:29:36-10:00job:github_sync_all | — [ecosystem] nothing to push
2026-09-30T19:29:36-10:00job:github_sync_all | — [pacific] no local changes
2026-09-30T19:29:36-10:00job:github_sync_all | ↓ [pacific] fetching origin/main
2026-09-30T19:29:36-10:00job:github_sync_all | From github.com:RootRecord-Software-Solutions/RootRecord-Pacific-Solar-Server
2026-09-30T19:29:36-10:00job:github_sync_all | * branch            main       -> FETCH_HEAD
2026-09-30T19:29:36-10:00job:github_sync_all | — [pacific] local and GitHub already match
2026-09-30T19:29:36-10:00job:github_sync_all | — [pacific] nothing to push
2026-09-30T19:29:36-10:00job:github_sync_all | ↑ [database] committed 15 local file(s)
2026-09-30T19:29:36-10:00job:github_sync_all | ↓ [database] fetching origin/main
2026-09-30T19:29:36-10:00job:github_sync_all | From github.com:RootRecord-Software-Solutions/RootRecord-Database
2026-09-30T19:29:36-10:00job:github_sync_all | * branch              main       -> FETCH_HEAD
2026-09-30T19:29:36-10:00job:github_sync_all | ↑ [database] local is ahead of GitHub
2026-09-30T19:29:36-10:00job:github_sync_all | To github.com:RootRecord-Software-Solutions/RootRecord-Database.git
2026-09-30T19:29:36-10:00job:github_sync_all | 5a85f85c..ec2751f1  HEAD -> main
2026-09-30T19:29:36-10:00job:github_sync_all | branch 'main' set up to track 'origin/main'.
2026-09-30T19:29:36-10:00job:github_sync_all | ↑ [database] 15 files → RootRecord-Software-Solutions/RootRecord-Database (main)
2026-09-30T19:29:36-10:00job:github_sync_all | — [library] no local changes
2026-09-30T19:29:36-10:00job:github_sync_all | ↓ [library] fetching origin/main
2026-09-30T19:29:36-10:00job:github_sync_all | From github.com:RootRecord-Software-Solutions/RootRecord-Library
2026-09-30T19:29:36-10:00job:github_sync_all | * branch            main       -> FETCH_HEAD
2026-09-30T19:29:36-10:00job:github_sync_all | — [library] local and GitHub already match
2026-09-30T19:29:36-10:00job:github_sync_all | — [library] nothing to push
2026-09-30T19:29:36-10:00job:security_camera_frame_grab RUN  bash "/home/rootrecord/RootRecord-Ecosystem/1 - Servers/1 - RootRecord-Pacific-Solar-Server/Security/Cameras/grab_all.sh"
2026-09-30T19:29:53-10:00job:security_camera_frame_grab | 19:29:36  📷  a-eyes  ch1 → ch1-20261001T052936Z.jpg  (322.9 KB, 4.32s)
2026-09-30T19:29:53-10:00job:security_camera_frame_grab | 19:29:40  📷  a-eyes  ch2 → ch2-20261001T052940Z.jpg  (123.3 KB, 4.40s)
2026-09-30T19:29:53-10:00job:security_camera_frame_grab | 19:29:44  📷  a-eyes  ch3 → ch3-20261001T052944Z.jpg  (354.0 KB, 4.34s)
2026-09-30T19:29:53-10:00job:security_camera_frame_grab | 19:29:49  📷  a-eyes  ch4 → ch4-20261001T052949Z.jpg  (220.5 KB, 4.47s)
2026-09-30T19:29:54-10:00ENERGY  status=live  B2=67.8%  B1=90.8%  solar=0 W  ac=104 W  usbc=0 W  src=/home/rootrecord/RootRecord-Ecosystem/2 - RootRecord-Database/Energy  LAP=99%/Charging/AC
2026-09-30T19:30:09-10:00  ▸  SUMMARY=delta2 soc=67.14% solar=0W ac_out=95W usbc=0W src=ble db=ok
2026-09-30T19:30:09-10:00job:sys_stats_cycle RUN  bash "/home/rootrecord/RootRecord-Ecosystem/1 - Servers/1 - RootRecord-Pacific-Solar-Server/System/scripts/sys-sample.sh"
2026-09-30T19:30:10-10:00job:sys_stats_cycle | SYSTEM  cpu=8%  load=3.77  mem=50%  src=sqlite
2026-09-30T19:30:10-10:00job:sys_stats_cycle | OK wrote /home/rootrecord/RootRecord-Ecosystem/2 - RootRecord-Database/System/samples/sys-20260930-193009.json
2026-09-30T19:30:42-10:00job:github_sync_all | — [ecosystem] no committable local changes
2026-09-30T19:30:42-10:00job:github_sync_all | ↓ [ecosystem] fetching origin/main
2026-09-30T19:30:42-10:00job:github_sync_all | From github.com:RootRecord-Software-Solutions/RootRecord-Ecosystem
2026-09-30T19:30:42-10:00job:github_sync_all | * branch            main       -> FETCH_HEAD
2026-09-30T19:30:42-10:00job:github_sync_all | — [ecosystem] local and GitHub already match
2026-09-30T19:30:42-10:00job:github_sync_all | — [ecosystem] nothing to push
2026-09-30T19:30:42-10:00job:github_sync_all | — [pacific] no local changes
2026-09-30T19:30:42-10:00job:github_sync_all | ↓ [pacific] fetching origin/main
2026-09-30T19:30:42-10:00job:github_sync_all | From github.com:RootRecord-Software-Solutions/RootRecord-Pacific-Solar-Server
2026-09-30T19:30:42-10:00job:github_sync_all | * branch            main       -> FETCH_HEAD
2026-09-30T19:30:42-10:00job:github_sync_all | — [pacific] local and GitHub already match
2026-09-30T19:30:42-10:00job:github_sync_all | — [pacific] nothing to push
2026-09-30T19:30:42-10:00job:github_sync_all | ↑ [database] committed 14 local file(s)
2026-09-30T19:30:42-10:00job:github_sync_all | ↓ [database] fetching origin/main
2026-09-30T19:30:42-10:00job:github_sync_all | From github.com:RootRecord-Software-Solutions/RootRecord-Database
2026-09-30T19:30:42-10:00job:github_sync_all | * branch              main       -> FETCH_HEAD
2026-09-30T19:30:42-10:00job:github_sync_all | ↑ [database] local is ahead of GitHub
2026-09-30T19:30:42-10:00job:github_sync_all | To github.com:RootRecord-Software-Solutions/RootRecord-Database.git
2026-09-30T19:30:42-10:00job:github_sync_all | ec2751f1..1b748b80  HEAD -> main
2026-09-30T19:30:42-10:00job:github_sync_all | branch 'main' set up to track 'origin/main'.
2026-09-30T19:30:42-10:00job:github_sync_all | ↑ [database] 14 files → RootRecord-Software-Solutions/RootRecord-Database (main)
2026-09-30T19:30:42-10:00job:github_sync_all | — [library] no local changes
2026-09-30T19:30:42-10:00job:github_sync_all | ↓ [library] fetching origin/main
2026-09-30T19:30:42-10:00job:github_sync_all | From github.com:RootRecord-Software-Solutions/RootRecord-Library
2026-09-30T19:30:42-10:00job:github_sync_all | * branch            main       -> FETCH_HEAD
2026-09-30T19:30:42-10:00job:github_sync_all | — [library] local and GitHub already match
2026-09-30T19:30:42-10:00job:github_sync_all | — [library] nothing to push
2026-09-30T19:30:42-10:00job:worklog_scan RUN  bash "/home/rootrecord/RootRecord-Ecosystem/1 - Servers/1 - RootRecord-Pacific-Solar-Server/Reports/scripts/worklog_once.sh"
2026-09-30T19:30:45-10:00job:worklog_scan | OK wrote/updated /home/rootrecord/RootRecord-Ecosystem/2 - RootRecord-Database/Worklog/worklog_current.md
2026-09-30T19:30:45-10:00job:security_camera_frame_grab RUN  bash "/home/rootrecord/RootRecord-Ecosystem/1 - Servers/1 - RootRecord-Pacific-Solar-Server/Security/Cameras/grab_all.sh"
2026-09-30T19:31:03-10:00job:security_camera_frame_grab | 19:30:45  📷  a-eyes  ch1 → ch1-20261001T053045Z.jpg  (322.4 KB, 4.18s)
2026-09-30T19:31:03-10:00job:security_camera_frame_grab | 19:30:49  📷  a-eyes  ch2 → ch2-20261001T053049Z.jpg  (123.0 KB, 4.45s)
2026-09-30T19:31:03-10:00job:security_camera_frame_grab | 19:30:54  📷  a-eyes  ch3 → ch3-20261001T053054Z.jpg  (355.1 KB, 4.69s)
2026-09-30T19:31:03-10:00job:security_camera_frame_grab | 19:30:58  📷  a-eyes  ch4 → ch4-20261001T053058Z.jpg  (210.6 KB, 4.48s)
2026-09-30T19:31:03-10:00job:service_supervisor RUN  bash "/home/rootrecord/RootRecord-Ecosystem/1 - Servers/1 - RootRecord-Pacific-Solar-Server/Automations/scripts/supervise-services.sh"
2026-09-30T19:31:03-10:00job:service_supervisor | [supervisor] weather alive pid=97054 764793 (act)
2026-09-30T19:31:03-10:00job:service_supervisor | [supervisor] relay alive pid=96403 (act)
2026-09-30T19:31:03-10:00job:geology_collect RUN  nice -n 10 python3 "/home/rootrecord/RootRecord-Ecosystem/1 - Servers/1 - RootRecord-Pacific-Solar-Server/Geology/scripts/geology_collect.py" all
2026-09-30T19:31:06-10:00job:geology_collect | {"ok": true, "at": "2026-09-30T19:31:03-10:00", "what": "all", "dry_run": false, "sources": {"hawaii": {"ok": true, "count": 17, "new": 0, "new_m2": 0, "ms": 871}, "global": {"ok": true, "count": 35, "new": 0, "ms": 310}, "hvo_notices": {"ok": true, "count": 44, "new": 0, "ms": 811}, "hvo_status": {"ok": true, "volcanoes": 8, "kilauea": "WATCH", "mauna_loa": "NORMAL", "ms": 609}}}
2026-09-30T19:31:06-10:00job:system_net_sample RUN  nice -n 10 python3 "/home/rootrecord/RootRecord-Ecosystem/1 - Servers/1 - RootRecord-Pacific-Solar-Server/System/scripts/host_desks.py" net-sample
2026-09-30T19:31:06-10:00job:system_net_sample | {"ok": true, "file": "/home/rootrecord/RootRecord-Ecosystem/2 - RootRecord-Database/System/network/Daily/net-20260930.jsonl", "iface": "wlo1", "hour": {"seconds": 3822, "rx": 252078737, "tx": 111403784, "total": 363482521, "iface": "wlo1", "link": "wireless"}, "day": null}
2026-09-30T19:31:06-10:00ENERGY  status=live  B2=67.1%  B1=90.8%  solar=0 W  ac=95 W  usbc=0 W  src=/home/rootrecord/RootRecord-Ecosystem/2 - RootRecord-Database/Energy  LAP=99%/Charging/AC
2026-09-30T19:31:23-10:00  ▸  SUMMARY=river2pro soc=90.65% solar=0W ac_out=0W usbc=41W src=ble+cloud db=ok
2026-09-30T19:31:23-10:00job:sys_stats_cycle RUN  bash "/home/rootrecord/RootRecord-Ecosystem/1 - Servers/1 - RootRecord-Pacific-Solar-Server/System/scripts/sys-sample.sh"
2026-09-30T19:31:24-10:00job:sys_stats_cycle | SYSTEM  cpu=49%  load=4.93  mem=53%  src=sqlite
2026-09-30T19:31:24-10:00job:sys_stats_cycle | OK wrote /home/rootrecord/RootRecord-Ecosystem/2 - RootRecord-Database/System/samples/sys-20260930-193123.json
2026-09-30T19:31:57-10:00job:github_sync_all | ↑ [ecosystem] committed 7 local file(s)
2026-09-30T19:31:57-10:00job:github_sync_all | ↓ [ecosystem] fetching origin/main
2026-09-30T19:31:57-10:00job:github_sync_all | From github.com:RootRecord-Software-Solutions/RootRecord-Ecosystem
2026-09-30T19:31:57-10:00job:github_sync_all | * branch            main       -> FETCH_HEAD
2026-09-30T19:31:57-10:00job:github_sync_all | ↑ [ecosystem] local is ahead of GitHub
2026-09-30T19:31:57-10:00job:github_sync_all | To github.com:RootRecord-Software-Solutions/RootRecord-Ecosystem.git
2026-09-30T19:31:57-10:00job:github_sync_all | 87186b4..6d44149  HEAD -> main
2026-09-30T19:31:57-10:00job:github_sync_all | branch 'main' set up to track 'origin/main'.
2026-09-30T19:31:57-10:00job:github_sync_all | ↑ [ecosystem] 7 files → RootRecord-Software-Solutions/RootRecord-Ecosystem (main)
2026-09-30T19:31:57-10:00job:github_sync_all | — [pacific] no local changes
2026-09-30T19:31:57-10:00job:github_sync_all | ↓ [pacific] fetching origin/main
2026-09-30T19:31:57-10:00job:github_sync_all | From github.com:RootRecord-Software-Solutions/RootRecord-Pacific-Solar-Server
2026-09-30T19:31:57-10:00job:github_sync_all | * branch            main       -> FETCH_HEAD
2026-09-30T19:31:57-10:00job:github_sync_all | — [pacific] local and GitHub already match
2026-09-30T19:31:57-10:00job:github_sync_all | — [pacific] nothing to push
2026-09-30T19:31:57-10:00job:github_sync_all | ↑ [database] committed 22 local file(s)
2026-09-30T19:31:57-10:00job:github_sync_all | ↓ [database] fetching origin/main
2026-09-30T19:31:57-10:00job:github_sync_all | From github.com:RootRecord-Software-Solutions/RootRecord-Database
2026-09-30T19:31:57-10:00job:github_sync_all | * branch              main       -> FETCH_HEAD
2026-09-30T19:31:57-10:00job:github_sync_all | ↑ [database] local is ahead of GitHub
2026-09-30T19:31:57-10:00job:github_sync_all | To github.com:RootRecord-Software-Solutions/RootRecord-Database.git
2026-09-30T19:31:57-10:00job:github_sync_all | 1b748b80..c8d5504e  HEAD -> main
2026-09-30T19:31:57-10:00job:github_sync_all | branch 'main' set up to track 'origin/main'.
2026-09-30T19:31:57-10:00job:github_sync_all | ↑ [database] 22 files → RootRecord-Software-Solutions/RootRecord-Database (main)
2026-09-30T19:31:57-10:00job:github_sync_all | — [library] no local changes
2026-09-30T19:31:57-10:00job:github_sync_all | ↓ [library] fetching origin/main
2026-09-30T19:31:57-10:00job:github_sync_all | From github.com:RootRecord-Software-Solutions/RootRecord-Library
2026-09-30T19:31:57-10:00job:github_sync_all | * branch            main       -> FETCH_HEAD
2026-09-30T19:31:57-10:00job:github_sync_all | — [library] local and GitHub already match
2026-09-30T19:31:57-10:00job:github_sync_all | — [library] nothing to push
2026-09-30T19:31:57-10:00job:security_camera_frame_grab RUN  bash "/home/rootrecord/RootRecord-Ecosystem/1 - Servers/1 - RootRecord-Pacific-Solar-Server/Security/Cameras/grab_all.sh"
2026-09-30T19:32:15-10:00job:security_camera_frame_grab | 19:31:57  📷  a-eyes  ch1 → ch1-20261001T053157Z.jpg  (322.8 KB, 4.42s)
2026-09-30T19:32:15-10:00job:security_camera_frame_grab | 19:32:02  📷  a-eyes  ch2 → ch2-20261001T053202Z.jpg  (122.9 KB, 4.38s)
2026-09-30T19:32:15-10:00job:security_camera_frame_grab | 19:32:06  📷  a-eyes  ch3 → ch3-20261001T053206Z.jpg  (362.9 KB, 4.37s)
2026-09-30T19:32:15-10:00job:security_camera_frame_grab | 19:32:11  📷  a-eyes  ch4 → ch4-20261001T053211Z.jpg  (213.0 KB, 4.37s)
2026-09-30T19:32:15-10:00ENERGY  status=live  B2=67.1%  B1=90.7%  solar=0 W  ac=95 W  usbc=0 W  src=/home/rootrecord/RootRecord-Ecosystem/2 - RootRecord-Database/Energy  LAP=99%/Charging/AC
2026-09-30T19:32:31-10:00  ▸  SUMMARY=river2pro soc=90.53% solar=0W ac_out=0W usbc=41W src=ble+cloud db=ok
2026-09-30T19:32:31-10:00job:sys_stats_cycle RUN  bash "/home/rootrecord/RootRecord-Ecosystem/1 - Servers/1 - RootRecord-Pacific-Solar-Server/System/scripts/sys-sample.sh"
2026-09-30T19:32:32-10:00job:sys_stats_cycle | SYSTEM  cpu=50%  load=5.88  mem=52%  src=sqlite
2026-09-30T19:32:32-10:00job:sys_stats_cycle | OK wrote /home/rootrecord/RootRecord-Ecosystem/2 - RootRecord-Database/System/samples/sys-20260930-193231.json
2026-09-30T19:33:06-10:00job:github_sync_all | — [ecosystem] no committable local changes
2026-09-30T19:33:06-10:00job:github_sync_all | ↓ [ecosystem] fetching origin/main
2026-09-30T19:33:06-10:00job:github_sync_all | From github.com:RootRecord-Software-Solutions/RootRecord-Ecosystem
2026-09-30T19:33:06-10:00job:github_sync_all | * branch            main       -> FETCH_HEAD
2026-09-30T19:33:06-10:00job:github_sync_all | — [ecosystem] local and GitHub already match
2026-09-30T19:33:06-10:00job:github_sync_all | — [ecosystem] nothing to push
2026-09-30T19:33:06-10:00job:github_sync_all | — [pacific] no local changes
2026-09-30T19:33:06-10:00job:github_sync_all | ↓ [pacific] fetching origin/main
2026-09-30T19:33:06-10:00job:github_sync_all | From github.com:RootRecord-Software-Solutions/RootRecord-Pacific-Solar-Server
2026-09-30T19:33:06-10:00job:github_sync_all | * branch            main       -> FETCH_HEAD
2026-09-30T19:33:06-10:00job:github_sync_all | — [pacific] local and GitHub already match
2026-09-30T19:33:06-10:00job:github_sync_all | — [pacific] nothing to push
2026-09-30T19:33:06-10:00job:github_sync_all | ↑ [database] committed 12 local file(s)
2026-09-30T19:33:06-10:00job:github_sync_all | ↓ [database] fetching origin/main
2026-09-30T19:33:06-10:00job:github_sync_all | From github.com:RootRecord-Software-Solutions/RootRecord-Database
2026-09-30T19:33:06-10:00job:github_sync_all | * branch              main       -> FETCH_HEAD
2026-09-30T19:33:06-10:00job:github_sync_all | ↑ [database] local is ahead of GitHub
2026-09-30T19:33:06-10:00job:github_sync_all | To github.com:RootRecord-Software-Solutions/RootRecord-Database.git
2026-09-30T19:33:06-10:00job:github_sync_all | c8d5504e..e1fd0159  HEAD -> main
2026-09-30T19:33:06-10:00job:github_sync_all | branch 'main' set up to track 'origin/main'.
2026-09-30T19:33:06-10:00job:github_sync_all | ↑ [database] 12 files → RootRecord-Software-Solutions/RootRecord-Database (main)
2026-09-30T19:33:06-10:00job:github_sync_all | ↑ [library] committed 5 local file(s)
2026-09-30T19:33:06-10:00job:github_sync_all | ↓ [library] fetching origin/main
2026-09-30T19:33:06-10:00job:github_sync_all | From github.com:RootRecord-Software-Solutions/RootRecord-Library
2026-09-30T19:33:06-10:00job:github_sync_all | * branch            main       -> FETCH_HEAD
2026-09-30T19:33:06-10:00job:github_sync_all | ↑ [library] local is ahead of GitHub
2026-09-30T19:33:06-10:00job:github_sync_all | To github.com:RootRecord-Software-Solutions/RootRecord-Library.git
2026-09-30T19:33:06-10:00job:github_sync_all | a8883da..21dadf0  HEAD -> main
2026-09-30T19:33:06-10:00job:github_sync_all | branch 'main' set up to track 'origin/main'.
2026-09-30T19:33:06-10:00job:github_sync_all | ↑ [library] 5 files → RootRecord-Software-Solutions/RootRecord-Library (main)
2026-09-30T19:33:06-10:00job:worklog_scan RUN  bash "/home/rootrecord/RootRecord-Ecosystem/1 - Servers/1 - RootRecord-Pacific-Solar-Server/Reports/scripts/worklog_once.sh"
2026-09-30T19:33:14-10:00job:worklog_scan | OK wrote/updated /home/rootrecord/RootRecord-Ecosystem/2 - RootRecord-Database/Worklog/worklog_current.md
2026-09-30T19:33:14-10:00job:security_camera_frame_grab RUN  bash "/home/rootrecord/RootRecord-Ecosystem/1 - Servers/1 - RootRecord-Pacific-Solar-Server/Security/Cameras/grab_all.sh"
2026-09-30T19:33:32-10:00job:security_camera_frame_grab | 19:33:14  📷  a-eyes  ch1 → ch1-20261001T053314Z.jpg  (323.2 KB, 4.33s)
2026-09-30T19:33:32-10:00job:security_camera_frame_grab | 19:33:19  📷  a-eyes  ch2 → ch2-20261001T053319Z.jpg  (122.9 KB, 4.47s)
2026-09-30T19:33:32-10:00job:security_camera_frame_grab | 19:33:23  📷  a-eyes  ch3 → ch3-20261001T053323Z.jpg  (369.1 KB, 4.45s)
2026-09-30T19:33:32-10:00job:security_camera_frame_grab | 19:33:28  📷  a-eyes  ch4 → ch4-20261001T053328Z.jpg  (223.1 KB, 4.38s)
2026-09-30T19:33:32-10:00job:voice_remaining_tasks RUN  nice -n 10 python3 "/home/rootrecord/RootRecord-Ecosystem/1 - Servers/1 - RootRecord-Pacific-Solar-Server/Media/Voice/scripts/voice_reports.py" remaining_tasks
2026-09-30T19:33:47-10:00job:voice_remaining_tasks | {"ok": true, "report": "remaining_tasks", "md": "/home/rootrecord/RootRecord-Ecosystem/test-reports/Voice/remaining_tasks_current.md", "sentences": 3, "voice": {"ok": true, "mode": "stitch", "report": "remaining_tasks", "agent": "bruce", "voice": "am_echo", "speed": 1.0, "wav": "/home/rootrecord/RootRecord-Ecosystem/2 - RootRecord-Database/Media/Audio/Voice/remaining_tasks_current.wav", "clips_used": 0, "live_sentences": 3, "model_loaded": true, "render_s": 9.88, "sample_rate": 24000, "channels": 1, "subtype": "PCM_16", "duration_s": 9.416, "peak_dbfs": -2.22, "rms_dbfs": -20.1, "lead_silence_ms": 112, "qc": "PASS", "wall_s": 10.03, "peak_rss_mb": 1283, "rc": 0}, "deliver": {"ok": true, "sent": true, "persona": "bruce", "chat": "-1004406495175", "message_id": 187, "transcript": true, "report": true, "photo": false, "plan": {"voice": true, "transcript": true, "report": true}}}
2026-09-30T19:33:47-10:00ENERGY  status=live  B2=67.1%  B1=90.5%  solar=0 W  ac=95 W  usbc=0 W  src=/home/rootrecord/RootRecord-Ecosystem/2 - RootRecord-Database/Energy  LAP=99%/Charging/AC
2026-09-30T19:34:04-10:00  ▸  SUMMARY=river2pro soc=90.37% solar=0W ac_out=0W usbc=41W src=ble+cloud db=ok
2026-09-30T19:34:04-10:00job:sys_stats_cycle RUN  bash "/home/rootrecord/RootRecord-Ecosystem/1 - Servers/1 - RootRecord-Pacific-Solar-Server/System/scripts/sys-sample.sh"
2026-09-30T19:34:06-10:00job:sys_stats_cycle | SYSTEM  cpu=36%  load=6.73  mem=50%  src=sqlite
2026-09-30T19:34:06-10:00job:sys_stats_cycle | OK wrote /home/rootrecord/RootRecord-Ecosystem/2 - RootRecord-Database/System/samples/sys-20260930-193405.json
2026-09-30T19:34:40-10:00job:github_sync_all | ↑ [ecosystem] committed 18 local file(s)
2026-09-30T19:34:40-10:00job:github_sync_all | ↓ [ecosystem] fetching origin/main
2026-09-30T19:34:40-10:00job:github_sync_all | From github.com:RootRecord-Software-Solutions/RootRecord-Ecosystem
2026-09-30T19:34:40-10:00job:github_sync_all | * branch            main       -> FETCH_HEAD
2026-09-30T19:34:40-10:00job:github_sync_all | ↑ [ecosystem] local is ahead of GitHub
2026-09-30T19:34:40-10:00job:github_sync_all | To github.com:RootRecord-Software-Solutions/RootRecord-Ecosystem.git
2026-09-30T19:34:40-10:00job:github_sync_all | 6d44149..6728cbb  HEAD -> main
2026-09-30T19:34:40-10:00job:github_sync_all | branch 'main' set up to track 'origin/main'.
2026-09-30T19:34:40-10:00job:github_sync_all | ↑ [ecosystem] 18 files → RootRecord-Software-Solutions/RootRecord-Ecosystem (main)
2026-09-30T19:34:40-10:00job:github_sync_all | — [pacific] no local changes
2026-09-30T19:34:40-10:00job:github_sync_all | ↓ [pacific] fetching origin/main
2026-09-30T19:34:40-10:00job:github_sync_all | From github.com:RootRecord-Software-Solutions/RootRecord-Pacific-Solar-Server
2026-09-30T19:34:40-10:00job:github_sync_all | * branch            main       -> FETCH_HEAD
2026-09-30T19:34:40-10:00job:github_sync_all | — [pacific] local and GitHub already match
2026-09-30T19:34:40-10:00job:github_sync_all | — [pacific] nothing to push
2026-09-30T19:34:40-10:00job:github_sync_all | ↑ [database] committed 18 local file(s)
2026-09-30T19:34:40-10:00job:github_sync_all | ↓ [database] fetching origin/main
2026-09-30T19:34:40-10:00job:github_sync_all | From github.com:RootRecord-Software-Solutions/RootRecord-Database
2026-09-30T19:34:40-10:00job:github_sync_all | * branch              main       -> FETCH_HEAD
2026-09-30T19:34:40-10:00job:github_sync_all | ↑ [database] local is ahead of GitHub
2026-09-30T19:34:40-10:00job:github_sync_all | To github.com:RootRecord-Software-Solutions/RootRecord-Database.git
2026-09-30T19:34:40-10:00job:github_sync_all | e1fd0159..4d681983  HEAD -> main
2026-09-30T19:34:40-10:00job:github_sync_all | branch 'main' set up to track 'origin/main'.
2026-09-30T19:34:40-10:00job:github_sync_all | ↑ [database] 18 files → RootRecord-Software-Solutions/RootRecord-Database (main)
2026-09-30T19:34:40-10:00job:github_sync_all | ↑ [library] committed 5 local file(s)
2026-09-30T19:34:40-10:00job:github_sync_all | ↓ [library] fetching origin/main
2026-09-30T19:34:40-10:00job:github_sync_all | From github.com:RootRecord-Software-Solutions/RootRecord-Library
2026-09-30T19:34:40-10:00job:github_sync_all | * branch            main       -> FETCH_HEAD
2026-09-30T19:34:40-10:00job:github_sync_all | ↑ [library] local is ahead of GitHub
2026-09-30T19:34:40-10:00job:github_sync_all | To github.com:RootRecord-Software-Solutions/RootRecord-Library.git
2026-09-30T19:34:40-10:00job:github_sync_all | 21dadf0..da7739b  HEAD -> main
2026-09-30T19:34:40-10:00job:github_sync_all | branch 'main' set up to track 'origin/main'.
2026-09-30T19:34:40-10:00job:github_sync_all | ↑ [library] 5 files → RootRecord-Software-Solutions/RootRecord-Library (main)
2026-09-30T19:34:40-10:00job:worklog_scan RUN  bash "/home/rootrecord/RootRecord-Ecosystem/1 - Servers/1 - RootRecord-Pacific-Solar-Server/Reports/scripts/worklog_once.sh"
2026-09-30T19:34:49-10:00job:worklog_scan | OK wrote/updated /home/rootrecord/RootRecord-Ecosystem/2 - RootRecord-Database/Worklog/worklog_current.md
2026-09-30T19:34:49-10:00job:security_camera_frame_grab RUN  bash "/home/rootrecord/RootRecord-Ecosystem/1 - Servers/1 - RootRecord-Pacific-Solar-Server/Security/Cameras/grab_all.sh"
2026-09-30T19:35:07-10:00job:security_camera_frame_grab | 19:34:49  📷  a-eyes  ch1 → ch1-20261001T053449Z.jpg  (323.0 KB, 4.33s)
2026-09-30T19:35:07-10:00job:security_camera_frame_grab | 19:34:54  📷  a-eyes  ch2 → ch2-20261001T053454Z.jpg  (122.6 KB, 4.43s)
2026-09-30T19:35:07-10:00job:security_camera_frame_grab | 19:34:58  📷  a-eyes  ch3 → ch3-20261001T053458Z.jpg  (322.8 KB, 4.48s)
2026-09-30T19:35:07-10:00job:security_camera_frame_grab | 19:35:03  📷  a-eyes  ch4 → ch4-20261001T053503Z.jpg  (219.8 KB, 4.57s)
2026-09-30T19:35:08-10:00ENERGY  status=live  B2=67.1%  B1=90.4%  solar=0 W  ac=95 W  usbc=0 W  src=/home/rootrecord/RootRecord-Ecosystem/2 - RootRecord-Database/Energy  LAP=99%/Charging/AC
2026-09-30T19:35:23-10:00  ▸  SUMMARY=river2pro soc=90.23% solar=0W ac_out=0W usbc=41W src=ble+cloud db=ok
2026-09-30T19:35:23-10:00job:sys_stats_cycle RUN  bash "/home/rootrecord/RootRecord-Ecosystem/1 - Servers/1 - RootRecord-Pacific-Solar-Server/System/scripts/sys-sample.sh"
2026-09-30T19:35:24-10:00job:sys_stats_cycle | SYSTEM  cpu=36%  load=6.33  mem=51%  src=sqlite
2026-09-30T19:35:24-10:00job:sys_stats_cycle | OK wrote /home/rootrecord/RootRecord-Ecosystem/2 - RootRecord-Database/System/samples/sys-20260930-193523.json
2026-09-30T19:36:02-10:00job:github_sync_all | ↑ [ecosystem] committed 1 local file(s)
2026-09-30T19:36:02-10:00job:github_sync_all | ↓ [ecosystem] fetching origin/main
2026-09-30T19:36:02-10:00job:github_sync_all | From github.com:RootRecord-Software-Solutions/RootRecord-Ecosystem
2026-09-30T19:36:02-10:00job:github_sync_all | * branch            main       -> FETCH_HEAD
2026-09-30T19:36:02-10:00job:github_sync_all | ↑ [ecosystem] local is ahead of GitHub
2026-09-30T19:36:02-10:00job:github_sync_all | To github.com:RootRecord-Software-Solutions/RootRecord-Ecosystem.git
2026-09-30T19:36:02-10:00job:github_sync_all | 6728cbb..d6b6864  HEAD -> main
2026-09-30T19:36:02-10:00job:github_sync_all | branch 'main' set up to track 'origin/main'.
2026-09-30T19:36:02-10:00job:github_sync_all | ↑ [ecosystem] 1 files → RootRecord-Software-Solutions/RootRecord-Ecosystem (main)
2026-09-30T19:36:02-10:00job:github_sync_all | ↑ [pacific] committed 1 local file(s)
2026-09-30T19:36:02-10:00job:github_sync_all | ↓ [pacific] fetching origin/main
2026-09-30T19:36:02-10:00job:github_sync_all | From github.com:RootRecord-Software-Solutions/RootRecord-Pacific-Solar-Server
2026-09-30T19:36:02-10:00job:github_sync_all | * branch            main       -> FETCH_HEAD
2026-09-30T19:36:02-10:00job:github_sync_all | ↑ [pacific] local is ahead of GitHub
2026-09-30T19:36:02-10:00job:github_sync_all | To github.com:RootRecord-Software-Solutions/RootRecord-Pacific-Solar-Server.git
2026-09-30T19:36:02-10:00job:github_sync_all | c48354b..0f9b3d8  HEAD -> main
2026-09-30T19:36:02-10:00job:github_sync_all | branch 'main' set up to track 'origin/main'.
2026-09-30T19:36:02-10:00job:github_sync_all | ↑ [pacific] 1 files → RootRecord-Software-Solutions/RootRecord-Pacific-Solar-Server (main)
2026-09-30T19:36:02-10:00job:github_sync_all | ↑ [database] committed 17 local file(s)
2026-09-30T19:36:02-10:00job:github_sync_all | ↓ [database] fetching origin/main
2026-09-30T19:36:02-10:00job:github_sync_all | From github.com:RootRecord-Software-Solutions/RootRecord-Database
2026-09-30T19:36:02-10:00job:github_sync_all | * branch              main       -> FETCH_HEAD
2026-09-30T19:36:02-10:00job:github_sync_all | ↑ [database] local is ahead of GitHub
2026-09-30T19:36:02-10:00job:github_sync_all | To github.com:RootRecord-Software-Solutions/RootRecord-Database.git
2026-09-30T19:36:02-10:00job:github_sync_all | 4d681983..b62827e8  HEAD -> main
2026-09-30T19:36:02-10:00job:github_sync_all | branch 'main' set up to track 'origin/main'.
2026-09-30T19:36:02-10:00job:github_sync_all | ↑ [database] 17 files → RootRecord-Software-Solutions/RootRecord-Database (main)
2026-09-30T19:36:02-10:00job:github_sync_all | — [library] no local changes
2026-09-30T19:36:02-10:00job:github_sync_all | ↓ [library] fetching origin/main
2026-09-30T19:36:02-10:00job:github_sync_all | From github.com:RootRecord-Software-Solutions/RootRecord-Library
2026-09-30T19:36:02-10:00job:github_sync_all | * branch            main       -> FETCH_HEAD
2026-09-30T19:36:02-10:00job:github_sync_all | — [library] local and GitHub already match
2026-09-30T19:36:02-10:00job:github_sync_all | — [library] nothing to push
2026-09-30T19:36:02-10:00job:security_camera_frame_grab RUN  bash "/home/rootrecord/RootRecord-Ecosystem/1 - Servers/1 - RootRecord-Pacific-Solar-Server/Security/Cameras/grab_all.sh"
2026-09-30T19:36:20-10:00job:security_camera_frame_grab | 19:36:02  📷  a-eyes  ch1 → ch1-20261001T053602Z.jpg  (323.2 KB, 4.49s)
2026-09-30T19:36:20-10:00job:security_camera_frame_grab | 19:36:07  📷  a-eyes  ch2 → ch2-20261001T053607Z.jpg  (123.0 KB, 4.47s)
2026-09-30T19:36:20-10:00job:security_camera_frame_grab | 19:36:11  📷  a-eyes  ch3 → ch3-20261001T053611Z.jpg  (332.4 KB, 4.37s)
2026-09-30T19:36:20-10:00job:security_camera_frame_grab | 19:36:15  📷  a-eyes  ch4 → ch4-20261001T053615Z.jpg  (222.1 KB, 4.30s)
2026-09-30T19:36:20-10:00job:service_supervisor RUN  bash "/home/rootrecord/RootRecord-Ecosystem/1 - Servers/1 - RootRecord-Pacific-Solar-Server/Automations/scripts/supervise-services.sh"
2026-09-30T19:36:20-10:00job:service_supervisor | [supervisor] weather alive pid=97054 764793 (act)
2026-09-30T19:36:20-10:00job:service_supervisor | [supervisor] relay alive pid=96403 (act)
2026-09-30T19:36:20-10:00job:geology_collect RUN  nice -n 10 python3 "/home/rootrecord/RootRecord-Ecosystem/1 - Servers/1 - RootRecord-Pacific-Solar-Server/Geology/scripts/geology_collect.py" all
2026-09-30T19:36:28-10:00job:geology_collect | {"ok": true, "at": "2026-09-30T19:36:20-10:00", "what": "all", "dry_run": false, "sources": {"hawaii": {"ok": true, "count": 17, "new": 0, "new_m2": 0, "ms": 519}, "global": {"ok": true, "count": 35, "new": 0, "ms": 309}, "hvo_notices": {"ok": true, "count": 44, "new": 0, "ms": 913}, "hvo_status": {"ok": true, "volcanoes": 8, "kilauea": "WATCH", "mauna_loa": "NORMAL", "ms": 5729}}}
2026-09-30T19:36:28-10:00job:system_net_sample RUN  nice -n 10 python3 "/home/rootrecord/RootRecord-Ecosystem/1 - Servers/1 - RootRecord-Pacific-Solar-Server/System/scripts/host_desks.py" net-sample
2026-09-30T19:36:28-10:00job:system_net_sample | {"ok": true, "file": "/home/rootrecord/RootRecord-Ecosystem/2 - RootRecord-Database/System/network/Daily/net-20260930.jsonl", "iface": "wlo1", "hour": {"seconds": 3792, "rx": 314343992, "tx": 109875088, "total": 424219080, "iface": "wlo1", "link": "wireless"}, "day": null}
2026-09-30T19:36:28-10:00ENERGY  status=live  B2=67.1%  B1=90.2%  solar=0 W  ac=95 W  usbc=0 W  src=/home/rootrecord/RootRecord-Ecosystem/2 - RootRecord-Database/Energy  LAP=99%/Charging/AC
2026-09-30T19:36:45-10:00  ▸  SUMMARY=river2pro soc=90.1% solar=0W ac_out=0W usbc=41W src=ble+cloud db=ok
2026-09-30T19:36:45-10:00job:sys_stats_cycle RUN  bash "/home/rootrecord/RootRecord-Ecosystem/1 - Servers/1 - RootRecord-Pacific-Solar-Server/System/scripts/sys-sample.sh"
2026-09-30T19:36:46-10:00job:sys_stats_cycle | SYSTEM  cpu=38%  load=6.15  mem=50%  src=sqlite
2026-09-30T19:36:46-10:00job:sys_stats_cycle | OK wrote /home/rootrecord/RootRecord-Ecosystem/2 - RootRecord-Database/System/samples/sys-20260930-193645.json
2026-09-30T19:37:24-10:00job:github_sync_all | ↑ [ecosystem] committed 8 local file(s)
2026-09-30T19:37:24-10:00job:github_sync_all | ↓ [ecosystem] fetching origin/main
2026-09-30T19:37:24-10:00job:github_sync_all | From github.com:RootRecord-Software-Solutions/RootRecord-Ecosystem
2026-09-30T19:37:24-10:00job:github_sync_all | * branch            main       -> FETCH_HEAD
2026-09-30T19:37:24-10:00job:github_sync_all | ↑ [ecosystem] local is ahead of GitHub
2026-09-30T19:37:24-10:00job:github_sync_all | To github.com:RootRecord-Software-Solutions/RootRecord-Ecosystem.git
2026-09-30T19:37:24-10:00job:github_sync_all | d6b6864..1306220  HEAD -> main
2026-09-30T19:37:24-10:00job:github_sync_all | branch 'main' set up to track 'origin/main'.
2026-09-30T19:37:24-10:00job:github_sync_all | ↑ [ecosystem] 8 files → RootRecord-Software-Solutions/RootRecord-Ecosystem (main)
2026-09-30T19:37:24-10:00job:github_sync_all | ↑ [pacific] committed 3 local file(s)
2026-09-30T19:37:24-10:00job:github_sync_all | ↓ [pacific] fetching origin/main
2026-09-30T19:37:24-10:00job:github_sync_all | From github.com:RootRecord-Software-Solutions/RootRecord-Pacific-Solar-Server
2026-09-30T19:37:24-10:00job:github_sync_all | * branch            main       -> FETCH_HEAD
2026-09-30T19:37:24-10:00job:github_sync_all | ↑ [pacific] local is ahead of GitHub
2026-09-30T19:37:24-10:00job:github_sync_all | To github.com:RootRecord-Software-Solutions/RootRecord-Pacific-Solar-Server.git
2026-09-30T19:37:24-10:00job:github_sync_all | 0f9b3d8..7a785a5  HEAD -> main
2026-09-30T19:37:24-10:00job:github_sync_all | branch 'main' set up to track 'origin/main'.
2026-09-30T19:37:24-10:00job:github_sync_all | ↑ [pacific] 3 files → RootRecord-Software-Solutions/RootRecord-Pacific-Solar-Server (main)
2026-09-30T19:37:24-10:00job:github_sync_all | ↑ [database] committed 19 local file(s)
2026-09-30T19:37:24-10:00job:github_sync_all | ↓ [database] fetching origin/main
2026-09-30T19:37:24-10:00job:github_sync_all | From github.com:RootRecord-Software-Solutions/RootRecord-Database
2026-09-30T19:37:24-10:00job:github_sync_all | * branch              main       -> FETCH_HEAD
2026-09-30T19:37:24-10:00job:github_sync_all | ↑ [database] local is ahead of GitHub
2026-09-30T19:37:24-10:00job:github_sync_all | To github.com:RootRecord-Software-Solutions/RootRecord-Database.git
2026-09-30T19:37:24-10:00job:github_sync_all | b62827e8..ddb60cc4  HEAD -> main
2026-09-30T19:37:24-10:00job:github_sync_all | branch 'main' set up to track 'origin/main'.
2026-09-30T19:37:24-10:00job:github_sync_all | ↑ [database] 19 files → RootRecord-Software-Solutions/RootRecord-Database (main)
2026-09-30T19:37:24-10:00job:github_sync_all | — [library] no local changes
2026-09-30T19:37:24-10:00job:github_sync_all | ↓ [library] fetching origin/main
2026-09-30T19:37:24-10:00job:github_sync_all | From github.com:RootRecord-Software-Solutions/RootRecord-Library
2026-09-30T19:37:24-10:00job:github_sync_all | * branch            main       -> FETCH_HEAD
2026-09-30T19:37:24-10:00job:github_sync_all | — [library] local and GitHub already match
2026-09-30T19:37:24-10:00job:github_sync_all | — [library] nothing to push
2026-09-30T19:37:24-10:00job:worklog_scan RUN  bash "/home/rootrecord/RootRecord-Ecosystem/1 - Servers/1 - RootRecord-Pacific-Solar-Server/Reports/scripts/worklog_once.sh"
2026-09-30T19:37:29-10:00job:worklog_scan | OK wrote/updated /home/rootrecord/RootRecord-Ecosystem/2 - RootRecord-Database/Worklog/worklog_current.md
2026-09-30T19:37:29-10:00job:security_camera_frame_grab RUN  bash "/home/rootrecord/RootRecord-Ecosystem/1 - Servers/1 - RootRecord-Pacific-Solar-Server/Security/Cameras/grab_all.sh"
2026-09-30T19:37:46-10:00job:security_camera_frame_grab | 19:37:29  📷  a-eyes  ch1 → ch1-20261001T053729Z.jpg  (323.6 KB, 4.39s)
2026-09-30T19:37:46-10:00job:security_camera_frame_grab | 19:37:33  📷  a-eyes  ch2 → ch2-20261001T053733Z.jpg  (123.6 KB, 4.48s)
2026-09-30T19:37:46-10:00job:security_camera_frame_grab | 19:37:38  📷  a-eyes  ch3 → ch3-20261001T053738Z.jpg  (362.3 KB, 4.27s)
2026-09-30T19:37:46-10:00job:security_camera_frame_grab | 19:37:42  📷  a-eyes  ch4 → ch4-20261001T053742Z.jpg  (225.2 KB, 4.27s)
2026-09-30T19:37:47-10:00ENERGY  status=live  B2=67.1%  B1=90.1%  solar=0 W  ac=95 W  usbc=0 W  src=/home/rootrecord/RootRecord-Ecosystem/2 - RootRecord-Database/Energy  LAP=99%/Charging/AC
2026-09-30T19:38:02-10:00  ▸  SUMMARY=river2pro soc=89.95% solar=0W ac_out=0W usbc=41W src=ble+cloud db=ok
2026-09-30T19:38:02-10:00job:sys_stats_cycle RUN  bash "/home/rootrecord/RootRecord-Ecosystem/1 - Servers/1 - RootRecord-Pacific-Solar-Server/System/scripts/sys-sample.sh"
2026-09-30T19:38:03-10:00job:sys_stats_cycle | SYSTEM  cpu=33%  load=5.91  mem=52%  src=sqlite
2026-09-30T19:38:03-10:00job:sys_stats_cycle | OK wrote /home/rootrecord/RootRecord-Ecosystem/2 - RootRecord-Database/System/samples/sys-20260930-193802.json
2026-09-30T19:38:42-10:00job:github_sync_all | ↑ [ecosystem] committed 3 local file(s)
2026-09-30T19:38:42-10:00job:github_sync_all | ↓ [ecosystem] fetching origin/main
2026-09-30T19:38:42-10:00job:github_sync_all | From github.com:RootRecord-Software-Solutions/RootRecord-Ecosystem
2026-09-30T19:38:42-10:00job:github_sync_all | * branch            main       -> FETCH_HEAD
2026-09-30T19:38:42-10:00job:github_sync_all | ↑ [ecosystem] local is ahead of GitHub
2026-09-30T19:38:42-10:00job:github_sync_all | To github.com:RootRecord-Software-Solutions/RootRecord-Ecosystem.git
2026-09-30T19:38:42-10:00job:github_sync_all | 1306220..f01a499  HEAD -> main
2026-09-30T19:38:42-10:00job:github_sync_all | branch 'main' set up to track 'origin/main'.
2026-09-30T19:38:42-10:00job:github_sync_all | ↑ [ecosystem] 3 files → RootRecord-Software-Solutions/RootRecord-Ecosystem (main)
2026-09-30T19:38:42-10:00job:github_sync_all | ↑ [pacific] committed 1 local file(s)
2026-09-30T19:38:42-10:00job:github_sync_all | ↓ [pacific] fetching origin/main
2026-09-30T19:38:42-10:00job:github_sync_all | From github.com:RootRecord-Software-Solutions/RootRecord-Pacific-Solar-Server
2026-09-30T19:38:42-10:00job:github_sync_all | * branch            main       -> FETCH_HEAD
2026-09-30T19:38:42-10:00job:github_sync_all | ↑ [pacific] local is ahead of GitHub
2026-09-30T19:38:42-10:00job:github_sync_all | To github.com:RootRecord-Software-Solutions/RootRecord-Pacific-Solar-Server.git
2026-09-30T19:38:42-10:00job:github_sync_all | 7a785a5..3042ae8  HEAD -> main
2026-09-30T19:38:42-10:00job:github_sync_all | branch 'main' set up to track 'origin/main'.
2026-09-30T19:38:42-10:00job:github_sync_all | ↑ [pacific] 1 files → RootRecord-Software-Solutions/RootRecord-Pacific-Solar-Server (main)
2026-09-30T19:38:42-10:00job:github_sync_all | ↑ [database] committed 16 local file(s)
2026-09-30T19:38:42-10:00job:github_sync_all | ↓ [database] fetching origin/main
2026-09-30T19:38:42-10:00job:github_sync_all | From github.com:RootRecord-Software-Solutions/RootRecord-Database
2026-09-30T19:38:42-10:00job:github_sync_all | * branch              main       -> FETCH_HEAD
2026-09-30T19:38:42-10:00job:github_sync_all | ↑ [database] local is ahead of GitHub
2026-09-30T19:38:42-10:00job:github_sync_all | To github.com:RootRecord-Software-Solutions/RootRecord-Database.git
2026-09-30T19:38:42-10:00job:github_sync_all | ddb60cc4..a4fa22bd  HEAD -> main
2026-09-30T19:38:42-10:00job:github_sync_all | branch 'main' set up to track 'origin/main'.
2026-09-30T19:38:42-10:00job:github_sync_all | ↑ [database] 16 files → RootRecord-Software-Solutions/RootRecord-Database (main)
2026-09-30T19:38:42-10:00job:github_sync_all | — [library] no local changes
2026-09-30T19:38:42-10:00job:github_sync_all | ↓ [library] fetching origin/main
2026-09-30T19:38:42-10:00job:github_sync_all | From github.com:RootRecord-Software-Solutions/RootRecord-Library
2026-09-30T19:38:42-10:00job:github_sync_all | * branch            main       -> FETCH_HEAD
2026-09-30T19:38:42-10:00job:github_sync_all | — [library] local and GitHub already match
2026-09-30T19:38:42-10:00job:github_sync_all | — [library] nothing to push
2026-09-30T19:38:42-10:00job:security_camera_frame_grab RUN  bash "/home/rootrecord/RootRecord-Ecosystem/1 - Servers/1 - RootRecord-Pacific-Solar-Server/Security/Cameras/grab_all.sh"
2026-09-30T19:39:00-10:00job:security_camera_frame_grab | 19:38:42  📷  a-eyes  ch1 → ch1-20261001T053842Z.jpg  (323.6 KB, 4.25s)
2026-09-30T19:39:00-10:00job:security_camera_frame_grab | 19:38:47  📷  a-eyes  ch2 → ch2-20261001T053847Z.jpg  (123.7 KB, 4.33s)
2026-09-30T19:39:00-10:00job:security_camera_frame_grab | 19:38:51  📷  a-eyes  ch3 → ch3-20261001T053851Z.jpg  (369.8 KB, 4.37s)
2026-09-30T19:39:00-10:00job:security_camera_frame_grab | 19:38:55  📷  a-eyes  ch4 → ch4-20261001T053855Z.jpg  (223.8 KB, 4.33s)
2026-09-30T19:39:00-10:00job:voice_nws_weather RUN  nice -n 10 python3 "/home/rootrecord/RootRecord-Ecosystem/1 - Servers/1 - RootRecord-Pacific-Solar-Server/Media/Voice/scripts/voice_reports.py" nws_weather
2026-09-30T19:39:16-10:00job:voice_nws_weather | {"ok": true, "report": "nws_weather", "md": "/home/rootrecord/RootRecord-Ecosystem/test-reports/Voice/nws_weather_current.md", "sentences": 4, "voice": {"ok": true, "mode": "stitch", "report": "nws_weather", "agent": "ava", "voice": "af_heart", "speed": 1.0, "wav": "/home/rootrecord/RootRecord-Ecosystem/2 - RootRecord-Database/Media/Audio/Voice/nws_weather_current.wav", "clips_used": 0, "live_sentences": 7, "model_loaded": true, "render_s": 15.05, "sample_rate": 24000, "channels": 1, "subtype": "PCM_16", "duration_s": 17.782, "peak_dbfs": -1.5, "rms_dbfs": -20.31, "lead_silence_ms": 113, "qc": "PASS", "wall_s": 15.14, "peak_rss_mb": 1454, "rc": 0}, "deliver": {"ok": true, "sent": false, "detail": "unchanged"}}
2026-09-30T19:39:17-10:00ENERGY  status=live  B2=67.1%  B1=90.0%  solar=0 W  ac=95 W  usbc=0 W  src=/home/rootrecord/RootRecord-Ecosystem/2 - RootRecord-Database/Energy  LAP=99%/Charging/AC
2026-09-30T19:39:33-10:00  ▸  SUMMARY=river2pro soc=89.79% solar=0W ac_out=0W usbc=47W src=ble+cloud db=ok
2026-09-30T19:39:33-10:00job:sys_stats_cycle RUN  bash "/home/rootrecord/RootRecord-Ecosystem/1 - Servers/1 - RootRecord-Pacific-Solar-Server/System/scripts/sys-sample.sh"
2026-09-30T19:39:34-10:00job:sys_stats_cycle | SYSTEM  cpu=33%  load=6.53  mem=57%  src=sqlite
2026-09-30T19:39:34-10:00job:sys_stats_cycle | OK wrote /home/rootrecord/RootRecord-Ecosystem/2 - RootRecord-Database/System/samples/sys-20260930-193933.json
2026-09-30T19:40:14-10:00job:github_sync_all | ↑ [ecosystem] committed 14 local file(s)
2026-09-30T19:40:14-10:00job:github_sync_all | ↓ [ecosystem] fetching origin/main
2026-09-30T19:40:14-10:00job:github_sync_all | From github.com:RootRecord-Software-Solutions/RootRecord-Ecosystem
2026-09-30T19:40:14-10:00job:github_sync_all | * branch            main       -> FETCH_HEAD
2026-09-30T19:40:14-10:00job:github_sync_all | ↑ [ecosystem] local is ahead of GitHub
2026-09-30T19:40:14-10:00job:github_sync_all | To github.com:RootRecord-Software-Solutions/RootRecord-Ecosystem.git
2026-09-30T19:40:14-10:00job:github_sync_all | f01a499..3939000  HEAD -> main
2026-09-30T19:40:14-10:00job:github_sync_all | branch 'main' set up to track 'origin/main'.
2026-09-30T19:40:14-10:00job:github_sync_all | ↑ [ecosystem] 14 files → RootRecord-Software-Solutions/RootRecord-Ecosystem (main)
2026-09-30T19:40:14-10:00job:github_sync_all | ↑ [pacific] committed 8 local file(s)
2026-09-30T19:40:14-10:00job:github_sync_all | ↓ [pacific] fetching origin/main
2026-09-30T19:40:14-10:00job:github_sync_all | From github.com:RootRecord-Software-Solutions/RootRecord-Pacific-Solar-Server
2026-09-30T19:40:14-10:00job:github_sync_all | * branch            main       -> FETCH_HEAD
2026-09-30T19:40:14-10:00job:github_sync_all | ↑ [pacific] local is ahead of GitHub
2026-09-30T19:40:14-10:00job:github_sync_all | To github.com:RootRecord-Software-Solutions/RootRecord-Pacific-Solar-Server.git
2026-09-30T19:40:14-10:00job:github_sync_all | 3042ae8..d950ada  HEAD -> main
2026-09-30T19:40:14-10:00job:github_sync_all | branch 'main' set up to track 'origin/main'.
2026-09-30T19:40:14-10:00job:github_sync_all | ↑ [pacific] 8 files → RootRecord-Software-Solutions/RootRecord-Pacific-Solar-Server (main)
2026-09-30T19:40:14-10:00job:github_sync_all | ↑ [database] committed 12 local file(s)
2026-09-30T19:40:14-10:00job:github_sync_all | ↓ [database] fetching origin/main
2026-09-30T19:40:14-10:00job:github_sync_all | From github.com:RootRecord-Software-Solutions/RootRecord-Database
2026-09-30T19:40:14-10:00job:github_sync_all | * branch              main       -> FETCH_HEAD
2026-09-30T19:40:14-10:00job:github_sync_all | ↑ [database] local is ahead of GitHub
2026-09-30T19:40:14-10:00job:github_sync_all | To github.com:RootRecord-Software-Solutions/RootRecord-Database.git
2026-09-30T19:40:14-10:00job:github_sync_all | a4fa22bd..baf51ac9  HEAD -> main
2026-09-30T19:40:14-10:00job:github_sync_all | branch 'main' set up to track 'origin/main'.
2026-09-30T19:40:14-10:00job:github_sync_all | ↑ [database] 12 files → RootRecord-Software-Solutions/RootRecord-Database (main)
2026-09-30T19:40:14-10:00job:github_sync_all | ↑ [library] committed 2 local file(s)
2026-09-30T19:40:14-10:00job:github_sync_all | ↓ [library] fetching origin/main
2026-09-30T19:40:14-10:00job:github_sync_all | From github.com:RootRecord-Software-Solutions/RootRecord-Library
2026-09-30T19:40:14-10:00job:github_sync_all | * branch            main       -> FETCH_HEAD
2026-09-30T19:40:14-10:00job:github_sync_all | ↑ [library] local is ahead of GitHub
2026-09-30T19:40:14-10:00job:github_sync_all | To github.com:RootRecord-Software-Solutions/RootRecord-Library.git
2026-09-30T19:40:14-10:00job:github_sync_all | da7739b..ad86286  HEAD -> main
2026-09-30T19:40:14-10:00job:github_sync_all | branch 'main' set up to track 'origin/main'.
2026-09-30T19:40:14-10:00job:github_sync_all | ↑ [library] 2 files → RootRecord-Software-Solutions/RootRecord-Library (main)
2026-09-30T19:40:14-10:00job:worklog_scan RUN  bash "/home/rootrecord/RootRecord-Ecosystem/1 - Servers/1 - RootRecord-Pacific-Solar-Server/Reports/scripts/worklog_once.sh"
2026-09-30T19:40:18-10:00job:worklog_scan | OK wrote/updated /home/rootrecord/RootRecord-Ecosystem/2 - RootRecord-Database/Worklog/worklog_current.md
2026-09-30T19:40:18-10:00job:security_camera_frame_grab RUN  bash "/home/rootrecord/RootRecord-Ecosystem/1 - Servers/1 - RootRecord-Pacific-Solar-Server/Security/Cameras/grab_all.sh"
2026-09-30T19:40:36-10:00job:security_camera_frame_grab | 19:40:18  📷  a-eyes  ch1 → ch1-20261001T054018Z.jpg  (322.6 KB, 4.34s)
2026-09-30T19:40:36-10:00job:security_camera_frame_grab | 19:40:23  📷  a-eyes  ch2 → ch2-20261001T054023Z.jpg  (124.6 KB, 4.43s)
2026-09-30T19:40:36-10:00job:security_camera_frame_grab | 19:40:27  📷  a-eyes  ch3 → ch3-20261001T054027Z.jpg  (372.8 KB, 4.38s)
2026-09-30T19:40:36-10:00job:security_camera_frame_grab | 19:40:32  📷  a-eyes  ch4 → ch4-20261001T054032Z.jpg  (222.5 KB, 4.47s)
2026-09-30T19:40:36-10:00ENERGY  status=live  B2=67.1%  B1=89.8%  solar=0 W  ac=95 W  usbc=0 W  src=/home/rootrecord/RootRecord-Ecosystem/2 - RootRecord-Database/Energy  LAP=99%/Charging/AC
2026-09-30T19:40:53-10:00  ▸  SUMMARY=river2pro soc=89.65% solar=0W ac_out=0W usbc=44W src=ble+cloud db=ok
2026-09-30T19:40:53-10:00job:sys_stats_cycle RUN  bash "/home/rootrecord/RootRecord-Ecosystem/1 - Servers/1 - RootRecord-Pacific-Solar-Server/System/scripts/sys-sample.sh"
2026-09-30T19:40:54-10:00job:sys_stats_cycle | SYSTEM  cpu=50%  load=5.62  mem=57%  src=sqlite
2026-09-30T19:40:54-10:00job:sys_stats_cycle | OK wrote /home/rootrecord/RootRecord-Ecosystem/2 - RootRecord-Database/System/samples/sys-20260930-194053.json
2026-09-30T19:41:30-10:00job:github_sync_all | ↑ [ecosystem] committed 2 local file(s)
2026-09-30T19:41:30-10:00job:github_sync_all | ↓ [ecosystem] fetching origin/main
2026-09-30T19:41:30-10:00job:github_sync_all | From github.com:RootRecord-Software-Solutions/RootRecord-Ecosystem
2026-09-30T19:41:30-10:00job:github_sync_all | * branch            main       -> FETCH_HEAD
2026-09-30T19:41:30-10:00job:github_sync_all | ↑ [ecosystem] local is ahead of GitHub
2026-09-30T19:41:30-10:00job:github_sync_all | To github.com:RootRecord-Software-Solutions/RootRecord-Ecosystem.git
2026-09-30T19:41:30-10:00job:github_sync_all | 3939000..dfe59f9  HEAD -> main
2026-09-30T19:41:30-10:00job:github_sync_all | branch 'main' set up to track 'origin/main'.
2026-09-30T19:41:30-10:00job:github_sync_all | ↑ [ecosystem] 2 files → RootRecord-Software-Solutions/RootRecord-Ecosystem (main)
2026-09-30T19:41:30-10:00job:github_sync_all | ↑ [pacific] committed 2 local file(s)
2026-09-30T19:41:30-10:00job:github_sync_all | ↓ [pacific] fetching origin/main
2026-09-30T19:41:30-10:00job:github_sync_all | From github.com:RootRecord-Software-Solutions/RootRecord-Pacific-Solar-Server
2026-09-30T19:41:30-10:00job:github_sync_all | * branch            main       -> FETCH_HEAD
2026-09-30T19:41:30-10:00job:github_sync_all | ↑ [pacific] local is ahead of GitHub
2026-09-30T19:41:30-10:00job:github_sync_all | To github.com:RootRecord-Software-Solutions/RootRecord-Pacific-Solar-Server.git
2026-09-30T19:41:30-10:00job:github_sync_all | d950ada..ae22117  HEAD -> main
2026-09-30T19:41:30-10:00job:github_sync_all | branch 'main' set up to track 'origin/main'.
2026-09-30T19:41:30-10:00job:github_sync_all | ↑ [pacific] 2 files → RootRecord-Software-Solutions/RootRecord-Pacific-Solar-Server (main)
2026-09-30T19:41:30-10:00job:github_sync_all | ↑ [database] committed 17 local file(s)
2026-09-30T19:41:30-10:00job:github_sync_all | ↓ [database] fetching origin/main
2026-09-30T19:41:30-10:00job:github_sync_all | From github.com:RootRecord-Software-Solutions/RootRecord-Database
2026-09-30T19:41:30-10:00job:github_sync_all | * branch              main       -> FETCH_HEAD
2026-09-30T19:41:30-10:00job:github_sync_all | ↑ [database] local is ahead of GitHub
2026-09-30T19:41:30-10:00job:github_sync_all | To github.com:RootRecord-Software-Solutions/RootRecord-Database.git
2026-09-30T19:41:30-10:00job:github_sync_all | baf51ac9..fbf1b89f  HEAD -> main
2026-09-30T19:41:30-10:00job:github_sync_all | branch 'main' set up to track 'origin/main'.
2026-09-30T19:41:30-10:00job:github_sync_all | ↑ [database] 17 files → RootRecord-Software-Solutions/RootRecord-Database (main)
2026-09-30T19:41:30-10:00job:github_sync_all | — [library] no local changes
2026-09-30T19:41:30-10:00job:github_sync_all | ↓ [library] fetching origin/main
2026-09-30T19:41:30-10:00job:github_sync_all | From github.com:RootRecord-Software-Solutions/RootRecord-Library
2026-09-30T19:41:30-10:00job:github_sync_all | * branch            main       -> FETCH_HEAD
2026-09-30T19:41:30-10:00job:github_sync_all | — [library] local and GitHub already match
2026-09-30T19:41:30-10:00job:github_sync_all | — [library] nothing to push
2026-09-30T19:41:30-10:00job:security_camera_frame_grab RUN  bash "/home/rootrecord/RootRecord-Ecosystem/1 - Servers/1 - RootRecord-Pacific-Solar-Server/Security/Cameras/grab_all.sh"
2026-09-30T19:41:48-10:00job:security_camera_frame_grab | 19:41:30  📷  a-eyes  ch1 → ch1-20261001T054130Z.jpg  (322.4 KB, 4.42s)
2026-09-30T19:41:48-10:00job:security_camera_frame_grab | 19:41:35  📷  a-eyes  ch2 → ch2-20261001T054135Z.jpg  (124.5 KB, 4.18s)
2026-09-30T19:41:48-10:00job:security_camera_frame_grab | 19:41:39  📷  a-eyes  ch3 → ch3-20261001T054139Z.jpg  (368.4 KB, 4.40s)
2026-09-30T19:41:48-10:00job:security_camera_frame_grab | 19:41:43  📷  a-eyes  ch4 → ch4-20261001T054143Z.jpg  (217.0 KB, 4.60s)
2026-09-30T19:41:48-10:00job:service_supervisor RUN  bash "/home/rootrecord/RootRecord-Ecosystem/1 - Servers/1 - RootRecord-Pacific-Solar-Server/Automations/scripts/supervise-services.sh"
2026-09-30T19:41:48-10:00job:service_supervisor | [supervisor] weather alive pid=97054 764793 (act)
2026-09-30T19:41:48-10:00job:service_supervisor | [supervisor] relay alive pid=96403 (act)
2026-09-30T19:41:48-10:00job:geology_collect RUN  nice -n 10 python3 "/home/rootrecord/RootRecord-Ecosystem/1 - Servers/1 - RootRecord-Pacific-Solar-Server/Geology/scripts/geology_collect.py" all
2026-09-30T19:42:02-10:00job:geology_collect | {"ok": true, "at": "2026-09-30T19:41:48-10:00", "what": "all", "dry_run": false, "sources": {"hawaii": {"ok": true, "count": 17, "new": 0, "new_m2": 0, "ms": 588}, "global": {"ok": true, "count": 35, "new": 0, "ms": 313}, "hvo_notices": {"ok": true, "count": 44, "new": 0, "ms": 10812}, "hvo_status": {"ok": true, "volcanoes": 8, "kilauea": "WATCH", "mauna_loa": "NORMAL", "ms": 1667}}}
2026-09-30T19:42:02-10:00job:system_net_sample RUN  nice -n 10 python3 "/home/rootrecord/RootRecord-Ecosystem/1 - Servers/1 - RootRecord-Pacific-Solar-Server/System/scripts/host_desks.py" net-sample
2026-09-30T19:42:02-10:00job:system_net_sample | {"ok": true, "file": "/home/rootrecord/RootRecord-Ecosystem/2 - RootRecord-Database/System/network/Daily/net-20260930.jsonl", "iface": "wlo1", "hour": {"seconds": 3780, "rx": 330414570, "tx": 114276013, "total": 444690583, "iface": "wlo1", "link": "wireless"}, "day": null}
2026-09-30T19:42:02-10:00ENERGY  status=live  B2=67.1%  B1=89.7%  solar=0 W  ac=95 W  usbc=0 W  src=/home/rootrecord/RootRecord-Ecosystem/2 - RootRecord-Database/Energy  LAP=99%/Charging/AC
2026-09-30T19:42:17-10:00  ▸  SUMMARY=delta2 soc=64.32% solar=0W ac_out=102W usbc=0W src=ble db=ok
2026-09-30T19:42:17-10:00job:sys_stats_cycle RUN  bash "/home/rootrecord/RootRecord-Ecosystem/1 - Servers/1 - RootRecord-Pacific-Solar-Server/System/scripts/sys-sample.sh"
2026-09-30T19:42:19-10:00job:sys_stats_cycle | SYSTEM  cpu=49%  load=5.50  mem=57%  src=sqlite
2026-09-30T19:42:19-10:00job:sys_stats_cycle | OK wrote /home/rootrecord/RootRecord-Ecosystem/2 - RootRecord-Database/System/samples/sys-20260930-194218.json
2026-09-30T19:42:55-10:00job:github_sync_all | ↑ [ecosystem] committed 9 local file(s)
2026-09-30T19:42:55-10:00job:github_sync_all | ↓ [ecosystem] fetching origin/main
2026-09-30T19:42:55-10:00job:github_sync_all | From github.com:RootRecord-Software-Solutions/RootRecord-Ecosystem
2026-09-30T19:42:55-10:00job:github_sync_all | * branch            main       -> FETCH_HEAD
2026-09-30T19:42:55-10:00job:github_sync_all | ↑ [ecosystem] local is ahead of GitHub
2026-09-30T19:42:55-10:00job:github_sync_all | To github.com:RootRecord-Software-Solutions/RootRecord-Ecosystem.git
2026-09-30T19:42:55-10:00job:github_sync_all | dfe59f9..009b384  HEAD -> main
2026-09-30T19:42:55-10:00job:github_sync_all | branch 'main' set up to track 'origin/main'.
2026-09-30T19:42:55-10:00job:github_sync_all | ↑ [ecosystem] 9 files → RootRecord-Software-Solutions/RootRecord-Ecosystem (main)
2026-09-30T19:42:55-10:00job:github_sync_all | ↑ [pacific] committed 2 local file(s)
2026-09-30T19:42:55-10:00job:github_sync_all | ↓ [pacific] fetching origin/main
2026-09-30T19:42:55-10:00job:github_sync_all | From github.com:RootRecord-Software-Solutions/RootRecord-Pacific-Solar-Server
2026-09-30T19:42:55-10:00job:github_sync_all | * branch            main       -> FETCH_HEAD
2026-09-30T19:42:55-10:00job:github_sync_all | ↑ [pacific] local is ahead of GitHub
2026-09-30T19:42:55-10:00job:github_sync_all | To github.com:RootRecord-Software-Solutions/RootRecord-Pacific-Solar-Server.git
2026-09-30T19:42:55-10:00job:github_sync_all | ae22117..8e92f59  HEAD -> main
2026-09-30T19:42:55-10:00job:github_sync_all | branch 'main' set up to track 'origin/main'.
2026-09-30T19:42:55-10:00job:github_sync_all | ↑ [pacific] 2 files → RootRecord-Software-Solutions/RootRecord-Pacific-Solar-Server (main)
2026-09-30T19:42:55-10:00job:github_sync_all | ↑ [database] committed 19 local file(s)
2026-09-30T19:42:55-10:00job:github_sync_all | ↓ [database] fetching origin/main
2026-09-30T19:42:55-10:00job:github_sync_all | From github.com:RootRecord-Software-Solutions/RootRecord-Database
2026-09-30T19:42:55-10:00job:github_sync_all | * branch              main       -> FETCH_HEAD
2026-09-30T19:42:55-10:00job:github_sync_all | ↑ [database] local is ahead of GitHub
2026-09-30T19:42:55-10:00job:github_sync_all | To github.com:RootRecord-Software-Solutions/RootRecord-Database.git
2026-09-30T19:42:55-10:00job:github_sync_all | fbf1b89f..96c17d09  HEAD -> main
2026-09-30T19:42:55-10:00job:github_sync_all | branch 'main' set up to track 'origin/main'.
2026-09-30T19:42:55-10:00job:github_sync_all | ↑ [database] 19 files → RootRecord-Software-Solutions/RootRecord-Database (main)
2026-09-30T19:42:55-10:00job:github_sync_all | — [library] no local changes
2026-09-30T19:42:55-10:00job:github_sync_all | ↓ [library] fetching origin/main
2026-09-30T19:42:55-10:00job:github_sync_all | From github.com:RootRecord-Software-Solutions/RootRecord-Library
2026-09-30T19:42:55-10:00job:github_sync_all | * branch            main       -> FETCH_HEAD
2026-09-30T19:42:55-10:00job:github_sync_all | — [library] local and GitHub already match
2026-09-30T19:42:55-10:00job:github_sync_all | — [library] nothing to push
2026-09-30T19:42:55-10:00job:worklog_scan RUN  bash "/home/rootrecord/RootRecord-Ecosystem/1 - Servers/1 - RootRecord-Pacific-Solar-Server/Reports/scripts/worklog_once.sh"
2026-09-30T19:43:07-10:00job:worklog_scan | OK wrote/updated /home/rootrecord/RootRecord-Ecosystem/2 - RootRecord-Database/Worklog/worklog_current.md
2026-09-30T19:43:07-10:00job:security_camera_frame_grab RUN  bash "/home/rootrecord/RootRecord-Ecosystem/1 - Servers/1 - RootRecord-Pacific-Solar-Server/Security/Cameras/grab_all.sh"
2026-09-30T19:43:24-10:00job:security_camera_frame_grab | 19:43:07  📷  a-eyes  ch1 → ch1-20261001T054307Z.jpg  (321.5 KB, 4.32s)
2026-09-30T19:43:24-10:00job:security_camera_frame_grab | 19:43:11  📷  a-eyes  ch2 → ch2-20261001T054311Z.jpg  (123.4 KB, 4.47s)
2026-09-30T19:43:24-10:00job:security_camera_frame_grab | 19:43:16  📷  a-eyes  ch3 → ch3-20261001T054316Z.jpg  (362.4 KB, 4.23s)
2026-09-30T19:43:24-10:00job:security_camera_frame_grab | 19:43:20  📷  a-eyes  ch4 → ch4-20261001T054320Z.jpg  (217.7 KB, 4.29s)
2026-09-30T19:43:25-10:00ENERGY  status=live  B2=64.3%  B1=89.7%  solar=0 W  ac=102 W  usbc=0 W  src=/home/rootrecord/RootRecord-Ecosystem/2 - RootRecord-Database/Energy  LAP=99%/Charging/AC
2026-09-30T19:43:41-10:00  ▸  SUMMARY=river2pro soc=89.34% solar=0W ac_out=0W usbc=47W src=ble+cloud db=ok
2026-09-30T19:43:41-10:00job:sys_stats_cycle RUN  bash "/home/rootrecord/RootRecord-Ecosystem/1 - Servers/1 - RootRecord-Pacific-Solar-Server/System/scripts/sys-sample.sh"
2026-09-30T19:43:42-10:00job:sys_stats_cycle | SYSTEM  cpu=30%  load=5.70  mem=55%  src=sqlite
2026-09-30T19:43:42-10:00job:sys_stats_cycle | OK wrote /home/rootrecord/RootRecord-Ecosystem/2 - RootRecord-Database/System/samples/sys-20260930-194342.json
2026-09-30T19:44:12-10:00job:github_sync_all | — [ecosystem] no committable local changes
2026-09-30T19:44:12-10:00job:github_sync_all | ↓ [ecosystem] fetching origin/main
2026-09-30T19:44:12-10:00job:github_sync_all | From github.com:RootRecord-Software-Solutions/RootRecord-Ecosystem
2026-09-30T19:44:12-10:00job:github_sync_all | * branch            main       -> FETCH_HEAD
2026-09-30T19:44:12-10:00job:github_sync_all | — [ecosystem] local and GitHub already match
2026-09-30T19:44:12-10:00job:github_sync_all | — [ecosystem] nothing to push
2026-09-30T19:44:12-10:00job:github_sync_all | — [pacific] no local changes
2026-09-30T19:44:12-10:00job:github_sync_all | ↓ [pacific] fetching origin/main
2026-09-30T19:44:12-10:00job:github_sync_all | From github.com:RootRecord-Software-Solutions/RootRecord-Pacific-Solar-Server
2026-09-30T19:44:12-10:00job:github_sync_all | * branch            main       -> FETCH_HEAD
2026-09-30T19:44:12-10:00job:github_sync_all | — [pacific] local and GitHub already match
2026-09-30T19:44:12-10:00job:github_sync_all | — [pacific] nothing to push
2026-09-30T19:44:12-10:00job:github_sync_all | ↑ [database] committed 15 local file(s)
2026-09-30T19:44:12-10:00job:github_sync_all | ↓ [database] fetching origin/main
2026-09-30T19:44:12-10:00job:github_sync_all | From github.com:RootRecord-Software-Solutions/RootRecord-Database
2026-09-30T19:44:12-10:00job:github_sync_all | * branch              main       -> FETCH_HEAD
2026-09-30T19:44:12-10:00job:github_sync_all | ↑ [database] local is ahead of GitHub
2026-09-30T19:44:12-10:00job:github_sync_all | To github.com:RootRecord-Software-Solutions/RootRecord-Database.git
2026-09-30T19:44:12-10:00job:github_sync_all | 96c17d09..bc8cf596  HEAD -> main
2026-09-30T19:44:12-10:00job:github_sync_all | branch 'main' set up to track 'origin/main'.
2026-09-30T19:44:12-10:00job:github_sync_all | ↑ [database] 15 files → RootRecord-Software-Solutions/RootRecord-Database (main)
2026-09-30T19:44:12-10:00job:github_sync_all | — [library] no local changes
2026-09-30T19:44:12-10:00job:github_sync_all | ↓ [library] fetching origin/main
2026-09-30T19:44:12-10:00job:github_sync_all | From github.com:RootRecord-Software-Solutions/RootRecord-Library
2026-09-30T19:44:12-10:00job:github_sync_all | * branch            main       -> FETCH_HEAD
2026-09-30T19:44:12-10:00job:github_sync_all | — [library] local and GitHub already match
2026-09-30T19:44:12-10:00job:github_sync_all | — [library] nothing to push
2026-09-30T19:44:12-10:00job:security_camera_frame_grab RUN  bash "/home/rootrecord/RootRecord-Ecosystem/1 - Servers/1 - RootRecord-Pacific-Solar-Server/Security/Cameras/grab_all.sh"
2026-09-30T19:44:30-10:00job:security_camera_frame_grab | 19:44:12  📷  a-eyes  ch1 → ch1-20261001T054412Z.jpg  (322.2 KB, 4.48s)
2026-09-30T19:44:30-10:00job:security_camera_frame_grab | 19:44:17  📷  a-eyes  ch2 → ch2-20261001T054417Z.jpg  (122.7 KB, 4.38s)
2026-09-30T19:44:30-10:00job:security_camera_frame_grab | 19:44:21  📷  a-eyes  ch3 → ch3-20261001T054421Z.jpg  (362.0 KB, 4.36s)
2026-09-30T19:44:30-10:00job:security_camera_frame_grab | 19:44:26  📷  a-eyes  ch4 → ch4-20261001T054426Z.jpg  (221.5 KB, 4.38s)
2026-09-30T19:44:30-10:00ENERGY  status=live  B2=64.3%  B1=89.3%  solar=0 W  ac=102 W  usbc=0 W  src=/home/rootrecord/RootRecord-Ecosystem/2 - RootRecord-Database/Energy  LAP=99%/Charging/AC
2026-09-30T19:44:45-10:00  ▸  SUMMARY=delta2 soc=63.72% solar=0W ac_out=92W usbc=0W src=ble db=ok
2026-09-30T19:44:45-10:00job:sys_stats_cycle RUN  bash "/home/rootrecord/RootRecord-Ecosystem/1 - Servers/1 - RootRecord-Pacific-Solar-Server/System/scripts/sys-sample.sh"
2026-09-30T19:44:46-10:00job:sys_stats_cycle | SYSTEM  cpu=40%  load=5.16  mem=55%  src=sqlite
2026-09-30T19:44:46-10:00job:sys_stats_cycle | OK wrote /home/rootrecord/RootRecord-Ecosystem/2 - RootRecord-Database/System/samples/sys-20260930-194446.json
2026-09-30T19:45:18-10:00job:github_sync_all | — [ecosystem] no committable local changes
2026-09-30T19:45:18-10:00job:github_sync_all | ↓ [ecosystem] fetching origin/main
2026-09-30T19:45:18-10:00job:github_sync_all | From github.com:RootRecord-Software-Solutions/RootRecord-Ecosystem
2026-09-30T19:45:18-10:00job:github_sync_all | * branch            main       -> FETCH_HEAD
2026-09-30T19:45:18-10:00job:github_sync_all | — [ecosystem] local and GitHub already match
2026-09-30T19:45:18-10:00job:github_sync_all | — [ecosystem] nothing to push
2026-09-30T19:45:18-10:00job:github_sync_all | — [pacific] no local changes
2026-09-30T19:45:18-10:00job:github_sync_all | ↓ [pacific] fetching origin/main
2026-09-30T19:45:18-10:00job:github_sync_all | From github.com:RootRecord-Software-Solutions/RootRecord-Pacific-Solar-Server
2026-09-30T19:45:18-10:00job:github_sync_all | * branch            main       -> FETCH_HEAD
2026-09-30T19:45:18-10:00job:github_sync_all | — [pacific] local and GitHub already match
2026-09-30T19:45:18-10:00job:github_sync_all | — [pacific] nothing to push
2026-09-30T19:45:18-10:00job:github_sync_all | ↑ [database] committed 12 local file(s)
2026-09-30T19:45:18-10:00job:github_sync_all | ↓ [database] fetching origin/main
2026-09-30T19:45:18-10:00job:github_sync_all | From github.com:RootRecord-Software-Solutions/RootRecord-Database
2026-09-30T19:45:18-10:00job:github_sync_all | * branch              main       -> FETCH_HEAD
2026-09-30T19:45:18-10:00job:github_sync_all | ↑ [database] local is ahead of GitHub
2026-09-30T19:45:18-10:00job:github_sync_all | To github.com:RootRecord-Software-Solutions/RootRecord-Database.git
2026-09-30T19:45:18-10:00job:github_sync_all | bc8cf596..8c779864  HEAD -> main
2026-09-30T19:45:18-10:00job:github_sync_all | branch 'main' set up to track 'origin/main'.
2026-09-30T19:45:18-10:00job:github_sync_all | ↑ [database] 12 files → RootRecord-Software-Solutions/RootRecord-Database (main)
2026-09-30T19:45:18-10:00job:github_sync_all | — [library] no local changes
2026-09-30T19:45:18-10:00job:github_sync_all | ↓ [library] fetching origin/main
2026-09-30T19:45:18-10:00job:github_sync_all | From github.com:RootRecord-Software-Solutions/RootRecord-Library
2026-09-30T19:45:18-10:00job:github_sync_all | * branch            main       -> FETCH_HEAD
2026-09-30T19:45:18-10:00job:github_sync_all | — [library] local and GitHub already match
2026-09-30T19:45:18-10:00job:github_sync_all | — [library] nothing to push
2026-09-30T19:45:18-10:00job:worklog_scan RUN  bash "/home/rootrecord/RootRecord-Ecosystem/1 - Servers/1 - RootRecord-Pacific-Solar-Server/Reports/scripts/worklog_once.sh"
2026-09-30T19:45:22-10:00job:worklog_scan | OK wrote/updated /home/rootrecord/RootRecord-Ecosystem/2 - RootRecord-Database/Worklog/worklog_current.md
2026-09-30T19:45:22-10:00job:security_camera_frame_grab RUN  bash "/home/rootrecord/RootRecord-Ecosystem/1 - Servers/1 - RootRecord-Pacific-Solar-Server/Security/Cameras/grab_all.sh"
2026-09-30T19:45:41-10:00job:security_camera_frame_grab | 19:45:22  📷  a-eyes  ch1 → ch1-20261001T054522Z.jpg  (322.3 KB, 4.57s)
2026-09-30T19:45:41-10:00job:security_camera_frame_grab | 19:45:27  📷  a-eyes  ch2 → ch2-20261001T054527Z.jpg  (122.9 KB, 4.54s)
2026-09-30T19:45:41-10:00job:security_camera_frame_grab | 19:45:32  📷  a-eyes  ch3 → ch3-20261001T054532Z.jpg  (363.2 KB, 4.50s)
2026-09-30T19:45:41-10:00job:security_camera_frame_grab | 19:45:36  📷  a-eyes  ch4 → ch4-20261001T054536Z.jpg  (217.2 KB, 4.49s)
2026-09-30T19:45:41-10:00ENERGY  status=live  B2=63.7%  B1=89.3%  solar=0 W  ac=92 W  usbc=0 W  src=/home/rootrecord/RootRecord-Ecosystem/2 - RootRecord-Database/Energy  LAP=99%/Charging/AC
2026-09-30T19:45:56-10:00  ▸  SUMMARY=delta2 soc=63.51% solar=0W ac_out=92W usbc=0W src=ble db=ok
2026-09-30T19:45:56-10:00job:sys_stats_cycle RUN  bash "/home/rootrecord/RootRecord-Ecosystem/1 - Servers/1 - RootRecord-Pacific-Solar-Server/System/scripts/sys-sample.sh"
2026-09-30T19:45:57-10:00job:sys_stats_cycle | SYSTEM  cpu=18%  load=3.70  mem=55%  src=sqlite
2026-09-30T19:45:57-10:00job:sys_stats_cycle | OK wrote /home/rootrecord/RootRecord-Ecosystem/2 - RootRecord-Database/System/samples/sys-20260930-194557.json
2026-09-30T19:46:36-10:00job:github_sync_all | ↑ [ecosystem] committed 7 local file(s)
2026-09-30T19:46:36-10:00job:github_sync_all | ↓ [ecosystem] fetching origin/main
2026-09-30T19:46:36-10:00job:github_sync_all | From github.com:RootRecord-Software-Solutions/RootRecord-Ecosystem
2026-09-30T19:46:36-10:00job:github_sync_all | * branch            main       -> FETCH_HEAD
2026-09-30T19:46:36-10:00job:github_sync_all | ↑ [ecosystem] local is ahead of GitHub
2026-09-30T19:46:36-10:00job:github_sync_all | To github.com:RootRecord-Software-Solutions/RootRecord-Ecosystem.git
2026-09-30T19:46:36-10:00job:github_sync_all | 009b384..fbb4b77  HEAD -> main
2026-09-30T19:46:36-10:00job:github_sync_all | branch 'main' set up to track 'origin/main'.
2026-09-30T19:46:36-10:00job:github_sync_all | ↑ [ecosystem] 7 files → RootRecord-Software-Solutions/RootRecord-Ecosystem (main)
2026-09-30T19:46:36-10:00job:github_sync_all | ↑ [pacific] committed 4 local file(s)
2026-09-30T19:46:36-10:00job:github_sync_all | ↓ [pacific] fetching origin/main
2026-09-30T19:46:36-10:00job:github_sync_all | From github.com:RootRecord-Software-Solutions/RootRecord-Pacific-Solar-Server
2026-09-30T19:46:36-10:00job:github_sync_all | * branch            main       -> FETCH_HEAD
2026-09-30T19:46:36-10:00job:github_sync_all | ↑ [pacific] local is ahead of GitHub
2026-09-30T19:46:36-10:00job:github_sync_all | To github.com:RootRecord-Software-Solutions/RootRecord-Pacific-Solar-Server.git
2026-09-30T19:46:36-10:00job:github_sync_all | 8e92f59..73e5a52  HEAD -> main
2026-09-30T19:46:36-10:00job:github_sync_all | branch 'main' set up to track 'origin/main'.
2026-09-30T19:46:36-10:00job:github_sync_all | ↑ [pacific] 4 files → RootRecord-Software-Solutions/RootRecord-Pacific-Solar-Server (main)
2026-09-30T19:46:36-10:00job:github_sync_all | ↑ [database] committed 17 local file(s)
2026-09-30T19:46:36-10:00job:github_sync_all | ↓ [database] fetching origin/main
2026-09-30T19:46:36-10:00job:github_sync_all | From github.com:RootRecord-Software-Solutions/RootRecord-Database
2026-09-30T19:46:36-10:00job:github_sync_all | * branch              main       -> FETCH_HEAD
2026-09-30T19:46:36-10:00job:github_sync_all | ↑ [database] local is ahead of GitHub
2026-09-30T19:46:36-10:00job:github_sync_all | To github.com:RootRecord-Software-Solutions/RootRecord-Database.git
2026-09-30T19:46:36-10:00job:github_sync_all | 8c779864..32c7e042  HEAD -> main
2026-09-30T19:46:36-10:00job:github_sync_all | branch 'main' set up to track 'origin/main'.
2026-09-30T19:46:36-10:00job:github_sync_all | ↑ [database] 17 files → RootRecord-Software-Solutions/RootRecord-Database (main)
2026-09-30T19:46:36-10:00job:github_sync_all | ↑ [library] committed 3 local file(s)
2026-09-30T19:46:36-10:00job:github_sync_all | ↓ [library] fetching origin/main
2026-09-30T19:46:36-10:00job:github_sync_all | From github.com:RootRecord-Software-Solutions/RootRecord-Library
2026-09-30T19:46:36-10:00job:github_sync_all | * branch            main       -> FETCH_HEAD
2026-09-30T19:46:36-10:00job:github_sync_all | ↑ [library] local is ahead of GitHub
2026-09-30T19:46:36-10:00job:github_sync_all | To github.com:RootRecord-Software-Solutions/RootRecord-Library.git
2026-09-30T19:46:36-10:00job:github_sync_all | ad86286..237b17b  HEAD -> main
2026-09-30T19:46:36-10:00job:github_sync_all | branch 'main' set up to track 'origin/main'.
2026-09-30T19:46:36-10:00job:github_sync_all | ↑ [library] 3 files → RootRecord-Software-Solutions/RootRecord-Library (main)
2026-09-30T19:46:36-10:00job:security_camera_frame_grab RUN  bash "/home/rootrecord/RootRecord-Ecosystem/1 - Servers/1 - RootRecord-Pacific-Solar-Server/Security/Cameras/grab_all.sh"
2026-09-30T19:46:54-10:00job:security_camera_frame_grab | 19:46:36  📷  a-eyes  ch1 → ch1-20261001T054636Z.jpg  (322.0 KB, 4.42s)
2026-09-30T19:46:54-10:00job:security_camera_frame_grab | 19:46:40  📷  a-eyes  ch2 → ch2-20261001T054640Z.jpg  (123.8 KB, 4.58s)
2026-09-30T19:46:54-10:00job:security_camera_frame_grab | 19:46:45  📷  a-eyes  ch3 → ch3-20261001T054645Z.jpg  (370.8 KB, 4.67s)
2026-09-30T19:46:54-10:00job:security_camera_frame_grab | 19:46:49  📷  a-eyes  ch4 → ch4-20261001T054649Z.jpg  (223.2 KB, 4.46s)
2026-09-30T19:46:54-10:00job:service_supervisor RUN  bash "/home/rootrecord/RootRecord-Ecosystem/1 - Servers/1 - RootRecord-Pacific-Solar-Server/Automations/scripts/supervise-services.sh"
2026-09-30T19:46:54-10:00job:service_supervisor | [supervisor] weather alive pid=97054 764793 (act)
2026-09-30T19:46:54-10:00job:service_supervisor | [supervisor] relay alive pid=96403 (act)
2026-09-30T19:46:54-10:00job:geology_collect RUN  nice -n 10 python3 "/home/rootrecord/RootRecord-Ecosystem/1 - Servers/1 - RootRecord-Pacific-Solar-Server/Geology/scripts/geology_collect.py" all
2026-09-30T19:46:57-10:00job:geology_collect | {"ok": true, "at": "2026-09-30T19:46:54-10:00", "what": "all", "dry_run": false, "sources": {"hawaii": {"ok": true, "count": 17, "new": 0, "new_m2": 0, "ms": 1009}, "global": {"ok": true, "count": 36, "new": 1, "ms": 311}, "hvo_notices": {"ok": true, "count": 44, "new": 0, "ms": 808}, "hvo_status": {"ok": true, "volcanoes": 8, "kilauea": "WATCH", "mauna_loa": "NORMAL", "ms": 515}}}
2026-09-30T19:46:57-10:00job:system_net_sample RUN  nice -n 10 python3 "/home/rootrecord/RootRecord-Ecosystem/1 - Servers/1 - RootRecord-Pacific-Solar-Server/System/scripts/host_desks.py" net-sample
2026-09-30T19:46:57-10:00job:system_net_sample | {"ok": true, "file": "/home/rootrecord/RootRecord-Ecosystem/2 - RootRecord-Database/System/network/Daily/net-20260930.jsonl", "iface": "wlo1", "hour": {"seconds": 3700, "rx": 316085679, "tx": 119867123, "total": 435952802, "iface": "wlo1", "link": "wireless"}, "day": null}
2026-09-30T19:46:57-10:00job:voice_energy_report RUN  nice -n 10 python3 "/home/rootrecord/RootRecord-Ecosystem/1 - Servers/1 - RootRecord-Pacific-Solar-Server/Media/Voice/scripts/voice_reports.py" energy_report
2026-09-30T19:46:57-10:00job:voice_energy_report | {"ok": true, "report": "energy_report", "md": "/home/rootrecord/RootRecord-Ecosystem/test-reports/Voice/energy_report_current.md", "sentences": 4, "voice": {"ok": true, "skipped": true, "detail": "blended into the hourly solar desk; this run refreshes the camera look"}}
2026-09-30T19:46:58-10:00ENERGY  status=live  B2=63.5%  B1=89.3%  solar=0 W  ac=92 W  usbc=0 W  src=/home/rootrecord/RootRecord-Ecosystem/2 - RootRecord-Database/Energy  LAP=99%/Charging/AC
2026-09-30T19:47:14-10:00  ▸  SUMMARY=river2pro soc=89.02% solar=0W ac_out=0W usbc=32W src=ble+cloud db=ok
2026-09-30T19:47:14-10:00job:sys_stats_cycle RUN  bash "/home/rootrecord/RootRecord-Ecosystem/1 - Servers/1 - RootRecord-Pacific-Solar-Server/System/scripts/sys-sample.sh"
2026-09-30T19:47:16-10:00job:sys_stats_cycle | SYSTEM  cpu=62%  load=3.72  mem=55%  src=sqlite
2026-09-30T19:47:16-10:00job:sys_stats_cycle | OK wrote /home/rootrecord/RootRecord-Ecosystem/2 - RootRecord-Database/System/samples/sys-20260930-194715.json
2026-09-30T19:47:51-10:00job:github_sync_all | ↑ [ecosystem] committed 13 local file(s)
2026-09-30T19:47:51-10:00job:github_sync_all | ↓ [ecosystem] fetching origin/main
2026-09-30T19:47:51-10:00job:github_sync_all | From github.com:RootRecord-Software-Solutions/RootRecord-Ecosystem
2026-09-30T19:47:51-10:00job:github_sync_all | * branch            main       -> FETCH_HEAD
2026-09-30T19:47:51-10:00job:github_sync_all | ↑ [ecosystem] local is ahead of GitHub
2026-09-30T19:47:51-10:00job:github_sync_all | To github.com:RootRecord-Software-Solutions/RootRecord-Ecosystem.git
2026-09-30T19:47:51-10:00job:github_sync_all | fbb4b77..917f7cd  HEAD -> main
2026-09-30T19:47:51-10:00job:github_sync_all | branch 'main' set up to track 'origin/main'.
2026-09-30T19:47:51-10:00job:github_sync_all | ↑ [ecosystem] 13 files → RootRecord-Software-Solutions/RootRecord-Ecosystem (main)
2026-09-30T19:47:51-10:00job:github_sync_all | ↑ [pacific] committed 1 local file(s)
2026-09-30T19:47:51-10:00job:github_sync_all | ↓ [pacific] fetching origin/main
2026-09-30T19:47:51-10:00job:github_sync_all | From github.com:RootRecord-Software-Solutions/RootRecord-Pacific-Solar-Server
2026-09-30T19:47:51-10:00job:github_sync_all | * branch            main       -> FETCH_HEAD
2026-09-30T19:47:51-10:00job:github_sync_all | ↑ [pacific] local is ahead of GitHub
2026-09-30T19:47:51-10:00job:github_sync_all | To github.com:RootRecord-Software-Solutions/RootRecord-Pacific-Solar-Server.git
2026-09-30T19:47:51-10:00job:github_sync_all | 73e5a52..4b97818  HEAD -> main
2026-09-30T19:47:51-10:00job:github_sync_all | branch 'main' set up to track 'origin/main'.
2026-09-30T19:47:51-10:00job:github_sync_all | ↑ [pacific] 1 files → RootRecord-Software-Solutions/RootRecord-Pacific-Solar-Server (main)
2026-09-30T19:47:51-10:00job:github_sync_all | ↑ [database] committed 20 local file(s)
2026-09-30T19:47:51-10:00job:github_sync_all | ↓ [database] fetching origin/main
2026-09-30T19:47:51-10:00job:github_sync_all | From github.com:RootRecord-Software-Solutions/RootRecord-Database
2026-09-30T19:47:51-10:00job:github_sync_all | * branch              main       -> FETCH_HEAD
2026-09-30T19:47:51-10:00job:github_sync_all | ↑ [database] local is ahead of GitHub
2026-09-30T19:47:51-10:00job:github_sync_all | To github.com:RootRecord-Software-Solutions/RootRecord-Database.git
2026-09-30T19:47:51-10:00job:github_sync_all | 32c7e042..3efc198f  HEAD -> main
2026-09-30T19:47:51-10:00job:github_sync_all | branch 'main' set up to track 'origin/main'.
2026-09-30T19:47:51-10:00job:github_sync_all | ↑ [database] 20 files → RootRecord-Software-Solutions/RootRecord-Database (main)
2026-09-30T19:47:51-10:00job:github_sync_all | — [library] no local changes
2026-09-30T19:47:51-10:00job:github_sync_all | ↓ [library] fetching origin/main
2026-09-30T19:47:51-10:00job:github_sync_all | From github.com:RootRecord-Software-Solutions/RootRecord-Library
2026-09-30T19:47:51-10:00job:github_sync_all | * branch            main       -> FETCH_HEAD
2026-09-30T19:47:51-10:00job:github_sync_all | — [library] local and GitHub already match
2026-09-30T19:47:51-10:00job:github_sync_all | — [library] nothing to push
2026-09-30T19:47:51-10:00job:worklog_scan RUN  bash "/home/rootrecord/RootRecord-Ecosystem/1 - Servers/1 - RootRecord-Pacific-Solar-Server/Reports/scripts/worklog_once.sh"
2026-09-30T19:47:55-10:00job:worklog_scan | OK wrote/updated /home/rootrecord/RootRecord-Ecosystem/2 - RootRecord-Database/Worklog/worklog_current.md
2026-09-30T19:47:55-10:00job:security_camera_frame_grab RUN  bash "/home/rootrecord/RootRecord-Ecosystem/1 - Servers/1 - RootRecord-Pacific-Solar-Server/Security/Cameras/grab_all.sh"
2026-09-30T19:48:13-10:00job:security_camera_frame_grab | 19:47:55  📷  a-eyes  ch1 → ch1-20261001T054755Z.jpg  (321.8 KB, 4.38s)
2026-09-30T19:48:13-10:00job:security_camera_frame_grab | 19:48:00  📷  a-eyes  ch2 → ch2-20261001T054800Z.jpg  (122.8 KB, 4.35s)
2026-09-30T19:48:13-10:00job:security_camera_frame_grab | 19:48:04  📷  a-eyes  ch3 → ch3-20261001T054804Z.jpg  (367.7 KB, 4.37s)
2026-09-30T19:48:13-10:00job:security_camera_frame_grab | 19:48:09  📷  a-eyes  ch4 → ch4-20261001T054809Z.jpg  (219.2 KB, 4.46s)
2026-09-30T19:48:13-10:00ENERGY  status=live  B2=63.5%  B1=89.0%  solar=0 W  ac=92 W  usbc=0 W  src=/home/rootrecord/RootRecord-Ecosystem/2 - RootRecord-Database/Energy  LAP=99%/Charging/AC
2026-09-30T19:48:28-10:00  ▸  SUMMARY=delta2 soc=62.91% solar=0W ac_out=78W usbc=0W src=ble db=ok
2026-09-30T19:48:28-10:00job:sys_stats_cycle RUN  bash "/home/rootrecord/RootRecord-Ecosystem/1 - Servers/1 - RootRecord-Pacific-Solar-Server/System/scripts/sys-sample.sh"
2026-09-30T19:48:30-10:00job:sys_stats_cycle | SYSTEM  cpu=18%  load=3.08  mem=55%  src=sqlite
2026-09-30T19:48:30-10:00job:sys_stats_cycle | OK wrote /home/rootrecord/RootRecord-Ecosystem/2 - RootRecord-Database/System/samples/sys-20260930-194829.json
2026-09-30T19:48:59-10:00job:github_sync_all | — [ecosystem] no committable local changes
2026-09-30T19:48:59-10:00job:github_sync_all | ↓ [ecosystem] fetching origin/main
2026-09-30T19:48:59-10:00job:github_sync_all | From github.com:RootRecord-Software-Solutions/RootRecord-Ecosystem
2026-09-30T19:48:59-10:00job:github_sync_all | * branch            main       -> FETCH_HEAD
2026-09-30T19:48:59-10:00job:github_sync_all | — [ecosystem] local and GitHub already match
2026-09-30T19:48:59-10:00job:github_sync_all | — [ecosystem] nothing to push
2026-09-30T19:48:59-10:00job:github_sync_all | — [pacific] no local changes
2026-09-30T19:48:59-10:00job:github_sync_all | ↓ [pacific] fetching origin/main
2026-09-30T19:48:59-10:00job:github_sync_all | From github.com:RootRecord-Software-Solutions/RootRecord-Pacific-Solar-Server
2026-09-30T19:48:59-10:00job:github_sync_all | * branch            main       -> FETCH_HEAD
2026-09-30T19:48:59-10:00job:github_sync_all | — [pacific] local and GitHub already match
2026-09-30T19:48:59-10:00job:github_sync_all | — [pacific] nothing to push
2026-09-30T19:48:59-10:00job:github_sync_all | ↑ [database] committed 16 local file(s)
2026-09-30T19:48:59-10:00job:github_sync_all | ↓ [database] fetching origin/main
2026-09-30T19:48:59-10:00job:github_sync_all | From github.com:RootRecord-Software-Solutions/RootRecord-Database
2026-09-30T19:48:59-10:00job:github_sync_all | * branch              main       -> FETCH_HEAD
2026-09-30T19:48:59-10:00job:github_sync_all | ↑ [database] local is ahead of GitHub
2026-09-30T19:48:59-10:00job:github_sync_all | To github.com:RootRecord-Software-Solutions/RootRecord-Database.git
2026-09-30T19:48:59-10:00job:github_sync_all | 3efc198f..d2e882e6  HEAD -> main
2026-09-30T19:48:59-10:00job:github_sync_all | branch 'main' set up to track 'origin/main'.
2026-09-30T19:48:59-10:00job:github_sync_all | ↑ [database] 16 files → RootRecord-Software-Solutions/RootRecord-Database (main)
2026-09-30T19:48:59-10:00job:github_sync_all | — [library] no local changes
2026-09-30T19:48:59-10:00job:github_sync_all | ↓ [library] fetching origin/main
2026-09-30T19:48:59-10:00job:github_sync_all | From github.com:RootRecord-Software-Solutions/RootRecord-Library
2026-09-30T19:48:59-10:00job:github_sync_all | * branch            main       -> FETCH_HEAD
2026-09-30T19:48:59-10:00job:github_sync_all | — [library] local and GitHub already match
2026-09-30T19:48:59-10:00job:github_sync_all | — [library] nothing to push
2026-09-30T19:48:59-10:00job:security_camera_frame_grab RUN  bash "/home/rootrecord/RootRecord-Ecosystem/1 - Servers/1 - RootRecord-Pacific-Solar-Server/Security/Cameras/grab_all.sh"
2026-09-30T19:49:17-10:00job:security_camera_frame_grab | 19:48:59  📷  a-eyes  ch1 → ch1-20261001T054859Z.jpg  (321.9 KB, 4.40s)
2026-09-30T19:49:17-10:00job:security_camera_frame_grab | 19:49:03  📷  a-eyes  ch2 → ch2-20261001T054903Z.jpg  (123.7 KB, 4.37s)
2026-09-30T19:49:17-10:00job:security_camera_frame_grab | 19:49:08  📷  a-eyes  ch3 → ch3-20261001T054908Z.jpg  (372.0 KB, 4.37s)
2026-09-30T19:49:17-10:00job:security_camera_frame_grab | 19:49:12  📷  a-eyes  ch4 → ch4-20261001T054912Z.jpg  (232.7 KB, 4.66s)
2026-09-30T19:49:17-10:00ENERGY  status=live  B2=62.9%  B1=89.0%  solar=0 W  ac=78 W  usbc=0 W  src=/home/rootrecord/RootRecord-Ecosystem/2 - RootRecord-Database/Energy  LAP=99%/Charging/AC
2026-09-30T19:49:33-10:00  ▸  SUMMARY=river2pro soc=88.83% solar=0W ac_out=0W usbc=29W src=ble+cloud db=ok
2026-09-30T19:49:33-10:00job:sys_stats_cycle RUN  bash "/home/rootrecord/RootRecord-Ecosystem/1 - Servers/1 - RootRecord-Pacific-Solar-Server/System/scripts/sys-sample.sh"
2026-09-30T19:49:35-10:00job:sys_stats_cycle | SYSTEM  cpu=16%  load=3.14  mem=56%  src=sqlite
2026-09-30T19:49:35-10:00job:sys_stats_cycle | OK wrote /home/rootrecord/RootRecord-Ecosystem/2 - RootRecord-Database/System/samples/sys-20260930-194934.json
2026-09-30T19:50:22-10:00job:github_sync_all | ↑ [ecosystem] committed 4 local file(s)
2026-09-30T19:50:22-10:00job:github_sync_all | ↓ [ecosystem] fetching origin/main
2026-09-30T19:50:22-10:00job:github_sync_all | From github.com:RootRecord-Software-Solutions/RootRecord-Ecosystem
2026-09-30T19:50:22-10:00job:github_sync_all | * branch            main       -> FETCH_HEAD
2026-09-30T19:50:22-10:00job:github_sync_all | ↑ [ecosystem] local is ahead of GitHub
2026-09-30T19:50:22-10:00job:github_sync_all | To github.com:RootRecord-Software-Solutions/RootRecord-Ecosystem.git
2026-09-30T19:50:22-10:00job:github_sync_all | 917f7cd..7c0c430  HEAD -> main
2026-09-30T19:50:22-10:00job:github_sync_all | branch 'main' set up to track 'origin/main'.
2026-09-30T19:50:22-10:00job:github_sync_all | ↑ [ecosystem] 4 files → RootRecord-Software-Solutions/RootRecord-Ecosystem (main)
2026-09-30T19:50:22-10:00job:github_sync_all | ↑ [pacific] committed 5 local file(s)
2026-09-30T19:50:22-10:00job:github_sync_all | ↓ [pacific] fetching origin/main
2026-09-30T19:50:22-10:00job:github_sync_all | From github.com:RootRecord-Software-Solutions/RootRecord-Pacific-Solar-Server
2026-09-30T19:50:22-10:00job:github_sync_all | * branch            main       -> FETCH_HEAD
2026-09-30T19:50:22-10:00job:github_sync_all | ↑ [pacific] local is ahead of GitHub
2026-09-30T19:50:22-10:00job:github_sync_all | To github.com:RootRecord-Software-Solutions/RootRecord-Pacific-Solar-Server.git
2026-09-30T19:50:22-10:00job:github_sync_all | 4b97818..2f9a06b  HEAD -> main
2026-09-30T19:50:22-10:00job:github_sync_all | branch 'main' set up to track 'origin/main'.
2026-09-30T19:50:22-10:00job:github_sync_all | ↑ [pacific] 5 files → RootRecord-Software-Solutions/RootRecord-Pacific-Solar-Server (main)
2026-09-30T19:50:22-10:00job:github_sync_all | ↑ [database] committed 12 local file(s)
2026-09-30T19:50:22-10:00job:github_sync_all | ↓ [database] fetching origin/main
2026-09-30T19:50:22-10:00job:github_sync_all | From github.com:RootRecord-Software-Solutions/RootRecord-Database
2026-09-30T19:50:22-10:00job:github_sync_all | * branch              main       -> FETCH_HEAD
2026-09-30T19:50:22-10:00job:github_sync_all | ↑ [database] local is ahead of GitHub
2026-09-30T19:50:22-10:00job:github_sync_all | To github.com:RootRecord-Software-Solutions/RootRecord-Database.git
2026-09-30T19:50:22-10:00job:github_sync_all | d2e882e6..7376159b  HEAD -> main
2026-09-30T19:50:22-10:00job:github_sync_all | branch 'main' set up to track 'origin/main'.
2026-09-30T19:50:22-10:00job:github_sync_all | ↑ [database] 12 files → RootRecord-Software-Solutions/RootRecord-Database (main)
2026-09-30T19:50:22-10:00job:github_sync_all | ↑ [library] committed 1 local file(s)
2026-09-30T19:50:22-10:00job:github_sync_all | ↓ [library] fetching origin/main
2026-09-30T19:50:22-10:00job:github_sync_all | From github.com:RootRecord-Software-Solutions/RootRecord-Library
2026-09-30T19:50:22-10:00job:github_sync_all | * branch            main       -> FETCH_HEAD
2026-09-30T19:50:22-10:00job:github_sync_all | ↑ [library] local is ahead of GitHub
2026-09-30T19:50:22-10:00job:github_sync_all | To github.com:RootRecord-Software-Solutions/RootRecord-Library.git
2026-09-30T19:50:22-10:00job:github_sync_all | 237b17b..2027e32  HEAD -> main
2026-09-30T19:50:22-10:00job:github_sync_all | branch 'main' set up to track 'origin/main'.
2026-09-30T19:50:22-10:00job:github_sync_all | ↑ [library] 1 files → RootRecord-Software-Solutions/RootRecord-Library (main)
2026-09-30T19:50:22-10:00job:worklog_scan RUN  bash "/home/rootrecord/RootRecord-Ecosystem/1 - Servers/1 - RootRecord-Pacific-Solar-Server/Reports/scripts/worklog_once.sh"
2026-09-30T19:50:32-10:00job:worklog_scan | OK wrote/updated /home/rootrecord/RootRecord-Ecosystem/2 - RootRecord-Database/Worklog/worklog_current.md
2026-09-30T19:50:32-10:00job:security_camera_frame_grab RUN  bash "/home/rootrecord/RootRecord-Ecosystem/1 - Servers/1 - RootRecord-Pacific-Solar-Server/Security/Cameras/grab_all.sh"
2026-09-30T19:50:51-10:00job:security_camera_frame_grab | 19:50:32  📷  a-eyes  ch1 → ch1-20261001T055032Z.jpg  (321.1 KB, 4.44s)
2026-09-30T19:50:51-10:00job:security_camera_frame_grab | 19:50:37  📷  a-eyes  ch2 → ch2-20261001T055037Z.jpg  (123.7 KB, 4.25s)
2026-09-30T19:50:51-10:00job:security_camera_frame_grab | 19:50:41  📷  a-eyes  ch3 → ch3-20261001T055041Z.jpg  (362.6 KB, 5.64s)
2026-09-30T19:50:51-10:00job:security_camera_frame_grab | 19:50:47  📷  a-eyes  ch4 → ch4-20261001T055047Z.jpg  (229.3 KB, 4.22s)
2026-09-30T19:50:51-10:00ENERGY  status=live  B2=62.9%  B1=88.8%  solar=0 W  ac=78 W  usbc=0 W  src=/home/rootrecord/RootRecord-Ecosystem/2 - RootRecord-Database/Energy  LAP=100%/Full/AC
2026-09-30T19:51:06-10:00  ▸  SUMMARY=delta2 soc=62.3% solar=0W ac_out=91W usbc=0W src=ble db=ok
2026-09-30T19:51:06-10:00job:sys_stats_cycle RUN  bash "/home/rootrecord/RootRecord-Ecosystem/1 - Servers/1 - RootRecord-Pacific-Solar-Server/System/scripts/sys-sample.sh"
2026-09-30T19:51:08-10:00job:sys_stats_cycle | SYSTEM  cpu=16%  load=3.31  mem=58%  src=sqlite
2026-09-30T19:51:08-10:00job:sys_stats_cycle | OK wrote /home/rootrecord/RootRecord-Ecosystem/2 - RootRecord-Database/System/samples/sys-20260930-195107.json
2026-09-30T19:51:44-10:00job:github_sync_all | ↑ [ecosystem] committed 2 local file(s)
2026-09-30T19:51:44-10:00job:github_sync_all | ↓ [ecosystem] fetching origin/main
2026-09-30T19:51:44-10:00job:github_sync_all | From github.com:RootRecord-Software-Solutions/RootRecord-Ecosystem
2026-09-30T19:51:44-10:00job:github_sync_all | * branch            main       -> FETCH_HEAD
2026-09-30T19:51:44-10:00job:github_sync_all | ↑ [ecosystem] local is ahead of GitHub
2026-09-30T19:51:44-10:00job:github_sync_all | To github.com:RootRecord-Software-Solutions/RootRecord-Ecosystem.git
2026-09-30T19:51:44-10:00job:github_sync_all | 7c0c430..919dbb9  HEAD -> main
2026-09-30T19:51:44-10:00job:github_sync_all | branch 'main' set up to track 'origin/main'.
2026-09-30T19:51:44-10:00job:github_sync_all | ↑ [ecosystem] 2 files → RootRecord-Software-Solutions/RootRecord-Ecosystem (main)
2026-09-30T19:51:44-10:00job:github_sync_all | — [pacific] no local changes
2026-09-30T19:51:44-10:00job:github_sync_all | ↓ [pacific] fetching origin/main
2026-09-30T19:51:44-10:00job:github_sync_all | From github.com:RootRecord-Software-Solutions/RootRecord-Pacific-Solar-Server
2026-09-30T19:51:44-10:00job:github_sync_all | * branch            main       -> FETCH_HEAD
2026-09-30T19:51:44-10:00job:github_sync_all | — [pacific] local and GitHub already match
2026-09-30T19:51:44-10:00job:github_sync_all | — [pacific] nothing to push
2026-09-30T19:51:44-10:00job:github_sync_all | ↑ [database] committed 16 local file(s)
2026-09-30T19:51:44-10:00job:github_sync_all | ↓ [database] fetching origin/main
2026-09-30T19:51:44-10:00job:github_sync_all | From github.com:RootRecord-Software-Solutions/RootRecord-Database
2026-09-30T19:51:44-10:00job:github_sync_all | * branch              main       -> FETCH_HEAD
2026-09-30T19:51:44-10:00job:github_sync_all | ↑ [database] local is ahead of GitHub
2026-09-30T19:51:44-10:00job:github_sync_all | To github.com:RootRecord-Software-Solutions/RootRecord-Database.git
2026-09-30T19:51:44-10:00job:github_sync_all | 7376159b..c1b2b7cd  HEAD -> main
2026-09-30T19:51:44-10:00job:github_sync_all | branch 'main' set up to track 'origin/main'.
2026-09-30T19:51:44-10:00job:github_sync_all | ↑ [database] 16 files → RootRecord-Software-Solutions/RootRecord-Database (main)
2026-09-30T19:51:44-10:00job:github_sync_all | — [library] no local changes
2026-09-30T19:51:44-10:00job:github_sync_all | ↓ [library] fetching origin/main
2026-09-30T19:51:44-10:00job:github_sync_all | From github.com:RootRecord-Software-Solutions/RootRecord-Library
2026-09-30T19:51:44-10:00job:github_sync_all | * branch            main       -> FETCH_HEAD
2026-09-30T19:51:44-10:00job:github_sync_all | — [library] local and GitHub already match
2026-09-30T19:51:44-10:00job:github_sync_all | — [library] nothing to push
2026-09-30T19:51:44-10:00job:worklog_scan RUN  bash "/home/rootrecord/RootRecord-Ecosystem/1 - Servers/1 - RootRecord-Pacific-Solar-Server/Reports/scripts/worklog_once.sh"
2026-09-30T19:51:51-10:00job:worklog_scan | OK wrote/updated /home/rootrecord/RootRecord-Ecosystem/2 - RootRecord-Database/Worklog/worklog_current.md
2026-09-30T19:51:51-10:00job:security_camera_frame_grab RUN  bash "/home/rootrecord/RootRecord-Ecosystem/1 - Servers/1 - RootRecord-Pacific-Solar-Server/Security/Cameras/grab_all.sh"
2026-09-30T19:52:08-10:00job:security_camera_frame_grab | 19:51:51  📷  a-eyes  ch1 → ch1-20261001T055151Z.jpg  (332.6 KB, 4.19s)
2026-09-30T19:52:08-10:00job:security_camera_frame_grab | 19:51:55  📷  a-eyes  ch2 → ch2-20261001T055155Z.jpg  (122.7 KB, 4.18s)
2026-09-30T19:52:08-10:00job:security_camera_frame_grab | 19:51:59  📷  a-eyes  ch3 → ch3-20261001T055159Z.jpg  (369.7 KB, 4.29s)
2026-09-30T19:52:08-10:00job:security_camera_frame_grab | 19:52:03  📷  a-eyes  ch4 → ch4-20261001T055203Z.jpg  (225.6 KB, 4.45s)
2026-09-30T19:52:08-10:00job:service_supervisor RUN  bash "/home/rootrecord/RootRecord-Ecosystem/1 - Servers/1 - RootRecord-Pacific-Solar-Server/Automations/scripts/supervise-services.sh"
2026-09-30T19:52:08-10:00job:service_supervisor | [supervisor] weather alive pid=97054 764793 (act)
2026-09-30T19:52:08-10:00job:service_supervisor | [supervisor] relay alive pid=96403 (act)
2026-09-30T19:52:08-10:00job:geology_collect RUN  nice -n 10 python3 "/home/rootrecord/RootRecord-Ecosystem/1 - Servers/1 - RootRecord-Pacific-Solar-Server/Geology/scripts/geology_collect.py" all
2026-09-30T19:52:12-10:00job:geology_collect | {"ok": true, "at": "2026-09-30T19:52:08-10:00", "what": "all", "dry_run": false, "sources": {"hawaii": {"ok": true, "count": 17, "new": 0, "new_m2": 0, "ms": 816}, "global": {"ok": true, "count": 37, "new": 1, "ms": 282}, "hvo_notices": {"ok": true, "count": 44, "new": 0, "ms": 1759}, "hvo_status": {"ok": true, "volcanoes": 8, "kilauea": "WATCH", "mauna_loa": "NORMAL", "ms": 617}}}
2026-09-30T19:52:12-10:00job:system_net_sample RUN  nice -n 10 python3 "/home/rootrecord/RootRecord-Ecosystem/1 - Servers/1 - RootRecord-Pacific-Solar-Server/System/scripts/host_desks.py" net-sample
2026-09-30T19:52:12-10:00job:system_net_sample | {"ok": true, "file": "/home/rootrecord/RootRecord-Ecosystem/2 - RootRecord-Database/System/network/Daily/net-20260930.jsonl", "iface": "wlo1", "hour": {"seconds": 3701, "rx": 316594704, "tx": 122314016, "total": 438908720, "iface": "wlo1", "link": "wireless"}, "day": null}
2026-09-30T19:52:12-10:00ENERGY  status=live  B2=62.3%  B1=88.8%  solar=0 W  ac=91 W  usbc=0 W  src=/home/rootrecord/RootRecord-Ecosystem/2 - RootRecord-Database/Energy  LAP=100%/Full/AC
2026-09-30T19:52:27-10:00  ▸  SUMMARY=delta2 soc=61.99% solar=0W ac_out=79W usbc=0W src=ble db=ok
2026-09-30T19:52:27-10:00job:sys_stats_cycle RUN  bash "/home/rootrecord/RootRecord-Ecosystem/1 - Servers/1 - RootRecord-Pacific-Solar-Server/System/scripts/sys-sample.sh"
2026-09-30T19:52:28-10:00job:sys_stats_cycle | SYSTEM  cpu=16%  load=3.55  mem=58%  src=sqlite
2026-09-30T19:52:28-10:00job:sys_stats_cycle | OK wrote /home/rootrecord/RootRecord-Ecosystem/2 - RootRecord-Database/System/samples/sys-20260930-195227.json
2026-09-30T19:53:00-10:00job:github_sync_all | ↑ [ecosystem] committed 8 local file(s)
2026-09-30T19:53:00-10:00job:github_sync_all | ↓ [ecosystem] fetching origin/main
2026-09-30T19:53:00-10:00job:github_sync_all | From github.com:RootRecord-Software-Solutions/RootRecord-Ecosystem
2026-09-30T19:53:00-10:00job:github_sync_all | * branch            main       -> FETCH_HEAD
2026-09-30T19:53:00-10:00job:github_sync_all | ↑ [ecosystem] local is ahead of GitHub
2026-09-30T19:53:00-10:00job:github_sync_all | To github.com:RootRecord-Software-Solutions/RootRecord-Ecosystem.git
2026-09-30T19:53:00-10:00job:github_sync_all | 919dbb9..1a76d6c  HEAD -> main
2026-09-30T19:53:00-10:00job:github_sync_all | branch 'main' set up to track 'origin/main'.
2026-09-30T19:53:00-10:00job:github_sync_all | ↑ [ecosystem] 8 files → RootRecord-Software-Solutions/RootRecord-Ecosystem (main)
2026-09-30T19:53:00-10:00job:github_sync_all | — [pacific] no local changes
2026-09-30T19:53:00-10:00job:github_sync_all | ↓ [pacific] fetching origin/main
2026-09-30T19:53:00-10:00job:github_sync_all | From github.com:RootRecord-Software-Solutions/RootRecord-Pacific-Solar-Server
2026-09-30T19:53:00-10:00job:github_sync_all | * branch            main       -> FETCH_HEAD
2026-09-30T19:53:00-10:00job:github_sync_all | — [pacific] local and GitHub already match
2026-09-30T19:53:00-10:00job:github_sync_all | — [pacific] nothing to push
2026-09-30T19:53:00-10:00job:github_sync_all | ↑ [database] committed 23 local file(s)
2026-09-30T19:53:00-10:00job:github_sync_all | ↓ [database] fetching origin/main
2026-09-30T19:53:00-10:00job:github_sync_all | From github.com:RootRecord-Software-Solutions/RootRecord-Database
2026-09-30T19:53:00-10:00job:github_sync_all | * branch              main       -> FETCH_HEAD
2026-09-30T19:53:00-10:00job:github_sync_all | ↑ [database] local is ahead of GitHub
2026-09-30T19:53:00-10:00job:github_sync_all | To github.com:RootRecord-Software-Solutions/RootRecord-Database.git
2026-09-30T19:53:00-10:00job:github_sync_all | c1b2b7cd..1205ad19  HEAD -> main
2026-09-30T19:53:00-10:00job:github_sync_all | branch 'main' set up to track 'origin/main'.
2026-09-30T19:53:00-10:00job:github_sync_all | ↑ [database] 23 files → RootRecord-Software-Solutions/RootRecord-Database (main)
2026-09-30T19:53:00-10:00job:github_sync_all | — [library] no local changes
2026-09-30T19:53:00-10:00job:github_sync_all | ↓ [library] fetching origin/main
2026-09-30T19:53:00-10:00job:github_sync_all | From github.com:RootRecord-Software-Solutions/RootRecord-Library
2026-09-30T19:53:00-10:00job:github_sync_all | * branch            main       -> FETCH_HEAD
2026-09-30T19:53:00-10:00job:github_sync_all | — [library] local and GitHub already match
2026-09-30T19:53:00-10:00job:github_sync_all | — [library] nothing to push
2026-09-30T19:53:00-10:00job:security_camera_frame_grab RUN  bash "/home/rootrecord/RootRecord-Ecosystem/1 - Servers/1 - RootRecord-Pacific-Solar-Server/Security/Cameras/grab_all.sh"
2026-09-30T19:53:18-10:00job:security_camera_frame_grab | 19:53:00  📷  a-eyes  ch1 → ch1-20261001T055300Z.jpg  (322.2 KB, 4.34s)
2026-09-30T19:53:18-10:00job:security_camera_frame_grab | 19:53:05  📷  a-eyes  ch2 → ch2-20261001T055305Z.jpg  (123.4 KB, 4.36s)
2026-09-30T19:53:18-10:00job:security_camera_frame_grab | 19:53:09  📷  a-eyes  ch3 → ch3-20261001T055309Z.jpg  (367.0 KB, 4.36s)
2026-09-30T19:53:18-10:00job:security_camera_frame_grab | 19:53:13  📷  a-eyes  ch4 → ch4-20261001T055313Z.jpg  (218.6 KB, 4.58s)
2026-09-30T19:53:18-10:00job:voice_nws_weather RUN  nice -n 10 python3 "/home/rootrecord/RootRecord-Ecosystem/1 - Servers/1 - RootRecord-Pacific-Solar-Server/Media/Voice/scripts/voice_reports.py" nws_weather
2026-09-30T19:53:32-10:00job:voice_nws_weather | {"ok": true, "report": "nws_weather", "md": "/home/rootrecord/RootRecord-Ecosystem/test-reports/Voice/nws_weather_current.md", "sentences": 4, "voice": {"ok": true, "mode": "stitch", "report": "nws_weather", "agent": "ava", "voice": "af_heart", "speed": 1.0, "wav": "/home/rootrecord/RootRecord-Ecosystem/2 - RootRecord-Database/Media/Audio/Voice/nws_weather_current.wav", "clips_used": 0, "live_sentences": 7, "model_loaded": true, "render_s": 13.02, "sample_rate": 24000, "channels": 1, "subtype": "PCM_16", "duration_s": 17.781, "peak_dbfs": -1.5, "rms_dbfs": -20.3, "lead_silence_ms": 113, "qc": "PASS", "wall_s": 13.17, "peak_rss_mb": 1454, "rc": 0}, "deliver": {"ok": true, "sent": false, "detail": "unchanged"}}
2026-09-30T19:53:33-10:00ENERGY  status=live  B2=62.0%  B1=88.8%  solar=0 W  ac=79 W  usbc=0 W  src=/home/rootrecord/RootRecord-Ecosystem/2 - RootRecord-Database/Energy  LAP=100%/Full/AC
2026-09-30T19:53:48-10:00  ▸  SUMMARY=delta2 soc=61.69% solar=0W ac_out=91W usbc=0W src=ble db=ok
2026-09-30T19:53:48-10:00job:sys_stats_cycle RUN  bash "/home/rootrecord/RootRecord-Ecosystem/1 - Servers/1 - RootRecord-Pacific-Solar-Server/System/scripts/sys-sample.sh"
2026-09-30T19:53:49-10:00job:sys_stats_cycle | SYSTEM  cpu=21%  load=3.84  mem=55%  src=sqlite
2026-09-30T19:53:49-10:00job:sys_stats_cycle | OK wrote /home/rootrecord/RootRecord-Ecosystem/2 - RootRecord-Database/System/samples/sys-20260930-195348.json
2026-09-30T19:54:20-10:00job:github_sync_all | ↑ [ecosystem] committed 4 local file(s)
2026-09-30T19:54:20-10:00job:github_sync_all | ↓ [ecosystem] fetching origin/main
2026-09-30T19:54:20-10:00job:github_sync_all | From github.com:RootRecord-Software-Solutions/RootRecord-Ecosystem
2026-09-30T19:54:20-10:00job:github_sync_all | * branch            main       -> FETCH_HEAD
2026-09-30T19:54:20-10:00job:github_sync_all | ↑ [ecosystem] local is ahead of GitHub
2026-09-30T19:54:20-10:00job:github_sync_all | To github.com:RootRecord-Software-Solutions/RootRecord-Ecosystem.git
2026-09-30T19:54:20-10:00job:github_sync_all | 1a76d6c..de24d71  HEAD -> main
2026-09-30T19:54:20-10:00job:github_sync_all | branch 'main' set up to track 'origin/main'.
2026-09-30T19:54:20-10:00job:github_sync_all | ↑ [ecosystem] 4 files → RootRecord-Software-Solutions/RootRecord-Ecosystem (main)
2026-09-30T19:54:20-10:00job:github_sync_all | — [pacific] no local changes
2026-09-30T19:54:20-10:00job:github_sync_all | ↓ [pacific] fetching origin/main
2026-09-30T19:54:20-10:00job:github_sync_all | From github.com:RootRecord-Software-Solutions/RootRecord-Pacific-Solar-Server
2026-09-30T19:54:20-10:00job:github_sync_all | * branch            main       -> FETCH_HEAD
2026-09-30T19:54:20-10:00job:github_sync_all | — [pacific] local and GitHub already match
2026-09-30T19:54:20-10:00job:github_sync_all | — [pacific] nothing to push
2026-09-30T19:54:20-10:00job:github_sync_all | ↑ [database] committed 12 local file(s)
2026-09-30T19:54:20-10:00job:github_sync_all | ↓ [database] fetching origin/main
2026-09-30T19:54:20-10:00job:github_sync_all | From github.com:RootRecord-Software-Solutions/RootRecord-Database
2026-09-30T19:54:20-10:00job:github_sync_all | * branch              main       -> FETCH_HEAD
2026-09-30T19:54:20-10:00job:github_sync_all | ↑ [database] local is ahead of GitHub
2026-09-30T19:54:20-10:00job:github_sync_all | To github.com:RootRecord-Software-Solutions/RootRecord-Database.git
2026-09-30T19:54:20-10:00job:github_sync_all | 1205ad19..65cf5189  HEAD -> main
2026-09-30T19:54:20-10:00job:github_sync_all | branch 'main' set up to track 'origin/main'.
2026-09-30T19:54:20-10:00job:github_sync_all | ↑ [database] 12 files → RootRecord-Software-Solutions/RootRecord-Database (main)
2026-09-30T19:54:20-10:00job:github_sync_all | — [library] no local changes
2026-09-30T19:54:20-10:00job:github_sync_all | ↓ [library] fetching origin/main
2026-09-30T19:54:20-10:00job:github_sync_all | From github.com:RootRecord-Software-Solutions/RootRecord-Library
2026-09-30T19:54:20-10:00job:github_sync_all | * branch            main       -> FETCH_HEAD
2026-09-30T19:54:20-10:00job:github_sync_all | — [library] local and GitHub already match
2026-09-30T19:54:20-10:00job:github_sync_all | — [library] nothing to push
2026-09-30T19:54:20-10:00job:worklog_scan RUN  bash "/home/rootrecord/RootRecord-Ecosystem/1 - Servers/1 - RootRecord-Pacific-Solar-Server/Reports/scripts/worklog_once.sh"
2026-09-30T19:54:24-10:00job:worklog_scan | OK wrote/updated /home/rootrecord/RootRecord-Ecosystem/2 - RootRecord-Database/Worklog/worklog_current.md
2026-09-30T19:54:24-10:00job:security_camera_frame_grab RUN  bash "/home/rootrecord/RootRecord-Ecosystem/1 - Servers/1 - RootRecord-Pacific-Solar-Server/Security/Cameras/grab_all.sh"
2026-09-30T19:54:42-10:00job:security_camera_frame_grab | 19:54:24  📷  a-eyes  ch1 → ch1-20261001T055424Z.jpg  (273.5 KB, 4.58s)
2026-09-30T19:54:42-10:00job:security_camera_frame_grab | 19:54:29  📷  a-eyes  ch2 → ch2-20261001T055429Z.jpg  (123.9 KB, 4.56s)
2026-09-30T19:54:42-10:00job:security_camera_frame_grab | 19:54:33  📷  a-eyes  ch3 → ch3-20261001T055433Z.jpg  (367.3 KB, 4.47s)
2026-09-30T19:54:42-10:00job:security_camera_frame_grab | 19:54:38  📷  a-eyes  ch4 → ch4-20261001T055438Z.jpg  (218.4 KB, 4.48s)
2026-09-30T19:54:42-10:00ENERGY  status=live  B2=61.7%  B1=88.8%  solar=0 W  ac=91 W  usbc=0 W  src=/home/rootrecord/RootRecord-Ecosystem/2 - RootRecord-Database/Energy  LAP=100%/Full/AC
2026-09-30T19:54:58-10:00  ▸  SUMMARY=delta2 soc=61.49% solar=0W ac_out=104W usbc=0W src=ble db=ok
2026-09-30T19:54:58-10:00job:sys_stats_cycle RUN  bash "/home/rootrecord/RootRecord-Ecosystem/1 - Servers/1 - RootRecord-Pacific-Solar-Server/System/scripts/sys-sample.sh"
2026-09-30T19:54:59-10:00job:sys_stats_cycle | SYSTEM  cpu=19%  load=2.93  mem=54%  src=sqlite
2026-09-30T19:54:59-10:00job:sys_stats_cycle | OK wrote /home/rootrecord/RootRecord-Ecosystem/2 - RootRecord-Database/System/samples/sys-20260930-195458.json
2026-09-30T19:55:33-10:00job:github_sync_all | ↑ [ecosystem] committed 3 local file(s)
2026-09-30T19:55:33-10:00job:github_sync_all | ↓ [ecosystem] fetching origin/main
2026-09-30T19:55:33-10:00job:github_sync_all | From github.com:RootRecord-Software-Solutions/RootRecord-Ecosystem
2026-09-30T19:55:33-10:00job:github_sync_all | * branch            main       -> FETCH_HEAD
2026-09-30T19:55:33-10:00job:github_sync_all | ↑ [ecosystem] local is ahead of GitHub
2026-09-30T19:55:33-10:00job:github_sync_all | To github.com:RootRecord-Software-Solutions/RootRecord-Ecosystem.git
2026-09-30T19:55:33-10:00job:github_sync_all | de24d71..3e4ab51  HEAD -> main
2026-09-30T19:55:33-10:00job:github_sync_all | branch 'main' set up to track 'origin/main'.
2026-09-30T19:55:33-10:00job:github_sync_all | ↑ [ecosystem] 3 files → RootRecord-Software-Solutions/RootRecord-Ecosystem (main)
2026-09-30T19:55:33-10:00job:github_sync_all | — [pacific] no local changes
2026-09-30T19:55:33-10:00job:github_sync_all | ↓ [pacific] fetching origin/main
2026-09-30T19:55:33-10:00job:github_sync_all | From github.com:RootRecord-Software-Solutions/RootRecord-Pacific-Solar-Server
2026-09-30T19:55:33-10:00job:github_sync_all | * branch            main       -> FETCH_HEAD
2026-09-30T19:55:33-10:00job:github_sync_all | — [pacific] local and GitHub already match
2026-09-30T19:55:33-10:00job:github_sync_all | — [pacific] nothing to push
2026-09-30T19:55:33-10:00job:github_sync_all | ↑ [database] committed 15 local file(s)
2026-09-30T19:55:33-10:00job:github_sync_all | ↓ [database] fetching origin/main
2026-09-30T19:55:33-10:00job:github_sync_all | From github.com:RootRecord-Software-Solutions/RootRecord-Database
2026-09-30T19:55:33-10:00job:github_sync_all | * branch              main       -> FETCH_HEAD
2026-09-30T19:55:33-10:00job:github_sync_all | ↑ [database] local is ahead of GitHub
2026-09-30T19:55:33-10:00job:github_sync_all | To github.com:RootRecord-Software-Solutions/RootRecord-Database.git
2026-09-30T19:55:33-10:00job:github_sync_all | 65cf5189..5014aa77  HEAD -> main
2026-09-30T19:55:33-10:00job:github_sync_all | branch 'main' set up to track 'origin/main'.
2026-09-30T19:55:33-10:00job:github_sync_all | ↑ [database] 15 files → RootRecord-Software-Solutions/RootRecord-Database (main)
2026-09-30T19:55:33-10:00job:github_sync_all | — [library] no local changes
2026-09-30T19:55:33-10:00job:github_sync_all | ↓ [library] fetching origin/main
2026-09-30T19:55:33-10:00job:github_sync_all | From github.com:RootRecord-Software-Solutions/RootRecord-Library
2026-09-30T19:55:33-10:00job:github_sync_all | * branch            main       -> FETCH_HEAD
2026-09-30T19:55:33-10:00job:github_sync_all | — [library] local and GitHub already match
2026-09-30T19:55:33-10:00job:github_sync_all | — [library] nothing to push
2026-09-30T19:55:33-10:00job:security_camera_frame_grab RUN  bash "/home/rootrecord/RootRecord-Ecosystem/1 - Servers/1 - RootRecord-Pacific-Solar-Server/Security/Cameras/grab_all.sh"
2026-09-30T19:55:50-10:00job:security_camera_frame_grab | 19:55:33  📷  a-eyes  ch1 → ch1-20261001T055533Z.jpg  (273.7 KB, 4.53s)
2026-09-30T19:55:50-10:00job:security_camera_frame_grab | 19:55:37  📷  a-eyes  ch2 → ch2-20261001T055537Z.jpg  (121.1 KB, 4.48s)
2026-09-30T19:55:50-10:00job:security_camera_frame_grab | 19:55:42  📷  a-eyes  ch3 → ch3-20261001T055542Z.jpg  (354.5 KB, 4.36s)
2026-09-30T19:55:50-10:00job:security_camera_frame_grab | 19:55:46  📷  a-eyes  ch4 → ch4-20261001T055546Z.jpg  (214.7 KB, 4.40s)
2026-09-30T19:55:51-10:00ENERGY  status=live  B2=61.5%  B1=88.8%  solar=0 W  ac=104 W  usbc=0 W  src=/home/rootrecord/RootRecord-Ecosystem/2 - RootRecord-Database/Energy  LAP=100%/Full/AC
2026-09-30T19:56:06-10:00  ▸  SUMMARY=delta2 soc=61.18% solar=0W ac_out=95W usbc=0W src=ble db=ok
2026-09-30T19:56:06-10:00job:sys_stats_cycle RUN  bash "/home/rootrecord/RootRecord-Ecosystem/1 - Servers/1 - RootRecord-Pacific-Solar-Server/System/scripts/sys-sample.sh"
2026-09-30T19:56:07-10:00job:sys_stats_cycle | SYSTEM  cpu=15%  load=2.80  mem=54%  src=sqlite
2026-09-30T19:56:07-10:00job:sys_stats_cycle | OK wrote /home/rootrecord/RootRecord-Ecosystem/2 - RootRecord-Database/System/samples/sys-20260930-195606.json
2026-09-30T19:56:42-10:00job:github_sync_all | ↑ [ecosystem] committed 2 local file(s)
2026-09-30T19:56:42-10:00job:github_sync_all | ↓ [ecosystem] fetching origin/main
2026-09-30T19:56:42-10:00job:github_sync_all | From github.com:RootRecord-Software-Solutions/RootRecord-Ecosystem
2026-09-30T19:56:42-10:00job:github_sync_all | * branch            main       -> FETCH_HEAD
2026-09-30T19:56:42-10:00job:github_sync_all | ↑ [ecosystem] local is ahead of GitHub
2026-09-30T19:56:42-10:00job:github_sync_all | To github.com:RootRecord-Software-Solutions/RootRecord-Ecosystem.git
2026-09-30T19:56:42-10:00job:github_sync_all | 3e4ab51..bd150c6  HEAD -> main
2026-09-30T19:56:42-10:00job:github_sync_all | branch 'main' set up to track 'origin/main'.
2026-09-30T19:56:42-10:00job:github_sync_all | ↑ [ecosystem] 2 files → RootRecord-Software-Solutions/RootRecord-Ecosystem (main)
2026-09-30T19:56:42-10:00job:github_sync_all | — [pacific] no local changes
2026-09-30T19:56:42-10:00job:github_sync_all | ↓ [pacific] fetching origin/main
2026-09-30T19:56:42-10:00job:github_sync_all | From github.com:RootRecord-Software-Solutions/RootRecord-Pacific-Solar-Server
2026-09-30T19:56:42-10:00job:github_sync_all | * branch            main       -> FETCH_HEAD
2026-09-30T19:56:42-10:00job:github_sync_all | — [pacific] local and GitHub already match
2026-09-30T19:56:42-10:00job:github_sync_all | — [pacific] nothing to push
2026-09-30T19:56:42-10:00job:github_sync_all | ↑ [database] committed 13 local file(s)
2026-09-30T19:56:42-10:00job:github_sync_all | ↓ [database] fetching origin/main
2026-09-30T19:56:42-10:00job:github_sync_all | From github.com:RootRecord-Software-Solutions/RootRecord-Database
2026-09-30T19:56:42-10:00job:github_sync_all | * branch              main       -> FETCH_HEAD
2026-09-30T19:56:42-10:00job:github_sync_all | ↑ [database] local is ahead of GitHub
2026-09-30T19:56:42-10:00job:github_sync_all | To github.com:RootRecord-Software-Solutions/RootRecord-Database.git
2026-09-30T19:56:42-10:00job:github_sync_all | 5014aa77..1fb6527e  HEAD -> main
2026-09-30T19:56:42-10:00job:github_sync_all | branch 'main' set up to track 'origin/main'.
2026-09-30T19:56:42-10:00job:github_sync_all | ↑ [database] 13 files → RootRecord-Software-Solutions/RootRecord-Database (main)
2026-09-30T19:56:42-10:00job:github_sync_all | — [library] no local changes
2026-09-30T19:56:42-10:00job:github_sync_all | ↓ [library] fetching origin/main
2026-09-30T19:56:42-10:00job:github_sync_all | From github.com:RootRecord-Software-Solutions/RootRecord-Library
2026-09-30T19:56:42-10:00job:github_sync_all | * branch            main       -> FETCH_HEAD
2026-09-30T19:56:42-10:00job:github_sync_all | — [library] local and GitHub already match
2026-09-30T19:56:42-10:00job:github_sync_all | — [library] nothing to push
2026-09-30T19:56:42-10:00job:worklog_scan RUN  bash "/home/rootrecord/RootRecord-Ecosystem/1 - Servers/1 - RootRecord-Pacific-Solar-Server/Reports/scripts/worklog_once.sh"
2026-09-30T19:56:45-10:00job:worklog_scan | OK wrote/updated /home/rootrecord/RootRecord-Ecosystem/2 - RootRecord-Database/Worklog/worklog_current.md
2026-09-30T19:56:45-10:00job:security_camera_frame_grab RUN  bash "/home/rootrecord/RootRecord-Ecosystem/1 - Servers/1 - RootRecord-Pacific-Solar-Server/Security/Cameras/grab_all.sh"
2026-09-30T19:57:03-10:00job:security_camera_frame_grab | 19:56:45  📷  a-eyes  ch1 → ch1-20261001T055645Z.jpg  (273.5 KB, 4.59s)
2026-09-30T19:57:03-10:00job:security_camera_frame_grab | 19:56:50  📷  a-eyes  ch2 → ch2-20261001T055650Z.jpg  (121.3 KB, 4.37s)
2026-09-30T19:57:03-10:00job:security_camera_frame_grab | 19:56:54  📷  a-eyes  ch3 → ch3-20261001T055654Z.jpg  (375.4 KB, 4.37s)
2026-09-30T19:57:03-10:00job:security_camera_frame_grab | 19:56:59  📷  a-eyes  ch4 → ch4-20261001T055659Z.jpg  (220.9 KB, 4.48s)
2026-09-30T19:57:03-10:00ENERGY  status=live  B2=61.2%  B1=88.8%  solar=0 W  ac=95 W  usbc=0 W  src=/home/rootrecord/RootRecord-Ecosystem/2 - RootRecord-Database/Energy  LAP=100%/Full/AC
2026-09-30T19:57:19-10:00  ▸  SUMMARY=delta2 soc=60.98% solar=0W ac_out=91W usbc=0W src=ble db=ok
2026-09-30T19:57:19-10:00job:sys_stats_cycle RUN  bash "/home/rootrecord/RootRecord-Ecosystem/1 - Servers/1 - RootRecord-Pacific-Solar-Server/System/scripts/sys-sample.sh"
2026-09-30T19:57:20-10:00job:sys_stats_cycle | SYSTEM  cpu=16%  load=2.56  mem=54%  src=sqlite
2026-09-30T19:57:20-10:00job:sys_stats_cycle | OK wrote /home/rootrecord/RootRecord-Ecosystem/2 - RootRecord-Database/System/samples/sys-20260930-195719.json
2026-09-30T19:57:49-10:00job:github_sync_all | — [ecosystem] no committable local changes
2026-09-30T19:57:49-10:00job:github_sync_all | ↓ [ecosystem] fetching origin/main
2026-09-30T19:57:49-10:00job:github_sync_all | From github.com:RootRecord-Software-Solutions/RootRecord-Ecosystem
2026-09-30T19:57:49-10:00job:github_sync_all | * branch            main       -> FETCH_HEAD
2026-09-30T19:57:49-10:00job:github_sync_all | — [ecosystem] local and GitHub already match
2026-09-30T19:57:49-10:00job:github_sync_all | — [ecosystem] nothing to push
2026-09-30T19:57:49-10:00job:github_sync_all | — [pacific] no local changes
2026-09-30T19:57:49-10:00job:github_sync_all | ↓ [pacific] fetching origin/main
2026-09-30T19:57:49-10:00job:github_sync_all | From github.com:RootRecord-Software-Solutions/RootRecord-Pacific-Solar-Server
2026-09-30T19:57:49-10:00job:github_sync_all | * branch            main       -> FETCH_HEAD
2026-09-30T19:57:49-10:00job:github_sync_all | — [pacific] local and GitHub already match
2026-09-30T19:57:49-10:00job:github_sync_all | — [pacific] nothing to push
2026-09-30T19:57:49-10:00job:github_sync_all | ↑ [database] committed 15 local file(s)
2026-09-30T19:57:49-10:00job:github_sync_all | ↓ [database] fetching origin/main
2026-09-30T19:57:49-10:00job:github_sync_all | From github.com:RootRecord-Software-Solutions/RootRecord-Database
2026-09-30T19:57:49-10:00job:github_sync_all | * branch              main       -> FETCH_HEAD
2026-09-30T19:57:49-10:00job:github_sync_all | ↑ [database] local is ahead of GitHub
2026-09-30T19:57:49-10:00job:github_sync_all | To github.com:RootRecord-Software-Solutions/RootRecord-Database.git
2026-09-30T19:57:49-10:00job:github_sync_all | 1fb6527e..96740a80  HEAD -> main
2026-09-30T19:57:49-10:00job:github_sync_all | branch 'main' set up to track 'origin/main'.
2026-09-30T19:57:49-10:00job:github_sync_all | ↑ [database] 15 files → RootRecord-Software-Solutions/RootRecord-Database (main)
2026-09-30T19:57:49-10:00job:github_sync_all | — [library] no local changes
2026-09-30T19:57:49-10:00job:github_sync_all | ↓ [library] fetching origin/main
2026-09-30T19:57:49-10:00job:github_sync_all | From github.com:RootRecord-Software-Solutions/RootRecord-Library
2026-09-30T19:57:49-10:00job:github_sync_all | * branch            main       -> FETCH_HEAD
2026-09-30T19:57:49-10:00job:github_sync_all | — [library] local and GitHub already match
2026-09-30T19:57:49-10:00job:github_sync_all | — [library] nothing to push
2026-09-30T19:57:49-10:00job:security_camera_frame_grab RUN  bash "/home/rootrecord/RootRecord-Ecosystem/1 - Servers/1 - RootRecord-Pacific-Solar-Server/Security/Cameras/grab_all.sh"
2026-09-30T19:58:07-10:00job:security_camera_frame_grab | 19:57:49  📷  a-eyes  ch1 → ch1-20261001T055749Z.jpg  (273.3 KB, 4.68s)
2026-09-30T19:58:07-10:00job:security_camera_frame_grab | 19:57:54  📷  a-eyes  ch2 → ch2-20261001T055754Z.jpg  (121.4 KB, 4.36s)
2026-09-30T19:58:07-10:00job:security_camera_frame_grab | 19:57:58  📷  a-eyes  ch3 → ch3-20261001T055758Z.jpg  (369.1 KB, 4.48s)
2026-09-30T19:58:07-10:00job:security_camera_frame_grab | 19:58:03  📷  a-eyes  ch4 → ch4-20261001T055803Z.jpg  (217.6 KB, 4.48s)
2026-09-30T19:58:07-10:00job:service_supervisor RUN  bash "/home/rootrecord/RootRecord-Ecosystem/1 - Servers/1 - RootRecord-Pacific-Solar-Server/Automations/scripts/supervise-services.sh"
2026-09-30T19:58:08-10:00job:service_supervisor | [supervisor] weather alive pid=97054 764793 (act)
2026-09-30T19:58:08-10:00job:service_supervisor | [supervisor] relay alive pid=96403 (act)
2026-09-30T19:58:08-10:00job:geology_collect RUN  nice -n 10 python3 "/home/rootrecord/RootRecord-Ecosystem/1 - Servers/1 - RootRecord-Pacific-Solar-Server/Geology/scripts/geology_collect.py" all
2026-09-30T19:58:14-10:00job:geology_collect | {"ok": true, "at": "2026-09-30T19:58:08-10:00", "what": "all", "dry_run": false, "sources": {"hawaii": {"ok": true, "count": 17, "new": 0, "new_m2": 0, "ms": 495}, "global": {"ok": true, "count": 37, "new": 0, "ms": 310}, "hvo_notices": {"ok": true, "count": 44, "new": 0, "ms": 3984}, "hvo_status": {"ok": true, "volcanoes": 8, "kilauea": "WATCH", "mauna_loa": "NORMAL", "ms": 1633}}}
2026-09-30T19:58:14-10:00job:system_net_sample RUN  nice -n 10 python3 "/home/rootrecord/RootRecord-Ecosystem/1 - Servers/1 - RootRecord-Pacific-Solar-Server/System/scripts/host_desks.py" net-sample
2026-09-30T19:58:14-10:00job:system_net_sample | {"ok": true, "file": "/home/rootrecord/RootRecord-Ecosystem/2 - RootRecord-Database/System/network/Daily/net-20260930.jsonl", "iface": "wlo1", "hour": {"seconds": 3749, "rx": 322084798, "tx": 127786850, "total": 449871648, "iface": "wlo1", "link": "wireless"}, "day": null}
2026-09-30T19:58:15-10:00ENERGY  status=live  B2=61.0%  B1=88.8%  solar=0 W  ac=91 W  usbc=0 W  src=/home/rootrecord/RootRecord-Ecosystem/2 - RootRecord-Database/Energy  LAP=100%/Full/AC
2026-09-30T19:58:32-10:00  ▸  SUMMARY=river2pro soc=88.23% solar=0W ac_out=0W usbc=23W src=ble+cloud db=ok
2026-09-30T19:58:32-10:00job:sys_stats_cycle RUN  bash "/home/rootrecord/RootRecord-Ecosystem/1 - Servers/1 - RootRecord-Pacific-Solar-Server/System/scripts/sys-sample.sh"
2026-09-30T19:58:33-10:00job:sys_stats_cycle | SYSTEM  cpu=51%  load=2.29  mem=55%  src=sqlite
2026-09-30T19:58:33-10:00job:sys_stats_cycle | OK wrote /home/rootrecord/RootRecord-Ecosystem/2 - RootRecord-Database/System/samples/sys-20260930-195833.json
2026-09-30T19:59:04-10:00job:github_sync_all | ↑ [ecosystem] committed 7 local file(s)
2026-09-30T19:59:04-10:00job:github_sync_all | ↓ [ecosystem] fetching origin/main
2026-09-30T19:59:04-10:00job:github_sync_all | From github.com:RootRecord-Software-Solutions/RootRecord-Ecosystem
2026-09-30T19:59:04-10:00job:github_sync_all | * branch            main       -> FETCH_HEAD
2026-09-30T19:59:04-10:00job:github_sync_all | ↑ [ecosystem] local is ahead of GitHub
2026-09-30T19:59:04-10:00job:github_sync_all | To github.com:RootRecord-Software-Solutions/RootRecord-Ecosystem.git
2026-09-30T19:59:04-10:00job:github_sync_all | bd150c6..7bdb85d  HEAD -> main
2026-09-30T19:59:04-10:00job:github_sync_all | branch 'main' set up to track 'origin/main'.
2026-09-30T19:59:04-10:00job:github_sync_all | ↑ [ecosystem] 7 files → RootRecord-Software-Solutions/RootRecord-Ecosystem (main)
2026-09-30T19:59:04-10:00job:github_sync_all | — [pacific] no local changes
2026-09-30T19:59:04-10:00job:github_sync_all | ↓ [pacific] fetching origin/main
2026-09-30T19:59:04-10:00job:github_sync_all | From github.com:RootRecord-Software-Solutions/RootRecord-Pacific-Solar-Server
2026-09-30T19:59:04-10:00job:github_sync_all | * branch            main       -> FETCH_HEAD
2026-09-30T19:59:04-10:00job:github_sync_all | — [pacific] local and GitHub already match
2026-09-30T19:59:04-10:00job:github_sync_all | — [pacific] nothing to push
2026-09-30T19:59:04-10:00job:github_sync_all | ↑ [database] committed 19 local file(s)
2026-09-30T19:59:04-10:00job:github_sync_all | ↓ [database] fetching origin/main
2026-09-30T19:59:04-10:00job:github_sync_all | From github.com:RootRecord-Software-Solutions/RootRecord-Database
2026-09-30T19:59:04-10:00job:github_sync_all | * branch              main       -> FETCH_HEAD
2026-09-30T19:59:04-10:00job:github_sync_all | ↑ [database] local is ahead of GitHub
2026-09-30T19:59:04-10:00job:github_sync_all | To github.com:RootRecord-Software-Solutions/RootRecord-Database.git
2026-09-30T19:59:04-10:00job:github_sync_all | 96740a80..586ac0cb  HEAD -> main
2026-09-30T19:59:04-10:00job:github_sync_all | branch 'main' set up to track 'origin/main'.
2026-09-30T19:59:04-10:00job:github_sync_all | ↑ [database] 19 files → RootRecord-Software-Solutions/RootRecord-Database (main)
2026-09-30T19:59:04-10:00job:github_sync_all | — [library] no local changes
2026-09-30T19:59:04-10:00job:github_sync_all | ↓ [library] fetching origin/main
2026-09-30T19:59:04-10:00job:github_sync_all | From github.com:RootRecord-Software-Solutions/RootRecord-Library
2026-09-30T19:59:04-10:00job:github_sync_all | * branch            main       -> FETCH_HEAD
2026-09-30T19:59:04-10:00job:github_sync_all | — [library] local and GitHub already match
2026-09-30T19:59:04-10:00job:github_sync_all | — [library] nothing to push
2026-09-30T19:59:04-10:00job:worklog_scan RUN  bash "/home/rootrecord/RootRecord-Ecosystem/1 - Servers/1 - RootRecord-Pacific-Solar-Server/Reports/scripts/worklog_once.sh"
2026-09-30T19:59:15-10:00job:worklog_scan | OK wrote/updated /home/rootrecord/RootRecord-Ecosystem/2 - RootRecord-Database/Worklog/worklog_current.md
2026-09-30T19:59:15-10:00job:security_camera_frame_grab RUN  bash "/home/rootrecord/RootRecord-Ecosystem/1 - Servers/1 - RootRecord-Pacific-Solar-Server/Security/Cameras/grab_all.sh"
2026-09-30T19:59:33-10:00job:security_camera_frame_grab | 19:59:15  📷  a-eyes  ch1 → ch1-20261001T055915Z.jpg  (273.3 KB, 4.34s)
2026-09-30T19:59:33-10:00job:security_camera_frame_grab | 19:59:19  📷  a-eyes  ch2 → ch2-20261001T055919Z.jpg  (121.6 KB, 4.42s)
2026-09-30T19:59:33-10:00job:security_camera_frame_grab | 19:59:24  📷  a-eyes  ch3 → ch3-20261001T055924Z.jpg  (328.0 KB, 4.42s)
2026-09-30T19:59:33-10:00job:security_camera_frame_grab | 19:59:28  📷  a-eyes  ch4 → ch4-20261001T055928Z.jpg  (191.9 KB, 4.51s)
2026-09-30T19:59:33-10:00ENERGY  status=live  B2=61.0%  B1=88.2%  solar=0 W  ac=91 W  usbc=0 W  src=/home/rootrecord/RootRecord-Ecosystem/2 - RootRecord-Database/Energy  LAP=100%/Full/AC
2026-09-30T19:59:48-10:00  ▸  SUMMARY=delta2 soc=60.38% solar=0W ac_out=97W usbc=0W src=ble db=ok
2026-09-30T19:59:48-10:00job:sys_stats_cycle RUN  bash "/home/rootrecord/RootRecord-Ecosystem/1 - Servers/1 - RootRecord-Pacific-Solar-Server/System/scripts/sys-sample.sh"
2026-09-30T19:59:49-10:00job:sys_stats_cycle | SYSTEM  cpu=16%  load=1.82  mem=56%  src=sqlite
2026-09-30T19:59:49-10:00job:sys_stats_cycle | OK wrote /home/rootrecord/RootRecord-Ecosystem/2 - RootRecord-Database/System/samples/sys-20260930-195948.json
2026-09-30T20:00:19-10:00job:github_sync_all | — [ecosystem] no committable local changes
2026-09-30T20:00:19-10:00job:github_sync_all | ↓ [ecosystem] fetching origin/main
2026-09-30T20:00:19-10:00job:github_sync_all | From github.com:RootRecord-Software-Solutions/RootRecord-Ecosystem
2026-09-30T20:00:19-10:00job:github_sync_all | * branch            main       -> FETCH_HEAD
2026-09-30T20:00:19-10:00job:github_sync_all | — [ecosystem] local and GitHub already match
2026-09-30T20:00:19-10:00job:github_sync_all | — [ecosystem] nothing to push
2026-09-30T20:00:19-10:00job:github_sync_all | — [pacific] no local changes
2026-09-30T20:00:19-10:00job:github_sync_all | ↓ [pacific] fetching origin/main
2026-09-30T20:00:19-10:00job:github_sync_all | From github.com:RootRecord-Software-Solutions/RootRecord-Pacific-Solar-Server
2026-09-30T20:00:19-10:00job:github_sync_all | * branch            main       -> FETCH_HEAD
2026-09-30T20:00:19-10:00job:github_sync_all | — [pacific] local and GitHub already match
2026-09-30T20:00:19-10:00job:github_sync_all | — [pacific] nothing to push
2026-09-30T20:00:19-10:00job:github_sync_all | ↑ [database] committed 15 local file(s)
2026-09-30T20:00:19-10:00job:github_sync_all | ↓ [database] fetching origin/main
2026-09-30T20:00:19-10:00job:github_sync_all | From github.com:RootRecord-Software-Solutions/RootRecord-Database
2026-09-30T20:00:19-10:00job:github_sync_all | * branch              main       -> FETCH_HEAD
2026-09-30T20:00:19-10:00job:github_sync_all | ↑ [database] local is ahead of GitHub
2026-09-30T20:00:19-10:00job:github_sync_all | To github.com:RootRecord-Software-Solutions/RootRecord-Database.git
2026-09-30T20:00:19-10:00job:github_sync_all | 586ac0cb..7dab0e24  HEAD -> main
2026-09-30T20:00:19-10:00job:github_sync_all | branch 'main' set up to track 'origin/main'.
2026-09-30T20:00:19-10:00job:github_sync_all | ↑ [database] 15 files → RootRecord-Software-Solutions/RootRecord-Database (main)
2026-09-30T20:00:19-10:00job:github_sync_all | — [library] no local changes
2026-09-30T20:00:19-10:00job:github_sync_all | ↓ [library] fetching origin/main
2026-09-30T20:00:19-10:00job:github_sync_all | From github.com:RootRecord-Software-Solutions/RootRecord-Library
2026-09-30T20:00:19-10:00job:github_sync_all | * branch            main       -> FETCH_HEAD
2026-09-30T20:00:19-10:00job:github_sync_all | — [library] local and GitHub already match
2026-09-30T20:00:19-10:00job:github_sync_all | — [library] nothing to push
2026-09-30T20:00:19-10:00job:security_camera_frame_grab RUN  bash "/home/rootrecord/RootRecord-Ecosystem/1 - Servers/1 - RootRecord-Pacific-Solar-Server/Security/Cameras/grab_all.sh"
2026-09-30T20:00:36-10:00job:security_camera_frame_grab | 20:00:19  📷  a-eyes  ch1 → ch1-20261001T060019Z.jpg  (273.6 KB, 4.41s)
2026-09-30T20:00:36-10:00job:security_camera_frame_grab | 20:00:23  📷  a-eyes  ch2 → ch2-20261001T060023Z.jpg  (122.0 KB, 4.55s)
2026-09-30T20:00:36-10:00job:security_camera_frame_grab | 20:00:28  📷  a-eyes  ch3 → ch3-20261001T060028Z.jpg  (367.9 KB, 4.36s)
2026-09-30T20:00:36-10:00job:security_camera_frame_grab | 20:00:32  📷  a-eyes  ch4 → ch4-20261001T060032Z.jpg  (218.8 KB, 4.35s)
2026-09-30T20:00:37-10:00ENERGY  status=live  B2=60.4%  B1=88.2%  solar=0 W  ac=97 W  usbc=0 W  src=/home/rootrecord/RootRecord-Ecosystem/2 - RootRecord-Database/Energy  LAP=100%/Full/AC
2026-09-30T20:00:54-10:00  ▸  SUMMARY=river2pro soc=88.1% solar=0W ac_out=0W usbc=26W src=ble+cloud db=ok
2026-09-30T20:00:54-10:00job:sys_stats_cycle RUN  bash "/home/rootrecord/RootRecord-Ecosystem/1 - Servers/1 - RootRecord-Pacific-Solar-Server/System/scripts/sys-sample.sh"
2026-09-30T20:00:55-10:00job:sys_stats_cycle | SYSTEM  cpu=21%  load=1.75  mem=56%  src=sqlite
2026-09-30T20:00:55-10:00job:sys_stats_cycle | OK wrote /home/rootrecord/RootRecord-Ecosystem/2 - RootRecord-Database/System/samples/sys-20260930-200054.json
2026-09-30T20:02:51-10:00job:github_sync_all | ↑ [ecosystem] committed 6 local file(s)
2026-09-30T20:02:51-10:00job:github_sync_all | ↓ [ecosystem] fetching origin/main
2026-09-30T20:02:51-10:00job:github_sync_all | From github.com:RootRecord-Software-Solutions/RootRecord-Ecosystem
2026-09-30T20:02:51-10:00job:github_sync_all | * branch            main       -> FETCH_HEAD
2026-09-30T20:02:51-10:00job:github_sync_all | ↑ [ecosystem] local is ahead of GitHub
2026-09-30T20:02:51-10:00job:github_sync_all | To github.com:RootRecord-Software-Solutions/RootRecord-Ecosystem.git
2026-09-30T20:02:51-10:00job:github_sync_all | 7bdb85d..54391a5  HEAD -> main
2026-09-30T20:02:51-10:00job:github_sync_all | branch 'main' set up to track 'origin/main'.
2026-09-30T20:02:51-10:00job:github_sync_all | ↑ [ecosystem] 6 files → RootRecord-Software-Solutions/RootRecord-Ecosystem (main)
2026-09-30T20:02:51-10:00job:github_sync_all | ↑ [pacific] committed 4 local file(s)
2026-09-30T20:02:51-10:00job:github_sync_all | ↓ [pacific] fetching origin/main
2026-09-30T20:02:51-10:00job:github_sync_all | From github.com:RootRecord-Software-Solutions/RootRecord-Pacific-Solar-Server
2026-09-30T20:02:51-10:00job:github_sync_all | * branch            main       -> FETCH_HEAD
2026-09-30T20:02:51-10:00job:github_sync_all | ↑ [pacific] local is ahead of GitHub
2026-09-30T20:02:51-10:00job:github_sync_all | To github.com:RootRecord-Software-Solutions/RootRecord-Pacific-Solar-Server.git
2026-09-30T20:02:51-10:00job:github_sync_all | 2f9a06b..b09e35a  HEAD -> main
2026-09-30T20:02:51-10:00job:github_sync_all | branch 'main' set up to track 'origin/main'.
2026-09-30T20:02:51-10:00job:github_sync_all | ↑ [pacific] 4 files → RootRecord-Software-Solutions/RootRecord-Pacific-Solar-Server (main)
2026-09-30T20:02:51-10:00job:github_sync_all | ↑ [database] committed 19 local file(s)
2026-09-30T20:02:51-10:00job:github_sync_all | ↓ [database] fetching origin/main
2026-09-30T20:02:51-10:00job:github_sync_all | From github.com:RootRecord-Software-Solutions/RootRecord-Database
2026-09-30T20:02:51-10:00job:github_sync_all | * branch              main       -> FETCH_HEAD
2026-09-30T20:02:51-10:00job:github_sync_all | ↑ [database] local is ahead of GitHub
2026-09-30T20:02:51-10:00job:github_sync_all | To github.com:RootRecord-Software-Solutions/RootRecord-Database.git
2026-09-30T20:02:51-10:00job:github_sync_all | 7dab0e24..6bd72b84  HEAD -> main
2026-09-30T20:02:51-10:00job:github_sync_all | branch 'main' set up to track 'origin/main'.
2026-09-30T20:02:51-10:00job:github_sync_all | ↑ [database] 19 files → RootRecord-Software-Solutions/RootRecord-Database (main)
2026-09-30T20:02:51-10:00job:github_sync_all | — [library] no local changes
2026-09-30T20:02:51-10:00job:github_sync_all | ↓ [library] fetching origin/main
2026-09-30T20:02:51-10:00job:github_sync_all | From github.com:RootRecord-Software-Solutions/RootRecord-Library
2026-09-30T20:02:51-10:00job:github_sync_all | * branch            main       -> FETCH_HEAD
2026-09-30T20:02:51-10:00job:github_sync_all | — [library] local and GitHub already match
2026-09-30T20:02:51-10:00job:github_sync_all | — [library] nothing to push
2026-09-30T20:02:51-10:00job:worklog_scan RUN  bash "/home/rootrecord/RootRecord-Ecosystem/1 - Servers/1 - RootRecord-Pacific-Solar-Server/Reports/scripts/worklog_once.sh"
2026-09-30T20:02:58-10:00job:worklog_scan | OK wrote/updated /home/rootrecord/RootRecord-Ecosystem/2 - RootRecord-Database/Worklog/worklog_current.md
2026-09-30T20:02:58-10:00job:security_camera_frame_grab RUN  bash "/home/rootrecord/RootRecord-Ecosystem/1 - Servers/1 - RootRecord-Pacific-Solar-Server/Security/Cameras/grab_all.sh"
2026-09-30T20:03:16-10:00job:security_camera_frame_grab | 20:02:58  📷  a-eyes  ch1 → ch1-20261001T060258Z.jpg  (273.6 KB, 4.24s)
2026-09-30T20:03:16-10:00job:security_camera_frame_grab | 20:03:03  📷  a-eyes  ch2 → ch2-20261001T060303Z.jpg  (122.0 KB, 4.64s)
2026-09-30T20:03:16-10:00job:security_camera_frame_grab | 20:03:07  📷  a-eyes  ch3 → ch3-20261001T060307Z.jpg  (328.2 KB, 4.47s)
2026-09-30T20:03:16-10:00job:security_camera_frame_grab | 20:03:12  📷  a-eyes  ch4 → ch4-20261001T060312Z.jpg  (225.7 KB, 4.36s)
2026-09-30T20:03:16-10:00job:automations_log_hourly_archive RUN  bash "/home/rootrecord/RootRecord-Ecosystem/1 - Servers/1 - RootRecord-Pacific-Solar-Server/Automations/scripts/archive_automations_log_hourly.sh"
