2026-09-29T01:11:59-10:00HTTP listening on http://127.0.0.1:8799 (open access on bind)
2026-09-29T01:11:59-10:00boot:start  jobs=9
2026-09-29T01:11:59-10:00boot:run  priority=0  id=self_terminal
2026-09-29T01:11:59-10:00boot:p0 self_process pid=804007
2026-09-29T01:11:59-10:00boot:run  priority=1  id=cloudflare_tunnel
2026-09-29T01:11:59-10:00boot:p1 cloudflare_tunnel host=rootserver.rootrecord.cloud
2026-09-29T01:11:59-10:00internet OK at boot — starting tunnel
2026-09-29T01:11:59-10:00Starting cloudflared mode=token public_host=rootserver.rootrecord.cloud
2026-09-29T01:11:59-10:00Waiting for tunnel register (timeout=45s)…
2026-09-29T01:11:59-10:00tunnel starting
2026-09-29T01:11:59-10:00tunnel connected  conn=0  edge=lax11
2026-09-29T01:11:59-10:00Tunnel READY — first connection registered.
2026-09-29T01:11:59-10:00boot:run  priority=2  id=github_setup_remotes
2026-09-29T01:11:59-10:00tunnel ingress  rootserver.rootrecord.cloud → 127.0.0.1:8799
2026-09-29T01:11:59-10:00boot:run  priority=3  id=ollama_warmup
2026-09-29T01:11:59-10:00job:ollama_warmup RUN  bash '/home/rootrecord/RootRecord-Ecosystem/1 - Servers/1 - RootRecord-Pacific-Solar-Server/System/scripts/plumbing/ollama-warmup.sh'
2026-09-29T01:11:59-10:00job:ollama_warmup | [ok] ollama up
2026-09-29T01:11:59-10:00boot:run  priority=4  id=flm_npu_warmup
2026-09-29T01:11:59-10:00job:flm_npu_warmup RUN  bash '/home/rootrecord/RootRecord-Ecosystem/1 - Servers/1 - RootRecord-Pacific-Solar-Server/System/scripts/plumbing/flm-warmup.sh'
2026-09-29T01:12:00-10:00job:flm_npu_warmup | [skip] FLM binary not found (NPU path optional; Ollama remains fallback)
2026-09-29T01:12:00-10:00boot:run  priority=5  id=council_relay
2026-09-29T01:12:00-10:00tunnel connected  conn=1  edge=sjc10
2026-09-29T01:12:00-10:00job:council_relay RUN  bash "/home/rootrecord/RootRecord-Ecosystem/1 - Servers/1 - RootRecord-Pacific-Solar-Server/Communications/telegram/scripts/ensure-relay.sh"
2026-09-29T01:12:01-10:00tunnel connected  conn=2  edge=sjc05
2026-09-29T01:12:02-10:00tunnel connected  conn=3  edge=lax09
2026-09-29T01:12:03-10:00job:council_relay | [ok] council-relay started pid=804326 → /home/rootrecord/Database/GITHUB/logs/council-relay.log
2026-09-29T01:12:03-10:00boot:run  priority=6  id=security_camera_server
2026-09-29T01:12:03-10:00job:security_camera_server RUN  bash "/home/rootrecord/RootRecord-Ecosystem/1 - Servers/1 - RootRecord-Pacific-Solar-Server/Security/Cameras/ensure_cam_server.sh"
2026-09-29T01:12:03-10:00job:security_camera_server | security cam server started
2026-09-29T01:12:03-10:00boot:run  priority=7  id=security_timelapse_catchup
2026-09-29T01:12:03-10:00job:security_timelapse_catchup RUN  bash "/home/rootrecord/RootRecord-Ecosystem/1 - Servers/1 - RootRecord-Pacific-Solar-Server/Security/Cameras/timelapse_catchup.sh"
2026-09-29T01:12:03-10:00job:security_timelapse_catchup | 01:12:03  🎬  a-eyes-timelapse  catchup: checking 20260929, now=01:12 HST
2026-09-29T01:12:03-10:00job:security_timelapse_catchup | 01:12:03  🎬  a-eyes-timelapse  catchup: window still open today, skipping daily render
2026-09-29T01:12:03-10:00boot:run  priority=9  id=network_globe_hawaii
2026-09-29T01:12:03-10:00job:network_globe_hawaii RUN  bash "/home/rootrecord/RootRecord-Ecosystem/1 - Servers/1 - RootRecord-Pacific-Solar-Server/Communications/network/scripts/ensure-network-globe-hawaii.sh"
2026-09-29T01:12:03-10:00job:network_globe_hawaii | [ensure-network-globe-hawaii] already running -- nothing to do
2026-09-29T01:12:03-10:00boot:done
2026-09-29T01:12:04-10:00  ▸  SUMMARY=delta2 soc=85% solar=0W ac_out=0W usbc=50W src=api db=ok
2026-09-29T01:12:04-10:00scheduler  every_seconds=6  every_minute=1  every_hour=2  on_at=3
2026-09-29T01:12:04-10:00ENERGY  status=live  B2=85%  B1=0%  solar=0 W  ac=0 W  usbc=50 W  src=/home/rootrecord/RootRecord-Ecosystem/2 - RootRecord-Database/ENERGY
2026-09-29T01:12:05-10:00  ▸  SUMMARY=delta2 soc=85% solar=0W ac_out=0W usbc=50W src=api db=ok
2026-09-29T01:12:05-10:00job:sys_stats_cycle RUN  bash "/home/rootrecord/RootRecord-Ecosystem/1 - Servers/1 - RootRecord-Pacific-Solar-Server/System/scripts/sys-sample.sh"
2026-09-29T01:12:06-10:00job:sys_stats_cycle | SYSTEM  cpu=19%  load=1.36  mem=64%  src=sqlite
2026-09-29T01:12:06-10:00job:sys_stats_cycle | OK wrote /home/rootrecord/RootRecord-Ecosystem/2 - RootRecord-Database/SYSTEM/samples/sys-20260929-011206.json
2026-09-29T01:12:31-10:00job:github_sync_all | — [pacific] no local changes
2026-09-29T01:12:31-10:00job:github_sync_all | ↓ [pacific] fetching origin/main
2026-09-29T01:12:31-10:00job:github_sync_all | From github.com:RootRecord-Software-Solutions/RootRecord-Pacific-Solar-Server
2026-09-29T01:12:31-10:00job:github_sync_all | * branch            main       -> FETCH_HEAD
2026-09-29T01:12:31-10:00job:github_sync_all | * [new branch]      main       -> origin/main
2026-09-29T01:12:31-10:00job:github_sync_all | — [pacific] local and GitHub already match
2026-09-29T01:12:31-10:00job:github_sync_all | — [pacific] nothing to push
2026-09-29T01:12:31-10:00job:github_sync_all | ↑ [database] committed 18 local file(s)
2026-09-29T01:12:31-10:00job:github_sync_all | ↓ [database] fetching origin/main
2026-09-29T01:12:31-10:00job:github_sync_all | From github.com:RootRecord-Software-Solutions/RootRecord-Database
2026-09-29T01:12:31-10:00job:github_sync_all | * branch            main       -> FETCH_HEAD
2026-09-29T01:12:31-10:00job:github_sync_all | * [new branch]      main       -> origin/main
2026-09-29T01:12:31-10:00job:github_sync_all | ↑ [database] local is ahead of GitHub
2026-09-29T01:12:31-10:00job:github_sync_all | To github.com:RootRecord-Software-Solutions/RootRecord-Database.git
2026-09-29T01:12:31-10:00job:github_sync_all | 8f29d90..26b2c1d  HEAD -> main
2026-09-29T01:12:31-10:00job:github_sync_all | branch 'main' set up to track 'origin/main'.
2026-09-29T01:12:31-10:00job:github_sync_all | ↑ [database] 18 files → RootRecord-Software-Solutions/RootRecord-Database (main)
2026-09-29T01:12:31-10:00job:github_sync_all | — [library] no local changes
2026-09-29T01:12:31-10:00job:github_sync_all | ↓ [library] fetching origin/main
2026-09-29T01:12:31-10:00job:github_sync_all | From github.com:RootRecord-Software-Solutions/RootRecord-Library
2026-09-29T01:12:31-10:00job:github_sync_all | * branch            main       -> FETCH_HEAD
2026-09-29T01:12:31-10:00job:github_sync_all | * [new branch]      main       -> origin/main
2026-09-29T01:12:31-10:00job:github_sync_all | — [library] local and GitHub already match
2026-09-29T01:12:31-10:00job:github_sync_all | — [library] nothing to push
2026-09-29T01:12:31-10:00job:github_sync_all | — [skills] no local changes
2026-09-29T01:12:31-10:00job:github_sync_all | ↓ [skills] fetching origin/main
2026-09-29T01:12:31-10:00job:github_sync_all | From github.com:rootrecordsoftwaresolutions/Solar-Pacific-RootRecord-Server
2026-09-29T01:12:31-10:00job:github_sync_all | * branch            main       -> FETCH_HEAD
2026-09-29T01:12:31-10:00job:github_sync_all | * [new branch]      main       -> origin/main
2026-09-29T01:12:31-10:00job:github_sync_all | — [skills] local and GitHub already match
2026-09-29T01:12:31-10:00job:github_sync_all | — [skills] nothing to push
2026-09-29T01:12:31-10:00job:worklog_scan RUN  bash "/home/rootrecord/RootRecord-Ecosystem/1 - Servers/1 - RootRecord-Pacific-Solar-Server/Reports/scripts/worklog_once.sh"
2026-09-29T01:12:33-10:00tunnel timeout — reconnecting
2026-09-29T01:12:33-10:00tunnel timeout — reconnecting
2026-09-29T01:12:33-10:00tunnel timeout — reconnecting
2026-09-29T01:12:33-10:00tunnel timeout — reconnecting
2026-09-29T01:12:34-10:00tunnel timeout — reconnecting
2026-09-29T01:12:34-10:00tunnel timeout — reconnecting
2026-09-29T01:12:34-10:00job:worklog_scan | OK wrote/updated /home/rootrecord/RootRecord-Ecosystem/2 - RootRecord-Database/WORKLOG/worklog_current.md
2026-09-29T01:12:34-10:00job:security_camera_frame_grab RUN  bash "/home/rootrecord/RootRecord-Ecosystem/1 - Servers/1 - RootRecord-Pacific-Solar-Server/Security/Cameras/grab_all.sh"
2026-09-29T01:12:35-10:00tunnel connected  conn=0  edge=lax09
2026-09-29T01:12:35-10:00tunnel timeout — reconnecting
2026-09-29T01:12:43-10:00tunnel connected  conn=2  edge=lax01
2026-09-29T01:12:43-10:00tunnel connected  conn=1  edge=lax01
2026-09-29T01:12:43-10:00tunnel connected  conn=3  edge=lax11
2026-09-29T01:12:46-10:00job:security_camera_frame_grab | 01:12:34  📷  a-eyes  ch1 → ch1-20260929T111234Z.jpg  (296.9 KB, 4.38s)
2026-09-29T01:12:46-10:00job:security_camera_frame_grab | 01:12:39  📷  a-eyes  ch2 → ch2-20260929T111239Z.jpg  (365.5 KB, 4.41s)
2026-09-29T01:12:46-10:00job:security_camera_frame_grab | 01:12:43  📷  a-eyes  ch3 → ch3-20260929T111243Z.jpg  (11.8 KB, 1.55s)
2026-09-29T01:12:46-10:00job:security_camera_frame_grab | 01:12:45  📷  a-eyes  ch4 → ch4-20260929T111245Z.jpg  (11.8 KB, 1.71s)
2026-09-29T01:12:47-10:00  ▸  SUMMARY=river2pro soc=0% solar=0W ac_out=73W usbc=95W src=api db=ok
2026-09-29T01:12:47-10:00job:sys_stats_cycle RUN  bash "/home/rootrecord/RootRecord-Ecosystem/1 - Servers/1 - RootRecord-Pacific-Solar-Server/System/scripts/sys-sample.sh"
2026-09-29T01:12:48-10:00job:sys_stats_cycle | SYSTEM  cpu=19%  load=1.83  mem=64%  src=sqlite
2026-09-29T01:12:48-10:00job:sys_stats_cycle | OK wrote /home/rootrecord/RootRecord-Ecosystem/2 - RootRecord-Database/SYSTEM/samples/sys-20260929-011248.json
2026-09-29T01:13:22-10:00job:github_sync_all | — [pacific] no local changes
2026-09-29T01:13:22-10:00job:github_sync_all | ↓ [pacific] fetching origin/main
2026-09-29T01:13:22-10:00job:github_sync_all | From github.com:RootRecord-Software-Solutions/RootRecord-Pacific-Solar-Server
2026-09-29T01:13:22-10:00job:github_sync_all | * branch            main       -> FETCH_HEAD
2026-09-29T01:13:22-10:00job:github_sync_all | — [pacific] local and GitHub already match
2026-09-29T01:13:22-10:00job:github_sync_all | — [pacific] nothing to push
2026-09-29T01:13:22-10:00job:github_sync_all | ↑ [database] committed 17 local file(s)
2026-09-29T01:13:22-10:00job:github_sync_all | ↓ [database] fetching origin/main
2026-09-29T01:13:22-10:00job:github_sync_all | From github.com:RootRecord-Software-Solutions/RootRecord-Database
2026-09-29T01:13:22-10:00job:github_sync_all | * branch            main       -> FETCH_HEAD
2026-09-29T01:13:22-10:00job:github_sync_all | ↑ [database] local is ahead of GitHub
2026-09-29T01:13:22-10:00job:github_sync_all | To github.com:RootRecord-Software-Solutions/RootRecord-Database.git
2026-09-29T01:13:22-10:00job:github_sync_all | 26b2c1d..bade29e  HEAD -> main
2026-09-29T01:13:22-10:00job:github_sync_all | branch 'main' set up to track 'origin/main'.
2026-09-29T01:13:22-10:00job:github_sync_all | ↑ [database] 17 files → RootRecord-Software-Solutions/RootRecord-Database (main)
2026-09-29T01:13:22-10:00job:github_sync_all | — [library] no local changes
2026-09-29T01:13:22-10:00job:github_sync_all | ↓ [library] fetching origin/main
2026-09-29T01:13:22-10:00job:github_sync_all | From github.com:RootRecord-Software-Solutions/RootRecord-Library
2026-09-29T01:13:22-10:00job:github_sync_all | * branch            main       -> FETCH_HEAD
2026-09-29T01:13:22-10:00job:github_sync_all | 083f757..bb91629  main       -> origin/main
2026-09-29T01:13:22-10:00job:github_sync_all | ↓ [library] GitHub has changes; merging origin/main
2026-09-29T01:13:22-10:00job:github_sync_all | Updating 083f757..bb91629
2026-09-29T01:13:22-10:00job:github_sync_all | Fast-forward
2026-09-29T01:13:22-10:00job:github_sync_all | .../G3-Runtime-Verification-Checklist-2026-09-28.md            |  2 +-
2026-09-29T01:13:22-10:00job:github_sync_all | .../Servers_Cutover_Work_Order_WO-SRV-2026-09-27.md            | 10 +++++-----
2026-09-29T01:13:22-10:00job:github_sync_all | 2 files changed, 6 insertions(+), 6 deletions(-)
2026-09-29T01:13:22-10:00job:github_sync_all | ✓ [library] GitHub changes merged into local main
2026-09-29T01:13:22-10:00job:github_sync_all | ↓ [library] remote changed during sync; merging before push (attempt 1)
2026-09-29T01:13:22-10:00job:github_sync_all | Updating bb91629..5c98173
2026-09-29T01:13:22-10:00job:github_sync_all | Fast-forward
2026-09-29T01:13:22-10:00job:github_sync_all | .../00-architecture/Residual-Path-Retirement-Table-2026-09-28.md  | 8 ++++++++
2026-09-29T01:13:22-10:00job:github_sync_all | 1 file changed, 8 insertions(+)
2026-09-29T01:13:22-10:00job:github_sync_all | To github.com:RootRecord-Software-Solutions/RootRecord-Library.git
2026-09-29T01:13:22-10:00job:github_sync_all | ! [rejected]        HEAD -> main (fetch first)
2026-09-29T01:13:22-10:00job:github_sync_all | error: failed to push some refs to 'github.com:RootRecord-Software-Solutions/RootRecord-Library.git'
2026-09-29T01:13:22-10:00job:github_sync_all | hint: Updates were rejected because the remote contains work that you do not
2026-09-29T01:13:22-10:00job:github_sync_all | hint: have locally. This is usually caused by another repository pushing to
2026-09-29T01:13:22-10:00job:github_sync_all | hint: the same ref. If you want to integrate the remote changes, use
2026-09-29T01:13:22-10:00job:github_sync_all | hint: 'git pull' before pushing again.
2026-09-29T01:13:22-10:00job:github_sync_all | hint: See the 'Note about fast-forwards' in 'git push --help' for details.
2026-09-29T01:13:22-10:00job:security_camera_frame_grab RUN  bash "/home/rootrecord/RootRecord-Ecosystem/1 - Servers/1 - RootRecord-Pacific-Solar-Server/Security/Cameras/grab_all.sh"
2026-09-29T01:13:34-10:00job:security_camera_frame_grab | 01:13:22  📷  a-eyes  ch1 → ch1-20260929T111322Z.jpg  (294.3 KB, 4.36s)
2026-09-29T01:13:34-10:00job:security_camera_frame_grab | 01:13:26  📷  a-eyes  ch2 → ch2-20260929T111326Z.jpg  (364.5 KB, 4.46s)
2026-09-29T01:13:34-10:00job:security_camera_frame_grab | 01:13:31  📷  a-eyes  ch3 → ch3-20260929T111331Z.jpg  (11.8 KB, 1.52s)
2026-09-29T01:13:34-10:00job:security_camera_frame_grab | 01:13:32  📷  a-eyes  ch4 → ch4-20260929T111332Z.jpg  (11.8 KB, 1.60s)
2026-09-29T01:13:34-10:00ENERGY  status=live  B2=85%  B1=0%  solar=0 W  ac=0 W  usbc=50 W  src=/home/rootrecord/RootRecord-Ecosystem/2 - RootRecord-Database/ENERGY
2026-09-29T01:13:35-10:00  ▸  SUMMARY=delta2 soc=85% solar=0W ac_out=0W usbc=50W src=api db=ok
2026-09-29T01:13:35-10:00job:sys_stats_cycle RUN  bash "/home/rootrecord/RootRecord-Ecosystem/1 - Servers/1 - RootRecord-Pacific-Solar-Server/System/scripts/sys-sample.sh"
2026-09-29T01:13:35-10:00job:sys_stats_cycle | SYSTEM  cpu=11%  load=1.83  mem=63%  src=sqlite
2026-09-29T01:13:35-10:00job:sys_stats_cycle | OK wrote /home/rootrecord/RootRecord-Ecosystem/2 - RootRecord-Database/SYSTEM/samples/sys-20260929-011335.json
2026-09-29T01:14:01-10:00job:github_sync_all | — [pacific] no local changes
2026-09-29T01:14:01-10:00job:github_sync_all | ↓ [pacific] fetching origin/main
2026-09-29T01:14:01-10:00job:github_sync_all | From github.com:RootRecord-Software-Solutions/RootRecord-Pacific-Solar-Server
2026-09-29T01:14:01-10:00job:github_sync_all | * branch            main       -> FETCH_HEAD
2026-09-29T01:14:01-10:00job:github_sync_all | — [pacific] local and GitHub already match
2026-09-29T01:14:01-10:00job:github_sync_all | — [pacific] nothing to push
2026-09-29T01:14:01-10:00job:github_sync_all | ↑ [database] committed 15 local file(s)
2026-09-29T01:14:01-10:00job:github_sync_all | ↓ [database] fetching origin/main
2026-09-29T01:14:01-10:00job:github_sync_all | From github.com:RootRecord-Software-Solutions/RootRecord-Database
2026-09-29T01:14:01-10:00job:github_sync_all | * branch            main       -> FETCH_HEAD
2026-09-29T01:14:01-10:00job:github_sync_all | ↑ [database] local is ahead of GitHub
2026-09-29T01:14:01-10:00job:github_sync_all | To github.com:RootRecord-Software-Solutions/RootRecord-Database.git
2026-09-29T01:14:01-10:00job:github_sync_all | bade29e..a05805a  HEAD -> main
2026-09-29T01:14:01-10:00job:github_sync_all | branch 'main' set up to track 'origin/main'.
2026-09-29T01:14:01-10:00job:github_sync_all | ↑ [database] 15 files → RootRecord-Software-Solutions/RootRecord-Database (main)
2026-09-29T01:14:01-10:00job:github_sync_all | — [library] no local changes
2026-09-29T01:14:01-10:00job:github_sync_all | ↓ [library] fetching origin/main
2026-09-29T01:14:01-10:00job:github_sync_all | From github.com:RootRecord-Software-Solutions/RootRecord-Library
2026-09-29T01:14:01-10:00job:github_sync_all | * branch            main       -> FETCH_HEAD
2026-09-29T01:14:01-10:00job:github_sync_all | 707f58a..7896571  main       -> origin/main
2026-09-29T01:14:01-10:00job:github_sync_all | ↓ [library] GitHub has changes; merging origin/main
2026-09-29T01:14:01-10:00job:github_sync_all | Updating 707f58a..7896571
2026-09-29T01:14:01-10:00job:github_sync_all | Fast-forward
2026-09-29T01:14:01-10:00job:github_sync_all | .../00-architecture/G3-Runtime-Verification-Runbook-2026-09-28.md   | 1 +
2026-09-29T01:14:01-10:00job:github_sync_all | .../GitHub_Catalog_Hygiene_Work_Order_WO-GH-2026-09-27.md           | 6 ++++++
2026-09-29T01:14:01-10:00job:github_sync_all | 2 files changed, 7 insertions(+)
2026-09-29T01:14:01-10:00job:github_sync_all | ✓ [library] GitHub changes merged into local main
2026-09-29T01:14:01-10:00job:github_sync_all | — [library] nothing to push
2026-09-29T01:14:01-10:00job:github_sync_all | — [skills] no local changes
2026-09-29T01:14:01-10:00job:github_sync_all | ↓ [skills] fetching origin/main
2026-09-29T01:14:01-10:00job:github_sync_all | From github.com:rootrecordsoftwaresolutions/Solar-Pacific-RootRecord-Server
2026-09-29T01:14:01-10:00job:github_sync_all | * branch            main       -> FETCH_HEAD
2026-09-29T01:14:01-10:00job:github_sync_all | — [skills] local and GitHub already match
2026-09-29T01:14:01-10:00job:github_sync_all | — [skills] nothing to push
2026-09-29T01:14:01-10:00job:security_camera_frame_grab RUN  bash "/home/rootrecord/RootRecord-Ecosystem/1 - Servers/1 - RootRecord-Pacific-Solar-Server/Security/Cameras/grab_all.sh"
2026-09-29T01:14:13-10:00job:security_camera_frame_grab | 01:14:01  📷  a-eyes  ch1 → ch1-20260929T111401Z.jpg  (295.6 KB, 4.82s)
2026-09-29T01:14:13-10:00job:security_camera_frame_grab | 01:14:06  📷  a-eyes  ch2 → ch2-20260929T111406Z.jpg  (365.8 KB, 4.53s)
2026-09-29T01:14:13-10:00job:security_camera_frame_grab | 01:14:10  📷  a-eyes  ch3 → ch3-20260929T111410Z.jpg  (11.8 KB, 1.67s)
2026-09-29T01:14:13-10:00job:security_camera_frame_grab | 01:14:12  📷  a-eyes  ch4 → ch4-20260929T111412Z.jpg  (11.7 KB, 1.61s)
2026-09-29T01:14:15-10:00  ▸  SUMMARY=delta2 soc=85% solar=0W ac_out=0W usbc=50W src=api db=ok
2026-09-29T01:14:15-10:00job:sys_stats_cycle RUN  bash "/home/rootrecord/RootRecord-Ecosystem/1 - Servers/1 - RootRecord-Pacific-Solar-Server/System/scripts/sys-sample.sh"
2026-09-29T01:14:15-10:00job:sys_stats_cycle | SYSTEM  cpu=8%  load=1.42  mem=63%  src=sqlite
2026-09-29T01:14:15-10:00job:sys_stats_cycle | OK wrote /home/rootrecord/RootRecord-Ecosystem/2 - RootRecord-Database/SYSTEM/samples/sys-20260929-011415.json
2026-09-29T01:14:42-10:00job:github_sync_all | ↑ [pacific] committed 1 local file(s)
2026-09-29T01:14:42-10:00job:github_sync_all | ↓ [pacific] fetching origin/main
2026-09-29T01:14:42-10:00job:github_sync_all | From github.com:RootRecord-Software-Solutions/RootRecord-Pacific-Solar-Server
2026-09-29T01:14:42-10:00job:github_sync_all | * branch            main       -> FETCH_HEAD
2026-09-29T01:14:42-10:00job:github_sync_all | ↑ [pacific] local is ahead of GitHub
2026-09-29T01:14:42-10:00job:github_sync_all | To github.com:RootRecord-Software-Solutions/RootRecord-Pacific-Solar-Server.git
2026-09-29T01:14:42-10:00job:github_sync_all | d9f074b..75d86f2  HEAD -> main
2026-09-29T01:14:42-10:00job:github_sync_all | branch 'main' set up to track 'origin/main'.
2026-09-29T01:14:42-10:00job:github_sync_all | ↑ [pacific] 1 files → RootRecord-Software-Solutions/RootRecord-Pacific-Solar-Server (main)
2026-09-29T01:14:42-10:00job:github_sync_all | ↑ [database] committed 14 local file(s)
2026-09-29T01:14:42-10:00job:github_sync_all | ↓ [database] fetching origin/main
2026-09-29T01:14:42-10:00job:github_sync_all | From github.com:RootRecord-Software-Solutions/RootRecord-Database
2026-09-29T01:14:42-10:00job:github_sync_all | * branch            main       -> FETCH_HEAD
2026-09-29T01:14:42-10:00job:github_sync_all | ↑ [database] local is ahead of GitHub
2026-09-29T01:14:42-10:00job:github_sync_all | To github.com:RootRecord-Software-Solutions/RootRecord-Database.git
2026-09-29T01:14:42-10:00job:github_sync_all | a05805a..8a83651  HEAD -> main
2026-09-29T01:14:42-10:00job:github_sync_all | branch 'main' set up to track 'origin/main'.
2026-09-29T01:14:42-10:00job:github_sync_all | ↑ [database] 14 files → RootRecord-Software-Solutions/RootRecord-Database (main)
2026-09-29T01:14:42-10:00job:github_sync_all | — [library] no local changes
2026-09-29T01:14:42-10:00job:github_sync_all | ↓ [library] fetching origin/main
2026-09-29T01:14:42-10:00job:github_sync_all | From github.com:RootRecord-Software-Solutions/RootRecord-Library
2026-09-29T01:14:42-10:00job:github_sync_all | * branch            main       -> FETCH_HEAD
2026-09-29T01:14:42-10:00job:github_sync_all | — [library] local and GitHub already match
2026-09-29T01:14:42-10:00job:github_sync_all | — [library] nothing to push
2026-09-29T01:14:42-10:00job:github_sync_all | — [skills] no local changes
2026-09-29T01:14:42-10:00job:github_sync_all | ↓ [skills] fetching origin/main
2026-09-29T01:14:42-10:00job:github_sync_all | From github.com:rootrecordsoftwaresolutions/Solar-Pacific-RootRecord-Server
2026-09-29T01:14:42-10:00job:github_sync_all | * branch            main       -> FETCH_HEAD
2026-09-29T01:14:42-10:00job:github_sync_all | — [skills] local and GitHub already match
2026-09-29T01:14:42-10:00job:github_sync_all | — [skills] nothing to push
2026-09-29T01:14:42-10:00job:worklog_scan RUN  bash "/home/rootrecord/RootRecord-Ecosystem/1 - Servers/1 - RootRecord-Pacific-Solar-Server/Reports/scripts/worklog_once.sh"
2026-09-29T01:14:44-10:00job:worklog_scan | OK wrote/updated /home/rootrecord/RootRecord-Ecosystem/2 - RootRecord-Database/WORKLOG/worklog_current.md
2026-09-29T01:14:44-10:00job:security_camera_frame_grab RUN  bash "/home/rootrecord/RootRecord-Ecosystem/1 - Servers/1 - RootRecord-Pacific-Solar-Server/Security/Cameras/grab_all.sh"
2026-09-29T01:14:57-10:00job:security_camera_frame_grab | 01:14:44  📷  a-eyes  ch1 → ch1-20260929T111444Z.jpg  (296.1 KB, 4.40s)
2026-09-29T01:14:57-10:00job:security_camera_frame_grab | 01:14:49  📷  a-eyes  ch2 → ch2-20260929T111449Z.jpg  (365.5 KB, 4.48s)
2026-09-29T01:14:57-10:00job:security_camera_frame_grab | 01:14:53  📷  a-eyes  ch3 → ch3-20260929T111453Z.jpg  (11.8 KB, 1.65s)
2026-09-29T01:14:57-10:00job:security_camera_frame_grab | 01:14:55  📷  a-eyes  ch4 → ch4-20260929T111455Z.jpg  (11.8 KB, 1.58s)
2026-09-29T01:14:57-10:00ENERGY  status=live  B2=85%  B1=0%  solar=0 W  ac=0 W  usbc=50 W  src=/home/rootrecord/RootRecord-Ecosystem/2 - RootRecord-Database/ENERGY
2026-09-29T01:14:58-10:00  ▸  SUMMARY=river2pro soc=0% solar=0W ac_out=73W usbc=95W src=api db=ok
2026-09-29T01:14:58-10:00job:sys_stats_cycle RUN  bash "/home/rootrecord/RootRecord-Ecosystem/1 - Servers/1 - RootRecord-Pacific-Solar-Server/System/scripts/sys-sample.sh"
2026-09-29T01:14:58-10:00job:sys_stats_cycle | SYSTEM  cpu=11%  load=0.89  mem=63%  src=sqlite
2026-09-29T01:14:58-10:00job:sys_stats_cycle | OK wrote /home/rootrecord/RootRecord-Ecosystem/2 - RootRecord-Database/SYSTEM/samples/sys-20260929-011458.json
2026-09-29T01:15:23-10:00job:github_sync_all | — [pacific] no local changes
2026-09-29T01:15:23-10:00job:github_sync_all | ↓ [pacific] fetching origin/main
2026-09-29T01:15:23-10:00job:github_sync_all | From github.com:RootRecord-Software-Solutions/RootRecord-Pacific-Solar-Server
2026-09-29T01:15:23-10:00job:github_sync_all | * branch            main       -> FETCH_HEAD
2026-09-29T01:15:23-10:00job:github_sync_all | — [pacific] local and GitHub already match
2026-09-29T01:15:23-10:00job:github_sync_all | — [pacific] nothing to push
2026-09-29T01:15:23-10:00job:github_sync_all | ↑ [database] committed 17 local file(s)
2026-09-29T01:15:23-10:00job:github_sync_all | ↓ [database] fetching origin/main
2026-09-29T01:15:23-10:00job:github_sync_all | From github.com:RootRecord-Software-Solutions/RootRecord-Database
2026-09-29T01:15:23-10:00job:github_sync_all | * branch            main       -> FETCH_HEAD
2026-09-29T01:15:23-10:00job:github_sync_all | ↑ [database] local is ahead of GitHub
2026-09-29T01:15:23-10:00job:github_sync_all | To github.com:RootRecord-Software-Solutions/RootRecord-Database.git
2026-09-29T01:15:23-10:00job:github_sync_all | 8a83651..be4a17d  HEAD -> main
2026-09-29T01:15:23-10:00job:github_sync_all | branch 'main' set up to track 'origin/main'.
2026-09-29T01:15:23-10:00job:github_sync_all | ↑ [database] 17 files → RootRecord-Software-Solutions/RootRecord-Database (main)
2026-09-29T01:15:23-10:00job:github_sync_all | — [library] no local changes
2026-09-29T01:15:23-10:00job:github_sync_all | ↓ [library] fetching origin/main
2026-09-29T01:15:23-10:00job:github_sync_all | From github.com:RootRecord-Software-Solutions/RootRecord-Library
2026-09-29T01:15:23-10:00job:github_sync_all | * branch            main       -> FETCH_HEAD
2026-09-29T01:15:23-10:00job:github_sync_all | — [library] local and GitHub already match
2026-09-29T01:15:23-10:00job:github_sync_all | — [library] nothing to push
2026-09-29T01:15:23-10:00job:github_sync_all | — [skills] no local changes
2026-09-29T01:15:23-10:00job:github_sync_all | ↓ [skills] fetching origin/main
2026-09-29T01:15:23-10:00job:github_sync_all | From github.com:rootrecordsoftwaresolutions/Solar-Pacific-RootRecord-Server
2026-09-29T01:15:23-10:00job:github_sync_all | * branch            main       -> FETCH_HEAD
2026-09-29T01:15:23-10:00job:github_sync_all | — [skills] local and GitHub already match
2026-09-29T01:15:23-10:00job:github_sync_all | — [skills] nothing to push
2026-09-29T01:15:23-10:00job:security_camera_frame_grab RUN  bash "/home/rootrecord/RootRecord-Ecosystem/1 - Servers/1 - RootRecord-Pacific-Solar-Server/Security/Cameras/grab_all.sh"
2026-09-29T01:15:35-10:00job:security_camera_frame_grab | 01:15:23  📷  a-eyes  ch1 → ch1-20260929T111523Z.jpg  (297.0 KB, 4.35s)
2026-09-29T01:15:35-10:00job:security_camera_frame_grab | 01:15:27  📷  a-eyes  ch2 → ch2-20260929T111527Z.jpg  (365.4 KB, 4.38s)
2026-09-29T01:15:35-10:00job:security_camera_frame_grab | 01:15:31  📷  a-eyes  ch3 → ch3-20260929T111531Z.jpg  (11.8 KB, 1.71s)
2026-09-29T01:15:35-10:00job:security_camera_frame_grab | 01:15:33  📷  a-eyes  ch4 → ch4-20260929T111533Z.jpg  (11.9 KB, 1.64s)
2026-09-29T01:15:36-10:00  ▸  SUMMARY=river2pro soc=0% solar=0W ac_out=73W usbc=95W src=api db=ok
2026-09-29T01:15:36-10:00job:sys_stats_cycle RUN  bash "/home/rootrecord/RootRecord-Ecosystem/1 - Servers/1 - RootRecord-Pacific-Solar-Server/System/scripts/sys-sample.sh"
2026-09-29T01:15:36-10:00job:sys_stats_cycle | SYSTEM  cpu=10%  load=1.25  mem=63%  src=sqlite
2026-09-29T01:15:36-10:00job:sys_stats_cycle | OK wrote /home/rootrecord/RootRecord-Ecosystem/2 - RootRecord-Database/SYSTEM/samples/sys-20260929-011536.json
2026-09-29T01:16:01-10:00job:github_sync_all | — [pacific] no local changes
2026-09-29T01:16:01-10:00job:github_sync_all | ↓ [pacific] fetching origin/main
2026-09-29T01:16:01-10:00job:github_sync_all | From github.com:RootRecord-Software-Solutions/RootRecord-Pacific-Solar-Server
2026-09-29T01:16:01-10:00job:github_sync_all | * branch            main       -> FETCH_HEAD
2026-09-29T01:16:01-10:00job:github_sync_all | — [pacific] local and GitHub already match
2026-09-29T01:16:01-10:00job:github_sync_all | — [pacific] nothing to push
2026-09-29T01:16:01-10:00job:github_sync_all | ↑ [database] committed 16 local file(s)
2026-09-29T01:16:01-10:00job:github_sync_all | ↓ [database] fetching origin/main
2026-09-29T01:16:01-10:00job:github_sync_all | From github.com:RootRecord-Software-Solutions/RootRecord-Database
2026-09-29T01:16:01-10:00job:github_sync_all | * branch            main       -> FETCH_HEAD
2026-09-29T01:16:01-10:00job:github_sync_all | ↑ [database] local is ahead of GitHub
2026-09-29T01:16:01-10:00job:github_sync_all | To github.com:RootRecord-Software-Solutions/RootRecord-Database.git
2026-09-29T01:16:01-10:00job:github_sync_all | be4a17d..b3e6b80  HEAD -> main
2026-09-29T01:16:01-10:00job:github_sync_all | branch 'main' set up to track 'origin/main'.
2026-09-29T01:16:01-10:00job:github_sync_all | ↑ [database] 16 files → RootRecord-Software-Solutions/RootRecord-Database (main)
2026-09-29T01:16:01-10:00job:github_sync_all | — [library] no local changes
2026-09-29T01:16:01-10:00job:github_sync_all | ↓ [library] fetching origin/main
2026-09-29T01:16:01-10:00job:github_sync_all | From github.com:RootRecord-Software-Solutions/RootRecord-Library
2026-09-29T01:16:01-10:00job:github_sync_all | * branch            main       -> FETCH_HEAD
2026-09-29T01:16:01-10:00job:github_sync_all | — [library] local and GitHub already match
2026-09-29T01:16:01-10:00job:github_sync_all | — [library] nothing to push
2026-09-29T01:16:01-10:00job:github_sync_all | — [skills] no local changes
2026-09-29T01:16:01-10:00job:github_sync_all | ↓ [skills] fetching origin/main
2026-09-29T01:16:01-10:00job:github_sync_all | From github.com:rootrecordsoftwaresolutions/Solar-Pacific-RootRecord-Server
2026-09-29T01:16:01-10:00job:github_sync_all | * branch            main       -> FETCH_HEAD
2026-09-29T01:16:01-10:00job:github_sync_all | — [skills] local and GitHub already match
2026-09-29T01:16:01-10:00job:github_sync_all | — [skills] nothing to push
2026-09-29T01:16:01-10:00job:security_camera_frame_grab RUN  bash "/home/rootrecord/RootRecord-Ecosystem/1 - Servers/1 - RootRecord-Pacific-Solar-Server/Security/Cameras/grab_all.sh"
2026-09-29T01:16:13-10:00job:security_camera_frame_grab | 01:16:01  📷  a-eyes  ch1 → ch1-20260929T111601Z.jpg  (296.7 KB, 4.35s)
2026-09-29T01:16:13-10:00job:security_camera_frame_grab | 01:16:05  📷  a-eyes  ch2 → ch2-20260929T111605Z.jpg  (366.1 KB, 4.49s)
2026-09-29T01:16:13-10:00job:security_camera_frame_grab | 01:16:10  📷  a-eyes  ch3 → ch3-20260929T111610Z.jpg  (11.8 KB, 1.61s)
2026-09-29T01:16:13-10:00job:security_camera_frame_grab | 01:16:11  📷  a-eyes  ch4 → ch4-20260929T111611Z.jpg  (11.7 KB, 1.72s)
2026-09-29T01:16:13-10:00ENERGY  status=live  B2=85%  B1=0%  solar=0 W  ac=0 W  usbc=50 W  src=/home/rootrecord/RootRecord-Ecosystem/2 - RootRecord-Database/ENERGY
2026-09-29T01:16:14-10:00  ▸  SUMMARY=delta2 soc=85% solar=0W ac_out=0W usbc=50W src=api db=ok
2026-09-29T01:16:14-10:00job:sys_stats_cycle RUN  bash "/home/rootrecord/RootRecord-Ecosystem/1 - Servers/1 - RootRecord-Pacific-Solar-Server/System/scripts/sys-sample.sh"
2026-09-29T01:16:15-10:00job:sys_stats_cycle | SYSTEM  cpu=9%  load=0.98  mem=63%  src=sqlite
2026-09-29T01:16:15-10:00job:sys_stats_cycle | OK wrote /home/rootrecord/RootRecord-Ecosystem/2 - RootRecord-Database/SYSTEM/samples/sys-20260929-011615.json
2026-09-29T01:16:39-10:00job:github_sync_all | — [pacific] no local changes
2026-09-29T01:16:39-10:00job:github_sync_all | ↓ [pacific] fetching origin/main
2026-09-29T01:16:39-10:00job:github_sync_all | From github.com:RootRecord-Software-Solutions/RootRecord-Pacific-Solar-Server
2026-09-29T01:16:39-10:00job:github_sync_all | * branch            main       -> FETCH_HEAD
2026-09-29T01:16:39-10:00job:github_sync_all | — [pacific] local and GitHub already match
2026-09-29T01:16:39-10:00job:github_sync_all | — [pacific] nothing to push
2026-09-29T01:16:39-10:00job:github_sync_all | ↑ [database] committed 14 local file(s)
2026-09-29T01:16:39-10:00job:github_sync_all | ↓ [database] fetching origin/main
2026-09-29T01:16:39-10:00job:github_sync_all | From github.com:RootRecord-Software-Solutions/RootRecord-Database
2026-09-29T01:16:39-10:00job:github_sync_all | * branch            main       -> FETCH_HEAD
2026-09-29T01:16:39-10:00job:github_sync_all | ↑ [database] local is ahead of GitHub
2026-09-29T01:16:39-10:00job:github_sync_all | To github.com:RootRecord-Software-Solutions/RootRecord-Database.git
2026-09-29T01:16:39-10:00job:github_sync_all | b3e6b80..e44642b  HEAD -> main
2026-09-29T01:16:39-10:00job:github_sync_all | branch 'main' set up to track 'origin/main'.
2026-09-29T01:16:39-10:00job:github_sync_all | ↑ [database] 14 files → RootRecord-Software-Solutions/RootRecord-Database (main)
2026-09-29T01:16:39-10:00job:github_sync_all | — [library] no local changes
2026-09-29T01:16:39-10:00job:github_sync_all | ↓ [library] fetching origin/main
2026-09-29T01:16:39-10:00job:github_sync_all | From github.com:RootRecord-Software-Solutions/RootRecord-Library
2026-09-29T01:16:39-10:00job:github_sync_all | * branch            main       -> FETCH_HEAD
2026-09-29T01:16:39-10:00job:github_sync_all | — [library] local and GitHub already match
2026-09-29T01:16:39-10:00job:github_sync_all | — [library] nothing to push
2026-09-29T01:16:39-10:00job:github_sync_all | — [skills] no local changes
2026-09-29T01:16:39-10:00job:github_sync_all | ↓ [skills] fetching origin/main
2026-09-29T01:16:39-10:00job:github_sync_all | From github.com:rootrecordsoftwaresolutions/Solar-Pacific-RootRecord-Server
2026-09-29T01:16:39-10:00job:github_sync_all | * branch            main       -> FETCH_HEAD
2026-09-29T01:16:39-10:00job:github_sync_all | — [skills] local and GitHub already match
2026-09-29T01:16:39-10:00job:github_sync_all | — [skills] nothing to push
2026-09-29T01:16:39-10:00job:worklog_scan RUN  bash "/home/rootrecord/RootRecord-Ecosystem/1 - Servers/1 - RootRecord-Pacific-Solar-Server/Reports/scripts/worklog_once.sh"
2026-09-29T01:16:42-10:00job:worklog_scan | OK wrote/updated /home/rootrecord/RootRecord-Ecosystem/2 - RootRecord-Database/WORKLOG/worklog_current.md
2026-09-29T01:16:42-10:00job:security_camera_frame_grab RUN  bash "/home/rootrecord/RootRecord-Ecosystem/1 - Servers/1 - RootRecord-Pacific-Solar-Server/Security/Cameras/grab_all.sh"
2026-09-29T01:16:55-10:00job:security_camera_frame_grab | 01:16:42  📷  a-eyes  ch1 → ch1-20260929T111642Z.jpg  (295.0 KB, 4.54s)
2026-09-29T01:16:55-10:00job:security_camera_frame_grab | 01:16:47  📷  a-eyes  ch2 → ch2-20260929T111647Z.jpg  (365.2 KB, 4.69s)
2026-09-29T01:16:55-10:00job:security_camera_frame_grab | 01:16:51  📷  a-eyes  ch3 → ch3-20260929T111651Z.jpg  (11.9 KB, 1.61s)
2026-09-29T01:16:55-10:00job:security_camera_frame_grab | 01:16:53  📷  a-eyes  ch4 → ch4-20260929T111653Z.jpg  (11.9 KB, 1.71s)
2026-09-29T01:16:56-10:00  ▸  SUMMARY=river2pro soc=0% solar=0W ac_out=73W usbc=95W src=api db=ok
2026-09-29T01:16:56-10:00job:sys_stats_cycle RUN  bash "/home/rootrecord/RootRecord-Ecosystem/1 - Servers/1 - RootRecord-Pacific-Solar-Server/System/scripts/sys-sample.sh"
2026-09-29T01:16:56-10:00job:sys_stats_cycle | SYSTEM  cpu=9%  load=1.33  mem=64%  src=sqlite
2026-09-29T01:16:56-10:00job:sys_stats_cycle | OK wrote /home/rootrecord/RootRecord-Ecosystem/2 - RootRecord-Database/SYSTEM/samples/sys-20260929-011656.json
2026-09-29T01:17:20-10:00job:github_sync_all | — [pacific] no local changes
2026-09-29T01:17:20-10:00job:github_sync_all | ↓ [pacific] fetching origin/main
2026-09-29T01:17:20-10:00job:github_sync_all | From github.com:RootRecord-Software-Solutions/RootRecord-Pacific-Solar-Server
2026-09-29T01:17:20-10:00job:github_sync_all | * branch            main       -> FETCH_HEAD
2026-09-29T01:17:20-10:00job:github_sync_all | — [pacific] local and GitHub already match
2026-09-29T01:17:20-10:00job:github_sync_all | — [pacific] nothing to push
2026-09-29T01:17:20-10:00job:github_sync_all | ↑ [database] committed 16 local file(s)
2026-09-29T01:17:20-10:00job:github_sync_all | ↓ [database] fetching origin/main
2026-09-29T01:17:20-10:00job:github_sync_all | From github.com:RootRecord-Software-Solutions/RootRecord-Database
2026-09-29T01:17:20-10:00job:github_sync_all | * branch            main       -> FETCH_HEAD
2026-09-29T01:17:20-10:00job:github_sync_all | ↑ [database] local is ahead of GitHub
2026-09-29T01:17:20-10:00job:github_sync_all | To github.com:RootRecord-Software-Solutions/RootRecord-Database.git
2026-09-29T01:17:20-10:00job:github_sync_all | e44642b..6c8b68a  HEAD -> main
2026-09-29T01:17:20-10:00job:github_sync_all | branch 'main' set up to track 'origin/main'.
2026-09-29T01:17:20-10:00job:github_sync_all | ↑ [database] 16 files → RootRecord-Software-Solutions/RootRecord-Database (main)
2026-09-29T01:17:20-10:00job:github_sync_all | — [library] no local changes
2026-09-29T01:17:20-10:00job:github_sync_all | ↓ [library] fetching origin/main
2026-09-29T01:17:20-10:00job:github_sync_all | From github.com:RootRecord-Software-Solutions/RootRecord-Library
2026-09-29T01:17:20-10:00job:github_sync_all | * branch            main       -> FETCH_HEAD
2026-09-29T01:17:20-10:00job:github_sync_all | — [library] local and GitHub already match
2026-09-29T01:17:20-10:00job:github_sync_all | — [library] nothing to push
2026-09-29T01:17:20-10:00job:github_sync_all | — [skills] no local changes
2026-09-29T01:17:20-10:00job:github_sync_all | ↓ [skills] fetching origin/main
2026-09-29T01:17:20-10:00job:github_sync_all | From github.com:rootrecordsoftwaresolutions/Solar-Pacific-RootRecord-Server
2026-09-29T01:17:20-10:00job:github_sync_all | * branch            main       -> FETCH_HEAD
2026-09-29T01:17:20-10:00job:github_sync_all | — [skills] local and GitHub already match
2026-09-29T01:17:20-10:00job:github_sync_all | — [skills] nothing to push
2026-09-29T01:17:20-10:00job:security_camera_frame_grab RUN  bash "/home/rootrecord/RootRecord-Ecosystem/1 - Servers/1 - RootRecord-Pacific-Solar-Server/Security/Cameras/grab_all.sh"
2026-09-29T01:17:32-10:00job:security_camera_frame_grab | 01:17:20  📷  a-eyes  ch1 → ch1-20260929T111720Z.jpg  (296.1 KB, 4.45s)
2026-09-29T01:17:32-10:00job:security_camera_frame_grab | 01:17:25  📷  a-eyes  ch2 → ch2-20260929T111725Z.jpg  (365.9 KB, 4.26s)
2026-09-29T01:17:32-10:00job:security_camera_frame_grab | 01:17:29  📷  a-eyes  ch3 → ch3-20260929T111729Z.jpg  (11.8 KB, 1.43s)
2026-09-29T01:17:32-10:00job:security_camera_frame_grab | 01:17:31  📷  a-eyes  ch4 → ch4-20260929T111731Z.jpg  (11.8 KB, 1.50s)
2026-09-29T01:17:32-10:00ENERGY  status=live  B2=85%  B1=0%  solar=0 W  ac=0 W  usbc=50 W  src=/home/rootrecord/RootRecord-Ecosystem/2 - RootRecord-Database/ENERGY
2026-09-29T01:17:33-10:00  ▸  SUMMARY=delta2 soc=85% solar=0W ac_out=0W usbc=50W src=api db=ok
2026-09-29T01:17:33-10:00job:sys_stats_cycle RUN  bash "/home/rootrecord/RootRecord-Ecosystem/1 - Servers/1 - RootRecord-Pacific-Solar-Server/System/scripts/sys-sample.sh"
2026-09-29T01:17:34-10:00job:sys_stats_cycle | SYSTEM  cpu=9%  load=1.17  mem=64%  src=sqlite
2026-09-29T01:17:34-10:00job:sys_stats_cycle | OK wrote /home/rootrecord/RootRecord-Ecosystem/2 - RootRecord-Database/SYSTEM/samples/sys-20260929-011734.json
2026-09-29T01:18:02-10:00job:github_sync_all | — [pacific] no local changes
2026-09-29T01:18:02-10:00job:github_sync_all | ↓ [pacific] fetching origin/main
2026-09-29T01:18:02-10:00job:github_sync_all | From github.com:RootRecord-Software-Solutions/RootRecord-Pacific-Solar-Server
2026-09-29T01:18:02-10:00job:github_sync_all | * branch            main       -> FETCH_HEAD
2026-09-29T01:18:02-10:00job:github_sync_all | — [pacific] local and GitHub already match
2026-09-29T01:18:02-10:00job:github_sync_all | — [pacific] nothing to push
2026-09-29T01:18:02-10:00job:github_sync_all | ↑ [database] committed 14 local file(s)
2026-09-29T01:18:02-10:00job:github_sync_all | ↓ [database] fetching origin/main
2026-09-29T01:18:02-10:00job:github_sync_all | From github.com:RootRecord-Software-Solutions/RootRecord-Database
2026-09-29T01:18:02-10:00job:github_sync_all | * branch            main       -> FETCH_HEAD
2026-09-29T01:18:02-10:00job:github_sync_all | ↑ [database] local is ahead of GitHub
2026-09-29T01:18:02-10:00job:github_sync_all | To github.com:RootRecord-Software-Solutions/RootRecord-Database.git
2026-09-29T01:18:02-10:00job:github_sync_all | 6c8b68a..013d7dc  HEAD -> main
2026-09-29T01:18:02-10:00job:github_sync_all | branch 'main' set up to track 'origin/main'.
2026-09-29T01:18:02-10:00job:github_sync_all | ↑ [database] 14 files → RootRecord-Software-Solutions/RootRecord-Database (main)
2026-09-29T01:18:02-10:00job:github_sync_all | — [library] no local changes
2026-09-29T01:18:02-10:00job:github_sync_all | ↓ [library] fetching origin/main
2026-09-29T01:18:02-10:00job:github_sync_all | From github.com:RootRecord-Software-Solutions/RootRecord-Library
2026-09-29T01:18:02-10:00job:github_sync_all | * branch            main       -> FETCH_HEAD
2026-09-29T01:18:02-10:00job:github_sync_all | — [library] local and GitHub already match
2026-09-29T01:18:02-10:00job:github_sync_all | — [library] nothing to push
2026-09-29T01:18:02-10:00job:github_sync_all | ↑ [skills] committed 6 local file(s)
2026-09-29T01:18:02-10:00job:github_sync_all | ↓ [skills] fetching origin/main
2026-09-29T01:18:02-10:00job:github_sync_all | From github.com:rootrecordsoftwaresolutions/Solar-Pacific-RootRecord-Server
2026-09-29T01:18:02-10:00job:github_sync_all | * branch            main       -> FETCH_HEAD
2026-09-29T01:18:02-10:00job:github_sync_all | ↑ [skills] local is ahead of GitHub
2026-09-29T01:18:02-10:00job:github_sync_all | To github.com:rootrecordsoftwaresolutions/Solar-Pacific-RootRecord-Server.git
2026-09-29T01:18:02-10:00job:github_sync_all | 0b2cfd1..8297c26  HEAD -> main
2026-09-29T01:18:02-10:00job:github_sync_all | branch 'main' set up to track 'origin/main'.
2026-09-29T01:18:02-10:00job:github_sync_all | ↑ [skills] 6 files → rootrecordsoftwaresolutions/Solar-Pacific-RootRecord-Server (main)
2026-09-29T01:18:02-10:00job:security_camera_frame_grab RUN  bash "/home/rootrecord/RootRecord-Ecosystem/1 - Servers/1 - RootRecord-Pacific-Solar-Server/Security/Cameras/grab_all.sh"
2026-09-29T01:18:14-10:00job:security_camera_frame_grab | 01:18:02  📷  a-eyes  ch1 → ch1-20260929T111802Z.jpg  (297.2 KB, 4.34s)
2026-09-29T01:18:14-10:00job:security_camera_frame_grab | 01:18:06  📷  a-eyes  ch2 → ch2-20260929T111806Z.jpg  (366.9 KB, 4.37s)
2026-09-29T01:18:14-10:00job:security_camera_frame_grab | 01:18:11  📷  a-eyes  ch3 → ch3-20260929T111811Z.jpg  (11.7 KB, 1.62s)
2026-09-29T01:18:14-10:00job:security_camera_frame_grab | 01:18:12  📷  a-eyes  ch4 → ch4-20260929T111812Z.jpg  (11.8 KB, 1.61s)
2026-09-29T01:18:15-10:00  ▸  SUMMARY=delta2 soc=85% solar=0W ac_out=0W usbc=50W src=api db=ok
2026-09-29T01:18:15-10:00job:sys_stats_cycle RUN  bash "/home/rootrecord/RootRecord-Ecosystem/1 - Servers/1 - RootRecord-Pacific-Solar-Server/System/scripts/sys-sample.sh"
2026-09-29T01:18:16-10:00job:sys_stats_cycle | SYSTEM  cpu=12%  load=2.41  mem=64%  src=sqlite
2026-09-29T01:18:16-10:00job:sys_stats_cycle | OK wrote /home/rootrecord/RootRecord-Ecosystem/2 - RootRecord-Database/SYSTEM/samples/sys-20260929-011816.json
2026-09-29T01:18:41-10:00job:github_sync_all | — [pacific] no local changes
2026-09-29T01:18:41-10:00job:github_sync_all | ↓ [pacific] fetching origin/main
2026-09-29T01:18:41-10:00job:github_sync_all | From github.com:RootRecord-Software-Solutions/RootRecord-Pacific-Solar-Server
2026-09-29T01:18:41-10:00job:github_sync_all | * branch            main       -> FETCH_HEAD
2026-09-29T01:18:41-10:00job:github_sync_all | — [pacific] local and GitHub already match
2026-09-29T01:18:41-10:00job:github_sync_all | — [pacific] nothing to push
2026-09-29T01:18:41-10:00job:github_sync_all | ↑ [database] committed 14 local file(s)
2026-09-29T01:18:41-10:00job:github_sync_all | ↓ [database] fetching origin/main
2026-09-29T01:18:41-10:00job:github_sync_all | From github.com:RootRecord-Software-Solutions/RootRecord-Database
2026-09-29T01:18:41-10:00job:github_sync_all | * branch            main       -> FETCH_HEAD
2026-09-29T01:18:41-10:00job:github_sync_all | ↑ [database] local is ahead of GitHub
2026-09-29T01:18:41-10:00job:github_sync_all | To github.com:RootRecord-Software-Solutions/RootRecord-Database.git
2026-09-29T01:18:41-10:00job:github_sync_all | 013d7dc..0e686df  HEAD -> main
2026-09-29T01:18:41-10:00job:github_sync_all | branch 'main' set up to track 'origin/main'.
2026-09-29T01:18:41-10:00job:github_sync_all | ↑ [database] 14 files → RootRecord-Software-Solutions/RootRecord-Database (main)
2026-09-29T01:18:41-10:00job:github_sync_all | — [library] no local changes
2026-09-29T01:18:41-10:00job:github_sync_all | ↓ [library] fetching origin/main
2026-09-29T01:18:41-10:00job:github_sync_all | From github.com:RootRecord-Software-Solutions/RootRecord-Library
2026-09-29T01:18:41-10:00job:github_sync_all | * branch            main       -> FETCH_HEAD
2026-09-29T01:18:41-10:00job:github_sync_all | — [library] local and GitHub already match
2026-09-29T01:18:41-10:00job:github_sync_all | — [library] nothing to push
2026-09-29T01:18:41-10:00job:github_sync_all | — [skills] no local changes
2026-09-29T01:18:41-10:00job:github_sync_all | ↓ [skills] fetching origin/main
2026-09-29T01:18:41-10:00job:github_sync_all | From github.com:rootrecordsoftwaresolutions/Solar-Pacific-RootRecord-Server
2026-09-29T01:18:41-10:00job:github_sync_all | * branch            main       -> FETCH_HEAD
2026-09-29T01:18:41-10:00job:github_sync_all | — [skills] local and GitHub already match
2026-09-29T01:18:41-10:00job:github_sync_all | — [skills] nothing to push
2026-09-29T01:18:41-10:00job:worklog_scan RUN  bash "/home/rootrecord/RootRecord-Ecosystem/1 - Servers/1 - RootRecord-Pacific-Solar-Server/Reports/scripts/worklog_once.sh"
2026-09-29T01:18:44-10:00job:worklog_scan | OK wrote/updated /home/rootrecord/RootRecord-Ecosystem/2 - RootRecord-Database/WORKLOG/worklog_current.md
2026-09-29T01:18:44-10:00job:security_camera_frame_grab RUN  bash "/home/rootrecord/RootRecord-Ecosystem/1 - Servers/1 - RootRecord-Pacific-Solar-Server/Security/Cameras/grab_all.sh"
2026-09-29T01:18:56-10:00job:security_camera_frame_grab | 01:18:44  📷  a-eyes  ch1 → ch1-20260929T111844Z.jpg  (296.7 KB, 4.43s)
2026-09-29T01:18:56-10:00job:security_camera_frame_grab | 01:18:48  📷  a-eyes  ch2 → ch2-20260929T111848Z.jpg  (365.6 KB, 4.34s)
2026-09-29T01:18:56-10:00job:security_camera_frame_grab | 01:18:53  📷  a-eyes  ch3 → ch3-20260929T111853Z.jpg  (11.9 KB, 1.52s)
2026-09-29T01:18:56-10:00job:security_camera_frame_grab | 01:18:54  📷  a-eyes  ch4 → ch4-20260929T111854Z.jpg  (11.9 KB, 1.46s)
2026-09-29T01:18:56-10:00ENERGY  status=live  B2=85%  B1=0%  solar=0 W  ac=0 W  usbc=50 W  src=/home/rootrecord/RootRecord-Ecosystem/2 - RootRecord-Database/ENERGY
2026-09-29T01:18:57-10:00  ▸  SUMMARY=river2pro soc=0% solar=0W ac_out=73W usbc=95W src=api db=ok
2026-09-29T01:18:57-10:00job:sys_stats_cycle RUN  bash "/home/rootrecord/RootRecord-Ecosystem/1 - Servers/1 - RootRecord-Pacific-Solar-Server/System/scripts/sys-sample.sh"
2026-09-29T01:18:57-10:00job:sys_stats_cycle | SYSTEM  cpu=15%  load=1.73  mem=64%  src=sqlite
2026-09-29T01:18:57-10:00job:sys_stats_cycle | OK wrote /home/rootrecord/RootRecord-Ecosystem/2 - RootRecord-Database/SYSTEM/samples/sys-20260929-011857.json
2026-09-29T01:19:09-10:00job:github_sync_all FAIL code=-15
2026-09-29T01:19:09-10:00job:github_sync_all ! — [pacific] no local changes
2026-09-29T01:19:09-10:00job:github_sync_all ! ↓ [pacific] fetching origin/main
2026-09-29T01:19:09-10:00job:github_sync_all ! From github.com:RootRecord-Software-Solutions/RootRecord-Pacific-Solar-Server
2026-09-29T01:19:09-10:00job:github_sync_all !  * branch            main       -> FETCH_HEAD
2026-09-29T01:19:09-10:00job:github_sync_all !    75d86f2..480990b  main       -> origin/main
2026-09-29T01:19:09-10:00job:github_sync_all ! ↓ [pacific] GitHub has changes; merging origin/main
2026-09-29T01:19:09-10:00job:github_sync_all ! Updating 75d86f2..480990b
2026-09-29T01:19:09-10:00job:github_sync_all ! Fast-forward
2026-09-29T01:19:09-10:00job:github_sync_all !  Communications/telegram/config/relay.conf        | 6 +++---
2026-09-29T01:19:09-10:00job:github_sync_all !  Communications/telegram/scripts/council-relay.py | 2 +-
2026-09-29T01:19:09-10:00job:github_sync_all !  Communications/telegram/scripts/ensure-relay.sh  | 4 ++--
2026-09-29T01:19:09-10:00job:github_sync_all !  3 files changed, 6 insertions(+), 6 deletions(-)
2026-09-29T01:19:09-10:00job:github_sync_all ! ✓ [pacific] GitHub changes merged into local main
2026-09-29T01:19:09-10:00job:github_sync_all ! ↻ [pacific] CODE_PULLED — poller stack reload armed
2026-09-29T01:19:09-10:00job:github_sync_all ! [reload] log=/home/rootrecord/Database/Logs/Automations/stack_reload_current.log
2026-09-29T01:19:09-10:00job:github_sync_all ! [reload] scheduled via systemd-run --on-active=8s
2026-09-29T01:19:09-10:00job:github_sync_all ! [reload] scheduled (log=/home/rootrecord/Database/Logs/Automations/stack_reload_current.log)
2026-09-29T01:19:09-10:00job:github_sync_all ! — [pacific] nothing to push
2026-09-29T01:19:09-10:00job:github_sync_all ! ↑ [database] committed 18 local file(s)
2026-09-29T01:19:09-10:00job:github_sync_all ! ↓ [database] fetching origin/main
2026-09-29T01:19:09-10:00job:security_camera_frame_grab RUN  bash "/home/rootrecord/RootRecord-Ecosystem/1 - Servers/1 - RootRecord-Pacific-Solar-Server/Security/Cameras/grab_all.sh"
2026-09-29T01:19:22-10:00job:security_camera_frame_grab | 01:19:09  📷  a-eyes  ch1 → ch1-20260929T111909Z.jpg  (295.2 KB, 4.64s)
2026-09-29T01:19:22-10:00job:security_camera_frame_grab | 01:19:14  📷  a-eyes  ch2 → ch2-20260929T111914Z.jpg  (364.3 KB, 4.56s)
2026-09-29T01:19:22-10:00job:security_camera_frame_grab | 01:19:18  📷  a-eyes  ch3 → ch3-20260929T111918Z.jpg  (11.8 KB, 1.71s)
2026-09-29T01:19:22-10:00job:security_camera_frame_grab | 01:19:20  📷  a-eyes  ch4 → ch4-20260929T111920Z.jpg  (11.8 KB, 1.79s)
2026-09-29T01:19:25-10:00HTTP listening on http://127.0.0.1:8799 (open access on bind)
2026-09-29T01:19:25-10:00boot:start  jobs=9
2026-09-29T01:19:25-10:00boot:run  priority=0  id=self_terminal
2026-09-29T01:19:25-10:00boot:p0 self_process pid=817736
2026-09-29T01:19:25-10:00boot:run  priority=1  id=cloudflare_tunnel
2026-09-29T01:19:25-10:00boot:p1 cloudflare_tunnel host=rootserver.rootrecord.cloud
2026-09-29T01:19:25-10:00internet OK at boot — starting tunnel
2026-09-29T01:19:25-10:00Starting cloudflared mode=token public_host=rootserver.rootrecord.cloud
2026-09-29T01:19:25-10:00Waiting for tunnel register (timeout=45s)…
2026-09-29T01:19:25-10:00tunnel starting
2026-09-29T01:19:26-10:00tunnel connected  conn=0  edge=lax09
2026-09-29T01:19:26-10:00Tunnel READY — first connection registered.
2026-09-29T01:19:26-10:00boot:run  priority=2  id=github_setup_remotes
2026-09-29T01:19:26-10:00tunnel ingress  rootserver.rootrecord.cloud → 127.0.0.1:8799
2026-09-29T01:19:26-10:00boot:run  priority=3  id=ollama_warmup
2026-09-29T01:19:26-10:00job:ollama_warmup RUN  bash '/home/rootrecord/RootRecord-Ecosystem/1 - Servers/1 - RootRecord-Pacific-Solar-Server/System/scripts/plumbing/ollama-warmup.sh'
2026-09-29T01:19:26-10:00job:ollama_warmup | [ok] ollama up
2026-09-29T01:19:26-10:00boot:run  priority=4  id=flm_npu_warmup
2026-09-29T01:19:26-10:00job:flm_npu_warmup RUN  bash '/home/rootrecord/RootRecord-Ecosystem/1 - Servers/1 - RootRecord-Pacific-Solar-Server/System/scripts/plumbing/flm-warmup.sh'
2026-09-29T01:19:26-10:00job:flm_npu_warmup | [skip] FLM binary not found (NPU path optional; Ollama remains fallback)
2026-09-29T01:19:26-10:00boot:run  priority=5  id=council_relay
2026-09-29T01:19:26-10:00tunnel connected  conn=1  edge=sjc10
2026-09-29T01:19:26-10:00job:council_relay RUN  bash "/home/rootrecord/RootRecord-Ecosystem/1 - Servers/1 - RootRecord-Pacific-Solar-Server/Communications/telegram/scripts/ensure-relay.sh"
2026-09-29T01:19:26-10:00job:council_relay FAIL code=127
2026-09-29T01:19:26-10:00job:council_relay ! /home/rootrecord/RootRecord-Ecosystem/1 - Servers/1 - RootRecord-Pacific-Solar-Server/Communications/telegram/scripts/ensure-relay.sh: line 12: -: command not found
2026-09-29T01:19:26-10:00boot:run  priority=6  id=security_camera_server
2026-09-29T01:19:26-10:00job:security_camera_server RUN  bash "/home/rootrecord/RootRecord-Ecosystem/1 - Servers/1 - RootRecord-Pacific-Solar-Server/Security/Cameras/ensure_cam_server.sh"
2026-09-29T01:19:27-10:00job:security_camera_server | security cam server started
2026-09-29T01:19:27-10:00boot:run  priority=7  id=security_timelapse_catchup
2026-09-29T01:19:27-10:00job:security_timelapse_catchup RUN  bash "/home/rootrecord/RootRecord-Ecosystem/1 - Servers/1 - RootRecord-Pacific-Solar-Server/Security/Cameras/timelapse_catchup.sh"
2026-09-29T01:19:27-10:00job:security_timelapse_catchup | 01:19:27  🎬  a-eyes-timelapse  catchup: checking 20260929, now=01:19 HST
2026-09-29T01:19:27-10:00job:security_timelapse_catchup | 01:19:27  🎬  a-eyes-timelapse  catchup: window still open today, skipping daily render
2026-09-29T01:19:27-10:00boot:run  priority=9  id=network_globe_hawaii
2026-09-29T01:19:27-10:00job:network_globe_hawaii RUN  bash "/home/rootrecord/RootRecord-Ecosystem/1 - Servers/1 - RootRecord-Pacific-Solar-Server/Communications/network/scripts/ensure-network-globe-hawaii.sh"
2026-09-29T01:19:27-10:00tunnel connected  conn=2  edge=sjc05
2026-09-29T01:19:28-10:00job:network_globe_hawaii | [ensure-network-globe-hawaii] starting network-globe-hawaii.service
2026-09-29T01:19:28-10:00job:network_globe_hawaii | [ensure-network-globe-hawaii] verify: network-globe-hawaii.service is active
2026-09-29T01:19:28-10:00boot:done
2026-09-29T01:19:28-10:00tunnel connected  conn=3  edge=lax11
2026-09-29T01:19:30-10:00  ▸  SUMMARY=delta2 soc=85% solar=0W ac_out=0W usbc=50W src=api db=ok
2026-09-29T01:19:30-10:00scheduler  every_seconds=6  every_minute=1  every_hour=2  on_at=3
2026-09-29T01:19:30-10:00ENERGY  status=live  B2=85%  B1=0%  solar=0 W  ac=0 W  usbc=50 W  src=/home/rootrecord/RootRecord-Ecosystem/2 - RootRecord-Database/ENERGY
2026-09-29T01:19:30-10:00  ▸  SUMMARY=delta2 soc=85% solar=0W ac_out=0W usbc=50W src=api db=ok
2026-09-29T01:19:30-10:00job:sys_stats_cycle RUN  bash "/home/rootrecord/RootRecord-Ecosystem/1 - Servers/1 - RootRecord-Pacific-Solar-Server/System/scripts/sys-sample.sh"
2026-09-29T01:19:31-10:00job:sys_stats_cycle | SYSTEM  cpu=8%  load=1.37  mem=63%  src=sqlite
2026-09-29T01:19:31-10:00job:sys_stats_cycle | OK wrote /home/rootrecord/RootRecord-Ecosystem/2 - RootRecord-Database/SYSTEM/samples/sys-20260929-011931.json
2026-09-29T01:20:01-10:00job:github_sync_all | — [pacific] no local changes
2026-09-29T01:20:01-10:00job:github_sync_all | ↓ [pacific] fetching origin/main
2026-09-29T01:20:01-10:00job:github_sync_all | From github.com:RootRecord-Software-Solutions/RootRecord-Pacific-Solar-Server
2026-09-29T01:20:01-10:00job:github_sync_all | * branch            main       -> FETCH_HEAD
2026-09-29T01:20:01-10:00job:github_sync_all | * [new branch]      main       -> origin/main
2026-09-29T01:20:01-10:00job:github_sync_all | — [pacific] local and GitHub already match
2026-09-29T01:20:01-10:00job:github_sync_all | — [pacific] nothing to push
2026-09-29T01:20:01-10:00job:github_sync_all | ↑ [database] committed 18 local file(s)
2026-09-29T01:20:01-10:00job:github_sync_all | ↓ [database] fetching origin/main
2026-09-29T01:20:01-10:00job:github_sync_all | From github.com:RootRecord-Software-Solutions/RootRecord-Database
2026-09-29T01:20:01-10:00job:github_sync_all | * branch            main       -> FETCH_HEAD
2026-09-29T01:20:01-10:00job:github_sync_all | * [new branch]      main       -> origin/main
2026-09-29T01:20:01-10:00job:github_sync_all | ↑ [database] local is ahead of GitHub
2026-09-29T01:20:01-10:00job:github_sync_all | To github.com:RootRecord-Software-Solutions/RootRecord-Database.git
2026-09-29T01:20:01-10:00job:github_sync_all | 0e686df..465602f  HEAD -> main
2026-09-29T01:20:01-10:00job:github_sync_all | branch 'main' set up to track 'origin/main'.
2026-09-29T01:20:01-10:00job:github_sync_all | ↑ [database] 18 files → RootRecord-Software-Solutions/RootRecord-Database (main)
2026-09-29T01:20:01-10:00job:github_sync_all | ↑ [library] committed 3 local file(s)
2026-09-29T01:20:01-10:00job:github_sync_all | ↓ [library] fetching origin/main
2026-09-29T01:20:01-10:00job:github_sync_all | From github.com:RootRecord-Software-Solutions/RootRecord-Library
2026-09-29T01:20:01-10:00job:github_sync_all | * branch            main       -> FETCH_HEAD
2026-09-29T01:20:01-10:00job:github_sync_all | * [new branch]      main       -> origin/main
2026-09-29T01:20:01-10:00job:github_sync_all | ↑ [library] local is ahead of GitHub
2026-09-29T01:20:01-10:00job:github_sync_all | To github.com:RootRecord-Software-Solutions/RootRecord-Library.git
2026-09-29T01:20:01-10:00job:github_sync_all | 7896571..e6841a3  HEAD -> main
2026-09-29T01:20:01-10:00job:github_sync_all | branch 'main' set up to track 'origin/main'.
2026-09-29T01:20:01-10:00job:github_sync_all | ↑ [library] 3 files → RootRecord-Software-Solutions/RootRecord-Library (main)
2026-09-29T01:20:01-10:00job:github_sync_all | — [skills] no local changes
2026-09-29T01:20:01-10:00job:github_sync_all | ↓ [skills] fetching origin/main
2026-09-29T01:20:01-10:00job:github_sync_all | From github.com:rootrecordsoftwaresolutions/Solar-Pacific-RootRecord-Server
2026-09-29T01:20:01-10:00job:github_sync_all | * branch            main       -> FETCH_HEAD
2026-09-29T01:20:01-10:00job:github_sync_all | * [new branch]      main       -> origin/main
2026-09-29T01:20:01-10:00job:github_sync_all | — [skills] local and GitHub already match
2026-09-29T01:20:01-10:00job:github_sync_all | — [skills] nothing to push
2026-09-29T01:20:01-10:00job:worklog_scan RUN  bash "/home/rootrecord/RootRecord-Ecosystem/1 - Servers/1 - RootRecord-Pacific-Solar-Server/Reports/scripts/worklog_once.sh"
2026-09-29T01:20:03-10:00tunnel timeout — reconnecting
2026-09-29T01:20:03-10:00job:worklog_scan | OK wrote/updated /home/rootrecord/RootRecord-Ecosystem/2 - RootRecord-Database/WORKLOG/worklog_current.md
2026-09-29T01:20:03-10:00job:security_camera_frame_grab RUN  bash "/home/rootrecord/RootRecord-Ecosystem/1 - Servers/1 - RootRecord-Pacific-Solar-Server/Security/Cameras/grab_all.sh"
2026-09-29T01:20:04-10:00tunnel timeout — reconnecting
2026-09-29T01:20:04-10:00tunnel timeout — reconnecting
2026-09-29T01:20:04-10:00tunnel timeout — reconnecting
2026-09-29T01:20:04-10:00tunnel timeout — reconnecting
2026-09-29T01:20:05-10:00tunnel timeout — reconnecting
2026-09-29T01:20:05-10:00tunnel connected  conn=0  edge=lax05
2026-09-29T01:20:05-10:00tunnel timeout — reconnecting
2026-09-29T01:20:08-10:00tunnel connected  conn=1  edge=lax01
2026-09-29T01:20:08-10:00tunnel connected  conn=3  edge=lax05
2026-09-29T01:20:09-10:00tunnel connected  conn=2  edge=lax01
2026-09-29T01:20:15-10:00job:security_camera_frame_grab | 01:20:03  📷  a-eyes  ch1 → ch1-20260929T112003Z.jpg  (295.7 KB, 4.46s)
2026-09-29T01:20:15-10:00job:security_camera_frame_grab | 01:20:08  📷  a-eyes  ch2 → ch2-20260929T112008Z.jpg  (363.5 KB, 4.35s)
2026-09-29T01:20:15-10:00job:security_camera_frame_grab | 01:20:12  📷  a-eyes  ch3 → ch3-20260929T112012Z.jpg  (11.9 KB, 1.61s)
2026-09-29T01:20:15-10:00job:security_camera_frame_grab | 01:20:14  📷  a-eyes  ch4 → ch4-20260929T112014Z.jpg  (11.9 KB, 1.55s)
2026-09-29T01:20:16-10:00  ▸  SUMMARY=river2pro soc=0% solar=0W ac_out=73W usbc=95W src=api db=ok
2026-09-29T01:20:16-10:00job:sys_stats_cycle RUN  bash "/home/rootrecord/RootRecord-Ecosystem/1 - Servers/1 - RootRecord-Pacific-Solar-Server/System/scripts/sys-sample.sh"
2026-09-29T01:20:17-10:00job:sys_stats_cycle | SYSTEM  cpu=8%  load=1.17  mem=64%  src=sqlite
2026-09-29T01:20:17-10:00job:sys_stats_cycle | OK wrote /home/rootrecord/RootRecord-Ecosystem/2 - RootRecord-Database/SYSTEM/samples/sys-20260929-012017.json
2026-09-29T01:20:42-10:00job:github_sync_all | — [pacific] no local changes
2026-09-29T01:20:42-10:00job:github_sync_all | ↓ [pacific] fetching origin/main
2026-09-29T01:20:42-10:00job:github_sync_all | From github.com:RootRecord-Software-Solutions/RootRecord-Pacific-Solar-Server
2026-09-29T01:20:42-10:00job:github_sync_all | * branch            main       -> FETCH_HEAD
2026-09-29T01:20:42-10:00job:github_sync_all | — [pacific] local and GitHub already match
2026-09-29T01:20:42-10:00job:github_sync_all | — [pacific] nothing to push
2026-09-29T01:20:42-10:00job:github_sync_all | ↑ [database] committed 19 local file(s)
2026-09-29T01:20:42-10:00job:github_sync_all | ↓ [database] fetching origin/main
2026-09-29T01:20:42-10:00job:github_sync_all | From github.com:RootRecord-Software-Solutions/RootRecord-Database
2026-09-29T01:20:42-10:00job:github_sync_all | * branch            main       -> FETCH_HEAD
2026-09-29T01:20:42-10:00job:github_sync_all | ↑ [database] local is ahead of GitHub
2026-09-29T01:20:42-10:00job:github_sync_all | To github.com:RootRecord-Software-Solutions/RootRecord-Database.git
2026-09-29T01:20:42-10:00job:github_sync_all | 465602f..d6d349b  HEAD -> main
2026-09-29T01:20:42-10:00job:github_sync_all | branch 'main' set up to track 'origin/main'.
2026-09-29T01:20:42-10:00job:github_sync_all | ↑ [database] 19 files → RootRecord-Software-Solutions/RootRecord-Database (main)
2026-09-29T01:20:42-10:00job:github_sync_all | — [library] no local changes
2026-09-29T01:20:42-10:00job:github_sync_all | ↓ [library] fetching origin/main
2026-09-29T01:20:42-10:00job:github_sync_all | From github.com:RootRecord-Software-Solutions/RootRecord-Library
2026-09-29T01:20:42-10:00job:github_sync_all | * branch            main       -> FETCH_HEAD
2026-09-29T01:20:42-10:00job:github_sync_all | — [library] local and GitHub already match
2026-09-29T01:20:42-10:00job:github_sync_all | — [library] nothing to push
2026-09-29T01:20:42-10:00job:github_sync_all | — [skills] no local changes
2026-09-29T01:20:42-10:00job:github_sync_all | ↓ [skills] fetching origin/main
2026-09-29T01:20:42-10:00job:github_sync_all | From github.com:rootrecordsoftwaresolutions/Solar-Pacific-RootRecord-Server
2026-09-29T01:20:42-10:00job:github_sync_all | * branch            main       -> FETCH_HEAD
2026-09-29T01:20:42-10:00job:github_sync_all | — [skills] local and GitHub already match
2026-09-29T01:20:42-10:00job:github_sync_all | — [skills] nothing to push
2026-09-29T01:20:42-10:00job:security_camera_frame_grab RUN  bash "/home/rootrecord/RootRecord-Ecosystem/1 - Servers/1 - RootRecord-Pacific-Solar-Server/Security/Cameras/grab_all.sh"
2026-09-29T01:20:54-10:00job:security_camera_frame_grab | 01:20:42  📷  a-eyes  ch1 → ch1-20260929T112042Z.jpg  (294.4 KB, 4.48s)
2026-09-29T01:20:54-10:00job:security_camera_frame_grab | 01:20:46  📷  a-eyes  ch2 → ch2-20260929T112046Z.jpg  (360.2 KB, 4.34s)
2026-09-29T01:20:54-10:00job:security_camera_frame_grab | 01:20:51  📷  a-eyes  ch3 → ch3-20260929T112051Z.jpg  (11.9 KB, 1.63s)
2026-09-29T01:20:54-10:00job:security_camera_frame_grab | 01:20:52  📷  a-eyes  ch4 → ch4-20260929T112052Z.jpg  (11.9 KB, 1.70s)
2026-09-29T01:20:54-10:00ENERGY  status=live  B2=85%  B1=0%  solar=0 W  ac=0 W  usbc=50 W  src=/home/rootrecord/RootRecord-Ecosystem/2 - RootRecord-Database/ENERGY
2026-09-29T01:20:55-10:00  ▸  SUMMARY=delta2 soc=85% solar=0W ac_out=0W usbc=50W src=api db=ok
2026-09-29T01:20:55-10:00job:sys_stats_cycle RUN  bash "/home/rootrecord/RootRecord-Ecosystem/1 - Servers/1 - RootRecord-Pacific-Solar-Server/System/scripts/sys-sample.sh"
2026-09-29T01:20:56-10:00job:sys_stats_cycle | SYSTEM  cpu=15%  load=1.19  mem=64%  src=sqlite
2026-09-29T01:20:56-10:00job:sys_stats_cycle | OK wrote /home/rootrecord/RootRecord-Ecosystem/2 - RootRecord-Database/SYSTEM/samples/sys-20260929-012055.json
2026-09-29T01:21:21-10:00job:github_sync_all | ↑ [pacific] committed 1 local file(s)
2026-09-29T01:21:21-10:00job:github_sync_all | ↓ [pacific] fetching origin/main
2026-09-29T01:21:21-10:00job:github_sync_all | From github.com:RootRecord-Software-Solutions/RootRecord-Pacific-Solar-Server
2026-09-29T01:21:21-10:00job:github_sync_all | * branch            main       -> FETCH_HEAD
2026-09-29T01:21:21-10:00job:github_sync_all | ↑ [pacific] local is ahead of GitHub
2026-09-29T01:21:21-10:00job:github_sync_all | To github.com:RootRecord-Software-Solutions/RootRecord-Pacific-Solar-Server.git
2026-09-29T01:21:21-10:00job:github_sync_all | 480990b..f27604d  HEAD -> main
2026-09-29T01:21:21-10:00job:github_sync_all | branch 'main' set up to track 'origin/main'.
2026-09-29T01:21:21-10:00job:github_sync_all | ↑ [pacific] 1 files → RootRecord-Software-Solutions/RootRecord-Pacific-Solar-Server (main)
2026-09-29T01:21:21-10:00job:github_sync_all | ↑ [database] committed 14 local file(s)
2026-09-29T01:21:21-10:00job:github_sync_all | ↓ [database] fetching origin/main
2026-09-29T01:21:21-10:00job:github_sync_all | From github.com:RootRecord-Software-Solutions/RootRecord-Database
2026-09-29T01:21:21-10:00job:github_sync_all | * branch            main       -> FETCH_HEAD
2026-09-29T01:21:21-10:00job:github_sync_all | ↑ [database] local is ahead of GitHub
2026-09-29T01:21:21-10:00job:github_sync_all | To github.com:RootRecord-Software-Solutions/RootRecord-Database.git
2026-09-29T01:21:21-10:00job:github_sync_all | d6d349b..28cc454  HEAD -> main
2026-09-29T01:21:21-10:00job:github_sync_all | branch 'main' set up to track 'origin/main'.
2026-09-29T01:21:21-10:00job:github_sync_all | ↑ [database] 14 files → RootRecord-Software-Solutions/RootRecord-Database (main)
2026-09-29T01:21:21-10:00job:github_sync_all | — [library] no local changes
2026-09-29T01:21:21-10:00job:github_sync_all | ↓ [library] fetching origin/main
2026-09-29T01:21:21-10:00job:github_sync_all | From github.com:RootRecord-Software-Solutions/RootRecord-Library
2026-09-29T01:21:21-10:00job:github_sync_all | * branch            main       -> FETCH_HEAD
2026-09-29T01:21:21-10:00job:github_sync_all | — [library] local and GitHub already match
2026-09-29T01:21:21-10:00job:github_sync_all | — [library] nothing to push
2026-09-29T01:21:21-10:00job:github_sync_all | — [skills] no local changes
2026-09-29T01:21:21-10:00job:github_sync_all | ↓ [skills] fetching origin/main
2026-09-29T01:21:21-10:00job:github_sync_all | From github.com:rootrecordsoftwaresolutions/Solar-Pacific-RootRecord-Server
2026-09-29T01:21:21-10:00job:github_sync_all | * branch            main       -> FETCH_HEAD
2026-09-29T01:21:21-10:00job:github_sync_all | — [skills] local and GitHub already match
2026-09-29T01:21:21-10:00job:github_sync_all | — [skills] nothing to push
2026-09-29T01:21:21-10:00job:security_camera_frame_grab RUN  bash "/home/rootrecord/RootRecord-Ecosystem/1 - Servers/1 - RootRecord-Pacific-Solar-Server/Security/Cameras/grab_all.sh"
2026-09-29T01:21:33-10:00job:security_camera_frame_grab | 01:21:21  📷  a-eyes  ch1 → ch1-20260929T112121Z.jpg  (300.3 KB, 4.25s)
2026-09-29T01:21:33-10:00job:security_camera_frame_grab | 01:21:25  📷  a-eyes  ch2 → ch2-20260929T112125Z.jpg  (368.1 KB, 4.38s)
2026-09-29T01:21:33-10:00job:security_camera_frame_grab | 01:21:29  📷  a-eyes  ch3 → ch3-20260929T112129Z.jpg  (11.8 KB, 1.61s)
2026-09-29T01:21:33-10:00job:security_camera_frame_grab | 01:21:31  📷  a-eyes  ch4 → ch4-20260929T112131Z.jpg  (11.7 KB, 1.62s)
2026-09-29T01:21:34-10:00  ▸  SUMMARY=delta2 soc=85% solar=0W ac_out=0W usbc=50W src=api db=ok
2026-09-29T01:21:34-10:00job:sys_stats_cycle RUN  bash "/home/rootrecord/RootRecord-Ecosystem/1 - Servers/1 - RootRecord-Pacific-Solar-Server/System/scripts/sys-sample.sh"
2026-09-29T01:21:34-10:00job:sys_stats_cycle | SYSTEM  cpu=8%  load=1.24  mem=65%  src=sqlite
2026-09-29T01:21:34-10:00job:sys_stats_cycle | OK wrote /home/rootrecord/RootRecord-Ecosystem/2 - RootRecord-Database/SYSTEM/samples/sys-20260929-012134.json
2026-09-29T01:21:58-10:00job:github_sync_all | — [pacific] no local changes
2026-09-29T01:21:58-10:00job:github_sync_all | ↓ [pacific] fetching origin/main
2026-09-29T01:21:58-10:00job:github_sync_all | From github.com:RootRecord-Software-Solutions/RootRecord-Pacific-Solar-Server
2026-09-29T01:21:58-10:00job:github_sync_all | * branch            main       -> FETCH_HEAD
2026-09-29T01:21:58-10:00job:github_sync_all | — [pacific] local and GitHub already match
2026-09-29T01:21:58-10:00job:github_sync_all | — [pacific] nothing to push
2026-09-29T01:21:58-10:00job:github_sync_all | ↑ [database] committed 14 local file(s)
2026-09-29T01:21:58-10:00job:github_sync_all | ↓ [database] fetching origin/main
2026-09-29T01:21:58-10:00job:github_sync_all | From github.com:RootRecord-Software-Solutions/RootRecord-Database
2026-09-29T01:21:58-10:00job:github_sync_all | * branch            main       -> FETCH_HEAD
2026-09-29T01:21:58-10:00job:github_sync_all | ↑ [database] local is ahead of GitHub
2026-09-29T01:21:58-10:00job:github_sync_all | To github.com:RootRecord-Software-Solutions/RootRecord-Database.git
2026-09-29T01:21:58-10:00job:github_sync_all | 28cc454..459d93e  HEAD -> main
2026-09-29T01:21:58-10:00job:github_sync_all | branch 'main' set up to track 'origin/main'.
2026-09-29T01:21:58-10:00job:github_sync_all | ↑ [database] 14 files → RootRecord-Software-Solutions/RootRecord-Database (main)
2026-09-29T01:21:58-10:00job:github_sync_all | — [library] no local changes
2026-09-29T01:21:58-10:00job:github_sync_all | ↓ [library] fetching origin/main
2026-09-29T01:21:58-10:00job:github_sync_all | From github.com:RootRecord-Software-Solutions/RootRecord-Library
2026-09-29T01:21:58-10:00job:github_sync_all | * branch            main       -> FETCH_HEAD
2026-09-29T01:21:58-10:00job:github_sync_all | — [library] local and GitHub already match
2026-09-29T01:21:58-10:00job:github_sync_all | — [library] nothing to push
2026-09-29T01:21:58-10:00job:github_sync_all | — [skills] no local changes
2026-09-29T01:21:58-10:00job:github_sync_all | ↓ [skills] fetching origin/main
2026-09-29T01:21:58-10:00job:github_sync_all | From github.com:rootrecordsoftwaresolutions/Solar-Pacific-RootRecord-Server
2026-09-29T01:21:58-10:00job:github_sync_all | * branch            main       -> FETCH_HEAD
2026-09-29T01:21:58-10:00job:github_sync_all | — [skills] local and GitHub already match
2026-09-29T01:21:58-10:00job:github_sync_all | — [skills] nothing to push
2026-09-29T01:21:58-10:00job:worklog_scan RUN  bash "/home/rootrecord/RootRecord-Ecosystem/1 - Servers/1 - RootRecord-Pacific-Solar-Server/Reports/scripts/worklog_once.sh"
2026-09-29T01:22:01-10:00job:worklog_scan | OK wrote/updated /home/rootrecord/RootRecord-Ecosystem/2 - RootRecord-Database/WORKLOG/worklog_current.md
2026-09-29T01:22:01-10:00job:security_camera_frame_grab RUN  bash "/home/rootrecord/RootRecord-Ecosystem/1 - Servers/1 - RootRecord-Pacific-Solar-Server/Security/Cameras/grab_all.sh"
2026-09-29T01:22:14-10:00job:security_camera_frame_grab | 01:22:01  📷  a-eyes  ch1 → ch1-20260929T112201Z.jpg  (296.9 KB, 4.60s)
2026-09-29T01:22:14-10:00job:security_camera_frame_grab | 01:22:06  📷  a-eyes  ch2 → ch2-20260929T112206Z.jpg  (361.5 KB, 4.59s)
2026-09-29T01:22:14-10:00job:security_camera_frame_grab | 01:22:11  📷  a-eyes  ch3 → ch3-20260929T112211Z.jpg  (11.8 KB, 1.47s)
2026-09-29T01:22:14-10:00job:security_camera_frame_grab | 01:22:12  📷  a-eyes  ch4 → ch4-20260929T112212Z.jpg  (11.9 KB, 1.65s)
2026-09-29T01:22:14-10:00ENERGY  status=live  B2=85%  B1=0%  solar=0 W  ac=0 W  usbc=50 W  src=/home/rootrecord/RootRecord-Ecosystem/2 - RootRecord-Database/ENERGY
2026-09-29T01:22:15-10:00  ▸  SUMMARY=delta2 soc=85% solar=0W ac_out=0W usbc=50W src=api db=ok
2026-09-29T01:22:15-10:00job:sys_stats_cycle RUN  bash "/home/rootrecord/RootRecord-Ecosystem/1 - Servers/1 - RootRecord-Pacific-Solar-Server/System/scripts/sys-sample.sh"
2026-09-29T01:22:16-10:00job:sys_stats_cycle | SYSTEM  cpu=26%  load=1.02  mem=66%  src=sqlite
2026-09-29T01:22:16-10:00job:sys_stats_cycle | OK wrote /home/rootrecord/RootRecord-Ecosystem/2 - RootRecord-Database/SYSTEM/samples/sys-20260929-012215.json
2026-09-29T01:22:43-10:00job:github_sync_all | — [pacific] no local changes
2026-09-29T01:22:43-10:00job:github_sync_all | ↓ [pacific] fetching origin/main
2026-09-29T01:22:43-10:00job:github_sync_all | From github.com:RootRecord-Software-Solutions/RootRecord-Pacific-Solar-Server
2026-09-29T01:22:43-10:00job:github_sync_all | * branch            main       -> FETCH_HEAD
2026-09-29T01:22:43-10:00job:github_sync_all | — [pacific] local and GitHub already match
2026-09-29T01:22:43-10:00job:github_sync_all | — [pacific] nothing to push
2026-09-29T01:22:43-10:00job:github_sync_all | ↑ [database] committed 19 local file(s)
2026-09-29T01:22:43-10:00job:github_sync_all | ↓ [database] fetching origin/main
2026-09-29T01:22:43-10:00job:github_sync_all | From github.com:RootRecord-Software-Solutions/RootRecord-Database
2026-09-29T01:22:43-10:00job:github_sync_all | * branch            main       -> FETCH_HEAD
2026-09-29T01:22:43-10:00job:github_sync_all | ↑ [database] local is ahead of GitHub
2026-09-29T01:22:43-10:00job:github_sync_all | To github.com:RootRecord-Software-Solutions/RootRecord-Database.git
2026-09-29T01:22:43-10:00job:github_sync_all | 459d93e..62e4e8d  HEAD -> main
2026-09-29T01:22:43-10:00job:github_sync_all | branch 'main' set up to track 'origin/main'.
2026-09-29T01:22:43-10:00job:github_sync_all | ↑ [database] 19 files → RootRecord-Software-Solutions/RootRecord-Database (main)
2026-09-29T01:22:43-10:00job:github_sync_all | ↑ [library] committed 1 local file(s)
2026-09-29T01:22:43-10:00job:github_sync_all | ↓ [library] fetching origin/main
2026-09-29T01:22:43-10:00job:github_sync_all | From github.com:RootRecord-Software-Solutions/RootRecord-Library
2026-09-29T01:22:43-10:00job:github_sync_all | * branch            main       -> FETCH_HEAD
2026-09-29T01:22:43-10:00job:github_sync_all | ↑ [library] local is ahead of GitHub
2026-09-29T01:22:43-10:00job:github_sync_all | To github.com:RootRecord-Software-Solutions/RootRecord-Library.git
2026-09-29T01:22:43-10:00job:github_sync_all | e6841a3..9c68d49  HEAD -> main
2026-09-29T01:22:43-10:00job:github_sync_all | branch 'main' set up to track 'origin/main'.
2026-09-29T01:22:43-10:00job:github_sync_all | ↑ [library] 1 files → RootRecord-Software-Solutions/RootRecord-Library (main)
2026-09-29T01:22:43-10:00job:github_sync_all | — [skills] no local changes
2026-09-29T01:22:43-10:00job:github_sync_all | ↓ [skills] fetching origin/main
2026-09-29T01:22:43-10:00job:github_sync_all | From github.com:rootrecordsoftwaresolutions/Solar-Pacific-RootRecord-Server
2026-09-29T01:22:43-10:00job:github_sync_all | * branch            main       -> FETCH_HEAD
2026-09-29T01:22:43-10:00job:github_sync_all | — [skills] local and GitHub already match
2026-09-29T01:22:43-10:00job:github_sync_all | — [skills] nothing to push
2026-09-29T01:22:43-10:00job:security_camera_frame_grab RUN  bash "/home/rootrecord/RootRecord-Ecosystem/1 - Servers/1 - RootRecord-Pacific-Solar-Server/Security/Cameras/grab_all.sh"
2026-09-29T01:22:56-10:00job:security_camera_frame_grab | 01:22:43  📷  a-eyes  ch1 → ch1-20260929T112243Z.jpg  (298.4 KB, 4.55s)
2026-09-29T01:22:56-10:00job:security_camera_frame_grab | 01:22:48  📷  a-eyes  ch2 → ch2-20260929T112248Z.jpg  (370.9 KB, 4.58s)
2026-09-29T01:22:56-10:00job:security_camera_frame_grab | 01:22:52  📷  a-eyes  ch3 → ch3-20260929T112252Z.jpg  (12.0 KB, 1.61s)
2026-09-29T01:22:56-10:00job:security_camera_frame_grab | 01:22:54  📷  a-eyes  ch4 → ch4-20260929T112254Z.jpg  (11.9 KB, 1.72s)
2026-09-29T01:22:57-10:00  ▸  SUMMARY=river2pro soc=0% solar=0W ac_out=73W usbc=95W src=api db=ok
2026-09-29T01:22:57-10:00job:sys_stats_cycle RUN  bash "/home/rootrecord/RootRecord-Ecosystem/1 - Servers/1 - RootRecord-Pacific-Solar-Server/System/scripts/sys-sample.sh"
2026-09-29T01:22:58-10:00job:sys_stats_cycle | SYSTEM  cpu=11%  load=0.97  mem=68%  src=sqlite
2026-09-29T01:22:58-10:00job:sys_stats_cycle | OK wrote /home/rootrecord/RootRecord-Ecosystem/2 - RootRecord-Database/SYSTEM/samples/sys-20260929-012258.json
2026-09-29T01:23:24-10:00job:github_sync_all | — [pacific] no local changes
2026-09-29T01:23:24-10:00job:github_sync_all | ↓ [pacific] fetching origin/main
2026-09-29T01:23:24-10:00job:github_sync_all | From github.com:RootRecord-Software-Solutions/RootRecord-Pacific-Solar-Server
2026-09-29T01:23:24-10:00job:github_sync_all | * branch            main       -> FETCH_HEAD
2026-09-29T01:23:24-10:00job:github_sync_all | — [pacific] local and GitHub already match
2026-09-29T01:23:24-10:00job:github_sync_all | — [pacific] nothing to push
2026-09-29T01:23:24-10:00job:github_sync_all | ↑ [database] committed 13 local file(s)
2026-09-29T01:23:24-10:00job:github_sync_all | ↓ [database] fetching origin/main
2026-09-29T01:23:24-10:00job:github_sync_all | From github.com:RootRecord-Software-Solutions/RootRecord-Database
2026-09-29T01:23:24-10:00job:github_sync_all | * branch            main       -> FETCH_HEAD
2026-09-29T01:23:24-10:00job:github_sync_all | ↑ [database] local is ahead of GitHub
2026-09-29T01:23:24-10:00job:github_sync_all | To github.com:RootRecord-Software-Solutions/RootRecord-Database.git
2026-09-29T01:23:24-10:00job:github_sync_all | 62e4e8d..82d632a  HEAD -> main
2026-09-29T01:23:24-10:00job:github_sync_all | branch 'main' set up to track 'origin/main'.
2026-09-29T01:23:24-10:00job:github_sync_all | ↑ [database] 13 files → RootRecord-Software-Solutions/RootRecord-Database (main)
2026-09-29T01:23:24-10:00job:github_sync_all | — [library] no local changes
2026-09-29T01:23:24-10:00job:github_sync_all | ↓ [library] fetching origin/main
2026-09-29T01:23:24-10:00job:github_sync_all | From github.com:RootRecord-Software-Solutions/RootRecord-Library
2026-09-29T01:23:24-10:00job:github_sync_all | * branch            main       -> FETCH_HEAD
2026-09-29T01:23:24-10:00job:github_sync_all | — [library] local and GitHub already match
2026-09-29T01:23:24-10:00job:github_sync_all | — [library] nothing to push
2026-09-29T01:23:24-10:00job:github_sync_all | — [skills] no local changes
2026-09-29T01:23:24-10:00job:github_sync_all | ↓ [skills] fetching origin/main
2026-09-29T01:23:24-10:00job:github_sync_all | From github.com:rootrecordsoftwaresolutions/Solar-Pacific-RootRecord-Server
2026-09-29T01:23:24-10:00job:github_sync_all | * branch            main       -> FETCH_HEAD
2026-09-29T01:23:24-10:00job:github_sync_all | — [skills] local and GitHub already match
2026-09-29T01:23:24-10:00job:github_sync_all | — [skills] nothing to push
2026-09-29T01:23:24-10:00job:security_camera_frame_grab RUN  bash "/home/rootrecord/RootRecord-Ecosystem/1 - Servers/1 - RootRecord-Pacific-Solar-Server/Security/Cameras/grab_all.sh"
2026-09-29T01:23:36-10:00job:security_camera_frame_grab | 01:23:24  📷  a-eyes  ch1 → ch1-20260929T112324Z.jpg  (299.3 KB, 4.29s)
2026-09-29T01:23:36-10:00job:security_camera_frame_grab | 01:23:29  📷  a-eyes  ch2 → ch2-20260929T112329Z.jpg  (362.8 KB, 4.32s)
2026-09-29T01:23:36-10:00job:security_camera_frame_grab | 01:23:33  📷  a-eyes  ch3 → ch3-20260929T112333Z.jpg  (12.0 KB, 1.50s)
2026-09-29T01:23:36-10:00job:security_camera_frame_grab | 01:23:34  📷  a-eyes  ch4 → ch4-20260929T112334Z.jpg  (11.8 KB, 1.62s)
2026-09-29T01:23:36-10:00ENERGY  status=live  B2=85%  B1=0%  solar=0 W  ac=0 W  usbc=50 W  src=/home/rootrecord/RootRecord-Ecosystem/2 - RootRecord-Database/ENERGY
2026-09-29T01:23:37-10:00  ▸  SUMMARY=river2pro soc=0% solar=0W ac_out=73W usbc=95W src=api db=ok
2026-09-29T01:23:37-10:00job:sys_stats_cycle RUN  bash "/home/rootrecord/RootRecord-Ecosystem/1 - Servers/1 - RootRecord-Pacific-Solar-Server/System/scripts/sys-sample.sh"
2026-09-29T01:23:38-10:00job:sys_stats_cycle | SYSTEM  cpu=4%  load=0.67  mem=66%  src=sqlite
2026-09-29T01:23:38-10:00job:sys_stats_cycle | OK wrote /home/rootrecord/RootRecord-Ecosystem/2 - RootRecord-Database/SYSTEM/samples/sys-20260929-012338.json
2026-09-29T01:24:04-10:00job:github_sync_all | — [pacific] no local changes
2026-09-29T01:24:04-10:00job:github_sync_all | ↓ [pacific] fetching origin/main
2026-09-29T01:24:04-10:00job:github_sync_all | From github.com:RootRecord-Software-Solutions/RootRecord-Pacific-Solar-Server
2026-09-29T01:24:04-10:00job:github_sync_all | * branch            main       -> FETCH_HEAD
2026-09-29T01:24:04-10:00job:github_sync_all | — [pacific] local and GitHub already match
2026-09-29T01:24:04-10:00job:github_sync_all | — [pacific] nothing to push
2026-09-29T01:24:04-10:00job:github_sync_all | ↑ [database] committed 14 local file(s)
2026-09-29T01:24:04-10:00job:github_sync_all | ↓ [database] fetching origin/main
2026-09-29T01:24:04-10:00job:github_sync_all | From github.com:RootRecord-Software-Solutions/RootRecord-Database
2026-09-29T01:24:04-10:00job:github_sync_all | * branch            main       -> FETCH_HEAD
2026-09-29T01:24:04-10:00job:github_sync_all | ↑ [database] local is ahead of GitHub
2026-09-29T01:24:04-10:00job:github_sync_all | To github.com:RootRecord-Software-Solutions/RootRecord-Database.git
2026-09-29T01:24:04-10:00job:github_sync_all | 82d632a..76834c3  HEAD -> main
2026-09-29T01:24:04-10:00job:github_sync_all | branch 'main' set up to track 'origin/main'.
2026-09-29T01:24:04-10:00job:github_sync_all | ↑ [database] 14 files → RootRecord-Software-Solutions/RootRecord-Database (main)
2026-09-29T01:24:04-10:00job:github_sync_all | — [library] no local changes
2026-09-29T01:24:04-10:00job:github_sync_all | ↓ [library] fetching origin/main
2026-09-29T01:24:04-10:00job:github_sync_all | From github.com:RootRecord-Software-Solutions/RootRecord-Library
2026-09-29T01:24:04-10:00job:github_sync_all | * branch            main       -> FETCH_HEAD
2026-09-29T01:24:04-10:00job:github_sync_all | — [library] local and GitHub already match
2026-09-29T01:24:04-10:00job:github_sync_all | — [library] nothing to push
2026-09-29T01:24:04-10:00job:github_sync_all | — [skills] no local changes
2026-09-29T01:24:04-10:00job:github_sync_all | ↓ [skills] fetching origin/main
2026-09-29T01:24:04-10:00job:github_sync_all | From github.com:rootrecordsoftwaresolutions/Solar-Pacific-RootRecord-Server
2026-09-29T01:24:04-10:00job:github_sync_all | * branch            main       -> FETCH_HEAD
2026-09-29T01:24:04-10:00job:github_sync_all | — [skills] local and GitHub already match
2026-09-29T01:24:04-10:00job:github_sync_all | — [skills] nothing to push
2026-09-29T01:24:04-10:00job:worklog_scan RUN  bash "/home/rootrecord/RootRecord-Ecosystem/1 - Servers/1 - RootRecord-Pacific-Solar-Server/Reports/scripts/worklog_once.sh"
2026-09-29T01:24:06-10:00job:worklog_scan | OK wrote/updated /home/rootrecord/RootRecord-Ecosystem/2 - RootRecord-Database/WORKLOG/worklog_current.md
2026-09-29T01:24:06-10:00job:security_camera_frame_grab RUN  bash "/home/rootrecord/RootRecord-Ecosystem/1 - Servers/1 - RootRecord-Pacific-Solar-Server/Security/Cameras/grab_all.sh"
2026-09-29T01:24:18-10:00job:security_camera_frame_grab | 01:24:06  📷  a-eyes  ch1 → ch1-20260929T112406Z.jpg  (298.6 KB, 4.59s)
2026-09-29T01:24:18-10:00job:security_camera_frame_grab | 01:24:11  📷  a-eyes  ch2 → ch2-20260929T112411Z.jpg  (360.3 KB, 4.36s)
2026-09-29T01:24:18-10:00job:security_camera_frame_grab | 01:24:15  📷  a-eyes  ch3 → ch3-20260929T112415Z.jpg  (11.9 KB, 1.63s)
2026-09-29T01:24:18-10:00job:security_camera_frame_grab | 01:24:17  📷  a-eyes  ch4 → ch4-20260929T112417Z.jpg  (11.8 KB, 1.56s)
2026-09-29T01:24:20-10:00  ▸  SUMMARY=river2pro soc=0% solar=0W ac_out=73W usbc=95W src=api db=ok
2026-09-29T01:24:20-10:00job:sys_stats_cycle RUN  bash "/home/rootrecord/RootRecord-Ecosystem/1 - Servers/1 - RootRecord-Pacific-Solar-Server/System/scripts/sys-sample.sh"
2026-09-29T01:24:20-10:00job:sys_stats_cycle | SYSTEM  cpu=5%  load=0.77  mem=65%  src=sqlite
2026-09-29T01:24:20-10:00job:sys_stats_cycle | OK wrote /home/rootrecord/RootRecord-Ecosystem/2 - RootRecord-Database/SYSTEM/samples/sys-20260929-012420.json
2026-09-29T01:24:44-10:00job:github_sync_all | — [pacific] no local changes
2026-09-29T01:24:44-10:00job:github_sync_all | ↓ [pacific] fetching origin/main
2026-09-29T01:24:44-10:00job:github_sync_all | From github.com:RootRecord-Software-Solutions/RootRecord-Pacific-Solar-Server
2026-09-29T01:24:44-10:00job:github_sync_all | * branch            main       -> FETCH_HEAD
2026-09-29T01:24:44-10:00job:github_sync_all | — [pacific] local and GitHub already match
2026-09-29T01:24:44-10:00job:github_sync_all | — [pacific] nothing to push
2026-09-29T01:24:44-10:00job:github_sync_all | ↑ [database] committed 17 local file(s)
2026-09-29T01:24:44-10:00job:github_sync_all | ↓ [database] fetching origin/main
2026-09-29T01:24:44-10:00job:github_sync_all | From github.com:RootRecord-Software-Solutions/RootRecord-Database
2026-09-29T01:24:44-10:00job:github_sync_all | * branch            main       -> FETCH_HEAD
2026-09-29T01:24:44-10:00job:github_sync_all | ↑ [database] local is ahead of GitHub
2026-09-29T01:24:44-10:00job:github_sync_all | To github.com:RootRecord-Software-Solutions/RootRecord-Database.git
2026-09-29T01:24:44-10:00job:github_sync_all | 76834c3..24a45a6  HEAD -> main
2026-09-29T01:24:44-10:00job:github_sync_all | branch 'main' set up to track 'origin/main'.
2026-09-29T01:24:44-10:00job:github_sync_all | ↑ [database] 17 files → RootRecord-Software-Solutions/RootRecord-Database (main)
2026-09-29T01:24:44-10:00job:github_sync_all | — [library] no local changes
2026-09-29T01:24:44-10:00job:github_sync_all | ↓ [library] fetching origin/main
2026-09-29T01:24:44-10:00job:github_sync_all | From github.com:RootRecord-Software-Solutions/RootRecord-Library
2026-09-29T01:24:44-10:00job:github_sync_all | * branch            main       -> FETCH_HEAD
2026-09-29T01:24:44-10:00job:github_sync_all | — [library] local and GitHub already match
2026-09-29T01:24:44-10:00job:github_sync_all | — [library] nothing to push
2026-09-29T01:24:44-10:00job:github_sync_all | — [skills] no local changes
2026-09-29T01:24:44-10:00job:github_sync_all | ↓ [skills] fetching origin/main
2026-09-29T01:24:44-10:00job:github_sync_all | From github.com:rootrecordsoftwaresolutions/Solar-Pacific-RootRecord-Server
2026-09-29T01:24:44-10:00job:github_sync_all | * branch            main       -> FETCH_HEAD
2026-09-29T01:24:44-10:00job:github_sync_all | — [skills] local and GitHub already match
2026-09-29T01:24:44-10:00job:github_sync_all | — [skills] nothing to push
2026-09-29T01:24:44-10:00job:security_camera_frame_grab RUN  bash "/home/rootrecord/RootRecord-Ecosystem/1 - Servers/1 - RootRecord-Pacific-Solar-Server/Security/Cameras/grab_all.sh"
2026-09-29T01:24:56-10:00job:security_camera_frame_grab | 01:24:44  📷  a-eyes  ch1 → ch1-20260929T112444Z.jpg  (298.4 KB, 4.46s)
2026-09-29T01:24:56-10:00job:security_camera_frame_grab | 01:24:49  📷  a-eyes  ch2 → ch2-20260929T112449Z.jpg  (358.1 KB, 4.38s)
2026-09-29T01:24:56-10:00job:security_camera_frame_grab | 01:24:53  📷  a-eyes  ch3 → ch3-20260929T112453Z.jpg  (11.9 KB, 1.61s)
2026-09-29T01:24:56-10:00job:security_camera_frame_grab | 01:24:55  📷  a-eyes  ch4 → ch4-20260929T112455Z.jpg  (11.8 KB, 1.61s)
2026-09-29T01:24:57-10:00ENERGY  status=live  B2=85%  B1=0%  solar=0 W  ac=0 W  usbc=50 W  src=/home/rootrecord/RootRecord-Ecosystem/2 - RootRecord-Database/ENERGY
2026-09-29T01:24:58-10:00  ▸  SUMMARY=river2pro soc=0% solar=0W ac_out=73W usbc=95W src=api db=ok
2026-09-29T01:24:58-10:00job:sys_stats_cycle RUN  bash "/home/rootrecord/RootRecord-Ecosystem/1 - Servers/1 - RootRecord-Pacific-Solar-Server/System/scripts/sys-sample.sh"
2026-09-29T01:24:58-10:00job:sys_stats_cycle | SYSTEM  cpu=6%  load=1.02  mem=66%  src=sqlite
2026-09-29T01:24:58-10:00job:sys_stats_cycle | OK wrote /home/rootrecord/RootRecord-Ecosystem/2 - RootRecord-Database/SYSTEM/samples/sys-20260929-012458.json
2026-09-29T01:25:23-10:00job:github_sync_all | — [pacific] no local changes
2026-09-29T01:25:23-10:00job:github_sync_all | ↓ [pacific] fetching origin/main
2026-09-29T01:25:23-10:00job:github_sync_all | From github.com:RootRecord-Software-Solutions/RootRecord-Pacific-Solar-Server
2026-09-29T01:25:23-10:00job:github_sync_all | * branch            main       -> FETCH_HEAD
2026-09-29T01:25:23-10:00job:github_sync_all | — [pacific] local and GitHub already match
2026-09-29T01:25:23-10:00job:github_sync_all | — [pacific] nothing to push
2026-09-29T01:25:23-10:00job:github_sync_all | ↑ [database] committed 13 local file(s)
2026-09-29T01:25:23-10:00job:github_sync_all | ↓ [database] fetching origin/main
2026-09-29T01:25:23-10:00job:github_sync_all | From github.com:RootRecord-Software-Solutions/RootRecord-Database
2026-09-29T01:25:23-10:00job:github_sync_all | * branch            main       -> FETCH_HEAD
2026-09-29T01:25:23-10:00job:github_sync_all | ↑ [database] local is ahead of GitHub
2026-09-29T01:25:23-10:00job:github_sync_all | To github.com:RootRecord-Software-Solutions/RootRecord-Database.git
2026-09-29T01:25:23-10:00job:github_sync_all | 24a45a6..5297fe2  HEAD -> main
2026-09-29T01:25:23-10:00job:github_sync_all | branch 'main' set up to track 'origin/main'.
2026-09-29T01:25:23-10:00job:github_sync_all | ↑ [database] 13 files → RootRecord-Software-Solutions/RootRecord-Database (main)
2026-09-29T01:25:23-10:00job:github_sync_all | — [library] no local changes
2026-09-29T01:25:23-10:00job:github_sync_all | ↓ [library] fetching origin/main
2026-09-29T01:25:23-10:00job:github_sync_all | From github.com:RootRecord-Software-Solutions/RootRecord-Library
2026-09-29T01:25:23-10:00job:github_sync_all | * branch            main       -> FETCH_HEAD
2026-09-29T01:25:23-10:00job:github_sync_all | — [library] local and GitHub already match
2026-09-29T01:25:23-10:00job:github_sync_all | — [library] nothing to push
2026-09-29T01:25:23-10:00job:github_sync_all | — [skills] no local changes
2026-09-29T01:25:23-10:00job:github_sync_all | ↓ [skills] fetching origin/main
2026-09-29T01:25:23-10:00job:github_sync_all | From github.com:rootrecordsoftwaresolutions/Solar-Pacific-RootRecord-Server
2026-09-29T01:25:23-10:00job:github_sync_all | * branch            main       -> FETCH_HEAD
2026-09-29T01:25:23-10:00job:github_sync_all | — [skills] local and GitHub already match
2026-09-29T01:25:23-10:00job:github_sync_all | — [skills] nothing to push
2026-09-29T01:25:23-10:00job:security_camera_frame_grab RUN  bash "/home/rootrecord/RootRecord-Ecosystem/1 - Servers/1 - RootRecord-Pacific-Solar-Server/Security/Cameras/grab_all.sh"
2026-09-29T01:25:35-10:00job:security_camera_frame_grab | 01:25:23  📷  a-eyes  ch1 → ch1-20260929T112523Z.jpg  (298.9 KB, 4.50s)
2026-09-29T01:25:35-10:00job:security_camera_frame_grab | 01:25:27  📷  a-eyes  ch2 → ch2-20260929T112527Z.jpg  (358.0 KB, 4.49s)
2026-09-29T01:25:35-10:00job:security_camera_frame_grab | 01:25:32  📷  a-eyes  ch3 → ch3-20260929T112532Z.jpg  (11.9 KB, 1.49s)
2026-09-29T01:25:35-10:00job:security_camera_frame_grab | 01:25:33  📷  a-eyes  ch4 → ch4-20260929T112533Z.jpg  (11.9 KB, 1.94s)
2026-09-29T01:25:36-10:00  ▸  SUMMARY=river2pro soc=0% solar=0W ac_out=73W usbc=95W src=api db=ok
2026-09-29T01:25:36-10:00job:sys_stats_cycle RUN  bash "/home/rootrecord/RootRecord-Ecosystem/1 - Servers/1 - RootRecord-Pacific-Solar-Server/System/scripts/sys-sample.sh"
2026-09-29T01:25:37-10:00job:sys_stats_cycle | SYSTEM  cpu=8%  load=0.98  mem=66%  src=sqlite
2026-09-29T01:25:37-10:00job:sys_stats_cycle | OK wrote /home/rootrecord/RootRecord-Ecosystem/2 - RootRecord-Database/SYSTEM/samples/sys-20260929-012537.json
2026-09-29T01:26:02-10:00job:github_sync_all | — [pacific] no local changes
2026-09-29T01:26:02-10:00job:github_sync_all | ↓ [pacific] fetching origin/main
2026-09-29T01:26:02-10:00job:github_sync_all | From github.com:RootRecord-Software-Solutions/RootRecord-Pacific-Solar-Server
2026-09-29T01:26:02-10:00job:github_sync_all | * branch            main       -> FETCH_HEAD
2026-09-29T01:26:02-10:00job:github_sync_all | — [pacific] local and GitHub already match
2026-09-29T01:26:02-10:00job:github_sync_all | — [pacific] nothing to push
2026-09-29T01:26:02-10:00job:github_sync_all | ↑ [database] committed 17 local file(s)
2026-09-29T01:26:02-10:00job:github_sync_all | ↓ [database] fetching origin/main
2026-09-29T01:26:02-10:00job:github_sync_all | From github.com:RootRecord-Software-Solutions/RootRecord-Database
2026-09-29T01:26:02-10:00job:github_sync_all | * branch            main       -> FETCH_HEAD
2026-09-29T01:26:02-10:00job:github_sync_all | ↑ [database] local is ahead of GitHub
2026-09-29T01:26:02-10:00job:github_sync_all | To github.com:RootRecord-Software-Solutions/RootRecord-Database.git
2026-09-29T01:26:02-10:00job:github_sync_all | 5297fe2..eabe62e  HEAD -> main
2026-09-29T01:26:02-10:00job:github_sync_all | branch 'main' set up to track 'origin/main'.
2026-09-29T01:26:02-10:00job:github_sync_all | ↑ [database] 17 files → RootRecord-Software-Solutions/RootRecord-Database (main)
2026-09-29T01:26:02-10:00job:github_sync_all | — [library] no local changes
2026-09-29T01:26:02-10:00job:github_sync_all | ↓ [library] fetching origin/main
2026-09-29T01:26:02-10:00job:github_sync_all | From github.com:RootRecord-Software-Solutions/RootRecord-Library
2026-09-29T01:26:02-10:00job:github_sync_all | * branch            main       -> FETCH_HEAD
2026-09-29T01:26:02-10:00job:github_sync_all | — [library] local and GitHub already match
2026-09-29T01:26:02-10:00job:github_sync_all | — [library] nothing to push
2026-09-29T01:26:02-10:00job:github_sync_all | — [skills] no local changes
2026-09-29T01:26:02-10:00job:github_sync_all | ↓ [skills] fetching origin/main
2026-09-29T01:26:02-10:00job:github_sync_all | From github.com:rootrecordsoftwaresolutions/Solar-Pacific-RootRecord-Server
2026-09-29T01:26:02-10:00job:github_sync_all | * branch            main       -> FETCH_HEAD
2026-09-29T01:26:02-10:00job:github_sync_all | — [skills] local and GitHub already match
2026-09-29T01:26:02-10:00job:github_sync_all | — [skills] nothing to push
2026-09-29T01:26:02-10:00job:worklog_scan RUN  bash "/home/rootrecord/RootRecord-Ecosystem/1 - Servers/1 - RootRecord-Pacific-Solar-Server/Reports/scripts/worklog_once.sh"
2026-09-29T01:26:05-10:00job:worklog_scan | OK wrote/updated /home/rootrecord/RootRecord-Ecosystem/2 - RootRecord-Database/WORKLOG/worklog_current.md
2026-09-29T01:26:05-10:00job:security_camera_frame_grab RUN  bash "/home/rootrecord/RootRecord-Ecosystem/1 - Servers/1 - RootRecord-Pacific-Solar-Server/Security/Cameras/grab_all.sh"
2026-09-29T01:26:17-10:00job:security_camera_frame_grab | 01:26:05  📷  a-eyes  ch1 → ch1-20260929T112605Z.jpg  (299.2 KB, 4.25s)
2026-09-29T01:26:17-10:00job:security_camera_frame_grab | 01:26:09  📷  a-eyes  ch2 → ch2-20260929T112609Z.jpg  (356.0 KB, 4.48s)
2026-09-29T01:26:17-10:00job:security_camera_frame_grab | 01:26:14  📷  a-eyes  ch3 → ch3-20260929T112614Z.jpg  (11.9 KB, 1.61s)
2026-09-29T01:26:17-10:00job:security_camera_frame_grab | 01:26:15  📷  a-eyes  ch4 → ch4-20260929T112615Z.jpg  (11.9 KB, 1.61s)
2026-09-29T01:26:17-10:00ENERGY  status=live  B2=85%  B1=0%  solar=0 W  ac=0 W  usbc=50 W  src=/home/rootrecord/RootRecord-Ecosystem/2 - RootRecord-Database/ENERGY
2026-09-29T01:26:18-10:00  ▸  SUMMARY=river2pro soc=0% solar=0W ac_out=73W usbc=95W src=api db=ok
2026-09-29T01:26:18-10:00job:sys_stats_cycle RUN  bash "/home/rootrecord/RootRecord-Ecosystem/1 - Servers/1 - RootRecord-Pacific-Solar-Server/System/scripts/sys-sample.sh"
2026-09-29T01:26:19-10:00job:sys_stats_cycle | SYSTEM  cpu=6%  load=0.82  mem=66%  src=sqlite
2026-09-29T01:26:19-10:00job:sys_stats_cycle | OK wrote /home/rootrecord/RootRecord-Ecosystem/2 - RootRecord-Database/SYSTEM/samples/sys-20260929-012619.json
2026-09-29T01:26:44-10:00job:github_sync_all | — [pacific] no local changes
2026-09-29T01:26:44-10:00job:github_sync_all | ↓ [pacific] fetching origin/main
2026-09-29T01:26:44-10:00job:github_sync_all | From github.com:RootRecord-Software-Solutions/RootRecord-Pacific-Solar-Server
2026-09-29T01:26:44-10:00job:github_sync_all | * branch            main       -> FETCH_HEAD
2026-09-29T01:26:44-10:00job:github_sync_all | — [pacific] local and GitHub already match
2026-09-29T01:26:44-10:00job:github_sync_all | — [pacific] nothing to push
2026-09-29T01:26:44-10:00job:github_sync_all | ↑ [database] committed 16 local file(s)
2026-09-29T01:26:44-10:00job:github_sync_all | ↓ [database] fetching origin/main
2026-09-29T01:26:44-10:00job:github_sync_all | From github.com:RootRecord-Software-Solutions/RootRecord-Database
2026-09-29T01:26:44-10:00job:github_sync_all | * branch            main       -> FETCH_HEAD
2026-09-29T01:26:44-10:00job:github_sync_all | ↑ [database] local is ahead of GitHub
2026-09-29T01:26:44-10:00job:github_sync_all | To github.com:RootRecord-Software-Solutions/RootRecord-Database.git
2026-09-29T01:26:44-10:00job:github_sync_all | eabe62e..132e293  HEAD -> main
2026-09-29T01:26:44-10:00job:github_sync_all | branch 'main' set up to track 'origin/main'.
2026-09-29T01:26:44-10:00job:github_sync_all | ↑ [database] 16 files → RootRecord-Software-Solutions/RootRecord-Database (main)
2026-09-29T01:26:44-10:00job:github_sync_all | — [library] no local changes
2026-09-29T01:26:44-10:00job:github_sync_all | ↓ [library] fetching origin/main
2026-09-29T01:26:44-10:00job:github_sync_all | From github.com:RootRecord-Software-Solutions/RootRecord-Library
2026-09-29T01:26:44-10:00job:github_sync_all | * branch            main       -> FETCH_HEAD
2026-09-29T01:26:44-10:00job:github_sync_all | — [library] local and GitHub already match
2026-09-29T01:26:44-10:00job:github_sync_all | — [library] nothing to push
2026-09-29T01:26:44-10:00job:github_sync_all | — [skills] no local changes
2026-09-29T01:26:44-10:00job:github_sync_all | ↓ [skills] fetching origin/main
2026-09-29T01:26:44-10:00job:github_sync_all | From github.com:rootrecordsoftwaresolutions/Solar-Pacific-RootRecord-Server
2026-09-29T01:26:44-10:00job:github_sync_all | * branch            main       -> FETCH_HEAD
2026-09-29T01:26:44-10:00job:github_sync_all | — [skills] local and GitHub already match
2026-09-29T01:26:44-10:00job:github_sync_all | — [skills] nothing to push
2026-09-29T01:26:44-10:00job:security_camera_frame_grab RUN  bash "/home/rootrecord/RootRecord-Ecosystem/1 - Servers/1 - RootRecord-Pacific-Solar-Server/Security/Cameras/grab_all.sh"
2026-09-29T01:26:57-10:00job:security_camera_frame_grab | 01:26:44  📷  a-eyes  ch1 → ch1-20260929T112644Z.jpg  (298.3 KB, 4.25s)
2026-09-29T01:26:57-10:00job:security_camera_frame_grab | 01:26:48  📷  a-eyes  ch2 → ch2-20260929T112648Z.jpg  (359.2 KB, 5.81s)
2026-09-29T01:26:57-10:00job:security_camera_frame_grab | 01:26:54  📷  a-eyes  ch3 → ch3-20260929T112654Z.jpg  (12.0 KB, 1.61s)
2026-09-29T01:26:57-10:00job:security_camera_frame_grab | 01:26:56  📷  a-eyes  ch4 → ch4-20260929T112656Z.jpg  (11.9 KB, 1.73s)
2026-09-29T01:26:59-10:00  ▸  SUMMARY=river2pro soc=0% solar=0W ac_out=73W usbc=95W src=api db=ok
2026-09-29T01:26:59-10:00job:sys_stats_cycle RUN  bash "/home/rootrecord/RootRecord-Ecosystem/1 - Servers/1 - RootRecord-Pacific-Solar-Server/System/scripts/sys-sample.sh"
2026-09-29T01:26:59-10:00job:sys_stats_cycle | SYSTEM  cpu=9%  load=1.21  mem=67%  src=sqlite
2026-09-29T01:26:59-10:00job:sys_stats_cycle | OK wrote /home/rootrecord/RootRecord-Ecosystem/2 - RootRecord-Database/SYSTEM/samples/sys-20260929-012659.json
2026-09-29T01:27:24-10:00job:github_sync_all | — [pacific] no local changes
2026-09-29T01:27:24-10:00job:github_sync_all | ↓ [pacific] fetching origin/main
2026-09-29T01:27:24-10:00job:github_sync_all | From github.com:RootRecord-Software-Solutions/RootRecord-Pacific-Solar-Server
2026-09-29T01:27:24-10:00job:github_sync_all | * branch            main       -> FETCH_HEAD
2026-09-29T01:27:24-10:00job:github_sync_all | — [pacific] local and GitHub already match
2026-09-29T01:27:24-10:00job:github_sync_all | — [pacific] nothing to push
2026-09-29T01:27:24-10:00job:github_sync_all | ↑ [database] committed 11 local file(s)
2026-09-29T01:27:24-10:00job:github_sync_all | ↓ [database] fetching origin/main
2026-09-29T01:27:24-10:00job:github_sync_all | From github.com:RootRecord-Software-Solutions/RootRecord-Database
2026-09-29T01:27:24-10:00job:github_sync_all | * branch            main       -> FETCH_HEAD
2026-09-29T01:27:24-10:00job:github_sync_all | ↑ [database] local is ahead of GitHub
2026-09-29T01:27:24-10:00job:github_sync_all | To github.com:RootRecord-Software-Solutions/RootRecord-Database.git
2026-09-29T01:27:24-10:00job:github_sync_all | 132e293..bf32153  HEAD -> main
2026-09-29T01:27:24-10:00job:github_sync_all | branch 'main' set up to track 'origin/main'.
2026-09-29T01:27:24-10:00job:github_sync_all | ↑ [database] 11 files → RootRecord-Software-Solutions/RootRecord-Database (main)
2026-09-29T01:27:24-10:00job:github_sync_all | — [library] no local changes
2026-09-29T01:27:24-10:00job:github_sync_all | ↓ [library] fetching origin/main
2026-09-29T01:27:24-10:00job:github_sync_all | From github.com:RootRecord-Software-Solutions/RootRecord-Library
2026-09-29T01:27:24-10:00job:github_sync_all | * branch            main       -> FETCH_HEAD
2026-09-29T01:27:24-10:00job:github_sync_all | — [library] local and GitHub already match
2026-09-29T01:27:24-10:00job:github_sync_all | — [library] nothing to push
2026-09-29T01:27:24-10:00job:github_sync_all | — [skills] no local changes
2026-09-29T01:27:24-10:00job:github_sync_all | ↓ [skills] fetching origin/main
2026-09-29T01:27:24-10:00job:github_sync_all | From github.com:rootrecordsoftwaresolutions/Solar-Pacific-RootRecord-Server
2026-09-29T01:27:24-10:00job:github_sync_all | * branch            main       -> FETCH_HEAD
2026-09-29T01:27:24-10:00job:github_sync_all | — [skills] local and GitHub already match
2026-09-29T01:27:24-10:00job:github_sync_all | — [skills] nothing to push
2026-09-29T01:27:24-10:00job:security_camera_frame_grab RUN  bash "/home/rootrecord/RootRecord-Ecosystem/1 - Servers/1 - RootRecord-Pacific-Solar-Server/Security/Cameras/grab_all.sh"
2026-09-29T01:27:36-10:00job:security_camera_frame_grab | 01:27:24  📷  a-eyes  ch1 → ch1-20260929T112724Z.jpg  (298.8 KB, 4.44s)
2026-09-29T01:27:36-10:00job:security_camera_frame_grab | 01:27:29  📷  a-eyes  ch2 → ch2-20260929T112729Z.jpg  (360.8 KB, 4.49s)
2026-09-29T01:27:36-10:00job:security_camera_frame_grab | 01:27:33  📷  a-eyes  ch3 → ch3-20260929T112733Z.jpg  (11.9 KB, 1.60s)
2026-09-29T01:27:36-10:00job:security_camera_frame_grab | 01:27:35  📷  a-eyes  ch4 → ch4-20260929T112735Z.jpg  (11.9 KB, 1.72s)
2026-09-29T01:27:37-10:00ENERGY  status=live  B2=85%  B1=0%  solar=0 W  ac=0 W  usbc=50 W  src=/home/rootrecord/RootRecord-Ecosystem/2 - RootRecord-Database/ENERGY
2026-09-29T01:27:38-10:00  ▸  SUMMARY=river2pro soc=0% solar=0W ac_out=73W usbc=95W src=api db=ok
2026-09-29T01:27:38-10:00job:sys_stats_cycle RUN  bash "/home/rootrecord/RootRecord-Ecosystem/1 - Servers/1 - RootRecord-Pacific-Solar-Server/System/scripts/sys-sample.sh"
2026-09-29T01:27:38-10:00job:sys_stats_cycle | SYSTEM  cpu=7%  load=1.12  mem=67%  src=sqlite
2026-09-29T01:27:38-10:00job:sys_stats_cycle | OK wrote /home/rootrecord/RootRecord-Ecosystem/2 - RootRecord-Database/SYSTEM/samples/sys-20260929-012738.json
2026-09-29T01:28:03-10:00job:github_sync_all | — [pacific] no local changes
2026-09-29T01:28:03-10:00job:github_sync_all | ↓ [pacific] fetching origin/main
2026-09-29T01:28:03-10:00job:github_sync_all | From github.com:RootRecord-Software-Solutions/RootRecord-Pacific-Solar-Server
2026-09-29T01:28:03-10:00job:github_sync_all | * branch            main       -> FETCH_HEAD
2026-09-29T01:28:03-10:00job:github_sync_all | — [pacific] local and GitHub already match
2026-09-29T01:28:03-10:00job:github_sync_all | — [pacific] nothing to push
2026-09-29T01:28:03-10:00job:github_sync_all | ↑ [database] committed 13 local file(s)
2026-09-29T01:28:03-10:00job:github_sync_all | ↓ [database] fetching origin/main
2026-09-29T01:28:03-10:00job:github_sync_all | From github.com:RootRecord-Software-Solutions/RootRecord-Database
2026-09-29T01:28:03-10:00job:github_sync_all | * branch            main       -> FETCH_HEAD
2026-09-29T01:28:03-10:00job:github_sync_all | ↑ [database] local is ahead of GitHub
2026-09-29T01:28:03-10:00job:github_sync_all | To github.com:RootRecord-Software-Solutions/RootRecord-Database.git
2026-09-29T01:28:03-10:00job:github_sync_all | bf32153..5ad995b  HEAD -> main
2026-09-29T01:28:03-10:00job:github_sync_all | branch 'main' set up to track 'origin/main'.
2026-09-29T01:28:03-10:00job:github_sync_all | ↑ [database] 13 files → RootRecord-Software-Solutions/RootRecord-Database (main)
2026-09-29T01:28:03-10:00job:github_sync_all | — [library] no local changes
2026-09-29T01:28:03-10:00job:github_sync_all | ↓ [library] fetching origin/main
2026-09-29T01:28:03-10:00job:github_sync_all | From github.com:RootRecord-Software-Solutions/RootRecord-Library
2026-09-29T01:28:03-10:00job:github_sync_all | * branch            main       -> FETCH_HEAD
2026-09-29T01:28:03-10:00job:github_sync_all | — [library] local and GitHub already match
2026-09-29T01:28:03-10:00job:github_sync_all | — [library] nothing to push
2026-09-29T01:28:03-10:00job:github_sync_all | — [skills] no local changes
2026-09-29T01:28:03-10:00job:github_sync_all | ↓ [skills] fetching origin/main
2026-09-29T01:28:03-10:00job:github_sync_all | From github.com:rootrecordsoftwaresolutions/Solar-Pacific-RootRecord-Server
2026-09-29T01:28:03-10:00job:github_sync_all | * branch            main       -> FETCH_HEAD
2026-09-29T01:28:03-10:00job:github_sync_all | — [skills] local and GitHub already match
2026-09-29T01:28:03-10:00job:github_sync_all | — [skills] nothing to push
2026-09-29T01:28:03-10:00job:worklog_scan RUN  bash "/home/rootrecord/RootRecord-Ecosystem/1 - Servers/1 - RootRecord-Pacific-Solar-Server/Reports/scripts/worklog_once.sh"
2026-09-29T01:28:06-10:00job:worklog_scan | OK wrote/updated /home/rootrecord/RootRecord-Ecosystem/2 - RootRecord-Database/WORKLOG/worklog_current.md
2026-09-29T01:28:06-10:00job:security_camera_frame_grab RUN  bash "/home/rootrecord/RootRecord-Ecosystem/1 - Servers/1 - RootRecord-Pacific-Solar-Server/Security/Cameras/grab_all.sh"
2026-09-29T01:28:18-10:00job:security_camera_frame_grab | 01:28:06  📷  a-eyes  ch1 → ch1-20260929T112806Z.jpg  (298.5 KB, 4.67s)
2026-09-29T01:28:18-10:00job:security_camera_frame_grab | 01:28:11  📷  a-eyes  ch2 → ch2-20260929T112811Z.jpg  (355.6 KB, 4.48s)
2026-09-29T01:28:18-10:00job:security_camera_frame_grab | 01:28:15  📷  a-eyes  ch3 → ch3-20260929T112815Z.jpg  (11.9 KB, 1.55s)
2026-09-29T01:28:18-10:00job:security_camera_frame_grab | 01:28:17  📷  a-eyes  ch4 → ch4-20260929T112817Z.jpg  (11.9 KB, 1.71s)
2026-09-29T01:28:20-10:00  ▸  SUMMARY=river2pro soc=0% solar=0W ac_out=73W usbc=95W src=api db=ok
2026-09-29T01:28:20-10:00job:sys_stats_cycle RUN  bash "/home/rootrecord/RootRecord-Ecosystem/1 - Servers/1 - RootRecord-Pacific-Solar-Server/System/scripts/sys-sample.sh"
2026-09-29T01:28:20-10:00job:sys_stats_cycle | SYSTEM  cpu=8%  load=1.79  mem=67%  src=sqlite
2026-09-29T01:28:20-10:00job:sys_stats_cycle | OK wrote /home/rootrecord/RootRecord-Ecosystem/2 - RootRecord-Database/SYSTEM/samples/sys-20260929-012820.json
2026-09-29T01:28:46-10:00job:github_sync_all | — [pacific] no local changes
2026-09-29T01:28:46-10:00job:github_sync_all | ↓ [pacific] fetching origin/main
2026-09-29T01:28:46-10:00job:github_sync_all | From github.com:RootRecord-Software-Solutions/RootRecord-Pacific-Solar-Server
2026-09-29T01:28:46-10:00job:github_sync_all | * branch            main       -> FETCH_HEAD
2026-09-29T01:28:46-10:00job:github_sync_all | — [pacific] local and GitHub already match
2026-09-29T01:28:46-10:00job:github_sync_all | — [pacific] nothing to push
2026-09-29T01:28:46-10:00job:github_sync_all | ↑ [database] committed 15 local file(s)
2026-09-29T01:28:46-10:00job:github_sync_all | ↓ [database] fetching origin/main
2026-09-29T01:28:46-10:00job:github_sync_all | From github.com:RootRecord-Software-Solutions/RootRecord-Database
2026-09-29T01:28:46-10:00job:github_sync_all | * branch            main       -> FETCH_HEAD
2026-09-29T01:28:46-10:00job:github_sync_all | ↑ [database] local is ahead of GitHub
2026-09-29T01:28:46-10:00job:github_sync_all | To github.com:RootRecord-Software-Solutions/RootRecord-Database.git
2026-09-29T01:28:46-10:00job:github_sync_all | 5ad995b..1ff33ca  HEAD -> main
2026-09-29T01:28:46-10:00job:github_sync_all | branch 'main' set up to track 'origin/main'.
2026-09-29T01:28:46-10:00job:github_sync_all | ↑ [database] 15 files → RootRecord-Software-Solutions/RootRecord-Database (main)
2026-09-29T01:28:46-10:00job:github_sync_all | — [library] no local changes
2026-09-29T01:28:46-10:00job:github_sync_all | ↓ [library] fetching origin/main
2026-09-29T01:28:46-10:00job:github_sync_all | From github.com:RootRecord-Software-Solutions/RootRecord-Library
2026-09-29T01:28:46-10:00job:github_sync_all | * branch            main       -> FETCH_HEAD
2026-09-29T01:28:46-10:00job:github_sync_all | — [library] local and GitHub already match
2026-09-29T01:28:46-10:00job:github_sync_all | — [library] nothing to push
2026-09-29T01:28:46-10:00job:github_sync_all | — [skills] no local changes
2026-09-29T01:28:46-10:00job:github_sync_all | ↓ [skills] fetching origin/main
2026-09-29T01:28:46-10:00job:github_sync_all | From github.com:rootrecordsoftwaresolutions/Solar-Pacific-RootRecord-Server
2026-09-29T01:28:46-10:00job:github_sync_all | * branch            main       -> FETCH_HEAD
2026-09-29T01:28:46-10:00job:github_sync_all | — [skills] local and GitHub already match
2026-09-29T01:28:46-10:00job:github_sync_all | — [skills] nothing to push
2026-09-29T01:28:46-10:00job:security_camera_frame_grab RUN  bash "/home/rootrecord/RootRecord-Ecosystem/1 - Servers/1 - RootRecord-Pacific-Solar-Server/Security/Cameras/grab_all.sh"
2026-09-29T01:28:58-10:00job:security_camera_frame_grab | 01:28:46  📷  a-eyes  ch1 → ch1-20260929T112846Z.jpg  (299.6 KB, 4.35s)
2026-09-29T01:28:58-10:00job:security_camera_frame_grab | 01:28:50  📷  a-eyes  ch2 → ch2-20260929T112850Z.jpg  (358.1 KB, 4.28s)
2026-09-29T01:28:58-10:00job:security_camera_frame_grab | 01:28:54  📷  a-eyes  ch3 → ch3-20260929T112854Z.jpg  (12.0 KB, 1.71s)
2026-09-29T01:28:58-10:00job:security_camera_frame_grab | 01:28:56  📷  a-eyes  ch4 → ch4-20260929T112856Z.jpg  (11.9 KB, 1.53s)
2026-09-29T01:28:58-10:00ENERGY  status=live  B2=85%  B1=0%  solar=0 W  ac=0 W  usbc=50 W  src=/home/rootrecord/RootRecord-Ecosystem/2 - RootRecord-Database/ENERGY
2026-09-29T01:28:59-10:00  ▸  SUMMARY=river2pro soc=0% solar=0W ac_out=73W usbc=95W src=api db=ok
2026-09-29T01:28:59-10:00job:sys_stats_cycle RUN  bash "/home/rootrecord/RootRecord-Ecosystem/1 - Servers/1 - RootRecord-Pacific-Solar-Server/System/scripts/sys-sample.sh"
2026-09-29T01:28:59-10:00job:sys_stats_cycle | SYSTEM  cpu=9%  load=1.31  mem=67%  src=sqlite
2026-09-29T01:28:59-10:00job:sys_stats_cycle | OK wrote /home/rootrecord/RootRecord-Ecosystem/2 - RootRecord-Database/SYSTEM/samples/sys-20260929-012859.json
2026-09-29T01:29:30-10:00job:github_sync_all | — [pacific] no local changes
2026-09-29T01:29:30-10:00job:github_sync_all | ↓ [pacific] fetching origin/main
2026-09-29T01:29:30-10:00job:github_sync_all | From github.com:RootRecord-Software-Solutions/RootRecord-Pacific-Solar-Server
2026-09-29T01:29:30-10:00job:github_sync_all | * branch            main       -> FETCH_HEAD
2026-09-29T01:29:30-10:00job:github_sync_all | — [pacific] local and GitHub already match
2026-09-29T01:29:30-10:00job:github_sync_all | — [pacific] nothing to push
2026-09-29T01:29:30-10:00job:github_sync_all | ↑ [database] committed 11 local file(s)
2026-09-29T01:29:30-10:00job:github_sync_all | ↓ [database] fetching origin/main
2026-09-29T01:29:30-10:00job:github_sync_all | From github.com:RootRecord-Software-Solutions/RootRecord-Database
2026-09-29T01:29:30-10:00job:github_sync_all | * branch            main       -> FETCH_HEAD
2026-09-29T01:29:30-10:00job:github_sync_all | ↑ [database] local is ahead of GitHub
2026-09-29T01:29:30-10:00job:github_sync_all | To github.com:RootRecord-Software-Solutions/RootRecord-Database.git
2026-09-29T01:29:30-10:00job:github_sync_all | 1ff33ca..5cfa154  HEAD -> main
2026-09-29T01:29:30-10:00job:github_sync_all | branch 'main' set up to track 'origin/main'.
2026-09-29T01:29:30-10:00job:github_sync_all | ↑ [database] 11 files → RootRecord-Software-Solutions/RootRecord-Database (main)
2026-09-29T01:29:30-10:00job:github_sync_all | — [library] no local changes
2026-09-29T01:29:30-10:00job:github_sync_all | ↓ [library] fetching origin/main
2026-09-29T01:29:30-10:00job:github_sync_all | From github.com:RootRecord-Software-Solutions/RootRecord-Library
2026-09-29T01:29:30-10:00job:github_sync_all | * branch            main       -> FETCH_HEAD
2026-09-29T01:29:30-10:00job:github_sync_all | — [library] local and GitHub already match
2026-09-29T01:29:30-10:00job:github_sync_all | — [library] nothing to push
2026-09-29T01:29:30-10:00job:github_sync_all | ↑ [skills] committed 22 local file(s)
2026-09-29T01:29:30-10:00job:github_sync_all | ↓ [skills] fetching origin/main
2026-09-29T01:29:30-10:00job:github_sync_all | From github.com:rootrecordsoftwaresolutions/Solar-Pacific-RootRecord-Server
2026-09-29T01:29:30-10:00job:github_sync_all | * branch            main       -> FETCH_HEAD
2026-09-29T01:29:30-10:00job:github_sync_all | ↑ [skills] local is ahead of GitHub
2026-09-29T01:29:30-10:00job:github_sync_all | To github.com:rootrecordsoftwaresolutions/Solar-Pacific-RootRecord-Server.git
2026-09-29T01:29:30-10:00job:github_sync_all | 8297c26..1dcee66  HEAD -> main
2026-09-29T01:29:30-10:00job:github_sync_all | branch 'main' set up to track 'origin/main'.
2026-09-29T01:29:30-10:00job:github_sync_all | ↑ [skills] 22 files → rootrecordsoftwaresolutions/Solar-Pacific-RootRecord-Server (main)
2026-09-29T01:29:30-10:00job:security_camera_frame_grab RUN  bash "/home/rootrecord/RootRecord-Ecosystem/1 - Servers/1 - RootRecord-Pacific-Solar-Server/Security/Cameras/grab_all.sh"
2026-09-29T01:29:42-10:00job:security_camera_frame_grab | 01:29:30  📷  a-eyes  ch1 → ch1-20260929T112930Z.jpg  (299.1 KB, 4.56s)
2026-09-29T01:29:42-10:00job:security_camera_frame_grab | 01:29:34  📷  a-eyes  ch2 → ch2-20260929T112934Z.jpg  (355.3 KB, 4.35s)
2026-09-29T01:29:42-10:00job:security_camera_frame_grab | 01:29:39  📷  a-eyes  ch3 → ch3-20260929T112939Z.jpg  (11.9 KB, 1.91s)
2026-09-29T01:29:42-10:00job:security_camera_frame_grab | 01:29:41  📷  a-eyes  ch4 → ch4-20260929T112941Z.jpg  (11.9 KB, 1.54s)
2026-09-29T01:29:43-10:00  ▸  SUMMARY=delta2 soc=85% solar=0W ac_out=0W usbc=50W src=api db=ok
2026-09-29T01:29:43-10:00job:sys_stats_cycle RUN  bash "/home/rootrecord/RootRecord-Ecosystem/1 - Servers/1 - RootRecord-Pacific-Solar-Server/System/scripts/sys-sample.sh"
2026-09-29T01:29:44-10:00job:sys_stats_cycle | SYSTEM  cpu=11%  load=1.47  mem=68%  src=sqlite
2026-09-29T01:29:44-10:00job:sys_stats_cycle | OK wrote /home/rootrecord/RootRecord-Ecosystem/2 - RootRecord-Database/SYSTEM/samples/sys-20260929-012944.json
2026-09-29T01:30:08-10:00job:github_sync_all | — [pacific] no local changes
2026-09-29T01:30:08-10:00job:github_sync_all | ↓ [pacific] fetching origin/main
2026-09-29T01:30:08-10:00job:github_sync_all | From github.com:RootRecord-Software-Solutions/RootRecord-Pacific-Solar-Server
2026-09-29T01:30:08-10:00job:github_sync_all | * branch            main       -> FETCH_HEAD
2026-09-29T01:30:08-10:00job:github_sync_all | — [pacific] local and GitHub already match
2026-09-29T01:30:08-10:00job:github_sync_all | — [pacific] nothing to push
2026-09-29T01:30:08-10:00job:github_sync_all | ↑ [database] committed 12 local file(s)
2026-09-29T01:30:08-10:00job:github_sync_all | ↓ [database] fetching origin/main
2026-09-29T01:30:08-10:00job:github_sync_all | From github.com:RootRecord-Software-Solutions/RootRecord-Database
2026-09-29T01:30:08-10:00job:github_sync_all | * branch            main       -> FETCH_HEAD
2026-09-29T01:30:08-10:00job:github_sync_all | ↑ [database] local is ahead of GitHub
2026-09-29T01:30:08-10:00job:github_sync_all | To github.com:RootRecord-Software-Solutions/RootRecord-Database.git
2026-09-29T01:30:08-10:00job:github_sync_all | 5cfa154..6812205  HEAD -> main
2026-09-29T01:30:08-10:00job:github_sync_all | branch 'main' set up to track 'origin/main'.
2026-09-29T01:30:08-10:00job:github_sync_all | ↑ [database] 12 files → RootRecord-Software-Solutions/RootRecord-Database (main)
2026-09-29T01:30:08-10:00job:github_sync_all | — [library] no local changes
2026-09-29T01:30:08-10:00job:github_sync_all | ↓ [library] fetching origin/main
2026-09-29T01:30:08-10:00job:github_sync_all | From github.com:RootRecord-Software-Solutions/RootRecord-Library
2026-09-29T01:30:08-10:00job:github_sync_all | * branch            main       -> FETCH_HEAD
2026-09-29T01:30:08-10:00job:github_sync_all | — [library] local and GitHub already match
2026-09-29T01:30:08-10:00job:github_sync_all | — [library] nothing to push
2026-09-29T01:30:08-10:00job:github_sync_all | — [skills] no local changes
2026-09-29T01:30:08-10:00job:github_sync_all | ↓ [skills] fetching origin/main
2026-09-29T01:30:08-10:00job:github_sync_all | From github.com:rootrecordsoftwaresolutions/Solar-Pacific-RootRecord-Server
2026-09-29T01:30:08-10:00job:github_sync_all | * branch            main       -> FETCH_HEAD
2026-09-29T01:30:08-10:00job:github_sync_all | — [skills] local and GitHub already match
2026-09-29T01:30:08-10:00job:github_sync_all | — [skills] nothing to push
2026-09-29T01:30:08-10:00job:worklog_scan RUN  bash "/home/rootrecord/RootRecord-Ecosystem/1 - Servers/1 - RootRecord-Pacific-Solar-Server/Reports/scripts/worklog_once.sh"
2026-09-29T01:30:11-10:00job:worklog_scan | OK wrote/updated /home/rootrecord/RootRecord-Ecosystem/2 - RootRecord-Database/WORKLOG/worklog_current.md
2026-09-29T01:30:11-10:00job:security_camera_frame_grab RUN  bash "/home/rootrecord/RootRecord-Ecosystem/1 - Servers/1 - RootRecord-Pacific-Solar-Server/Security/Cameras/grab_all.sh"
2026-09-29T01:30:23-10:00job:security_camera_frame_grab | 01:30:11  📷  a-eyes  ch1 → ch1-20260929T113011Z.jpg  (297.8 KB, 4.81s)
2026-09-29T01:30:23-10:00job:security_camera_frame_grab | 01:30:16  📷  a-eyes  ch2 → ch2-20260929T113016Z.jpg  (354.8 KB, 4.27s)
2026-09-29T01:30:23-10:00job:security_camera_frame_grab | 01:30:20  📷  a-eyes  ch3 → ch3-20260929T113020Z.jpg  (12.0 KB, 1.51s)
2026-09-29T01:30:23-10:00job:security_camera_frame_grab | 01:30:21  📷  a-eyes  ch4 → ch4-20260929T113021Z.jpg  (11.9 KB, 1.61s)
2026-09-29T01:30:23-10:00ENERGY  status=live  B2=85%  B1=0%  solar=0 W  ac=0 W  usbc=50 W  src=/home/rootrecord/RootRecord-Ecosystem/2 - RootRecord-Database/ENERGY
2026-09-29T01:30:24-10:00  ▸  SUMMARY=delta2 soc=85% solar=0W ac_out=0W usbc=50W src=api db=ok
2026-09-29T01:30:24-10:00job:sys_stats_cycle RUN  bash "/home/rootrecord/RootRecord-Ecosystem/1 - Servers/1 - RootRecord-Pacific-Solar-Server/System/scripts/sys-sample.sh"
2026-09-29T01:30:25-10:00job:sys_stats_cycle | SYSTEM  cpu=14%  load=0.91  mem=68%  src=sqlite
2026-09-29T01:30:25-10:00job:sys_stats_cycle | OK wrote /home/rootrecord/RootRecord-Ecosystem/2 - RootRecord-Database/SYSTEM/samples/sys-20260929-013025.json
2026-09-29T01:30:54-10:00job:github_sync_all | — [pacific] no local changes
2026-09-29T01:30:54-10:00job:github_sync_all | ↓ [pacific] fetching origin/main
2026-09-29T01:30:54-10:00job:github_sync_all | From github.com:RootRecord-Software-Solutions/RootRecord-Pacific-Solar-Server
2026-09-29T01:30:54-10:00job:github_sync_all | * branch            main       -> FETCH_HEAD
2026-09-29T01:30:54-10:00job:github_sync_all | — [pacific] local and GitHub already match
2026-09-29T01:30:54-10:00job:github_sync_all | — [pacific] nothing to push
2026-09-29T01:30:54-10:00job:github_sync_all | ↑ [database] committed 18 local file(s)
2026-09-29T01:30:54-10:00job:github_sync_all | ↓ [database] fetching origin/main
2026-09-29T01:30:54-10:00job:github_sync_all | From github.com:RootRecord-Software-Solutions/RootRecord-Database
2026-09-29T01:30:54-10:00job:github_sync_all | * branch            main       -> FETCH_HEAD
2026-09-29T01:30:54-10:00job:github_sync_all | ↑ [database] local is ahead of GitHub
2026-09-29T01:30:54-10:00job:github_sync_all | To github.com:RootRecord-Software-Solutions/RootRecord-Database.git
2026-09-29T01:30:54-10:00job:github_sync_all | 6812205..00d6297  HEAD -> main
2026-09-29T01:30:54-10:00job:github_sync_all | branch 'main' set up to track 'origin/main'.
2026-09-29T01:30:54-10:00job:github_sync_all | ↑ [database] 18 files → RootRecord-Software-Solutions/RootRecord-Database (main)
2026-09-29T01:30:54-10:00job:github_sync_all | ↑ [library] committed 2 local file(s)
2026-09-29T01:30:54-10:00job:github_sync_all | ↓ [library] fetching origin/main
2026-09-29T01:30:54-10:00job:github_sync_all | From github.com:RootRecord-Software-Solutions/RootRecord-Library
2026-09-29T01:30:54-10:00job:github_sync_all | * branch            main       -> FETCH_HEAD
2026-09-29T01:30:54-10:00job:github_sync_all | ↑ [library] local is ahead of GitHub
2026-09-29T01:30:54-10:00job:github_sync_all | To github.com:RootRecord-Software-Solutions/RootRecord-Library.git
2026-09-29T01:30:54-10:00job:github_sync_all | 9c68d49..78e46f7  HEAD -> main
2026-09-29T01:30:54-10:00job:github_sync_all | branch 'main' set up to track 'origin/main'.
2026-09-29T01:30:54-10:00job:github_sync_all | ↑ [library] 2 files → RootRecord-Software-Solutions/RootRecord-Library (main)
2026-09-29T01:30:54-10:00job:github_sync_all | — [skills] no local changes
2026-09-29T01:30:54-10:00job:github_sync_all | ↓ [skills] fetching origin/main
2026-09-29T01:30:54-10:00job:github_sync_all | From github.com:rootrecordsoftwaresolutions/Solar-Pacific-RootRecord-Server
2026-09-29T01:30:54-10:00job:github_sync_all | * branch            main       -> FETCH_HEAD
2026-09-29T01:30:54-10:00job:github_sync_all | — [skills] local and GitHub already match
2026-09-29T01:30:54-10:00job:github_sync_all | — [skills] nothing to push
2026-09-29T01:30:54-10:00job:security_camera_frame_grab RUN  bash "/home/rootrecord/RootRecord-Ecosystem/1 - Servers/1 - RootRecord-Pacific-Solar-Server/Security/Cameras/grab_all.sh"
2026-09-29T01:31:06-10:00job:security_camera_frame_grab | 01:30:54  📷  a-eyes  ch1 → ch1-20260929T113054Z.jpg  (299.0 KB, 4.55s)
2026-09-29T01:31:06-10:00job:security_camera_frame_grab | 01:30:58  📷  a-eyes  ch2 → ch2-20260929T113058Z.jpg  (355.1 KB, 4.29s)
2026-09-29T01:31:06-10:00job:security_camera_frame_grab | 01:31:03  📷  a-eyes  ch3 → ch3-20260929T113103Z.jpg  (11.9 KB, 1.49s)
2026-09-29T01:31:06-10:00job:security_camera_frame_grab | 01:31:04  📷  a-eyes  ch4 → ch4-20260929T113104Z.jpg  (11.9 KB, 1.54s)
2026-09-29T01:31:07-10:00  ▸  SUMMARY=river2pro soc=0% solar=0W ac_out=73W usbc=95W src=api db=ok
2026-09-29T01:31:07-10:00job:sys_stats_cycle RUN  bash "/home/rootrecord/RootRecord-Ecosystem/1 - Servers/1 - RootRecord-Pacific-Solar-Server/System/scripts/sys-sample.sh"
2026-09-29T01:31:08-10:00job:sys_stats_cycle | SYSTEM  cpu=10%  load=1.22  mem=68%  src=sqlite
2026-09-29T01:31:08-10:00job:sys_stats_cycle | OK wrote /home/rootrecord/RootRecord-Ecosystem/2 - RootRecord-Database/SYSTEM/samples/sys-20260929-013107.json
2026-09-29T01:31:32-10:00job:github_sync_all | — [pacific] no local changes
2026-09-29T01:31:32-10:00job:github_sync_all | ↓ [pacific] fetching origin/main
2026-09-29T01:31:32-10:00job:github_sync_all | From github.com:RootRecord-Software-Solutions/RootRecord-Pacific-Solar-Server
2026-09-29T01:31:32-10:00job:github_sync_all | * branch            main       -> FETCH_HEAD
2026-09-29T01:31:32-10:00job:github_sync_all | — [pacific] local and GitHub already match
2026-09-29T01:31:32-10:00job:github_sync_all | — [pacific] nothing to push
2026-09-29T01:31:32-10:00job:github_sync_all | ↑ [database] committed 12 local file(s)
2026-09-29T01:31:32-10:00job:github_sync_all | ↓ [database] fetching origin/main
2026-09-29T01:31:32-10:00job:github_sync_all | From github.com:RootRecord-Software-Solutions/RootRecord-Database
2026-09-29T01:31:32-10:00job:github_sync_all | * branch            main       -> FETCH_HEAD
2026-09-29T01:31:32-10:00job:github_sync_all | ↑ [database] local is ahead of GitHub
2026-09-29T01:31:32-10:00job:github_sync_all | To github.com:RootRecord-Software-Solutions/RootRecord-Database.git
2026-09-29T01:31:32-10:00job:github_sync_all | 00d6297..bbdd783  HEAD -> main
2026-09-29T01:31:32-10:00job:github_sync_all | branch 'main' set up to track 'origin/main'.
2026-09-29T01:31:32-10:00job:github_sync_all | ↑ [database] 12 files → RootRecord-Software-Solutions/RootRecord-Database (main)
2026-09-29T01:31:32-10:00job:github_sync_all | — [library] no local changes
2026-09-29T01:31:32-10:00job:github_sync_all | ↓ [library] fetching origin/main
2026-09-29T01:31:32-10:00job:github_sync_all | From github.com:RootRecord-Software-Solutions/RootRecord-Library
2026-09-29T01:31:32-10:00job:github_sync_all | * branch            main       -> FETCH_HEAD
2026-09-29T01:31:32-10:00job:github_sync_all | — [library] local and GitHub already match
2026-09-29T01:31:32-10:00job:github_sync_all | — [library] nothing to push
2026-09-29T01:31:32-10:00job:github_sync_all | — [skills] no local changes
2026-09-29T01:31:32-10:00job:github_sync_all | ↓ [skills] fetching origin/main
2026-09-29T01:31:32-10:00job:github_sync_all | From github.com:rootrecordsoftwaresolutions/Solar-Pacific-RootRecord-Server
2026-09-29T01:31:32-10:00job:github_sync_all | * branch            main       -> FETCH_HEAD
2026-09-29T01:31:32-10:00job:github_sync_all | — [skills] local and GitHub already match
2026-09-29T01:31:32-10:00job:github_sync_all | — [skills] nothing to push
2026-09-29T01:31:32-10:00job:security_camera_frame_grab RUN  bash "/home/rootrecord/RootRecord-Ecosystem/1 - Servers/1 - RootRecord-Pacific-Solar-Server/Security/Cameras/grab_all.sh"
2026-09-29T01:31:44-10:00job:security_camera_frame_grab | 01:31:32  📷  a-eyes  ch1 → ch1-20260929T113132Z.jpg  (299.9 KB, 4.46s)
2026-09-29T01:31:44-10:00job:security_camera_frame_grab | 01:31:36  📷  a-eyes  ch2 → ch2-20260929T113136Z.jpg  (355.8 KB, 4.58s)
2026-09-29T01:31:44-10:00job:security_camera_frame_grab | 01:31:41  📷  a-eyes  ch3 → ch3-20260929T113141Z.jpg  (11.8 KB, 1.72s)
2026-09-29T01:31:44-10:00job:security_camera_frame_grab | 01:31:43  📷  a-eyes  ch4 → ch4-20260929T113143Z.jpg  (11.8 KB, 1.53s)
2026-09-29T01:31:45-10:00ENERGY  status=live  B2=85%  B1=0%  solar=0 W  ac=0 W  usbc=50 W  src=/home/rootrecord/RootRecord-Ecosystem/2 - RootRecord-Database/ENERGY
2026-09-29T01:31:46-10:00  ▸  SUMMARY=river2pro soc=0% solar=0W ac_out=73W usbc=95W src=api db=ok
2026-09-29T01:31:46-10:00job:sys_stats_cycle RUN  bash "/home/rootrecord/RootRecord-Ecosystem/1 - Servers/1 - RootRecord-Pacific-Solar-Server/System/scripts/sys-sample.sh"
2026-09-29T01:31:46-10:00job:sys_stats_cycle | SYSTEM  cpu=7%  load=0.92  mem=67%  src=sqlite
2026-09-29T01:31:46-10:00job:sys_stats_cycle | OK wrote /home/rootrecord/RootRecord-Ecosystem/2 - RootRecord-Database/SYSTEM/samples/sys-20260929-013146.json
2026-09-29T01:32:10-10:00job:github_sync_all | — [pacific] no local changes
2026-09-29T01:32:10-10:00job:github_sync_all | ↓ [pacific] fetching origin/main
2026-09-29T01:32:10-10:00job:github_sync_all | From github.com:RootRecord-Software-Solutions/RootRecord-Pacific-Solar-Server
2026-09-29T01:32:10-10:00job:github_sync_all | * branch            main       -> FETCH_HEAD
2026-09-29T01:32:10-10:00job:github_sync_all | — [pacific] local and GitHub already match
2026-09-29T01:32:10-10:00job:github_sync_all | — [pacific] nothing to push
2026-09-29T01:32:10-10:00job:github_sync_all | ↑ [database] committed 11 local file(s)
2026-09-29T01:32:10-10:00job:github_sync_all | ↓ [database] fetching origin/main
2026-09-29T01:32:10-10:00job:github_sync_all | From github.com:RootRecord-Software-Solutions/RootRecord-Database
2026-09-29T01:32:10-10:00job:github_sync_all | * branch            main       -> FETCH_HEAD
2026-09-29T01:32:10-10:00job:github_sync_all | ↑ [database] local is ahead of GitHub
2026-09-29T01:32:10-10:00job:github_sync_all | To github.com:RootRecord-Software-Solutions/RootRecord-Database.git
2026-09-29T01:32:10-10:00job:github_sync_all | bbdd783..7797d3b  HEAD -> main
2026-09-29T01:32:10-10:00job:github_sync_all | branch 'main' set up to track 'origin/main'.
2026-09-29T01:32:10-10:00job:github_sync_all | ↑ [database] 11 files → RootRecord-Software-Solutions/RootRecord-Database (main)
2026-09-29T01:32:10-10:00job:github_sync_all | — [library] no local changes
2026-09-29T01:32:10-10:00job:github_sync_all | ↓ [library] fetching origin/main
2026-09-29T01:32:10-10:00job:github_sync_all | From github.com:RootRecord-Software-Solutions/RootRecord-Library
2026-09-29T01:32:10-10:00job:github_sync_all | * branch            main       -> FETCH_HEAD
2026-09-29T01:32:10-10:00job:github_sync_all | — [library] local and GitHub already match
2026-09-29T01:32:10-10:00job:github_sync_all | — [library] nothing to push
2026-09-29T01:32:10-10:00job:github_sync_all | — [skills] no local changes
2026-09-29T01:32:10-10:00job:github_sync_all | ↓ [skills] fetching origin/main
2026-09-29T01:32:10-10:00job:github_sync_all | From github.com:rootrecordsoftwaresolutions/Solar-Pacific-RootRecord-Server
2026-09-29T01:32:10-10:00job:github_sync_all | * branch            main       -> FETCH_HEAD
2026-09-29T01:32:10-10:00job:github_sync_all | — [skills] local and GitHub already match
2026-09-29T01:32:10-10:00job:github_sync_all | — [skills] nothing to push
2026-09-29T01:32:10-10:00job:worklog_scan RUN  bash "/home/rootrecord/RootRecord-Ecosystem/1 - Servers/1 - RootRecord-Pacific-Solar-Server/Reports/scripts/worklog_once.sh"
2026-09-29T01:32:12-10:00job:worklog_scan | OK wrote/updated /home/rootrecord/RootRecord-Ecosystem/2 - RootRecord-Database/WORKLOG/worklog_current.md
2026-09-29T01:32:12-10:00job:security_camera_frame_grab RUN  bash "/home/rootrecord/RootRecord-Ecosystem/1 - Servers/1 - RootRecord-Pacific-Solar-Server/Security/Cameras/grab_all.sh"
2026-09-29T01:32:24-10:00job:security_camera_frame_grab | 01:32:12  📷  a-eyes  ch1 → ch1-20260929T113212Z.jpg  (297.2 KB, 4.25s)
2026-09-29T01:32:24-10:00job:security_camera_frame_grab | 01:32:17  📷  a-eyes  ch2 → ch2-20260929T113217Z.jpg  (355.6 KB, 4.40s)
2026-09-29T01:32:24-10:00job:security_camera_frame_grab | 01:32:21  📷  a-eyes  ch3 → ch3-20260929T113221Z.jpg  (11.9 KB, 1.70s)
2026-09-29T01:32:24-10:00job:security_camera_frame_grab | 01:32:23  📷  a-eyes  ch4 → ch4-20260929T113223Z.jpg  (12.0 KB, 1.55s)
2026-09-29T01:32:26-10:00  ▸  SUMMARY=river2pro soc=0% solar=0W ac_out=73W usbc=95W src=api db=ok
2026-09-29T01:32:26-10:00job:sys_stats_cycle RUN  bash "/home/rootrecord/RootRecord-Ecosystem/1 - Servers/1 - RootRecord-Pacific-Solar-Server/System/scripts/sys-sample.sh"
2026-09-29T01:32:26-10:00job:sys_stats_cycle | SYSTEM  cpu=9%  load=1.04  mem=67%  src=sqlite
2026-09-29T01:32:26-10:00job:sys_stats_cycle | OK wrote /home/rootrecord/RootRecord-Ecosystem/2 - RootRecord-Database/SYSTEM/samples/sys-20260929-013226.json
2026-09-29T01:32:50-10:00job:github_sync_all | — [pacific] no local changes
2026-09-29T01:32:50-10:00job:github_sync_all | ↓ [pacific] fetching origin/main
2026-09-29T01:32:50-10:00job:github_sync_all | From github.com:RootRecord-Software-Solutions/RootRecord-Pacific-Solar-Server
2026-09-29T01:32:50-10:00job:github_sync_all | * branch            main       -> FETCH_HEAD
2026-09-29T01:32:50-10:00job:github_sync_all | — [pacific] local and GitHub already match
2026-09-29T01:32:50-10:00job:github_sync_all | — [pacific] nothing to push
2026-09-29T01:32:50-10:00job:github_sync_all | ↑ [database] committed 15 local file(s)
2026-09-29T01:32:50-10:00job:github_sync_all | ↓ [database] fetching origin/main
2026-09-29T01:32:50-10:00job:github_sync_all | From github.com:RootRecord-Software-Solutions/RootRecord-Database
2026-09-29T01:32:50-10:00job:github_sync_all | * branch            main       -> FETCH_HEAD
2026-09-29T01:32:50-10:00job:github_sync_all | ↑ [database] local is ahead of GitHub
2026-09-29T01:32:50-10:00job:github_sync_all | To github.com:RootRecord-Software-Solutions/RootRecord-Database.git
2026-09-29T01:32:50-10:00job:github_sync_all | 7797d3b..c9f20ff  HEAD -> main
2026-09-29T01:32:50-10:00job:github_sync_all | branch 'main' set up to track 'origin/main'.
2026-09-29T01:32:50-10:00job:github_sync_all | ↑ [database] 15 files → RootRecord-Software-Solutions/RootRecord-Database (main)
2026-09-29T01:32:50-10:00job:github_sync_all | — [library] no local changes
2026-09-29T01:32:50-10:00job:github_sync_all | ↓ [library] fetching origin/main
2026-09-29T01:32:50-10:00job:github_sync_all | From github.com:RootRecord-Software-Solutions/RootRecord-Library
2026-09-29T01:32:50-10:00job:github_sync_all | * branch            main       -> FETCH_HEAD
2026-09-29T01:32:50-10:00job:github_sync_all | — [library] local and GitHub already match
2026-09-29T01:32:50-10:00job:github_sync_all | — [library] nothing to push
2026-09-29T01:32:50-10:00job:github_sync_all | — [skills] no local changes
2026-09-29T01:32:50-10:00job:github_sync_all | ↓ [skills] fetching origin/main
2026-09-29T01:32:50-10:00job:github_sync_all | From github.com:rootrecordsoftwaresolutions/Solar-Pacific-RootRecord-Server
2026-09-29T01:32:50-10:00job:github_sync_all | * branch            main       -> FETCH_HEAD
2026-09-29T01:32:50-10:00job:github_sync_all | — [skills] local and GitHub already match
2026-09-29T01:32:50-10:00job:github_sync_all | — [skills] nothing to push
2026-09-29T01:32:50-10:00job:security_camera_frame_grab RUN  bash "/home/rootrecord/RootRecord-Ecosystem/1 - Servers/1 - RootRecord-Pacific-Solar-Server/Security/Cameras/grab_all.sh"
2026-09-29T01:33:02-10:00job:security_camera_frame_grab | 01:32:50  📷  a-eyes  ch1 → ch1-20260929T113250Z.jpg  (300.3 KB, 4.35s)
2026-09-29T01:33:02-10:00job:security_camera_frame_grab | 01:32:55  📷  a-eyes  ch2 → ch2-20260929T113255Z.jpg  (355.5 KB, 4.28s)
2026-09-29T01:33:02-10:00job:security_camera_frame_grab | 01:32:59  📷  a-eyes  ch3 → ch3-20260929T113259Z.jpg  (12.0 KB, 1.58s)
2026-09-29T01:33:02-10:00job:security_camera_frame_grab | 01:33:01  📷  a-eyes  ch4 → ch4-20260929T113301Z.jpg  (12.0 KB, 1.74s)
2026-09-29T01:33:03-10:00ENERGY  status=live  B2=85%  B1=0%  solar=0 W  ac=0 W  usbc=50 W  src=/home/rootrecord/RootRecord-Ecosystem/2 - RootRecord-Database/ENERGY
2026-09-29T01:33:04-10:00  ▸  SUMMARY=delta2 soc=85% solar=0W ac_out=0W usbc=50W src=api db=ok
2026-09-29T01:33:04-10:00job:sys_stats_cycle RUN  bash "/home/rootrecord/RootRecord-Ecosystem/1 - Servers/1 - RootRecord-Pacific-Solar-Server/System/scripts/sys-sample.sh"
2026-09-29T01:33:04-10:00job:sys_stats_cycle | SYSTEM  cpu=27%  load=1.02  mem=66%  src=sqlite
2026-09-29T01:33:04-10:00job:sys_stats_cycle | OK wrote /home/rootrecord/RootRecord-Ecosystem/2 - RootRecord-Database/SYSTEM/samples/sys-20260929-013304.json
2026-09-29T01:33:30-10:00job:github_sync_all | — [pacific] no local changes
2026-09-29T01:33:30-10:00job:github_sync_all | ↓ [pacific] fetching origin/main
2026-09-29T01:33:30-10:00job:github_sync_all | From github.com:RootRecord-Software-Solutions/RootRecord-Pacific-Solar-Server
2026-09-29T01:33:30-10:00job:github_sync_all | * branch            main       -> FETCH_HEAD
2026-09-29T01:33:30-10:00job:github_sync_all | — [pacific] local and GitHub already match
2026-09-29T01:33:30-10:00job:github_sync_all | — [pacific] nothing to push
2026-09-29T01:33:30-10:00job:github_sync_all | ↑ [database] committed 12 local file(s)
2026-09-29T01:33:30-10:00job:github_sync_all | ↓ [database] fetching origin/main
2026-09-29T01:33:30-10:00job:github_sync_all | From github.com:RootRecord-Software-Solutions/RootRecord-Database
2026-09-29T01:33:30-10:00job:github_sync_all | * branch            main       -> FETCH_HEAD
2026-09-29T01:33:30-10:00job:github_sync_all | ↑ [database] local is ahead of GitHub
2026-09-29T01:33:30-10:00job:github_sync_all | To github.com:RootRecord-Software-Solutions/RootRecord-Database.git
2026-09-29T01:33:30-10:00job:github_sync_all | c9f20ff..ac348cd  HEAD -> main
2026-09-29T01:33:30-10:00job:github_sync_all | branch 'main' set up to track 'origin/main'.
2026-09-29T01:33:30-10:00job:github_sync_all | ↑ [database] 12 files → RootRecord-Software-Solutions/RootRecord-Database (main)
2026-09-29T01:33:30-10:00job:github_sync_all | — [library] no local changes
2026-09-29T01:33:30-10:00job:github_sync_all | ↓ [library] fetching origin/main
2026-09-29T01:33:30-10:00job:github_sync_all | From github.com:RootRecord-Software-Solutions/RootRecord-Library
2026-09-29T01:33:30-10:00job:github_sync_all | * branch            main       -> FETCH_HEAD
2026-09-29T01:33:30-10:00job:github_sync_all | — [library] local and GitHub already match
2026-09-29T01:33:30-10:00job:github_sync_all | — [library] nothing to push
2026-09-29T01:33:30-10:00job:github_sync_all | — [skills] no local changes
2026-09-29T01:33:30-10:00job:github_sync_all | ↓ [skills] fetching origin/main
2026-09-29T01:33:30-10:00job:github_sync_all | From github.com:rootrecordsoftwaresolutions/Solar-Pacific-RootRecord-Server
2026-09-29T01:33:30-10:00job:github_sync_all | * branch            main       -> FETCH_HEAD
2026-09-29T01:33:30-10:00job:github_sync_all | — [skills] local and GitHub already match
2026-09-29T01:33:30-10:00job:github_sync_all | — [skills] nothing to push
2026-09-29T01:33:30-10:00job:security_camera_frame_grab RUN  bash "/home/rootrecord/RootRecord-Ecosystem/1 - Servers/1 - RootRecord-Pacific-Solar-Server/Security/Cameras/grab_all.sh"
2026-09-29T01:33:43-10:00job:security_camera_frame_grab | 01:33:30  📷  a-eyes  ch1 → ch1-20260929T113330Z.jpg  (298.2 KB, 4.34s)
2026-09-29T01:33:43-10:00job:security_camera_frame_grab | 01:33:35  📷  a-eyes  ch2 → ch2-20260929T113335Z.jpg  (356.7 KB, 4.28s)
2026-09-29T01:33:43-10:00job:security_camera_frame_grab | 01:33:39  📷  a-eyes  ch3 → ch3-20260929T113339Z.jpg  (11.9 KB, 1.60s)
2026-09-29T01:33:43-10:00job:security_camera_frame_grab | 01:33:41  📷  a-eyes  ch4 → ch4-20260929T113341Z.jpg  (11.9 KB, 1.71s)
2026-09-29T01:33:44-10:00  ▸  SUMMARY=delta2 soc=85% solar=0W ac_out=0W usbc=50W src=api db=ok
2026-09-29T01:33:44-10:00job:sys_stats_cycle RUN  bash "/home/rootrecord/RootRecord-Ecosystem/1 - Servers/1 - RootRecord-Pacific-Solar-Server/System/scripts/sys-sample.sh"
2026-09-29T01:33:44-10:00job:sys_stats_cycle | SYSTEM  cpu=12%  load=1.61  mem=65%  src=sqlite
2026-09-29T01:33:44-10:00job:sys_stats_cycle | OK wrote /home/rootrecord/RootRecord-Ecosystem/2 - RootRecord-Database/SYSTEM/samples/sys-20260929-013344.json
2026-09-29T01:34:08-10:00job:github_sync_all | — [pacific] no local changes
2026-09-29T01:34:08-10:00job:github_sync_all | ↓ [pacific] fetching origin/main
2026-09-29T01:34:08-10:00job:github_sync_all | From github.com:RootRecord-Software-Solutions/RootRecord-Pacific-Solar-Server
2026-09-29T01:34:08-10:00job:github_sync_all | * branch            main       -> FETCH_HEAD
2026-09-29T01:34:08-10:00job:github_sync_all | — [pacific] local and GitHub already match
2026-09-29T01:34:08-10:00job:github_sync_all | — [pacific] nothing to push
2026-09-29T01:34:08-10:00job:github_sync_all | ↑ [database] committed 11 local file(s)
2026-09-29T01:34:08-10:00job:github_sync_all | ↓ [database] fetching origin/main
2026-09-29T01:34:08-10:00job:github_sync_all | From github.com:RootRecord-Software-Solutions/RootRecord-Database
2026-09-29T01:34:08-10:00job:github_sync_all | * branch            main       -> FETCH_HEAD
2026-09-29T01:34:08-10:00job:github_sync_all | ↑ [database] local is ahead of GitHub
2026-09-29T01:34:08-10:00job:github_sync_all | To github.com:RootRecord-Software-Solutions/RootRecord-Database.git
2026-09-29T01:34:08-10:00job:github_sync_all | ac348cd..741e948  HEAD -> main
2026-09-29T01:34:08-10:00job:github_sync_all | branch 'main' set up to track 'origin/main'.
2026-09-29T01:34:08-10:00job:github_sync_all | ↑ [database] 11 files → RootRecord-Software-Solutions/RootRecord-Database (main)
2026-09-29T01:34:08-10:00job:github_sync_all | — [library] no local changes
2026-09-29T01:34:08-10:00job:github_sync_all | ↓ [library] fetching origin/main
2026-09-29T01:34:08-10:00job:github_sync_all | From github.com:RootRecord-Software-Solutions/RootRecord-Library
2026-09-29T01:34:08-10:00job:github_sync_all | * branch            main       -> FETCH_HEAD
2026-09-29T01:34:08-10:00job:github_sync_all | — [library] local and GitHub already match
2026-09-29T01:34:08-10:00job:github_sync_all | — [library] nothing to push
2026-09-29T01:34:08-10:00job:github_sync_all | — [skills] no local changes
2026-09-29T01:34:08-10:00job:github_sync_all | ↓ [skills] fetching origin/main
2026-09-29T01:34:08-10:00job:github_sync_all | From github.com:rootrecordsoftwaresolutions/Solar-Pacific-RootRecord-Server
2026-09-29T01:34:08-10:00job:github_sync_all | * branch            main       -> FETCH_HEAD
2026-09-29T01:34:08-10:00job:github_sync_all | — [skills] local and GitHub already match
2026-09-29T01:34:08-10:00job:github_sync_all | — [skills] nothing to push
2026-09-29T01:34:08-10:00job:worklog_scan RUN  bash "/home/rootrecord/RootRecord-Ecosystem/1 - Servers/1 - RootRecord-Pacific-Solar-Server/Reports/scripts/worklog_once.sh"
2026-09-29T01:34:11-10:00job:worklog_scan | OK wrote/updated /home/rootrecord/RootRecord-Ecosystem/2 - RootRecord-Database/WORKLOG/worklog_current.md
2026-09-29T01:34:11-10:00job:security_camera_frame_grab RUN  bash "/home/rootrecord/RootRecord-Ecosystem/1 - Servers/1 - RootRecord-Pacific-Solar-Server/Security/Cameras/grab_all.sh"
2026-09-29T01:34:23-10:00job:security_camera_frame_grab | 01:34:11  📷  a-eyes  ch1 → ch1-20260929T113411Z.jpg  (300.5 KB, 4.50s)
2026-09-29T01:34:23-10:00job:security_camera_frame_grab | 01:34:15  📷  a-eyes  ch2 → ch2-20260929T113415Z.jpg  (358.6 KB, 4.44s)
2026-09-29T01:34:23-10:00job:security_camera_frame_grab | 01:34:20  📷  a-eyes  ch3 → ch3-20260929T113420Z.jpg  (11.9 KB, 1.55s)
2026-09-29T01:34:23-10:00job:security_camera_frame_grab | 01:34:21  📷  a-eyes  ch4 → ch4-20260929T113421Z.jpg  (11.8 KB, 1.72s)
2026-09-29T01:34:23-10:00ENERGY  status=live  B2=85%  B1=0%  solar=0 W  ac=0 W  usbc=50 W  src=/home/rootrecord/RootRecord-Ecosystem/2 - RootRecord-Database/ENERGY
2026-09-29T01:34:24-10:00  ▸  SUMMARY=delta2 soc=85% solar=0W ac_out=0W usbc=50W src=api db=ok
2026-09-29T01:34:24-10:00job:sys_stats_cycle RUN  bash "/home/rootrecord/RootRecord-Ecosystem/1 - Servers/1 - RootRecord-Pacific-Solar-Server/System/scripts/sys-sample.sh"
2026-09-29T01:34:25-10:00job:sys_stats_cycle | SYSTEM  cpu=11%  load=2.95  mem=65%  src=sqlite
2026-09-29T01:34:25-10:00job:sys_stats_cycle | OK wrote /home/rootrecord/RootRecord-Ecosystem/2 - RootRecord-Database/SYSTEM/samples/sys-20260929-013425.json
2026-09-29T01:34:49-10:00job:github_sync_all | — [pacific] no local changes
2026-09-29T01:34:49-10:00job:github_sync_all | ↓ [pacific] fetching origin/main
2026-09-29T01:34:49-10:00job:github_sync_all | From github.com:RootRecord-Software-Solutions/RootRecord-Pacific-Solar-Server
2026-09-29T01:34:49-10:00job:github_sync_all | * branch            main       -> FETCH_HEAD
2026-09-29T01:34:49-10:00job:github_sync_all | — [pacific] local and GitHub already match
2026-09-29T01:34:49-10:00job:github_sync_all | — [pacific] nothing to push
2026-09-29T01:34:49-10:00job:github_sync_all | ↑ [database] committed 15 local file(s)
2026-09-29T01:34:49-10:00job:github_sync_all | ↓ [database] fetching origin/main
2026-09-29T01:34:49-10:00job:github_sync_all | From github.com:RootRecord-Software-Solutions/RootRecord-Database
2026-09-29T01:34:49-10:00job:github_sync_all | * branch            main       -> FETCH_HEAD
2026-09-29T01:34:49-10:00job:github_sync_all | ↑ [database] local is ahead of GitHub
2026-09-29T01:34:49-10:00job:github_sync_all | To github.com:RootRecord-Software-Solutions/RootRecord-Database.git
2026-09-29T01:34:49-10:00job:github_sync_all | 741e948..880463d  HEAD -> main
2026-09-29T01:34:49-10:00job:github_sync_all | branch 'main' set up to track 'origin/main'.
2026-09-29T01:34:49-10:00job:github_sync_all | ↑ [database] 15 files → RootRecord-Software-Solutions/RootRecord-Database (main)
2026-09-29T01:34:49-10:00job:github_sync_all | — [library] no local changes
2026-09-29T01:34:49-10:00job:github_sync_all | ↓ [library] fetching origin/main
2026-09-29T01:34:49-10:00job:github_sync_all | From github.com:RootRecord-Software-Solutions/RootRecord-Library
2026-09-29T01:34:49-10:00job:github_sync_all | * branch            main       -> FETCH_HEAD
2026-09-29T01:34:49-10:00job:github_sync_all | — [library] local and GitHub already match
2026-09-29T01:34:49-10:00job:github_sync_all | — [library] nothing to push
2026-09-29T01:34:49-10:00job:github_sync_all | — [skills] no local changes
2026-09-29T01:34:49-10:00job:github_sync_all | ↓ [skills] fetching origin/main
2026-09-29T01:34:49-10:00job:github_sync_all | From github.com:rootrecordsoftwaresolutions/Solar-Pacific-RootRecord-Server
2026-09-29T01:34:49-10:00job:github_sync_all | * branch            main       -> FETCH_HEAD
2026-09-29T01:34:49-10:00job:github_sync_all | — [skills] local and GitHub already match
2026-09-29T01:34:49-10:00job:github_sync_all | — [skills] nothing to push
2026-09-29T01:34:49-10:00job:security_camera_frame_grab RUN  bash "/home/rootrecord/RootRecord-Ecosystem/1 - Servers/1 - RootRecord-Pacific-Solar-Server/Security/Cameras/grab_all.sh"
2026-09-29T01:35:02-10:00job:security_camera_frame_grab | 01:34:49  📷  a-eyes  ch1 → ch1-20260929T113449Z.jpg  (296.6 KB, 4.63s)
2026-09-29T01:35:02-10:00job:security_camera_frame_grab | 01:34:54  📷  a-eyes  ch2 → ch2-20260929T113454Z.jpg  (358.2 KB, 4.48s)
2026-09-29T01:35:02-10:00job:security_camera_frame_grab | 01:34:58  📷  a-eyes  ch3 → ch3-20260929T113458Z.jpg  (12.0 KB, 1.50s)
2026-09-29T01:35:02-10:00job:security_camera_frame_grab | 01:35:00  📷  a-eyes  ch4 → ch4-20260929T113500Z.jpg  (11.9 KB, 1.72s)
2026-09-29T01:35:03-10:00  ▸  SUMMARY=delta2 soc=78% solar=0W ac_out=0W usbc=29W src=api db=ok
2026-09-29T01:35:03-10:00job:sys_stats_cycle RUN  bash "/home/rootrecord/RootRecord-Ecosystem/1 - Servers/1 - RootRecord-Pacific-Solar-Server/System/scripts/sys-sample.sh"
2026-09-29T01:35:04-10:00job:sys_stats_cycle | SYSTEM  cpu=11%  load=2.16  mem=65%  src=sqlite
2026-09-29T01:35:04-10:00job:sys_stats_cycle | OK wrote /home/rootrecord/RootRecord-Ecosystem/2 - RootRecord-Database/SYSTEM/samples/sys-20260929-013504.json
2026-09-29T01:35:29-10:00job:github_sync_all | — [pacific] no local changes
2026-09-29T01:35:29-10:00job:github_sync_all | ↓ [pacific] fetching origin/main
2026-09-29T01:35:29-10:00job:github_sync_all | From github.com:RootRecord-Software-Solutions/RootRecord-Pacific-Solar-Server
2026-09-29T01:35:29-10:00job:github_sync_all | * branch            main       -> FETCH_HEAD
2026-09-29T01:35:29-10:00job:github_sync_all | — [pacific] local and GitHub already match
2026-09-29T01:35:29-10:00job:github_sync_all | — [pacific] nothing to push
2026-09-29T01:35:29-10:00job:github_sync_all | ↑ [database] committed 13 local file(s)
2026-09-29T01:35:29-10:00job:github_sync_all | ↓ [database] fetching origin/main
2026-09-29T01:35:29-10:00job:github_sync_all | From github.com:RootRecord-Software-Solutions/RootRecord-Database
2026-09-29T01:35:29-10:00job:github_sync_all | * branch            main       -> FETCH_HEAD
2026-09-29T01:35:29-10:00job:github_sync_all | ↑ [database] local is ahead of GitHub
2026-09-29T01:35:29-10:00job:github_sync_all | To github.com:RootRecord-Software-Solutions/RootRecord-Database.git
2026-09-29T01:35:29-10:00job:github_sync_all | 880463d..6173806  HEAD -> main
2026-09-29T01:35:29-10:00job:github_sync_all | branch 'main' set up to track 'origin/main'.
2026-09-29T01:35:29-10:00job:github_sync_all | ↑ [database] 13 files → RootRecord-Software-Solutions/RootRecord-Database (main)
2026-09-29T01:35:29-10:00job:github_sync_all | — [library] no local changes
2026-09-29T01:35:29-10:00job:github_sync_all | ↓ [library] fetching origin/main
2026-09-29T01:35:29-10:00job:github_sync_all | From github.com:RootRecord-Software-Solutions/RootRecord-Library
2026-09-29T01:35:29-10:00job:github_sync_all | * branch            main       -> FETCH_HEAD
2026-09-29T01:35:29-10:00job:github_sync_all | — [library] local and GitHub already match
2026-09-29T01:35:29-10:00job:github_sync_all | — [library] nothing to push
2026-09-29T01:35:29-10:00job:github_sync_all | — [skills] no local changes
2026-09-29T01:35:29-10:00job:github_sync_all | ↓ [skills] fetching origin/main
2026-09-29T01:35:29-10:00job:github_sync_all | From github.com:rootrecordsoftwaresolutions/Solar-Pacific-RootRecord-Server
2026-09-29T01:35:29-10:00job:github_sync_all | * branch            main       -> FETCH_HEAD
2026-09-29T01:35:29-10:00job:github_sync_all | — [skills] local and GitHub already match
2026-09-29T01:35:29-10:00job:github_sync_all | — [skills] nothing to push
2026-09-29T01:35:29-10:00job:security_camera_frame_grab RUN  bash "/home/rootrecord/RootRecord-Ecosystem/1 - Servers/1 - RootRecord-Pacific-Solar-Server/Security/Cameras/grab_all.sh"
2026-09-29T01:35:41-10:00job:security_camera_frame_grab | 01:35:29  📷  a-eyes  ch1 → ch1-20260929T113529Z.jpg  (299.9 KB, 4.24s)
2026-09-29T01:35:41-10:00job:security_camera_frame_grab | 01:35:33  📷  a-eyes  ch2 → ch2-20260929T113533Z.jpg  (362.6 KB, 4.27s)
2026-09-29T01:35:41-10:00job:security_camera_frame_grab | 01:35:38  📷  a-eyes  ch3 → ch3-20260929T113538Z.jpg  (12.0 KB, 1.49s)
2026-09-29T01:35:41-10:00job:security_camera_frame_grab | 01:35:39  📷  a-eyes  ch4 → ch4-20260929T113539Z.jpg  (11.9 KB, 1.59s)
2026-09-29T01:35:41-10:00ENERGY  status=live  B2=78%  B1=0%  solar=0 W  ac=0 W  usbc=29 W  src=/home/rootrecord/RootRecord-Ecosystem/2 - RootRecord-Database/ENERGY
2026-09-29T01:35:42-10:00  ▸  SUMMARY=delta2 soc=78% solar=0W ac_out=0W usbc=29W src=api db=ok
2026-09-29T01:35:42-10:00job:sys_stats_cycle RUN  bash "/home/rootrecord/RootRecord-Ecosystem/1 - Servers/1 - RootRecord-Pacific-Solar-Server/System/scripts/sys-sample.sh"
2026-09-29T01:35:42-10:00job:sys_stats_cycle | SYSTEM  cpu=13%  load=1.31  mem=65%  src=sqlite
2026-09-29T01:35:42-10:00job:sys_stats_cycle | OK wrote /home/rootrecord/RootRecord-Ecosystem/2 - RootRecord-Database/SYSTEM/samples/sys-20260929-013542.json
2026-09-29T01:36:10-10:00job:github_sync_all | ↑ [pacific] committed 4 local file(s)
2026-09-29T01:36:10-10:00job:github_sync_all | ↓ [pacific] fetching origin/main
2026-09-29T01:36:10-10:00job:github_sync_all | From github.com:RootRecord-Software-Solutions/RootRecord-Pacific-Solar-Server
2026-09-29T01:36:10-10:00job:github_sync_all | * branch            main       -> FETCH_HEAD
2026-09-29T01:36:10-10:00job:github_sync_all | ↑ [pacific] local is ahead of GitHub
2026-09-29T01:36:10-10:00job:github_sync_all | To github.com:RootRecord-Software-Solutions/RootRecord-Pacific-Solar-Server.git
2026-09-29T01:36:10-10:00job:github_sync_all | f27604d..58ee023  HEAD -> main
2026-09-29T01:36:10-10:00job:github_sync_all | branch 'main' set up to track 'origin/main'.
2026-09-29T01:36:10-10:00job:github_sync_all | ↑ [pacific] 4 files → RootRecord-Software-Solutions/RootRecord-Pacific-Solar-Server (main)
2026-09-29T01:36:10-10:00job:github_sync_all | ↑ [database] committed 11 local file(s)
2026-09-29T01:36:10-10:00job:github_sync_all | ↓ [database] fetching origin/main
2026-09-29T01:36:10-10:00job:github_sync_all | From github.com:RootRecord-Software-Solutions/RootRecord-Database
2026-09-29T01:36:10-10:00job:github_sync_all | * branch            main       -> FETCH_HEAD
2026-09-29T01:36:10-10:00job:github_sync_all | ↑ [database] local is ahead of GitHub
2026-09-29T01:36:10-10:00job:github_sync_all | To github.com:RootRecord-Software-Solutions/RootRecord-Database.git
2026-09-29T01:36:10-10:00job:github_sync_all | 6173806..38b1ff0  HEAD -> main
2026-09-29T01:36:10-10:00job:github_sync_all | branch 'main' set up to track 'origin/main'.
2026-09-29T01:36:10-10:00job:github_sync_all | ↑ [database] 11 files → RootRecord-Software-Solutions/RootRecord-Database (main)
2026-09-29T01:36:10-10:00job:github_sync_all | — [library] no local changes
2026-09-29T01:36:10-10:00job:github_sync_all | ↓ [library] fetching origin/main
2026-09-29T01:36:10-10:00job:github_sync_all | From github.com:RootRecord-Software-Solutions/RootRecord-Library
2026-09-29T01:36:10-10:00job:github_sync_all | * branch            main       -> FETCH_HEAD
2026-09-29T01:36:10-10:00job:github_sync_all | — [library] local and GitHub already match
2026-09-29T01:36:10-10:00job:github_sync_all | — [library] nothing to push
2026-09-29T01:36:10-10:00job:github_sync_all | — [skills] no local changes
2026-09-29T01:36:10-10:00job:github_sync_all | ↓ [skills] fetching origin/main
2026-09-29T01:36:10-10:00job:github_sync_all | From github.com:rootrecordsoftwaresolutions/Solar-Pacific-RootRecord-Server
2026-09-29T01:36:10-10:00job:github_sync_all | * branch            main       -> FETCH_HEAD
2026-09-29T01:36:10-10:00job:github_sync_all | — [skills] local and GitHub already match
2026-09-29T01:36:10-10:00job:github_sync_all | — [skills] nothing to push
2026-09-29T01:36:10-10:00job:worklog_scan RUN  bash "/home/rootrecord/RootRecord-Ecosystem/1 - Servers/1 - RootRecord-Pacific-Solar-Server/Reports/scripts/worklog_once.sh"
2026-09-29T01:36:13-10:00job:worklog_scan | OK wrote/updated /home/rootrecord/RootRecord-Ecosystem/2 - RootRecord-Database/WORKLOG/worklog_current.md
2026-09-29T01:36:13-10:00job:security_camera_frame_grab RUN  bash "/home/rootrecord/RootRecord-Ecosystem/1 - Servers/1 - RootRecord-Pacific-Solar-Server/Security/Cameras/grab_all.sh"
2026-09-29T01:36:25-10:00job:security_camera_frame_grab | 01:36:13  📷  a-eyes  ch1 → ch1-20260929T113613Z.jpg  (299.7 KB, 4.35s)
2026-09-29T01:36:25-10:00job:security_camera_frame_grab | 01:36:17  📷  a-eyes  ch2 → ch2-20260929T113617Z.jpg  (363.3 KB, 4.39s)
2026-09-29T01:36:25-10:00job:security_camera_frame_grab | 01:36:22  📷  a-eyes  ch3 → ch3-20260929T113622Z.jpg  (12.0 KB, 1.62s)
2026-09-29T01:36:25-10:00job:security_camera_frame_grab | 01:36:23  📷  a-eyes  ch4 → ch4-20260929T113623Z.jpg  (11.9 KB, 1.59s)
2026-09-29T01:36:26-10:00  ▸  SUMMARY=river2pro soc=0% solar=0W ac_out=73W usbc=95W src=api db=ok
2026-09-29T01:36:26-10:00job:sys_stats_cycle RUN  bash "/home/rootrecord/RootRecord-Ecosystem/1 - Servers/1 - RootRecord-Pacific-Solar-Server/System/scripts/sys-sample.sh"
2026-09-29T01:36:26-10:00job:sys_stats_cycle | SYSTEM  cpu=15%  load=1.07  mem=65%  src=sqlite
2026-09-29T01:36:26-10:00job:sys_stats_cycle | OK wrote /home/rootrecord/RootRecord-Ecosystem/2 - RootRecord-Database/SYSTEM/samples/sys-20260929-013626.json
2026-09-29T01:36:50-10:00job:github_sync_all | — [pacific] no local changes
2026-09-29T01:36:50-10:00job:github_sync_all | ↓ [pacific] fetching origin/main
2026-09-29T01:36:50-10:00job:github_sync_all | From github.com:RootRecord-Software-Solutions/RootRecord-Pacific-Solar-Server
2026-09-29T01:36:50-10:00job:github_sync_all | * branch            main       -> FETCH_HEAD
2026-09-29T01:36:50-10:00job:github_sync_all | — [pacific] local and GitHub already match
2026-09-29T01:36:50-10:00job:github_sync_all | — [pacific] nothing to push
2026-09-29T01:36:50-10:00job:github_sync_all | ↑ [database] committed 16 local file(s)
2026-09-29T01:36:50-10:00job:github_sync_all | ↓ [database] fetching origin/main
2026-09-29T01:36:50-10:00job:github_sync_all | From github.com:RootRecord-Software-Solutions/RootRecord-Database
2026-09-29T01:36:50-10:00job:github_sync_all | * branch            main       -> FETCH_HEAD
2026-09-29T01:36:50-10:00job:github_sync_all | ↑ [database] local is ahead of GitHub
2026-09-29T01:36:50-10:00job:github_sync_all | To github.com:RootRecord-Software-Solutions/RootRecord-Database.git
2026-09-29T01:36:50-10:00job:github_sync_all | 38b1ff0..5cfe448  HEAD -> main
2026-09-29T01:36:50-10:00job:github_sync_all | branch 'main' set up to track 'origin/main'.
2026-09-29T01:36:50-10:00job:github_sync_all | ↑ [database] 16 files → RootRecord-Software-Solutions/RootRecord-Database (main)
2026-09-29T01:36:50-10:00job:github_sync_all | — [library] no local changes
2026-09-29T01:36:50-10:00job:github_sync_all | ↓ [library] fetching origin/main
2026-09-29T01:36:50-10:00job:github_sync_all | From github.com:RootRecord-Software-Solutions/RootRecord-Library
2026-09-29T01:36:50-10:00job:github_sync_all | * branch            main       -> FETCH_HEAD
2026-09-29T01:36:50-10:00job:github_sync_all | — [library] local and GitHub already match
2026-09-29T01:36:50-10:00job:github_sync_all | — [library] nothing to push
2026-09-29T01:36:50-10:00job:github_sync_all | — [skills] no local changes
2026-09-29T01:36:50-10:00job:github_sync_all | ↓ [skills] fetching origin/main
2026-09-29T01:36:50-10:00job:github_sync_all | From github.com:rootrecordsoftwaresolutions/Solar-Pacific-RootRecord-Server
2026-09-29T01:36:50-10:00job:github_sync_all | * branch            main       -> FETCH_HEAD
2026-09-29T01:36:50-10:00job:github_sync_all | — [skills] local and GitHub already match
2026-09-29T01:36:50-10:00job:github_sync_all | — [skills] nothing to push
2026-09-29T01:36:50-10:00job:security_camera_frame_grab RUN  bash "/home/rootrecord/RootRecord-Ecosystem/1 - Servers/1 - RootRecord-Pacific-Solar-Server/Security/Cameras/grab_all.sh"
2026-09-29T01:37:03-10:00job:security_camera_frame_grab | 01:36:50  📷  a-eyes  ch1 → ch1-20260929T113650Z.jpg  (299.9 KB, 4.53s)
2026-09-29T01:37:03-10:00job:security_camera_frame_grab | 01:36:55  📷  a-eyes  ch2 → ch2-20260929T113655Z.jpg  (364.5 KB, 4.49s)
2026-09-29T01:37:03-10:00job:security_camera_frame_grab | 01:37:00  📷  a-eyes  ch3 → ch3-20260929T113700Z.jpg  (12.1 KB, 1.50s)
2026-09-29T01:37:03-10:00job:security_camera_frame_grab | 01:37:01  📷  a-eyes  ch4 → ch4-20260929T113701Z.jpg  (11.9 KB, 1.71s)
2026-09-29T01:37:03-10:00ENERGY  status=live  B2=78%  B1=0%  solar=0 W  ac=0 W  usbc=29 W  src=/home/rootrecord/RootRecord-Ecosystem/2 - RootRecord-Database/ENERGY
2026-09-29T01:37:04-10:00  ▸  SUMMARY=delta2 soc=78% solar=0W ac_out=0W usbc=29W src=api db=ok
2026-09-29T01:37:04-10:00job:sys_stats_cycle RUN  bash "/home/rootrecord/RootRecord-Ecosystem/1 - Servers/1 - RootRecord-Pacific-Solar-Server/System/scripts/sys-sample.sh"
2026-09-29T01:37:05-10:00job:sys_stats_cycle | SYSTEM  cpu=24%  load=1.45  mem=66%  src=sqlite
2026-09-29T01:37:05-10:00job:sys_stats_cycle | OK wrote /home/rootrecord/RootRecord-Ecosystem/2 - RootRecord-Database/SYSTEM/samples/sys-20260929-013704.json
2026-09-29T01:37:28-10:00job:github_sync_all | — [pacific] no local changes
2026-09-29T01:37:28-10:00job:github_sync_all | ↓ [pacific] fetching origin/main
2026-09-29T01:37:28-10:00job:github_sync_all | From github.com:RootRecord-Software-Solutions/RootRecord-Pacific-Solar-Server
2026-09-29T01:37:28-10:00job:github_sync_all | * branch            main       -> FETCH_HEAD
2026-09-29T01:37:28-10:00job:github_sync_all | — [pacific] local and GitHub already match
2026-09-29T01:37:28-10:00job:github_sync_all | — [pacific] nothing to push
2026-09-29T01:37:28-10:00job:github_sync_all | ↑ [database] committed 12 local file(s)
2026-09-29T01:37:28-10:00job:github_sync_all | ↓ [database] fetching origin/main
2026-09-29T01:37:28-10:00job:github_sync_all | From github.com:RootRecord-Software-Solutions/RootRecord-Database
2026-09-29T01:37:28-10:00job:github_sync_all | * branch            main       -> FETCH_HEAD
2026-09-29T01:37:28-10:00job:github_sync_all | ↑ [database] local is ahead of GitHub
2026-09-29T01:37:28-10:00job:github_sync_all | To github.com:RootRecord-Software-Solutions/RootRecord-Database.git
2026-09-29T01:37:28-10:00job:github_sync_all | 5cfe448..bde0e44  HEAD -> main
2026-09-29T01:37:28-10:00job:github_sync_all | branch 'main' set up to track 'origin/main'.
2026-09-29T01:37:28-10:00job:github_sync_all | ↑ [database] 12 files → RootRecord-Software-Solutions/RootRecord-Database (main)
2026-09-29T01:37:28-10:00job:github_sync_all | — [library] no local changes
2026-09-29T01:37:28-10:00job:github_sync_all | ↓ [library] fetching origin/main
2026-09-29T01:37:28-10:00job:github_sync_all | From github.com:RootRecord-Software-Solutions/RootRecord-Library
2026-09-29T01:37:28-10:00job:github_sync_all | * branch            main       -> FETCH_HEAD
2026-09-29T01:37:28-10:00job:github_sync_all | — [library] local and GitHub already match
2026-09-29T01:37:28-10:00job:github_sync_all | — [library] nothing to push
2026-09-29T01:37:28-10:00job:github_sync_all | — [skills] no local changes
2026-09-29T01:37:28-10:00job:github_sync_all | ↓ [skills] fetching origin/main
2026-09-29T01:37:28-10:00job:github_sync_all | From github.com:rootrecordsoftwaresolutions/Solar-Pacific-RootRecord-Server
2026-09-29T01:37:28-10:00job:github_sync_all | * branch            main       -> FETCH_HEAD
2026-09-29T01:37:28-10:00job:github_sync_all | — [skills] local and GitHub already match
2026-09-29T01:37:28-10:00job:github_sync_all | — [skills] nothing to push
2026-09-29T01:37:28-10:00job:security_camera_frame_grab RUN  bash "/home/rootrecord/RootRecord-Ecosystem/1 - Servers/1 - RootRecord-Pacific-Solar-Server/Security/Cameras/grab_all.sh"
2026-09-29T01:37:40-10:00job:security_camera_frame_grab | 01:37:28  📷  a-eyes  ch1 → ch1-20260929T113728Z.jpg  (299.9 KB, 4.55s)
2026-09-29T01:37:40-10:00job:security_camera_frame_grab | 01:37:32  📷  a-eyes  ch2 → ch2-20260929T113732Z.jpg  (367.5 KB, 4.46s)
2026-09-29T01:37:40-10:00job:security_camera_frame_grab | 01:37:37  📷  a-eyes  ch3 → ch3-20260929T113737Z.jpg  (12.0 KB, 1.50s)
2026-09-29T01:37:40-10:00job:security_camera_frame_grab | 01:37:38  📷  a-eyes  ch4 → ch4-20260929T113738Z.jpg  (11.9 KB, 1.75s)
2026-09-29T01:37:41-10:00  ▸  SUMMARY=delta2 soc=78% solar=0W ac_out=0W usbc=29W src=api db=ok
2026-09-29T01:37:41-10:00job:sys_stats_cycle RUN  bash "/home/rootrecord/RootRecord-Ecosystem/1 - Servers/1 - RootRecord-Pacific-Solar-Server/System/scripts/sys-sample.sh"
2026-09-29T01:37:42-10:00job:sys_stats_cycle | SYSTEM  cpu=20%  load=3.06  mem=65%  src=sqlite
2026-09-29T01:37:42-10:00job:sys_stats_cycle | OK wrote /home/rootrecord/RootRecord-Ecosystem/2 - RootRecord-Database/SYSTEM/samples/sys-20260929-013742.json
2026-09-29T01:38:10-10:00job:github_sync_all | — [pacific] no local changes
2026-09-29T01:38:10-10:00job:github_sync_all | ↓ [pacific] fetching origin/main
2026-09-29T01:38:10-10:00job:github_sync_all | From github.com:RootRecord-Software-Solutions/RootRecord-Pacific-Solar-Server
2026-09-29T01:38:10-10:00job:github_sync_all | * branch            main       -> FETCH_HEAD
2026-09-29T01:38:10-10:00job:github_sync_all | — [pacific] local and GitHub already match
2026-09-29T01:38:10-10:00job:github_sync_all | — [pacific] nothing to push
2026-09-29T01:38:10-10:00job:github_sync_all | ↑ [database] committed 11 local file(s)
2026-09-29T01:38:10-10:00job:github_sync_all | ↓ [database] fetching origin/main
2026-09-29T01:38:10-10:00job:github_sync_all | From github.com:RootRecord-Software-Solutions/RootRecord-Database
2026-09-29T01:38:10-10:00job:github_sync_all | * branch            main       -> FETCH_HEAD
2026-09-29T01:38:10-10:00job:github_sync_all | ↑ [database] local is ahead of GitHub
2026-09-29T01:38:10-10:00job:github_sync_all | To github.com:RootRecord-Software-Solutions/RootRecord-Database.git
2026-09-29T01:38:10-10:00job:github_sync_all | bde0e44..3102b6d  HEAD -> main
2026-09-29T01:38:10-10:00job:github_sync_all | branch 'main' set up to track 'origin/main'.
2026-09-29T01:38:10-10:00job:github_sync_all | ↑ [database] 11 files → RootRecord-Software-Solutions/RootRecord-Database (main)
2026-09-29T01:38:10-10:00job:github_sync_all | ↑ [library] committed 5 local file(s)
2026-09-29T01:38:10-10:00job:github_sync_all | ↓ [library] fetching origin/main
2026-09-29T01:38:10-10:00job:github_sync_all | From github.com:RootRecord-Software-Solutions/RootRecord-Library
2026-09-29T01:38:10-10:00job:github_sync_all | * branch            main       -> FETCH_HEAD
2026-09-29T01:38:10-10:00job:github_sync_all | ↑ [library] local is ahead of GitHub
2026-09-29T01:38:10-10:00job:github_sync_all | To github.com:RootRecord-Software-Solutions/RootRecord-Library.git
2026-09-29T01:38:10-10:00job:github_sync_all | 78e46f7..a5cf295  HEAD -> main
2026-09-29T01:38:10-10:00job:github_sync_all | branch 'main' set up to track 'origin/main'.
2026-09-29T01:38:10-10:00job:github_sync_all | ↑ [library] 5 files → RootRecord-Software-Solutions/RootRecord-Library (main)
2026-09-29T01:38:10-10:00job:github_sync_all | — [skills] no local changes
2026-09-29T01:38:10-10:00job:github_sync_all | ↓ [skills] fetching origin/main
2026-09-29T01:38:10-10:00job:github_sync_all | From github.com:rootrecordsoftwaresolutions/Solar-Pacific-RootRecord-Server
2026-09-29T01:38:10-10:00job:github_sync_all | * branch            main       -> FETCH_HEAD
2026-09-29T01:38:10-10:00job:github_sync_all | — [skills] local and GitHub already match
2026-09-29T01:38:10-10:00job:github_sync_all | — [skills] nothing to push
2026-09-29T01:38:10-10:00job:worklog_scan RUN  bash "/home/rootrecord/RootRecord-Ecosystem/1 - Servers/1 - RootRecord-Pacific-Solar-Server/Reports/scripts/worklog_once.sh"
2026-09-29T01:38:13-10:00job:worklog_scan | OK wrote/updated /home/rootrecord/RootRecord-Ecosystem/2 - RootRecord-Database/WORKLOG/worklog_current.md
2026-09-29T01:38:13-10:00job:security_camera_frame_grab RUN  bash "/home/rootrecord/RootRecord-Ecosystem/1 - Servers/1 - RootRecord-Pacific-Solar-Server/Security/Cameras/grab_all.sh"
2026-09-29T01:38:25-10:00job:security_camera_frame_grab | 01:38:13  📷  a-eyes  ch1 → ch1-20260929T113813Z.jpg  (295.8 KB, 4.32s)
2026-09-29T01:38:25-10:00job:security_camera_frame_grab | 01:38:17  📷  a-eyes  ch2 → ch2-20260929T113817Z.jpg  (365.4 KB, 4.29s)
2026-09-29T01:38:25-10:00job:security_camera_frame_grab | 01:38:22  📷  a-eyes  ch3 → ch3-20260929T113822Z.jpg  (12.0 KB, 1.50s)
2026-09-29T01:38:25-10:00job:security_camera_frame_grab | 01:38:23  📷  a-eyes  ch4 → ch4-20260929T113823Z.jpg  (12.0 KB, 1.59s)
2026-09-29T01:38:25-10:00ENERGY  status=live  B2=78%  B1=0%  solar=0 W  ac=0 W  usbc=29 W  src=/home/rootrecord/RootRecord-Ecosystem/2 - RootRecord-Database/ENERGY
2026-09-29T01:38:27-10:00  ▸  SUMMARY=river2pro soc=0% solar=0W ac_out=73W usbc=95W src=api db=ok
2026-09-29T01:38:27-10:00job:sys_stats_cycle RUN  bash "/home/rootrecord/RootRecord-Ecosystem/1 - Servers/1 - RootRecord-Pacific-Solar-Server/System/scripts/sys-sample.sh"
2026-09-29T01:38:27-10:00job:sys_stats_cycle | SYSTEM  cpu=15%  load=3.01  mem=66%  src=sqlite
2026-09-29T01:38:27-10:00job:sys_stats_cycle | OK wrote /home/rootrecord/RootRecord-Ecosystem/2 - RootRecord-Database/SYSTEM/samples/sys-20260929-013827.json
2026-09-29T01:38:53-10:00job:github_sync_all | — [pacific] no local changes
2026-09-29T01:38:53-10:00job:github_sync_all | ↓ [pacific] fetching origin/main
2026-09-29T01:38:53-10:00job:github_sync_all | From github.com:RootRecord-Software-Solutions/RootRecord-Pacific-Solar-Server
2026-09-29T01:38:53-10:00job:github_sync_all | * branch            main       -> FETCH_HEAD
2026-09-29T01:38:53-10:00job:github_sync_all | — [pacific] local and GitHub already match
2026-09-29T01:38:53-10:00job:github_sync_all | — [pacific] nothing to push
2026-09-29T01:38:53-10:00job:github_sync_all | ↑ [database] committed 15 local file(s)
2026-09-29T01:38:53-10:00job:github_sync_all | ↓ [database] fetching origin/main
2026-09-29T01:38:53-10:00job:github_sync_all | From github.com:RootRecord-Software-Solutions/RootRecord-Database
2026-09-29T01:38:53-10:00job:github_sync_all | * branch            main       -> FETCH_HEAD
2026-09-29T01:38:53-10:00job:github_sync_all | ↑ [database] local is ahead of GitHub
2026-09-29T01:38:53-10:00job:github_sync_all | To github.com:RootRecord-Software-Solutions/RootRecord-Database.git
2026-09-29T01:38:53-10:00job:github_sync_all | 3102b6d..9a99f90  HEAD -> main
2026-09-29T01:38:53-10:00job:github_sync_all | branch 'main' set up to track 'origin/main'.
2026-09-29T01:38:53-10:00job:github_sync_all | ↑ [database] 15 files → RootRecord-Software-Solutions/RootRecord-Database (main)
2026-09-29T01:38:53-10:00job:github_sync_all | — [library] no local changes
2026-09-29T01:38:53-10:00job:github_sync_all | ↓ [library] fetching origin/main
2026-09-29T01:38:53-10:00job:github_sync_all | From github.com:RootRecord-Software-Solutions/RootRecord-Library
2026-09-29T01:38:53-10:00job:github_sync_all | * branch            main       -> FETCH_HEAD
2026-09-29T01:38:53-10:00job:github_sync_all | — [library] local and GitHub already match
2026-09-29T01:38:53-10:00job:github_sync_all | — [library] nothing to push
2026-09-29T01:38:53-10:00job:github_sync_all | — [skills] no local changes
2026-09-29T01:38:53-10:00job:github_sync_all | ↓ [skills] fetching origin/main
2026-09-29T01:38:53-10:00job:github_sync_all | From github.com:rootrecordsoftwaresolutions/Solar-Pacific-RootRecord-Server
2026-09-29T01:38:53-10:00job:github_sync_all | * branch            main       -> FETCH_HEAD
2026-09-29T01:38:53-10:00job:github_sync_all | — [skills] local and GitHub already match
2026-09-29T01:38:53-10:00job:github_sync_all | — [skills] nothing to push
2026-09-29T01:38:53-10:00job:security_camera_frame_grab RUN  bash "/home/rootrecord/RootRecord-Ecosystem/1 - Servers/1 - RootRecord-Pacific-Solar-Server/Security/Cameras/grab_all.sh"
2026-09-29T01:39:05-10:00job:security_camera_frame_grab | 01:38:53  📷  a-eyes  ch1 → ch1-20260929T113853Z.jpg  (300.3 KB, 4.44s)
2026-09-29T01:39:05-10:00job:security_camera_frame_grab | 01:38:57  📷  a-eyes  ch2 → ch2-20260929T113857Z.jpg  (364.0 KB, 4.48s)
2026-09-29T01:39:05-10:00job:security_camera_frame_grab | 01:39:02  📷  a-eyes  ch3 → ch3-20260929T113902Z.jpg  (12.1 KB, 1.71s)
2026-09-29T01:39:05-10:00job:security_camera_frame_grab | 01:39:03  📷  a-eyes  ch4 → ch4-20260929T113903Z.jpg  (12.0 KB, 1.61s)
2026-09-29T01:39:06-10:00  ▸  SUMMARY=river2pro soc=0% solar=0W ac_out=73W usbc=95W src=api db=ok
2026-09-29T01:39:06-10:00job:sys_stats_cycle RUN  bash "/home/rootrecord/RootRecord-Ecosystem/1 - Servers/1 - RootRecord-Pacific-Solar-Server/System/scripts/sys-sample.sh"
2026-09-29T01:39:07-10:00job:sys_stats_cycle | SYSTEM  cpu=18%  load=2.31  mem=65%  src=sqlite
2026-09-29T01:39:07-10:00job:sys_stats_cycle | OK wrote /home/rootrecord/RootRecord-Ecosystem/2 - RootRecord-Database/SYSTEM/samples/sys-20260929-013907.json
2026-09-29T01:39:33-10:00job:github_sync_all | — [pacific] no local changes
2026-09-29T01:39:33-10:00job:github_sync_all | ↓ [pacific] fetching origin/main
2026-09-29T01:39:33-10:00job:github_sync_all | From github.com:RootRecord-Software-Solutions/RootRecord-Pacific-Solar-Server
2026-09-29T01:39:33-10:00job:github_sync_all | * branch            main       -> FETCH_HEAD
2026-09-29T01:39:33-10:00job:github_sync_all | — [pacific] local and GitHub already match
2026-09-29T01:39:33-10:00job:github_sync_all | — [pacific] nothing to push
2026-09-29T01:39:33-10:00job:github_sync_all | ↑ [database] committed 12 local file(s)
2026-09-29T01:39:33-10:00job:github_sync_all | ↓ [database] fetching origin/main
2026-09-29T01:39:33-10:00job:github_sync_all | From github.com:RootRecord-Software-Solutions/RootRecord-Database
2026-09-29T01:39:33-10:00job:github_sync_all | * branch            main       -> FETCH_HEAD
2026-09-29T01:39:33-10:00job:github_sync_all | ↑ [database] local is ahead of GitHub
2026-09-29T01:39:33-10:00job:github_sync_all | To github.com:RootRecord-Software-Solutions/RootRecord-Database.git
2026-09-29T01:39:33-10:00job:github_sync_all | 9a99f90..f7aeff2  HEAD -> main
2026-09-29T01:39:33-10:00job:github_sync_all | branch 'main' set up to track 'origin/main'.
2026-09-29T01:39:33-10:00job:github_sync_all | ↑ [database] 12 files → RootRecord-Software-Solutions/RootRecord-Database (main)
2026-09-29T01:39:33-10:00job:github_sync_all | — [library] no local changes
2026-09-29T01:39:33-10:00job:github_sync_all | ↓ [library] fetching origin/main
2026-09-29T01:39:33-10:00job:github_sync_all | From github.com:RootRecord-Software-Solutions/RootRecord-Library
2026-09-29T01:39:33-10:00job:github_sync_all | * branch            main       -> FETCH_HEAD
2026-09-29T01:39:33-10:00job:github_sync_all | — [library] local and GitHub already match
2026-09-29T01:39:33-10:00job:github_sync_all | — [library] nothing to push
2026-09-29T01:39:33-10:00job:github_sync_all | — [skills] no local changes
2026-09-29T01:39:33-10:00job:github_sync_all | ↓ [skills] fetching origin/main
2026-09-29T01:39:33-10:00job:github_sync_all | From github.com:rootrecordsoftwaresolutions/Solar-Pacific-RootRecord-Server
2026-09-29T01:39:33-10:00job:github_sync_all | * branch            main       -> FETCH_HEAD
2026-09-29T01:39:33-10:00job:github_sync_all | — [skills] local and GitHub already match
2026-09-29T01:39:33-10:00job:github_sync_all | — [skills] nothing to push
2026-09-29T01:39:33-10:00job:security_camera_frame_grab RUN  bash "/home/rootrecord/RootRecord-Ecosystem/1 - Servers/1 - RootRecord-Pacific-Solar-Server/Security/Cameras/grab_all.sh"
2026-09-29T01:39:45-10:00job:security_camera_frame_grab | 01:39:33  📷  a-eyes  ch1 → ch1-20260929T113933Z.jpg  (297.9 KB, 4.46s)
2026-09-29T01:39:45-10:00job:security_camera_frame_grab | 01:39:37  📷  a-eyes  ch2 → ch2-20260929T113937Z.jpg  (362.8 KB, 4.47s)
2026-09-29T01:39:45-10:00job:security_camera_frame_grab | 01:39:42  📷  a-eyes  ch3 → ch3-20260929T113942Z.jpg  (12.0 KB, 1.51s)
2026-09-29T01:39:45-10:00job:security_camera_frame_grab | 01:39:43  📷  a-eyes  ch4 → ch4-20260929T113943Z.jpg  (12.0 KB, 1.53s)
2026-09-29T01:39:45-10:00ENERGY  status=live  B2=78%  B1=0%  solar=0 W  ac=0 W  usbc=29 W  src=/home/rootrecord/RootRecord-Ecosystem/2 - RootRecord-Database/ENERGY
2026-09-29T01:39:46-10:00  ▸  SUMMARY=river2pro soc=0% solar=0W ac_out=73W usbc=95W src=api db=ok
2026-09-29T01:39:46-10:00job:sys_stats_cycle RUN  bash "/home/rootrecord/RootRecord-Ecosystem/1 - Servers/1 - RootRecord-Pacific-Solar-Server/System/scripts/sys-sample.sh"
2026-09-29T01:39:47-10:00job:sys_stats_cycle | SYSTEM  cpu=20%  load=1.83  mem=64%  src=sqlite
2026-09-29T01:39:47-10:00job:sys_stats_cycle | OK wrote /home/rootrecord/RootRecord-Ecosystem/2 - RootRecord-Database/SYSTEM/samples/sys-20260929-013946.json
2026-09-29T01:40:12-10:00job:github_sync_all | — [pacific] no local changes
2026-09-29T01:40:12-10:00job:github_sync_all | ↓ [pacific] fetching origin/main
2026-09-29T01:40:12-10:00job:github_sync_all | From github.com:RootRecord-Software-Solutions/RootRecord-Pacific-Solar-Server
2026-09-29T01:40:12-10:00job:github_sync_all | * branch            main       -> FETCH_HEAD
2026-09-29T01:40:12-10:00job:github_sync_all | — [pacific] local and GitHub already match
2026-09-29T01:40:12-10:00job:github_sync_all | — [pacific] nothing to push
2026-09-29T01:40:12-10:00job:github_sync_all | ↑ [database] committed 11 local file(s)
2026-09-29T01:40:12-10:00job:github_sync_all | ↓ [database] fetching origin/main
2026-09-29T01:40:12-10:00job:github_sync_all | From github.com:RootRecord-Software-Solutions/RootRecord-Database
2026-09-29T01:40:12-10:00job:github_sync_all | * branch            main       -> FETCH_HEAD
2026-09-29T01:40:12-10:00job:github_sync_all | ↑ [database] local is ahead of GitHub
2026-09-29T01:40:12-10:00job:github_sync_all | To github.com:RootRecord-Software-Solutions/RootRecord-Database.git
2026-09-29T01:40:12-10:00job:github_sync_all | f7aeff2..800fb98  HEAD -> main
2026-09-29T01:40:12-10:00job:github_sync_all | branch 'main' set up to track 'origin/main'.
2026-09-29T01:40:12-10:00job:github_sync_all | ↑ [database] 11 files → RootRecord-Software-Solutions/RootRecord-Database (main)
2026-09-29T01:40:12-10:00job:github_sync_all | — [library] no local changes
2026-09-29T01:40:12-10:00job:github_sync_all | ↓ [library] fetching origin/main
2026-09-29T01:40:12-10:00job:github_sync_all | From github.com:RootRecord-Software-Solutions/RootRecord-Library
2026-09-29T01:40:12-10:00job:github_sync_all | * branch            main       -> FETCH_HEAD
2026-09-29T01:40:12-10:00job:github_sync_all | — [library] local and GitHub already match
2026-09-29T01:40:12-10:00job:github_sync_all | — [library] nothing to push
2026-09-29T01:40:12-10:00job:github_sync_all | — [skills] no local changes
2026-09-29T01:40:12-10:00job:github_sync_all | ↓ [skills] fetching origin/main
2026-09-29T01:40:12-10:00job:github_sync_all | From github.com:rootrecordsoftwaresolutions/Solar-Pacific-RootRecord-Server
2026-09-29T01:40:12-10:00job:github_sync_all | * branch            main       -> FETCH_HEAD
2026-09-29T01:40:12-10:00job:github_sync_all | — [skills] local and GitHub already match
2026-09-29T01:40:12-10:00job:github_sync_all | — [skills] nothing to push
2026-09-29T01:40:12-10:00job:worklog_scan RUN  bash "/home/rootrecord/RootRecord-Ecosystem/1 - Servers/1 - RootRecord-Pacific-Solar-Server/Reports/scripts/worklog_once.sh"
2026-09-29T01:40:14-10:00job:worklog_scan | OK wrote/updated /home/rootrecord/RootRecord-Ecosystem/2 - RootRecord-Database/WORKLOG/worklog_current.md
2026-09-29T01:40:14-10:00job:security_camera_frame_grab RUN  bash "/home/rootrecord/RootRecord-Ecosystem/1 - Servers/1 - RootRecord-Pacific-Solar-Server/Security/Cameras/grab_all.sh"
2026-09-29T01:40:26-10:00job:security_camera_frame_grab | 01:40:14  📷  a-eyes  ch1 → ch1-20260929T114014Z.jpg  (301.0 KB, 4.41s)
2026-09-29T01:40:26-10:00job:security_camera_frame_grab | 01:40:19  📷  a-eyes  ch2 → ch2-20260929T114019Z.jpg  (363.0 KB, 4.33s)
2026-09-29T01:40:26-10:00job:security_camera_frame_grab | 01:40:23  📷  a-eyes  ch3 → ch3-20260929T114023Z.jpg  (12.0 KB, 1.70s)
2026-09-29T01:40:26-10:00job:security_camera_frame_grab | 01:40:25  📷  a-eyes  ch4 → ch4-20260929T114025Z.jpg  (11.9 KB, 1.62s)
2026-09-29T01:40:28-10:00  ▸  SUMMARY=river2pro soc=0% solar=0W ac_out=73W usbc=95W src=api db=ok
2026-09-29T01:40:28-10:00job:sys_stats_cycle RUN  bash "/home/rootrecord/RootRecord-Ecosystem/1 - Servers/1 - RootRecord-Pacific-Solar-Server/System/scripts/sys-sample.sh"
2026-09-29T01:40:28-10:00job:sys_stats_cycle | SYSTEM  cpu=16%  load=1.66  mem=65%  src=sqlite
2026-09-29T01:40:28-10:00job:sys_stats_cycle | OK wrote /home/rootrecord/RootRecord-Ecosystem/2 - RootRecord-Database/SYSTEM/samples/sys-20260929-014028.json
2026-09-29T01:40:55-10:00job:github_sync_all | — [pacific] no local changes
2026-09-29T01:40:55-10:00job:github_sync_all | ↓ [pacific] fetching origin/main
2026-09-29T01:40:55-10:00job:github_sync_all | From github.com:RootRecord-Software-Solutions/RootRecord-Pacific-Solar-Server
2026-09-29T01:40:55-10:00job:github_sync_all | * branch            main       -> FETCH_HEAD
2026-09-29T01:40:55-10:00job:github_sync_all | — [pacific] local and GitHub already match
2026-09-29T01:40:55-10:00job:github_sync_all | — [pacific] nothing to push
2026-09-29T01:40:55-10:00job:github_sync_all | ↑ [database] committed 17 local file(s)
2026-09-29T01:40:55-10:00job:github_sync_all | ↓ [database] fetching origin/main
2026-09-29T01:40:55-10:00job:github_sync_all | From github.com:RootRecord-Software-Solutions/RootRecord-Database
2026-09-29T01:40:55-10:00job:github_sync_all | * branch            main       -> FETCH_HEAD
2026-09-29T01:40:55-10:00job:github_sync_all | ↑ [database] local is ahead of GitHub
2026-09-29T01:40:55-10:00job:github_sync_all | To github.com:RootRecord-Software-Solutions/RootRecord-Database.git
2026-09-29T01:40:55-10:00job:github_sync_all | 800fb98..de080d4  HEAD -> main
2026-09-29T01:40:55-10:00job:github_sync_all | branch 'main' set up to track 'origin/main'.
2026-09-29T01:40:55-10:00job:github_sync_all | ↑ [database] 17 files → RootRecord-Software-Solutions/RootRecord-Database (main)
2026-09-29T01:40:55-10:00job:github_sync_all | — [library] no local changes
2026-09-29T01:40:55-10:00job:github_sync_all | ↓ [library] fetching origin/main
2026-09-29T01:40:55-10:00job:github_sync_all | From github.com:RootRecord-Software-Solutions/RootRecord-Library
2026-09-29T01:40:55-10:00job:github_sync_all | * branch            main       -> FETCH_HEAD
2026-09-29T01:40:55-10:00job:github_sync_all | — [library] local and GitHub already match
2026-09-29T01:40:55-10:00job:github_sync_all | — [library] nothing to push
2026-09-29T01:40:55-10:00job:github_sync_all | — [skills] no local changes
2026-09-29T01:40:55-10:00job:github_sync_all | ↓ [skills] fetching origin/main
2026-09-29T01:40:55-10:00job:github_sync_all | From github.com:rootrecordsoftwaresolutions/Solar-Pacific-RootRecord-Server
2026-09-29T01:40:55-10:00job:github_sync_all | * branch            main       -> FETCH_HEAD
2026-09-29T01:40:55-10:00job:github_sync_all | — [skills] local and GitHub already match
2026-09-29T01:40:55-10:00job:github_sync_all | — [skills] nothing to push
2026-09-29T01:40:55-10:00job:security_camera_frame_grab RUN  bash "/home/rootrecord/RootRecord-Ecosystem/1 - Servers/1 - RootRecord-Pacific-Solar-Server/Security/Cameras/grab_all.sh"
2026-09-29T01:41:07-10:00job:security_camera_frame_grab | 01:40:55  📷  a-eyes  ch1 → ch1-20260929T114055Z.jpg  (300.4 KB, 4.46s)
2026-09-29T01:41:07-10:00job:security_camera_frame_grab | 01:41:00  📷  a-eyes  ch2 → ch2-20260929T114100Z.jpg  (363.1 KB, 4.47s)
2026-09-29T01:41:07-10:00job:security_camera_frame_grab | 01:41:04  📷  a-eyes  ch3 → ch3-20260929T114104Z.jpg  (11.9 KB, 1.54s)
2026-09-29T01:41:07-10:00job:security_camera_frame_grab | 01:41:06  📷  a-eyes  ch4 → ch4-20260929T114106Z.jpg  (11.8 KB, 1.58s)
2026-09-29T01:41:08-10:00ENERGY  status=live  B2=78%  B1=0%  solar=0 W  ac=0 W  usbc=29 W  src=/home/rootrecord/RootRecord-Ecosystem/2 - RootRecord-Database/ENERGY
2026-09-29T01:41:08-10:00  ▸  SUMMARY=river2pro soc=0% solar=0W ac_out=73W usbc=95W src=api db=ok
2026-09-29T01:41:08-10:00job:sys_stats_cycle RUN  bash "/home/rootrecord/RootRecord-Ecosystem/1 - Servers/1 - RootRecord-Pacific-Solar-Server/System/scripts/sys-sample.sh"
2026-09-29T01:41:09-10:00job:sys_stats_cycle | SYSTEM  cpu=8%  load=1.43  mem=65%  src=sqlite
2026-09-29T01:41:09-10:00job:sys_stats_cycle | OK wrote /home/rootrecord/RootRecord-Ecosystem/2 - RootRecord-Database/SYSTEM/samples/sys-20260929-014109.json
2026-09-29T01:41:35-10:00job:github_sync_all | — [pacific] no local changes
2026-09-29T01:41:35-10:00job:github_sync_all | ↓ [pacific] fetching origin/main
2026-09-29T01:41:35-10:00job:github_sync_all | From github.com:RootRecord-Software-Solutions/RootRecord-Pacific-Solar-Server
2026-09-29T01:41:35-10:00job:github_sync_all | * branch            main       -> FETCH_HEAD
2026-09-29T01:41:35-10:00job:github_sync_all | — [pacific] local and GitHub already match
2026-09-29T01:41:35-10:00job:github_sync_all | — [pacific] nothing to push
2026-09-29T01:41:35-10:00job:github_sync_all | ↑ [database] committed 12 local file(s)
2026-09-29T01:41:35-10:00job:github_sync_all | ↓ [database] fetching origin/main
2026-09-29T01:41:35-10:00job:github_sync_all | From github.com:RootRecord-Software-Solutions/RootRecord-Database
2026-09-29T01:41:35-10:00job:github_sync_all | * branch            main       -> FETCH_HEAD
2026-09-29T01:41:35-10:00job:github_sync_all | ↑ [database] local is ahead of GitHub
2026-09-29T01:41:35-10:00job:github_sync_all | To github.com:RootRecord-Software-Solutions/RootRecord-Database.git
2026-09-29T01:41:35-10:00job:github_sync_all | de080d4..a5e2e46  HEAD -> main
2026-09-29T01:41:35-10:00job:github_sync_all | branch 'main' set up to track 'origin/main'.
2026-09-29T01:41:35-10:00job:github_sync_all | ↑ [database] 12 files → RootRecord-Software-Solutions/RootRecord-Database (main)
2026-09-29T01:41:35-10:00job:github_sync_all | — [library] no local changes
2026-09-29T01:41:35-10:00job:github_sync_all | ↓ [library] fetching origin/main
2026-09-29T01:41:35-10:00job:github_sync_all | From github.com:RootRecord-Software-Solutions/RootRecord-Library
2026-09-29T01:41:35-10:00job:github_sync_all | * branch            main       -> FETCH_HEAD
2026-09-29T01:41:35-10:00job:github_sync_all | — [library] local and GitHub already match
2026-09-29T01:41:35-10:00job:github_sync_all | — [library] nothing to push
2026-09-29T01:41:35-10:00job:github_sync_all | — [skills] no local changes
2026-09-29T01:41:35-10:00job:github_sync_all | ↓ [skills] fetching origin/main
2026-09-29T01:41:35-10:00job:github_sync_all | From github.com:rootrecordsoftwaresolutions/Solar-Pacific-RootRecord-Server
2026-09-29T01:41:35-10:00job:github_sync_all | * branch            main       -> FETCH_HEAD
2026-09-29T01:41:35-10:00job:github_sync_all | — [skills] local and GitHub already match
2026-09-29T01:41:35-10:00job:github_sync_all | — [skills] nothing to push
2026-09-29T01:41:35-10:00job:security_camera_frame_grab RUN  bash "/home/rootrecord/RootRecord-Ecosystem/1 - Servers/1 - RootRecord-Pacific-Solar-Server/Security/Cameras/grab_all.sh"
2026-09-29T01:41:47-10:00job:security_camera_frame_grab | 01:41:35  📷  a-eyes  ch1 → ch1-20260929T114135Z.jpg  (301.0 KB, 4.36s)
2026-09-29T01:41:47-10:00job:security_camera_frame_grab | 01:41:39  📷  a-eyes  ch2 → ch2-20260929T114139Z.jpg  (349.5 KB, 4.36s)
2026-09-29T01:41:47-10:00job:security_camera_frame_grab | 01:41:44  📷  a-eyes  ch3 → ch3-20260929T114144Z.jpg  (11.9 KB, 1.48s)
2026-09-29T01:41:47-10:00job:security_camera_frame_grab | 01:41:45  📷  a-eyes  ch4 → ch4-20260929T114145Z.jpg  (11.8 KB, 1.64s)
2026-09-29T01:41:48-10:00  ▸  SUMMARY=river2pro soc=0% solar=0W ac_out=73W usbc=95W src=api db=ok
2026-09-29T01:41:48-10:00job:sys_stats_cycle RUN  bash "/home/rootrecord/RootRecord-Ecosystem/1 - Servers/1 - RootRecord-Pacific-Solar-Server/System/scripts/sys-sample.sh"
2026-09-29T01:41:49-10:00job:sys_stats_cycle | SYSTEM  cpu=11%  load=1.58  mem=65%  src=sqlite
2026-09-29T01:41:49-10:00job:sys_stats_cycle | OK wrote /home/rootrecord/RootRecord-Ecosystem/2 - RootRecord-Database/SYSTEM/samples/sys-20260929-014149.json
2026-09-29T01:42:15-10:00job:github_sync_all | — [pacific] no local changes
2026-09-29T01:42:15-10:00job:github_sync_all | ↓ [pacific] fetching origin/main
2026-09-29T01:42:15-10:00job:github_sync_all | From github.com:RootRecord-Software-Solutions/RootRecord-Pacific-Solar-Server
2026-09-29T01:42:15-10:00job:github_sync_all | * branch            main       -> FETCH_HEAD
2026-09-29T01:42:15-10:00job:github_sync_all | — [pacific] local and GitHub already match
2026-09-29T01:42:15-10:00job:github_sync_all | — [pacific] nothing to push
2026-09-29T01:42:15-10:00job:github_sync_all | ↑ [database] committed 11 local file(s)
2026-09-29T01:42:15-10:00job:github_sync_all | ↓ [database] fetching origin/main
2026-09-29T01:42:15-10:00job:github_sync_all | From github.com:RootRecord-Software-Solutions/RootRecord-Database
2026-09-29T01:42:15-10:00job:github_sync_all | * branch            main       -> FETCH_HEAD
2026-09-29T01:42:15-10:00job:github_sync_all | ↑ [database] local is ahead of GitHub
2026-09-29T01:42:15-10:00job:github_sync_all | To github.com:RootRecord-Software-Solutions/RootRecord-Database.git
2026-09-29T01:42:15-10:00job:github_sync_all | a5e2e46..a0842b3  HEAD -> main
2026-09-29T01:42:15-10:00job:github_sync_all | branch 'main' set up to track 'origin/main'.
2026-09-29T01:42:15-10:00job:github_sync_all | ↑ [database] 11 files → RootRecord-Software-Solutions/RootRecord-Database (main)
2026-09-29T01:42:15-10:00job:github_sync_all | — [library] no local changes
2026-09-29T01:42:15-10:00job:github_sync_all | ↓ [library] fetching origin/main
2026-09-29T01:42:15-10:00job:github_sync_all | From github.com:RootRecord-Software-Solutions/RootRecord-Library
2026-09-29T01:42:15-10:00job:github_sync_all | * branch            main       -> FETCH_HEAD
2026-09-29T01:42:15-10:00job:github_sync_all | — [library] local and GitHub already match
2026-09-29T01:42:15-10:00job:github_sync_all | — [library] nothing to push
2026-09-29T01:42:15-10:00job:github_sync_all | — [skills] no local changes
2026-09-29T01:42:15-10:00job:github_sync_all | ↓ [skills] fetching origin/main
2026-09-29T01:42:15-10:00job:github_sync_all | From github.com:rootrecordsoftwaresolutions/Solar-Pacific-RootRecord-Server
2026-09-29T01:42:15-10:00job:github_sync_all | * branch            main       -> FETCH_HEAD
2026-09-29T01:42:15-10:00job:github_sync_all | — [skills] local and GitHub already match
2026-09-29T01:42:15-10:00job:github_sync_all | — [skills] nothing to push
2026-09-29T01:42:15-10:00job:worklog_scan RUN  bash "/home/rootrecord/RootRecord-Ecosystem/1 - Servers/1 - RootRecord-Pacific-Solar-Server/Reports/scripts/worklog_once.sh"
2026-09-29T01:42:18-10:00job:worklog_scan | OK wrote/updated /home/rootrecord/RootRecord-Ecosystem/2 - RootRecord-Database/WORKLOG/worklog_current.md
2026-09-29T01:42:18-10:00job:security_camera_frame_grab RUN  bash "/home/rootrecord/RootRecord-Ecosystem/1 - Servers/1 - RootRecord-Pacific-Solar-Server/Security/Cameras/grab_all.sh"
2026-09-29T01:42:30-10:00job:security_camera_frame_grab | 01:42:18  📷  a-eyes  ch1 → ch1-20260929T114218Z.jpg  (304.7 KB, 4.46s)
2026-09-29T01:42:30-10:00job:security_camera_frame_grab | 01:42:22  📷  a-eyes  ch2 → ch2-20260929T114222Z.jpg  (380.0 KB, 4.38s)
2026-09-29T01:42:30-10:00job:security_camera_frame_grab | 01:42:27  📷  a-eyes  ch3 → ch3-20260929T114227Z.jpg  (12.0 KB, 1.71s)
2026-09-29T01:42:30-10:00job:security_camera_frame_grab | 01:42:29  📷  a-eyes  ch4 → ch4-20260929T114229Z.jpg  (11.9 KB, 1.72s)
2026-09-29T01:42:31-10:00ENERGY  status=live  B2=78%  B1=0%  solar=0 W  ac=0 W  usbc=29 W  src=/home/rootrecord/RootRecord-Ecosystem/2 - RootRecord-Database/ENERGY
2026-09-29T01:42:31-10:00  ▸  SUMMARY=delta2 soc=78% solar=0W ac_out=0W usbc=29W src=api db=ok
2026-09-29T01:42:31-10:00job:sys_stats_cycle RUN  bash "/home/rootrecord/RootRecord-Ecosystem/1 - Servers/1 - RootRecord-Pacific-Solar-Server/System/scripts/sys-sample.sh"
2026-09-29T01:42:32-10:00job:sys_stats_cycle | SYSTEM  cpu=21%  load=1.78  mem=65%  src=sqlite
2026-09-29T01:42:32-10:00job:sys_stats_cycle | OK wrote /home/rootrecord/RootRecord-Ecosystem/2 - RootRecord-Database/SYSTEM/samples/sys-20260929-014232.json
2026-09-29T01:42:58-10:00job:github_sync_all | — [pacific] no local changes
2026-09-29T01:42:58-10:00job:github_sync_all | ↓ [pacific] fetching origin/main
2026-09-29T01:42:58-10:00job:github_sync_all | From github.com:RootRecord-Software-Solutions/RootRecord-Pacific-Solar-Server
2026-09-29T01:42:58-10:00job:github_sync_all | * branch            main       -> FETCH_HEAD
2026-09-29T01:42:58-10:00job:github_sync_all | — [pacific] local and GitHub already match
2026-09-29T01:42:58-10:00job:github_sync_all | — [pacific] nothing to push
2026-09-29T01:42:58-10:00job:github_sync_all | ↑ [database] committed 15 local file(s)
2026-09-29T01:42:58-10:00job:github_sync_all | ↓ [database] fetching origin/main
2026-09-29T01:42:58-10:00job:github_sync_all | From github.com:RootRecord-Software-Solutions/RootRecord-Database
2026-09-29T01:42:58-10:00job:github_sync_all | * branch            main       -> FETCH_HEAD
2026-09-29T01:42:58-10:00job:github_sync_all | ↑ [database] local is ahead of GitHub
2026-09-29T01:42:58-10:00job:github_sync_all | To github.com:RootRecord-Software-Solutions/RootRecord-Database.git
2026-09-29T01:42:58-10:00job:github_sync_all | a0842b3..69709f2  HEAD -> main
2026-09-29T01:42:58-10:00job:github_sync_all | branch 'main' set up to track 'origin/main'.
2026-09-29T01:42:58-10:00job:github_sync_all | ↑ [database] 15 files → RootRecord-Software-Solutions/RootRecord-Database (main)
2026-09-29T01:42:58-10:00job:github_sync_all | — [library] no local changes
2026-09-29T01:42:58-10:00job:github_sync_all | ↓ [library] fetching origin/main
2026-09-29T01:42:58-10:00job:github_sync_all | From github.com:RootRecord-Software-Solutions/RootRecord-Library
2026-09-29T01:42:58-10:00job:github_sync_all | * branch            main       -> FETCH_HEAD
2026-09-29T01:42:58-10:00job:github_sync_all | — [library] local and GitHub already match
2026-09-29T01:42:58-10:00job:github_sync_all | — [library] nothing to push
2026-09-29T01:42:58-10:00job:github_sync_all | — [skills] no local changes
2026-09-29T01:42:58-10:00job:github_sync_all | ↓ [skills] fetching origin/main
2026-09-29T01:42:58-10:00job:github_sync_all | From github.com:rootrecordsoftwaresolutions/Solar-Pacific-RootRecord-Server
2026-09-29T01:42:58-10:00job:github_sync_all | * branch            main       -> FETCH_HEAD
2026-09-29T01:42:58-10:00job:github_sync_all | — [skills] local and GitHub already match
2026-09-29T01:42:58-10:00job:github_sync_all | — [skills] nothing to push
2026-09-29T01:42:58-10:00job:security_camera_frame_grab RUN  bash "/home/rootrecord/RootRecord-Ecosystem/1 - Servers/1 - RootRecord-Pacific-Solar-Server/Security/Cameras/grab_all.sh"
2026-09-29T01:43:11-10:00job:security_camera_frame_grab | 01:42:58  📷  a-eyes  ch1 → ch1-20260929T114258Z.jpg  (303.0 KB, 4.40s)
2026-09-29T01:43:11-10:00job:security_camera_frame_grab | 01:43:03  📷  a-eyes  ch2 → ch2-20260929T114303Z.jpg  (347.5 KB, 4.43s)
2026-09-29T01:43:11-10:00job:security_camera_frame_grab | 01:43:07  📷  a-eyes  ch3 → ch3-20260929T114307Z.jpg  (12.0 KB, 1.68s)
2026-09-29T01:43:11-10:00job:security_camera_frame_grab | 01:43:09  📷  a-eyes  ch4 → ch4-20260929T114309Z.jpg  (12.0 KB, 1.71s)
2026-09-29T01:43:12-10:00  ▸  SUMMARY=delta2 soc=78% solar=0W ac_out=0W usbc=29W src=api db=ok
2026-09-29T01:43:12-10:00job:sys_stats_cycle RUN  bash "/home/rootrecord/RootRecord-Ecosystem/1 - Servers/1 - RootRecord-Pacific-Solar-Server/System/scripts/sys-sample.sh"
2026-09-29T01:43:12-10:00job:sys_stats_cycle | SYSTEM  cpu=15%  load=1.39  mem=65%  src=sqlite
2026-09-29T01:43:12-10:00job:sys_stats_cycle | OK wrote /home/rootrecord/RootRecord-Ecosystem/2 - RootRecord-Database/SYSTEM/samples/sys-20260929-014312.json
2026-09-29T01:43:37-10:00job:github_sync_all | — [pacific] no local changes
2026-09-29T01:43:37-10:00job:github_sync_all | ↓ [pacific] fetching origin/main
2026-09-29T01:43:37-10:00job:github_sync_all | From github.com:RootRecord-Software-Solutions/RootRecord-Pacific-Solar-Server
2026-09-29T01:43:37-10:00job:github_sync_all | * branch            main       -> FETCH_HEAD
2026-09-29T01:43:37-10:00job:github_sync_all | — [pacific] local and GitHub already match
2026-09-29T01:43:37-10:00job:github_sync_all | — [pacific] nothing to push
2026-09-29T01:43:37-10:00job:github_sync_all | ↑ [database] committed 12 local file(s)
2026-09-29T01:43:37-10:00job:github_sync_all | ↓ [database] fetching origin/main
2026-09-29T01:43:37-10:00job:github_sync_all | From github.com:RootRecord-Software-Solutions/RootRecord-Database
2026-09-29T01:43:37-10:00job:github_sync_all | * branch            main       -> FETCH_HEAD
2026-09-29T01:43:37-10:00job:github_sync_all | ↑ [database] local is ahead of GitHub
2026-09-29T01:43:37-10:00job:github_sync_all | To github.com:RootRecord-Software-Solutions/RootRecord-Database.git
2026-09-29T01:43:37-10:00job:github_sync_all | 69709f2..8094ed8  HEAD -> main
2026-09-29T01:43:37-10:00job:github_sync_all | branch 'main' set up to track 'origin/main'.
2026-09-29T01:43:37-10:00job:github_sync_all | ↑ [database] 12 files → RootRecord-Software-Solutions/RootRecord-Database (main)
2026-09-29T01:43:37-10:00job:github_sync_all | — [library] no local changes
2026-09-29T01:43:37-10:00job:github_sync_all | ↓ [library] fetching origin/main
2026-09-29T01:43:37-10:00job:github_sync_all | From github.com:RootRecord-Software-Solutions/RootRecord-Library
2026-09-29T01:43:37-10:00job:github_sync_all | * branch            main       -> FETCH_HEAD
2026-09-29T01:43:37-10:00job:github_sync_all | — [library] local and GitHub already match
2026-09-29T01:43:37-10:00job:github_sync_all | — [library] nothing to push
2026-09-29T01:43:37-10:00job:github_sync_all | — [skills] no local changes
2026-09-29T01:43:37-10:00job:github_sync_all | ↓ [skills] fetching origin/main
2026-09-29T01:43:37-10:00job:github_sync_all | From github.com:rootrecordsoftwaresolutions/Solar-Pacific-RootRecord-Server
2026-09-29T01:43:37-10:00job:github_sync_all | * branch            main       -> FETCH_HEAD
2026-09-29T01:43:37-10:00job:github_sync_all | — [skills] local and GitHub already match
2026-09-29T01:43:37-10:00job:github_sync_all | — [skills] nothing to push
2026-09-29T01:43:37-10:00job:security_camera_frame_grab RUN  bash "/home/rootrecord/RootRecord-Ecosystem/1 - Servers/1 - RootRecord-Pacific-Solar-Server/Security/Cameras/grab_all.sh"
2026-09-29T01:43:50-10:00job:security_camera_frame_grab | 01:43:38  📷  a-eyes  ch1 → ch1-20260929T114338Z.jpg  (303.0 KB, 4.34s)
2026-09-29T01:43:50-10:00job:security_camera_frame_grab | 01:43:42  📷  a-eyes  ch2 → ch2-20260929T114342Z.jpg  (356.1 KB, 4.59s)
2026-09-29T01:43:50-10:00job:security_camera_frame_grab | 01:43:46  📷  a-eyes  ch3 → ch3-20260929T114346Z.jpg  (12.0 KB, 1.60s)
2026-09-29T01:43:50-10:00job:security_camera_frame_grab | 01:43:48  📷  a-eyes  ch4 → ch4-20260929T114348Z.jpg  (11.9 KB, 1.51s)
2026-09-29T01:43:50-10:00ENERGY  status=live  B2=78%  B1=0%  solar=0 W  ac=0 W  usbc=29 W  src=/home/rootrecord/RootRecord-Ecosystem/2 - RootRecord-Database/ENERGY
2026-09-29T01:43:51-10:00  ▸  SUMMARY=delta2 soc=78% solar=0W ac_out=0W usbc=29W src=api db=ok
2026-09-29T01:43:51-10:00job:sys_stats_cycle RUN  bash "/home/rootrecord/RootRecord-Ecosystem/1 - Servers/1 - RootRecord-Pacific-Solar-Server/System/scripts/sys-sample.sh"
2026-09-29T01:43:51-10:00job:sys_stats_cycle | SYSTEM  cpu=16%  load=1.69  mem=66%  src=sqlite
2026-09-29T01:43:51-10:00job:sys_stats_cycle | OK wrote /home/rootrecord/RootRecord-Ecosystem/2 - RootRecord-Database/SYSTEM/samples/sys-20260929-014351.json
2026-09-29T01:44:18-10:00job:github_sync_all | — [pacific] no local changes
2026-09-29T01:44:18-10:00job:github_sync_all | ↓ [pacific] fetching origin/main
2026-09-29T01:44:18-10:00job:github_sync_all | From github.com:RootRecord-Software-Solutions/RootRecord-Pacific-Solar-Server
2026-09-29T01:44:18-10:00job:github_sync_all | * branch            main       -> FETCH_HEAD
2026-09-29T01:44:18-10:00job:github_sync_all | — [pacific] local and GitHub already match
2026-09-29T01:44:18-10:00job:github_sync_all | — [pacific] nothing to push
2026-09-29T01:44:18-10:00job:github_sync_all | ↑ [database] committed 11 local file(s)
2026-09-29T01:44:18-10:00job:github_sync_all | ↓ [database] fetching origin/main
2026-09-29T01:44:18-10:00job:github_sync_all | From github.com:RootRecord-Software-Solutions/RootRecord-Database
2026-09-29T01:44:18-10:00job:github_sync_all | * branch            main       -> FETCH_HEAD
2026-09-29T01:44:18-10:00job:github_sync_all | ↑ [database] local is ahead of GitHub
2026-09-29T01:44:18-10:00job:github_sync_all | To github.com:RootRecord-Software-Solutions/RootRecord-Database.git
2026-09-29T01:44:18-10:00job:github_sync_all | 8094ed8..693de58  HEAD -> main
2026-09-29T01:44:18-10:00job:github_sync_all | branch 'main' set up to track 'origin/main'.
2026-09-29T01:44:18-10:00job:github_sync_all | ↑ [database] 11 files → RootRecord-Software-Solutions/RootRecord-Database (main)
2026-09-29T01:44:18-10:00job:github_sync_all | — [library] no local changes
2026-09-29T01:44:18-10:00job:github_sync_all | ↓ [library] fetching origin/main
2026-09-29T01:44:18-10:00job:github_sync_all | From github.com:RootRecord-Software-Solutions/RootRecord-Library
2026-09-29T01:44:18-10:00job:github_sync_all | * branch            main       -> FETCH_HEAD
2026-09-29T01:44:18-10:00job:github_sync_all | — [library] local and GitHub already match
2026-09-29T01:44:18-10:00job:github_sync_all | — [library] nothing to push
2026-09-29T01:44:18-10:00job:github_sync_all | — [skills] no local changes
2026-09-29T01:44:18-10:00job:github_sync_all | ↓ [skills] fetching origin/main
2026-09-29T01:44:18-10:00job:github_sync_all | From github.com:rootrecordsoftwaresolutions/Solar-Pacific-RootRecord-Server
2026-09-29T01:44:18-10:00job:github_sync_all | * branch            main       -> FETCH_HEAD
2026-09-29T01:44:18-10:00job:github_sync_all | — [skills] local and GitHub already match
2026-09-29T01:44:18-10:00job:github_sync_all | — [skills] nothing to push
2026-09-29T01:44:18-10:00job:worklog_scan RUN  bash "/home/rootrecord/RootRecord-Ecosystem/1 - Servers/1 - RootRecord-Pacific-Solar-Server/Reports/scripts/worklog_once.sh"
2026-09-29T01:44:23-10:00job:worklog_scan | OK wrote/updated /home/rootrecord/RootRecord-Ecosystem/2 - RootRecord-Database/WORKLOG/worklog_current.md
2026-09-29T01:44:23-10:00job:security_camera_frame_grab RUN  bash "/home/rootrecord/RootRecord-Ecosystem/1 - Servers/1 - RootRecord-Pacific-Solar-Server/Security/Cameras/grab_all.sh"
2026-09-29T01:44:36-10:00job:security_camera_frame_grab | 01:44:23  📷  a-eyes  ch1 → ch1-20260929T114423Z.jpg  (304.3 KB, 4.48s)
2026-09-29T01:44:36-10:00job:security_camera_frame_grab | 01:44:28  📷  a-eyes  ch2 → ch2-20260929T114428Z.jpg  (358.2 KB, 4.39s)
2026-09-29T01:44:36-10:00job:security_camera_frame_grab | 01:44:32  📷  a-eyes  ch3 → ch3-20260929T114432Z.jpg  (11.9 KB, 1.57s)
2026-09-29T01:44:36-10:00job:security_camera_frame_grab | 01:44:34  📷  a-eyes  ch4 → ch4-20260929T114434Z.jpg  (11.9 KB, 1.72s)
2026-09-29T01:44:37-10:00  ▸  SUMMARY=river2pro soc=0% solar=0W ac_out=73W usbc=95W src=api db=ok
2026-09-29T01:44:37-10:00job:sys_stats_cycle RUN  bash "/home/rootrecord/RootRecord-Ecosystem/1 - Servers/1 - RootRecord-Pacific-Solar-Server/System/scripts/sys-sample.sh"
2026-09-29T01:44:37-10:00job:sys_stats_cycle | SYSTEM  cpu=21%  load=1.99  mem=65%  src=sqlite
2026-09-29T01:44:37-10:00job:sys_stats_cycle | OK wrote /home/rootrecord/RootRecord-Ecosystem/2 - RootRecord-Database/SYSTEM/samples/sys-20260929-014437.json
2026-09-29T01:45:04-10:00job:github_sync_all | — [pacific] no local changes
2026-09-29T01:45:04-10:00job:github_sync_all | ↓ [pacific] fetching origin/main
2026-09-29T01:45:04-10:00job:github_sync_all | From github.com:RootRecord-Software-Solutions/RootRecord-Pacific-Solar-Server
2026-09-29T01:45:04-10:00job:github_sync_all | * branch            main       -> FETCH_HEAD
2026-09-29T01:45:04-10:00job:github_sync_all | — [pacific] local and GitHub already match
2026-09-29T01:45:04-10:00job:github_sync_all | — [pacific] nothing to push
2026-09-29T01:45:04-10:00job:github_sync_all | ↑ [database] committed 15 local file(s)
2026-09-29T01:45:04-10:00job:github_sync_all | ↓ [database] fetching origin/main
2026-09-29T01:45:04-10:00job:github_sync_all | From github.com:RootRecord-Software-Solutions/RootRecord-Database
2026-09-29T01:45:04-10:00job:github_sync_all | * branch            main       -> FETCH_HEAD
2026-09-29T01:45:04-10:00job:github_sync_all | ↑ [database] local is ahead of GitHub
2026-09-29T01:45:04-10:00job:github_sync_all | To github.com:RootRecord-Software-Solutions/RootRecord-Database.git
2026-09-29T01:45:04-10:00job:github_sync_all | 693de58..32c45c7  HEAD -> main
2026-09-29T01:45:04-10:00job:github_sync_all | branch 'main' set up to track 'origin/main'.
2026-09-29T01:45:04-10:00job:github_sync_all | ↑ [database] 15 files → RootRecord-Software-Solutions/RootRecord-Database (main)
2026-09-29T01:45:04-10:00job:github_sync_all | — [library] no local changes
2026-09-29T01:45:04-10:00job:github_sync_all | ↓ [library] fetching origin/main
2026-09-29T01:45:04-10:00job:github_sync_all | From github.com:RootRecord-Software-Solutions/RootRecord-Library
2026-09-29T01:45:04-10:00job:github_sync_all | * branch            main       -> FETCH_HEAD
2026-09-29T01:45:04-10:00job:github_sync_all | — [library] local and GitHub already match
2026-09-29T01:45:04-10:00job:github_sync_all | — [library] nothing to push
2026-09-29T01:45:04-10:00job:github_sync_all | — [skills] no local changes
2026-09-29T01:45:04-10:00job:github_sync_all | ↓ [skills] fetching origin/main
2026-09-29T01:45:04-10:00job:github_sync_all | From github.com:rootrecordsoftwaresolutions/Solar-Pacific-RootRecord-Server
2026-09-29T01:45:04-10:00job:github_sync_all | * branch            main       -> FETCH_HEAD
2026-09-29T01:45:04-10:00job:github_sync_all | — [skills] local and GitHub already match
2026-09-29T01:45:04-10:00job:github_sync_all | — [skills] nothing to push
2026-09-29T01:45:04-10:00job:security_camera_frame_grab RUN  bash "/home/rootrecord/RootRecord-Ecosystem/1 - Servers/1 - RootRecord-Pacific-Solar-Server/Security/Cameras/grab_all.sh"
2026-09-29T01:45:20-10:00job:security_camera_frame_grab | 01:45:04  📷  a-eyes  ch1 → ch1-20260929T114504Z.jpg  (302.5 KB, 5.79s)
2026-09-29T01:45:20-10:00job:security_camera_frame_grab | 01:45:10  📷  a-eyes  ch2 → ch2-20260929T114510Z.jpg  (357.5 KB, 6.19s)
2026-09-29T01:45:20-10:00job:security_camera_frame_grab | 01:45:16  📷  a-eyes  ch3 → ch3-20260929T114516Z.jpg  (12.0 KB, 1.62s)
2026-09-29T01:45:20-10:00job:security_camera_frame_grab | 01:45:18  📷  a-eyes  ch4 → ch4-20260929T114518Z.jpg  (11.9 KB, 1.72s)
2026-09-29T01:45:20-10:00ENERGY  status=live  B2=78%  B1=0%  solar=0 W  ac=0 W  usbc=29 W  src=/home/rootrecord/RootRecord-Ecosystem/2 - RootRecord-Database/ENERGY
2026-09-29T01:45:21-10:00  ▸  SUMMARY=delta2 soc=78% solar=0W ac_out=0W usbc=29W src=api db=ok
2026-09-29T01:45:21-10:00job:sys_stats_cycle RUN  bash "/home/rootrecord/RootRecord-Ecosystem/1 - Servers/1 - RootRecord-Pacific-Solar-Server/System/scripts/sys-sample.sh"
2026-09-29T01:45:21-10:00job:sys_stats_cycle | SYSTEM  cpu=21%  load=2.11  mem=66%  src=sqlite
2026-09-29T01:45:21-10:00job:sys_stats_cycle | OK wrote /home/rootrecord/RootRecord-Ecosystem/2 - RootRecord-Database/SYSTEM/samples/sys-20260929-014521.json
2026-09-29T01:45:46-10:00job:github_sync_all | — [pacific] no local changes
2026-09-29T01:45:46-10:00job:github_sync_all | ↓ [pacific] fetching origin/main
2026-09-29T01:45:46-10:00job:github_sync_all | From github.com:RootRecord-Software-Solutions/RootRecord-Pacific-Solar-Server
2026-09-29T01:45:46-10:00job:github_sync_all | * branch            main       -> FETCH_HEAD
2026-09-29T01:45:46-10:00job:github_sync_all | — [pacific] local and GitHub already match
2026-09-29T01:45:46-10:00job:github_sync_all | — [pacific] nothing to push
2026-09-29T01:45:46-10:00job:github_sync_all | ↑ [database] committed 14 local file(s)
2026-09-29T01:45:46-10:00job:github_sync_all | ↓ [database] fetching origin/main
2026-09-29T01:45:46-10:00job:github_sync_all | From github.com:RootRecord-Software-Solutions/RootRecord-Database
2026-09-29T01:45:46-10:00job:github_sync_all | * branch            main       -> FETCH_HEAD
2026-09-29T01:45:46-10:00job:github_sync_all | ↑ [database] local is ahead of GitHub
2026-09-29T01:45:46-10:00job:github_sync_all | To github.com:RootRecord-Software-Solutions/RootRecord-Database.git
2026-09-29T01:45:46-10:00job:github_sync_all | 32c45c7..e86caef  HEAD -> main
2026-09-29T01:45:46-10:00job:github_sync_all | branch 'main' set up to track 'origin/main'.
2026-09-29T01:45:46-10:00job:github_sync_all | ↑ [database] 14 files → RootRecord-Software-Solutions/RootRecord-Database (main)
2026-09-29T01:45:46-10:00job:github_sync_all | — [library] no local changes
2026-09-29T01:45:46-10:00job:github_sync_all | ↓ [library] fetching origin/main
2026-09-29T01:45:46-10:00job:github_sync_all | From github.com:RootRecord-Software-Solutions/RootRecord-Library
2026-09-29T01:45:46-10:00job:github_sync_all | * branch            main       -> FETCH_HEAD
2026-09-29T01:45:46-10:00job:github_sync_all | — [library] local and GitHub already match
2026-09-29T01:45:46-10:00job:github_sync_all | — [library] nothing to push
2026-09-29T01:45:46-10:00job:github_sync_all | — [skills] no local changes
2026-09-29T01:45:46-10:00job:github_sync_all | ↓ [skills] fetching origin/main
2026-09-29T01:45:46-10:00job:github_sync_all | From github.com:rootrecordsoftwaresolutions/Solar-Pacific-RootRecord-Server
2026-09-29T01:45:46-10:00job:github_sync_all | * branch            main       -> FETCH_HEAD
2026-09-29T01:45:46-10:00job:github_sync_all | — [skills] local and GitHub already match
2026-09-29T01:45:46-10:00job:github_sync_all | — [skills] nothing to push
2026-09-29T01:45:46-10:00job:security_camera_frame_grab RUN  bash "/home/rootrecord/RootRecord-Ecosystem/1 - Servers/1 - RootRecord-Pacific-Solar-Server/Security/Cameras/grab_all.sh"
2026-09-29T01:45:58-10:00job:security_camera_frame_grab | 01:45:46  📷  a-eyes  ch1 → ch1-20260929T114546Z.jpg  (303.0 KB, 4.50s)
2026-09-29T01:45:58-10:00job:security_camera_frame_grab | 01:45:51  📷  a-eyes  ch2 → ch2-20260929T114551Z.jpg  (359.2 KB, 4.48s)
2026-09-29T01:45:58-10:00job:security_camera_frame_grab | 01:45:55  📷  a-eyes  ch3 → ch3-20260929T114555Z.jpg  (12.0 KB, 1.51s)
2026-09-29T01:45:58-10:00job:security_camera_frame_grab | 01:45:57  📷  a-eyes  ch4 → ch4-20260929T114557Z.jpg  (12.0 KB, 1.54s)
2026-09-29T01:46:00-10:00  ▸  SUMMARY=river2pro soc=0% solar=0W ac_out=73W usbc=95W src=api db=ok
2026-09-29T01:46:00-10:00job:sys_stats_cycle RUN  bash "/home/rootrecord/RootRecord-Ecosystem/1 - Servers/1 - RootRecord-Pacific-Solar-Server/System/scripts/sys-sample.sh"
2026-09-29T01:46:00-10:00job:sys_stats_cycle | SYSTEM  cpu=12%  load=1.68  mem=65%  src=sqlite
2026-09-29T01:46:00-10:00job:sys_stats_cycle | OK wrote /home/rootrecord/RootRecord-Ecosystem/2 - RootRecord-Database/SYSTEM/samples/sys-20260929-014600.json
2026-09-29T01:46:26-10:00job:github_sync_all | — [pacific] no local changes
2026-09-29T01:46:26-10:00job:github_sync_all | ↓ [pacific] fetching origin/main
2026-09-29T01:46:26-10:00job:github_sync_all | From github.com:RootRecord-Software-Solutions/RootRecord-Pacific-Solar-Server
2026-09-29T01:46:26-10:00job:github_sync_all | * branch            main       -> FETCH_HEAD
2026-09-29T01:46:26-10:00job:github_sync_all | — [pacific] local and GitHub already match
2026-09-29T01:46:26-10:00job:github_sync_all | — [pacific] nothing to push
2026-09-29T01:46:26-10:00job:github_sync_all | ↑ [database] committed 14 local file(s)
2026-09-29T01:46:26-10:00job:github_sync_all | ↓ [database] fetching origin/main
2026-09-29T01:46:26-10:00job:github_sync_all | From github.com:RootRecord-Software-Solutions/RootRecord-Database
2026-09-29T01:46:26-10:00job:github_sync_all | * branch            main       -> FETCH_HEAD
2026-09-29T01:46:26-10:00job:github_sync_all | ↑ [database] local is ahead of GitHub
2026-09-29T01:46:26-10:00job:github_sync_all | To github.com:RootRecord-Software-Solutions/RootRecord-Database.git
2026-09-29T01:46:26-10:00job:github_sync_all | e86caef..5377389  HEAD -> main
2026-09-29T01:46:26-10:00job:github_sync_all | branch 'main' set up to track 'origin/main'.
2026-09-29T01:46:26-10:00job:github_sync_all | ↑ [database] 14 files → RootRecord-Software-Solutions/RootRecord-Database (main)
2026-09-29T01:46:26-10:00job:github_sync_all | — [library] no local changes
2026-09-29T01:46:26-10:00job:github_sync_all | ↓ [library] fetching origin/main
2026-09-29T01:46:26-10:00job:github_sync_all | From github.com:RootRecord-Software-Solutions/RootRecord-Library
2026-09-29T01:46:26-10:00job:github_sync_all | * branch            main       -> FETCH_HEAD
2026-09-29T01:46:26-10:00job:github_sync_all | a5cf295..9264e96  main       -> origin/main
2026-09-29T01:46:26-10:00job:github_sync_all | ↓ [library] GitHub has changes; merging origin/main
2026-09-29T01:46:26-10:00job:github_sync_all | Updating a5cf295..9264e96
2026-09-29T01:46:26-10:00job:github_sync_all | Fast-forward
2026-09-29T01:46:26-10:00job:github_sync_all | .../G3-Runtime-Verification-Checklist-2026-09-28.md         | 13 +++++++++++++
2026-09-29T01:46:26-10:00job:github_sync_all | .../G3-Runtime-Verification-Runbook-2026-09-28.md           | 11 ++++++++++-
2026-09-29T01:46:26-10:00job:github_sync_all | .../Ecosystem_Migration_Work_Order_WO-ECO-2026-09-27.md     |  3 +++
2026-09-29T01:46:26-10:00job:github_sync_all | .../Servers_Cutover_Work_Order_WO-SRV-2026-09-27.md         |  3 +++
2026-09-29T01:46:26-10:00job:github_sync_all | 4 files changed, 29 insertions(+), 1 deletion(-)
2026-09-29T01:46:26-10:00job:github_sync_all | ✓ [library] GitHub changes merged into local main
2026-09-29T01:46:26-10:00job:github_sync_all | — [library] nothing to push
2026-09-29T01:46:26-10:00job:github_sync_all | — [skills] no local changes
2026-09-29T01:46:26-10:00job:github_sync_all | ↓ [skills] fetching origin/main
2026-09-29T01:46:26-10:00job:github_sync_all | From github.com:rootrecordsoftwaresolutions/Solar-Pacific-RootRecord-Server
2026-09-29T01:46:26-10:00job:github_sync_all | * branch            main       -> FETCH_HEAD
2026-09-29T01:46:26-10:00job:github_sync_all | — [skills] local and GitHub already match
2026-09-29T01:46:26-10:00job:github_sync_all | — [skills] nothing to push
2026-09-29T01:46:26-10:00job:worklog_scan RUN  bash "/home/rootrecord/RootRecord-Ecosystem/1 - Servers/1 - RootRecord-Pacific-Solar-Server/Reports/scripts/worklog_once.sh"
2026-09-29T01:46:31-10:00job:worklog_scan | OK wrote/updated /home/rootrecord/RootRecord-Ecosystem/2 - RootRecord-Database/WORKLOG/worklog_current.md
2026-09-29T01:46:31-10:00job:security_camera_frame_grab RUN  bash "/home/rootrecord/RootRecord-Ecosystem/1 - Servers/1 - RootRecord-Pacific-Solar-Server/Security/Cameras/grab_all.sh"
2026-09-29T01:46:44-10:00job:security_camera_frame_grab | 01:46:31  📷  a-eyes  ch1 → ch1-20260929T114631Z.jpg  (301.6 KB, 4.45s)
2026-09-29T01:46:44-10:00job:security_camera_frame_grab | 01:46:36  📷  a-eyes  ch2 → ch2-20260929T114636Z.jpg  (357.4 KB, 4.46s)
2026-09-29T01:46:44-10:00job:security_camera_frame_grab | 01:46:40  📷  a-eyes  ch3 → ch3-20260929T114640Z.jpg  (12.0 KB, 1.61s)
2026-09-29T01:46:44-10:00job:security_camera_frame_grab | 01:46:42  📷  a-eyes  ch4 → ch4-20260929T114642Z.jpg  (11.9 KB, 1.50s)
2026-09-29T01:46:44-10:00ENERGY  status=live  B2=78%  B1=0%  solar=0 W  ac=0 W  usbc=29 W  src=/home/rootrecord/RootRecord-Ecosystem/2 - RootRecord-Database/ENERGY
2026-09-29T01:46:45-10:00  ▸  SUMMARY=delta2 soc=78% solar=0W ac_out=0W usbc=29W src=api db=ok
2026-09-29T01:46:45-10:00job:sys_stats_cycle RUN  bash "/home/rootrecord/RootRecord-Ecosystem/1 - Servers/1 - RootRecord-Pacific-Solar-Server/System/scripts/sys-sample.sh"
2026-09-29T01:46:45-10:00job:sys_stats_cycle | SYSTEM  cpu=19%  load=2.69  mem=65%  src=sqlite
2026-09-29T01:46:45-10:00job:sys_stats_cycle | OK wrote /home/rootrecord/RootRecord-Ecosystem/2 - RootRecord-Database/SYSTEM/samples/sys-20260929-014645.json
2026-09-29T01:47:13-10:00job:github_sync_all | — [pacific] no local changes
2026-09-29T01:47:13-10:00job:github_sync_all | ↓ [pacific] fetching origin/main
2026-09-29T01:47:13-10:00job:github_sync_all | From github.com:RootRecord-Software-Solutions/RootRecord-Pacific-Solar-Server
2026-09-29T01:47:13-10:00job:github_sync_all | * branch            main       -> FETCH_HEAD
2026-09-29T01:47:13-10:00job:github_sync_all | — [pacific] local and GitHub already match
2026-09-29T01:47:13-10:00job:github_sync_all | — [pacific] nothing to push
2026-09-29T01:47:13-10:00job:github_sync_all | ↑ [database] committed 15 local file(s)
2026-09-29T01:47:13-10:00job:github_sync_all | ↓ [database] fetching origin/main
2026-09-29T01:47:13-10:00job:github_sync_all | From github.com:RootRecord-Software-Solutions/RootRecord-Database
2026-09-29T01:47:13-10:00job:github_sync_all | * branch            main       -> FETCH_HEAD
2026-09-29T01:47:13-10:00job:github_sync_all | ↑ [database] local is ahead of GitHub
2026-09-29T01:47:13-10:00job:github_sync_all | To github.com:RootRecord-Software-Solutions/RootRecord-Database.git
2026-09-29T01:47:13-10:00job:github_sync_all | 5377389..dcf6e8a  HEAD -> main
2026-09-29T01:47:13-10:00job:github_sync_all | branch 'main' set up to track 'origin/main'.
2026-09-29T01:47:13-10:00job:github_sync_all | ↑ [database] 15 files → RootRecord-Software-Solutions/RootRecord-Database (main)
2026-09-29T01:47:13-10:00job:github_sync_all | — [library] no local changes
2026-09-29T01:47:13-10:00job:github_sync_all | ↓ [library] fetching origin/main
2026-09-29T01:47:13-10:00job:github_sync_all | From github.com:RootRecord-Software-Solutions/RootRecord-Library
2026-09-29T01:47:13-10:00job:github_sync_all | * branch            main       -> FETCH_HEAD
2026-09-29T01:47:13-10:00job:github_sync_all | — [library] local and GitHub already match
2026-09-29T01:47:13-10:00job:github_sync_all | — [library] nothing to push
2026-09-29T01:47:13-10:00job:github_sync_all | — [skills] no local changes
2026-09-29T01:47:13-10:00job:github_sync_all | ↓ [skills] fetching origin/main
2026-09-29T01:47:13-10:00job:github_sync_all | From github.com:rootrecordsoftwaresolutions/Solar-Pacific-RootRecord-Server
2026-09-29T01:47:13-10:00job:github_sync_all | * branch            main       -> FETCH_HEAD
2026-09-29T01:47:13-10:00job:github_sync_all | — [skills] local and GitHub already match
2026-09-29T01:47:13-10:00job:github_sync_all | — [skills] nothing to push
2026-09-29T01:47:13-10:00job:security_camera_frame_grab RUN  bash "/home/rootrecord/RootRecord-Ecosystem/1 - Servers/1 - RootRecord-Pacific-Solar-Server/Security/Cameras/grab_all.sh"
2026-09-29T01:47:26-10:00job:security_camera_frame_grab | 01:47:14  📷  a-eyes  ch1 → ch1-20260929T114714Z.jpg  (301.0 KB, 4.38s)
2026-09-29T01:47:26-10:00job:security_camera_frame_grab | 01:47:18  📷  a-eyes  ch2 → ch2-20260929T114718Z.jpg  (357.6 KB, 4.49s)
2026-09-29T01:47:26-10:00job:security_camera_frame_grab | 01:47:22  📷  a-eyes  ch3 → ch3-20260929T114722Z.jpg  (12.0 KB, 1.61s)
2026-09-29T01:47:26-10:00job:security_camera_frame_grab | 01:47:24  📷  a-eyes  ch4 → ch4-20260929T114724Z.jpg  (11.9 KB, 1.49s)
2026-09-29T01:47:27-10:00  ▸  SUMMARY=river2pro soc=0% solar=0W ac_out=73W usbc=95W src=api db=ok
2026-09-29T01:47:27-10:00job:sys_stats_cycle RUN  bash "/home/rootrecord/RootRecord-Ecosystem/1 - Servers/1 - RootRecord-Pacific-Solar-Server/System/scripts/sys-sample.sh"
2026-09-29T01:47:27-10:00job:sys_stats_cycle | SYSTEM  cpu=17%  load=1.85  mem=62%  src=sqlite
2026-09-29T01:47:27-10:00job:sys_stats_cycle | OK wrote /home/rootrecord/RootRecord-Ecosystem/2 - RootRecord-Database/SYSTEM/samples/sys-20260929-014727.json
2026-09-29T01:48:03-10:00job:github_sync_all | ↑ [pacific] committed 2 local file(s)
2026-09-29T01:48:03-10:00job:github_sync_all | ↓ [pacific] fetching origin/main
2026-09-29T01:48:03-10:00job:github_sync_all | From github.com:RootRecord-Software-Solutions/RootRecord-Pacific-Solar-Server
2026-09-29T01:48:03-10:00job:github_sync_all | * branch            main       -> FETCH_HEAD
2026-09-29T01:48:03-10:00job:github_sync_all | ↑ [pacific] local is ahead of GitHub
2026-09-29T01:48:03-10:00job:github_sync_all | To github.com:RootRecord-Software-Solutions/RootRecord-Pacific-Solar-Server.git
2026-09-29T01:48:03-10:00job:github_sync_all | 58ee023..abc78b2  HEAD -> main
2026-09-29T01:48:03-10:00job:github_sync_all | branch 'main' set up to track 'origin/main'.
2026-09-29T01:48:03-10:00job:github_sync_all | ↑ [pacific] 2 files → RootRecord-Software-Solutions/RootRecord-Pacific-Solar-Server (main)
2026-09-29T01:48:03-10:00job:github_sync_all | ↑ [database] committed 12 local file(s)
2026-09-29T01:48:03-10:00job:github_sync_all | ↓ [database] fetching origin/main
2026-09-29T01:48:03-10:00job:github_sync_all | From github.com:RootRecord-Software-Solutions/RootRecord-Database
2026-09-29T01:48:03-10:00job:github_sync_all | * branch            main       -> FETCH_HEAD
2026-09-29T01:48:03-10:00job:github_sync_all | ↑ [database] local is ahead of GitHub
2026-09-29T01:48:03-10:00job:github_sync_all | To github.com:RootRecord-Software-Solutions/RootRecord-Database.git
2026-09-29T01:48:03-10:00job:github_sync_all | dcf6e8a..b77fa47  HEAD -> main
2026-09-29T01:48:03-10:00job:github_sync_all | branch 'main' set up to track 'origin/main'.
2026-09-29T01:48:03-10:00job:github_sync_all | ↑ [database] 12 files → RootRecord-Software-Solutions/RootRecord-Database (main)
2026-09-29T01:48:03-10:00job:github_sync_all | — [library] no local changes
2026-09-29T01:48:03-10:00job:github_sync_all | ↓ [library] fetching origin/main
2026-09-29T01:48:03-10:00job:github_sync_all | From github.com:RootRecord-Software-Solutions/RootRecord-Library
2026-09-29T01:48:03-10:00job:github_sync_all | * branch            main       -> FETCH_HEAD
2026-09-29T01:48:03-10:00job:github_sync_all | — [library] local and GitHub already match
2026-09-29T01:48:03-10:00job:github_sync_all | — [library] nothing to push
2026-09-29T01:48:03-10:00job:github_sync_all | — [skills] no local changes
2026-09-29T01:48:03-10:00job:github_sync_all | ↓ [skills] fetching origin/main
2026-09-29T01:48:03-10:00job:github_sync_all | From github.com:rootrecordsoftwaresolutions/Solar-Pacific-RootRecord-Server
2026-09-29T01:48:03-10:00job:github_sync_all | * branch            main       -> FETCH_HEAD
2026-09-29T01:48:03-10:00job:github_sync_all | — [skills] local and GitHub already match
2026-09-29T01:48:03-10:00job:github_sync_all | — [skills] nothing to push
2026-09-29T01:48:03-10:00job:security_camera_frame_grab RUN  bash "/home/rootrecord/RootRecord-Ecosystem/1 - Servers/1 - RootRecord-Pacific-Solar-Server/Security/Cameras/grab_all.sh"
2026-09-29T01:48:15-10:00job:security_camera_frame_grab | 01:48:03  📷  a-eyes  ch1 → ch1-20260929T114803Z.jpg  (300.7 KB, 4.35s)
2026-09-29T01:48:15-10:00job:security_camera_frame_grab | 01:48:08  📷  a-eyes  ch2 → ch2-20260929T114808Z.jpg  (357.3 KB, 4.37s)
2026-09-29T01:48:15-10:00job:security_camera_frame_grab | 01:48:12  📷  a-eyes  ch3 → ch3-20260929T114812Z.jpg  (12.0 KB, 1.60s)
2026-09-29T01:48:15-10:00job:security_camera_frame_grab | 01:48:14  📷  a-eyes  ch4 → ch4-20260929T114814Z.jpg  (12.0 KB, 1.55s)
2026-09-29T01:48:15-10:00ENERGY  status=live  B2=78%  B1=0%  solar=0 W  ac=0 W  usbc=29 W  src=/home/rootrecord/RootRecord-Ecosystem/2 - RootRecord-Database/ENERGY
2026-09-29T01:48:17-10:00  ▸  SUMMARY=river2pro soc=0% solar=0W ac_out=73W usbc=95W src=api db=ok
2026-09-29T01:48:17-10:00job:sys_stats_cycle RUN  bash "/home/rootrecord/RootRecord-Ecosystem/1 - Servers/1 - RootRecord-Pacific-Solar-Server/System/scripts/sys-sample.sh"
2026-09-29T01:48:17-10:00job:sys_stats_cycle | SYSTEM  cpu=35%  load=1.28  mem=61%  src=sqlite
2026-09-29T01:48:17-10:00job:sys_stats_cycle | OK wrote /home/rootrecord/RootRecord-Ecosystem/2 - RootRecord-Database/SYSTEM/samples/sys-20260929-014817.json
2026-09-29T01:48:49-10:00job:github_sync_all | ↑ [pacific] committed 101 local file(s)
2026-09-29T01:48:49-10:00job:github_sync_all | ↓ [pacific] fetching origin/main
2026-09-29T01:48:49-10:00job:github_sync_all | From github.com:RootRecord-Software-Solutions/RootRecord-Pacific-Solar-Server
2026-09-29T01:48:49-10:00job:github_sync_all | * branch            main       -> FETCH_HEAD
2026-09-29T01:48:49-10:00job:github_sync_all | ↑ [pacific] local is ahead of GitHub
2026-09-29T01:48:49-10:00job:github_sync_all | To github.com:RootRecord-Software-Solutions/RootRecord-Pacific-Solar-Server.git
2026-09-29T01:48:49-10:00job:github_sync_all | abc78b2..b72db19  HEAD -> main
2026-09-29T01:48:49-10:00job:github_sync_all | branch 'main' set up to track 'origin/main'.
2026-09-29T01:48:49-10:00job:github_sync_all | ↑ [pacific] 101 files → RootRecord-Software-Solutions/RootRecord-Pacific-Solar-Server (main)
2026-09-29T01:48:49-10:00job:github_sync_all | ↑ [database] committed 12 local file(s)
2026-09-29T01:48:49-10:00job:github_sync_all | ↓ [database] fetching origin/main
2026-09-29T01:48:49-10:00job:github_sync_all | From github.com:RootRecord-Software-Solutions/RootRecord-Database
2026-09-29T01:48:49-10:00job:github_sync_all | * branch            main       -> FETCH_HEAD
2026-09-29T01:48:49-10:00job:github_sync_all | ↑ [database] local is ahead of GitHub
2026-09-29T01:48:49-10:00job:github_sync_all | To github.com:RootRecord-Software-Solutions/RootRecord-Database.git
2026-09-29T01:48:49-10:00job:github_sync_all | b77fa47..131570f  HEAD -> main
2026-09-29T01:48:49-10:00job:github_sync_all | branch 'main' set up to track 'origin/main'.
2026-09-29T01:48:49-10:00job:github_sync_all | ↑ [database] 12 files → RootRecord-Software-Solutions/RootRecord-Database (main)
2026-09-29T01:48:49-10:00job:github_sync_all | — [library] no local changes
2026-09-29T01:48:49-10:00job:github_sync_all | ↓ [library] fetching origin/main
2026-09-29T01:48:49-10:00job:github_sync_all | From github.com:RootRecord-Software-Solutions/RootRecord-Library
2026-09-29T01:48:49-10:00job:github_sync_all | * branch            main       -> FETCH_HEAD
2026-09-29T01:48:49-10:00job:github_sync_all | — [library] local and GitHub already match
2026-09-29T01:48:49-10:00job:github_sync_all | — [library] nothing to push
2026-09-29T01:48:49-10:00job:github_sync_all | — [skills] no local changes
2026-09-29T01:48:49-10:00job:github_sync_all | ↓ [skills] fetching origin/main
2026-09-29T01:48:49-10:00job:github_sync_all | From github.com:rootrecordsoftwaresolutions/Solar-Pacific-RootRecord-Server
2026-09-29T01:48:49-10:00job:github_sync_all | * branch            main       -> FETCH_HEAD
2026-09-29T01:48:49-10:00job:github_sync_all | — [skills] local and GitHub already match
2026-09-29T01:48:49-10:00job:github_sync_all | — [skills] nothing to push
2026-09-29T01:48:49-10:00job:worklog_scan RUN  bash "/home/rootrecord/RootRecord-Ecosystem/1 - Servers/1 - RootRecord-Pacific-Solar-Server/Reports/scripts/worklog_once.sh"
2026-09-29T01:49:05-10:00job:worklog_scan | OK wrote/updated /home/rootrecord/RootRecord-Ecosystem/2 - RootRecord-Database/WORKLOG/worklog_current.md
2026-09-29T01:49:05-10:00job:security_camera_frame_grab RUN  bash "/home/rootrecord/RootRecord-Ecosystem/1 - Servers/1 - RootRecord-Pacific-Solar-Server/Security/Cameras/grab_all.sh"
2026-09-29T01:49:17-10:00job:security_camera_frame_grab | 01:49:05  📷  a-eyes  ch1 → ch1-20260929T114905Z.jpg  (302.6 KB, 4.34s)
2026-09-29T01:49:17-10:00job:security_camera_frame_grab | 01:49:09  📷  a-eyes  ch2 → ch2-20260929T114909Z.jpg  (354.6 KB, 4.31s)
2026-09-29T01:49:17-10:00job:security_camera_frame_grab | 01:49:14  📷  a-eyes  ch3 → ch3-20260929T114914Z.jpg  (12.0 KB, 1.49s)
2026-09-29T01:49:17-10:00job:security_camera_frame_grab | 01:49:15  📷  a-eyes  ch4 → ch4-20260929T114915Z.jpg  (11.9 KB, 1.51s)
2026-09-29T01:49:17-10:00ENERGY  status=live  B2=78%  B1=0%  solar=0 W  ac=0 W  usbc=29 W  src=/home/rootrecord/RootRecord-Ecosystem/2 - RootRecord-Database/ENERGY
2026-09-29T01:49:18-10:00  ▸  SUMMARY=river2pro soc=0% solar=0W ac_out=73W usbc=95W src=api db=ok
2026-09-29T01:49:18-10:00job:sys_stats_cycle RUN  bash "/home/rootrecord/RootRecord-Ecosystem/1 - Servers/1 - RootRecord-Pacific-Solar-Server/System/scripts/sys-sample.sh"
2026-09-29T01:49:19-10:00job:sys_stats_cycle | SYSTEM  cpu=10%  load=1.51  mem=60%  src=sqlite
2026-09-29T01:49:19-10:00job:sys_stats_cycle | OK wrote /home/rootrecord/RootRecord-Ecosystem/2 - RootRecord-Database/SYSTEM/samples/sys-20260929-014918.json
2026-09-29T01:49:36-10:00job:github_sync_all FAIL code=-15
2026-09-29T01:49:36-10:00job:github_sync_all ! ↑ [pacific] committed 2 local file(s)
2026-09-29T01:49:36-10:00job:github_sync_all ! ↓ [pacific] fetching origin/main
2026-09-29T01:49:36-10:00job:github_sync_all ! From github.com:RootRecord-Software-Solutions/RootRecord-Pacific-Solar-Server
2026-09-29T01:49:36-10:00job:github_sync_all !  * branch            main       -> FETCH_HEAD
2026-09-29T01:49:36-10:00job:github_sync_all ! ↑ [pacific] local is ahead of GitHub
2026-09-29T01:49:36-10:00job:github_sync_all ! To github.com:RootRecord-Software-Solutions/RootRecord-Pacific-Solar-Server.git
2026-09-29T01:49:36-10:00job:github_sync_all !    b72db19..e977252  HEAD -> main
2026-09-29T01:49:36-10:00job:github_sync_all ! branch 'main' set up to track 'origin/main'.
2026-09-29T01:49:36-10:00job:github_sync_all ! ↑ [pacific] 2 files → RootRecord-Software-Solutions/RootRecord-Pacific-Solar-Server (main)
2026-09-29T01:49:36-10:00job:github_sync_all ! ↑ [database] committed 16 local file(s)
2026-09-29T01:49:36-10:00job:github_sync_all ! ↓ [database] fetching origin/main
2026-09-29T01:49:36-10:00job:github_sync_all ! From github.com:RootRecord-Software-Solutions/RootRecord-Database
2026-09-29T01:49:36-10:00job:github_sync_all !  * branch            main       -> FETCH_HEAD
2026-09-29T01:49:36-10:00job:github_sync_all ! ↑ [database] local is ahead of GitHub
2026-09-29T01:49:36-10:00job:github_sync_all ! To github.com:RootRecord-Software-Solutions/RootRecord-Database.git
2026-09-29T01:49:36-10:00job:github_sync_all !    131570f..345c7d5  HEAD -> main
2026-09-29T01:49:36-10:00job:github_sync_all ! branch 'main' set up to track 'origin/main'.
2026-09-29T01:49:36-10:00job:github_sync_all ! ↑ [database] 16 files → RootRecord-Software-Solutions/RootRecord-Database (main)
2026-09-29T01:49:36-10:00job:github_sync_all ! — [library] no local changes
2026-09-29T01:49:36-10:00job:github_sync_all ! ↓ [library] fetching origin/main
2026-09-29T01:49:36-10:00job:security_camera_frame_grab RUN  bash "/home/rootrecord/RootRecord-Ecosystem/1 - Servers/1 - RootRecord-Pacific-Solar-Server/Security/Cameras/grab_all.sh"
2026-09-29T01:49:48-10:00job:security_camera_frame_grab | 01:49:36  📷  a-eyes  ch1 → ch1-20260929T114936Z.jpg  (304.6 KB, 4.47s)
2026-09-29T01:49:48-10:00job:security_camera_frame_grab | 01:49:41  📷  a-eyes  ch2 → ch2-20260929T114941Z.jpg  (360.4 KB, 4.27s)
2026-09-29T01:49:48-10:00job:security_camera_frame_grab | 01:49:45  📷  a-eyes  ch3 → ch3-20260929T114945Z.jpg  (12.0 KB, 1.62s)
2026-09-29T01:49:48-10:00job:security_camera_frame_grab | 01:49:47  📷  a-eyes  ch4 → ch4-20260929T114947Z.jpg  (11.9 KB, 1.48s)
2026-09-29T01:49:48-10:00internet OK — starting Cloudflare tunnel (attempt 1)
2026-09-29T01:49:48-10:00Starting cloudflared mode=token public_host=rootserver.rootrecord.cloud
2026-09-29T01:49:48-10:00Waiting for tunnel register (timeout=45s)…
2026-09-29T01:49:48-10:00tunnel starting
2026-09-29T01:50:06-10:00HTTP listening on http://127.0.0.1:8799 (open access on bind)
2026-09-29T01:50:06-10:00boot:start  jobs=10
2026-09-29T01:50:06-10:00boot:run  priority=0  id=self_terminal
2026-09-29T01:50:06-10:00boot:p0 self_process pid=880218
2026-09-29T01:50:06-10:00boot:run  priority=1  id=cloudflare_tunnel
2026-09-29T01:50:07-10:00boot:p1 cloudflare_tunnel host=rootserver.rootrecord.cloud
2026-09-29T01:50:07-10:00internet OK at boot — starting tunnel
2026-09-29T01:50:07-10:00Starting cloudflared mode=token public_host=rootserver.rootrecord.cloud
2026-09-29T01:50:07-10:00Waiting for tunnel register (timeout=45s)…
2026-09-29T01:50:07-10:00tunnel starting
2026-09-29T01:50:07-10:00tunnel connected  conn=0  edge=lax08
2026-09-29T01:50:07-10:00Tunnel READY — first connection registered.
2026-09-29T01:50:07-10:00boot:run  priority=2  id=github_setup_remotes
2026-09-29T01:50:07-10:00tunnel ingress  rootserver.rootrecord.cloud → 127.0.0.1:8799
2026-09-29T01:50:07-10:00boot:run  priority=3  id=ollama_warmup
2026-09-29T01:50:07-10:00job:ollama_warmup RUN  bash '/home/rootrecord/RootRecord-Ecosystem/1 - Servers/1 - RootRecord-Pacific-Solar-Server/System/scripts/plumbing/ollama-warmup.sh'
2026-09-29T01:50:07-10:00job:ollama_warmup | [ok] ollama up
2026-09-29T01:50:07-10:00boot:run  priority=4  id=flm_npu_warmup
2026-09-29T01:50:07-10:00job:flm_npu_warmup RUN  bash '/home/rootrecord/RootRecord-Ecosystem/1 - Servers/1 - RootRecord-Pacific-Solar-Server/System/scripts/plumbing/flm-warmup.sh'
2026-09-29T01:50:07-10:00tunnel connected  conn=1  edge=lax01
2026-09-29T01:50:07-10:00job:flm_npu_warmup | [skip] FLM binary not found (NPU path optional; Ollama remains fallback)
2026-09-29T01:50:07-10:00boot:run  priority=5  id=council_relay
2026-09-29T01:50:07-10:00job:council_relay RUN  bash "/home/rootrecord/RootRecord-Ecosystem/1 - Servers/1 - RootRecord-Pacific-Solar-Server/Communications/telegram/scripts/ensure-relay.sh"
2026-09-29T01:50:08-10:00tunnel connected  conn=2  edge=lax01
2026-09-29T01:50:09-10:00tunnel connected  conn=3  edge=lax07
2026-09-29T01:50:11-10:00job:council_relay | [ok] council-relay started pid=880530 → /home/rootrecord/RootRecord-Ecosystem/2 - RootRecord-Database/Logs/Communications/council-relay.log
2026-09-29T01:50:11-10:00boot:run  priority=6  id=security_camera_server
2026-09-29T01:50:11-10:00job:security_camera_server RUN  bash "/home/rootrecord/RootRecord-Ecosystem/1 - Servers/1 - RootRecord-Pacific-Solar-Server/Security/Cameras/ensure_cam_server.sh"
2026-09-29T01:50:11-10:00job:security_camera_server | security cam server started
2026-09-29T01:50:11-10:00boot:run  priority=7  id=security_timelapse_catchup
2026-09-29T01:50:11-10:00job:security_timelapse_catchup RUN  bash "/home/rootrecord/RootRecord-Ecosystem/1 - Servers/1 - RootRecord-Pacific-Solar-Server/Security/Cameras/timelapse_catchup.sh"
2026-09-29T01:50:11-10:00job:security_timelapse_catchup | 01:50:11  🎬  a-eyes-timelapse  catchup: checking 20260929, now=01:50 HST
2026-09-29T01:50:11-10:00job:security_timelapse_catchup | 01:50:11  🎬  a-eyes-timelapse  catchup: window still open today, skipping daily render
2026-09-29T01:50:11-10:00boot:run  priority=8  id=weather_poller
2026-09-29T01:50:11-10:00job:weather_poller RUN  bash "/home/rootrecord/RootRecord-Ecosystem/1 - Servers/1 - RootRecord-Pacific-Solar-Server/Weather/scripts/ensure-weather-poller.sh"
2026-09-29T01:50:12-10:00job:weather_poller | [ensure-weather-poller] starting -- entry=/home/rootrecord/RootRecord-Ecosystem/1 - Servers/1 - RootRecord-Pacific-Solar-Server/Weather/scripts/run_poller.py log=/home/rootrecord/RootRecord-Ecosystem/2 - RootRecord-Database/WEATHER/Hawai'i/logs/weather-poller.log
2026-09-29T01:50:12-10:00job:weather_poller | [ensure-weather-poller] verify: weather poller is running
2026-09-29T01:50:12-10:00boot:run  priority=9  id=network_globe_hawaii
2026-09-29T01:50:12-10:00job:network_globe_hawaii RUN  bash "/home/rootrecord/RootRecord-Ecosystem/1 - Servers/1 - RootRecord-Pacific-Solar-Server/Communications/network/scripts/ensure-network-globe-hawaii.sh"
2026-09-29T01:50:12-10:00job:network_globe_hawaii | [ensure-network-globe-hawaii] already running -- nothing to do
2026-09-29T01:50:12-10:00boot:done
2026-09-29T01:50:13-10:00  ▸  SUMMARY=delta2 soc=78% solar=0W ac_out=0W usbc=29W src=api db=ok
2026-09-29T01:50:13-10:00scheduler  every_seconds=6  every_minute=1  every_hour=2  on_at=3
2026-09-29T01:50:13-10:00ENERGY  status=live  B2=78%  B1=0%  solar=0 W  ac=0 W  usbc=29 W  src=/home/rootrecord/RootRecord-Ecosystem/2 - RootRecord-Database/ENERGY
2026-09-29T01:50:14-10:00  ▸  SUMMARY=delta2 soc=78% solar=0W ac_out=0W usbc=29W src=api db=ok
2026-09-29T01:50:14-10:00job:sys_stats_cycle RUN  bash "/home/rootrecord/RootRecord-Ecosystem/1 - Servers/1 - RootRecord-Pacific-Solar-Server/System/scripts/sys-sample.sh"
2026-09-29T01:50:15-10:00job:sys_stats_cycle | SYSTEM  cpu=14%  load=1.07  mem=60%  src=sqlite
2026-09-29T01:50:15-10:00job:sys_stats_cycle | OK wrote /home/rootrecord/RootRecord-Ecosystem/2 - RootRecord-Database/SYSTEM/samples/sys-20260929-015015.json
2026-09-29T01:50:41-10:00job:github_sync_all | — [pacific] no local changes
2026-09-29T01:50:41-10:00job:github_sync_all | ↓ [pacific] fetching origin/main
2026-09-29T01:50:41-10:00job:github_sync_all | From github.com:RootRecord-Software-Solutions/RootRecord-Pacific-Solar-Server
2026-09-29T01:50:41-10:00job:github_sync_all | * branch            main       -> FETCH_HEAD
2026-09-29T01:50:41-10:00job:github_sync_all | * [new branch]      main       -> origin/main
2026-09-29T01:50:41-10:00job:github_sync_all | — [pacific] local and GitHub already match
2026-09-29T01:50:41-10:00job:github_sync_all | — [pacific] nothing to push
2026-09-29T01:50:41-10:00job:github_sync_all | ↑ [database] committed 17 local file(s)
2026-09-29T01:50:41-10:00job:github_sync_all | ↓ [database] fetching origin/main
2026-09-29T01:50:41-10:00job:github_sync_all | From github.com:RootRecord-Software-Solutions/RootRecord-Database
2026-09-29T01:50:41-10:00job:github_sync_all | * branch            main       -> FETCH_HEAD
2026-09-29T01:50:41-10:00job:github_sync_all | * [new branch]      main       -> origin/main
2026-09-29T01:50:41-10:00job:github_sync_all | ↑ [database] local is ahead of GitHub
2026-09-29T01:50:41-10:00job:github_sync_all | To github.com:RootRecord-Software-Solutions/RootRecord-Database.git
2026-09-29T01:50:41-10:00job:github_sync_all | 345c7d5..8aed7cb  HEAD -> main
2026-09-29T01:50:41-10:00job:github_sync_all | branch 'main' set up to track 'origin/main'.
2026-09-29T01:50:41-10:00job:github_sync_all | ↑ [database] 17 files → RootRecord-Software-Solutions/RootRecord-Database (main)
2026-09-29T01:50:41-10:00job:github_sync_all | — [library] no local changes
2026-09-29T01:50:41-10:00job:github_sync_all | ↓ [library] fetching origin/main
2026-09-29T01:50:41-10:00job:github_sync_all | From github.com:RootRecord-Software-Solutions/RootRecord-Library
2026-09-29T01:50:41-10:00job:github_sync_all | * branch            main       -> FETCH_HEAD
2026-09-29T01:50:41-10:00job:github_sync_all | * [new branch]      main       -> origin/main
2026-09-29T01:50:41-10:00job:github_sync_all | — [library] local and GitHub already match
2026-09-29T01:50:41-10:00job:github_sync_all | — [library] nothing to push
2026-09-29T01:50:41-10:00job:github_sync_all | — [skills] no local changes
2026-09-29T01:50:41-10:00job:github_sync_all | ↓ [skills] fetching origin/main
2026-09-29T01:50:41-10:00job:github_sync_all | From github.com:rootrecordsoftwaresolutions/Solar-Pacific-RootRecord-Server
2026-09-29T01:50:41-10:00job:github_sync_all | * branch            main       -> FETCH_HEAD
2026-09-29T01:50:41-10:00job:github_sync_all | * [new branch]      main       -> origin/main
2026-09-29T01:50:41-10:00job:github_sync_all | — [skills] local and GitHub already match
2026-09-29T01:50:41-10:00job:github_sync_all | — [skills] nothing to push
2026-09-29T01:50:41-10:00job:worklog_scan RUN  bash "/home/rootrecord/RootRecord-Ecosystem/1 - Servers/1 - RootRecord-Pacific-Solar-Server/Reports/scripts/worklog_once.sh"
2026-09-29T01:50:49-10:00job:worklog_scan | OK wrote/updated /home/rootrecord/RootRecord-Ecosystem/2 - RootRecord-Database/WORKLOG/worklog_current.md
2026-09-29T01:50:49-10:00job:security_camera_frame_grab RUN  bash "/home/rootrecord/RootRecord-Ecosystem/1 - Servers/1 - RootRecord-Pacific-Solar-Server/Security/Cameras/grab_all.sh"
2026-09-29T01:51:05-10:00job:security_camera_frame_grab | 01:50:49  📷  a-eyes  ch1 → ch1-20260929T115049Z.jpg  (303.9 KB, 7.73s)
2026-09-29T01:51:05-10:00job:security_camera_frame_grab | 01:50:57  📷  a-eyes  ch2 → ch2-20260929T115057Z.jpg  (356.4 KB, 4.39s)
2026-09-29T01:51:05-10:00job:security_camera_frame_grab | 01:51:01  📷  a-eyes  ch3 → ch3-20260929T115101Z.jpg  (11.9 KB, 1.61s)
2026-09-29T01:51:05-10:00job:security_camera_frame_grab | 01:51:03  📷  a-eyes  ch4 → ch4-20260929T115103Z.jpg  (11.9 KB, 1.62s)
2026-09-29T01:51:06-10:00  ▸  SUMMARY=river2pro soc=0% solar=0W ac_out=73W usbc=95W src=api db=ok
2026-09-29T01:51:06-10:00job:sys_stats_cycle RUN  bash "/home/rootrecord/RootRecord-Ecosystem/1 - Servers/1 - RootRecord-Pacific-Solar-Server/System/scripts/sys-sample.sh"
2026-09-29T01:51:06-10:00job:sys_stats_cycle | SYSTEM  cpu=6%  load=1.41  mem=62%  src=sqlite
2026-09-29T01:51:06-10:00job:sys_stats_cycle | OK wrote /home/rootrecord/RootRecord-Ecosystem/2 - RootRecord-Database/SYSTEM/samples/sys-20260929-015106.json
2026-09-29T01:51:32-10:00job:github_sync_all | — [pacific] no local changes
2026-09-29T01:51:32-10:00job:github_sync_all | ↓ [pacific] fetching origin/main
2026-09-29T01:51:32-10:00job:github_sync_all | From github.com:RootRecord-Software-Solutions/RootRecord-Pacific-Solar-Server
2026-09-29T01:51:32-10:00job:github_sync_all | * branch            main       -> FETCH_HEAD
2026-09-29T01:51:32-10:00job:github_sync_all | — [pacific] local and GitHub already match
2026-09-29T01:51:32-10:00job:github_sync_all | — [pacific] nothing to push
2026-09-29T01:51:32-10:00job:github_sync_all | ↑ [database] committed 16 local file(s)
2026-09-29T01:51:32-10:00job:github_sync_all | ↓ [database] fetching origin/main
2026-09-29T01:51:32-10:00job:github_sync_all | From github.com:RootRecord-Software-Solutions/RootRecord-Database
2026-09-29T01:51:32-10:00job:github_sync_all | * branch            main       -> FETCH_HEAD
2026-09-29T01:51:32-10:00job:github_sync_all | ↑ [database] local is ahead of GitHub
2026-09-29T01:51:32-10:00job:github_sync_all | To github.com:RootRecord-Software-Solutions/RootRecord-Database.git
2026-09-29T01:51:32-10:00job:github_sync_all | 8aed7cb..f4577be  HEAD -> main
2026-09-29T01:51:32-10:00job:github_sync_all | branch 'main' set up to track 'origin/main'.
2026-09-29T01:51:32-10:00job:github_sync_all | ↑ [database] 16 files → RootRecord-Software-Solutions/RootRecord-Database (main)
2026-09-29T01:51:32-10:00job:github_sync_all | — [library] no local changes
2026-09-29T01:51:32-10:00job:github_sync_all | ↓ [library] fetching origin/main
2026-09-29T01:51:32-10:00job:github_sync_all | From github.com:RootRecord-Software-Solutions/RootRecord-Library
2026-09-29T01:51:32-10:00job:github_sync_all | * branch            main       -> FETCH_HEAD
2026-09-29T01:51:32-10:00job:github_sync_all | — [library] local and GitHub already match
2026-09-29T01:51:32-10:00job:github_sync_all | — [library] nothing to push
2026-09-29T01:51:32-10:00job:github_sync_all | — [skills] no local changes
2026-09-29T01:51:32-10:00job:github_sync_all | ↓ [skills] fetching origin/main
2026-09-29T01:51:32-10:00job:github_sync_all | From github.com:rootrecordsoftwaresolutions/Solar-Pacific-RootRecord-Server
2026-09-29T01:51:32-10:00job:github_sync_all | * branch            main       -> FETCH_HEAD
2026-09-29T01:51:32-10:00job:github_sync_all | — [skills] local and GitHub already match
2026-09-29T01:51:32-10:00job:github_sync_all | — [skills] nothing to push
2026-09-29T01:51:32-10:00job:security_camera_frame_grab RUN  bash "/home/rootrecord/RootRecord-Ecosystem/1 - Servers/1 - RootRecord-Pacific-Solar-Server/Security/Cameras/grab_all.sh"
2026-09-29T01:51:45-10:00job:security_camera_frame_grab | 01:51:33  📷  a-eyes  ch1 → ch1-20260929T115133Z.jpg  (302.7 KB, 4.34s)
2026-09-29T01:51:45-10:00job:security_camera_frame_grab | 01:51:37  📷  a-eyes  ch2 → ch2-20260929T115137Z.jpg  (355.0 KB, 4.49s)
2026-09-29T01:51:45-10:00job:security_camera_frame_grab | 01:51:41  📷  a-eyes  ch3 → ch3-20260929T115141Z.jpg  (11.9 KB, 1.55s)
2026-09-29T01:51:45-10:00job:security_camera_frame_grab | 01:51:43  📷  a-eyes  ch4 → ch4-20260929T115143Z.jpg  (11.9 KB, 1.57s)
2026-09-29T01:51:45-10:00ENERGY  status=live  B2=78%  B1=0%  solar=0 W  ac=0 W  usbc=29 W  src=/home/rootrecord/RootRecord-Ecosystem/2 - RootRecord-Database/ENERGY
2026-09-29T01:51:46-10:00  ▸  SUMMARY=river2pro soc=0% solar=0W ac_out=73W usbc=95W src=api db=ok
2026-09-29T01:51:46-10:00job:sys_stats_cycle RUN  bash "/home/rootrecord/RootRecord-Ecosystem/1 - Servers/1 - RootRecord-Pacific-Solar-Server/System/scripts/sys-sample.sh"
2026-09-29T01:51:46-10:00job:sys_stats_cycle | SYSTEM  cpu=14%  load=1.98  mem=62%  src=sqlite
2026-09-29T01:51:46-10:00job:sys_stats_cycle | OK wrote /home/rootrecord/RootRecord-Ecosystem/2 - RootRecord-Database/SYSTEM/samples/sys-20260929-015146.json
2026-09-29T01:52:12-10:00job:github_sync_all | — [pacific] no local changes
2026-09-29T01:52:12-10:00job:github_sync_all | ↓ [pacific] fetching origin/main
2026-09-29T01:52:12-10:00job:github_sync_all | From github.com:RootRecord-Software-Solutions/RootRecord-Pacific-Solar-Server
2026-09-29T01:52:12-10:00job:github_sync_all | * branch            main       -> FETCH_HEAD
2026-09-29T01:52:12-10:00job:github_sync_all | — [pacific] local and GitHub already match
2026-09-29T01:52:12-10:00job:github_sync_all | — [pacific] nothing to push
2026-09-29T01:52:12-10:00job:github_sync_all | ↑ [database] committed 11 local file(s)
2026-09-29T01:52:12-10:00job:github_sync_all | ↓ [database] fetching origin/main
2026-09-29T01:52:12-10:00job:github_sync_all | From github.com:RootRecord-Software-Solutions/RootRecord-Database
2026-09-29T01:52:12-10:00job:github_sync_all | * branch            main       -> FETCH_HEAD
2026-09-29T01:52:12-10:00job:github_sync_all | ↑ [database] local is ahead of GitHub
2026-09-29T01:52:12-10:00job:github_sync_all | To github.com:RootRecord-Software-Solutions/RootRecord-Database.git
2026-09-29T01:52:12-10:00job:github_sync_all | f4577be..fc312e2  HEAD -> main
2026-09-29T01:52:12-10:00job:github_sync_all | branch 'main' set up to track 'origin/main'.
2026-09-29T01:52:12-10:00job:github_sync_all | ↑ [database] 11 files → RootRecord-Software-Solutions/RootRecord-Database (main)
2026-09-29T01:52:12-10:00job:github_sync_all | — [library] no local changes
2026-09-29T01:52:12-10:00job:github_sync_all | ↓ [library] fetching origin/main
2026-09-29T01:52:12-10:00job:github_sync_all | From github.com:RootRecord-Software-Solutions/RootRecord-Library
2026-09-29T01:52:12-10:00job:github_sync_all | * branch            main       -> FETCH_HEAD
2026-09-29T01:52:12-10:00job:github_sync_all | — [library] local and GitHub already match
2026-09-29T01:52:12-10:00job:github_sync_all | — [library] nothing to push
2026-09-29T01:52:12-10:00job:github_sync_all | — [skills] no local changes
2026-09-29T01:52:12-10:00job:github_sync_all | ↓ [skills] fetching origin/main
2026-09-29T01:52:12-10:00job:github_sync_all | From github.com:rootrecordsoftwaresolutions/Solar-Pacific-RootRecord-Server
2026-09-29T01:52:12-10:00job:github_sync_all | * branch            main       -> FETCH_HEAD
2026-09-29T01:52:12-10:00job:github_sync_all | — [skills] local and GitHub already match
2026-09-29T01:52:12-10:00job:github_sync_all | — [skills] nothing to push
2026-09-29T01:52:12-10:00job:worklog_scan RUN  bash "/home/rootrecord/RootRecord-Ecosystem/1 - Servers/1 - RootRecord-Pacific-Solar-Server/Reports/scripts/worklog_once.sh"
2026-09-29T01:52:16-10:00job:worklog_scan | OK wrote/updated /home/rootrecord/RootRecord-Ecosystem/2 - RootRecord-Database/WORKLOG/worklog_current.md
2026-09-29T01:52:16-10:00job:security_camera_frame_grab RUN  bash "/home/rootrecord/RootRecord-Ecosystem/1 - Servers/1 - RootRecord-Pacific-Solar-Server/Security/Cameras/grab_all.sh"
2026-09-29T01:52:28-10:00job:security_camera_frame_grab | 01:52:16  📷  a-eyes  ch1 → ch1-20260929T115216Z.jpg  (302.3 KB, 4.57s)
2026-09-29T01:52:28-10:00job:security_camera_frame_grab | 01:52:21  📷  a-eyes  ch2 → ch2-20260929T115221Z.jpg  (357.3 KB, 4.59s)
2026-09-29T01:52:28-10:00job:security_camera_frame_grab | 01:52:25  📷  a-eyes  ch3 → ch3-20260929T115225Z.jpg  (12.0 KB, 1.55s)
2026-09-29T01:52:28-10:00job:security_camera_frame_grab | 01:52:27  📷  a-eyes  ch4 → ch4-20260929T115227Z.jpg  (12.0 KB, 1.45s)
2026-09-29T01:52:29-10:00  ▸  SUMMARY=river2pro soc=0% solar=0W ac_out=73W usbc=95W src=api db=ok
2026-09-29T01:52:29-10:00job:sys_stats_cycle RUN  bash "/home/rootrecord/RootRecord-Ecosystem/1 - Servers/1 - RootRecord-Pacific-Solar-Server/System/scripts/sys-sample.sh"
2026-09-29T01:52:30-10:00job:sys_stats_cycle | SYSTEM  cpu=30%  load=2.24  mem=62%  src=sqlite
2026-09-29T01:52:30-10:00job:sys_stats_cycle | OK wrote /home/rootrecord/RootRecord-Ecosystem/2 - RootRecord-Database/SYSTEM/samples/sys-20260929-015230.json
2026-09-29T01:52:59-10:00job:github_sync_all | ↑ [pacific] committed 9 local file(s)
2026-09-29T01:52:59-10:00job:github_sync_all | ↓ [pacific] fetching origin/main
2026-09-29T01:52:59-10:00job:github_sync_all | From github.com:RootRecord-Software-Solutions/RootRecord-Pacific-Solar-Server
2026-09-29T01:52:59-10:00job:github_sync_all | * branch            main       -> FETCH_HEAD
2026-09-29T01:52:59-10:00job:github_sync_all | ↑ [pacific] local is ahead of GitHub
2026-09-29T01:52:59-10:00job:github_sync_all | To github.com:RootRecord-Software-Solutions/RootRecord-Pacific-Solar-Server.git
2026-09-29T01:52:59-10:00job:github_sync_all | e977252..99cc71e  HEAD -> main
2026-09-29T01:52:59-10:00job:github_sync_all | branch 'main' set up to track 'origin/main'.
2026-09-29T01:52:59-10:00job:github_sync_all | ↑ [pacific] 9 files → RootRecord-Software-Solutions/RootRecord-Pacific-Solar-Server (main)
2026-09-29T01:52:59-10:00job:github_sync_all | ↑ [database] committed 16 local file(s)
2026-09-29T01:52:59-10:00job:github_sync_all | ↓ [database] fetching origin/main
2026-09-29T01:52:59-10:00job:github_sync_all | From github.com:RootRecord-Software-Solutions/RootRecord-Database
2026-09-29T01:52:59-10:00job:github_sync_all | * branch            main       -> FETCH_HEAD
2026-09-29T01:52:59-10:00job:github_sync_all | ↑ [database] local is ahead of GitHub
2026-09-29T01:52:59-10:00job:github_sync_all | To github.com:RootRecord-Software-Solutions/RootRecord-Database.git
2026-09-29T01:52:59-10:00job:github_sync_all | fc312e2..0a6209f  HEAD -> main
2026-09-29T01:52:59-10:00job:github_sync_all | branch 'main' set up to track 'origin/main'.
2026-09-29T01:52:59-10:00job:github_sync_all | ↑ [database] 16 files → RootRecord-Software-Solutions/RootRecord-Database (main)
2026-09-29T01:52:59-10:00job:github_sync_all | — [library] no local changes
2026-09-29T01:52:59-10:00job:github_sync_all | ↓ [library] fetching origin/main
2026-09-29T01:52:59-10:00job:github_sync_all | From github.com:RootRecord-Software-Solutions/RootRecord-Library
2026-09-29T01:52:59-10:00job:github_sync_all | * branch            main       -> FETCH_HEAD
2026-09-29T01:52:59-10:00job:github_sync_all | — [library] local and GitHub already match
2026-09-29T01:52:59-10:00job:github_sync_all | — [library] nothing to push
2026-09-29T01:52:59-10:00job:github_sync_all | — [skills] no local changes
2026-09-29T01:52:59-10:00job:github_sync_all | ↓ [skills] fetching origin/main
2026-09-29T01:52:59-10:00job:github_sync_all | From github.com:rootrecordsoftwaresolutions/Solar-Pacific-RootRecord-Server
2026-09-29T01:52:59-10:00job:github_sync_all | * branch            main       -> FETCH_HEAD
2026-09-29T01:52:59-10:00job:github_sync_all | — [skills] local and GitHub already match
2026-09-29T01:52:59-10:00job:github_sync_all | — [skills] nothing to push
2026-09-29T01:52:59-10:00job:security_camera_frame_grab RUN  bash "/home/rootrecord/RootRecord-Ecosystem/1 - Servers/1 - RootRecord-Pacific-Solar-Server/Security/Cameras/grab_all.sh"
2026-09-29T01:53:11-10:00job:security_camera_frame_grab | 01:52:59  📷  a-eyes  ch1 → ch1-20260929T115259Z.jpg  (303.8 KB, 4.43s)
2026-09-29T01:53:11-10:00job:security_camera_frame_grab | 01:53:03  📷  a-eyes  ch2 → ch2-20260929T115303Z.jpg  (355.8 KB, 4.47s)
2026-09-29T01:53:11-10:00job:security_camera_frame_grab | 01:53:08  📷  a-eyes  ch3 → ch3-20260929T115308Z.jpg  (12.0 KB, 1.57s)
2026-09-29T01:53:11-10:00job:security_camera_frame_grab | 01:53:09  📷  a-eyes  ch4 → ch4-20260929T115309Z.jpg  (12.0 KB, 1.65s)
2026-09-29T01:53:11-10:00ENERGY  status=live  B2=78%  B1=0%  solar=0 W  ac=0 W  usbc=29 W  src=/home/rootrecord/RootRecord-Ecosystem/2 - RootRecord-Database/ENERGY
2026-09-29T01:53:12-10:00  ▸  SUMMARY=delta2 soc=78% solar=0W ac_out=0W usbc=29W src=api db=ok
2026-09-29T01:53:12-10:00job:sys_stats_cycle RUN  bash "/home/rootrecord/RootRecord-Ecosystem/1 - Servers/1 - RootRecord-Pacific-Solar-Server/System/scripts/sys-sample.sh"
2026-09-29T01:53:13-10:00job:sys_stats_cycle | SYSTEM  cpu=12%  load=2.56  mem=64%  src=sqlite
2026-09-29T01:53:13-10:00job:sys_stats_cycle | OK wrote /home/rootrecord/RootRecord-Ecosystem/2 - RootRecord-Database/SYSTEM/samples/sys-20260929-015313.json
2026-09-29T01:53:42-10:00job:github_sync_all | ↑ [pacific] committed 2 local file(s)
2026-09-29T01:53:42-10:00job:github_sync_all | ↓ [pacific] fetching origin/main
2026-09-29T01:53:42-10:00job:github_sync_all | From github.com:RootRecord-Software-Solutions/RootRecord-Pacific-Solar-Server
2026-09-29T01:53:42-10:00job:github_sync_all | * branch            main       -> FETCH_HEAD
2026-09-29T01:53:42-10:00job:github_sync_all | ↑ [pacific] local is ahead of GitHub
2026-09-29T01:53:42-10:00job:github_sync_all | To github.com:RootRecord-Software-Solutions/RootRecord-Pacific-Solar-Server.git
2026-09-29T01:53:42-10:00job:github_sync_all | 99cc71e..662bf97  HEAD -> main
2026-09-29T01:53:42-10:00job:github_sync_all | branch 'main' set up to track 'origin/main'.
2026-09-29T01:53:42-10:00job:github_sync_all | ↑ [pacific] 2 files → RootRecord-Software-Solutions/RootRecord-Pacific-Solar-Server (main)
2026-09-29T01:53:42-10:00job:github_sync_all | ↑ [database] committed 13 local file(s)
2026-09-29T01:53:42-10:00job:github_sync_all | ↓ [database] fetching origin/main
2026-09-29T01:53:42-10:00job:github_sync_all | From github.com:RootRecord-Software-Solutions/RootRecord-Database
2026-09-29T01:53:42-10:00job:github_sync_all | * branch            main       -> FETCH_HEAD
2026-09-29T01:53:42-10:00job:github_sync_all | ↑ [database] local is ahead of GitHub
2026-09-29T01:53:42-10:00job:github_sync_all | To github.com:RootRecord-Software-Solutions/RootRecord-Database.git
2026-09-29T01:53:42-10:00job:github_sync_all | 0a6209f..45b040c  HEAD -> main
2026-09-29T01:53:42-10:00job:github_sync_all | branch 'main' set up to track 'origin/main'.
2026-09-29T01:53:42-10:00job:github_sync_all | ↑ [database] 13 files → RootRecord-Software-Solutions/RootRecord-Database (main)
2026-09-29T01:53:42-10:00job:github_sync_all | — [library] no local changes
2026-09-29T01:53:42-10:00job:github_sync_all | ↓ [library] fetching origin/main
2026-09-29T01:53:42-10:00job:github_sync_all | From github.com:RootRecord-Software-Solutions/RootRecord-Library
2026-09-29T01:53:42-10:00job:github_sync_all | * branch            main       -> FETCH_HEAD
2026-09-29T01:53:42-10:00job:github_sync_all | — [library] local and GitHub already match
2026-09-29T01:53:42-10:00job:github_sync_all | — [library] nothing to push
2026-09-29T01:53:42-10:00job:github_sync_all | — [skills] no local changes
2026-09-29T01:53:42-10:00job:github_sync_all | ↓ [skills] fetching origin/main
2026-09-29T01:53:42-10:00job:github_sync_all | From github.com:rootrecordsoftwaresolutions/Solar-Pacific-RootRecord-Server
2026-09-29T01:53:42-10:00job:github_sync_all | * branch            main       -> FETCH_HEAD
2026-09-29T01:53:42-10:00job:github_sync_all | — [skills] local and GitHub already match
2026-09-29T01:53:42-10:00job:github_sync_all | — [skills] nothing to push
2026-09-29T01:53:42-10:00job:security_camera_frame_grab RUN  bash "/home/rootrecord/RootRecord-Ecosystem/1 - Servers/1 - RootRecord-Pacific-Solar-Server/Security/Cameras/grab_all.sh"
2026-09-29T01:53:55-10:00job:security_camera_frame_grab | 01:53:42  📷  a-eyes  ch1 → ch1-20260929T115342Z.jpg  (302.0 KB, 4.56s)
2026-09-29T01:53:55-10:00job:security_camera_frame_grab | 01:53:47  📷  a-eyes  ch2 → ch2-20260929T115347Z.jpg  (354.3 KB, 4.58s)
2026-09-29T01:53:55-10:00job:security_camera_frame_grab | 01:53:51  📷  a-eyes  ch3 → ch3-20260929T115351Z.jpg  (12.0 KB, 1.83s)
2026-09-29T01:53:55-10:00job:security_camera_frame_grab | 01:53:53  📷  a-eyes  ch4 → ch4-20260929T115353Z.jpg  (12.0 KB, 1.70s)
2026-09-29T01:53:56-10:00  ▸  SUMMARY=river2pro soc=0% solar=0W ac_out=73W usbc=95W src=api db=ok
2026-09-29T01:53:56-10:00job:sys_stats_cycle RUN  bash "/home/rootrecord/RootRecord-Ecosystem/1 - Servers/1 - RootRecord-Pacific-Solar-Server/System/scripts/sys-sample.sh"
2026-09-29T01:53:57-10:00job:sys_stats_cycle | SYSTEM  cpu=9%  load=1.71  mem=61%  src=sqlite
2026-09-29T01:53:57-10:00job:sys_stats_cycle | OK wrote /home/rootrecord/RootRecord-Ecosystem/2 - RootRecord-Database/SYSTEM/samples/sys-20260929-015357.json
2026-09-29T01:54:23-10:00job:github_sync_all | — [pacific] no local changes
2026-09-29T01:54:23-10:00job:github_sync_all | ↓ [pacific] fetching origin/main
2026-09-29T01:54:23-10:00job:github_sync_all | From github.com:RootRecord-Software-Solutions/RootRecord-Pacific-Solar-Server
2026-09-29T01:54:23-10:00job:github_sync_all | * branch            main       -> FETCH_HEAD
2026-09-29T01:54:23-10:00job:github_sync_all | — [pacific] local and GitHub already match
2026-09-29T01:54:23-10:00job:github_sync_all | — [pacific] nothing to push
2026-09-29T01:54:23-10:00job:github_sync_all | ↑ [database] committed 11 local file(s)
2026-09-29T01:54:23-10:00job:github_sync_all | ↓ [database] fetching origin/main
2026-09-29T01:54:23-10:00job:github_sync_all | From github.com:RootRecord-Software-Solutions/RootRecord-Database
2026-09-29T01:54:23-10:00job:github_sync_all | * branch            main       -> FETCH_HEAD
2026-09-29T01:54:23-10:00job:github_sync_all | ↑ [database] local is ahead of GitHub
2026-09-29T01:54:23-10:00job:github_sync_all | To github.com:RootRecord-Software-Solutions/RootRecord-Database.git
2026-09-29T01:54:23-10:00job:github_sync_all | 45b040c..755acbc  HEAD -> main
2026-09-29T01:54:23-10:00job:github_sync_all | branch 'main' set up to track 'origin/main'.
2026-09-29T01:54:23-10:00job:github_sync_all | ↑ [database] 11 files → RootRecord-Software-Solutions/RootRecord-Database (main)
2026-09-29T01:54:23-10:00job:github_sync_all | — [library] no local changes
2026-09-29T01:54:23-10:00job:github_sync_all | ↓ [library] fetching origin/main
2026-09-29T01:54:23-10:00job:github_sync_all | From github.com:RootRecord-Software-Solutions/RootRecord-Library
2026-09-29T01:54:23-10:00job:github_sync_all | * branch            main       -> FETCH_HEAD
2026-09-29T01:54:23-10:00job:github_sync_all | — [library] local and GitHub already match
2026-09-29T01:54:23-10:00job:github_sync_all | — [library] nothing to push
2026-09-29T01:54:23-10:00job:github_sync_all | — [skills] no local changes
2026-09-29T01:54:23-10:00job:github_sync_all | ↓ [skills] fetching origin/main
2026-09-29T01:54:23-10:00job:github_sync_all | From github.com:rootrecordsoftwaresolutions/Solar-Pacific-RootRecord-Server
2026-09-29T01:54:23-10:00job:github_sync_all | * branch            main       -> FETCH_HEAD
2026-09-29T01:54:23-10:00job:github_sync_all | — [skills] local and GitHub already match
2026-09-29T01:54:23-10:00job:github_sync_all | — [skills] nothing to push
2026-09-29T01:54:23-10:00job:worklog_scan RUN  bash "/home/rootrecord/RootRecord-Ecosystem/1 - Servers/1 - RootRecord-Pacific-Solar-Server/Reports/scripts/worklog_once.sh"
2026-09-29T01:54:27-10:00job:worklog_scan | OK wrote/updated /home/rootrecord/RootRecord-Ecosystem/2 - RootRecord-Database/WORKLOG/worklog_current.md
2026-09-29T01:54:27-10:00job:security_camera_frame_grab RUN  bash "/home/rootrecord/RootRecord-Ecosystem/1 - Servers/1 - RootRecord-Pacific-Solar-Server/Security/Cameras/grab_all.sh"
2026-09-29T01:54:39-10:00job:security_camera_frame_grab | 01:54:27  📷  a-eyes  ch1 → ch1-20260929T115427Z.jpg  (300.5 KB, 4.29s)
2026-09-29T01:54:39-10:00job:security_camera_frame_grab | 01:54:32  📷  a-eyes  ch2 → ch2-20260929T115432Z.jpg  (352.8 KB, 4.48s)
2026-09-29T01:54:39-10:00job:security_camera_frame_grab | 01:54:36  📷  a-eyes  ch3 → ch3-20260929T115436Z.jpg  (12.0 KB, 1.71s)
2026-09-29T01:54:39-10:00job:security_camera_frame_grab | 01:54:38  📷  a-eyes  ch4 → ch4-20260929T115438Z.jpg  (11.9 KB, 1.63s)
2026-09-29T01:54:40-10:00ENERGY  status=live  B2=78%  B1=0%  solar=0 W  ac=0 W  usbc=29 W  src=/home/rootrecord/RootRecord-Ecosystem/2 - RootRecord-Database/ENERGY
2026-09-29T01:54:40-10:00  ▸  SUMMARY=delta2 soc=78% solar=0W ac_out=0W usbc=29W src=api db=ok
2026-09-29T01:54:40-10:00job:sys_stats_cycle RUN  bash "/home/rootrecord/RootRecord-Ecosystem/1 - Servers/1 - RootRecord-Pacific-Solar-Server/System/scripts/sys-sample.sh"
2026-09-29T01:54:41-10:00job:sys_stats_cycle | SYSTEM  cpu=7%  load=1.38  mem=61%  src=sqlite
2026-09-29T01:54:41-10:00job:sys_stats_cycle | OK wrote /home/rootrecord/RootRecord-Ecosystem/2 - RootRecord-Database/SYSTEM/samples/sys-20260929-015441.json
2026-09-29T01:55:05-10:00job:github_sync_all | — [pacific] no local changes
2026-09-29T01:55:05-10:00job:github_sync_all | ↓ [pacific] fetching origin/main
2026-09-29T01:55:05-10:00job:github_sync_all | From github.com:RootRecord-Software-Solutions/RootRecord-Pacific-Solar-Server
2026-09-29T01:55:05-10:00job:github_sync_all | * branch            main       -> FETCH_HEAD
2026-09-29T01:55:05-10:00job:github_sync_all | — [pacific] local and GitHub already match
2026-09-29T01:55:05-10:00job:github_sync_all | — [pacific] nothing to push
2026-09-29T01:55:05-10:00job:github_sync_all | ↑ [database] committed 16 local file(s)
2026-09-29T01:55:05-10:00job:github_sync_all | ↓ [database] fetching origin/main
2026-09-29T01:55:05-10:00job:github_sync_all | From github.com:RootRecord-Software-Solutions/RootRecord-Database
2026-09-29T01:55:05-10:00job:github_sync_all | * branch            main       -> FETCH_HEAD
2026-09-29T01:55:05-10:00job:github_sync_all | ↑ [database] local is ahead of GitHub
2026-09-29T01:55:05-10:00job:github_sync_all | To github.com:RootRecord-Software-Solutions/RootRecord-Database.git
2026-09-29T01:55:05-10:00job:github_sync_all | 755acbc..7340759  HEAD -> main
2026-09-29T01:55:05-10:00job:github_sync_all | branch 'main' set up to track 'origin/main'.
2026-09-29T01:55:05-10:00job:github_sync_all | ↑ [database] 16 files → RootRecord-Software-Solutions/RootRecord-Database (main)
2026-09-29T01:55:05-10:00job:github_sync_all | — [library] no local changes
2026-09-29T01:55:05-10:00job:github_sync_all | ↓ [library] fetching origin/main
2026-09-29T01:55:05-10:00job:github_sync_all | From github.com:RootRecord-Software-Solutions/RootRecord-Library
2026-09-29T01:55:05-10:00job:github_sync_all | * branch            main       -> FETCH_HEAD
2026-09-29T01:55:05-10:00job:github_sync_all | — [library] local and GitHub already match
2026-09-29T01:55:05-10:00job:github_sync_all | — [library] nothing to push
2026-09-29T01:55:05-10:00job:github_sync_all | — [skills] no local changes
2026-09-29T01:55:05-10:00job:github_sync_all | ↓ [skills] fetching origin/main
2026-09-29T01:55:05-10:00job:github_sync_all | From github.com:rootrecordsoftwaresolutions/Solar-Pacific-RootRecord-Server
2026-09-29T01:55:05-10:00job:github_sync_all | * branch            main       -> FETCH_HEAD
2026-09-29T01:55:05-10:00job:github_sync_all | — [skills] local and GitHub already match
2026-09-29T01:55:05-10:00job:github_sync_all | — [skills] nothing to push
2026-09-29T01:55:05-10:00job:security_camera_frame_grab RUN  bash "/home/rootrecord/RootRecord-Ecosystem/1 - Servers/1 - RootRecord-Pacific-Solar-Server/Security/Cameras/grab_all.sh"
2026-09-29T01:55:18-10:00job:security_camera_frame_grab | 01:55:05  📷  a-eyes  ch1 → ch1-20260929T115505Z.jpg  (302.2 KB, 4.43s)
2026-09-29T01:55:18-10:00job:security_camera_frame_grab | 01:55:10  📷  a-eyes  ch2 → ch2-20260929T115510Z.jpg  (352.8 KB, 4.67s)
2026-09-29T01:55:18-10:00job:security_camera_frame_grab | 01:55:14  📷  a-eyes  ch3 → ch3-20260929T115514Z.jpg  (12.0 KB, 1.70s)
2026-09-29T01:55:18-10:00job:security_camera_frame_grab | 01:55:16  📷  a-eyes  ch4 → ch4-20260929T115516Z.jpg  (11.9 KB, 1.62s)
2026-09-29T01:55:19-10:00  ▸  SUMMARY=river2pro soc=0% solar=0W ac_out=73W usbc=95W src=api db=ok
2026-09-29T01:55:19-10:00job:sys_stats_cycle RUN  bash "/home/rootrecord/RootRecord-Ecosystem/1 - Servers/1 - RootRecord-Pacific-Solar-Server/System/scripts/sys-sample.sh"
2026-09-29T01:55:19-10:00job:sys_stats_cycle | SYSTEM  cpu=10%  load=1.16  mem=61%  src=sqlite
2026-09-29T01:55:19-10:00job:sys_stats_cycle | OK wrote /home/rootrecord/RootRecord-Ecosystem/2 - RootRecord-Database/SYSTEM/samples/sys-20260929-015519.json
2026-09-29T01:55:48-10:00job:github_sync_all | — [pacific] no local changes
2026-09-29T01:55:48-10:00job:github_sync_all | ↓ [pacific] fetching origin/main
2026-09-29T01:55:48-10:00job:github_sync_all | From github.com:RootRecord-Software-Solutions/RootRecord-Pacific-Solar-Server
2026-09-29T01:55:48-10:00job:github_sync_all | * branch            main       -> FETCH_HEAD
2026-09-29T01:55:48-10:00job:github_sync_all | — [pacific] local and GitHub already match
2026-09-29T01:55:48-10:00job:github_sync_all | — [pacific] nothing to push
2026-09-29T01:55:48-10:00job:github_sync_all | ↑ [database] committed 14 local file(s)
2026-09-29T01:55:48-10:00job:github_sync_all | ↓ [database] fetching origin/main
2026-09-29T01:55:48-10:00job:github_sync_all | From github.com:RootRecord-Software-Solutions/RootRecord-Database
2026-09-29T01:55:48-10:00job:github_sync_all | * branch            main       -> FETCH_HEAD
2026-09-29T01:55:48-10:00job:github_sync_all | ↑ [database] local is ahead of GitHub
2026-09-29T01:55:48-10:00job:github_sync_all | To github.com:RootRecord-Software-Solutions/RootRecord-Database.git
2026-09-29T01:55:48-10:00job:github_sync_all | 7340759..7da5f24  HEAD -> main
2026-09-29T01:55:48-10:00job:github_sync_all | branch 'main' set up to track 'origin/main'.
2026-09-29T01:55:48-10:00job:github_sync_all | ↑ [database] 14 files → RootRecord-Software-Solutions/RootRecord-Database (main)
2026-09-29T01:55:48-10:00job:github_sync_all | ↑ [library] committed 2 local file(s)
2026-09-29T01:55:48-10:00job:github_sync_all | ↓ [library] fetching origin/main
2026-09-29T01:55:48-10:00job:github_sync_all | From github.com:RootRecord-Software-Solutions/RootRecord-Library
2026-09-29T01:55:48-10:00job:github_sync_all | * branch            main       -> FETCH_HEAD
2026-09-29T01:55:48-10:00job:github_sync_all | ↑ [library] local is ahead of GitHub
2026-09-29T01:55:48-10:00job:github_sync_all | To github.com:RootRecord-Software-Solutions/RootRecord-Library.git
2026-09-29T01:55:48-10:00job:github_sync_all | 9264e96..f16615a  HEAD -> main
2026-09-29T01:55:48-10:00job:github_sync_all | branch 'main' set up to track 'origin/main'.
2026-09-29T01:55:48-10:00job:github_sync_all | ↑ [library] 2 files → RootRecord-Software-Solutions/RootRecord-Library (main)
2026-09-29T01:55:48-10:00job:github_sync_all | — [skills] no local changes
2026-09-29T01:55:48-10:00job:github_sync_all | ↓ [skills] fetching origin/main
2026-09-29T01:55:48-10:00job:github_sync_all | From github.com:rootrecordsoftwaresolutions/Solar-Pacific-RootRecord-Server
2026-09-29T01:55:48-10:00job:github_sync_all | * branch            main       -> FETCH_HEAD
2026-09-29T01:55:48-10:00job:github_sync_all | — [skills] local and GitHub already match
2026-09-29T01:55:48-10:00job:github_sync_all | — [skills] nothing to push
2026-09-29T01:55:48-10:00job:security_camera_frame_grab RUN  bash "/home/rootrecord/RootRecord-Ecosystem/1 - Servers/1 - RootRecord-Pacific-Solar-Server/Security/Cameras/grab_all.sh"
2026-09-29T01:56:01-10:00job:security_camera_frame_grab | 01:55:48  📷  a-eyes  ch1 → ch1-20260929T115548Z.jpg  (302.3 KB, 4.76s)
2026-09-29T01:56:01-10:00job:security_camera_frame_grab | 01:55:53  📷  a-eyes  ch2 → ch2-20260929T115553Z.jpg  (352.2 KB, 4.44s)
2026-09-29T01:56:01-10:00job:security_camera_frame_grab | 01:55:58  📷  a-eyes  ch3 → ch3-20260929T115558Z.jpg  (12.0 KB, 1.64s)
2026-09-29T01:56:01-10:00job:security_camera_frame_grab | 01:55:59  📷  a-eyes  ch4 → ch4-20260929T115559Z.jpg  (12.0 KB, 1.58s)
2026-09-29T01:56:01-10:00ENERGY  status=live  B2=78%  B1=0%  solar=0 W  ac=0 W  usbc=29 W  src=/home/rootrecord/RootRecord-Ecosystem/2 - RootRecord-Database/ENERGY
2026-09-29T01:56:02-10:00  ▸  SUMMARY=delta2 soc=78% solar=0W ac_out=0W usbc=29W src=api db=ok
2026-09-29T01:56:02-10:00job:sys_stats_cycle RUN  bash "/home/rootrecord/RootRecord-Ecosystem/1 - Servers/1 - RootRecord-Pacific-Solar-Server/System/scripts/sys-sample.sh"
2026-09-29T01:56:03-10:00job:sys_stats_cycle | SYSTEM  cpu=8%  load=0.75  mem=61%  src=sqlite
2026-09-29T01:56:03-10:00job:sys_stats_cycle | OK wrote /home/rootrecord/RootRecord-Ecosystem/2 - RootRecord-Database/SYSTEM/samples/sys-20260929-015603.json
2026-09-29T01:56:30-10:00job:github_sync_all | — [pacific] no local changes
2026-09-29T01:56:30-10:00job:github_sync_all | ↓ [pacific] fetching origin/main
2026-09-29T01:56:30-10:00job:github_sync_all | From github.com:RootRecord-Software-Solutions/RootRecord-Pacific-Solar-Server
2026-09-29T01:56:30-10:00job:github_sync_all | * branch            main       -> FETCH_HEAD
2026-09-29T01:56:30-10:00job:github_sync_all | — [pacific] local and GitHub already match
2026-09-29T01:56:30-10:00job:github_sync_all | — [pacific] nothing to push
2026-09-29T01:56:30-10:00job:github_sync_all | ↑ [database] committed 12 local file(s)
2026-09-29T01:56:30-10:00job:github_sync_all | ↓ [database] fetching origin/main
2026-09-29T01:56:30-10:00job:github_sync_all | From github.com:RootRecord-Software-Solutions/RootRecord-Database
2026-09-29T01:56:30-10:00job:github_sync_all | * branch            main       -> FETCH_HEAD
2026-09-29T01:56:30-10:00job:github_sync_all | ↑ [database] local is ahead of GitHub
2026-09-29T01:56:30-10:00job:github_sync_all | To github.com:RootRecord-Software-Solutions/RootRecord-Database.git
2026-09-29T01:56:30-10:00job:github_sync_all | 7da5f24..f2f6ca9  HEAD -> main
2026-09-29T01:56:30-10:00job:github_sync_all | branch 'main' set up to track 'origin/main'.
2026-09-29T01:56:30-10:00job:github_sync_all | ↑ [database] 12 files → RootRecord-Software-Solutions/RootRecord-Database (main)
2026-09-29T01:56:30-10:00job:github_sync_all | — [library] no local changes
2026-09-29T01:56:30-10:00job:github_sync_all | ↓ [library] fetching origin/main
2026-09-29T01:56:30-10:00job:github_sync_all | From github.com:RootRecord-Software-Solutions/RootRecord-Library
2026-09-29T01:56:30-10:00job:github_sync_all | * branch            main       -> FETCH_HEAD
2026-09-29T01:56:30-10:00job:github_sync_all | — [library] local and GitHub already match
2026-09-29T01:56:30-10:00job:github_sync_all | — [library] nothing to push
2026-09-29T01:56:30-10:00job:github_sync_all | — [skills] no local changes
2026-09-29T01:56:30-10:00job:github_sync_all | ↓ [skills] fetching origin/main
2026-09-29T01:56:30-10:00job:github_sync_all | From github.com:rootrecordsoftwaresolutions/Solar-Pacific-RootRecord-Server
2026-09-29T01:56:30-10:00job:github_sync_all | * branch            main       -> FETCH_HEAD
2026-09-29T01:56:30-10:00job:github_sync_all | — [skills] local and GitHub already match
2026-09-29T01:56:30-10:00job:github_sync_all | — [skills] nothing to push
2026-09-29T01:56:30-10:00job:worklog_scan RUN  bash "/home/rootrecord/RootRecord-Ecosystem/1 - Servers/1 - RootRecord-Pacific-Solar-Server/Reports/scripts/worklog_once.sh"
2026-09-29T01:56:33-10:00job:worklog_scan | OK wrote/updated /home/rootrecord/RootRecord-Ecosystem/2 - RootRecord-Database/WORKLOG/worklog_current.md
2026-09-29T01:56:33-10:00job:security_camera_frame_grab RUN  bash "/home/rootrecord/RootRecord-Ecosystem/1 - Servers/1 - RootRecord-Pacific-Solar-Server/Security/Cameras/grab_all.sh"
2026-09-29T01:56:45-10:00job:security_camera_frame_grab | 01:56:33  📷  a-eyes  ch1 → ch1-20260929T115633Z.jpg  (303.4 KB, 4.52s)
2026-09-29T01:56:45-10:00job:security_camera_frame_grab | 01:56:37  📷  a-eyes  ch2 → ch2-20260929T115637Z.jpg  (354.0 KB, 4.44s)
2026-09-29T01:56:45-10:00job:security_camera_frame_grab | 01:56:42  📷  a-eyes  ch3 → ch3-20260929T115642Z.jpg  (12.0 KB, 1.70s)
2026-09-29T01:56:45-10:00job:security_camera_frame_grab | 01:56:44  📷  a-eyes  ch4 → ch4-20260929T115644Z.jpg  (12.0 KB, 1.56s)
2026-09-29T01:56:46-10:00  ▸  SUMMARY=river2pro soc=0% solar=0W ac_out=73W usbc=95W src=api db=ok
2026-09-29T01:56:46-10:00job:sys_stats_cycle RUN  bash "/home/rootrecord/RootRecord-Ecosystem/1 - Servers/1 - RootRecord-Pacific-Solar-Server/System/scripts/sys-sample.sh"
2026-09-29T01:56:47-10:00job:sys_stats_cycle | SYSTEM  cpu=18%  load=0.84  mem=61%  src=sqlite
2026-09-29T01:56:47-10:00job:sys_stats_cycle | OK wrote /home/rootrecord/RootRecord-Ecosystem/2 - RootRecord-Database/SYSTEM/samples/sys-20260929-015647.json
2026-09-29T01:57:18-10:00job:github_sync_all | ↑ [pacific] committed 1 local file(s)
2026-09-29T01:57:18-10:00job:github_sync_all | ↓ [pacific] fetching origin/main
2026-09-29T01:57:18-10:00job:github_sync_all | From github.com:RootRecord-Software-Solutions/RootRecord-Pacific-Solar-Server
2026-09-29T01:57:18-10:00job:github_sync_all | * branch            main       -> FETCH_HEAD
2026-09-29T01:57:18-10:00job:github_sync_all | ↑ [pacific] local is ahead of GitHub
2026-09-29T01:57:18-10:00job:github_sync_all | To github.com:RootRecord-Software-Solutions/RootRecord-Pacific-Solar-Server.git
2026-09-29T01:57:18-10:00job:github_sync_all | 662bf97..b3754fb  HEAD -> main
2026-09-29T01:57:18-10:00job:github_sync_all | branch 'main' set up to track 'origin/main'.
2026-09-29T01:57:18-10:00job:github_sync_all | ↑ [pacific] 1 files → RootRecord-Software-Solutions/RootRecord-Pacific-Solar-Server (main)
2026-09-29T01:57:18-10:00job:github_sync_all | ↑ [database] committed 15 local file(s)
2026-09-29T01:57:18-10:00job:github_sync_all | ↓ [database] fetching origin/main
2026-09-29T01:57:18-10:00job:github_sync_all | From github.com:RootRecord-Software-Solutions/RootRecord-Database
2026-09-29T01:57:18-10:00job:github_sync_all | * branch            main       -> FETCH_HEAD
2026-09-29T01:57:18-10:00job:github_sync_all | ↑ [database] local is ahead of GitHub
2026-09-29T01:57:18-10:00job:github_sync_all | To github.com:RootRecord-Software-Solutions/RootRecord-Database.git
2026-09-29T01:57:18-10:00job:github_sync_all | f2f6ca9..9ae24e9  HEAD -> main
2026-09-29T01:57:18-10:00job:github_sync_all | branch 'main' set up to track 'origin/main'.
2026-09-29T01:57:18-10:00job:github_sync_all | ↑ [database] 15 files → RootRecord-Software-Solutions/RootRecord-Database (main)
2026-09-29T01:57:18-10:00job:github_sync_all | — [library] no local changes
2026-09-29T01:57:18-10:00job:github_sync_all | ↓ [library] fetching origin/main
2026-09-29T01:57:18-10:00job:github_sync_all | From github.com:RootRecord-Software-Solutions/RootRecord-Library
2026-09-29T01:57:18-10:00job:github_sync_all | * branch            main       -> FETCH_HEAD
2026-09-29T01:57:18-10:00job:github_sync_all | — [library] local and GitHub already match
2026-09-29T01:57:18-10:00job:github_sync_all | — [library] nothing to push
2026-09-29T01:57:18-10:00job:github_sync_all | — [skills] no local changes
2026-09-29T01:57:18-10:00job:github_sync_all | ↓ [skills] fetching origin/main
2026-09-29T01:57:18-10:00job:github_sync_all | From github.com:rootrecordsoftwaresolutions/Solar-Pacific-RootRecord-Server
2026-09-29T01:57:18-10:00job:github_sync_all | * branch            main       -> FETCH_HEAD
2026-09-29T01:57:18-10:00job:github_sync_all | — [skills] local and GitHub already match
2026-09-29T01:57:18-10:00job:github_sync_all | — [skills] nothing to push
2026-09-29T01:57:18-10:00job:security_camera_frame_grab RUN  bash "/home/rootrecord/RootRecord-Ecosystem/1 - Servers/1 - RootRecord-Pacific-Solar-Server/Security/Cameras/grab_all.sh"
2026-09-29T01:57:31-10:00job:security_camera_frame_grab | 01:57:19  📷  a-eyes  ch1 → ch1-20260929T115719Z.jpg  (301.3 KB, 4.45s)
2026-09-29T01:57:31-10:00job:security_camera_frame_grab | 01:57:23  📷  a-eyes  ch2 → ch2-20260929T115723Z.jpg  (389.7 KB, 4.49s)
2026-09-29T01:57:31-10:00job:security_camera_frame_grab | 01:57:28  📷  a-eyes  ch3 → ch3-20260929T115728Z.jpg  (12.0 KB, 1.70s)
2026-09-29T01:57:31-10:00job:security_camera_frame_grab | 01:57:29  📷  a-eyes  ch4 → ch4-20260929T115729Z.jpg  (12.0 KB, 1.51s)
2026-09-29T01:57:31-10:00ENERGY  status=live  B2=78%  B1=0%  solar=0 W  ac=0 W  usbc=29 W  src=/home/rootrecord/RootRecord-Ecosystem/2 - RootRecord-Database/ENERGY
2026-09-29T01:57:32-10:00  ▸  SUMMARY=delta2 soc=78% solar=0W ac_out=0W usbc=29W src=api db=ok
2026-09-29T01:57:32-10:00job:sys_stats_cycle RUN  bash "/home/rootrecord/RootRecord-Ecosystem/1 - Servers/1 - RootRecord-Pacific-Solar-Server/System/scripts/sys-sample.sh"
2026-09-29T01:57:33-10:00job:sys_stats_cycle | SYSTEM  cpu=16%  load=0.74  mem=60%  src=sqlite
2026-09-29T01:57:33-10:00job:sys_stats_cycle | OK wrote /home/rootrecord/RootRecord-Ecosystem/2 - RootRecord-Database/SYSTEM/samples/sys-20260929-015732.json
2026-09-29T01:58:02-10:00job:github_sync_all | — [pacific] no local changes
2026-09-29T01:58:02-10:00job:github_sync_all | ↓ [pacific] fetching origin/main
2026-09-29T01:58:02-10:00job:github_sync_all | From github.com:RootRecord-Software-Solutions/RootRecord-Pacific-Solar-Server
2026-09-29T01:58:02-10:00job:github_sync_all | * branch            main       -> FETCH_HEAD
2026-09-29T01:58:02-10:00job:github_sync_all | — [pacific] local and GitHub already match
2026-09-29T01:58:02-10:00job:github_sync_all | — [pacific] nothing to push
2026-09-29T01:58:02-10:00job:github_sync_all | ↑ [database] committed 13 local file(s)
2026-09-29T01:58:02-10:00job:github_sync_all | ↓ [database] fetching origin/main
2026-09-29T01:58:02-10:00job:github_sync_all | From github.com:RootRecord-Software-Solutions/RootRecord-Database
2026-09-29T01:58:02-10:00job:github_sync_all | * branch            main       -> FETCH_HEAD
2026-09-29T01:58:02-10:00job:github_sync_all | ↑ [database] local is ahead of GitHub
2026-09-29T01:58:02-10:00job:github_sync_all | To github.com:RootRecord-Software-Solutions/RootRecord-Database.git
2026-09-29T01:58:02-10:00job:github_sync_all | 9ae24e9..73ce1c2  HEAD -> main
2026-09-29T01:58:02-10:00job:github_sync_all | branch 'main' set up to track 'origin/main'.
2026-09-29T01:58:02-10:00job:github_sync_all | ↑ [database] 13 files → RootRecord-Software-Solutions/RootRecord-Database (main)
2026-09-29T01:58:02-10:00job:github_sync_all | — [library] no local changes
2026-09-29T01:58:02-10:00job:github_sync_all | ↓ [library] fetching origin/main
2026-09-29T01:58:02-10:00job:github_sync_all | From github.com:RootRecord-Software-Solutions/RootRecord-Library
2026-09-29T01:58:02-10:00job:github_sync_all | * branch            main       -> FETCH_HEAD
2026-09-29T01:58:02-10:00job:github_sync_all | — [library] local and GitHub already match
2026-09-29T01:58:02-10:00job:github_sync_all | — [library] nothing to push
2026-09-29T01:58:02-10:00job:github_sync_all | — [skills] no local changes
2026-09-29T01:58:02-10:00job:github_sync_all | ↓ [skills] fetching origin/main
2026-09-29T01:58:02-10:00job:github_sync_all | From github.com:rootrecordsoftwaresolutions/Solar-Pacific-RootRecord-Server
2026-09-29T01:58:02-10:00job:github_sync_all | * branch            main       -> FETCH_HEAD
2026-09-29T01:58:02-10:00job:github_sync_all | — [skills] local and GitHub already match
2026-09-29T01:58:02-10:00job:github_sync_all | — [skills] nothing to push
2026-09-29T01:58:02-10:00job:security_camera_frame_grab RUN  bash "/home/rootrecord/RootRecord-Ecosystem/1 - Servers/1 - RootRecord-Pacific-Solar-Server/Security/Cameras/grab_all.sh"
2026-09-29T01:58:15-10:00job:security_camera_frame_grab | 01:58:03  📷  a-eyes  ch1 → ch1-20260929T115803Z.jpg  (304.9 KB, 4.51s)
2026-09-29T01:58:15-10:00job:security_camera_frame_grab | 01:58:07  📷  a-eyes  ch2 → ch2-20260929T115807Z.jpg  (350.0 KB, 4.48s)
2026-09-29T01:58:15-10:00job:security_camera_frame_grab | 01:58:12  📷  a-eyes  ch3 → ch3-20260929T115812Z.jpg  (11.9 KB, 1.92s)
2026-09-29T01:58:15-10:00job:security_camera_frame_grab | 01:58:13  📷  a-eyes  ch4 → ch4-20260929T115813Z.jpg  (12.0 KB, 1.72s)
2026-09-29T01:58:16-10:00  ▸  SUMMARY=river2pro soc=0% solar=0W ac_out=73W usbc=95W src=api db=ok
2026-09-29T01:58:16-10:00job:sys_stats_cycle RUN  bash "/home/rootrecord/RootRecord-Ecosystem/1 - Servers/1 - RootRecord-Pacific-Solar-Server/System/scripts/sys-sample.sh"
2026-09-29T01:58:17-10:00job:sys_stats_cycle | SYSTEM  cpu=13%  load=1.36  mem=61%  src=sqlite
2026-09-29T01:58:17-10:00job:sys_stats_cycle | OK wrote /home/rootrecord/RootRecord-Ecosystem/2 - RootRecord-Database/SYSTEM/samples/sys-20260929-015817.json
2026-09-29T01:58:41-10:00job:github_sync_all | — [pacific] no local changes
2026-09-29T01:58:41-10:00job:github_sync_all | ↓ [pacific] fetching origin/main
2026-09-29T01:58:41-10:00job:github_sync_all | From github.com:RootRecord-Software-Solutions/RootRecord-Pacific-Solar-Server
2026-09-29T01:58:41-10:00job:github_sync_all | * branch            main       -> FETCH_HEAD
2026-09-29T01:58:41-10:00job:github_sync_all | — [pacific] local and GitHub already match
2026-09-29T01:58:41-10:00job:github_sync_all | — [pacific] nothing to push
2026-09-29T01:58:41-10:00job:github_sync_all | ↑ [database] committed 12 local file(s)
2026-09-29T01:58:41-10:00job:github_sync_all | ↓ [database] fetching origin/main
2026-09-29T01:58:41-10:00job:github_sync_all | From github.com:RootRecord-Software-Solutions/RootRecord-Database
2026-09-29T01:58:41-10:00job:github_sync_all | * branch            main       -> FETCH_HEAD
2026-09-29T01:58:41-10:00job:github_sync_all | ↑ [database] local is ahead of GitHub
2026-09-29T01:58:41-10:00job:github_sync_all | To github.com:RootRecord-Software-Solutions/RootRecord-Database.git
2026-09-29T01:58:41-10:00job:github_sync_all | 73ce1c2..2a922a7  HEAD -> main
2026-09-29T01:58:41-10:00job:github_sync_all | branch 'main' set up to track 'origin/main'.
2026-09-29T01:58:41-10:00job:github_sync_all | ↑ [database] 12 files → RootRecord-Software-Solutions/RootRecord-Database (main)
2026-09-29T01:58:41-10:00job:github_sync_all | — [library] no local changes
2026-09-29T01:58:41-10:00job:github_sync_all | ↓ [library] fetching origin/main
2026-09-29T01:58:41-10:00job:github_sync_all | From github.com:RootRecord-Software-Solutions/RootRecord-Library
2026-09-29T01:58:41-10:00job:github_sync_all | * branch            main       -> FETCH_HEAD
2026-09-29T01:58:41-10:00job:github_sync_all | — [library] local and GitHub already match
2026-09-29T01:58:41-10:00job:github_sync_all | — [library] nothing to push
2026-09-29T01:58:41-10:00job:github_sync_all | — [skills] no local changes
2026-09-29T01:58:41-10:00job:github_sync_all | ↓ [skills] fetching origin/main
2026-09-29T01:58:41-10:00job:github_sync_all | From github.com:rootrecordsoftwaresolutions/Solar-Pacific-RootRecord-Server
2026-09-29T01:58:41-10:00job:github_sync_all | * branch            main       -> FETCH_HEAD
2026-09-29T01:58:41-10:00job:github_sync_all | — [skills] local and GitHub already match
2026-09-29T01:58:41-10:00job:github_sync_all | — [skills] nothing to push
2026-09-29T01:58:41-10:00job:worklog_scan RUN  bash "/home/rootrecord/RootRecord-Ecosystem/1 - Servers/1 - RootRecord-Pacific-Solar-Server/Reports/scripts/worklog_once.sh"
2026-09-29T01:58:44-10:00job:worklog_scan | OK wrote/updated /home/rootrecord/RootRecord-Ecosystem/2 - RootRecord-Database/WORKLOG/worklog_current.md
2026-09-29T01:58:44-10:00job:security_camera_frame_grab RUN  bash "/home/rootrecord/RootRecord-Ecosystem/1 - Servers/1 - RootRecord-Pacific-Solar-Server/Security/Cameras/grab_all.sh"
2026-09-29T01:58:56-10:00job:security_camera_frame_grab | 01:58:44  📷  a-eyes  ch1 → ch1-20260929T115844Z.jpg  (301.2 KB, 4.53s)
2026-09-29T01:58:56-10:00job:security_camera_frame_grab | 01:58:49  📷  a-eyes  ch2 → ch2-20260929T115849Z.jpg  (351.3 KB, 4.37s)
2026-09-29T01:58:56-10:00job:security_camera_frame_grab | 01:58:53  📷  a-eyes  ch3 → ch3-20260929T115853Z.jpg  (12.0 KB, 1.66s)
2026-09-29T01:58:56-10:00job:security_camera_frame_grab | 01:58:55  📷  a-eyes  ch4 → ch4-20260929T115855Z.jpg  (12.0 KB, 1.66s)
2026-09-29T01:58:57-10:00ENERGY  status=live  B2=78%  B1=0%  solar=0 W  ac=0 W  usbc=29 W  src=/home/rootrecord/RootRecord-Ecosystem/2 - RootRecord-Database/ENERGY
2026-09-29T01:58:58-10:00  ▸  SUMMARY=river2pro soc=0% solar=0W ac_out=73W usbc=95W src=api db=ok
2026-09-29T01:58:58-10:00job:sys_stats_cycle RUN  bash "/home/rootrecord/RootRecord-Ecosystem/1 - Servers/1 - RootRecord-Pacific-Solar-Server/System/scripts/sys-sample.sh"
2026-09-29T01:58:58-10:00job:sys_stats_cycle | SYSTEM  cpu=16%  load=1.24  mem=61%  src=sqlite
2026-09-29T01:58:58-10:00job:sys_stats_cycle | OK wrote /home/rootrecord/RootRecord-Ecosystem/2 - RootRecord-Database/SYSTEM/samples/sys-20260929-015858.json
2026-09-29T01:59:25-10:00job:github_sync_all | — [pacific] no local changes
2026-09-29T01:59:25-10:00job:github_sync_all | ↓ [pacific] fetching origin/main
2026-09-29T01:59:25-10:00job:github_sync_all | From github.com:RootRecord-Software-Solutions/RootRecord-Pacific-Solar-Server
2026-09-29T01:59:25-10:00job:github_sync_all | * branch            main       -> FETCH_HEAD
2026-09-29T01:59:25-10:00job:github_sync_all | — [pacific] local and GitHub already match
2026-09-29T01:59:25-10:00job:github_sync_all | — [pacific] nothing to push
2026-09-29T01:59:25-10:00job:github_sync_all | ↑ [database] committed 15 local file(s)
2026-09-29T01:59:25-10:00job:github_sync_all | ↓ [database] fetching origin/main
2026-09-29T01:59:25-10:00job:github_sync_all | From github.com:RootRecord-Software-Solutions/RootRecord-Database
2026-09-29T01:59:25-10:00job:github_sync_all | * branch            main       -> FETCH_HEAD
2026-09-29T01:59:25-10:00job:github_sync_all | ↑ [database] local is ahead of GitHub
2026-09-29T01:59:25-10:00job:github_sync_all | To github.com:RootRecord-Software-Solutions/RootRecord-Database.git
2026-09-29T01:59:25-10:00job:github_sync_all | 2a922a7..2273ce7  HEAD -> main
2026-09-29T01:59:25-10:00job:github_sync_all | branch 'main' set up to track 'origin/main'.
2026-09-29T01:59:25-10:00job:github_sync_all | ↑ [database] 15 files → RootRecord-Software-Solutions/RootRecord-Database (main)
2026-09-29T01:59:25-10:00job:github_sync_all | — [library] no local changes
2026-09-29T01:59:25-10:00job:github_sync_all | ↓ [library] fetching origin/main
2026-09-29T01:59:25-10:00job:github_sync_all | From github.com:RootRecord-Software-Solutions/RootRecord-Library
2026-09-29T01:59:25-10:00job:github_sync_all | * branch            main       -> FETCH_HEAD
2026-09-29T01:59:25-10:00job:github_sync_all | — [library] local and GitHub already match
2026-09-29T01:59:25-10:00job:github_sync_all | — [library] nothing to push
2026-09-29T01:59:25-10:00job:github_sync_all | — [skills] no local changes
2026-09-29T01:59:25-10:00job:github_sync_all | ↓ [skills] fetching origin/main
2026-09-29T01:59:25-10:00job:github_sync_all | From github.com:rootrecordsoftwaresolutions/Solar-Pacific-RootRecord-Server
2026-09-29T01:59:25-10:00job:github_sync_all | * branch            main       -> FETCH_HEAD
2026-09-29T01:59:25-10:00job:github_sync_all | — [skills] local and GitHub already match
2026-09-29T01:59:25-10:00job:github_sync_all | — [skills] nothing to push
2026-09-29T01:59:25-10:00job:security_camera_frame_grab RUN  bash "/home/rootrecord/RootRecord-Ecosystem/1 - Servers/1 - RootRecord-Pacific-Solar-Server/Security/Cameras/grab_all.sh"
2026-09-29T01:59:37-10:00job:security_camera_frame_grab | 01:59:25  📷  a-eyes  ch1 → ch1-20260929T115925Z.jpg  (301.4 KB, 4.46s)
2026-09-29T01:59:37-10:00job:security_camera_frame_grab | 01:59:30  📷  a-eyes  ch2 → ch2-20260929T115930Z.jpg  (346.4 KB, 4.47s)
2026-09-29T01:59:37-10:00job:security_camera_frame_grab | 01:59:34  📷  a-eyes  ch3 → ch3-20260929T115934Z.jpg  (12.0 KB, 1.50s)
2026-09-29T01:59:37-10:00job:security_camera_frame_grab | 01:59:36  📷  a-eyes  ch4 → ch4-20260929T115936Z.jpg  (12.0 KB, 1.61s)
2026-09-29T01:59:39-10:00  ▸  SUMMARY=river2pro soc=0% solar=0W ac_out=73W usbc=95W src=api db=ok
2026-09-29T01:59:39-10:00job:sys_stats_cycle RUN  bash "/home/rootrecord/RootRecord-Ecosystem/1 - Servers/1 - RootRecord-Pacific-Solar-Server/System/scripts/sys-sample.sh"
2026-09-29T01:59:39-10:00job:sys_stats_cycle | SYSTEM  cpu=15%  load=1.25  mem=60%  src=sqlite
2026-09-29T01:59:39-10:00job:sys_stats_cycle | OK wrote /home/rootrecord/RootRecord-Ecosystem/2 - RootRecord-Database/SYSTEM/samples/sys-20260929-015939.json
2026-09-29T02:00:08-10:00job:github_sync_all | ↑ [pacific] committed 1 local file(s)
2026-09-29T02:00:08-10:00job:github_sync_all | ↓ [pacific] fetching origin/main
2026-09-29T02:00:08-10:00job:github_sync_all | From github.com:RootRecord-Software-Solutions/RootRecord-Pacific-Solar-Server
2026-09-29T02:00:08-10:00job:github_sync_all | * branch            main       -> FETCH_HEAD
2026-09-29T02:00:08-10:00job:github_sync_all | ↑ [pacific] local is ahead of GitHub
2026-09-29T02:00:08-10:00job:github_sync_all | To github.com:RootRecord-Software-Solutions/RootRecord-Pacific-Solar-Server.git
2026-09-29T02:00:08-10:00job:github_sync_all | b3754fb..cd3ae63  HEAD -> main
2026-09-29T02:00:08-10:00job:github_sync_all | branch 'main' set up to track 'origin/main'.
2026-09-29T02:00:08-10:00job:github_sync_all | ↑ [pacific] 1 files → RootRecord-Software-Solutions/RootRecord-Pacific-Solar-Server (main)
2026-09-29T02:00:08-10:00job:github_sync_all | ↑ [database] committed 12 local file(s)
2026-09-29T02:00:08-10:00job:github_sync_all | ↓ [database] fetching origin/main
2026-09-29T02:00:08-10:00job:github_sync_all | From github.com:RootRecord-Software-Solutions/RootRecord-Database
2026-09-29T02:00:08-10:00job:github_sync_all | * branch            main       -> FETCH_HEAD
2026-09-29T02:00:08-10:00job:github_sync_all | ↑ [database] local is ahead of GitHub
2026-09-29T02:00:08-10:00job:github_sync_all | To github.com:RootRecord-Software-Solutions/RootRecord-Database.git
2026-09-29T02:00:08-10:00job:github_sync_all | 2273ce7..898d607  HEAD -> main
2026-09-29T02:00:08-10:00job:github_sync_all | branch 'main' set up to track 'origin/main'.
2026-09-29T02:00:08-10:00job:github_sync_all | ↑ [database] 12 files → RootRecord-Software-Solutions/RootRecord-Database (main)
2026-09-29T02:00:08-10:00job:github_sync_all | — [library] no local changes
2026-09-29T02:00:08-10:00job:github_sync_all | ↓ [library] fetching origin/main
2026-09-29T02:00:08-10:00job:github_sync_all | From github.com:RootRecord-Software-Solutions/RootRecord-Library
2026-09-29T02:00:08-10:00job:github_sync_all | * branch            main       -> FETCH_HEAD
2026-09-29T02:00:08-10:00job:github_sync_all | — [library] local and GitHub already match
2026-09-29T02:00:08-10:00job:github_sync_all | — [library] nothing to push
2026-09-29T02:00:08-10:00job:github_sync_all | — [skills] no local changes
2026-09-29T02:00:08-10:00job:github_sync_all | ↓ [skills] fetching origin/main
2026-09-29T02:00:08-10:00job:github_sync_all | From github.com:rootrecordsoftwaresolutions/Solar-Pacific-RootRecord-Server
2026-09-29T02:00:08-10:00job:github_sync_all | * branch            main       -> FETCH_HEAD
2026-09-29T02:00:08-10:00job:github_sync_all | — [skills] local and GitHub already match
2026-09-29T02:00:08-10:00job:github_sync_all | — [skills] nothing to push
2026-09-29T02:00:08-10:00job:security_camera_frame_grab RUN  bash "/home/rootrecord/RootRecord-Ecosystem/1 - Servers/1 - RootRecord-Pacific-Solar-Server/Security/Cameras/grab_all.sh"
2026-09-29T02:00:21-10:00job:security_camera_frame_grab | 02:00:08  📷  a-eyes  ch1 → ch1-20260929T120008Z.jpg  (294.6 KB, 4.55s)
2026-09-29T02:00:21-10:00job:security_camera_frame_grab | 02:00:13  📷  a-eyes  ch2 → ch2-20260929T120013Z.jpg  (346.0 KB, 4.48s)
2026-09-29T02:00:21-10:00job:security_camera_frame_grab | 02:00:17  📷  a-eyes  ch3 → ch3-20260929T120017Z.jpg  (11.9 KB, 1.71s)
2026-09-29T02:00:21-10:00job:security_camera_frame_grab | 02:00:19  📷  a-eyes  ch4 → ch4-20260929T120019Z.jpg  (12.0 KB, 1.82s)
2026-09-29T02:00:21-10:00ENERGY  status=live  B2=78%  B1=0%  solar=0 W  ac=0 W  usbc=29 W  src=/home/rootrecord/RootRecord-Ecosystem/2 - RootRecord-Database/ENERGY
2026-09-29T02:00:22-10:00  ▸  SUMMARY=delta2 soc=78% solar=0W ac_out=0W usbc=29W src=api db=ok
2026-09-29T02:00:22-10:00job:sys_stats_cycle RUN  bash "/home/rootrecord/RootRecord-Ecosystem/1 - Servers/1 - RootRecord-Pacific-Solar-Server/System/scripts/sys-sample.sh"
2026-09-29T02:00:23-10:00job:sys_stats_cycle | SYSTEM  cpu=15%  load=1.35  mem=60%  src=sqlite
2026-09-29T02:00:23-10:00job:sys_stats_cycle | OK wrote /home/rootrecord/RootRecord-Ecosystem/2 - RootRecord-Database/SYSTEM/samples/sys-20260929-020022.json
2026-09-29T02:00:48-10:00job:github_sync_all | — [pacific] no local changes
2026-09-29T02:00:48-10:00job:github_sync_all | ↓ [pacific] fetching origin/main
2026-09-29T02:00:48-10:00job:github_sync_all | From github.com:RootRecord-Software-Solutions/RootRecord-Pacific-Solar-Server
2026-09-29T02:00:48-10:00job:github_sync_all | * branch            main       -> FETCH_HEAD
2026-09-29T02:00:48-10:00job:github_sync_all | — [pacific] local and GitHub already match
2026-09-29T02:00:48-10:00job:github_sync_all | — [pacific] nothing to push
2026-09-29T02:00:48-10:00job:github_sync_all | ↑ [database] committed 15 local file(s)
2026-09-29T02:00:48-10:00job:github_sync_all | ↓ [database] fetching origin/main
2026-09-29T02:00:48-10:00job:github_sync_all | From github.com:RootRecord-Software-Solutions/RootRecord-Database
2026-09-29T02:00:48-10:00job:github_sync_all | * branch            main       -> FETCH_HEAD
2026-09-29T02:00:48-10:00job:github_sync_all | ↑ [database] local is ahead of GitHub
2026-09-29T02:00:48-10:00job:github_sync_all | To github.com:RootRecord-Software-Solutions/RootRecord-Database.git
2026-09-29T02:00:48-10:00job:github_sync_all | 898d607..4ff8799  HEAD -> main
2026-09-29T02:00:48-10:00job:github_sync_all | branch 'main' set up to track 'origin/main'.
2026-09-29T02:00:48-10:00job:github_sync_all | ↑ [database] 15 files → RootRecord-Software-Solutions/RootRecord-Database (main)
2026-09-29T02:00:48-10:00job:github_sync_all | — [library] no local changes
2026-09-29T02:00:48-10:00job:github_sync_all | ↓ [library] fetching origin/main
2026-09-29T02:00:48-10:00job:github_sync_all | From github.com:RootRecord-Software-Solutions/RootRecord-Library
2026-09-29T02:00:48-10:00job:github_sync_all | * branch            main       -> FETCH_HEAD
2026-09-29T02:00:48-10:00job:github_sync_all | — [library] local and GitHub already match
2026-09-29T02:00:48-10:00job:github_sync_all | — [library] nothing to push
2026-09-29T02:00:48-10:00job:github_sync_all | — [skills] no local changes
2026-09-29T02:00:48-10:00job:github_sync_all | ↓ [skills] fetching origin/main
2026-09-29T02:00:48-10:00job:github_sync_all | From github.com:rootrecordsoftwaresolutions/Solar-Pacific-RootRecord-Server
2026-09-29T02:00:48-10:00job:github_sync_all | * branch            main       -> FETCH_HEAD
2026-09-29T02:00:48-10:00job:github_sync_all | — [skills] local and GitHub already match
2026-09-29T02:00:48-10:00job:github_sync_all | — [skills] nothing to push
2026-09-29T02:00:48-10:00job:worklog_scan RUN  bash "/home/rootrecord/RootRecord-Ecosystem/1 - Servers/1 - RootRecord-Pacific-Solar-Server/Reports/scripts/worklog_once.sh"
2026-09-29T02:00:53-10:00job:worklog_scan | OK wrote/updated /home/rootrecord/RootRecord-Ecosystem/2 - RootRecord-Database/WORKLOG/worklog_current.md
2026-09-29T02:00:53-10:00job:security_camera_frame_grab RUN  bash "/home/rootrecord/RootRecord-Ecosystem/1 - Servers/1 - RootRecord-Pacific-Solar-Server/Security/Cameras/grab_all.sh"
2026-09-29T02:01:06-10:00job:security_camera_frame_grab | 02:00:53  📷  a-eyes  ch1 → ch1-20260929T120053Z.jpg  (301.7 KB, 4.46s)
2026-09-29T02:01:06-10:00job:security_camera_frame_grab | 02:00:58  📷  a-eyes  ch2 → ch2-20260929T120058Z.jpg  (343.9 KB, 4.38s)
2026-09-29T02:01:06-10:00job:security_camera_frame_grab | 02:01:02  📷  a-eyes  ch3 → ch3-20260929T120102Z.jpg  (11.9 KB, 1.53s)
2026-09-29T02:01:06-10:00job:security_camera_frame_grab | 02:01:04  📷  a-eyes  ch4 → ch4-20260929T120104Z.jpg  (11.9 KB, 1.89s)
2026-09-29T02:01:06-10:00job:automations_log_hourly_archive RUN  bash "/home/rootrecord/RootRecord-Ecosystem/1 - Servers/1 - RootRecord-Pacific-Solar-Server/Automations/scripts/archive_automations_log_hourly.sh"
