2026-09-30T13:01:42-10:00job:automations_log_hourly_archive OK
2026-09-30T13:01:42-10:00job:security_timelapse_hourly_compile RUN  bash "/home/rootrecord/RootRecord-Ecosystem/1 - Servers/1 - RootRecord-Pacific-Solar-Server/Security/Cameras/timelapse_hourly.sh"
2026-09-30T13:01:51-10:00job:security_timelapse_hourly_compile | 13:01:51  🎬  a-eyes-timelapse  hour 12 → hour_12.mp4  (25 frames, 12.86s)
2026-09-30T13:01:51-10:00job:security_timelapse_hourly_compile | 13:01:51  🎬  a-eyes-timelapse  hour 12 frames archived → /home/rootrecord/RootRecord-Ecosystem/2 - RootRecord-Database/Media/Timelapses/_archive/20260930/hour_12
2026-09-30T13:01:51-10:00ENERGY  status=live  B2=11.9%  B1=79.4%  solar=85 W  ac=79 W  usbc=74 W  src=/home/rootrecord/RootRecord-Ecosystem/2 - RootRecord-Database/Energy  LAP=100%/Full/AC
2026-09-30T13:02:06-10:00  ▸  SUMMARY=delta2 soc=11.95% solar=98W ac_out=— usbc=75W src=ble db=ok
2026-09-30T13:02:06-10:00job:sys_stats_cycle RUN  bash "/home/rootrecord/RootRecord-Ecosystem/1 - Servers/1 - RootRecord-Pacific-Solar-Server/System/scripts/sys-sample.sh"
2026-09-30T13:02:07-10:00job:sys_stats_cycle | SYSTEM  cpu=8%  load=2.14  mem=68%  src=sqlite
2026-09-30T13:02:07-10:00job:sys_stats_cycle | OK wrote /home/rootrecord/RootRecord-Ecosystem/2 - RootRecord-Database/System/samples/sys-20260930-130207.json
2026-09-30T13:02:40-10:00job:github_sync_all | — [ecosystem] no committable local changes
2026-09-30T13:02:40-10:00job:github_sync_all | ↓ [ecosystem] fetching origin/main
2026-09-30T13:02:40-10:00job:github_sync_all | From github.com:RootRecord-Software-Solutions/RootRecord-Ecosystem
2026-09-30T13:02:40-10:00job:github_sync_all | * branch            main       -> FETCH_HEAD
2026-09-30T13:02:40-10:00job:github_sync_all | — [ecosystem] local and GitHub already match
2026-09-30T13:02:40-10:00job:github_sync_all | — [ecosystem] nothing to push
2026-09-30T13:02:40-10:00job:github_sync_all | — [pacific] no local changes
2026-09-30T13:02:40-10:00job:github_sync_all | ↓ [pacific] fetching origin/main
2026-09-30T13:02:40-10:00job:github_sync_all | From github.com:RootRecord-Software-Solutions/RootRecord-Pacific-Solar-Server
2026-09-30T13:02:40-10:00job:github_sync_all | * branch            main       -> FETCH_HEAD
2026-09-30T13:02:40-10:00job:github_sync_all | — [pacific] local and GitHub already match
2026-09-30T13:02:40-10:00job:github_sync_all | — [pacific] nothing to push
2026-09-30T13:02:40-10:00job:github_sync_all | ↑ [database] committed 19 local file(s)
2026-09-30T13:02:40-10:00job:github_sync_all | ↓ [database] fetching origin/main
2026-09-30T13:02:40-10:00job:github_sync_all | From github.com:RootRecord-Software-Solutions/RootRecord-Database
2026-09-30T13:02:40-10:00job:github_sync_all | * branch            main       -> FETCH_HEAD
2026-09-30T13:02:40-10:00job:github_sync_all | ↑ [database] local is ahead of GitHub
2026-09-30T13:02:40-10:00job:github_sync_all | To github.com:RootRecord-Software-Solutions/RootRecord-Database.git
2026-09-30T13:02:40-10:00job:github_sync_all | 9d0a934..70ded19  HEAD -> main
2026-09-30T13:02:40-10:00job:github_sync_all | branch 'main' set up to track 'origin/main'.
2026-09-30T13:02:40-10:00job:github_sync_all | ↑ [database] 19 files → RootRecord-Software-Solutions/RootRecord-Database (main)
2026-09-30T13:02:40-10:00job:github_sync_all | — [library] no local changes
2026-09-30T13:02:40-10:00job:github_sync_all | ↓ [library] fetching origin/main
2026-09-30T13:02:40-10:00job:github_sync_all | From github.com:RootRecord-Software-Solutions/RootRecord-Library
2026-09-30T13:02:40-10:00job:github_sync_all | * branch            main       -> FETCH_HEAD
2026-09-30T13:02:40-10:00job:github_sync_all | — [library] local and GitHub already match
2026-09-30T13:02:40-10:00job:github_sync_all | — [library] nothing to push
2026-09-30T13:02:40-10:00job:github_sync_all | — [skills] no local changes
2026-09-30T13:02:40-10:00job:github_sync_all | ↓ [skills] fetching origin/main
2026-09-30T13:02:40-10:00job:github_sync_all | From github.com:rootrecordsoftwaresolutions/Solar-Pacific-RootRecord-Server
2026-09-30T13:02:40-10:00job:github_sync_all | * branch            main       -> FETCH_HEAD
2026-09-30T13:02:40-10:00job:github_sync_all | — [skills] local and GitHub already match
2026-09-30T13:02:40-10:00job:github_sync_all | — [skills] nothing to push
2026-09-30T13:02:40-10:00job:worklog_scan RUN  bash "/home/rootrecord/RootRecord-Ecosystem/1 - Servers/1 - RootRecord-Pacific-Solar-Server/Reports/scripts/worklog_once.sh"
2026-09-30T13:02:44-10:00job:worklog_scan | OK wrote/updated /home/rootrecord/RootRecord-Ecosystem/2 - RootRecord-Database/Worklog/worklog_current.md
2026-09-30T13:02:44-10:00job:security_camera_frame_grab RUN  bash "/home/rootrecord/RootRecord-Ecosystem/1 - Servers/1 - RootRecord-Pacific-Solar-Server/Security/Cameras/grab_all.sh"
2026-09-30T13:02:59-10:00job:security_camera_frame_grab | 13:02:44  📷  a-eyes  ch1 → ch1-20260930T230244Z.jpg  (511.2 KB, 4.43s)
2026-09-30T13:02:59-10:00job:security_camera_frame_grab | 13:02:49  📷  a-eyes  ch2 → ch2-20260930T230249Z.jpg  (300.6 KB, 4.26s)
2026-09-30T13:02:59-10:00job:security_camera_frame_grab | 13:02:53  📷  a-eyes  ch3 → ch3-20260930T230253Z.jpg  (411.9 KB, 4.48s)
2026-09-30T13:02:59-10:00job:security_camera_frame_grab | 13:02:57  📷  a-eyes  ch4 → ch4-20260930T230257Z.jpg  (11.8 KB, 1.71s)
2026-09-30T13:03:00-10:00ENERGY  status=live  B2=11.9%  B1=79.4%  solar=98 W  ac=79 W  usbc=75 W  src=/home/rootrecord/RootRecord-Ecosystem/2 - RootRecord-Database/Energy  LAP=100%/Full/AC
2026-09-30T13:03:14-10:00  ▸  SUMMARY=delta2 soc=11.95% solar=91W ac_out=— usbc=69W src=ble db=ok
2026-09-30T13:03:14-10:00job:sys_stats_cycle RUN  bash "/home/rootrecord/RootRecord-Ecosystem/1 - Servers/1 - RootRecord-Pacific-Solar-Server/System/scripts/sys-sample.sh"
2026-09-30T13:03:15-10:00job:sys_stats_cycle | SYSTEM  cpu=10%  load=1.44  mem=69%  src=sqlite
2026-09-30T13:03:15-10:00job:sys_stats_cycle | OK wrote /home/rootrecord/RootRecord-Ecosystem/2 - RootRecord-Database/System/samples/sys-20260930-130315.json
2026-09-30T13:03:47-10:00job:github_sync_all | — [ecosystem] no committable local changes
2026-09-30T13:03:47-10:00job:github_sync_all | ↓ [ecosystem] fetching origin/main
2026-09-30T13:03:47-10:00job:github_sync_all | From github.com:RootRecord-Software-Solutions/RootRecord-Ecosystem
2026-09-30T13:03:47-10:00job:github_sync_all | * branch            main       -> FETCH_HEAD
2026-09-30T13:03:47-10:00job:github_sync_all | — [ecosystem] local and GitHub already match
2026-09-30T13:03:47-10:00job:github_sync_all | — [ecosystem] nothing to push
2026-09-30T13:03:47-10:00job:github_sync_all | — [pacific] no local changes
2026-09-30T13:03:47-10:00job:github_sync_all | ↓ [pacific] fetching origin/main
2026-09-30T13:03:47-10:00job:github_sync_all | From github.com:RootRecord-Software-Solutions/RootRecord-Pacific-Solar-Server
2026-09-30T13:03:47-10:00job:github_sync_all | * branch            main       -> FETCH_HEAD
2026-09-30T13:03:47-10:00job:github_sync_all | — [pacific] local and GitHub already match
2026-09-30T13:03:47-10:00job:github_sync_all | — [pacific] nothing to push
2026-09-30T13:03:47-10:00job:github_sync_all | ↑ [database] committed 15 local file(s)
2026-09-30T13:03:47-10:00job:github_sync_all | ↓ [database] fetching origin/main
2026-09-30T13:03:47-10:00job:github_sync_all | From github.com:RootRecord-Software-Solutions/RootRecord-Database
2026-09-30T13:03:47-10:00job:github_sync_all | * branch            main       -> FETCH_HEAD
2026-09-30T13:03:47-10:00job:github_sync_all | ↑ [database] local is ahead of GitHub
2026-09-30T13:03:47-10:00job:github_sync_all | To github.com:RootRecord-Software-Solutions/RootRecord-Database.git
2026-09-30T13:03:47-10:00job:github_sync_all | 70ded19..8fd90bc  HEAD -> main
2026-09-30T13:03:47-10:00job:github_sync_all | branch 'main' set up to track 'origin/main'.
2026-09-30T13:03:47-10:00job:github_sync_all | ↑ [database] 15 files → RootRecord-Software-Solutions/RootRecord-Database (main)
2026-09-30T13:03:47-10:00job:github_sync_all | — [library] no local changes
2026-09-30T13:03:47-10:00job:github_sync_all | ↓ [library] fetching origin/main
2026-09-30T13:03:47-10:00job:github_sync_all | From github.com:RootRecord-Software-Solutions/RootRecord-Library
2026-09-30T13:03:47-10:00job:github_sync_all | * branch            main       -> FETCH_HEAD
2026-09-30T13:03:47-10:00job:github_sync_all | — [library] local and GitHub already match
2026-09-30T13:03:47-10:00job:github_sync_all | — [library] nothing to push
2026-09-30T13:03:47-10:00job:github_sync_all | — [skills] no local changes
2026-09-30T13:03:47-10:00job:github_sync_all | ↓ [skills] fetching origin/main
2026-09-30T13:03:47-10:00job:github_sync_all | From github.com:rootrecordsoftwaresolutions/Solar-Pacific-RootRecord-Server
2026-09-30T13:03:47-10:00job:github_sync_all | * branch            main       -> FETCH_HEAD
2026-09-30T13:03:47-10:00job:github_sync_all | — [skills] local and GitHub already match
2026-09-30T13:03:47-10:00job:github_sync_all | — [skills] nothing to push
2026-09-30T13:03:47-10:00job:security_camera_frame_grab RUN  bash "/home/rootrecord/RootRecord-Ecosystem/1 - Servers/1 - RootRecord-Pacific-Solar-Server/Security/Cameras/grab_all.sh"
2026-09-30T13:04:02-10:00job:security_camera_frame_grab | 13:03:47  📷  a-eyes  ch1 → ch1-20260930T230347Z.jpg  (495.2 KB, 4.42s)
2026-09-30T13:04:02-10:00job:security_camera_frame_grab | 13:03:51  📷  a-eyes  ch2 → ch2-20260930T230351Z.jpg  (303.9 KB, 4.51s)
2026-09-30T13:04:02-10:00job:security_camera_frame_grab | 13:03:56  📷  a-eyes  ch3 → ch3-20260930T230356Z.jpg  (409.6 KB, 4.76s)
2026-09-30T13:04:02-10:00job:security_camera_frame_grab | 13:04:00  📷  a-eyes  ch4 → ch4-20260930T230400Z.jpg  (11.7 KB, 1.58s)
2026-09-30T13:04:02-10:00job:service_supervisor RUN  bash "/home/rootrecord/RootRecord-Ecosystem/1 - Servers/1 - RootRecord-Pacific-Solar-Server/Automations/scripts/supervise-services.sh"
2026-09-30T13:04:02-10:00job:service_supervisor | [supervisor] weather alive pid=304140 304463 305661 305866 308654 309134 309348 309668 313159 392716 736568 775116 (act)
2026-09-30T13:04:02-10:00job:service_supervisor | [supervisor] relay alive pid=889569 (act)
2026-09-30T13:04:02-10:00ENERGY  status=live  B2=11.9%  B1=79.4%  solar=91 W  ac=79 W  usbc=69 W  src=/home/rootrecord/RootRecord-Ecosystem/2 - RootRecord-Database/Energy  LAP=100%/Full/AC
2026-09-30T13:04:17-10:00  ▸  SUMMARY=delta2 soc=11.95% solar=90W ac_out=— usbc=74W src=ble db=ok
2026-09-30T13:04:17-10:00job:sys_stats_cycle RUN  bash "/home/rootrecord/RootRecord-Ecosystem/1 - Servers/1 - RootRecord-Pacific-Solar-Server/System/scripts/sys-sample.sh"
2026-09-30T13:04:18-10:00job:sys_stats_cycle | SYSTEM  cpu=14%  load=1.47  mem=70%  src=sqlite
2026-09-30T13:04:18-10:00job:sys_stats_cycle | OK wrote /home/rootrecord/RootRecord-Ecosystem/2 - RootRecord-Database/System/samples/sys-20260930-130418.json
2026-09-30T13:04:51-10:00job:github_sync_all | — [ecosystem] no committable local changes
2026-09-30T13:04:51-10:00job:github_sync_all | ↓ [ecosystem] fetching origin/main
2026-09-30T13:04:51-10:00job:github_sync_all | From github.com:RootRecord-Software-Solutions/RootRecord-Ecosystem
2026-09-30T13:04:51-10:00job:github_sync_all | * branch            main       -> FETCH_HEAD
2026-09-30T13:04:51-10:00job:github_sync_all | — [ecosystem] local and GitHub already match
2026-09-30T13:04:51-10:00job:github_sync_all | — [ecosystem] nothing to push
2026-09-30T13:04:51-10:00job:github_sync_all | — [pacific] no local changes
2026-09-30T13:04:51-10:00job:github_sync_all | ↓ [pacific] fetching origin/main
2026-09-30T13:04:51-10:00job:github_sync_all | From github.com:RootRecord-Software-Solutions/RootRecord-Pacific-Solar-Server
2026-09-30T13:04:51-10:00job:github_sync_all | * branch            main       -> FETCH_HEAD
2026-09-30T13:04:51-10:00job:github_sync_all | — [pacific] local and GitHub already match
2026-09-30T13:04:51-10:00job:github_sync_all | — [pacific] nothing to push
2026-09-30T13:04:51-10:00job:github_sync_all | ↑ [database] committed 12 local file(s)
2026-09-30T13:04:51-10:00job:github_sync_all | ↓ [database] fetching origin/main
2026-09-30T13:04:51-10:00job:github_sync_all | From github.com:RootRecord-Software-Solutions/RootRecord-Database
2026-09-30T13:04:51-10:00job:github_sync_all | * branch            main       -> FETCH_HEAD
2026-09-30T13:04:51-10:00job:github_sync_all | ↑ [database] local is ahead of GitHub
2026-09-30T13:04:51-10:00job:github_sync_all | To github.com:RootRecord-Software-Solutions/RootRecord-Database.git
2026-09-30T13:04:51-10:00job:github_sync_all | 8fd90bc..3ea5085  HEAD -> main
2026-09-30T13:04:51-10:00job:github_sync_all | branch 'main' set up to track 'origin/main'.
2026-09-30T13:04:51-10:00job:github_sync_all | ↑ [database] 12 files → RootRecord-Software-Solutions/RootRecord-Database (main)
2026-09-30T13:04:51-10:00job:github_sync_all | — [library] no local changes
2026-09-30T13:04:51-10:00job:github_sync_all | ↓ [library] fetching origin/main
2026-09-30T13:04:51-10:00job:github_sync_all | From github.com:RootRecord-Software-Solutions/RootRecord-Library
2026-09-30T13:04:51-10:00job:github_sync_all | * branch            main       -> FETCH_HEAD
2026-09-30T13:04:51-10:00job:github_sync_all | — [library] local and GitHub already match
2026-09-30T13:04:51-10:00job:github_sync_all | — [library] nothing to push
2026-09-30T13:04:51-10:00job:github_sync_all | — [skills] no local changes
2026-09-30T13:04:51-10:00job:github_sync_all | ↓ [skills] fetching origin/main
2026-09-30T13:04:51-10:00job:github_sync_all | From github.com:rootrecordsoftwaresolutions/Solar-Pacific-RootRecord-Server
2026-09-30T13:04:51-10:00job:github_sync_all | * branch            main       -> FETCH_HEAD
2026-09-30T13:04:51-10:00job:github_sync_all | — [skills] local and GitHub already match
2026-09-30T13:04:51-10:00job:github_sync_all | — [skills] nothing to push
2026-09-30T13:04:51-10:00job:worklog_scan RUN  bash "/home/rootrecord/RootRecord-Ecosystem/1 - Servers/1 - RootRecord-Pacific-Solar-Server/Reports/scripts/worklog_once.sh"
2026-09-30T13:05:00-10:00job:worklog_scan | OK wrote/updated /home/rootrecord/RootRecord-Ecosystem/2 - RootRecord-Database/Worklog/worklog_current.md
2026-09-30T13:05:00-10:00job:security_camera_frame_grab RUN  bash "/home/rootrecord/RootRecord-Ecosystem/1 - Servers/1 - RootRecord-Pacific-Solar-Server/Security/Cameras/grab_all.sh"
2026-09-30T13:05:15-10:00job:security_camera_frame_grab | 13:05:00  📷  a-eyes  ch1 → ch1-20260930T230500Z.jpg  (498.7 KB, 4.56s)
2026-09-30T13:05:15-10:00job:security_camera_frame_grab | 13:05:05  📷  a-eyes  ch2 → ch2-20260930T230505Z.jpg  (305.4 KB, 4.29s)
2026-09-30T13:05:15-10:00job:security_camera_frame_grab | 13:05:09  📷  a-eyes  ch3 → ch3-20260930T230509Z.jpg  (396.4 KB, 4.34s)
2026-09-30T13:05:15-10:00job:security_camera_frame_grab | 13:05:14  📷  a-eyes  ch4 → ch4-20260930T230514Z.jpg  (11.7 KB, 1.59s)
2026-09-30T13:05:16-10:00ENERGY  status=live  B2=11.9%  B1=79.4%  solar=90 W  ac=79 W  usbc=74 W  src=/home/rootrecord/RootRecord-Ecosystem/2 - RootRecord-Database/Energy  LAP=100%/Full/AC
2026-09-30T13:05:31-10:00  ▸  SUMMARY=river2pro soc=78.55% solar=0W ac_out=84W usbc=0W src=ble db=ok
2026-09-30T13:05:31-10:00job:sys_stats_cycle RUN  bash "/home/rootrecord/RootRecord-Ecosystem/1 - Servers/1 - RootRecord-Pacific-Solar-Server/System/scripts/sys-sample.sh"
2026-09-30T13:05:32-10:00job:sys_stats_cycle | SYSTEM  cpu=26%  load=1.79  mem=78%  src=sqlite
2026-09-30T13:05:32-10:00job:sys_stats_cycle | OK wrote /home/rootrecord/RootRecord-Ecosystem/2 - RootRecord-Database/System/samples/sys-20260930-130531.json
2026-09-30T13:06:05-10:00job:github_sync_all | — [ecosystem] no committable local changes
2026-09-30T13:06:05-10:00job:github_sync_all | ↓ [ecosystem] fetching origin/main
2026-09-30T13:06:05-10:00job:github_sync_all | From github.com:RootRecord-Software-Solutions/RootRecord-Ecosystem
2026-09-30T13:06:05-10:00job:github_sync_all | * branch            main       -> FETCH_HEAD
2026-09-30T13:06:05-10:00job:github_sync_all | — [ecosystem] local and GitHub already match
2026-09-30T13:06:05-10:00job:github_sync_all | — [ecosystem] nothing to push
2026-09-30T13:06:05-10:00job:github_sync_all | — [pacific] no local changes
2026-09-30T13:06:05-10:00job:github_sync_all | ↓ [pacific] fetching origin/main
2026-09-30T13:06:05-10:00job:github_sync_all | From github.com:RootRecord-Software-Solutions/RootRecord-Pacific-Solar-Server
2026-09-30T13:06:05-10:00job:github_sync_all | * branch            main       -> FETCH_HEAD
2026-09-30T13:06:05-10:00job:github_sync_all | — [pacific] local and GitHub already match
2026-09-30T13:06:05-10:00job:github_sync_all | — [pacific] nothing to push
2026-09-30T13:06:05-10:00job:github_sync_all | ↑ [database] committed 16 local file(s)
2026-09-30T13:06:05-10:00job:github_sync_all | ↓ [database] fetching origin/main
2026-09-30T13:06:05-10:00job:github_sync_all | From github.com:RootRecord-Software-Solutions/RootRecord-Database
2026-09-30T13:06:05-10:00job:github_sync_all | * branch            main       -> FETCH_HEAD
2026-09-30T13:06:05-10:00job:github_sync_all | ↑ [database] local is ahead of GitHub
2026-09-30T13:06:05-10:00job:github_sync_all | To github.com:RootRecord-Software-Solutions/RootRecord-Database.git
2026-09-30T13:06:05-10:00job:github_sync_all | 3ea5085..2dfda03  HEAD -> main
2026-09-30T13:06:05-10:00job:github_sync_all | branch 'main' set up to track 'origin/main'.
2026-09-30T13:06:05-10:00job:github_sync_all | ↑ [database] 16 files → RootRecord-Software-Solutions/RootRecord-Database (main)
2026-09-30T13:06:05-10:00job:github_sync_all | — [library] no local changes
2026-09-30T13:06:05-10:00job:github_sync_all | ↓ [library] fetching origin/main
2026-09-30T13:06:05-10:00job:github_sync_all | From github.com:RootRecord-Software-Solutions/RootRecord-Library
2026-09-30T13:06:05-10:00job:github_sync_all | * branch            main       -> FETCH_HEAD
2026-09-30T13:06:05-10:00job:github_sync_all | — [library] local and GitHub already match
2026-09-30T13:06:05-10:00job:github_sync_all | — [library] nothing to push
2026-09-30T13:06:05-10:00job:github_sync_all | — [skills] no local changes
2026-09-30T13:06:05-10:00job:github_sync_all | ↓ [skills] fetching origin/main
2026-09-30T13:06:05-10:00job:github_sync_all | From github.com:rootrecordsoftwaresolutions/Solar-Pacific-RootRecord-Server
2026-09-30T13:06:05-10:00job:github_sync_all | * branch            main       -> FETCH_HEAD
2026-09-30T13:06:05-10:00job:github_sync_all | — [skills] local and GitHub already match
2026-09-30T13:06:05-10:00job:github_sync_all | — [skills] nothing to push
2026-09-30T13:06:05-10:00job:security_camera_frame_grab RUN  bash "/home/rootrecord/RootRecord-Ecosystem/1 - Servers/1 - RootRecord-Pacific-Solar-Server/Security/Cameras/grab_all.sh"
2026-09-30T13:06:20-10:00job:security_camera_frame_grab | 13:06:05  📷  a-eyes  ch1 → ch1-20260930T230605Z.jpg  (494.9 KB, 4.31s)
2026-09-30T13:06:20-10:00job:security_camera_frame_grab | 13:06:09  📷  a-eyes  ch2 → ch2-20260930T230609Z.jpg  (305.2 KB, 4.42s)
2026-09-30T13:06:20-10:00job:security_camera_frame_grab | 13:06:14  📷  a-eyes  ch3 → ch3-20260930T230614Z.jpg  (394.3 KB, 4.53s)
2026-09-30T13:06:20-10:00job:security_camera_frame_grab | 13:06:18  📷  a-eyes  ch4 → ch4-20260930T230618Z.jpg  (11.7 KB, 1.70s)
2026-09-30T13:06:21-10:00ENERGY  status=live  B2=11.9%  B1=78.5%  solar=90 W  ac=84 W  usbc=74 W  src=/home/rootrecord/RootRecord-Ecosystem/2 - RootRecord-Database/Energy  LAP=100%/Full/AC
2026-09-30T13:06:36-10:00  ▸  SUMMARY=delta2 soc=12.15% solar=91W ac_out=— usbc=14W src=ble db=ok
2026-09-30T13:06:36-10:00job:sys_stats_cycle RUN  bash "/home/rootrecord/RootRecord-Ecosystem/1 - Servers/1 - RootRecord-Pacific-Solar-Server/System/scripts/sys-sample.sh"
2026-09-30T13:06:37-10:00job:sys_stats_cycle | SYSTEM  cpu=8%  load=1.29  mem=70%  src=sqlite
2026-09-30T13:06:37-10:00job:sys_stats_cycle | OK wrote /home/rootrecord/RootRecord-Ecosystem/2 - RootRecord-Database/System/samples/sys-20260930-130637.json
2026-09-30T13:07:16-10:00job:github_sync_all | ↑ [ecosystem] committed 3 local file(s)
2026-09-30T13:07:16-10:00job:github_sync_all | ↓ [ecosystem] fetching origin/main
2026-09-30T13:07:16-10:00job:github_sync_all | From github.com:RootRecord-Software-Solutions/RootRecord-Ecosystem
2026-09-30T13:07:16-10:00job:github_sync_all | * branch            main       -> FETCH_HEAD
2026-09-30T13:07:16-10:00job:github_sync_all | ↑ [ecosystem] local is ahead of GitHub
2026-09-30T13:07:16-10:00job:github_sync_all | To github.com:RootRecord-Software-Solutions/RootRecord-Ecosystem.git
2026-09-30T13:07:16-10:00job:github_sync_all | bc2232a..d674939  HEAD -> main
2026-09-30T13:07:16-10:00job:github_sync_all | branch 'main' set up to track 'origin/main'.
2026-09-30T13:07:16-10:00job:github_sync_all | ↑ [ecosystem] 3 files → RootRecord-Software-Solutions/RootRecord-Ecosystem (main)
2026-09-30T13:07:16-10:00job:github_sync_all | ↑ [pacific] committed 3 local file(s)
2026-09-30T13:07:16-10:00job:github_sync_all | ↓ [pacific] fetching origin/main
2026-09-30T13:07:16-10:00job:github_sync_all | From github.com:RootRecord-Software-Solutions/RootRecord-Pacific-Solar-Server
2026-09-30T13:07:16-10:00job:github_sync_all | * branch            main       -> FETCH_HEAD
2026-09-30T13:07:16-10:00job:github_sync_all | ↑ [pacific] local is ahead of GitHub
2026-09-30T13:07:16-10:00job:github_sync_all | To github.com:RootRecord-Software-Solutions/RootRecord-Pacific-Solar-Server.git
2026-09-30T13:07:16-10:00job:github_sync_all | db8b990..e736ed7  HEAD -> main
2026-09-30T13:07:16-10:00job:github_sync_all | branch 'main' set up to track 'origin/main'.
2026-09-30T13:07:16-10:00job:github_sync_all | ↑ [pacific] 3 files → RootRecord-Software-Solutions/RootRecord-Pacific-Solar-Server (main)
2026-09-30T13:07:16-10:00job:github_sync_all | ↑ [database] committed 12 local file(s)
2026-09-30T13:07:16-10:00job:github_sync_all | ↓ [database] fetching origin/main
2026-09-30T13:07:16-10:00job:github_sync_all | From github.com:RootRecord-Software-Solutions/RootRecord-Database
2026-09-30T13:07:16-10:00job:github_sync_all | * branch            main       -> FETCH_HEAD
2026-09-30T13:07:16-10:00job:github_sync_all | ↑ [database] local is ahead of GitHub
2026-09-30T13:07:16-10:00job:github_sync_all | To github.com:RootRecord-Software-Solutions/RootRecord-Database.git
2026-09-30T13:07:16-10:00job:github_sync_all | 2dfda03..a5ec49b  HEAD -> main
2026-09-30T13:07:16-10:00job:github_sync_all | branch 'main' set up to track 'origin/main'.
2026-09-30T13:07:16-10:00job:github_sync_all | ↑ [database] 12 files → RootRecord-Software-Solutions/RootRecord-Database (main)
2026-09-30T13:07:16-10:00job:github_sync_all | — [library] no local changes
2026-09-30T13:07:16-10:00job:github_sync_all | ↓ [library] fetching origin/main
2026-09-30T13:07:16-10:00job:github_sync_all | From github.com:RootRecord-Software-Solutions/RootRecord-Library
2026-09-30T13:07:16-10:00job:github_sync_all | * branch            main       -> FETCH_HEAD
2026-09-30T13:07:16-10:00job:github_sync_all | — [library] local and GitHub already match
2026-09-30T13:07:16-10:00job:github_sync_all | — [library] nothing to push
2026-09-30T13:07:16-10:00job:github_sync_all | — [skills] no local changes
2026-09-30T13:07:16-10:00job:github_sync_all | ↓ [skills] fetching origin/main
2026-09-30T13:07:16-10:00job:github_sync_all | From github.com:rootrecordsoftwaresolutions/Solar-Pacific-RootRecord-Server
2026-09-30T13:07:16-10:00job:github_sync_all | * branch            main       -> FETCH_HEAD
2026-09-30T13:07:16-10:00job:github_sync_all | — [skills] local and GitHub already match
2026-09-30T13:07:16-10:00job:github_sync_all | — [skills] nothing to push
2026-09-30T13:07:16-10:00job:worklog_scan RUN  bash "/home/rootrecord/RootRecord-Ecosystem/1 - Servers/1 - RootRecord-Pacific-Solar-Server/Reports/scripts/worklog_once.sh"
2026-09-30T13:07:21-10:00job:worklog_scan | OK wrote/updated /home/rootrecord/RootRecord-Ecosystem/2 - RootRecord-Database/Worklog/worklog_current.md
2026-09-30T13:07:21-10:00job:security_camera_frame_grab RUN  bash "/home/rootrecord/RootRecord-Ecosystem/1 - Servers/1 - RootRecord-Pacific-Solar-Server/Security/Cameras/grab_all.sh"
2026-09-30T13:07:36-10:00job:security_camera_frame_grab | 13:07:21  📷  a-eyes  ch1 → ch1-20260930T230721Z.jpg  (479.0 KB, 4.30s)
2026-09-30T13:07:36-10:00job:security_camera_frame_grab | 13:07:25  📷  a-eyes  ch2 → ch2-20260930T230725Z.jpg  (301.7 KB, 4.54s)
2026-09-30T13:07:36-10:00job:security_camera_frame_grab | 13:07:30  📷  a-eyes  ch3 → ch3-20260930T230730Z.jpg  (401.1 KB, 4.37s)
2026-09-30T13:07:36-10:00job:security_camera_frame_grab | 13:07:34  📷  a-eyes  ch4 → ch4-20260930T230734Z.jpg  (11.7 KB, 1.49s)
2026-09-30T13:07:36-10:00ENERGY  status=live  B2=12.2%  B1=78.5%  solar=91 W  ac=84 W  usbc=14 W  src=/home/rootrecord/RootRecord-Ecosystem/2 - RootRecord-Database/Energy  LAP=100%/Full/AC
2026-09-30T13:07:51-10:00  ▸  SUMMARY=river2pro soc=77.87% solar=0W ac_out=— usbc=0W src=ble db=ok
2026-09-30T13:07:51-10:00job:sys_stats_cycle RUN  bash "/home/rootrecord/RootRecord-Ecosystem/1 - Servers/1 - RootRecord-Pacific-Solar-Server/System/scripts/sys-sample.sh"
2026-09-30T13:07:52-10:00job:sys_stats_cycle | SYSTEM  cpu=6%  load=2.00  mem=65%  src=sqlite
2026-09-30T13:07:52-10:00job:sys_stats_cycle | OK wrote /home/rootrecord/RootRecord-Ecosystem/2 - RootRecord-Database/System/samples/sys-20260930-130752.json
2026-09-30T13:08:31-10:00job:github_sync_all | ↑ [ecosystem] committed 1 local file(s)
2026-09-30T13:08:31-10:00job:github_sync_all | ↓ [ecosystem] fetching origin/main
2026-09-30T13:08:31-10:00job:github_sync_all | From github.com:RootRecord-Software-Solutions/RootRecord-Ecosystem
2026-09-30T13:08:31-10:00job:github_sync_all | * branch            main       -> FETCH_HEAD
2026-09-30T13:08:31-10:00job:github_sync_all | ↑ [ecosystem] local is ahead of GitHub
2026-09-30T13:08:31-10:00job:github_sync_all | To github.com:RootRecord-Software-Solutions/RootRecord-Ecosystem.git
2026-09-30T13:08:31-10:00job:github_sync_all | d674939..701155c  HEAD -> main
2026-09-30T13:08:31-10:00job:github_sync_all | branch 'main' set up to track 'origin/main'.
2026-09-30T13:08:31-10:00job:github_sync_all | ↑ [ecosystem] 1 files → RootRecord-Software-Solutions/RootRecord-Ecosystem (main)
2026-09-30T13:08:31-10:00job:github_sync_all | ↑ [pacific] committed 1 local file(s)
2026-09-30T13:08:31-10:00job:github_sync_all | ↓ [pacific] fetching origin/main
2026-09-30T13:08:31-10:00job:github_sync_all | From github.com:RootRecord-Software-Solutions/RootRecord-Pacific-Solar-Server
2026-09-30T13:08:31-10:00job:github_sync_all | * branch            main       -> FETCH_HEAD
2026-09-30T13:08:31-10:00job:github_sync_all | ↑ [pacific] local is ahead of GitHub
2026-09-30T13:08:31-10:00job:github_sync_all | To github.com:RootRecord-Software-Solutions/RootRecord-Pacific-Solar-Server.git
2026-09-30T13:08:31-10:00job:github_sync_all | e736ed7..0d33fd6  HEAD -> main
2026-09-30T13:08:31-10:00job:github_sync_all | branch 'main' set up to track 'origin/main'.
2026-09-30T13:08:31-10:00job:github_sync_all | ↑ [pacific] 1 files → RootRecord-Software-Solutions/RootRecord-Pacific-Solar-Server (main)
2026-09-30T13:08:31-10:00job:github_sync_all | ↑ [database] committed 15 local file(s)
2026-09-30T13:08:31-10:00job:github_sync_all | ↓ [database] fetching origin/main
2026-09-30T13:08:31-10:00job:github_sync_all | From github.com:RootRecord-Software-Solutions/RootRecord-Database
2026-09-30T13:08:31-10:00job:github_sync_all | * branch            main       -> FETCH_HEAD
2026-09-30T13:08:31-10:00job:github_sync_all | ↑ [database] local is ahead of GitHub
2026-09-30T13:08:31-10:00job:github_sync_all | To github.com:RootRecord-Software-Solutions/RootRecord-Database.git
2026-09-30T13:08:31-10:00job:github_sync_all | a5ec49b..3a38e7e  HEAD -> main
2026-09-30T13:08:31-10:00job:github_sync_all | branch 'main' set up to track 'origin/main'.
2026-09-30T13:08:31-10:00job:github_sync_all | ↑ [database] 15 files → RootRecord-Software-Solutions/RootRecord-Database (main)
2026-09-30T13:08:31-10:00job:github_sync_all | — [library] no local changes
2026-09-30T13:08:31-10:00job:github_sync_all | ↓ [library] fetching origin/main
2026-09-30T13:08:31-10:00job:github_sync_all | From github.com:RootRecord-Software-Solutions/RootRecord-Library
2026-09-30T13:08:31-10:00job:github_sync_all | * branch            main       -> FETCH_HEAD
2026-09-30T13:08:31-10:00job:github_sync_all | — [library] local and GitHub already match
2026-09-30T13:08:31-10:00job:github_sync_all | — [library] nothing to push
2026-09-30T13:08:31-10:00job:github_sync_all | — [skills] no local changes
2026-09-30T13:08:31-10:00job:github_sync_all | ↓ [skills] fetching origin/main
2026-09-30T13:08:31-10:00job:github_sync_all | From github.com:rootrecordsoftwaresolutions/Solar-Pacific-RootRecord-Server
2026-09-30T13:08:31-10:00job:github_sync_all | * branch            main       -> FETCH_HEAD
2026-09-30T13:08:31-10:00job:github_sync_all | — [skills] local and GitHub already match
2026-09-30T13:08:31-10:00job:github_sync_all | — [skills] nothing to push
2026-09-30T13:08:31-10:00job:security_camera_frame_grab RUN  bash "/home/rootrecord/RootRecord-Ecosystem/1 - Servers/1 - RootRecord-Pacific-Solar-Server/Security/Cameras/grab_all.sh"
2026-09-30T13:08:46-10:00job:security_camera_frame_grab | 13:08:31  📷  a-eyes  ch1 → ch1-20260930T230831Z.jpg  (473.6 KB, 4.61s)
2026-09-30T13:08:46-10:00job:security_camera_frame_grab | 13:08:36  📷  a-eyes  ch2 → ch2-20260930T230836Z.jpg  (299.8 KB, 4.25s)
2026-09-30T13:08:46-10:00job:security_camera_frame_grab | 13:08:40  📷  a-eyes  ch3 → ch3-20260930T230840Z.jpg  (394.9 KB, 4.26s)
2026-09-30T13:08:46-10:00job:security_camera_frame_grab | 13:08:45  📷  a-eyes  ch4 → ch4-20260930T230845Z.jpg  (11.7 KB, 1.50s)
2026-09-30T13:08:46-10:00ENERGY  status=live  B2=12.2%  B1=77.9%  solar=91 W  ac=Waiting  usbc=14 W  src=/home/rootrecord/RootRecord-Ecosystem/2 - RootRecord-Database/Energy  LAP=100%/Full/AC
2026-09-30T13:09:01-10:00  ▸  SUMMARY=river2pro soc=77.54% solar=0W ac_out=87W usbc=0W src=ble db=ok
2026-09-30T13:09:01-10:00job:sys_stats_cycle RUN  bash "/home/rootrecord/RootRecord-Ecosystem/1 - Servers/1 - RootRecord-Pacific-Solar-Server/System/scripts/sys-sample.sh"
2026-09-30T13:09:02-10:00job:sys_stats_cycle | SYSTEM  cpu=5%  load=1.32  mem=63%  src=sqlite
2026-09-30T13:09:02-10:00job:sys_stats_cycle | OK wrote /home/rootrecord/RootRecord-Ecosystem/2 - RootRecord-Database/System/samples/sys-20260930-130902.json
2026-09-30T13:09:35-10:00job:github_sync_all | — [ecosystem] no committable local changes
2026-09-30T13:09:35-10:00job:github_sync_all | ↓ [ecosystem] fetching origin/main
2026-09-30T13:09:35-10:00job:github_sync_all | From github.com:RootRecord-Software-Solutions/RootRecord-Ecosystem
2026-09-30T13:09:35-10:00job:github_sync_all | * branch            main       -> FETCH_HEAD
2026-09-30T13:09:35-10:00job:github_sync_all | — [ecosystem] local and GitHub already match
2026-09-30T13:09:35-10:00job:github_sync_all | — [ecosystem] nothing to push
2026-09-30T13:09:35-10:00job:github_sync_all | — [pacific] no local changes
2026-09-30T13:09:35-10:00job:github_sync_all | ↓ [pacific] fetching origin/main
2026-09-30T13:09:35-10:00job:github_sync_all | From github.com:RootRecord-Software-Solutions/RootRecord-Pacific-Solar-Server
2026-09-30T13:09:35-10:00job:github_sync_all | * branch            main       -> FETCH_HEAD
2026-09-30T13:09:35-10:00job:github_sync_all | — [pacific] local and GitHub already match
2026-09-30T13:09:35-10:00job:github_sync_all | — [pacific] nothing to push
2026-09-30T13:09:35-10:00job:github_sync_all | ↑ [database] committed 15 local file(s)
2026-09-30T13:09:35-10:00job:github_sync_all | ↓ [database] fetching origin/main
2026-09-30T13:09:35-10:00job:github_sync_all | From github.com:RootRecord-Software-Solutions/RootRecord-Database
2026-09-30T13:09:35-10:00job:github_sync_all | * branch            main       -> FETCH_HEAD
2026-09-30T13:09:35-10:00job:github_sync_all | ↑ [database] local is ahead of GitHub
2026-09-30T13:09:35-10:00job:github_sync_all | To github.com:RootRecord-Software-Solutions/RootRecord-Database.git
2026-09-30T13:09:35-10:00job:github_sync_all | 3a38e7e..f02abf1  HEAD -> main
2026-09-30T13:09:35-10:00job:github_sync_all | branch 'main' set up to track 'origin/main'.
2026-09-30T13:09:35-10:00job:github_sync_all | ↑ [database] 15 files → RootRecord-Software-Solutions/RootRecord-Database (main)
2026-09-30T13:09:35-10:00job:github_sync_all | — [library] no local changes
2026-09-30T13:09:35-10:00job:github_sync_all | ↓ [library] fetching origin/main
2026-09-30T13:09:35-10:00job:github_sync_all | From github.com:RootRecord-Software-Solutions/RootRecord-Library
2026-09-30T13:09:35-10:00job:github_sync_all | * branch            main       -> FETCH_HEAD
2026-09-30T13:09:35-10:00job:github_sync_all | — [library] local and GitHub already match
2026-09-30T13:09:35-10:00job:github_sync_all | — [library] nothing to push
2026-09-30T13:09:35-10:00job:github_sync_all | — [skills] no local changes
2026-09-30T13:09:35-10:00job:github_sync_all | ↓ [skills] fetching origin/main
2026-09-30T13:09:35-10:00job:github_sync_all | From github.com:rootrecordsoftwaresolutions/Solar-Pacific-RootRecord-Server
2026-09-30T13:09:35-10:00job:github_sync_all | * branch            main       -> FETCH_HEAD
2026-09-30T13:09:35-10:00job:github_sync_all | — [skills] local and GitHub already match
2026-09-30T13:09:35-10:00job:github_sync_all | — [skills] nothing to push
2026-09-30T13:09:35-10:00job:worklog_scan RUN  bash "/home/rootrecord/RootRecord-Ecosystem/1 - Servers/1 - RootRecord-Pacific-Solar-Server/Reports/scripts/worklog_once.sh"
2026-09-30T13:09:40-10:00job:worklog_scan | OK wrote/updated /home/rootrecord/RootRecord-Ecosystem/2 - RootRecord-Database/Worklog/worklog_current.md
2026-09-30T13:09:40-10:00job:security_camera_frame_grab RUN  bash "/home/rootrecord/RootRecord-Ecosystem/1 - Servers/1 - RootRecord-Pacific-Solar-Server/Security/Cameras/grab_all.sh"
2026-09-30T13:09:55-10:00job:security_camera_frame_grab | 13:09:40  📷  a-eyes  ch1 → ch1-20260930T230940Z.jpg  (483.4 KB, 4.74s)
2026-09-30T13:09:55-10:00job:security_camera_frame_grab | 13:09:45  📷  a-eyes  ch2 → ch2-20260930T230945Z.jpg  (293.5 KB, 4.79s)
2026-09-30T13:09:55-10:00job:security_camera_frame_grab | 13:09:49  📷  a-eyes  ch3 → ch3-20260930T230949Z.jpg  (386.0 KB, 4.47s)
2026-09-30T13:09:55-10:00job:security_camera_frame_grab | 13:09:54  📷  a-eyes  ch4 → ch4-20260930T230954Z.jpg  (11.8 KB, 1.49s)
2026-09-30T13:09:55-10:00job:service_supervisor RUN  bash "/home/rootrecord/RootRecord-Ecosystem/1 - Servers/1 - RootRecord-Pacific-Solar-Server/Automations/scripts/supervise-services.sh"
2026-09-30T13:09:56-10:00job:service_supervisor | [supervisor] weather alive pid=304140 304463 305661 305866 308654 309134 309348 309668 313159 392716 736568 775116 (act)
2026-09-30T13:09:56-10:00job:service_supervisor | [supervisor] relay alive pid=936549 (act)
2026-09-30T13:09:56-10:00ENERGY  status=live  B2=12.2%  B1=77.5%  solar=91 W  ac=87 W  usbc=14 W  src=/home/rootrecord/RootRecord-Ecosystem/2 - RootRecord-Database/Energy  LAP=100%/Full/AC
2026-09-30T13:10:11-10:00  ▸  SUMMARY=river2pro soc=77.2% solar=0W ac_out=111W usbc=0W src=ble db=ok
2026-09-30T13:10:11-10:00job:sys_stats_cycle RUN  bash "/home/rootrecord/RootRecord-Ecosystem/1 - Servers/1 - RootRecord-Pacific-Solar-Server/System/scripts/sys-sample.sh"
2026-09-30T13:10:12-10:00job:sys_stats_cycle | SYSTEM  cpu=54%  load=0.98  mem=62%  src=sqlite
2026-09-30T13:10:12-10:00job:sys_stats_cycle | OK wrote /home/rootrecord/RootRecord-Ecosystem/2 - RootRecord-Database/System/samples/sys-20260930-131011.json
2026-09-30T13:10:53-10:00job:github_sync_all | ↑ [ecosystem] committed 5 local file(s)
2026-09-30T13:10:53-10:00job:github_sync_all | ↓ [ecosystem] fetching origin/main
2026-09-30T13:10:53-10:00job:github_sync_all | From github.com:RootRecord-Software-Solutions/RootRecord-Ecosystem
2026-09-30T13:10:53-10:00job:github_sync_all | * branch            main       -> FETCH_HEAD
2026-09-30T13:10:53-10:00job:github_sync_all | ↑ [ecosystem] local is ahead of GitHub
2026-09-30T13:10:53-10:00job:github_sync_all | To github.com:RootRecord-Software-Solutions/RootRecord-Ecosystem.git
2026-09-30T13:10:53-10:00job:github_sync_all | 701155c..e51670a  HEAD -> main
2026-09-30T13:10:53-10:00job:github_sync_all | branch 'main' set up to track 'origin/main'.
2026-09-30T13:10:53-10:00job:github_sync_all | ↑ [ecosystem] 5 files → RootRecord-Software-Solutions/RootRecord-Ecosystem (main)
2026-09-30T13:10:53-10:00job:github_sync_all | ↑ [pacific] committed 2 local file(s)
2026-09-30T13:10:53-10:00job:github_sync_all | ↓ [pacific] fetching origin/main
2026-09-30T13:10:53-10:00job:github_sync_all | From github.com:RootRecord-Software-Solutions/RootRecord-Pacific-Solar-Server
2026-09-30T13:10:53-10:00job:github_sync_all | * branch            main       -> FETCH_HEAD
2026-09-30T13:10:53-10:00job:github_sync_all | ↑ [pacific] local is ahead of GitHub
2026-09-30T13:10:53-10:00job:github_sync_all | To github.com:RootRecord-Software-Solutions/RootRecord-Pacific-Solar-Server.git
2026-09-30T13:10:53-10:00job:github_sync_all | 0d33fd6..db6ede1  HEAD -> main
2026-09-30T13:10:53-10:00job:github_sync_all | branch 'main' set up to track 'origin/main'.
2026-09-30T13:10:53-10:00job:github_sync_all | ↑ [pacific] 2 files → RootRecord-Software-Solutions/RootRecord-Pacific-Solar-Server (main)
2026-09-30T13:10:53-10:00job:github_sync_all | ↑ [database] committed 17 local file(s)
2026-09-30T13:10:53-10:00job:github_sync_all | ↓ [database] fetching origin/main
2026-09-30T13:10:53-10:00job:github_sync_all | From github.com:RootRecord-Software-Solutions/RootRecord-Database
2026-09-30T13:10:53-10:00job:github_sync_all | * branch            main       -> FETCH_HEAD
2026-09-30T13:10:53-10:00job:github_sync_all | ↑ [database] local is ahead of GitHub
2026-09-30T13:10:53-10:00job:github_sync_all | To github.com:RootRecord-Software-Solutions/RootRecord-Database.git
2026-09-30T13:10:53-10:00job:github_sync_all | f02abf1..8ea13eb  HEAD -> main
2026-09-30T13:10:53-10:00job:github_sync_all | branch 'main' set up to track 'origin/main'.
2026-09-30T13:10:53-10:00job:github_sync_all | ↑ [database] 17 files → RootRecord-Software-Solutions/RootRecord-Database (main)
2026-09-30T13:10:53-10:00job:github_sync_all | — [library] no local changes
2026-09-30T13:10:53-10:00job:github_sync_all | ↓ [library] fetching origin/main
2026-09-30T13:10:53-10:00job:github_sync_all | From github.com:RootRecord-Software-Solutions/RootRecord-Library
2026-09-30T13:10:53-10:00job:github_sync_all | * branch            main       -> FETCH_HEAD
2026-09-30T13:10:53-10:00job:github_sync_all | — [library] local and GitHub already match
2026-09-30T13:10:53-10:00job:github_sync_all | — [library] nothing to push
2026-09-30T13:10:53-10:00job:github_sync_all | — [skills] no local changes
2026-09-30T13:10:53-10:00job:github_sync_all | ↓ [skills] fetching origin/main
2026-09-30T13:10:53-10:00job:github_sync_all | From github.com:rootrecordsoftwaresolutions/Solar-Pacific-RootRecord-Server
2026-09-30T13:10:53-10:00job:github_sync_all | * branch            main       -> FETCH_HEAD
2026-09-30T13:10:53-10:00job:github_sync_all | — [skills] local and GitHub already match
2026-09-30T13:10:53-10:00job:github_sync_all | — [skills] nothing to push
2026-09-30T13:10:53-10:00job:security_camera_frame_grab RUN  bash "/home/rootrecord/RootRecord-Ecosystem/1 - Servers/1 - RootRecord-Pacific-Solar-Server/Security/Cameras/grab_all.sh"
2026-09-30T13:11:08-10:00job:security_camera_frame_grab | 13:10:53  📷  a-eyes  ch1 → ch1-20260930T231053Z.jpg  (496.6 KB, 4.38s)
2026-09-30T13:11:08-10:00job:security_camera_frame_grab | 13:10:57  📷  a-eyes  ch2 → ch2-20260930T231057Z.jpg  (284.7 KB, 4.40s)
2026-09-30T13:11:08-10:00job:security_camera_frame_grab | 13:11:02  📷  a-eyes  ch3 → ch3-20260930T231102Z.jpg  (392.1 KB, 4.45s)
2026-09-30T13:11:08-10:00job:security_camera_frame_grab | 13:11:06  📷  a-eyes  ch4 → ch4-20260930T231106Z.jpg  (11.5 KB, 1.52s)
2026-09-30T13:11:08-10:00ENERGY  status=live  B2=12.2%  B1=77.2%  solar=91 W  ac=111 W  usbc=14 W  src=/home/rootrecord/RootRecord-Ecosystem/2 - RootRecord-Database/Energy  LAP=100%/Full/AC
2026-09-30T13:11:23-10:00  ▸  SUMMARY=river2pro soc=76.86% solar=0W ac_out=87W usbc=0W src=ble db=ok
2026-09-30T13:11:23-10:00job:sys_stats_cycle RUN  bash "/home/rootrecord/RootRecord-Ecosystem/1 - Servers/1 - RootRecord-Pacific-Solar-Server/System/scripts/sys-sample.sh"
2026-09-30T13:11:24-10:00job:sys_stats_cycle | SYSTEM  cpu=9%  load=1.60  mem=53%  src=sqlite
2026-09-30T13:11:24-10:00job:sys_stats_cycle | OK wrote /home/rootrecord/RootRecord-Ecosystem/2 - RootRecord-Database/System/samples/sys-20260930-131123.json
2026-09-30T13:12:00-10:00job:github_sync_all | ↑ [ecosystem] committed 1 local file(s)
2026-09-30T13:12:00-10:00job:github_sync_all | ↓ [ecosystem] fetching origin/main
2026-09-30T13:12:00-10:00job:github_sync_all | From github.com:RootRecord-Software-Solutions/RootRecord-Ecosystem
2026-09-30T13:12:00-10:00job:github_sync_all | * branch            main       -> FETCH_HEAD
2026-09-30T13:12:00-10:00job:github_sync_all | ↑ [ecosystem] local is ahead of GitHub
2026-09-30T13:12:00-10:00job:github_sync_all | To github.com:RootRecord-Software-Solutions/RootRecord-Ecosystem.git
2026-09-30T13:12:00-10:00job:github_sync_all | e51670a..c09203b  HEAD -> main
2026-09-30T13:12:00-10:00job:github_sync_all | branch 'main' set up to track 'origin/main'.
2026-09-30T13:12:00-10:00job:github_sync_all | ↑ [ecosystem] 1 files → RootRecord-Software-Solutions/RootRecord-Ecosystem (main)
2026-09-30T13:12:00-10:00job:github_sync_all | — [pacific] no local changes
2026-09-30T13:12:00-10:00job:github_sync_all | ↓ [pacific] fetching origin/main
2026-09-30T13:12:00-10:00job:github_sync_all | From github.com:RootRecord-Software-Solutions/RootRecord-Pacific-Solar-Server
2026-09-30T13:12:00-10:00job:github_sync_all | * branch            main       -> FETCH_HEAD
2026-09-30T13:12:00-10:00job:github_sync_all | — [pacific] local and GitHub already match
2026-09-30T13:12:00-10:00job:github_sync_all | — [pacific] nothing to push
2026-09-30T13:12:00-10:00job:github_sync_all | ↑ [database] committed 12 local file(s)
2026-09-30T13:12:00-10:00job:github_sync_all | ↓ [database] fetching origin/main
2026-09-30T13:12:00-10:00job:github_sync_all | From github.com:RootRecord-Software-Solutions/RootRecord-Database
2026-09-30T13:12:00-10:00job:github_sync_all | * branch            main       -> FETCH_HEAD
2026-09-30T13:12:00-10:00job:github_sync_all | ↑ [database] local is ahead of GitHub
2026-09-30T13:12:00-10:00job:github_sync_all | To github.com:RootRecord-Software-Solutions/RootRecord-Database.git
2026-09-30T13:12:00-10:00job:github_sync_all | 8ea13eb..8b23b21  HEAD -> main
2026-09-30T13:12:00-10:00job:github_sync_all | branch 'main' set up to track 'origin/main'.
2026-09-30T13:12:00-10:00job:github_sync_all | ↑ [database] 12 files → RootRecord-Software-Solutions/RootRecord-Database (main)
2026-09-30T13:12:00-10:00job:github_sync_all | — [library] no local changes
2026-09-30T13:12:00-10:00job:github_sync_all | ↓ [library] fetching origin/main
2026-09-30T13:12:00-10:00job:github_sync_all | From github.com:RootRecord-Software-Solutions/RootRecord-Library
2026-09-30T13:12:00-10:00job:github_sync_all | * branch            main       -> FETCH_HEAD
2026-09-30T13:12:00-10:00job:github_sync_all | — [library] local and GitHub already match
2026-09-30T13:12:00-10:00job:github_sync_all | — [library] nothing to push
2026-09-30T13:12:00-10:00job:github_sync_all | — [skills] no local changes
2026-09-30T13:12:00-10:00job:github_sync_all | ↓ [skills] fetching origin/main
2026-09-30T13:12:00-10:00job:github_sync_all | From github.com:rootrecordsoftwaresolutions/Solar-Pacific-RootRecord-Server
2026-09-30T13:12:00-10:00job:github_sync_all | * branch            main       -> FETCH_HEAD
2026-09-30T13:12:00-10:00job:github_sync_all | — [skills] local and GitHub already match
2026-09-30T13:12:00-10:00job:github_sync_all | — [skills] nothing to push
2026-09-30T13:12:00-10:00job:worklog_scan RUN  bash "/home/rootrecord/RootRecord-Ecosystem/1 - Servers/1 - RootRecord-Pacific-Solar-Server/Reports/scripts/worklog_once.sh"
2026-09-30T13:12:05-10:00job:worklog_scan | OK wrote/updated /home/rootrecord/RootRecord-Ecosystem/2 - RootRecord-Database/Worklog/worklog_current.md
2026-09-30T13:12:05-10:00job:security_camera_frame_grab RUN  bash "/home/rootrecord/RootRecord-Ecosystem/1 - Servers/1 - RootRecord-Pacific-Solar-Server/Security/Cameras/grab_all.sh"
2026-09-30T13:12:20-10:00job:security_camera_frame_grab | 13:12:05  📷  a-eyes  ch1 → ch1-20260930T231205Z.jpg  (482.0 KB, 4.85s)
2026-09-30T13:12:20-10:00job:security_camera_frame_grab | 13:12:10  📷  a-eyes  ch2 → ch2-20260930T231210Z.jpg  (283.2 KB, 4.42s)
2026-09-30T13:12:20-10:00job:security_camera_frame_grab | 13:12:14  📷  a-eyes  ch3 → ch3-20260930T231214Z.jpg  (389.8 KB, 4.48s)
2026-09-30T13:12:20-10:00job:security_camera_frame_grab | 13:12:18  📷  a-eyes  ch4 → ch4-20260930T231218Z.jpg  (11.6 KB, 1.52s)
2026-09-30T13:12:20-10:00ENERGY  status=live  B2=12.2%  B1=76.9%  solar=91 W  ac=87 W  usbc=14 W  src=/home/rootrecord/RootRecord-Ecosystem/2 - RootRecord-Database/Energy  LAP=100%/Full/AC
2026-09-30T13:12:35-10:00  ▸  SUMMARY=delta2 soc=12.76% solar=86W ac_out=— usbc=22W src=ble db=ok
2026-09-30T13:12:35-10:00job:sys_stats_cycle RUN  bash "/home/rootrecord/RootRecord-Ecosystem/1 - Servers/1 - RootRecord-Pacific-Solar-Server/System/scripts/sys-sample.sh"
2026-09-30T13:12:36-10:00job:sys_stats_cycle | SYSTEM  cpu=17%  load=2.40  mem=58%  src=sqlite
2026-09-30T13:12:36-10:00job:sys_stats_cycle | OK wrote /home/rootrecord/RootRecord-Ecosystem/2 - RootRecord-Database/System/samples/sys-20260930-131236.json
2026-09-30T13:13:09-10:00job:github_sync_all | — [ecosystem] no committable local changes
2026-09-30T13:13:09-10:00job:github_sync_all | ↓ [ecosystem] fetching origin/main
2026-09-30T13:13:09-10:00job:github_sync_all | From github.com:RootRecord-Software-Solutions/RootRecord-Ecosystem
2026-09-30T13:13:09-10:00job:github_sync_all | * branch            main       -> FETCH_HEAD
2026-09-30T13:13:09-10:00job:github_sync_all | — [ecosystem] local and GitHub already match
2026-09-30T13:13:09-10:00job:github_sync_all | — [ecosystem] nothing to push
2026-09-30T13:13:09-10:00job:github_sync_all | — [pacific] no local changes
2026-09-30T13:13:09-10:00job:github_sync_all | ↓ [pacific] fetching origin/main
2026-09-30T13:13:09-10:00job:github_sync_all | From github.com:RootRecord-Software-Solutions/RootRecord-Pacific-Solar-Server
2026-09-30T13:13:09-10:00job:github_sync_all | * branch            main       -> FETCH_HEAD
2026-09-30T13:13:09-10:00job:github_sync_all | — [pacific] local and GitHub already match
2026-09-30T13:13:09-10:00job:github_sync_all | — [pacific] nothing to push
2026-09-30T13:13:09-10:00job:github_sync_all | ↑ [database] committed 15 local file(s)
2026-09-30T13:13:09-10:00job:github_sync_all | ↓ [database] fetching origin/main
2026-09-30T13:13:09-10:00job:github_sync_all | From github.com:RootRecord-Software-Solutions/RootRecord-Database
2026-09-30T13:13:09-10:00job:github_sync_all | * branch            main       -> FETCH_HEAD
2026-09-30T13:13:09-10:00job:github_sync_all | ↑ [database] local is ahead of GitHub
2026-09-30T13:13:09-10:00job:github_sync_all | To github.com:RootRecord-Software-Solutions/RootRecord-Database.git
2026-09-30T13:13:09-10:00job:github_sync_all | 8b23b21..afde976  HEAD -> main
2026-09-30T13:13:09-10:00job:github_sync_all | branch 'main' set up to track 'origin/main'.
2026-09-30T13:13:09-10:00job:github_sync_all | ↑ [database] 15 files → RootRecord-Software-Solutions/RootRecord-Database (main)
2026-09-30T13:13:09-10:00job:github_sync_all | — [library] no local changes
2026-09-30T13:13:09-10:00job:github_sync_all | ↓ [library] fetching origin/main
2026-09-30T13:13:09-10:00job:github_sync_all | From github.com:RootRecord-Software-Solutions/RootRecord-Library
2026-09-30T13:13:09-10:00job:github_sync_all | * branch            main       -> FETCH_HEAD
2026-09-30T13:13:09-10:00job:github_sync_all | — [library] local and GitHub already match
2026-09-30T13:13:09-10:00job:github_sync_all | — [library] nothing to push
2026-09-30T13:13:09-10:00job:github_sync_all | — [skills] no local changes
2026-09-30T13:13:09-10:00job:github_sync_all | ↓ [skills] fetching origin/main
2026-09-30T13:13:09-10:00job:github_sync_all | From github.com:rootrecordsoftwaresolutions/Solar-Pacific-RootRecord-Server
2026-09-30T13:13:09-10:00job:github_sync_all | * branch            main       -> FETCH_HEAD
2026-09-30T13:13:09-10:00job:github_sync_all | — [skills] local and GitHub already match
2026-09-30T13:13:09-10:00job:github_sync_all | — [skills] nothing to push
2026-09-30T13:13:09-10:00job:security_camera_frame_grab RUN  bash "/home/rootrecord/RootRecord-Ecosystem/1 - Servers/1 - RootRecord-Pacific-Solar-Server/Security/Cameras/grab_all.sh"
2026-09-30T13:13:25-10:00job:security_camera_frame_grab | 13:13:09  📷  a-eyes  ch1 → ch1-20260930T231309Z.jpg  (545.7 KB, 4.67s)
2026-09-30T13:13:25-10:00job:security_camera_frame_grab | 13:13:14  📷  a-eyes  ch2 → ch2-20260930T231314Z.jpg  (303.7 KB, 4.46s)
2026-09-30T13:13:25-10:00job:security_camera_frame_grab | 13:13:19  📷  a-eyes  ch3 → ch3-20260930T231319Z.jpg  (400.5 KB, 4.56s)
2026-09-30T13:13:25-10:00job:security_camera_frame_grab | 13:13:23  📷  a-eyes  ch4 → ch4-20260930T231323Z.jpg  (11.6 KB, 1.80s)
2026-09-30T13:13:25-10:00ENERGY  status=live  B2=12.8%  B1=76.9%  solar=86 W  ac=87 W  usbc=22 W  src=/home/rootrecord/RootRecord-Ecosystem/2 - RootRecord-Database/Energy  LAP=100%/Full/AC
2026-09-30T13:13:40-10:00  ▸  SUMMARY=river2pro soc=76.19% solar=0W ac_out=81W usbc=0W src=ble db=ok
2026-09-30T13:13:40-10:00job:sys_stats_cycle RUN  bash "/home/rootrecord/RootRecord-Ecosystem/1 - Servers/1 - RootRecord-Pacific-Solar-Server/System/scripts/sys-sample.sh"
2026-09-30T13:13:41-10:00job:sys_stats_cycle | SYSTEM  cpu=6%  load=2.06  mem=56%  src=sqlite
2026-09-30T13:13:41-10:00job:sys_stats_cycle | OK wrote /home/rootrecord/RootRecord-Ecosystem/2 - RootRecord-Database/System/samples/sys-20260930-131341.json
2026-09-30T13:14:20-10:00job:github_sync_all | ↑ [ecosystem] committed 5 local file(s)
2026-09-30T13:14:20-10:00job:github_sync_all | ↓ [ecosystem] fetching origin/main
2026-09-30T13:14:20-10:00job:github_sync_all | From github.com:RootRecord-Software-Solutions/RootRecord-Ecosystem
2026-09-30T13:14:20-10:00job:github_sync_all | * branch            main       -> FETCH_HEAD
2026-09-30T13:14:20-10:00job:github_sync_all | ↑ [ecosystem] local is ahead of GitHub
2026-09-30T13:14:20-10:00job:github_sync_all | To github.com:RootRecord-Software-Solutions/RootRecord-Ecosystem.git
2026-09-30T13:14:20-10:00job:github_sync_all | c09203b..f4c1e74  HEAD -> main
2026-09-30T13:14:20-10:00job:github_sync_all | branch 'main' set up to track 'origin/main'.
2026-09-30T13:14:20-10:00job:github_sync_all | ↑ [ecosystem] 5 files → RootRecord-Software-Solutions/RootRecord-Ecosystem (main)
2026-09-30T13:14:20-10:00job:github_sync_all | ↑ [pacific] committed 2 local file(s)
2026-09-30T13:14:20-10:00job:github_sync_all | ↓ [pacific] fetching origin/main
2026-09-30T13:14:20-10:00job:github_sync_all | From github.com:RootRecord-Software-Solutions/RootRecord-Pacific-Solar-Server
2026-09-30T13:14:20-10:00job:github_sync_all | * branch            main       -> FETCH_HEAD
2026-09-30T13:14:20-10:00job:github_sync_all | ↑ [pacific] local is ahead of GitHub
2026-09-30T13:14:20-10:00job:github_sync_all | To github.com:RootRecord-Software-Solutions/RootRecord-Pacific-Solar-Server.git
2026-09-30T13:14:20-10:00job:github_sync_all | db6ede1..309af1e  HEAD -> main
2026-09-30T13:14:20-10:00job:github_sync_all | branch 'main' set up to track 'origin/main'.
2026-09-30T13:14:20-10:00job:github_sync_all | ↑ [pacific] 2 files → RootRecord-Software-Solutions/RootRecord-Pacific-Solar-Server (main)
2026-09-30T13:14:20-10:00job:github_sync_all | ↑ [database] committed 15 local file(s)
2026-09-30T13:14:20-10:00job:github_sync_all | ↓ [database] fetching origin/main
2026-09-30T13:14:20-10:00job:github_sync_all | From github.com:RootRecord-Software-Solutions/RootRecord-Database
2026-09-30T13:14:20-10:00job:github_sync_all | * branch            main       -> FETCH_HEAD
2026-09-30T13:14:20-10:00job:github_sync_all | ↑ [database] local is ahead of GitHub
2026-09-30T13:14:20-10:00job:github_sync_all | To github.com:RootRecord-Software-Solutions/RootRecord-Database.git
2026-09-30T13:14:20-10:00job:github_sync_all | afde976..465afe4  HEAD -> main
2026-09-30T13:14:20-10:00job:github_sync_all | branch 'main' set up to track 'origin/main'.
2026-09-30T13:14:20-10:00job:github_sync_all | ↑ [database] 15 files → RootRecord-Software-Solutions/RootRecord-Database (main)
2026-09-30T13:14:20-10:00job:github_sync_all | — [library] no local changes
2026-09-30T13:14:20-10:00job:github_sync_all | ↓ [library] fetching origin/main
2026-09-30T13:14:20-10:00job:github_sync_all | From github.com:RootRecord-Software-Solutions/RootRecord-Library
2026-09-30T13:14:20-10:00job:github_sync_all | * branch            main       -> FETCH_HEAD
2026-09-30T13:14:20-10:00job:github_sync_all | — [library] local and GitHub already match
2026-09-30T13:14:20-10:00job:github_sync_all | — [library] nothing to push
2026-09-30T13:14:20-10:00job:github_sync_all | — [skills] no local changes
2026-09-30T13:14:20-10:00job:github_sync_all | ↓ [skills] fetching origin/main
2026-09-30T13:14:20-10:00job:github_sync_all | From github.com:rootrecordsoftwaresolutions/Solar-Pacific-RootRecord-Server
2026-09-30T13:14:20-10:00job:github_sync_all | * branch            main       -> FETCH_HEAD
2026-09-30T13:14:20-10:00job:github_sync_all | — [skills] local and GitHub already match
2026-09-30T13:14:20-10:00job:github_sync_all | — [skills] nothing to push
2026-09-30T13:14:20-10:00job:worklog_scan RUN  bash "/home/rootrecord/RootRecord-Ecosystem/1 - Servers/1 - RootRecord-Pacific-Solar-Server/Reports/scripts/worklog_once.sh"
2026-09-30T13:14:28-10:00job:worklog_scan | OK wrote/updated /home/rootrecord/RootRecord-Ecosystem/2 - RootRecord-Database/Worklog/worklog_current.md
2026-09-30T13:14:28-10:00job:security_camera_frame_grab RUN  bash "/home/rootrecord/RootRecord-Ecosystem/1 - Servers/1 - RootRecord-Pacific-Solar-Server/Security/Cameras/grab_all.sh"
2026-09-30T13:14:43-10:00job:security_camera_frame_grab | 13:14:28  📷  a-eyes  ch1 → ch1-20260930T231428Z.jpg  (510.1 KB, 4.37s)
2026-09-30T13:14:43-10:00job:security_camera_frame_grab | 13:14:32  📷  a-eyes  ch2 → ch2-20260930T231432Z.jpg  (306.1 KB, 4.44s)
2026-09-30T13:14:43-10:00job:security_camera_frame_grab | 13:14:37  📷  a-eyes  ch3 → ch3-20260930T231437Z.jpg  (400.7 KB, 4.42s)
2026-09-30T13:14:43-10:00job:security_camera_frame_grab | 13:14:41  📷  a-eyes  ch4 → ch4-20260930T231441Z.jpg  (11.6 KB, 1.69s)
2026-09-30T13:14:43-10:00ENERGY  status=live  B2=12.8%  B1=76.2%  solar=86 W  ac=81 W  usbc=22 W  src=/home/rootrecord/RootRecord-Ecosystem/2 - RootRecord-Database/Energy  LAP=100%/Full/AC
2026-09-30T13:14:59-10:00  ▸  SUMMARY=delta2 soc=13.16% solar=113W ac_out=— usbc=12W src=ble db=ok
2026-09-30T13:14:59-10:00job:sys_stats_cycle RUN  bash "/home/rootrecord/RootRecord-Ecosystem/1 - Servers/1 - RootRecord-Pacific-Solar-Server/System/scripts/sys-sample.sh"
2026-09-30T13:14:59-10:00job:sys_stats_cycle | SYSTEM  cpu=5%  load=0.99  mem=56%  src=sqlite
2026-09-30T13:14:59-10:00job:sys_stats_cycle | OK wrote /home/rootrecord/RootRecord-Ecosystem/2 - RootRecord-Database/System/samples/sys-20260930-131459.json
2026-09-30T13:15:31-10:00job:github_sync_all | — [ecosystem] no committable local changes
2026-09-30T13:15:31-10:00job:github_sync_all | ↓ [ecosystem] fetching origin/main
2026-09-30T13:15:31-10:00job:github_sync_all | From github.com:RootRecord-Software-Solutions/RootRecord-Ecosystem
2026-09-30T13:15:31-10:00job:github_sync_all | * branch            main       -> FETCH_HEAD
2026-09-30T13:15:31-10:00job:github_sync_all | — [ecosystem] local and GitHub already match
2026-09-30T13:15:31-10:00job:github_sync_all | — [ecosystem] nothing to push
2026-09-30T13:15:31-10:00job:github_sync_all | — [pacific] no local changes
2026-09-30T13:15:31-10:00job:github_sync_all | ↓ [pacific] fetching origin/main
2026-09-30T13:15:31-10:00job:github_sync_all | From github.com:RootRecord-Software-Solutions/RootRecord-Pacific-Solar-Server
2026-09-30T13:15:31-10:00job:github_sync_all | * branch            main       -> FETCH_HEAD
2026-09-30T13:15:31-10:00job:github_sync_all | — [pacific] local and GitHub already match
2026-09-30T13:15:31-10:00job:github_sync_all | — [pacific] nothing to push
2026-09-30T13:15:31-10:00job:github_sync_all | ↑ [database] committed 15 local file(s)
2026-09-30T13:15:31-10:00job:github_sync_all | ↓ [database] fetching origin/main
2026-09-30T13:15:31-10:00job:github_sync_all | From github.com:RootRecord-Software-Solutions/RootRecord-Database
2026-09-30T13:15:31-10:00job:github_sync_all | * branch            main       -> FETCH_HEAD
2026-09-30T13:15:31-10:00job:github_sync_all | ↑ [database] local is ahead of GitHub
2026-09-30T13:15:31-10:00job:github_sync_all | To github.com:RootRecord-Software-Solutions/RootRecord-Database.git
2026-09-30T13:15:31-10:00job:github_sync_all | 465afe4..352ab0f  HEAD -> main
2026-09-30T13:15:31-10:00job:github_sync_all | branch 'main' set up to track 'origin/main'.
2026-09-30T13:15:31-10:00job:github_sync_all | ↑ [database] 15 files → RootRecord-Software-Solutions/RootRecord-Database (main)
2026-09-30T13:15:31-10:00job:github_sync_all | — [library] no local changes
2026-09-30T13:15:31-10:00job:github_sync_all | ↓ [library] fetching origin/main
2026-09-30T13:15:31-10:00job:github_sync_all | From github.com:RootRecord-Software-Solutions/RootRecord-Library
2026-09-30T13:15:31-10:00job:github_sync_all | * branch            main       -> FETCH_HEAD
2026-09-30T13:15:31-10:00job:github_sync_all | — [library] local and GitHub already match
2026-09-30T13:15:31-10:00job:github_sync_all | — [library] nothing to push
2026-09-30T13:15:31-10:00job:github_sync_all | — [skills] no local changes
2026-09-30T13:15:31-10:00job:github_sync_all | ↓ [skills] fetching origin/main
2026-09-30T13:15:31-10:00job:github_sync_all | From github.com:rootrecordsoftwaresolutions/Solar-Pacific-RootRecord-Server
2026-09-30T13:15:31-10:00job:github_sync_all | * branch            main       -> FETCH_HEAD
2026-09-30T13:15:31-10:00job:github_sync_all | — [skills] local and GitHub already match
2026-09-30T13:15:31-10:00job:github_sync_all | — [skills] nothing to push
2026-09-30T13:15:31-10:00job:security_camera_frame_grab RUN  bash "/home/rootrecord/RootRecord-Ecosystem/1 - Servers/1 - RootRecord-Pacific-Solar-Server/Security/Cameras/grab_all.sh"
2026-09-30T13:15:46-10:00job:security_camera_frame_grab | 13:15:32  📷  a-eyes  ch1 → ch1-20260930T231532Z.jpg  (534.7 KB, 4.32s)
2026-09-30T13:15:46-10:00job:security_camera_frame_grab | 13:15:36  📷  a-eyes  ch2 → ch2-20260930T231536Z.jpg  (312.5 KB, 4.38s)
2026-09-30T13:15:46-10:00job:security_camera_frame_grab | 13:15:40  📷  a-eyes  ch3 → ch3-20260930T231540Z.jpg  (402.8 KB, 4.58s)
2026-09-30T13:15:46-10:00job:security_camera_frame_grab | 13:15:45  📷  a-eyes  ch4 → ch4-20260930T231545Z.jpg  (11.6 KB, 1.51s)
2026-09-30T13:15:46-10:00job:service_supervisor RUN  bash "/home/rootrecord/RootRecord-Ecosystem/1 - Servers/1 - RootRecord-Pacific-Solar-Server/Automations/scripts/supervise-services.sh"
2026-09-30T13:15:47-10:00job:service_supervisor | [supervisor] weather alive pid=304140 304463 305661 305866 308654 309134 309348 309668 313159 392716 736568 775116 (act)
2026-09-30T13:15:47-10:00job:service_supervisor | [supervisor] relay alive pid=958969 (act)
2026-09-30T13:15:47-10:00ENERGY  status=live  B2=13.2%  B1=76.2%  solar=113 W  ac=81 W  usbc=12 W  src=/home/rootrecord/RootRecord-Ecosystem/2 - RootRecord-Database/Energy  LAP=100%/Full/AC
2026-09-30T13:16:02-10:00  ▸  SUMMARY=river2pro soc=75.49% solar=0W ac_out=105W usbc=0W src=ble db=ok
2026-09-30T13:16:02-10:00job:sys_stats_cycle RUN  bash "/home/rootrecord/RootRecord-Ecosystem/1 - Servers/1 - RootRecord-Pacific-Solar-Server/System/scripts/sys-sample.sh"
2026-09-30T13:16:03-10:00job:sys_stats_cycle | SYSTEM  cpu=9%  load=0.92  mem=57%  src=sqlite
2026-09-30T13:16:03-10:00job:sys_stats_cycle | OK wrote /home/rootrecord/RootRecord-Ecosystem/2 - RootRecord-Database/System/samples/sys-20260930-131602.json
2026-09-30T13:16:36-10:00job:github_sync_all | — [ecosystem] no committable local changes
2026-09-30T13:16:36-10:00job:github_sync_all | ↓ [ecosystem] fetching origin/main
2026-09-30T13:16:36-10:00job:github_sync_all | From github.com:RootRecord-Software-Solutions/RootRecord-Ecosystem
2026-09-30T13:16:36-10:00job:github_sync_all | * branch            main       -> FETCH_HEAD
2026-09-30T13:16:36-10:00job:github_sync_all | — [ecosystem] local and GitHub already match
2026-09-30T13:16:36-10:00job:github_sync_all | — [ecosystem] nothing to push
2026-09-30T13:16:36-10:00job:github_sync_all | — [pacific] no local changes
2026-09-30T13:16:36-10:00job:github_sync_all | ↓ [pacific] fetching origin/main
2026-09-30T13:16:36-10:00job:github_sync_all | From github.com:RootRecord-Software-Solutions/RootRecord-Pacific-Solar-Server
2026-09-30T13:16:36-10:00job:github_sync_all | * branch            main       -> FETCH_HEAD
2026-09-30T13:16:36-10:00job:github_sync_all | — [pacific] local and GitHub already match
2026-09-30T13:16:36-10:00job:github_sync_all | — [pacific] nothing to push
2026-09-30T13:16:36-10:00job:github_sync_all | ↑ [database] committed 14 local file(s)
2026-09-30T13:16:36-10:00job:github_sync_all | ↓ [database] fetching origin/main
2026-09-30T13:16:36-10:00job:github_sync_all | From github.com:RootRecord-Software-Solutions/RootRecord-Database
2026-09-30T13:16:36-10:00job:github_sync_all | * branch            main       -> FETCH_HEAD
2026-09-30T13:16:36-10:00job:github_sync_all | ↑ [database] local is ahead of GitHub
2026-09-30T13:16:36-10:00job:github_sync_all | To github.com:RootRecord-Software-Solutions/RootRecord-Database.git
2026-09-30T13:16:36-10:00job:github_sync_all | 352ab0f..d344401  HEAD -> main
2026-09-30T13:16:36-10:00job:github_sync_all | branch 'main' set up to track 'origin/main'.
2026-09-30T13:16:36-10:00job:github_sync_all | ↑ [database] 14 files → RootRecord-Software-Solutions/RootRecord-Database (main)
2026-09-30T13:16:36-10:00job:github_sync_all | — [library] no local changes
2026-09-30T13:16:36-10:00job:github_sync_all | ↓ [library] fetching origin/main
2026-09-30T13:16:36-10:00job:github_sync_all | From github.com:RootRecord-Software-Solutions/RootRecord-Library
2026-09-30T13:16:36-10:00job:github_sync_all | * branch            main       -> FETCH_HEAD
2026-09-30T13:16:36-10:00job:github_sync_all | — [library] local and GitHub already match
2026-09-30T13:16:36-10:00job:github_sync_all | — [library] nothing to push
2026-09-30T13:16:36-10:00job:github_sync_all | — [skills] no local changes
2026-09-30T13:16:36-10:00job:github_sync_all | ↓ [skills] fetching origin/main
2026-09-30T13:16:36-10:00job:github_sync_all | From github.com:rootrecordsoftwaresolutions/Solar-Pacific-RootRecord-Server
2026-09-30T13:16:36-10:00job:github_sync_all | * branch            main       -> FETCH_HEAD
2026-09-30T13:16:36-10:00job:github_sync_all | — [skills] local and GitHub already match
2026-09-30T13:16:36-10:00job:github_sync_all | — [skills] nothing to push
2026-09-30T13:16:36-10:00job:worklog_scan RUN  bash "/home/rootrecord/RootRecord-Ecosystem/1 - Servers/1 - RootRecord-Pacific-Solar-Server/Reports/scripts/worklog_once.sh"
2026-09-30T13:16:41-10:00job:worklog_scan | OK wrote/updated /home/rootrecord/RootRecord-Ecosystem/2 - RootRecord-Database/Worklog/worklog_current.md
2026-09-30T13:16:41-10:00job:security_camera_frame_grab RUN  bash "/home/rootrecord/RootRecord-Ecosystem/1 - Servers/1 - RootRecord-Pacific-Solar-Server/Security/Cameras/grab_all.sh"
2026-09-30T13:16:55-10:00job:security_camera_frame_grab | 13:16:41  📷  a-eyes  ch1 → ch1-20260930T231641Z.jpg  (520.7 KB, 4.39s)
2026-09-30T13:16:55-10:00job:security_camera_frame_grab | 13:16:45  📷  a-eyes  ch2 → ch2-20260930T231645Z.jpg  (309.2 KB, 4.39s)
2026-09-30T13:16:55-10:00job:security_camera_frame_grab | 13:16:49  📷  a-eyes  ch3 → ch3-20260930T231649Z.jpg  (369.3 KB, 4.38s)
2026-09-30T13:16:55-10:00job:security_camera_frame_grab | 13:16:54  📷  a-eyes  ch4 → ch4-20260930T231654Z.jpg  (11.6 KB, 1.58s)
2026-09-30T13:16:56-10:00ENERGY  status=live  B2=13.2%  B1=75.5%  solar=113 W  ac=105 W  usbc=12 W  src=/home/rootrecord/RootRecord-Ecosystem/2 - RootRecord-Database/Energy  LAP=100%/Full/AC
2026-09-30T13:17:11-10:00  ▸  SUMMARY=river2pro soc=75.15% solar=0W ac_out=99W usbc=0W src=ble db=ok
2026-09-30T13:17:11-10:00job:sys_stats_cycle RUN  bash "/home/rootrecord/RootRecord-Ecosystem/1 - Servers/1 - RootRecord-Pacific-Solar-Server/System/scripts/sys-sample.sh"
2026-09-30T13:17:12-10:00job:sys_stats_cycle | SYSTEM  cpu=7%  load=1.48  mem=54%  src=sqlite
2026-09-30T13:17:12-10:00job:sys_stats_cycle | OK wrote /home/rootrecord/RootRecord-Ecosystem/2 - RootRecord-Database/System/samples/sys-20260930-131711.json
2026-09-30T13:17:51-10:00job:github_sync_all | ↑ [ecosystem] committed 1 local file(s)
2026-09-30T13:17:51-10:00job:github_sync_all | ↓ [ecosystem] fetching origin/main
2026-09-30T13:17:51-10:00job:github_sync_all | From github.com:RootRecord-Software-Solutions/RootRecord-Ecosystem
2026-09-30T13:17:51-10:00job:github_sync_all | * branch            main       -> FETCH_HEAD
2026-09-30T13:17:51-10:00job:github_sync_all | ↑ [ecosystem] local is ahead of GitHub
2026-09-30T13:17:51-10:00job:github_sync_all | To github.com:RootRecord-Software-Solutions/RootRecord-Ecosystem.git
2026-09-30T13:17:51-10:00job:github_sync_all | f4c1e74..507eb89  HEAD -> main
2026-09-30T13:17:51-10:00job:github_sync_all | branch 'main' set up to track 'origin/main'.
2026-09-30T13:17:51-10:00job:github_sync_all | ↑ [ecosystem] 1 files → RootRecord-Software-Solutions/RootRecord-Ecosystem (main)
2026-09-30T13:17:51-10:00job:github_sync_all | — [pacific] no local changes
2026-09-30T13:17:51-10:00job:github_sync_all | ↓ [pacific] fetching origin/main
2026-09-30T13:17:51-10:00job:github_sync_all | From github.com:RootRecord-Software-Solutions/RootRecord-Pacific-Solar-Server
2026-09-30T13:17:51-10:00job:github_sync_all | * branch            main       -> FETCH_HEAD
2026-09-30T13:17:51-10:00job:github_sync_all | — [pacific] local and GitHub already match
2026-09-30T13:17:51-10:00job:github_sync_all | — [pacific] nothing to push
2026-09-30T13:17:51-10:00job:github_sync_all | ↑ [database] committed 16 local file(s)
2026-09-30T13:17:51-10:00job:github_sync_all | ↓ [database] fetching origin/main
2026-09-30T13:17:51-10:00job:github_sync_all | From github.com:RootRecord-Software-Solutions/RootRecord-Database
2026-09-30T13:17:51-10:00job:github_sync_all | * branch            main       -> FETCH_HEAD
2026-09-30T13:17:51-10:00job:github_sync_all | ↑ [database] local is ahead of GitHub
2026-09-30T13:17:51-10:00job:github_sync_all | To github.com:RootRecord-Software-Solutions/RootRecord-Database.git
2026-09-30T13:17:51-10:00job:github_sync_all | d344401..c7c5eb5  HEAD -> main
2026-09-30T13:17:51-10:00job:github_sync_all | branch 'main' set up to track 'origin/main'.
2026-09-30T13:17:51-10:00job:github_sync_all | ↑ [database] 16 files → RootRecord-Software-Solutions/RootRecord-Database (main)
2026-09-30T13:17:51-10:00job:github_sync_all | — [library] no local changes
2026-09-30T13:17:51-10:00job:github_sync_all | ↓ [library] fetching origin/main
2026-09-30T13:17:51-10:00job:github_sync_all | From github.com:RootRecord-Software-Solutions/RootRecord-Library
2026-09-30T13:17:51-10:00job:github_sync_all | * branch            main       -> FETCH_HEAD
2026-09-30T13:17:51-10:00job:github_sync_all | — [library] local and GitHub already match
2026-09-30T13:17:51-10:00job:github_sync_all | — [library] nothing to push
2026-09-30T13:17:51-10:00job:github_sync_all | — [skills] no local changes
2026-09-30T13:17:51-10:00job:github_sync_all | ↓ [skills] fetching origin/main
2026-09-30T13:17:51-10:00job:github_sync_all | From github.com:rootrecordsoftwaresolutions/Solar-Pacific-RootRecord-Server
2026-09-30T13:17:51-10:00job:github_sync_all | * branch            main       -> FETCH_HEAD
2026-09-30T13:17:51-10:00job:github_sync_all | — [skills] local and GitHub already match
2026-09-30T13:17:51-10:00job:github_sync_all | — [skills] nothing to push
2026-09-30T13:17:51-10:00job:security_camera_frame_grab RUN  bash "/home/rootrecord/RootRecord-Ecosystem/1 - Servers/1 - RootRecord-Pacific-Solar-Server/Security/Cameras/grab_all.sh"
2026-09-30T13:18:06-10:00job:security_camera_frame_grab | 13:17:51  📷  a-eyes  ch1 → ch1-20260930T231751Z.jpg  (527.2 KB, 4.60s)
2026-09-30T13:18:06-10:00job:security_camera_frame_grab | 13:17:56  📷  a-eyes  ch2 → ch2-20260930T231756Z.jpg  (306.3 KB, 4.37s)
2026-09-30T13:18:06-10:00job:security_camera_frame_grab | 13:18:00  📷  a-eyes  ch3 → ch3-20260930T231800Z.jpg  (379.2 KB, 4.38s)
2026-09-30T13:18:06-10:00job:security_camera_frame_grab | 13:18:05  📷  a-eyes  ch4 → ch4-20260930T231805Z.jpg  (11.6 KB, 1.53s)
2026-09-30T13:18:07-10:00ENERGY  status=live  B2=13.2%  B1=75.2%  solar=113 W  ac=99 W  usbc=12 W  src=/home/rootrecord/RootRecord-Ecosystem/2 - RootRecord-Database/Energy  LAP=100%/Full/AC
2026-09-30T13:18:23-10:00  ▸  SUMMARY=river2pro soc=74.81% solar=0W ac_out=96W usbc=0W src=ble db=ok
2026-09-30T13:18:23-10:00job:sys_stats_cycle RUN  bash "/home/rootrecord/RootRecord-Ecosystem/1 - Servers/1 - RootRecord-Pacific-Solar-Server/System/scripts/sys-sample.sh"
2026-09-30T13:18:24-10:00job:sys_stats_cycle | SYSTEM  cpu=6%  load=1.64  mem=54%  src=sqlite
2026-09-30T13:18:24-10:00job:sys_stats_cycle | OK wrote /home/rootrecord/RootRecord-Ecosystem/2 - RootRecord-Database/System/samples/sys-20260930-131823.json
2026-09-30T13:18:56-10:00job:github_sync_all | — [ecosystem] no committable local changes
2026-09-30T13:18:56-10:00job:github_sync_all | ↓ [ecosystem] fetching origin/main
2026-09-30T13:18:56-10:00job:github_sync_all | From github.com:RootRecord-Software-Solutions/RootRecord-Ecosystem
2026-09-30T13:18:56-10:00job:github_sync_all | * branch            main       -> FETCH_HEAD
2026-09-30T13:18:56-10:00job:github_sync_all | — [ecosystem] local and GitHub already match
2026-09-30T13:18:56-10:00job:github_sync_all | — [ecosystem] nothing to push
2026-09-30T13:18:56-10:00job:github_sync_all | — [pacific] no local changes
2026-09-30T13:18:56-10:00job:github_sync_all | ↓ [pacific] fetching origin/main
2026-09-30T13:18:56-10:00job:github_sync_all | From github.com:RootRecord-Software-Solutions/RootRecord-Pacific-Solar-Server
2026-09-30T13:18:56-10:00job:github_sync_all | * branch            main       -> FETCH_HEAD
2026-09-30T13:18:56-10:00job:github_sync_all | — [pacific] local and GitHub already match
2026-09-30T13:18:56-10:00job:github_sync_all | — [pacific] nothing to push
2026-09-30T13:18:56-10:00job:github_sync_all | ↑ [database] committed 12 local file(s)
2026-09-30T13:18:56-10:00job:github_sync_all | ↓ [database] fetching origin/main
2026-09-30T13:18:56-10:00job:github_sync_all | From github.com:RootRecord-Software-Solutions/RootRecord-Database
2026-09-30T13:18:56-10:00job:github_sync_all | * branch            main       -> FETCH_HEAD
2026-09-30T13:18:56-10:00job:github_sync_all | ↑ [database] local is ahead of GitHub
2026-09-30T13:18:56-10:00job:github_sync_all | To github.com:RootRecord-Software-Solutions/RootRecord-Database.git
2026-09-30T13:18:56-10:00job:github_sync_all | c7c5eb5..25b584c  HEAD -> main
2026-09-30T13:18:56-10:00job:github_sync_all | branch 'main' set up to track 'origin/main'.
2026-09-30T13:18:56-10:00job:github_sync_all | ↑ [database] 12 files → RootRecord-Software-Solutions/RootRecord-Database (main)
2026-09-30T13:18:56-10:00job:github_sync_all | — [library] no local changes
2026-09-30T13:18:56-10:00job:github_sync_all | ↓ [library] fetching origin/main
2026-09-30T13:18:56-10:00job:github_sync_all | From github.com:RootRecord-Software-Solutions/RootRecord-Library
2026-09-30T13:18:56-10:00job:github_sync_all | * branch            main       -> FETCH_HEAD
2026-09-30T13:18:56-10:00job:github_sync_all | — [library] local and GitHub already match
2026-09-30T13:18:56-10:00job:github_sync_all | — [library] nothing to push
2026-09-30T13:18:56-10:00job:github_sync_all | — [skills] no local changes
2026-09-30T13:18:56-10:00job:github_sync_all | ↓ [skills] fetching origin/main
2026-09-30T13:18:56-10:00job:github_sync_all | From github.com:rootrecordsoftwaresolutions/Solar-Pacific-RootRecord-Server
2026-09-30T13:18:56-10:00job:github_sync_all | * branch            main       -> FETCH_HEAD
2026-09-30T13:18:56-10:00job:github_sync_all | — [skills] local and GitHub already match
2026-09-30T13:18:56-10:00job:github_sync_all | — [skills] nothing to push
2026-09-30T13:18:56-10:00job:worklog_scan RUN  bash "/home/rootrecord/RootRecord-Ecosystem/1 - Servers/1 - RootRecord-Pacific-Solar-Server/Reports/scripts/worklog_once.sh"
2026-09-30T13:19:00-10:00job:worklog_scan | OK wrote/updated /home/rootrecord/RootRecord-Ecosystem/2 - RootRecord-Database/Worklog/worklog_current.md
2026-09-30T13:19:00-10:00job:security_camera_frame_grab RUN  bash "/home/rootrecord/RootRecord-Ecosystem/1 - Servers/1 - RootRecord-Pacific-Solar-Server/Security/Cameras/grab_all.sh"
2026-09-30T13:19:16-10:00job:security_camera_frame_grab | 13:19:00  📷  a-eyes  ch1 → ch1-20260930T231900Z.jpg  (507.8 KB, 4.58s)
2026-09-30T13:19:16-10:00job:security_camera_frame_grab | 13:19:05  📷  a-eyes  ch2 → ch2-20260930T231905Z.jpg  (303.4 KB, 4.53s)
2026-09-30T13:19:16-10:00job:security_camera_frame_grab | 13:19:10  📷  a-eyes  ch3 → ch3-20260930T231910Z.jpg  (390.5 KB, 4.41s)
2026-09-30T13:19:16-10:00job:security_camera_frame_grab | 13:19:14  📷  a-eyes  ch4 → ch4-20260930T231914Z.jpg  (11.6 KB, 1.55s)
2026-09-30T13:19:16-10:00ENERGY  status=live  B2=13.2%  B1=74.8%  solar=113 W  ac=96 W  usbc=12 W  src=/home/rootrecord/RootRecord-Ecosystem/2 - RootRecord-Database/Energy  LAP=100%/Full/AC
2026-09-30T13:19:31-10:00  ▸  SUMMARY=river2pro soc=74.45% solar=0W ac_out=88W usbc=0W src=ble db=ok
2026-09-30T13:19:31-10:00job:sys_stats_cycle RUN  bash "/home/rootrecord/RootRecord-Ecosystem/1 - Servers/1 - RootRecord-Pacific-Solar-Server/System/scripts/sys-sample.sh"
2026-09-30T13:19:32-10:00job:sys_stats_cycle | SYSTEM  cpu=8%  load=2.22  mem=55%  src=sqlite
2026-09-30T13:19:32-10:00job:sys_stats_cycle | OK wrote /home/rootrecord/RootRecord-Ecosystem/2 - RootRecord-Database/System/samples/sys-20260930-131931.json
2026-09-30T13:20:05-10:00job:github_sync_all | — [ecosystem] no committable local changes
2026-09-30T13:20:05-10:00job:github_sync_all | ↓ [ecosystem] fetching origin/main
2026-09-30T13:20:05-10:00job:github_sync_all | From github.com:RootRecord-Software-Solutions/RootRecord-Ecosystem
2026-09-30T13:20:05-10:00job:github_sync_all | * branch            main       -> FETCH_HEAD
2026-09-30T13:20:05-10:00job:github_sync_all | — [ecosystem] local and GitHub already match
2026-09-30T13:20:05-10:00job:github_sync_all | — [ecosystem] nothing to push
2026-09-30T13:20:05-10:00job:github_sync_all | — [pacific] no local changes
2026-09-30T13:20:05-10:00job:github_sync_all | ↓ [pacific] fetching origin/main
2026-09-30T13:20:05-10:00job:github_sync_all | From github.com:RootRecord-Software-Solutions/RootRecord-Pacific-Solar-Server
2026-09-30T13:20:05-10:00job:github_sync_all | * branch            main       -> FETCH_HEAD
2026-09-30T13:20:05-10:00job:github_sync_all | — [pacific] local and GitHub already match
2026-09-30T13:20:05-10:00job:github_sync_all | — [pacific] nothing to push
2026-09-30T13:20:05-10:00job:github_sync_all | ↑ [database] committed 15 local file(s)
2026-09-30T13:20:05-10:00job:github_sync_all | ↓ [database] fetching origin/main
2026-09-30T13:20:05-10:00job:github_sync_all | From github.com:RootRecord-Software-Solutions/RootRecord-Database
2026-09-30T13:20:05-10:00job:github_sync_all | * branch            main       -> FETCH_HEAD
2026-09-30T13:20:05-10:00job:github_sync_all | ↑ [database] local is ahead of GitHub
2026-09-30T13:20:05-10:00job:github_sync_all | To github.com:RootRecord-Software-Solutions/RootRecord-Database.git
2026-09-30T13:20:05-10:00job:github_sync_all | 25b584c..56b02ac  HEAD -> main
2026-09-30T13:20:05-10:00job:github_sync_all | branch 'main' set up to track 'origin/main'.
2026-09-30T13:20:05-10:00job:github_sync_all | ↑ [database] 15 files → RootRecord-Software-Solutions/RootRecord-Database (main)
2026-09-30T13:20:05-10:00job:github_sync_all | — [library] no local changes
2026-09-30T13:20:05-10:00job:github_sync_all | ↓ [library] fetching origin/main
2026-09-30T13:20:05-10:00job:github_sync_all | From github.com:RootRecord-Software-Solutions/RootRecord-Library
2026-09-30T13:20:05-10:00job:github_sync_all | * branch            main       -> FETCH_HEAD
2026-09-30T13:20:05-10:00job:github_sync_all | — [library] local and GitHub already match
2026-09-30T13:20:05-10:00job:github_sync_all | — [library] nothing to push
2026-09-30T13:20:05-10:00job:github_sync_all | — [skills] no local changes
2026-09-30T13:20:05-10:00job:github_sync_all | ↓ [skills] fetching origin/main
2026-09-30T13:20:05-10:00job:github_sync_all | From github.com:rootrecordsoftwaresolutions/Solar-Pacific-RootRecord-Server
2026-09-30T13:20:05-10:00job:github_sync_all | * branch            main       -> FETCH_HEAD
2026-09-30T13:20:05-10:00job:github_sync_all | — [skills] local and GitHub already match
2026-09-30T13:20:05-10:00job:github_sync_all | — [skills] nothing to push
2026-09-30T13:20:05-10:00job:security_camera_frame_grab RUN  bash "/home/rootrecord/RootRecord-Ecosystem/1 - Servers/1 - RootRecord-Pacific-Solar-Server/Security/Cameras/grab_all.sh"
2026-09-30T13:20:20-10:00job:security_camera_frame_grab | 13:20:05  📷  a-eyes  ch1 → ch1-20260930T232005Z.jpg  (508.1 KB, 4.42s)
2026-09-30T13:20:20-10:00job:security_camera_frame_grab | 13:20:10  📷  a-eyes  ch2 → ch2-20260930T232010Z.jpg  (300.8 KB, 4.48s)
2026-09-30T13:20:20-10:00job:security_camera_frame_grab | 13:20:14  📷  a-eyes  ch3 → ch3-20260930T232014Z.jpg  (408.1 KB, 4.45s)
2026-09-30T13:20:20-10:00job:security_camera_frame_grab | 13:20:19  📷  a-eyes  ch4 → ch4-20260930T232019Z.jpg  (11.7 KB, 1.60s)
2026-09-30T13:20:21-10:00ENERGY  status=live  B2=13.2%  B1=74.5%  solar=113 W  ac=88 W  usbc=12 W  src=/home/rootrecord/RootRecord-Ecosystem/2 - RootRecord-Database/Energy  LAP=100%/Full/AC
2026-09-30T13:20:36-10:00  ▸  SUMMARY=delta2 soc=14.07% solar=115W ac_out=— usbc=14W src=ble db=ok
2026-09-30T13:20:36-10:00job:sys_stats_cycle RUN  bash "/home/rootrecord/RootRecord-Ecosystem/1 - Servers/1 - RootRecord-Pacific-Solar-Server/System/scripts/sys-sample.sh"
2026-09-30T13:20:37-10:00job:sys_stats_cycle | SYSTEM  cpu=9%  load=2.11  mem=55%  src=sqlite
2026-09-30T13:20:37-10:00job:sys_stats_cycle | OK wrote /home/rootrecord/RootRecord-Ecosystem/2 - RootRecord-Database/System/samples/sys-20260930-132036.json
2026-09-30T13:21:10-10:00job:github_sync_all | — [ecosystem] no committable local changes
2026-09-30T13:21:10-10:00job:github_sync_all | ↓ [ecosystem] fetching origin/main
2026-09-30T13:21:10-10:00job:github_sync_all | From github.com:RootRecord-Software-Solutions/RootRecord-Ecosystem
2026-09-30T13:21:10-10:00job:github_sync_all | * branch            main       -> FETCH_HEAD
2026-09-30T13:21:10-10:00job:github_sync_all | — [ecosystem] local and GitHub already match
2026-09-30T13:21:10-10:00job:github_sync_all | — [ecosystem] nothing to push
2026-09-30T13:21:10-10:00job:github_sync_all | — [pacific] no local changes
2026-09-30T13:21:10-10:00job:github_sync_all | ↓ [pacific] fetching origin/main
2026-09-30T13:21:10-10:00job:github_sync_all | From github.com:RootRecord-Software-Solutions/RootRecord-Pacific-Solar-Server
2026-09-30T13:21:10-10:00job:github_sync_all | * branch            main       -> FETCH_HEAD
2026-09-30T13:21:10-10:00job:github_sync_all | — [pacific] local and GitHub already match
2026-09-30T13:21:10-10:00job:github_sync_all | — [pacific] nothing to push
2026-09-30T13:21:10-10:00job:github_sync_all | ↑ [database] committed 13 local file(s)
2026-09-30T13:21:10-10:00job:github_sync_all | ↓ [database] fetching origin/main
2026-09-30T13:21:10-10:00job:github_sync_all | From github.com:RootRecord-Software-Solutions/RootRecord-Database
2026-09-30T13:21:10-10:00job:github_sync_all | * branch            main       -> FETCH_HEAD
2026-09-30T13:21:10-10:00job:github_sync_all | ↑ [database] local is ahead of GitHub
2026-09-30T13:21:10-10:00job:github_sync_all | To github.com:RootRecord-Software-Solutions/RootRecord-Database.git
2026-09-30T13:21:10-10:00job:github_sync_all | 56b02ac..85363d4  HEAD -> main
2026-09-30T13:21:10-10:00job:github_sync_all | branch 'main' set up to track 'origin/main'.
2026-09-30T13:21:10-10:00job:github_sync_all | ↑ [database] 13 files → RootRecord-Software-Solutions/RootRecord-Database (main)
2026-09-30T13:21:10-10:00job:github_sync_all | — [library] no local changes
2026-09-30T13:21:10-10:00job:github_sync_all | ↓ [library] fetching origin/main
2026-09-30T13:21:10-10:00job:github_sync_all | From github.com:RootRecord-Software-Solutions/RootRecord-Library
2026-09-30T13:21:10-10:00job:github_sync_all | * branch            main       -> FETCH_HEAD
2026-09-30T13:21:10-10:00job:github_sync_all | — [library] local and GitHub already match
2026-09-30T13:21:10-10:00job:github_sync_all | — [library] nothing to push
2026-09-30T13:21:10-10:00job:github_sync_all | — [skills] no local changes
2026-09-30T13:21:10-10:00job:github_sync_all | ↓ [skills] fetching origin/main
2026-09-30T13:21:10-10:00job:github_sync_all | From github.com:rootrecordsoftwaresolutions/Solar-Pacific-RootRecord-Server
2026-09-30T13:21:10-10:00job:github_sync_all | * branch            main       -> FETCH_HEAD
2026-09-30T13:21:10-10:00job:github_sync_all | — [skills] local and GitHub already match
2026-09-30T13:21:10-10:00job:github_sync_all | — [skills] nothing to push
2026-09-30T13:21:10-10:00job:worklog_scan RUN  bash "/home/rootrecord/RootRecord-Ecosystem/1 - Servers/1 - RootRecord-Pacific-Solar-Server/Reports/scripts/worklog_once.sh"
2026-09-30T13:21:18-10:00job:worklog_scan | OK wrote/updated /home/rootrecord/RootRecord-Ecosystem/2 - RootRecord-Database/Worklog/worklog_current.md
2026-09-30T13:21:18-10:00job:security_camera_frame_grab RUN  bash "/home/rootrecord/RootRecord-Ecosystem/1 - Servers/1 - RootRecord-Pacific-Solar-Server/Security/Cameras/grab_all.sh"
2026-09-30T13:21:33-10:00job:security_camera_frame_grab | 13:21:18  📷  a-eyes  ch1 → ch1-20260930T232118Z.jpg  (528.0 KB, 4.25s)
2026-09-30T13:21:33-10:00job:security_camera_frame_grab | 13:21:23  📷  a-eyes  ch2 → ch2-20260930T232123Z.jpg  (306.8 KB, 4.47s)
2026-09-30T13:21:33-10:00job:security_camera_frame_grab | 13:21:27  📷  a-eyes  ch3 → ch3-20260930T232127Z.jpg  (407.4 KB, 4.40s)
2026-09-30T13:21:33-10:00job:security_camera_frame_grab | 13:21:32  📷  a-eyes  ch4 → ch4-20260930T232132Z.jpg  (11.7 KB, 1.50s)
2026-09-30T13:21:33-10:00job:service_supervisor RUN  bash "/home/rootrecord/RootRecord-Ecosystem/1 - Servers/1 - RootRecord-Pacific-Solar-Server/Automations/scripts/supervise-services.sh"
2026-09-30T13:21:33-10:00job:service_supervisor | [supervisor] weather alive pid=304140 304463 305661 305866 308654 309134 309348 309668 313159 392716 736568 775116 (act)
2026-09-30T13:21:33-10:00job:service_supervisor | [supervisor] relay alive pid=958969 (act)
2026-09-30T13:21:34-10:00ENERGY  status=live  B2=14.1%  B1=74.5%  solar=115 W  ac=88 W  usbc=14 W  src=/home/rootrecord/RootRecord-Ecosystem/2 - RootRecord-Database/Energy  LAP=100%/Full/AC
2026-09-30T13:21:49-10:00  ▸  SUMMARY=delta2 soc=14.27% solar=112W ac_out=— usbc=14W src=ble db=ok
2026-09-30T13:21:49-10:00job:sys_stats_cycle RUN  bash "/home/rootrecord/RootRecord-Ecosystem/1 - Servers/1 - RootRecord-Pacific-Solar-Server/System/scripts/sys-sample.sh"
2026-09-30T13:21:50-10:00job:sys_stats_cycle | SYSTEM  cpu=21%  load=1.43  mem=55%  src=sqlite
2026-09-30T13:21:50-10:00job:sys_stats_cycle | OK wrote /home/rootrecord/RootRecord-Ecosystem/2 - RootRecord-Database/System/samples/sys-20260930-132149.json
2026-09-30T13:22:27-10:00job:github_sync_all | ↑ [ecosystem] committed 3 local file(s)
2026-09-30T13:22:27-10:00job:github_sync_all | ↓ [ecosystem] fetching origin/main
2026-09-30T13:22:27-10:00job:github_sync_all | From github.com:RootRecord-Software-Solutions/RootRecord-Ecosystem
2026-09-30T13:22:27-10:00job:github_sync_all | * branch            main       -> FETCH_HEAD
2026-09-30T13:22:27-10:00job:github_sync_all | ↑ [ecosystem] local is ahead of GitHub
2026-09-30T13:22:27-10:00job:github_sync_all | To github.com:RootRecord-Software-Solutions/RootRecord-Ecosystem.git
2026-09-30T13:22:27-10:00job:github_sync_all | 507eb89..4da99f8  HEAD -> main
2026-09-30T13:22:27-10:00job:github_sync_all | branch 'main' set up to track 'origin/main'.
2026-09-30T13:22:27-10:00job:github_sync_all | ↑ [ecosystem] 3 files → RootRecord-Software-Solutions/RootRecord-Ecosystem (main)
2026-09-30T13:22:27-10:00job:github_sync_all | — [pacific] no local changes
2026-09-30T13:22:27-10:00job:github_sync_all | ↓ [pacific] fetching origin/main
2026-09-30T13:22:27-10:00job:github_sync_all | From github.com:RootRecord-Software-Solutions/RootRecord-Pacific-Solar-Server
2026-09-30T13:22:27-10:00job:github_sync_all | * branch            main       -> FETCH_HEAD
2026-09-30T13:22:27-10:00job:github_sync_all | — [pacific] local and GitHub already match
2026-09-30T13:22:27-10:00job:github_sync_all | — [pacific] nothing to push
2026-09-30T13:22:27-10:00job:github_sync_all | ↑ [database] committed 18 local file(s)
2026-09-30T13:22:27-10:00job:github_sync_all | ↓ [database] fetching origin/main
2026-09-30T13:22:27-10:00job:github_sync_all | From github.com:RootRecord-Software-Solutions/RootRecord-Database
2026-09-30T13:22:27-10:00job:github_sync_all | * branch            main       -> FETCH_HEAD
2026-09-30T13:22:27-10:00job:github_sync_all | ↑ [database] local is ahead of GitHub
2026-09-30T13:22:27-10:00job:github_sync_all | To github.com:RootRecord-Software-Solutions/RootRecord-Database.git
2026-09-30T13:22:27-10:00job:github_sync_all | 85363d4..5ed1762  HEAD -> main
2026-09-30T13:22:27-10:00job:github_sync_all | branch 'main' set up to track 'origin/main'.
2026-09-30T13:22:27-10:00job:github_sync_all | ↑ [database] 18 files → RootRecord-Software-Solutions/RootRecord-Database (main)
2026-09-30T13:22:27-10:00job:github_sync_all | — [library] no local changes
2026-09-30T13:22:27-10:00job:github_sync_all | ↓ [library] fetching origin/main
2026-09-30T13:22:27-10:00job:github_sync_all | From github.com:RootRecord-Software-Solutions/RootRecord-Library
2026-09-30T13:22:27-10:00job:github_sync_all | * branch            main       -> FETCH_HEAD
2026-09-30T13:22:27-10:00job:github_sync_all | — [library] local and GitHub already match
2026-09-30T13:22:27-10:00job:github_sync_all | — [library] nothing to push
2026-09-30T13:22:27-10:00job:github_sync_all | — [skills] no local changes
2026-09-30T13:22:27-10:00job:github_sync_all | ↓ [skills] fetching origin/main
2026-09-30T13:22:27-10:00job:github_sync_all | From github.com:rootrecordsoftwaresolutions/Solar-Pacific-RootRecord-Server
2026-09-30T13:22:27-10:00job:github_sync_all | * branch            main       -> FETCH_HEAD
2026-09-30T13:22:27-10:00job:github_sync_all | — [skills] local and GitHub already match
2026-09-30T13:22:27-10:00job:github_sync_all | — [skills] nothing to push
2026-09-30T13:22:27-10:00job:security_camera_frame_grab RUN  bash "/home/rootrecord/RootRecord-Ecosystem/1 - Servers/1 - RootRecord-Pacific-Solar-Server/Security/Cameras/grab_all.sh"
2026-09-30T13:22:42-10:00job:security_camera_frame_grab | 13:22:27  📷  a-eyes  ch1 → ch1-20260930T232227Z.jpg  (546.1 KB, 4.68s)
2026-09-30T13:22:42-10:00job:security_camera_frame_grab | 13:22:31  📷  a-eyes  ch2 → ch2-20260930T232231Z.jpg  (305.7 KB, 4.56s)
2026-09-30T13:22:42-10:00job:security_camera_frame_grab | 13:22:36  📷  a-eyes  ch3 → ch3-20260930T232236Z.jpg  (415.1 KB, 4.53s)
2026-09-30T13:22:42-10:00job:security_camera_frame_grab | 13:22:40  📷  a-eyes  ch4 → ch4-20260930T232240Z.jpg  (11.7 KB, 1.60s)
2026-09-30T13:22:42-10:00ENERGY  status=live  B2=14.3%  B1=74.5%  solar=112 W  ac=88 W  usbc=14 W  src=/home/rootrecord/RootRecord-Ecosystem/2 - RootRecord-Database/Energy  LAP=100%/Full/AC
2026-09-30T13:22:58-10:00  ▸  SUMMARY=delta2 soc=14.47% solar=103W ac_out=— usbc=16W src=ble db=ok
2026-09-30T13:22:58-10:00job:sys_stats_cycle RUN  bash "/home/rootrecord/RootRecord-Ecosystem/1 - Servers/1 - RootRecord-Pacific-Solar-Server/System/scripts/sys-sample.sh"
2026-09-30T13:22:59-10:00job:sys_stats_cycle | SYSTEM  cpu=6%  load=0.94  mem=57%  src=sqlite
2026-09-30T13:22:59-10:00job:sys_stats_cycle | OK wrote /home/rootrecord/RootRecord-Ecosystem/2 - RootRecord-Database/System/samples/sys-20260930-132258.json
2026-09-30T13:23:32-10:00job:github_sync_all | — [ecosystem] no committable local changes
2026-09-30T13:23:32-10:00job:github_sync_all | ↓ [ecosystem] fetching origin/main
2026-09-30T13:23:32-10:00job:github_sync_all | From github.com:RootRecord-Software-Solutions/RootRecord-Ecosystem
2026-09-30T13:23:32-10:00job:github_sync_all | * branch            main       -> FETCH_HEAD
2026-09-30T13:23:32-10:00job:github_sync_all | — [ecosystem] local and GitHub already match
2026-09-30T13:23:32-10:00job:github_sync_all | — [ecosystem] nothing to push
2026-09-30T13:23:32-10:00job:github_sync_all | — [pacific] no local changes
2026-09-30T13:23:32-10:00job:github_sync_all | ↓ [pacific] fetching origin/main
2026-09-30T13:23:32-10:00job:github_sync_all | From github.com:RootRecord-Software-Solutions/RootRecord-Pacific-Solar-Server
2026-09-30T13:23:32-10:00job:github_sync_all | * branch            main       -> FETCH_HEAD
2026-09-30T13:23:32-10:00job:github_sync_all | — [pacific] local and GitHub already match
2026-09-30T13:23:32-10:00job:github_sync_all | — [pacific] nothing to push
2026-09-30T13:23:32-10:00job:github_sync_all | ↑ [database] committed 13 local file(s)
2026-09-30T13:23:32-10:00job:github_sync_all | ↓ [database] fetching origin/main
2026-09-30T13:23:32-10:00job:github_sync_all | From github.com:RootRecord-Software-Solutions/RootRecord-Database
2026-09-30T13:23:32-10:00job:github_sync_all | * branch            main       -> FETCH_HEAD
2026-09-30T13:23:32-10:00job:github_sync_all | ↑ [database] local is ahead of GitHub
2026-09-30T13:23:32-10:00job:github_sync_all | To github.com:RootRecord-Software-Solutions/RootRecord-Database.git
2026-09-30T13:23:32-10:00job:github_sync_all | 5ed1762..d5e7746  HEAD -> main
2026-09-30T13:23:32-10:00job:github_sync_all | branch 'main' set up to track 'origin/main'.
2026-09-30T13:23:32-10:00job:github_sync_all | ↑ [database] 13 files → RootRecord-Software-Solutions/RootRecord-Database (main)
2026-09-30T13:23:32-10:00job:github_sync_all | — [library] no local changes
2026-09-30T13:23:32-10:00job:github_sync_all | ↓ [library] fetching origin/main
2026-09-30T13:23:32-10:00job:github_sync_all | From github.com:RootRecord-Software-Solutions/RootRecord-Library
2026-09-30T13:23:32-10:00job:github_sync_all | * branch            main       -> FETCH_HEAD
2026-09-30T13:23:32-10:00job:github_sync_all | — [library] local and GitHub already match
2026-09-30T13:23:32-10:00job:github_sync_all | — [library] nothing to push
2026-09-30T13:23:32-10:00job:github_sync_all | — [skills] no local changes
2026-09-30T13:23:32-10:00job:github_sync_all | ↓ [skills] fetching origin/main
2026-09-30T13:23:32-10:00job:github_sync_all | From github.com:rootrecordsoftwaresolutions/Solar-Pacific-RootRecord-Server
2026-09-30T13:23:32-10:00job:github_sync_all | * branch            main       -> FETCH_HEAD
2026-09-30T13:23:32-10:00job:github_sync_all | — [skills] local and GitHub already match
2026-09-30T13:23:32-10:00job:github_sync_all | — [skills] nothing to push
2026-09-30T13:23:32-10:00job:worklog_scan RUN  bash "/home/rootrecord/RootRecord-Ecosystem/1 - Servers/1 - RootRecord-Pacific-Solar-Server/Reports/scripts/worklog_once.sh"
2026-09-30T13:23:38-10:00job:worklog_scan | OK wrote/updated /home/rootrecord/RootRecord-Ecosystem/2 - RootRecord-Database/Worklog/worklog_current.md
2026-09-30T13:23:38-10:00job:security_camera_frame_grab RUN  bash "/home/rootrecord/RootRecord-Ecosystem/1 - Servers/1 - RootRecord-Pacific-Solar-Server/Security/Cameras/grab_all.sh"
2026-09-30T13:23:54-10:00job:security_camera_frame_grab | 13:23:39  📷  a-eyes  ch1 → ch1-20260930T232339Z.jpg  (523.4 KB, 4.48s)
2026-09-30T13:23:54-10:00job:security_camera_frame_grab | 13:23:43  📷  a-eyes  ch2 → ch2-20260930T232343Z.jpg  (294.1 KB, 4.47s)
2026-09-30T13:23:54-10:00job:security_camera_frame_grab | 13:23:48  📷  a-eyes  ch3 → ch3-20260930T232348Z.jpg  (403.3 KB, 4.58s)
2026-09-30T13:23:54-10:00job:security_camera_frame_grab | 13:23:52  📷  a-eyes  ch4 → ch4-20260930T232352Z.jpg  (11.8 KB, 1.48s)
2026-09-30T13:23:54-10:00ENERGY  status=live  B2=14.5%  B1=74.5%  solar=103 W  ac=88 W  usbc=16 W  src=/home/rootrecord/RootRecord-Ecosystem/2 - RootRecord-Database/Energy  LAP=100%/Full/AC
2026-09-30T13:24:09-10:00  ▸  SUMMARY=delta2 soc=14.67% solar=90W ac_out=— usbc=16W src=ble db=ok
2026-09-30T13:24:09-10:00job:sys_stats_cycle RUN  bash "/home/rootrecord/RootRecord-Ecosystem/1 - Servers/1 - RootRecord-Pacific-Solar-Server/System/scripts/sys-sample.sh"
2026-09-30T13:24:10-10:00job:sys_stats_cycle | SYSTEM  cpu=6%  load=2.14  mem=56%  src=sqlite
2026-09-30T13:24:10-10:00job:sys_stats_cycle | OK wrote /home/rootrecord/RootRecord-Ecosystem/2 - RootRecord-Database/System/samples/sys-20260930-132409.json
2026-09-30T13:24:50-10:00job:github_sync_all | ↑ [ecosystem] committed 2 local file(s)
2026-09-30T13:24:50-10:00job:github_sync_all | ↓ [ecosystem] fetching origin/main
2026-09-30T13:24:50-10:00job:github_sync_all | From github.com:RootRecord-Software-Solutions/RootRecord-Ecosystem
2026-09-30T13:24:50-10:00job:github_sync_all | * branch            main       -> FETCH_HEAD
2026-09-30T13:24:50-10:00job:github_sync_all | ↑ [ecosystem] local is ahead of GitHub
2026-09-30T13:24:50-10:00job:github_sync_all | To github.com:RootRecord-Software-Solutions/RootRecord-Ecosystem.git
2026-09-30T13:24:50-10:00job:github_sync_all | 4da99f8..cc35c10  HEAD -> main
2026-09-30T13:24:50-10:00job:github_sync_all | branch 'main' set up to track 'origin/main'.
2026-09-30T13:24:50-10:00job:github_sync_all | ↑ [ecosystem] 2 files → RootRecord-Software-Solutions/RootRecord-Ecosystem (main)
2026-09-30T13:24:50-10:00job:github_sync_all | ↑ [pacific] committed 1 local file(s)
2026-09-30T13:24:50-10:00job:github_sync_all | ↓ [pacific] fetching origin/main
2026-09-30T13:24:50-10:00job:github_sync_all | From github.com:RootRecord-Software-Solutions/RootRecord-Pacific-Solar-Server
2026-09-30T13:24:50-10:00job:github_sync_all | * branch            main       -> FETCH_HEAD
2026-09-30T13:24:50-10:00job:github_sync_all | ↑ [pacific] local is ahead of GitHub
2026-09-30T13:24:50-10:00job:github_sync_all | To github.com:RootRecord-Software-Solutions/RootRecord-Pacific-Solar-Server.git
2026-09-30T13:24:50-10:00job:github_sync_all | 309af1e..f98d715  HEAD -> main
2026-09-30T13:24:50-10:00job:github_sync_all | branch 'main' set up to track 'origin/main'.
2026-09-30T13:24:50-10:00job:github_sync_all | ↑ [pacific] 1 files → RootRecord-Software-Solutions/RootRecord-Pacific-Solar-Server (main)
2026-09-30T13:24:50-10:00job:github_sync_all | ↑ [database] committed 17 local file(s)
2026-09-30T13:24:50-10:00job:github_sync_all | ↓ [database] fetching origin/main
2026-09-30T13:24:50-10:00job:github_sync_all | From github.com:RootRecord-Software-Solutions/RootRecord-Database
2026-09-30T13:24:50-10:00job:github_sync_all | * branch            main       -> FETCH_HEAD
2026-09-30T13:24:50-10:00job:github_sync_all | ↑ [database] local is ahead of GitHub
2026-09-30T13:24:50-10:00job:github_sync_all | To github.com:RootRecord-Software-Solutions/RootRecord-Database.git
2026-09-30T13:24:50-10:00job:github_sync_all | d5e7746..429667c  HEAD -> main
2026-09-30T13:24:50-10:00job:github_sync_all | branch 'main' set up to track 'origin/main'.
2026-09-30T13:24:50-10:00job:github_sync_all | ↑ [database] 17 files → RootRecord-Software-Solutions/RootRecord-Database (main)
2026-09-30T13:24:50-10:00job:github_sync_all | — [library] no local changes
2026-09-30T13:24:50-10:00job:github_sync_all | ↓ [library] fetching origin/main
2026-09-30T13:24:50-10:00job:github_sync_all | From github.com:RootRecord-Software-Solutions/RootRecord-Library
2026-09-30T13:24:50-10:00job:github_sync_all | * branch            main       -> FETCH_HEAD
2026-09-30T13:24:50-10:00job:github_sync_all | — [library] local and GitHub already match
2026-09-30T13:24:50-10:00job:github_sync_all | — [library] nothing to push
2026-09-30T13:24:50-10:00job:github_sync_all | — [skills] no local changes
2026-09-30T13:24:50-10:00job:github_sync_all | ↓ [skills] fetching origin/main
2026-09-30T13:24:50-10:00job:github_sync_all | From github.com:rootrecordsoftwaresolutions/Solar-Pacific-RootRecord-Server
2026-09-30T13:24:50-10:00job:github_sync_all | * branch            main       -> FETCH_HEAD
2026-09-30T13:24:50-10:00job:github_sync_all | — [skills] local and GitHub already match
2026-09-30T13:24:50-10:00job:github_sync_all | — [skills] nothing to push
2026-09-30T13:24:50-10:00job:security_camera_frame_grab RUN  bash "/home/rootrecord/RootRecord-Ecosystem/1 - Servers/1 - RootRecord-Pacific-Solar-Server/Security/Cameras/grab_all.sh"
2026-09-30T13:25:06-10:00job:security_camera_frame_grab | 13:24:51  📷  a-eyes  ch1 → ch1-20260930T232451Z.jpg  (493.9 KB, 4.67s)
2026-09-30T13:25:06-10:00job:security_camera_frame_grab | 13:24:55  📷  a-eyes  ch2 → ch2-20260930T232455Z.jpg  (294.1 KB, 4.38s)
2026-09-30T13:25:06-10:00job:security_camera_frame_grab | 13:25:00  📷  a-eyes  ch3 → ch3-20260930T232500Z.jpg  (411.0 KB, 4.38s)
2026-09-30T13:25:06-10:00job:security_camera_frame_grab | 13:25:04  📷  a-eyes  ch4 → ch4-20260930T232504Z.jpg  (11.7 KB, 1.53s)
2026-09-30T13:25:06-10:00ENERGY  status=live  B2=14.7%  B1=74.5%  solar=90 W  ac=88 W  usbc=16 W  src=/home/rootrecord/RootRecord-Ecosystem/2 - RootRecord-Database/Energy  LAP=100%/Full/AC
2026-09-30T13:25:21-10:00  ▸  SUMMARY=river2pro soc=72.75% solar=0W ac_out=84W usbc=0W src=ble db=ok
2026-09-30T13:25:21-10:00job:sys_stats_cycle RUN  bash "/home/rootrecord/RootRecord-Ecosystem/1 - Servers/1 - RootRecord-Pacific-Solar-Server/System/scripts/sys-sample.sh"
2026-09-30T13:25:22-10:00job:sys_stats_cycle | SYSTEM  cpu=5%  load=2.04  mem=54%  src=sqlite
2026-09-30T13:25:22-10:00job:sys_stats_cycle | OK wrote /home/rootrecord/RootRecord-Ecosystem/2 - RootRecord-Database/System/samples/sys-20260930-132522.json
2026-09-30T13:26:00-10:00job:github_sync_all | ↑ [ecosystem] committed 1 local file(s)
2026-09-30T13:26:00-10:00job:github_sync_all | ↓ [ecosystem] fetching origin/main
2026-09-30T13:26:00-10:00job:github_sync_all | From github.com:RootRecord-Software-Solutions/RootRecord-Ecosystem
2026-09-30T13:26:00-10:00job:github_sync_all | * branch            main       -> FETCH_HEAD
2026-09-30T13:26:00-10:00job:github_sync_all | ↑ [ecosystem] local is ahead of GitHub
2026-09-30T13:26:00-10:00job:github_sync_all | To github.com:RootRecord-Software-Solutions/RootRecord-Ecosystem.git
2026-09-30T13:26:00-10:00job:github_sync_all | cc35c10..af4bef5  HEAD -> main
2026-09-30T13:26:00-10:00job:github_sync_all | branch 'main' set up to track 'origin/main'.
2026-09-30T13:26:00-10:00job:github_sync_all | ↑ [ecosystem] 1 files → RootRecord-Software-Solutions/RootRecord-Ecosystem (main)
2026-09-30T13:26:00-10:00job:github_sync_all | — [pacific] no local changes
2026-09-30T13:26:00-10:00job:github_sync_all | ↓ [pacific] fetching origin/main
2026-09-30T13:26:00-10:00job:github_sync_all | From github.com:RootRecord-Software-Solutions/RootRecord-Pacific-Solar-Server
2026-09-30T13:26:00-10:00job:github_sync_all | * branch            main       -> FETCH_HEAD
2026-09-30T13:26:00-10:00job:github_sync_all | — [pacific] local and GitHub already match
2026-09-30T13:26:00-10:00job:github_sync_all | — [pacific] nothing to push
2026-09-30T13:26:00-10:00job:github_sync_all | ↑ [database] committed 13 local file(s)
2026-09-30T13:26:00-10:00job:github_sync_all | ↓ [database] fetching origin/main
2026-09-30T13:26:00-10:00job:github_sync_all | From github.com:RootRecord-Software-Solutions/RootRecord-Database
2026-09-30T13:26:00-10:00job:github_sync_all | * branch            main       -> FETCH_HEAD
2026-09-30T13:26:00-10:00job:github_sync_all | ↑ [database] local is ahead of GitHub
2026-09-30T13:26:00-10:00job:github_sync_all | To github.com:RootRecord-Software-Solutions/RootRecord-Database.git
2026-09-30T13:26:00-10:00job:github_sync_all | 429667c..296355b  HEAD -> main
2026-09-30T13:26:00-10:00job:github_sync_all | branch 'main' set up to track 'origin/main'.
2026-09-30T13:26:00-10:00job:github_sync_all | ↑ [database] 13 files → RootRecord-Software-Solutions/RootRecord-Database (main)
2026-09-30T13:26:00-10:00job:github_sync_all | — [library] no local changes
2026-09-30T13:26:00-10:00job:github_sync_all | ↓ [library] fetching origin/main
2026-09-30T13:26:00-10:00job:github_sync_all | From github.com:RootRecord-Software-Solutions/RootRecord-Library
2026-09-30T13:26:00-10:00job:github_sync_all | * branch            main       -> FETCH_HEAD
2026-09-30T13:26:00-10:00job:github_sync_all | — [library] local and GitHub already match
2026-09-30T13:26:00-10:00job:github_sync_all | — [library] nothing to push
2026-09-30T13:26:00-10:00job:github_sync_all | — [skills] no local changes
2026-09-30T13:26:00-10:00job:github_sync_all | ↓ [skills] fetching origin/main
2026-09-30T13:26:00-10:00job:github_sync_all | From github.com:rootrecordsoftwaresolutions/Solar-Pacific-RootRecord-Server
2026-09-30T13:26:00-10:00job:github_sync_all | * branch            main       -> FETCH_HEAD
2026-09-30T13:26:00-10:00job:github_sync_all | — [skills] local and GitHub already match
2026-09-30T13:26:00-10:00job:github_sync_all | — [skills] nothing to push
2026-09-30T13:26:00-10:00job:worklog_scan RUN  bash "/home/rootrecord/RootRecord-Ecosystem/1 - Servers/1 - RootRecord-Pacific-Solar-Server/Reports/scripts/worklog_once.sh"
2026-09-30T13:26:04-10:00job:worklog_scan | OK wrote/updated /home/rootrecord/RootRecord-Ecosystem/2 - RootRecord-Database/Worklog/worklog_current.md
2026-09-30T13:26:04-10:00job:security_camera_frame_grab RUN  bash "/home/rootrecord/RootRecord-Ecosystem/1 - Servers/1 - RootRecord-Pacific-Solar-Server/Security/Cameras/grab_all.sh"
2026-09-30T13:26:19-10:00job:security_camera_frame_grab | 13:26:04  📷  a-eyes  ch1 → ch1-20260930T232604Z.jpg  (566.5 KB, 4.27s)
2026-09-30T13:26:19-10:00job:security_camera_frame_grab | 13:26:09  📷  a-eyes  ch2 → ch2-20260930T232609Z.jpg  (300.0 KB, 4.48s)
2026-09-30T13:26:19-10:00job:security_camera_frame_grab | 13:26:13  📷  a-eyes  ch3 → ch3-20260930T232613Z.jpg  (423.2 KB, 4.37s)
2026-09-30T13:26:19-10:00job:security_camera_frame_grab | 13:26:18  📷  a-eyes  ch4 → ch4-20260930T232618Z.jpg  (11.7 KB, 1.57s)
2026-09-30T13:26:20-10:00ENERGY  status=live  B2=14.7%  B1=72.8%  solar=90 W  ac=84 W  usbc=16 W  src=/home/rootrecord/RootRecord-Ecosystem/2 - RootRecord-Database/Energy  LAP=100%/Full/AC
2026-09-30T13:26:35-10:00  ▸  SUMMARY=delta2 soc=14.87% solar=91W ac_out=— usbc=15W src=ble db=ok
2026-09-30T13:26:35-10:00job:sys_stats_cycle RUN  bash "/home/rootrecord/RootRecord-Ecosystem/1 - Servers/1 - RootRecord-Pacific-Solar-Server/System/scripts/sys-sample.sh"
2026-09-30T13:26:36-10:00job:sys_stats_cycle | SYSTEM  cpu=10%  load=1.62  mem=55%  src=sqlite
2026-09-30T13:26:36-10:00job:sys_stats_cycle | OK wrote /home/rootrecord/RootRecord-Ecosystem/2 - RootRecord-Database/System/samples/sys-20260930-132635.json
2026-09-30T13:27:09-10:00job:github_sync_all | — [ecosystem] no committable local changes
2026-09-30T13:27:09-10:00job:github_sync_all | ↓ [ecosystem] fetching origin/main
2026-09-30T13:27:09-10:00job:github_sync_all | From github.com:RootRecord-Software-Solutions/RootRecord-Ecosystem
2026-09-30T13:27:09-10:00job:github_sync_all | * branch            main       -> FETCH_HEAD
2026-09-30T13:27:09-10:00job:github_sync_all | — [ecosystem] local and GitHub already match
2026-09-30T13:27:09-10:00job:github_sync_all | — [ecosystem] nothing to push
2026-09-30T13:27:09-10:00job:github_sync_all | — [pacific] no local changes
2026-09-30T13:27:09-10:00job:github_sync_all | ↓ [pacific] fetching origin/main
2026-09-30T13:27:09-10:00job:github_sync_all | From github.com:RootRecord-Software-Solutions/RootRecord-Pacific-Solar-Server
2026-09-30T13:27:09-10:00job:github_sync_all | * branch            main       -> FETCH_HEAD
2026-09-30T13:27:09-10:00job:github_sync_all | — [pacific] local and GitHub already match
2026-09-30T13:27:09-10:00job:github_sync_all | — [pacific] nothing to push
2026-09-30T13:27:09-10:00job:github_sync_all | ↑ [database] committed 16 local file(s)
2026-09-30T13:27:09-10:00job:github_sync_all | ↓ [database] fetching origin/main
2026-09-30T13:27:09-10:00job:github_sync_all | From github.com:RootRecord-Software-Solutions/RootRecord-Database
2026-09-30T13:27:09-10:00job:github_sync_all | * branch            main       -> FETCH_HEAD
2026-09-30T13:27:09-10:00job:github_sync_all | ↑ [database] local is ahead of GitHub
2026-09-30T13:27:09-10:00job:github_sync_all | To github.com:RootRecord-Software-Solutions/RootRecord-Database.git
2026-09-30T13:27:09-10:00job:github_sync_all | 296355b..7544751  HEAD -> main
2026-09-30T13:27:09-10:00job:github_sync_all | branch 'main' set up to track 'origin/main'.
2026-09-30T13:27:09-10:00job:github_sync_all | ↑ [database] 16 files → RootRecord-Software-Solutions/RootRecord-Database (main)
2026-09-30T13:27:09-10:00job:github_sync_all | — [library] no local changes
2026-09-30T13:27:09-10:00job:github_sync_all | ↓ [library] fetching origin/main
2026-09-30T13:27:09-10:00job:github_sync_all | From github.com:RootRecord-Software-Solutions/RootRecord-Library
2026-09-30T13:27:09-10:00job:github_sync_all | * branch            main       -> FETCH_HEAD
2026-09-30T13:27:09-10:00job:github_sync_all | — [library] local and GitHub already match
2026-09-30T13:27:09-10:00job:github_sync_all | — [library] nothing to push
2026-09-30T13:27:09-10:00job:github_sync_all | — [skills] no local changes
2026-09-30T13:27:09-10:00job:github_sync_all | ↓ [skills] fetching origin/main
2026-09-30T13:27:09-10:00job:github_sync_all | From github.com:rootrecordsoftwaresolutions/Solar-Pacific-RootRecord-Server
2026-09-30T13:27:09-10:00job:github_sync_all | * branch            main       -> FETCH_HEAD
2026-09-30T13:27:09-10:00job:github_sync_all | — [skills] local and GitHub already match
2026-09-30T13:27:09-10:00job:github_sync_all | — [skills] nothing to push
2026-09-30T13:27:09-10:00job:security_camera_frame_grab RUN  bash "/home/rootrecord/RootRecord-Ecosystem/1 - Servers/1 - RootRecord-Pacific-Solar-Server/Security/Cameras/grab_all.sh"
2026-09-30T13:27:24-10:00job:security_camera_frame_grab | 13:27:09  📷  a-eyes  ch1 → ch1-20260930T232709Z.jpg  (530.0 KB, 4.34s)
2026-09-30T13:27:24-10:00job:security_camera_frame_grab | 13:27:14  📷  a-eyes  ch2 → ch2-20260930T232714Z.jpg  (311.0 KB, 4.16s)
2026-09-30T13:27:24-10:00job:security_camera_frame_grab | 13:27:18  📷  a-eyes  ch3 → ch3-20260930T232718Z.jpg  (428.6 KB, 4.36s)
2026-09-30T13:27:24-10:00job:security_camera_frame_grab | 13:27:22  📷  a-eyes  ch4 → ch4-20260930T232722Z.jpg  (11.7 KB, 1.56s)
2026-09-30T13:27:24-10:00job:service_supervisor RUN  bash "/home/rootrecord/RootRecord-Ecosystem/1 - Servers/1 - RootRecord-Pacific-Solar-Server/Automations/scripts/supervise-services.sh"
2026-09-30T13:27:24-10:00job:service_supervisor | [supervisor] weather alive pid=304140 304463 305661 305866 308654 309134 309348 309668 313159 392716 736568 775116 (act)
2026-09-30T13:27:24-10:00job:service_supervisor | [supervisor] relay alive pid=1007211 (act)
2026-09-30T13:27:24-10:00ENERGY  status=live  B2=14.9%  B1=72.8%  solar=91 W  ac=84 W  usbc=15 W  src=/home/rootrecord/RootRecord-Ecosystem/2 - RootRecord-Database/Energy  LAP=100%/Full/AC
2026-09-30T13:27:39-10:00  ▸  SUMMARY=delta2 soc=15.07% solar=101W ac_out=— usbc=13W src=ble db=ok
2026-09-30T13:27:39-10:00job:sys_stats_cycle RUN  bash "/home/rootrecord/RootRecord-Ecosystem/1 - Servers/1 - RootRecord-Pacific-Solar-Server/System/scripts/sys-sample.sh"
2026-09-30T13:27:40-10:00job:sys_stats_cycle | SYSTEM  cpu=5%  load=1.07  mem=55%  src=sqlite
2026-09-30T13:27:40-10:00job:sys_stats_cycle | OK wrote /home/rootrecord/RootRecord-Ecosystem/2 - RootRecord-Database/System/samples/sys-20260930-132740.json
2026-09-30T13:28:17-10:00job:github_sync_all | ↑ [ecosystem] committed 1 local file(s)
2026-09-30T13:28:17-10:00job:github_sync_all | ↓ [ecosystem] fetching origin/main
2026-09-30T13:28:17-10:00job:github_sync_all | From github.com:RootRecord-Software-Solutions/RootRecord-Ecosystem
2026-09-30T13:28:17-10:00job:github_sync_all | * branch            main       -> FETCH_HEAD
2026-09-30T13:28:17-10:00job:github_sync_all | ↑ [ecosystem] local is ahead of GitHub
2026-09-30T13:28:17-10:00job:github_sync_all | To github.com:RootRecord-Software-Solutions/RootRecord-Ecosystem.git
2026-09-30T13:28:17-10:00job:github_sync_all | af4bef5..f19e971  HEAD -> main
2026-09-30T13:28:17-10:00job:github_sync_all | branch 'main' set up to track 'origin/main'.
2026-09-30T13:28:17-10:00job:github_sync_all | ↑ [ecosystem] 1 files → RootRecord-Software-Solutions/RootRecord-Ecosystem (main)
2026-09-30T13:28:17-10:00job:github_sync_all | — [pacific] no local changes
2026-09-30T13:28:17-10:00job:github_sync_all | ↓ [pacific] fetching origin/main
2026-09-30T13:28:17-10:00job:github_sync_all | From github.com:RootRecord-Software-Solutions/RootRecord-Pacific-Solar-Server
2026-09-30T13:28:17-10:00job:github_sync_all | * branch            main       -> FETCH_HEAD
2026-09-30T13:28:17-10:00job:github_sync_all | — [pacific] local and GitHub already match
2026-09-30T13:28:17-10:00job:github_sync_all | — [pacific] nothing to push
2026-09-30T13:28:17-10:00job:github_sync_all | ↑ [database] committed 12 local file(s)
2026-09-30T13:28:17-10:00job:github_sync_all | ↓ [database] fetching origin/main
2026-09-30T13:28:17-10:00job:github_sync_all | From github.com:RootRecord-Software-Solutions/RootRecord-Database
2026-09-30T13:28:17-10:00job:github_sync_all | * branch            main       -> FETCH_HEAD
2026-09-30T13:28:17-10:00job:github_sync_all | ↑ [database] local is ahead of GitHub
2026-09-30T13:28:17-10:00job:github_sync_all | To github.com:RootRecord-Software-Solutions/RootRecord-Database.git
2026-09-30T13:28:17-10:00job:github_sync_all | 7544751..e819b15  HEAD -> main
2026-09-30T13:28:17-10:00job:github_sync_all | branch 'main' set up to track 'origin/main'.
2026-09-30T13:28:17-10:00job:github_sync_all | ↑ [database] 12 files → RootRecord-Software-Solutions/RootRecord-Database (main)
2026-09-30T13:28:17-10:00job:github_sync_all | — [library] no local changes
2026-09-30T13:28:17-10:00job:github_sync_all | ↓ [library] fetching origin/main
2026-09-30T13:28:17-10:00job:github_sync_all | From github.com:RootRecord-Software-Solutions/RootRecord-Library
2026-09-30T13:28:17-10:00job:github_sync_all | * branch            main       -> FETCH_HEAD
2026-09-30T13:28:17-10:00job:github_sync_all | — [library] local and GitHub already match
2026-09-30T13:28:17-10:00job:github_sync_all | — [library] nothing to push
2026-09-30T13:28:17-10:00job:github_sync_all | — [skills] no local changes
2026-09-30T13:28:17-10:00job:github_sync_all | ↓ [skills] fetching origin/main
2026-09-30T13:28:17-10:00job:github_sync_all | From github.com:rootrecordsoftwaresolutions/Solar-Pacific-RootRecord-Server
2026-09-30T13:28:17-10:00job:github_sync_all | * branch            main       -> FETCH_HEAD
2026-09-30T13:28:17-10:00job:github_sync_all | — [skills] local and GitHub already match
2026-09-30T13:28:17-10:00job:github_sync_all | — [skills] nothing to push
2026-09-30T13:28:17-10:00job:worklog_scan RUN  bash "/home/rootrecord/RootRecord-Ecosystem/1 - Servers/1 - RootRecord-Pacific-Solar-Server/Reports/scripts/worklog_once.sh"
2026-09-30T13:28:21-10:00job:worklog_scan | OK wrote/updated /home/rootrecord/RootRecord-Ecosystem/2 - RootRecord-Database/Worklog/worklog_current.md
2026-09-30T13:28:21-10:00job:security_camera_frame_grab RUN  bash "/home/rootrecord/RootRecord-Ecosystem/1 - Servers/1 - RootRecord-Pacific-Solar-Server/Security/Cameras/grab_all.sh"
2026-09-30T13:28:36-10:00job:security_camera_frame_grab | 13:28:21  📷  a-eyes  ch1 → ch1-20260930T232821Z.jpg  (535.5 KB, 4.52s)
2026-09-30T13:28:36-10:00job:security_camera_frame_grab | 13:28:26  📷  a-eyes  ch2 → ch2-20260930T232826Z.jpg  (319.6 KB, 4.54s)
2026-09-30T13:28:36-10:00job:security_camera_frame_grab | 13:28:30  📷  a-eyes  ch3 → ch3-20260930T232830Z.jpg  (419.7 KB, 4.57s)
2026-09-30T13:28:36-10:00job:security_camera_frame_grab | 13:28:35  📷  a-eyes  ch4 → ch4-20260930T232835Z.jpg  (11.7 KB, 1.60s)
2026-09-30T13:28:37-10:00ENERGY  status=live  B2=15.1%  B1=72.8%  solar=101 W  ac=84 W  usbc=13 W  src=/home/rootrecord/RootRecord-Ecosystem/2 - RootRecord-Database/Energy  LAP=100%/Full/AC
2026-09-30T13:28:52-10:00  ▸  SUMMARY=river2pro soc=71.72% solar=0W ac_out=— usbc=0W src=ble db=ok
2026-09-30T13:28:52-10:00job:sys_stats_cycle RUN  bash "/home/rootrecord/RootRecord-Ecosystem/1 - Servers/1 - RootRecord-Pacific-Solar-Server/System/scripts/sys-sample.sh"
2026-09-30T13:28:53-10:00job:sys_stats_cycle | SYSTEM  cpu=10%  load=0.72  mem=56%  src=sqlite
2026-09-30T13:28:53-10:00job:sys_stats_cycle | OK wrote /home/rootrecord/RootRecord-Ecosystem/2 - RootRecord-Database/System/samples/sys-20260930-132852.json
2026-09-30T13:29:34-10:00job:github_sync_all | ↑ [ecosystem] committed 1 local file(s)
2026-09-30T13:29:34-10:00job:github_sync_all | ↓ [ecosystem] fetching origin/main
2026-09-30T13:29:34-10:00job:github_sync_all | From github.com:RootRecord-Software-Solutions/RootRecord-Ecosystem
2026-09-30T13:29:34-10:00job:github_sync_all | * branch            main       -> FETCH_HEAD
2026-09-30T13:29:34-10:00job:github_sync_all | ↑ [ecosystem] local is ahead of GitHub
2026-09-30T13:29:34-10:00job:github_sync_all | To github.com:RootRecord-Software-Solutions/RootRecord-Ecosystem.git
2026-09-30T13:29:34-10:00job:github_sync_all | f19e971..e2640cc  HEAD -> main
2026-09-30T13:29:34-10:00job:github_sync_all | branch 'main' set up to track 'origin/main'.
2026-09-30T13:29:34-10:00job:github_sync_all | ↑ [ecosystem] 1 files → RootRecord-Software-Solutions/RootRecord-Ecosystem (main)
2026-09-30T13:29:34-10:00job:github_sync_all | ↑ [pacific] committed 1 local file(s)
2026-09-30T13:29:34-10:00job:github_sync_all | ↓ [pacific] fetching origin/main
2026-09-30T13:29:34-10:00job:github_sync_all | From github.com:RootRecord-Software-Solutions/RootRecord-Pacific-Solar-Server
2026-09-30T13:29:34-10:00job:github_sync_all | * branch            main       -> FETCH_HEAD
2026-09-30T13:29:34-10:00job:github_sync_all | ↑ [pacific] local is ahead of GitHub
2026-09-30T13:29:34-10:00job:github_sync_all | To github.com:RootRecord-Software-Solutions/RootRecord-Pacific-Solar-Server.git
2026-09-30T13:29:34-10:00job:github_sync_all | f98d715..7ef943a  HEAD -> main
2026-09-30T13:29:34-10:00job:github_sync_all | branch 'main' set up to track 'origin/main'.
2026-09-30T13:29:34-10:00job:github_sync_all | ↑ [pacific] 1 files → RootRecord-Software-Solutions/RootRecord-Pacific-Solar-Server (main)
2026-09-30T13:29:34-10:00job:github_sync_all | ↑ [database] committed 15 local file(s)
2026-09-30T13:29:34-10:00job:github_sync_all | ↓ [database] fetching origin/main
2026-09-30T13:29:34-10:00job:github_sync_all | From github.com:RootRecord-Software-Solutions/RootRecord-Database
2026-09-30T13:29:34-10:00job:github_sync_all | * branch            main       -> FETCH_HEAD
2026-09-30T13:29:34-10:00job:github_sync_all | ↑ [database] local is ahead of GitHub
2026-09-30T13:29:34-10:00job:github_sync_all | To github.com:RootRecord-Software-Solutions/RootRecord-Database.git
2026-09-30T13:29:34-10:00job:github_sync_all | e819b15..c9fd14b  HEAD -> main
2026-09-30T13:29:34-10:00job:github_sync_all | branch 'main' set up to track 'origin/main'.
2026-09-30T13:29:34-10:00job:github_sync_all | ↑ [database] 15 files → RootRecord-Software-Solutions/RootRecord-Database (main)
2026-09-30T13:29:34-10:00job:github_sync_all | — [library] no local changes
2026-09-30T13:29:34-10:00job:github_sync_all | ↓ [library] fetching origin/main
2026-09-30T13:29:34-10:00job:github_sync_all | From github.com:RootRecord-Software-Solutions/RootRecord-Library
2026-09-30T13:29:34-10:00job:github_sync_all | * branch            main       -> FETCH_HEAD
2026-09-30T13:29:34-10:00job:github_sync_all | — [library] local and GitHub already match
2026-09-30T13:29:34-10:00job:github_sync_all | — [library] nothing to push
2026-09-30T13:29:34-10:00job:github_sync_all | — [skills] no local changes
2026-09-30T13:29:34-10:00job:github_sync_all | ↓ [skills] fetching origin/main
2026-09-30T13:29:34-10:00job:github_sync_all | From github.com:rootrecordsoftwaresolutions/Solar-Pacific-RootRecord-Server
2026-09-30T13:29:34-10:00job:github_sync_all | * branch            main       -> FETCH_HEAD
2026-09-30T13:29:34-10:00job:github_sync_all | — [skills] local and GitHub already match
2026-09-30T13:29:34-10:00job:github_sync_all | — [skills] nothing to push
2026-09-30T13:29:34-10:00job:security_camera_frame_grab RUN  bash "/home/rootrecord/RootRecord-Ecosystem/1 - Servers/1 - RootRecord-Pacific-Solar-Server/Security/Cameras/grab_all.sh"
2026-09-30T13:29:49-10:00job:security_camera_frame_grab | 13:29:34  📷  a-eyes  ch1 → ch1-20260930T232934Z.jpg  (522.6 KB, 4.31s)
2026-09-30T13:29:49-10:00job:security_camera_frame_grab | 13:29:38  📷  a-eyes  ch2 → ch2-20260930T232938Z.jpg  (319.8 KB, 4.58s)
2026-09-30T13:29:49-10:00job:security_camera_frame_grab | 13:29:43  📷  a-eyes  ch3 → ch3-20260930T232943Z.jpg  (433.5 KB, 4.36s)
2026-09-30T13:29:49-10:00job:security_camera_frame_grab | 13:29:47  📷  a-eyes  ch4 → ch4-20260930T232947Z.jpg  (11.7 KB, 1.70s)
2026-09-30T13:29:49-10:00ENERGY  status=live  B2=15.1%  B1=71.7%  solar=101 W  ac=Waiting  usbc=13 W  src=/home/rootrecord/RootRecord-Ecosystem/2 - RootRecord-Database/Energy  LAP=100%/Full/AC
2026-09-30T13:30:05-10:00  ▸  SUMMARY=river2pro soc=71.35% solar=0W ac_out=85W usbc=0W src=ble db=ok
2026-09-30T13:30:05-10:00job:sys_stats_cycle RUN  bash "/home/rootrecord/RootRecord-Ecosystem/1 - Servers/1 - RootRecord-Pacific-Solar-Server/System/scripts/sys-sample.sh"
2026-09-30T13:30:06-10:00job:sys_stats_cycle | SYSTEM  cpu=9%  load=0.97  mem=55%  src=sqlite
2026-09-30T13:30:06-10:00job:sys_stats_cycle | OK wrote /home/rootrecord/RootRecord-Ecosystem/2 - RootRecord-Database/System/samples/sys-20260930-133005.json
2026-09-30T13:30:47-10:00job:github_sync_all | ↑ [ecosystem] committed 4 local file(s)
2026-09-30T13:30:47-10:00job:github_sync_all | ↓ [ecosystem] fetching origin/main
2026-09-30T13:30:47-10:00job:github_sync_all | From github.com:RootRecord-Software-Solutions/RootRecord-Ecosystem
2026-09-30T13:30:47-10:00job:github_sync_all | * branch            main       -> FETCH_HEAD
2026-09-30T13:30:47-10:00job:github_sync_all | ↑ [ecosystem] local is ahead of GitHub
2026-09-30T13:30:47-10:00job:github_sync_all | To github.com:RootRecord-Software-Solutions/RootRecord-Ecosystem.git
2026-09-30T13:30:47-10:00job:github_sync_all | e2640cc..7d51f7d  HEAD -> main
2026-09-30T13:30:47-10:00job:github_sync_all | branch 'main' set up to track 'origin/main'.
2026-09-30T13:30:47-10:00job:github_sync_all | ↑ [ecosystem] 4 files → RootRecord-Software-Solutions/RootRecord-Ecosystem (main)
2026-09-30T13:30:47-10:00job:github_sync_all | ↑ [pacific] committed 1 local file(s)
2026-09-30T13:30:47-10:00job:github_sync_all | ↓ [pacific] fetching origin/main
2026-09-30T13:30:47-10:00job:github_sync_all | From github.com:RootRecord-Software-Solutions/RootRecord-Pacific-Solar-Server
2026-09-30T13:30:47-10:00job:github_sync_all | * branch            main       -> FETCH_HEAD
2026-09-30T13:30:47-10:00job:github_sync_all | ↑ [pacific] local is ahead of GitHub
2026-09-30T13:30:47-10:00job:github_sync_all | To github.com:RootRecord-Software-Solutions/RootRecord-Pacific-Solar-Server.git
2026-09-30T13:30:47-10:00job:github_sync_all | 7ef943a..7b6773a  HEAD -> main
2026-09-30T13:30:47-10:00job:github_sync_all | branch 'main' set up to track 'origin/main'.
2026-09-30T13:30:47-10:00job:github_sync_all | ↑ [pacific] 1 files → RootRecord-Software-Solutions/RootRecord-Pacific-Solar-Server (main)
2026-09-30T13:30:47-10:00job:github_sync_all | ↑ [database] committed 17 local file(s)
2026-09-30T13:30:47-10:00job:github_sync_all | ↓ [database] fetching origin/main
2026-09-30T13:30:47-10:00job:github_sync_all | From github.com:RootRecord-Software-Solutions/RootRecord-Database
2026-09-30T13:30:47-10:00job:github_sync_all | * branch            main       -> FETCH_HEAD
2026-09-30T13:30:47-10:00job:github_sync_all | ↑ [database] local is ahead of GitHub
2026-09-30T13:30:47-10:00job:github_sync_all | To github.com:RootRecord-Software-Solutions/RootRecord-Database.git
2026-09-30T13:30:47-10:00job:github_sync_all | c9fd14b..67d4bd5  HEAD -> main
2026-09-30T13:30:47-10:00job:github_sync_all | branch 'main' set up to track 'origin/main'.
2026-09-30T13:30:47-10:00job:github_sync_all | ↑ [database] 17 files → RootRecord-Software-Solutions/RootRecord-Database (main)
2026-09-30T13:30:47-10:00job:github_sync_all | — [library] no local changes
2026-09-30T13:30:47-10:00job:github_sync_all | ↓ [library] fetching origin/main
2026-09-30T13:30:47-10:00job:github_sync_all | From github.com:RootRecord-Software-Solutions/RootRecord-Library
2026-09-30T13:30:47-10:00job:github_sync_all | * branch            main       -> FETCH_HEAD
2026-09-30T13:30:47-10:00job:github_sync_all | — [library] local and GitHub already match
2026-09-30T13:30:47-10:00job:github_sync_all | — [library] nothing to push
2026-09-30T13:30:47-10:00job:github_sync_all | — [skills] no local changes
2026-09-30T13:30:47-10:00job:github_sync_all | ↓ [skills] fetching origin/main
2026-09-30T13:30:47-10:00job:github_sync_all | From github.com:rootrecordsoftwaresolutions/Solar-Pacific-RootRecord-Server
2026-09-30T13:30:47-10:00job:github_sync_all | * branch            main       -> FETCH_HEAD
2026-09-30T13:30:47-10:00job:github_sync_all | — [skills] local and GitHub already match
2026-09-30T13:30:47-10:00job:github_sync_all | — [skills] nothing to push
2026-09-30T13:30:47-10:00job:worklog_scan RUN  bash "/home/rootrecord/RootRecord-Ecosystem/1 - Servers/1 - RootRecord-Pacific-Solar-Server/Reports/scripts/worklog_once.sh"
2026-09-30T13:30:55-10:00job:worklog_scan | OK wrote/updated /home/rootrecord/RootRecord-Ecosystem/2 - RootRecord-Database/Worklog/worklog_current.md
2026-09-30T13:30:55-10:00job:security_camera_frame_grab RUN  bash "/home/rootrecord/RootRecord-Ecosystem/1 - Servers/1 - RootRecord-Pacific-Solar-Server/Security/Cameras/grab_all.sh"
2026-09-30T13:31:10-10:00job:security_camera_frame_grab | 13:30:55  📷  a-eyes  ch1 → ch1-20260930T233055Z.jpg  (542.1 KB, 4.55s)
2026-09-30T13:31:10-10:00job:security_camera_frame_grab | 13:31:00  📷  a-eyes  ch2 → ch2-20260930T233100Z.jpg  (330.9 KB, 4.46s)
2026-09-30T13:31:10-10:00job:security_camera_frame_grab | 13:31:04  📷  a-eyes  ch3 → ch3-20260930T233104Z.jpg  (420.9 KB, 4.43s)
2026-09-30T13:31:10-10:00job:security_camera_frame_grab | 13:31:09  📷  a-eyes  ch4 → ch4-20260930T233109Z.jpg  (11.6 KB, 1.43s)
2026-09-30T13:31:10-10:00ENERGY  status=live  B2=15.1%  B1=71.3%  solar=101 W  ac=85 W  usbc=13 W  src=/home/rootrecord/RootRecord-Ecosystem/2 - RootRecord-Database/Energy  LAP=100%/Full/AC
2026-09-30T13:31:25-10:00  ▸  SUMMARY=delta2 soc=15.68% solar=119W ac_out=— usbc=14W src=ble db=ok
2026-09-30T13:31:25-10:00job:sys_stats_cycle RUN  bash "/home/rootrecord/RootRecord-Ecosystem/1 - Servers/1 - RootRecord-Pacific-Solar-Server/System/scripts/sys-sample.sh"
2026-09-30T13:31:26-10:00job:sys_stats_cycle | SYSTEM  cpu=16%  load=2.61  mem=55%  src=sqlite
2026-09-30T13:31:26-10:00job:sys_stats_cycle | OK wrote /home/rootrecord/RootRecord-Ecosystem/2 - RootRecord-Database/System/samples/sys-20260930-133126.json
2026-09-30T13:32:06-10:00job:github_sync_all | ↑ [ecosystem] committed 1 local file(s)
2026-09-30T13:32:06-10:00job:github_sync_all | ↓ [ecosystem] fetching origin/main
2026-09-30T13:32:06-10:00job:github_sync_all | From github.com:RootRecord-Software-Solutions/RootRecord-Ecosystem
2026-09-30T13:32:06-10:00job:github_sync_all | * branch            main       -> FETCH_HEAD
2026-09-30T13:32:06-10:00job:github_sync_all | ↑ [ecosystem] local is ahead of GitHub
2026-09-30T13:32:06-10:00job:github_sync_all | To github.com:RootRecord-Software-Solutions/RootRecord-Ecosystem.git
2026-09-30T13:32:06-10:00job:github_sync_all | 7d51f7d..59f69b4  HEAD -> main
2026-09-30T13:32:06-10:00job:github_sync_all | branch 'main' set up to track 'origin/main'.
2026-09-30T13:32:06-10:00job:github_sync_all | ↑ [ecosystem] 1 files → RootRecord-Software-Solutions/RootRecord-Ecosystem (main)
2026-09-30T13:32:06-10:00job:github_sync_all | ↑ [pacific] committed 1 local file(s)
2026-09-30T13:32:06-10:00job:github_sync_all | ↓ [pacific] fetching origin/main
2026-09-30T13:32:06-10:00job:github_sync_all | From github.com:RootRecord-Software-Solutions/RootRecord-Pacific-Solar-Server
2026-09-30T13:32:06-10:00job:github_sync_all | * branch            main       -> FETCH_HEAD
2026-09-30T13:32:06-10:00job:github_sync_all | ↑ [pacific] local is ahead of GitHub
2026-09-30T13:32:06-10:00job:github_sync_all | To github.com:RootRecord-Software-Solutions/RootRecord-Pacific-Solar-Server.git
2026-09-30T13:32:06-10:00job:github_sync_all | 7b6773a..e5eb86c  HEAD -> main
2026-09-30T13:32:06-10:00job:github_sync_all | branch 'main' set up to track 'origin/main'.
2026-09-30T13:32:06-10:00job:github_sync_all | ↑ [pacific] 1 files → RootRecord-Software-Solutions/RootRecord-Pacific-Solar-Server (main)
2026-09-30T13:32:06-10:00job:github_sync_all | ↑ [database] committed 15 local file(s)
2026-09-30T13:32:06-10:00job:github_sync_all | ↓ [database] fetching origin/main
2026-09-30T13:32:06-10:00job:github_sync_all | From github.com:RootRecord-Software-Solutions/RootRecord-Database
2026-09-30T13:32:06-10:00job:github_sync_all | * branch            main       -> FETCH_HEAD
2026-09-30T13:32:06-10:00job:github_sync_all | ↑ [database] local is ahead of GitHub
2026-09-30T13:32:06-10:00job:github_sync_all | To github.com:RootRecord-Software-Solutions/RootRecord-Database.git
2026-09-30T13:32:06-10:00job:github_sync_all | 67d4bd5..080007b  HEAD -> main
2026-09-30T13:32:06-10:00job:github_sync_all | branch 'main' set up to track 'origin/main'.
2026-09-30T13:32:06-10:00job:github_sync_all | ↑ [database] 15 files → RootRecord-Software-Solutions/RootRecord-Database (main)
2026-09-30T13:32:06-10:00job:github_sync_all | — [library] no local changes
2026-09-30T13:32:06-10:00job:github_sync_all | ↓ [library] fetching origin/main
2026-09-30T13:32:06-10:00job:github_sync_all | From github.com:RootRecord-Software-Solutions/RootRecord-Library
2026-09-30T13:32:06-10:00job:github_sync_all | * branch            main       -> FETCH_HEAD
2026-09-30T13:32:06-10:00job:github_sync_all | — [library] local and GitHub already match
2026-09-30T13:32:06-10:00job:github_sync_all | — [library] nothing to push
2026-09-30T13:32:06-10:00job:github_sync_all | — [skills] no local changes
2026-09-30T13:32:06-10:00job:github_sync_all | ↓ [skills] fetching origin/main
2026-09-30T13:32:06-10:00job:github_sync_all | From github.com:rootrecordsoftwaresolutions/Solar-Pacific-RootRecord-Server
2026-09-30T13:32:06-10:00job:github_sync_all | * branch            main       -> FETCH_HEAD
2026-09-30T13:32:06-10:00job:github_sync_all | — [skills] local and GitHub already match
2026-09-30T13:32:06-10:00job:github_sync_all | — [skills] nothing to push
2026-09-30T13:32:06-10:00job:security_camera_frame_grab RUN  bash "/home/rootrecord/RootRecord-Ecosystem/1 - Servers/1 - RootRecord-Pacific-Solar-Server/Security/Cameras/grab_all.sh"
2026-09-30T13:32:21-10:00job:security_camera_frame_grab | 13:32:06  📷  a-eyes  ch1 → ch1-20260930T233206Z.jpg  (537.7 KB, 4.48s)
2026-09-30T13:32:21-10:00job:security_camera_frame_grab | 13:32:11  📷  a-eyes  ch2 → ch2-20260930T233211Z.jpg  (333.0 KB, 4.44s)
2026-09-30T13:32:21-10:00job:security_camera_frame_grab | 13:32:15  📷  a-eyes  ch3 → ch3-20260930T233215Z.jpg  (425.9 KB, 4.57s)
2026-09-30T13:32:21-10:00job:security_camera_frame_grab | 13:32:20  📷  a-eyes  ch4 → ch4-20260930T233220Z.jpg  (11.7 KB, 1.60s)
2026-09-30T13:32:22-10:00ENERGY  status=live  B2=15.7%  B1=71.3%  solar=119 W  ac=85 W  usbc=14 W  src=/home/rootrecord/RootRecord-Ecosystem/2 - RootRecord-Database/Energy  LAP=100%/Full/AC
2026-09-30T13:32:37-10:00  ▸  SUMMARY=delta2 soc=15.88% solar=118W ac_out=— usbc=14W src=ble db=ok
2026-09-30T13:32:37-10:00job:sys_stats_cycle RUN  bash "/home/rootrecord/RootRecord-Ecosystem/1 - Servers/1 - RootRecord-Pacific-Solar-Server/System/scripts/sys-sample.sh"
2026-09-30T13:32:38-10:00job:sys_stats_cycle | SYSTEM  cpu=15%  load=1.69  mem=56%  src=sqlite
2026-09-30T13:32:38-10:00job:sys_stats_cycle | OK wrote /home/rootrecord/RootRecord-Ecosystem/2 - RootRecord-Database/System/samples/sys-20260930-133237.json
2026-09-30T13:33:17-10:00job:github_sync_all | ↑ [ecosystem] committed 2 local file(s)
2026-09-30T13:33:17-10:00job:github_sync_all | ↓ [ecosystem] fetching origin/main
2026-09-30T13:33:17-10:00job:github_sync_all | From github.com:RootRecord-Software-Solutions/RootRecord-Ecosystem
2026-09-30T13:33:17-10:00job:github_sync_all | * branch            main       -> FETCH_HEAD
2026-09-30T13:33:17-10:00job:github_sync_all | ↑ [ecosystem] local is ahead of GitHub
2026-09-30T13:33:17-10:00job:github_sync_all | To github.com:RootRecord-Software-Solutions/RootRecord-Ecosystem.git
2026-09-30T13:33:17-10:00job:github_sync_all | 59f69b4..c1babf8  HEAD -> main
2026-09-30T13:33:17-10:00job:github_sync_all | branch 'main' set up to track 'origin/main'.
2026-09-30T13:33:17-10:00job:github_sync_all | ↑ [ecosystem] 2 files → RootRecord-Software-Solutions/RootRecord-Ecosystem (main)
2026-09-30T13:33:17-10:00job:github_sync_all | ↑ [pacific] committed 1 local file(s)
2026-09-30T13:33:17-10:00job:github_sync_all | ↓ [pacific] fetching origin/main
2026-09-30T13:33:17-10:00job:github_sync_all | From github.com:RootRecord-Software-Solutions/RootRecord-Pacific-Solar-Server
2026-09-30T13:33:17-10:00job:github_sync_all | * branch            main       -> FETCH_HEAD
2026-09-30T13:33:17-10:00job:github_sync_all | ↑ [pacific] local is ahead of GitHub
2026-09-30T13:33:17-10:00job:github_sync_all | To github.com:RootRecord-Software-Solutions/RootRecord-Pacific-Solar-Server.git
2026-09-30T13:33:17-10:00job:github_sync_all | e5eb86c..d95f0d8  HEAD -> main
2026-09-30T13:33:17-10:00job:github_sync_all | branch 'main' set up to track 'origin/main'.
2026-09-30T13:33:17-10:00job:github_sync_all | ↑ [pacific] 1 files → RootRecord-Software-Solutions/RootRecord-Pacific-Solar-Server (main)
2026-09-30T13:33:17-10:00job:github_sync_all | ↑ [database] committed 13 local file(s)
2026-09-30T13:33:17-10:00job:github_sync_all | ↓ [database] fetching origin/main
2026-09-30T13:33:17-10:00job:github_sync_all | From github.com:RootRecord-Software-Solutions/RootRecord-Database
2026-09-30T13:33:17-10:00job:github_sync_all | * branch            main       -> FETCH_HEAD
2026-09-30T13:33:17-10:00job:github_sync_all | ↑ [database] local is ahead of GitHub
2026-09-30T13:33:17-10:00job:github_sync_all | To github.com:RootRecord-Software-Solutions/RootRecord-Database.git
2026-09-30T13:33:17-10:00job:github_sync_all | 080007b..22c5096  HEAD -> main
2026-09-30T13:33:17-10:00job:github_sync_all | branch 'main' set up to track 'origin/main'.
2026-09-30T13:33:17-10:00job:github_sync_all | ↑ [database] 13 files → RootRecord-Software-Solutions/RootRecord-Database (main)
2026-09-30T13:33:17-10:00job:github_sync_all | — [library] no local changes
2026-09-30T13:33:17-10:00job:github_sync_all | ↓ [library] fetching origin/main
2026-09-30T13:33:17-10:00job:github_sync_all | From github.com:RootRecord-Software-Solutions/RootRecord-Library
2026-09-30T13:33:17-10:00job:github_sync_all | * branch            main       -> FETCH_HEAD
2026-09-30T13:33:17-10:00job:github_sync_all | — [library] local and GitHub already match
2026-09-30T13:33:17-10:00job:github_sync_all | — [library] nothing to push
2026-09-30T13:33:17-10:00job:github_sync_all | — [skills] no local changes
2026-09-30T13:33:17-10:00job:github_sync_all | ↓ [skills] fetching origin/main
2026-09-30T13:33:17-10:00job:github_sync_all | From github.com:rootrecordsoftwaresolutions/Solar-Pacific-RootRecord-Server
2026-09-30T13:33:17-10:00job:github_sync_all | * branch            main       -> FETCH_HEAD
2026-09-30T13:33:17-10:00job:github_sync_all | — [skills] local and GitHub already match
2026-09-30T13:33:17-10:00job:github_sync_all | — [skills] nothing to push
2026-09-30T13:33:17-10:00job:worklog_scan RUN  bash "/home/rootrecord/RootRecord-Ecosystem/1 - Servers/1 - RootRecord-Pacific-Solar-Server/Reports/scripts/worklog_once.sh"
2026-09-30T13:33:22-10:00job:worklog_scan | OK wrote/updated /home/rootrecord/RootRecord-Ecosystem/2 - RootRecord-Database/Worklog/worklog_current.md
2026-09-30T13:33:22-10:00job:security_camera_frame_grab RUN  bash "/home/rootrecord/RootRecord-Ecosystem/1 - Servers/1 - RootRecord-Pacific-Solar-Server/Security/Cameras/grab_all.sh"
2026-09-30T13:33:36-10:00job:security_camera_frame_grab | 13:33:22  📷  a-eyes  ch1 → ch1-20260930T233322Z.jpg  (484.9 KB, 4.39s)
2026-09-30T13:33:36-10:00job:security_camera_frame_grab | 13:33:26  📷  a-eyes  ch2 → ch2-20260930T233326Z.jpg  (321.3 KB, 4.35s)
2026-09-30T13:33:36-10:00job:security_camera_frame_grab | 13:33:31  📷  a-eyes  ch3 → ch3-20260930T233331Z.jpg  (406.4 KB, 4.31s)
2026-09-30T13:33:36-10:00job:security_camera_frame_grab | 13:33:35  📷  a-eyes  ch4 → ch4-20260930T233335Z.jpg  (11.7 KB, 1.45s)
2026-09-30T13:33:36-10:00job:service_supervisor RUN  bash "/home/rootrecord/RootRecord-Ecosystem/1 - Servers/1 - RootRecord-Pacific-Solar-Server/Automations/scripts/supervise-services.sh"
2026-09-30T13:33:36-10:00job:service_supervisor | [supervisor] weather alive pid=304140 304463 305661 305866 308654 309134 309348 309668 313159 392716 736568 775116 (act)
2026-09-30T13:33:36-10:00job:service_supervisor | [supervisor] relay alive pid=1041791 (act)
2026-09-30T13:33:37-10:00ENERGY  status=live  B2=15.9%  B1=71.3%  solar=118 W  ac=85 W  usbc=14 W  src=/home/rootrecord/RootRecord-Ecosystem/2 - RootRecord-Database/Energy  LAP=100%/Full/AC
2026-09-30T13:33:52-10:00  ▸  SUMMARY=river2pro soc=70.23% solar=0W ac_out=103W usbc=0W src=ble db=ok
2026-09-30T13:33:52-10:00job:sys_stats_cycle RUN  bash "/home/rootrecord/RootRecord-Ecosystem/1 - Servers/1 - RootRecord-Pacific-Solar-Server/System/scripts/sys-sample.sh"
2026-09-30T13:33:53-10:00job:sys_stats_cycle | SYSTEM  cpu=12%  load=1.85  mem=57%  src=sqlite
2026-09-30T13:33:53-10:00job:sys_stats_cycle | OK wrote /home/rootrecord/RootRecord-Ecosystem/2 - RootRecord-Database/System/samples/sys-20260930-133352.json
2026-09-30T13:34:28-10:00job:github_sync_all | — [ecosystem] no committable local changes
2026-09-30T13:34:28-10:00job:github_sync_all | ↓ [ecosystem] fetching origin/main
2026-09-30T13:34:28-10:00job:github_sync_all | From github.com:RootRecord-Software-Solutions/RootRecord-Ecosystem
2026-09-30T13:34:28-10:00job:github_sync_all | * branch            main       -> FETCH_HEAD
2026-09-30T13:34:28-10:00job:github_sync_all | — [ecosystem] local and GitHub already match
2026-09-30T13:34:28-10:00job:github_sync_all | — [ecosystem] nothing to push
2026-09-30T13:34:28-10:00job:github_sync_all | — [pacific] no local changes
2026-09-30T13:34:28-10:00job:github_sync_all | ↓ [pacific] fetching origin/main
2026-09-30T13:34:28-10:00job:github_sync_all | From github.com:RootRecord-Software-Solutions/RootRecord-Pacific-Solar-Server
2026-09-30T13:34:28-10:00job:github_sync_all | * branch            main       -> FETCH_HEAD
2026-09-30T13:34:28-10:00job:github_sync_all | — [pacific] local and GitHub already match
2026-09-30T13:34:28-10:00job:github_sync_all | — [pacific] nothing to push
2026-09-30T13:34:28-10:00job:github_sync_all | ↑ [database] committed 16 local file(s)
2026-09-30T13:34:28-10:00job:github_sync_all | ↓ [database] fetching origin/main
2026-09-30T13:34:28-10:00job:github_sync_all | From github.com:RootRecord-Software-Solutions/RootRecord-Database
2026-09-30T13:34:28-10:00job:github_sync_all | * branch            main       -> FETCH_HEAD
2026-09-30T13:34:28-10:00job:github_sync_all | ↑ [database] local is ahead of GitHub
2026-09-30T13:34:28-10:00job:github_sync_all | To github.com:RootRecord-Software-Solutions/RootRecord-Database.git
2026-09-30T13:34:28-10:00job:github_sync_all | 22c5096..e046419  HEAD -> main
2026-09-30T13:34:28-10:00job:github_sync_all | branch 'main' set up to track 'origin/main'.
2026-09-30T13:34:28-10:00job:github_sync_all | ↑ [database] 16 files → RootRecord-Software-Solutions/RootRecord-Database (main)
2026-09-30T13:34:28-10:00job:github_sync_all | — [library] no local changes
2026-09-30T13:34:28-10:00job:github_sync_all | ↓ [library] fetching origin/main
2026-09-30T13:34:28-10:00job:github_sync_all | From github.com:RootRecord-Software-Solutions/RootRecord-Library
2026-09-30T13:34:28-10:00job:github_sync_all | * branch            main       -> FETCH_HEAD
2026-09-30T13:34:28-10:00job:github_sync_all | — [library] local and GitHub already match
2026-09-30T13:34:28-10:00job:github_sync_all | — [library] nothing to push
2026-09-30T13:34:28-10:00job:github_sync_all | — [skills] no local changes
2026-09-30T13:34:28-10:00job:github_sync_all | ↓ [skills] fetching origin/main
2026-09-30T13:34:28-10:00job:github_sync_all | From github.com:rootrecordsoftwaresolutions/Solar-Pacific-RootRecord-Server
2026-09-30T13:34:28-10:00job:github_sync_all | * branch            main       -> FETCH_HEAD
2026-09-30T13:34:28-10:00job:github_sync_all | — [skills] local and GitHub already match
2026-09-30T13:34:28-10:00job:github_sync_all | — [skills] nothing to push
2026-09-30T13:34:28-10:00job:security_camera_frame_grab RUN  bash "/home/rootrecord/RootRecord-Ecosystem/1 - Servers/1 - RootRecord-Pacific-Solar-Server/Security/Cameras/grab_all.sh"
2026-09-30T13:34:43-10:00job:security_camera_frame_grab | 13:34:28  📷  a-eyes  ch1 → ch1-20260930T233428Z.jpg  (506.0 KB, 4.44s)
2026-09-30T13:34:43-10:00job:security_camera_frame_grab | 13:34:32  📷  a-eyes  ch2 → ch2-20260930T233432Z.jpg  (326.1 KB, 4.18s)
2026-09-30T13:34:43-10:00job:security_camera_frame_grab | 13:34:37  📷  a-eyes  ch3 → ch3-20260930T233437Z.jpg  (395.0 KB, 4.37s)
2026-09-30T13:34:43-10:00job:security_camera_frame_grab | 13:34:41  📷  a-eyes  ch4 → ch4-20260930T233441Z.jpg  (11.6 KB, 1.77s)
2026-09-30T13:34:43-10:00ENERGY  status=live  B2=15.9%  B1=70.2%  solar=118 W  ac=103 W  usbc=14 W  src=/home/rootrecord/RootRecord-Ecosystem/2 - RootRecord-Database/Energy  LAP=100%/Full/AC
2026-09-30T13:34:59-10:00  ▸  SUMMARY=delta2 soc=16.28% solar=111W ac_out=— usbc=13W src=ble db=ok
2026-09-30T13:34:59-10:00job:sys_stats_cycle RUN  bash "/home/rootrecord/RootRecord-Ecosystem/1 - Servers/1 - RootRecord-Pacific-Solar-Server/System/scripts/sys-sample.sh"
2026-09-30T13:35:00-10:00job:sys_stats_cycle | SYSTEM  cpu=67%  load=1.50  mem=55%  src=sqlite
2026-09-30T13:35:00-10:00job:sys_stats_cycle | OK wrote /home/rootrecord/RootRecord-Ecosystem/2 - RootRecord-Database/System/samples/sys-20260930-133500.json
2026-09-30T13:35:35-10:00job:github_sync_all | ↑ [ecosystem] committed 2 local file(s)
2026-09-30T13:35:35-10:00job:github_sync_all | ↓ [ecosystem] fetching origin/main
2026-09-30T13:35:35-10:00job:github_sync_all | From github.com:RootRecord-Software-Solutions/RootRecord-Ecosystem
2026-09-30T13:35:35-10:00job:github_sync_all | * branch            main       -> FETCH_HEAD
2026-09-30T13:35:35-10:00job:github_sync_all | ↑ [ecosystem] local is ahead of GitHub
2026-09-30T13:35:35-10:00job:github_sync_all | To github.com:RootRecord-Software-Solutions/RootRecord-Ecosystem.git
2026-09-30T13:35:35-10:00job:github_sync_all | c1babf8..6f0af91  HEAD -> main
2026-09-30T13:35:35-10:00job:github_sync_all | branch 'main' set up to track 'origin/main'.
2026-09-30T13:35:35-10:00job:github_sync_all | ↑ [ecosystem] 2 files → RootRecord-Software-Solutions/RootRecord-Ecosystem (main)
2026-09-30T13:35:35-10:00job:github_sync_all | — [pacific] no local changes
2026-09-30T13:35:35-10:00job:github_sync_all | ↓ [pacific] fetching origin/main
2026-09-30T13:35:35-10:00job:github_sync_all | From github.com:RootRecord-Software-Solutions/RootRecord-Pacific-Solar-Server
2026-09-30T13:35:35-10:00job:github_sync_all | * branch            main       -> FETCH_HEAD
2026-09-30T13:35:35-10:00job:github_sync_all | — [pacific] local and GitHub already match
2026-09-30T13:35:35-10:00job:github_sync_all | — [pacific] nothing to push
2026-09-30T13:35:35-10:00job:github_sync_all | ↑ [database] committed 15 local file(s)
2026-09-30T13:35:35-10:00job:github_sync_all | ↓ [database] fetching origin/main
2026-09-30T13:35:35-10:00job:github_sync_all | From github.com:RootRecord-Software-Solutions/RootRecord-Database
2026-09-30T13:35:35-10:00job:github_sync_all | * branch            main       -> FETCH_HEAD
2026-09-30T13:35:35-10:00job:github_sync_all | ↑ [database] local is ahead of GitHub
2026-09-30T13:35:35-10:00job:github_sync_all | To github.com:RootRecord-Software-Solutions/RootRecord-Database.git
2026-09-30T13:35:35-10:00job:github_sync_all | e046419..f20f85c  HEAD -> main
2026-09-30T13:35:35-10:00job:github_sync_all | branch 'main' set up to track 'origin/main'.
2026-09-30T13:35:35-10:00job:github_sync_all | ↑ [database] 15 files → RootRecord-Software-Solutions/RootRecord-Database (main)
2026-09-30T13:35:35-10:00job:github_sync_all | — [library] no local changes
2026-09-30T13:35:35-10:00job:github_sync_all | ↓ [library] fetching origin/main
2026-09-30T13:35:35-10:00job:github_sync_all | From github.com:RootRecord-Software-Solutions/RootRecord-Library
2026-09-30T13:35:35-10:00job:github_sync_all | * branch            main       -> FETCH_HEAD
2026-09-30T13:35:35-10:00job:github_sync_all | — [library] local and GitHub already match
2026-09-30T13:35:35-10:00job:github_sync_all | — [library] nothing to push
2026-09-30T13:35:35-10:00job:github_sync_all | — [skills] no local changes
2026-09-30T13:35:35-10:00job:github_sync_all | ↓ [skills] fetching origin/main
2026-09-30T13:35:35-10:00job:github_sync_all | From github.com:rootrecordsoftwaresolutions/Solar-Pacific-RootRecord-Server
2026-09-30T13:35:35-10:00job:github_sync_all | * branch            main       -> FETCH_HEAD
2026-09-30T13:35:35-10:00job:github_sync_all | — [skills] local and GitHub already match
2026-09-30T13:35:35-10:00job:github_sync_all | — [skills] nothing to push
2026-09-30T13:35:35-10:00job:worklog_scan RUN  bash "/home/rootrecord/RootRecord-Ecosystem/1 - Servers/1 - RootRecord-Pacific-Solar-Server/Reports/scripts/worklog_once.sh"
2026-09-30T13:35:40-10:00job:worklog_scan | OK wrote/updated /home/rootrecord/RootRecord-Ecosystem/2 - RootRecord-Database/Worklog/worklog_current.md
2026-09-30T13:35:40-10:00job:security_camera_frame_grab RUN  bash "/home/rootrecord/RootRecord-Ecosystem/1 - Servers/1 - RootRecord-Pacific-Solar-Server/Security/Cameras/grab_all.sh"
2026-09-30T13:35:55-10:00job:security_camera_frame_grab | 13:35:40  📷  a-eyes  ch1 → ch1-20260930T233540Z.jpg  (497.1 KB, 4.47s)
2026-09-30T13:35:55-10:00job:security_camera_frame_grab | 13:35:44  📷  a-eyes  ch2 → ch2-20260930T233544Z.jpg  (320.8 KB, 4.48s)
2026-09-30T13:35:55-10:00job:security_camera_frame_grab | 13:35:49  📷  a-eyes  ch3 → ch3-20260930T233549Z.jpg  (386.9 KB, 4.38s)
2026-09-30T13:35:55-10:00job:security_camera_frame_grab | 13:35:53  📷  a-eyes  ch4 → ch4-20260930T233553Z.jpg  (11.7 KB, 1.52s)
2026-09-30T13:35:55-10:00ENERGY  status=live  B2=16.3%  B1=70.2%  solar=111 W  ac=103 W  usbc=13 W  src=/home/rootrecord/RootRecord-Ecosystem/2 - RootRecord-Database/Energy  LAP=100%/Full/AC
2026-09-30T13:36:10-10:00  ▸  SUMMARY=river2pro soc=69.55% solar=0W ac_out=102W usbc=0W src=ble db=ok
2026-09-30T13:36:10-10:00job:sys_stats_cycle RUN  bash "/home/rootrecord/RootRecord-Ecosystem/1 - Servers/1 - RootRecord-Pacific-Solar-Server/System/scripts/sys-sample.sh"
2026-09-30T13:36:11-10:00job:sys_stats_cycle | SYSTEM  cpu=8%  load=1.61  mem=55%  src=sqlite
2026-09-30T13:36:11-10:00job:sys_stats_cycle | OK wrote /home/rootrecord/RootRecord-Ecosystem/2 - RootRecord-Database/System/samples/sys-20260930-133611.json
2026-09-30T13:36:47-10:00job:github_sync_all | ↑ [ecosystem] committed 2 local file(s)
2026-09-30T13:36:47-10:00job:github_sync_all | ↓ [ecosystem] fetching origin/main
2026-09-30T13:36:47-10:00job:github_sync_all | From github.com:RootRecord-Software-Solutions/RootRecord-Ecosystem
2026-09-30T13:36:47-10:00job:github_sync_all | * branch            main       -> FETCH_HEAD
2026-09-30T13:36:47-10:00job:github_sync_all | ↑ [ecosystem] local is ahead of GitHub
2026-09-30T13:36:47-10:00job:github_sync_all | To github.com:RootRecord-Software-Solutions/RootRecord-Ecosystem.git
2026-09-30T13:36:47-10:00job:github_sync_all | 6f0af91..bd8ae04  HEAD -> main
2026-09-30T13:36:47-10:00job:github_sync_all | branch 'main' set up to track 'origin/main'.
2026-09-30T13:36:47-10:00job:github_sync_all | ↑ [ecosystem] 2 files → RootRecord-Software-Solutions/RootRecord-Ecosystem (main)
2026-09-30T13:36:47-10:00job:github_sync_all | — [pacific] no local changes
2026-09-30T13:36:47-10:00job:github_sync_all | ↓ [pacific] fetching origin/main
2026-09-30T13:36:47-10:00job:github_sync_all | From github.com:RootRecord-Software-Solutions/RootRecord-Pacific-Solar-Server
2026-09-30T13:36:47-10:00job:github_sync_all | * branch            main       -> FETCH_HEAD
2026-09-30T13:36:47-10:00job:github_sync_all | — [pacific] local and GitHub already match
2026-09-30T13:36:47-10:00job:github_sync_all | — [pacific] nothing to push
2026-09-30T13:36:47-10:00job:github_sync_all | ↑ [database] committed 15 local file(s)
2026-09-30T13:36:47-10:00job:github_sync_all | ↓ [database] fetching origin/main
2026-09-30T13:36:47-10:00job:github_sync_all | From github.com:RootRecord-Software-Solutions/RootRecord-Database
2026-09-30T13:36:47-10:00job:github_sync_all | * branch            main       -> FETCH_HEAD
2026-09-30T13:36:47-10:00job:github_sync_all | ↑ [database] local is ahead of GitHub
2026-09-30T13:36:47-10:00job:github_sync_all | To github.com:RootRecord-Software-Solutions/RootRecord-Database.git
2026-09-30T13:36:47-10:00job:github_sync_all | f20f85c..4a5f439  HEAD -> main
2026-09-30T13:36:47-10:00job:github_sync_all | branch 'main' set up to track 'origin/main'.
2026-09-30T13:36:47-10:00job:github_sync_all | ↑ [database] 15 files → RootRecord-Software-Solutions/RootRecord-Database (main)
2026-09-30T13:36:47-10:00job:github_sync_all | — [library] no local changes
2026-09-30T13:36:47-10:00job:github_sync_all | ↓ [library] fetching origin/main
2026-09-30T13:36:47-10:00job:github_sync_all | From github.com:RootRecord-Software-Solutions/RootRecord-Library
2026-09-30T13:36:47-10:00job:github_sync_all | * branch            main       -> FETCH_HEAD
2026-09-30T13:36:47-10:00job:github_sync_all | — [library] local and GitHub already match
2026-09-30T13:36:47-10:00job:github_sync_all | — [library] nothing to push
2026-09-30T13:36:47-10:00job:github_sync_all | — [skills] no local changes
2026-09-30T13:36:47-10:00job:github_sync_all | ↓ [skills] fetching origin/main
2026-09-30T13:36:47-10:00job:github_sync_all | From github.com:rootrecordsoftwaresolutions/Solar-Pacific-RootRecord-Server
2026-09-30T13:36:47-10:00job:github_sync_all | * branch            main       -> FETCH_HEAD
2026-09-30T13:36:47-10:00job:github_sync_all | — [skills] local and GitHub already match
2026-09-30T13:36:47-10:00job:github_sync_all | — [skills] nothing to push
2026-09-30T13:36:47-10:00job:security_camera_frame_grab RUN  bash "/home/rootrecord/RootRecord-Ecosystem/1 - Servers/1 - RootRecord-Pacific-Solar-Server/Security/Cameras/grab_all.sh"
2026-09-30T13:37:02-10:00job:security_camera_frame_grab | 13:36:47  📷  a-eyes  ch1 → ch1-20260930T233647Z.jpg  (478.3 KB, 4.47s)
2026-09-30T13:37:02-10:00job:security_camera_frame_grab | 13:36:52  📷  a-eyes  ch2 → ch2-20260930T233652Z.jpg  (318.2 KB, 4.30s)
2026-09-30T13:37:02-10:00job:security_camera_frame_grab | 13:36:56  📷  a-eyes  ch3 → ch3-20260930T233656Z.jpg  (397.4 KB, 4.41s)
2026-09-30T13:37:02-10:00job:security_camera_frame_grab | 13:37:01  📷  a-eyes  ch4 → ch4-20260930T233701Z.jpg  (11.8 KB, 1.65s)
2026-09-30T13:37:02-10:00ENERGY  status=live  B2=16.3%  B1=69.5%  solar=111 W  ac=102 W  usbc=13 W  src=/home/rootrecord/RootRecord-Ecosystem/2 - RootRecord-Database/Energy  LAP=100%/Full/AC
2026-09-30T13:37:17-10:00  ▸  SUMMARY=delta2 soc=16.58% solar=107W ac_out=— usbc=18W src=ble db=ok
2026-09-30T13:37:17-10:00job:sys_stats_cycle RUN  bash "/home/rootrecord/RootRecord-Ecosystem/1 - Servers/1 - RootRecord-Pacific-Solar-Server/System/scripts/sys-sample.sh"
2026-09-30T13:37:18-10:00job:sys_stats_cycle | SYSTEM  cpu=12%  load=1.03  mem=56%  src=sqlite
2026-09-30T13:37:18-10:00job:sys_stats_cycle | OK wrote /home/rootrecord/RootRecord-Ecosystem/2 - RootRecord-Database/System/samples/sys-20260930-133718.json
2026-09-30T13:37:52-10:00job:github_sync_all | — [ecosystem] no committable local changes
2026-09-30T13:37:52-10:00job:github_sync_all | ↓ [ecosystem] fetching origin/main
2026-09-30T13:37:52-10:00job:github_sync_all | From github.com:RootRecord-Software-Solutions/RootRecord-Ecosystem
2026-09-30T13:37:52-10:00job:github_sync_all | * branch            main       -> FETCH_HEAD
2026-09-30T13:37:52-10:00job:github_sync_all | — [ecosystem] local and GitHub already match
2026-09-30T13:37:52-10:00job:github_sync_all | — [ecosystem] nothing to push
2026-09-30T13:37:52-10:00job:github_sync_all | — [pacific] no local changes
2026-09-30T13:37:52-10:00job:github_sync_all | ↓ [pacific] fetching origin/main
2026-09-30T13:37:52-10:00job:github_sync_all | From github.com:RootRecord-Software-Solutions/RootRecord-Pacific-Solar-Server
2026-09-30T13:37:52-10:00job:github_sync_all | * branch            main       -> FETCH_HEAD
2026-09-30T13:37:52-10:00job:github_sync_all | — [pacific] local and GitHub already match
2026-09-30T13:37:52-10:00job:github_sync_all | — [pacific] nothing to push
2026-09-30T13:37:52-10:00job:github_sync_all | ↑ [database] committed 12 local file(s)
2026-09-30T13:37:52-10:00job:github_sync_all | ↓ [database] fetching origin/main
2026-09-30T13:37:52-10:00job:github_sync_all | From github.com:RootRecord-Software-Solutions/RootRecord-Database
2026-09-30T13:37:52-10:00job:github_sync_all | * branch            main       -> FETCH_HEAD
2026-09-30T13:37:52-10:00job:github_sync_all | ↑ [database] local is ahead of GitHub
2026-09-30T13:37:52-10:00job:github_sync_all | To github.com:RootRecord-Software-Solutions/RootRecord-Database.git
2026-09-30T13:37:52-10:00job:github_sync_all | 4a5f439..02fb6e1  HEAD -> main
2026-09-30T13:37:52-10:00job:github_sync_all | branch 'main' set up to track 'origin/main'.
2026-09-30T13:37:52-10:00job:github_sync_all | ↑ [database] 12 files → RootRecord-Software-Solutions/RootRecord-Database (main)
2026-09-30T13:37:52-10:00job:github_sync_all | — [library] no local changes
2026-09-30T13:37:52-10:00job:github_sync_all | ↓ [library] fetching origin/main
2026-09-30T13:37:52-10:00job:github_sync_all | From github.com:RootRecord-Software-Solutions/RootRecord-Library
2026-09-30T13:37:52-10:00job:github_sync_all | * branch            main       -> FETCH_HEAD
2026-09-30T13:37:52-10:00job:github_sync_all | — [library] local and GitHub already match
2026-09-30T13:37:52-10:00job:github_sync_all | — [library] nothing to push
2026-09-30T13:37:52-10:00job:github_sync_all | — [skills] no local changes
2026-09-30T13:37:52-10:00job:github_sync_all | ↓ [skills] fetching origin/main
2026-09-30T13:37:52-10:00job:github_sync_all | From github.com:rootrecordsoftwaresolutions/Solar-Pacific-RootRecord-Server
2026-09-30T13:37:52-10:00job:github_sync_all | * branch            main       -> FETCH_HEAD
2026-09-30T13:37:52-10:00job:github_sync_all | — [skills] local and GitHub already match
2026-09-30T13:37:52-10:00job:github_sync_all | — [skills] nothing to push
2026-09-30T13:37:52-10:00job:worklog_scan RUN  bash "/home/rootrecord/RootRecord-Ecosystem/1 - Servers/1 - RootRecord-Pacific-Solar-Server/Reports/scripts/worklog_once.sh"
2026-09-30T13:38:00-10:00job:worklog_scan | OK wrote/updated /home/rootrecord/RootRecord-Ecosystem/2 - RootRecord-Database/Worklog/worklog_current.md
2026-09-30T13:38:00-10:00job:security_camera_frame_grab RUN  bash "/home/rootrecord/RootRecord-Ecosystem/1 - Servers/1 - RootRecord-Pacific-Solar-Server/Security/Cameras/grab_all.sh"
2026-09-30T13:38:16-10:00job:security_camera_frame_grab | 13:38:00  📷  a-eyes  ch1 → ch1-20260930T233800Z.jpg  (455.7 KB, 4.64s)
2026-09-30T13:38:16-10:00job:security_camera_frame_grab | 13:38:05  📷  a-eyes  ch2 → ch2-20260930T233805Z.jpg  (291.1 KB, 4.61s)
2026-09-30T13:38:16-10:00job:security_camera_frame_grab | 13:38:10  📷  a-eyes  ch3 → ch3-20260930T233810Z.jpg  (374.8 KB, 4.42s)
2026-09-30T13:38:16-10:00job:security_camera_frame_grab | 13:38:14  📷  a-eyes  ch4 → ch4-20260930T233814Z.jpg  (11.7 KB, 1.80s)
2026-09-30T13:38:16-10:00ENERGY  status=live  B2=16.6%  B1=69.5%  solar=107 W  ac=102 W  usbc=18 W  src=/home/rootrecord/RootRecord-Ecosystem/2 - RootRecord-Database/Energy  LAP=100%/Full/AC
2026-09-30T13:38:34-10:00  ▸  SUMMARY=river2pro soc=68.82% solar=0W ac_out=80W usbc=0W src=ble db=ok
2026-09-30T13:38:34-10:00job:sys_stats_cycle RUN  bash "/home/rootrecord/RootRecord-Ecosystem/1 - Servers/1 - RootRecord-Pacific-Solar-Server/System/scripts/sys-sample.sh"
2026-09-30T13:38:35-10:00job:sys_stats_cycle | SYSTEM  cpu=19%  load=2.93  mem=56%  src=sqlite
2026-09-30T13:38:35-10:00job:sys_stats_cycle | OK wrote /home/rootrecord/RootRecord-Ecosystem/2 - RootRecord-Database/System/samples/sys-20260930-133834.json
2026-09-30T13:39:15-10:00job:github_sync_all | ↑ [ecosystem] committed 5 local file(s)
2026-09-30T13:39:15-10:00job:github_sync_all | ↓ [ecosystem] fetching origin/main
2026-09-30T13:39:15-10:00job:github_sync_all | From github.com:RootRecord-Software-Solutions/RootRecord-Ecosystem
2026-09-30T13:39:15-10:00job:github_sync_all | * branch            main       -> FETCH_HEAD
2026-09-30T13:39:15-10:00job:github_sync_all | ↑ [ecosystem] local is ahead of GitHub
2026-09-30T13:39:15-10:00job:github_sync_all | To github.com:RootRecord-Software-Solutions/RootRecord-Ecosystem.git
2026-09-30T13:39:15-10:00job:github_sync_all | bd8ae04..44a08c1  HEAD -> main
2026-09-30T13:39:15-10:00job:github_sync_all | branch 'main' set up to track 'origin/main'.
2026-09-30T13:39:15-10:00job:github_sync_all | ↑ [ecosystem] 5 files → RootRecord-Software-Solutions/RootRecord-Ecosystem (main)
2026-09-30T13:39:15-10:00job:github_sync_all | ↑ [pacific] committed 1 local file(s)
2026-09-30T13:39:15-10:00job:github_sync_all | ↓ [pacific] fetching origin/main
2026-09-30T13:39:15-10:00job:github_sync_all | From github.com:RootRecord-Software-Solutions/RootRecord-Pacific-Solar-Server
2026-09-30T13:39:15-10:00job:github_sync_all | * branch            main       -> FETCH_HEAD
2026-09-30T13:39:15-10:00job:github_sync_all | ↑ [pacific] local is ahead of GitHub
2026-09-30T13:39:15-10:00job:github_sync_all | To github.com:RootRecord-Software-Solutions/RootRecord-Pacific-Solar-Server.git
2026-09-30T13:39:15-10:00job:github_sync_all | d95f0d8..de8d085  HEAD -> main
2026-09-30T13:39:15-10:00job:github_sync_all | branch 'main' set up to track 'origin/main'.
2026-09-30T13:39:15-10:00job:github_sync_all | ↑ [pacific] 1 files → RootRecord-Software-Solutions/RootRecord-Pacific-Solar-Server (main)
2026-09-30T13:39:15-10:00job:github_sync_all | ↑ [database] committed 19 local file(s)
2026-09-30T13:39:15-10:00job:github_sync_all | ↓ [database] fetching origin/main
2026-09-30T13:39:15-10:00job:github_sync_all | From github.com:RootRecord-Software-Solutions/RootRecord-Database
2026-09-30T13:39:15-10:00job:github_sync_all | * branch            main       -> FETCH_HEAD
2026-09-30T13:39:15-10:00job:github_sync_all | ↑ [database] local is ahead of GitHub
2026-09-30T13:39:15-10:00job:github_sync_all | To github.com:RootRecord-Software-Solutions/RootRecord-Database.git
2026-09-30T13:39:15-10:00job:github_sync_all | 02fb6e1..7f2b0ad  HEAD -> main
2026-09-30T13:39:15-10:00job:github_sync_all | branch 'main' set up to track 'origin/main'.
2026-09-30T13:39:15-10:00job:github_sync_all | ↑ [database] 19 files → RootRecord-Software-Solutions/RootRecord-Database (main)
2026-09-30T13:39:15-10:00job:github_sync_all | — [library] no local changes
2026-09-30T13:39:15-10:00job:github_sync_all | ↓ [library] fetching origin/main
2026-09-30T13:39:15-10:00job:github_sync_all | From github.com:RootRecord-Software-Solutions/RootRecord-Library
2026-09-30T13:39:15-10:00job:github_sync_all | * branch            main       -> FETCH_HEAD
2026-09-30T13:39:15-10:00job:github_sync_all | — [library] local and GitHub already match
2026-09-30T13:39:15-10:00job:github_sync_all | — [library] nothing to push
2026-09-30T13:39:15-10:00job:github_sync_all | — [skills] no local changes
2026-09-30T13:39:15-10:00job:github_sync_all | ↓ [skills] fetching origin/main
2026-09-30T13:39:15-10:00job:github_sync_all | From github.com:rootrecordsoftwaresolutions/Solar-Pacific-RootRecord-Server
2026-09-30T13:39:15-10:00job:github_sync_all | * branch            main       -> FETCH_HEAD
2026-09-30T13:39:15-10:00job:github_sync_all | — [skills] local and GitHub already match
2026-09-30T13:39:15-10:00job:github_sync_all | — [skills] nothing to push
2026-09-30T13:39:15-10:00job:security_camera_frame_grab RUN  bash "/home/rootrecord/RootRecord-Ecosystem/1 - Servers/1 - RootRecord-Pacific-Solar-Server/Security/Cameras/grab_all.sh"
2026-09-30T13:39:30-10:00job:security_camera_frame_grab | 13:39:16  📷  a-eyes  ch1 → ch1-20260930T233916Z.jpg  (449.4 KB, 4.27s)
2026-09-30T13:39:30-10:00job:security_camera_frame_grab | 13:39:20  📷  a-eyes  ch2 → ch2-20260930T233920Z.jpg  (297.5 KB, 4.55s)
2026-09-30T13:39:30-10:00job:security_camera_frame_grab | 13:39:24  📷  a-eyes  ch3 → ch3-20260930T233924Z.jpg  (379.9 KB, 4.45s)
2026-09-30T13:39:30-10:00job:security_camera_frame_grab | 13:39:29  📷  a-eyes  ch4 → ch4-20260930T233929Z.jpg  (11.8 KB, 1.51s)
2026-09-30T13:39:30-10:00job:service_supervisor RUN  bash "/home/rootrecord/RootRecord-Ecosystem/1 - Servers/1 - RootRecord-Pacific-Solar-Server/Automations/scripts/supervise-services.sh"
2026-09-30T13:39:31-10:00job:service_supervisor | [supervisor] weather alive pid=304140 304463 305661 305866 308654 309134 309348 309668 313159 392716 736568 775116 (act)
2026-09-30T13:39:31-10:00job:service_supervisor | [supervisor] relay alive pid=1041791 (act)
2026-09-30T13:39:31-10:00ENERGY  status=live  B2=16.6%  B1=68.8%  solar=107 W  ac=80 W  usbc=18 W  src=/home/rootrecord/RootRecord-Ecosystem/2 - RootRecord-Database/Energy  LAP=100%/Full/AC
2026-09-30T13:39:46-10:00  ▸  SUMMARY=delta2 soc=16.89% solar=79W ac_out=— usbc=19W src=ble db=ok
2026-09-30T13:39:46-10:00job:sys_stats_cycle RUN  bash "/home/rootrecord/RootRecord-Ecosystem/1 - Servers/1 - RootRecord-Pacific-Solar-Server/System/scripts/sys-sample.sh"
2026-09-30T13:39:47-10:00job:sys_stats_cycle | SYSTEM  cpu=11%  load=2.12  mem=56%  src=sqlite
2026-09-30T13:39:47-10:00job:sys_stats_cycle | OK wrote /home/rootrecord/RootRecord-Ecosystem/2 - RootRecord-Database/System/samples/sys-20260930-133946.json
2026-09-30T13:40:22-10:00job:github_sync_all | — [ecosystem] no committable local changes
2026-09-30T13:40:22-10:00job:github_sync_all | ↓ [ecosystem] fetching origin/main
2026-09-30T13:40:22-10:00job:github_sync_all | From github.com:RootRecord-Software-Solutions/RootRecord-Ecosystem
2026-09-30T13:40:22-10:00job:github_sync_all | * branch            main       -> FETCH_HEAD
2026-09-30T13:40:22-10:00job:github_sync_all | — [ecosystem] local and GitHub already match
2026-09-30T13:40:22-10:00job:github_sync_all | — [ecosystem] nothing to push
2026-09-30T13:40:22-10:00job:github_sync_all | — [pacific] no local changes
2026-09-30T13:40:22-10:00job:github_sync_all | ↓ [pacific] fetching origin/main
2026-09-30T13:40:22-10:00job:github_sync_all | From github.com:RootRecord-Software-Solutions/RootRecord-Pacific-Solar-Server
2026-09-30T13:40:22-10:00job:github_sync_all | * branch            main       -> FETCH_HEAD
2026-09-30T13:40:22-10:00job:github_sync_all | — [pacific] local and GitHub already match
2026-09-30T13:40:22-10:00job:github_sync_all | — [pacific] nothing to push
2026-09-30T13:40:22-10:00job:github_sync_all | ↑ [database] committed 12 local file(s)
2026-09-30T13:40:22-10:00job:github_sync_all | ↓ [database] fetching origin/main
2026-09-30T13:40:22-10:00job:github_sync_all | From github.com:RootRecord-Software-Solutions/RootRecord-Database
2026-09-30T13:40:22-10:00job:github_sync_all | * branch            main       -> FETCH_HEAD
2026-09-30T13:40:22-10:00job:github_sync_all | ↑ [database] local is ahead of GitHub
2026-09-30T13:40:22-10:00job:github_sync_all | To github.com:RootRecord-Software-Solutions/RootRecord-Database.git
2026-09-30T13:40:22-10:00job:github_sync_all | 7f2b0ad..124d6d7  HEAD -> main
2026-09-30T13:40:22-10:00job:github_sync_all | branch 'main' set up to track 'origin/main'.
2026-09-30T13:40:22-10:00job:github_sync_all | ↑ [database] 12 files → RootRecord-Software-Solutions/RootRecord-Database (main)
2026-09-30T13:40:22-10:00job:github_sync_all | — [library] no local changes
2026-09-30T13:40:22-10:00job:github_sync_all | ↓ [library] fetching origin/main
2026-09-30T13:40:22-10:00job:github_sync_all | From github.com:RootRecord-Software-Solutions/RootRecord-Library
2026-09-30T13:40:22-10:00job:github_sync_all | * branch            main       -> FETCH_HEAD
2026-09-30T13:40:22-10:00job:github_sync_all | — [library] local and GitHub already match
2026-09-30T13:40:22-10:00job:github_sync_all | — [library] nothing to push
2026-09-30T13:40:22-10:00job:github_sync_all | — [skills] no local changes
2026-09-30T13:40:22-10:00job:github_sync_all | ↓ [skills] fetching origin/main
2026-09-30T13:40:22-10:00job:github_sync_all | From github.com:rootrecordsoftwaresolutions/Solar-Pacific-RootRecord-Server
2026-09-30T13:40:22-10:00job:github_sync_all | * branch            main       -> FETCH_HEAD
2026-09-30T13:40:22-10:00job:github_sync_all | — [skills] local and GitHub already match
2026-09-30T13:40:22-10:00job:github_sync_all | — [skills] nothing to push
2026-09-30T13:40:22-10:00job:worklog_scan RUN  bash "/home/rootrecord/RootRecord-Ecosystem/1 - Servers/1 - RootRecord-Pacific-Solar-Server/Reports/scripts/worklog_once.sh"
2026-09-30T13:40:28-10:00job:worklog_scan | OK wrote/updated /home/rootrecord/RootRecord-Ecosystem/2 - RootRecord-Database/Worklog/worklog_current.md
2026-09-30T13:40:28-10:00job:security_camera_frame_grab RUN  bash "/home/rootrecord/RootRecord-Ecosystem/1 - Servers/1 - RootRecord-Pacific-Solar-Server/Security/Cameras/grab_all.sh"
2026-09-30T13:40:43-10:00job:security_camera_frame_grab | 13:40:28  📷  a-eyes  ch1 → ch1-20260930T234028Z.jpg  (482.8 KB, 4.52s)
2026-09-30T13:40:43-10:00job:security_camera_frame_grab | 13:40:33  📷  a-eyes  ch2 → ch2-20260930T234033Z.jpg  (289.9 KB, 4.41s)
2026-09-30T13:40:43-10:00job:security_camera_frame_grab | 13:40:37  📷  a-eyes  ch3 → ch3-20260930T234037Z.jpg  (382.5 KB, 4.43s)
2026-09-30T13:40:43-10:00job:security_camera_frame_grab | 13:40:42  📷  a-eyes  ch4 → ch4-20260930T234042Z.jpg  (11.8 KB, 1.70s)
2026-09-30T13:40:44-10:00ENERGY  status=live  B2=16.9%  B1=68.8%  solar=79 W  ac=80 W  usbc=19 W  src=/home/rootrecord/RootRecord-Ecosystem/2 - RootRecord-Database/Energy  LAP=100%/Full/AC
2026-09-30T13:40:59-10:00  ▸  SUMMARY=delta2 soc=16.99% solar=76W ac_out=— usbc=18W src=ble db=ok
2026-09-30T13:40:59-10:00job:sys_stats_cycle RUN  bash "/home/rootrecord/RootRecord-Ecosystem/1 - Servers/1 - RootRecord-Pacific-Solar-Server/System/scripts/sys-sample.sh"
2026-09-30T13:41:00-10:00job:sys_stats_cycle | SYSTEM  cpu=9%  load=1.67  mem=55%  src=sqlite
2026-09-30T13:41:00-10:00job:sys_stats_cycle | OK wrote /home/rootrecord/RootRecord-Ecosystem/2 - RootRecord-Database/System/samples/sys-20260930-134059.json
2026-09-30T13:41:34-10:00job:github_sync_all | — [ecosystem] no committable local changes
2026-09-30T13:41:34-10:00job:github_sync_all | ↓ [ecosystem] fetching origin/main
2026-09-30T13:41:34-10:00job:github_sync_all | From github.com:RootRecord-Software-Solutions/RootRecord-Ecosystem
2026-09-30T13:41:34-10:00job:github_sync_all | * branch            main       -> FETCH_HEAD
2026-09-30T13:41:34-10:00job:github_sync_all | — [ecosystem] local and GitHub already match
2026-09-30T13:41:34-10:00job:github_sync_all | — [ecosystem] nothing to push
2026-09-30T13:41:34-10:00job:github_sync_all | — [pacific] no local changes
2026-09-30T13:41:34-10:00job:github_sync_all | ↓ [pacific] fetching origin/main
2026-09-30T13:41:34-10:00job:github_sync_all | From github.com:RootRecord-Software-Solutions/RootRecord-Pacific-Solar-Server
2026-09-30T13:41:34-10:00job:github_sync_all | * branch            main       -> FETCH_HEAD
2026-09-30T13:41:34-10:00job:github_sync_all | — [pacific] local and GitHub already match
2026-09-30T13:41:34-10:00job:github_sync_all | — [pacific] nothing to push
2026-09-30T13:41:34-10:00job:github_sync_all | ↑ [database] committed 16 local file(s)
2026-09-30T13:41:34-10:00job:github_sync_all | ↓ [database] fetching origin/main
2026-09-30T13:41:34-10:00job:github_sync_all | From github.com:RootRecord-Software-Solutions/RootRecord-Database
2026-09-30T13:41:34-10:00job:github_sync_all | * branch            main       -> FETCH_HEAD
2026-09-30T13:41:34-10:00job:github_sync_all | ↑ [database] local is ahead of GitHub
2026-09-30T13:41:34-10:00job:github_sync_all | To github.com:RootRecord-Software-Solutions/RootRecord-Database.git
2026-09-30T13:41:34-10:00job:github_sync_all | 124d6d7..2c7915e  HEAD -> main
2026-09-30T13:41:34-10:00job:github_sync_all | branch 'main' set up to track 'origin/main'.
2026-09-30T13:41:34-10:00job:github_sync_all | ↑ [database] 16 files → RootRecord-Software-Solutions/RootRecord-Database (main)
2026-09-30T13:41:34-10:00job:github_sync_all | — [library] no local changes
2026-09-30T13:41:34-10:00job:github_sync_all | ↓ [library] fetching origin/main
2026-09-30T13:41:34-10:00job:github_sync_all | From github.com:RootRecord-Software-Solutions/RootRecord-Library
2026-09-30T13:41:34-10:00job:github_sync_all | * branch            main       -> FETCH_HEAD
2026-09-30T13:41:34-10:00job:github_sync_all | — [library] local and GitHub already match
2026-09-30T13:41:34-10:00job:github_sync_all | — [library] nothing to push
2026-09-30T13:41:34-10:00job:github_sync_all | — [skills] no local changes
2026-09-30T13:41:34-10:00job:github_sync_all | ↓ [skills] fetching origin/main
2026-09-30T13:41:34-10:00job:github_sync_all | From github.com:rootrecordsoftwaresolutions/Solar-Pacific-RootRecord-Server
2026-09-30T13:41:34-10:00job:github_sync_all | * branch            main       -> FETCH_HEAD
2026-09-30T13:41:34-10:00job:github_sync_all | — [skills] local and GitHub already match
2026-09-30T13:41:34-10:00job:github_sync_all | — [skills] nothing to push
2026-09-30T13:41:34-10:00job:security_camera_frame_grab RUN  bash "/home/rootrecord/RootRecord-Ecosystem/1 - Servers/1 - RootRecord-Pacific-Solar-Server/Security/Cameras/grab_all.sh"
2026-09-30T13:41:49-10:00job:security_camera_frame_grab | 13:41:34  📷  a-eyes  ch1 → ch1-20260930T234134Z.jpg  (480.4 KB, 4.43s)
2026-09-30T13:41:49-10:00job:security_camera_frame_grab | 13:41:38  📷  a-eyes  ch2 → ch2-20260930T234138Z.jpg  (282.3 KB, 4.57s)
2026-09-30T13:41:49-10:00job:security_camera_frame_grab | 13:41:43  📷  a-eyes  ch3 → ch3-20260930T234143Z.jpg  (371.3 KB, 4.27s)
2026-09-30T13:41:49-10:00job:security_camera_frame_grab | 13:41:47  📷  a-eyes  ch4 → ch4-20260930T234147Z.jpg  (11.6 KB, 1.60s)
2026-09-30T13:41:49-10:00ENERGY  status=live  B2=17.0%  B1=68.8%  solar=76 W  ac=80 W  usbc=18 W  src=/home/rootrecord/RootRecord-Ecosystem/2 - RootRecord-Database/Energy  LAP=100%/Full/AC
2026-09-30T13:42:04-10:00  ▸  SUMMARY=river2pro soc=67.75% solar=0W ac_out=92W usbc=0W src=ble db=ok
2026-09-30T13:42:04-10:00job:sys_stats_cycle RUN  bash "/home/rootrecord/RootRecord-Ecosystem/1 - Servers/1 - RootRecord-Pacific-Solar-Server/System/scripts/sys-sample.sh"
2026-09-30T13:42:05-10:00job:sys_stats_cycle | SYSTEM  cpu=10%  load=1.67  mem=56%  src=sqlite
2026-09-30T13:42:05-10:00job:sys_stats_cycle | OK wrote /home/rootrecord/RootRecord-Ecosystem/2 - RootRecord-Database/System/samples/sys-20260930-134204.json
2026-09-30T13:42:37-10:00job:github_sync_all | — [ecosystem] no committable local changes
2026-09-30T13:42:37-10:00job:github_sync_all | ↓ [ecosystem] fetching origin/main
2026-09-30T13:42:37-10:00job:github_sync_all | From github.com:RootRecord-Software-Solutions/RootRecord-Ecosystem
2026-09-30T13:42:37-10:00job:github_sync_all | * branch            main       -> FETCH_HEAD
2026-09-30T13:42:37-10:00job:github_sync_all | — [ecosystem] local and GitHub already match
2026-09-30T13:42:37-10:00job:github_sync_all | — [ecosystem] nothing to push
2026-09-30T13:42:37-10:00job:github_sync_all | — [pacific] no local changes
2026-09-30T13:42:37-10:00job:github_sync_all | ↓ [pacific] fetching origin/main
2026-09-30T13:42:37-10:00job:github_sync_all | From github.com:RootRecord-Software-Solutions/RootRecord-Pacific-Solar-Server
2026-09-30T13:42:37-10:00job:github_sync_all | * branch            main       -> FETCH_HEAD
2026-09-30T13:42:37-10:00job:github_sync_all | — [pacific] local and GitHub already match
2026-09-30T13:42:37-10:00job:github_sync_all | — [pacific] nothing to push
2026-09-30T13:42:37-10:00job:github_sync_all | ↑ [database] committed 12 local file(s)
2026-09-30T13:42:37-10:00job:github_sync_all | ↓ [database] fetching origin/main
2026-09-30T13:42:37-10:00job:github_sync_all | From github.com:RootRecord-Software-Solutions/RootRecord-Database
2026-09-30T13:42:37-10:00job:github_sync_all | * branch            main       -> FETCH_HEAD
2026-09-30T13:42:37-10:00job:github_sync_all | ↑ [database] local is ahead of GitHub
2026-09-30T13:42:37-10:00job:github_sync_all | To github.com:RootRecord-Software-Solutions/RootRecord-Database.git
2026-09-30T13:42:37-10:00job:github_sync_all | 2c7915e..642b27c  HEAD -> main
2026-09-30T13:42:37-10:00job:github_sync_all | branch 'main' set up to track 'origin/main'.
2026-09-30T13:42:37-10:00job:github_sync_all | ↑ [database] 12 files → RootRecord-Software-Solutions/RootRecord-Database (main)
2026-09-30T13:42:37-10:00job:github_sync_all | — [library] no local changes
2026-09-30T13:42:37-10:00job:github_sync_all | ↓ [library] fetching origin/main
2026-09-30T13:42:37-10:00job:github_sync_all | From github.com:RootRecord-Software-Solutions/RootRecord-Library
2026-09-30T13:42:37-10:00job:github_sync_all | * branch            main       -> FETCH_HEAD
2026-09-30T13:42:37-10:00job:github_sync_all | — [library] local and GitHub already match
2026-09-30T13:42:37-10:00job:github_sync_all | — [library] nothing to push
2026-09-30T13:42:37-10:00job:github_sync_all | — [skills] no local changes
2026-09-30T13:42:37-10:00job:github_sync_all | ↓ [skills] fetching origin/main
2026-09-30T13:42:37-10:00job:github_sync_all | From github.com:rootrecordsoftwaresolutions/Solar-Pacific-RootRecord-Server
2026-09-30T13:42:37-10:00job:github_sync_all | * branch            main       -> FETCH_HEAD
2026-09-30T13:42:37-10:00job:github_sync_all | — [skills] local and GitHub already match
2026-09-30T13:42:37-10:00job:github_sync_all | — [skills] nothing to push
2026-09-30T13:42:37-10:00job:worklog_scan RUN  bash "/home/rootrecord/RootRecord-Ecosystem/1 - Servers/1 - RootRecord-Pacific-Solar-Server/Reports/scripts/worklog_once.sh"
2026-09-30T13:42:42-10:00job:worklog_scan | OK wrote/updated /home/rootrecord/RootRecord-Ecosystem/2 - RootRecord-Database/Worklog/worklog_current.md
2026-09-30T13:42:42-10:00job:security_camera_frame_grab RUN  bash "/home/rootrecord/RootRecord-Ecosystem/1 - Servers/1 - RootRecord-Pacific-Solar-Server/Security/Cameras/grab_all.sh"
2026-09-30T13:42:57-10:00job:security_camera_frame_grab | 13:42:42  📷  a-eyes  ch1 → ch1-20260930T234242Z.jpg  (494.8 KB, 4.46s)
2026-09-30T13:42:57-10:00job:security_camera_frame_grab | 13:42:47  📷  a-eyes  ch2 → ch2-20260930T234247Z.jpg  (273.7 KB, 4.37s)
2026-09-30T13:42:57-10:00job:security_camera_frame_grab | 13:42:51  📷  a-eyes  ch3 → ch3-20260930T234251Z.jpg  (377.8 KB, 4.34s)
2026-09-30T13:42:57-10:00job:security_camera_frame_grab | 13:42:56  📷  a-eyes  ch4 → ch4-20260930T234256Z.jpg  (11.8 KB, 1.62s)
2026-09-30T13:42:58-10:00ENERGY  status=live  B2=17.0%  B1=67.8%  solar=76 W  ac=92 W  usbc=18 W  src=/home/rootrecord/RootRecord-Ecosystem/2 - RootRecord-Database/Energy  LAP=100%/Full/AC
2026-09-30T13:43:13-10:00  ▸  SUMMARY=river2pro soc=67.42% solar=0W ac_out=96W usbc=0W src=ble db=ok
2026-09-30T13:43:13-10:00job:sys_stats_cycle RUN  bash "/home/rootrecord/RootRecord-Ecosystem/1 - Servers/1 - RootRecord-Pacific-Solar-Server/System/scripts/sys-sample.sh"
2026-09-30T13:43:14-10:00job:sys_stats_cycle | SYSTEM  cpu=8%  load=1.10  mem=56%  src=sqlite
2026-09-30T13:43:14-10:00job:sys_stats_cycle | OK wrote /home/rootrecord/RootRecord-Ecosystem/2 - RootRecord-Database/System/samples/sys-20260930-134313.json
2026-09-30T13:43:54-10:00job:github_sync_all | ↑ [ecosystem] committed 1 local file(s)
2026-09-30T13:43:54-10:00job:github_sync_all | ↓ [ecosystem] fetching origin/main
2026-09-30T13:43:54-10:00job:github_sync_all | From github.com:RootRecord-Software-Solutions/RootRecord-Ecosystem
2026-09-30T13:43:54-10:00job:github_sync_all | * branch            main       -> FETCH_HEAD
2026-09-30T13:43:54-10:00job:github_sync_all | ↑ [ecosystem] local is ahead of GitHub
2026-09-30T13:43:54-10:00job:github_sync_all | To github.com:RootRecord-Software-Solutions/RootRecord-Ecosystem.git
2026-09-30T13:43:54-10:00job:github_sync_all | 44a08c1..5c5062b  HEAD -> main
2026-09-30T13:43:54-10:00job:github_sync_all | branch 'main' set up to track 'origin/main'.
2026-09-30T13:43:54-10:00job:github_sync_all | ↑ [ecosystem] 1 files → RootRecord-Software-Solutions/RootRecord-Ecosystem (main)
2026-09-30T13:43:54-10:00job:github_sync_all | ↑ [pacific] committed 1 local file(s)
2026-09-30T13:43:54-10:00job:github_sync_all | ↓ [pacific] fetching origin/main
2026-09-30T13:43:54-10:00job:github_sync_all | From github.com:RootRecord-Software-Solutions/RootRecord-Pacific-Solar-Server
2026-09-30T13:43:54-10:00job:github_sync_all | * branch            main       -> FETCH_HEAD
2026-09-30T13:43:54-10:00job:github_sync_all | ↑ [pacific] local is ahead of GitHub
2026-09-30T13:43:54-10:00job:github_sync_all | To github.com:RootRecord-Software-Solutions/RootRecord-Pacific-Solar-Server.git
2026-09-30T13:43:54-10:00job:github_sync_all | de8d085..1aaf048  HEAD -> main
2026-09-30T13:43:54-10:00job:github_sync_all | branch 'main' set up to track 'origin/main'.
2026-09-30T13:43:54-10:00job:github_sync_all | ↑ [pacific] 1 files → RootRecord-Software-Solutions/RootRecord-Pacific-Solar-Server (main)
2026-09-30T13:43:54-10:00job:github_sync_all | ↑ [database] committed 15 local file(s)
2026-09-30T13:43:54-10:00job:github_sync_all | ↓ [database] fetching origin/main
2026-09-30T13:43:54-10:00job:github_sync_all | From github.com:RootRecord-Software-Solutions/RootRecord-Database
2026-09-30T13:43:54-10:00job:github_sync_all | * branch            main       -> FETCH_HEAD
2026-09-30T13:43:54-10:00job:github_sync_all | ↑ [database] local is ahead of GitHub
2026-09-30T13:43:54-10:00job:github_sync_all | To github.com:RootRecord-Software-Solutions/RootRecord-Database.git
2026-09-30T13:43:54-10:00job:github_sync_all | 642b27c..1f738af  HEAD -> main
2026-09-30T13:43:54-10:00job:github_sync_all | branch 'main' set up to track 'origin/main'.
2026-09-30T13:43:54-10:00job:github_sync_all | ↑ [database] 15 files → RootRecord-Software-Solutions/RootRecord-Database (main)
2026-09-30T13:43:54-10:00job:github_sync_all | — [library] no local changes
2026-09-30T13:43:54-10:00job:github_sync_all | ↓ [library] fetching origin/main
2026-09-30T13:43:54-10:00job:github_sync_all | From github.com:RootRecord-Software-Solutions/RootRecord-Library
2026-09-30T13:43:54-10:00job:github_sync_all | * branch            main       -> FETCH_HEAD
2026-09-30T13:43:54-10:00job:github_sync_all | — [library] local and GitHub already match
2026-09-30T13:43:54-10:00job:github_sync_all | — [library] nothing to push
2026-09-30T13:43:54-10:00job:github_sync_all | — [skills] no local changes
2026-09-30T13:43:54-10:00job:github_sync_all | ↓ [skills] fetching origin/main
2026-09-30T13:43:54-10:00job:github_sync_all | From github.com:rootrecordsoftwaresolutions/Solar-Pacific-RootRecord-Server
2026-09-30T13:43:54-10:00job:github_sync_all | * branch            main       -> FETCH_HEAD
2026-09-30T13:43:54-10:00job:github_sync_all | — [skills] local and GitHub already match
2026-09-30T13:43:54-10:00job:github_sync_all | — [skills] nothing to push
2026-09-30T13:43:54-10:00job:security_camera_frame_grab RUN  bash "/home/rootrecord/RootRecord-Ecosystem/1 - Servers/1 - RootRecord-Pacific-Solar-Server/Security/Cameras/grab_all.sh"
2026-09-30T13:44:09-10:00job:security_camera_frame_grab | 13:43:54  📷  a-eyes  ch1 → ch1-20260930T234354Z.jpg  (502.0 KB, 4.38s)
2026-09-30T13:44:09-10:00job:security_camera_frame_grab | 13:43:58  📷  a-eyes  ch2 → ch2-20260930T234358Z.jpg  (277.8 KB, 4.60s)
2026-09-30T13:44:09-10:00job:security_camera_frame_grab | 13:44:03  📷  a-eyes  ch3 → ch3-20260930T234403Z.jpg  (369.6 KB, 4.38s)
2026-09-30T13:44:09-10:00job:security_camera_frame_grab | 13:44:07  📷  a-eyes  ch4 → ch4-20260930T234407Z.jpg  (11.7 KB, 1.60s)
2026-09-30T13:44:09-10:00ENERGY  status=live  B2=17.0%  B1=67.4%  solar=76 W  ac=96 W  usbc=18 W  src=/home/rootrecord/RootRecord-Ecosystem/2 - RootRecord-Database/Energy  LAP=100%/Full/AC
2026-09-30T13:44:24-10:00  ▸  SUMMARY=river2pro soc=67.08% solar=0W ac_out=103W usbc=0W src=ble db=ok
2026-09-30T13:44:24-10:00job:sys_stats_cycle RUN  bash "/home/rootrecord/RootRecord-Ecosystem/1 - Servers/1 - RootRecord-Pacific-Solar-Server/System/scripts/sys-sample.sh"
2026-09-30T13:44:25-10:00job:sys_stats_cycle | SYSTEM  cpu=5%  load=1.48  mem=56%  src=sqlite
2026-09-30T13:44:25-10:00job:sys_stats_cycle | OK wrote /home/rootrecord/RootRecord-Ecosystem/2 - RootRecord-Database/System/samples/sys-20260930-134424.json
2026-09-30T13:45:05-10:00job:github_sync_all | ↑ [ecosystem] committed 1 local file(s)
2026-09-30T13:45:05-10:00job:github_sync_all | ↓ [ecosystem] fetching origin/main
2026-09-30T13:45:05-10:00job:github_sync_all | From github.com:RootRecord-Software-Solutions/RootRecord-Ecosystem
2026-09-30T13:45:05-10:00job:github_sync_all | * branch            main       -> FETCH_HEAD
2026-09-30T13:45:05-10:00job:github_sync_all | ↑ [ecosystem] local is ahead of GitHub
2026-09-30T13:45:05-10:00job:github_sync_all | To github.com:RootRecord-Software-Solutions/RootRecord-Ecosystem.git
2026-09-30T13:45:05-10:00job:github_sync_all | 5c5062b..87bd9b6  HEAD -> main
2026-09-30T13:45:05-10:00job:github_sync_all | branch 'main' set up to track 'origin/main'.
2026-09-30T13:45:05-10:00job:github_sync_all | ↑ [ecosystem] 1 files → RootRecord-Software-Solutions/RootRecord-Ecosystem (main)
2026-09-30T13:45:05-10:00job:github_sync_all | ↑ [pacific] committed 1 local file(s)
2026-09-30T13:45:05-10:00job:github_sync_all | ↓ [pacific] fetching origin/main
2026-09-30T13:45:05-10:00job:github_sync_all | From github.com:RootRecord-Software-Solutions/RootRecord-Pacific-Solar-Server
2026-09-30T13:45:05-10:00job:github_sync_all | * branch            main       -> FETCH_HEAD
2026-09-30T13:45:05-10:00job:github_sync_all | ↑ [pacific] local is ahead of GitHub
2026-09-30T13:45:05-10:00job:github_sync_all | To github.com:RootRecord-Software-Solutions/RootRecord-Pacific-Solar-Server.git
2026-09-30T13:45:05-10:00job:github_sync_all | 1aaf048..576f8c4  HEAD -> main
2026-09-30T13:45:05-10:00job:github_sync_all | branch 'main' set up to track 'origin/main'.
2026-09-30T13:45:05-10:00job:github_sync_all | ↑ [pacific] 1 files → RootRecord-Software-Solutions/RootRecord-Pacific-Solar-Server (main)
2026-09-30T13:45:05-10:00job:github_sync_all | ↑ [database] committed 12 local file(s)
2026-09-30T13:45:05-10:00job:github_sync_all | ↓ [database] fetching origin/main
2026-09-30T13:45:05-10:00job:github_sync_all | From github.com:RootRecord-Software-Solutions/RootRecord-Database
2026-09-30T13:45:05-10:00job:github_sync_all | * branch            main       -> FETCH_HEAD
2026-09-30T13:45:05-10:00job:github_sync_all | ↑ [database] local is ahead of GitHub
2026-09-30T13:45:05-10:00job:github_sync_all | To github.com:RootRecord-Software-Solutions/RootRecord-Database.git
2026-09-30T13:45:05-10:00job:github_sync_all | 1f738af..a840bfd  HEAD -> main
2026-09-30T13:45:05-10:00job:github_sync_all | branch 'main' set up to track 'origin/main'.
2026-09-30T13:45:05-10:00job:github_sync_all | ↑ [database] 12 files → RootRecord-Software-Solutions/RootRecord-Database (main)
2026-09-30T13:45:05-10:00job:github_sync_all | — [library] no local changes
2026-09-30T13:45:05-10:00job:github_sync_all | ↓ [library] fetching origin/main
2026-09-30T13:45:05-10:00job:github_sync_all | From github.com:RootRecord-Software-Solutions/RootRecord-Library
2026-09-30T13:45:05-10:00job:github_sync_all | * branch            main       -> FETCH_HEAD
2026-09-30T13:45:05-10:00job:github_sync_all | — [library] local and GitHub already match
2026-09-30T13:45:05-10:00job:github_sync_all | — [library] nothing to push
2026-09-30T13:45:05-10:00job:github_sync_all | — [skills] no local changes
2026-09-30T13:45:05-10:00job:github_sync_all | ↓ [skills] fetching origin/main
2026-09-30T13:45:05-10:00job:github_sync_all | From github.com:rootrecordsoftwaresolutions/Solar-Pacific-RootRecord-Server
2026-09-30T13:45:05-10:00job:github_sync_all | * branch            main       -> FETCH_HEAD
2026-09-30T13:45:05-10:00job:github_sync_all | — [skills] local and GitHub already match
2026-09-30T13:45:05-10:00job:github_sync_all | — [skills] nothing to push
2026-09-30T13:45:05-10:00job:worklog_scan RUN  bash "/home/rootrecord/RootRecord-Ecosystem/1 - Servers/1 - RootRecord-Pacific-Solar-Server/Reports/scripts/worklog_once.sh"
2026-09-30T13:45:09-10:00job:worklog_scan | OK wrote/updated /home/rootrecord/RootRecord-Ecosystem/2 - RootRecord-Database/Worklog/worklog_current.md
2026-09-30T13:45:09-10:00job:security_camera_frame_grab RUN  bash "/home/rootrecord/RootRecord-Ecosystem/1 - Servers/1 - RootRecord-Pacific-Solar-Server/Security/Cameras/grab_all.sh"
2026-09-30T13:45:24-10:00job:security_camera_frame_grab | 13:45:09  📷  a-eyes  ch1 → ch1-20260930T234509Z.jpg  (482.4 KB, 4.33s)
2026-09-30T13:45:24-10:00job:security_camera_frame_grab | 13:45:14  📷  a-eyes  ch2 → ch2-20260930T234514Z.jpg  (264.3 KB, 4.26s)
2026-09-30T13:45:24-10:00job:security_camera_frame_grab | 13:45:18  📷  a-eyes  ch3 → ch3-20260930T234518Z.jpg  (320.4 KB, 4.49s)
2026-09-30T13:45:24-10:00job:security_camera_frame_grab | 13:45:23  📷  a-eyes  ch4 → ch4-20260930T234523Z.jpg  (11.8 KB, 1.59s)
2026-09-30T13:45:24-10:00job:service_supervisor RUN  bash "/home/rootrecord/RootRecord-Ecosystem/1 - Servers/1 - RootRecord-Pacific-Solar-Server/Automations/scripts/supervise-services.sh"
2026-09-30T13:45:24-10:00job:service_supervisor | [supervisor] weather alive pid=304140 304463 305661 305866 308654 309134 309348 309668 313159 392716 736568 775116 (act)
2026-09-30T13:45:24-10:00job:service_supervisor | [supervisor] relay alive pid=1041791 (act)
2026-09-30T13:45:25-10:00ENERGY  status=live  B2=17.0%  B1=67.1%  solar=76 W  ac=103 W  usbc=18 W  src=/home/rootrecord/RootRecord-Ecosystem/2 - RootRecord-Database/Energy  LAP=100%/Full/AC
2026-09-30T13:45:40-10:00  ▸  SUMMARY=river2pro soc=66.72% solar=0W ac_out=94W usbc=0W src=ble db=ok
2026-09-30T13:45:40-10:00job:sys_stats_cycle RUN  bash "/home/rootrecord/RootRecord-Ecosystem/1 - Servers/1 - RootRecord-Pacific-Solar-Server/System/scripts/sys-sample.sh"
2026-09-30T13:45:41-10:00job:sys_stats_cycle | SYSTEM  cpu=9%  load=2.61  mem=58%  src=sqlite
2026-09-30T13:45:41-10:00job:sys_stats_cycle | OK wrote /home/rootrecord/RootRecord-Ecosystem/2 - RootRecord-Database/System/samples/sys-20260930-134540.json
2026-09-30T13:46:24-10:00job:github_sync_all | ↑ [ecosystem] committed 3 local file(s)
2026-09-30T13:46:24-10:00job:github_sync_all | ↓ [ecosystem] fetching origin/main
2026-09-30T13:46:24-10:00job:github_sync_all | From github.com:RootRecord-Software-Solutions/RootRecord-Ecosystem
2026-09-30T13:46:24-10:00job:github_sync_all | * branch            main       -> FETCH_HEAD
2026-09-30T13:46:24-10:00job:github_sync_all | ↑ [ecosystem] local is ahead of GitHub
2026-09-30T13:46:24-10:00job:github_sync_all | To github.com:RootRecord-Software-Solutions/RootRecord-Ecosystem.git
2026-09-30T13:46:24-10:00job:github_sync_all | 87bd9b6..af1e003  HEAD -> main
2026-09-30T13:46:24-10:00job:github_sync_all | branch 'main' set up to track 'origin/main'.
2026-09-30T13:46:24-10:00job:github_sync_all | ↑ [ecosystem] 3 files → RootRecord-Software-Solutions/RootRecord-Ecosystem (main)
2026-09-30T13:46:24-10:00job:github_sync_all | ↑ [pacific] committed 3 local file(s)
2026-09-30T13:46:24-10:00job:github_sync_all | ↓ [pacific] fetching origin/main
2026-09-30T13:46:24-10:00job:github_sync_all | From github.com:RootRecord-Software-Solutions/RootRecord-Pacific-Solar-Server
2026-09-30T13:46:24-10:00job:github_sync_all | * branch            main       -> FETCH_HEAD
2026-09-30T13:46:24-10:00job:github_sync_all | ↑ [pacific] local is ahead of GitHub
2026-09-30T13:46:24-10:00job:github_sync_all | To github.com:RootRecord-Software-Solutions/RootRecord-Pacific-Solar-Server.git
2026-09-30T13:46:24-10:00job:github_sync_all | 576f8c4..159141d  HEAD -> main
2026-09-30T13:46:24-10:00job:github_sync_all | branch 'main' set up to track 'origin/main'.
2026-09-30T13:46:24-10:00job:github_sync_all | ↑ [pacific] 3 files → RootRecord-Software-Solutions/RootRecord-Pacific-Solar-Server (main)
2026-09-30T13:46:24-10:00job:github_sync_all | ↑ [database] committed 19 local file(s)
2026-09-30T13:46:24-10:00job:github_sync_all | ↓ [database] fetching origin/main
2026-09-30T13:46:24-10:00job:github_sync_all | From github.com:RootRecord-Software-Solutions/RootRecord-Database
2026-09-30T13:46:24-10:00job:github_sync_all | * branch            main       -> FETCH_HEAD
2026-09-30T13:46:24-10:00job:github_sync_all | ↑ [database] local is ahead of GitHub
2026-09-30T13:46:24-10:00job:github_sync_all | To github.com:RootRecord-Software-Solutions/RootRecord-Database.git
2026-09-30T13:46:24-10:00job:github_sync_all | a840bfd..2c3c342  HEAD -> main
2026-09-30T13:46:24-10:00job:github_sync_all | branch 'main' set up to track 'origin/main'.
2026-09-30T13:46:24-10:00job:github_sync_all | ↑ [database] 19 files → RootRecord-Software-Solutions/RootRecord-Database (main)
2026-09-30T13:46:24-10:00job:github_sync_all | — [library] no local changes
2026-09-30T13:46:24-10:00job:github_sync_all | ↓ [library] fetching origin/main
2026-09-30T13:46:24-10:00job:github_sync_all | From github.com:RootRecord-Software-Solutions/RootRecord-Library
2026-09-30T13:46:24-10:00job:github_sync_all | * branch            main       -> FETCH_HEAD
2026-09-30T13:46:24-10:00job:github_sync_all | — [library] local and GitHub already match
2026-09-30T13:46:24-10:00job:github_sync_all | — [library] nothing to push
2026-09-30T13:46:24-10:00job:github_sync_all | — [skills] no local changes
2026-09-30T13:46:24-10:00job:github_sync_all | ↓ [skills] fetching origin/main
2026-09-30T13:46:24-10:00job:github_sync_all | From github.com:rootrecordsoftwaresolutions/Solar-Pacific-RootRecord-Server
2026-09-30T13:46:24-10:00job:github_sync_all | * branch            main       -> FETCH_HEAD
2026-09-30T13:46:24-10:00job:github_sync_all | — [skills] local and GitHub already match
2026-09-30T13:46:24-10:00job:github_sync_all | — [skills] nothing to push
2026-09-30T13:46:24-10:00job:security_camera_frame_grab RUN  bash "/home/rootrecord/RootRecord-Ecosystem/1 - Servers/1 - RootRecord-Pacific-Solar-Server/Security/Cameras/grab_all.sh"
2026-09-30T13:46:39-10:00job:security_camera_frame_grab | 13:46:24  📷  a-eyes  ch1 → ch1-20260930T234624Z.jpg  (483.6 KB, 4.35s)
2026-09-30T13:46:39-10:00job:security_camera_frame_grab | 13:46:29  📷  a-eyes  ch2 → ch2-20260930T234629Z.jpg  (267.7 KB, 4.46s)
2026-09-30T13:46:39-10:00job:security_camera_frame_grab | 13:46:33  📷  a-eyes  ch3 → ch3-20260930T234633Z.jpg  (383.1 KB, 4.27s)
2026-09-30T13:46:39-10:00job:security_camera_frame_grab | 13:46:37  📷  a-eyes  ch4 → ch4-20260930T234637Z.jpg  (11.7 KB, 1.60s)
2026-09-30T13:46:39-10:00ENERGY  status=live  B2=17.0%  B1=66.7%  solar=76 W  ac=94 W  usbc=18 W  src=/home/rootrecord/RootRecord-Ecosystem/2 - RootRecord-Database/Energy  LAP=100%/Full/AC
2026-09-30T13:46:55-10:00  ▸  SUMMARY=river2pro soc=66.35% solar=0W ac_out=83W usbc=0W src=ble db=ok
2026-09-30T13:46:55-10:00job:sys_stats_cycle RUN  bash "/home/rootrecord/RootRecord-Ecosystem/1 - Servers/1 - RootRecord-Pacific-Solar-Server/System/scripts/sys-sample.sh"
2026-09-30T13:46:56-10:00job:sys_stats_cycle | SYSTEM  cpu=9%  load=1.96  mem=58%  src=sqlite
2026-09-30T13:46:56-10:00job:sys_stats_cycle | OK wrote /home/rootrecord/RootRecord-Ecosystem/2 - RootRecord-Database/System/samples/sys-20260930-134655.json
2026-09-30T13:47:33-10:00job:github_sync_all | ↑ [ecosystem] committed 1 local file(s)
2026-09-30T13:47:33-10:00job:github_sync_all | ↓ [ecosystem] fetching origin/main
2026-09-30T13:47:33-10:00job:github_sync_all | From github.com:RootRecord-Software-Solutions/RootRecord-Ecosystem
2026-09-30T13:47:33-10:00job:github_sync_all | * branch            main       -> FETCH_HEAD
2026-09-30T13:47:33-10:00job:github_sync_all | ↑ [ecosystem] local is ahead of GitHub
2026-09-30T13:47:33-10:00job:github_sync_all | To github.com:RootRecord-Software-Solutions/RootRecord-Ecosystem.git
2026-09-30T13:47:33-10:00job:github_sync_all | af1e003..3857581  HEAD -> main
2026-09-30T13:47:33-10:00job:github_sync_all | branch 'main' set up to track 'origin/main'.
2026-09-30T13:47:33-10:00job:github_sync_all | ↑ [ecosystem] 1 files → RootRecord-Software-Solutions/RootRecord-Ecosystem (main)
2026-09-30T13:47:33-10:00job:github_sync_all | ↑ [pacific] committed 1 local file(s)
2026-09-30T13:47:33-10:00job:github_sync_all | ↓ [pacific] fetching origin/main
2026-09-30T13:47:33-10:00job:github_sync_all | From github.com:RootRecord-Software-Solutions/RootRecord-Pacific-Solar-Server
2026-09-30T13:47:33-10:00job:github_sync_all | * branch            main       -> FETCH_HEAD
2026-09-30T13:47:33-10:00job:github_sync_all | ↑ [pacific] local is ahead of GitHub
2026-09-30T13:47:33-10:00job:github_sync_all | To github.com:RootRecord-Software-Solutions/RootRecord-Pacific-Solar-Server.git
2026-09-30T13:47:33-10:00job:github_sync_all | 159141d..cdc1690  HEAD -> main
2026-09-30T13:47:33-10:00job:github_sync_all | branch 'main' set up to track 'origin/main'.
2026-09-30T13:47:33-10:00job:github_sync_all | ↑ [pacific] 1 files → RootRecord-Software-Solutions/RootRecord-Pacific-Solar-Server (main)
2026-09-30T13:47:33-10:00job:github_sync_all | ↑ [database] committed 14 local file(s)
2026-09-30T13:47:33-10:00job:github_sync_all | ↓ [database] fetching origin/main
2026-09-30T13:47:33-10:00job:github_sync_all | From github.com:RootRecord-Software-Solutions/RootRecord-Database
2026-09-30T13:47:33-10:00job:github_sync_all | * branch            main       -> FETCH_HEAD
2026-09-30T13:47:33-10:00job:github_sync_all | ↑ [database] local is ahead of GitHub
2026-09-30T13:47:33-10:00job:github_sync_all | To github.com:RootRecord-Software-Solutions/RootRecord-Database.git
2026-09-30T13:47:33-10:00job:github_sync_all | 2c3c342..c1c1f73  HEAD -> main
2026-09-30T13:47:33-10:00job:github_sync_all | branch 'main' set up to track 'origin/main'.
2026-09-30T13:47:33-10:00job:github_sync_all | ↑ [database] 14 files → RootRecord-Software-Solutions/RootRecord-Database (main)
2026-09-30T13:47:33-10:00job:github_sync_all | — [library] no local changes
2026-09-30T13:47:33-10:00job:github_sync_all | ↓ [library] fetching origin/main
2026-09-30T13:47:33-10:00job:github_sync_all | From github.com:RootRecord-Software-Solutions/RootRecord-Library
2026-09-30T13:47:33-10:00job:github_sync_all | * branch            main       -> FETCH_HEAD
2026-09-30T13:47:33-10:00job:github_sync_all | — [library] local and GitHub already match
2026-09-30T13:47:33-10:00job:github_sync_all | — [library] nothing to push
2026-09-30T13:47:33-10:00job:github_sync_all | — [skills] no local changes
2026-09-30T13:47:33-10:00job:github_sync_all | ↓ [skills] fetching origin/main
2026-09-30T13:47:33-10:00job:github_sync_all | From github.com:rootrecordsoftwaresolutions/Solar-Pacific-RootRecord-Server
2026-09-30T13:47:33-10:00job:github_sync_all | * branch            main       -> FETCH_HEAD
2026-09-30T13:47:33-10:00job:github_sync_all | — [skills] local and GitHub already match
2026-09-30T13:47:33-10:00job:github_sync_all | — [skills] nothing to push
2026-09-30T13:47:33-10:00job:worklog_scan RUN  bash "/home/rootrecord/RootRecord-Ecosystem/1 - Servers/1 - RootRecord-Pacific-Solar-Server/Reports/scripts/worklog_once.sh"
2026-09-30T13:48:10-10:00job:worklog_scan | OK wrote/updated /home/rootrecord/RootRecord-Ecosystem/2 - RootRecord-Database/Worklog/worklog_current.md
2026-09-30T13:48:10-10:00job:security_camera_frame_grab RUN  bash "/home/rootrecord/RootRecord-Ecosystem/1 - Servers/1 - RootRecord-Pacific-Solar-Server/Security/Cameras/grab_all.sh"
2026-09-30T13:48:25-10:00job:security_camera_frame_grab | 13:48:10  📷  a-eyes  ch1 → ch1-20260930T234810Z.jpg  (503.5 KB, 4.38s)
2026-09-30T13:48:25-10:00job:security_camera_frame_grab | 13:48:15  📷  a-eyes  ch2 → ch2-20260930T234815Z.jpg  (281.4 KB, 4.27s)
2026-09-30T13:48:25-10:00job:security_camera_frame_grab | 13:48:19  📷  a-eyes  ch3 → ch3-20260930T234819Z.jpg  (397.4 KB, 4.55s)
2026-09-30T13:48:25-10:00job:security_camera_frame_grab | 13:48:23  📷  a-eyes  ch4 → ch4-20260930T234823Z.jpg  (11.8 KB, 1.73s)
2026-09-30T13:48:26-10:00ENERGY  status=live  B2=17.0%  B1=66.3%  solar=76 W  ac=83 W  usbc=18 W  src=/home/rootrecord/RootRecord-Ecosystem/2 - RootRecord-Database/Energy  LAP=100%/Full/AC
2026-09-30T13:48:42-10:00  ▸  SUMMARY=river2pro soc=65.8% solar=0W ac_out=107W usbc=0W src=ble db=ok
2026-09-30T13:48:42-10:00job:sys_stats_cycle RUN  bash "/home/rootrecord/RootRecord-Ecosystem/1 - Servers/1 - RootRecord-Pacific-Solar-Server/System/scripts/sys-sample.sh"
2026-09-30T13:48:43-10:00job:sys_stats_cycle | SYSTEM  cpu=18%  load=4.98  mem=56%  src=sqlite
2026-09-30T13:48:43-10:00job:sys_stats_cycle | OK wrote /home/rootrecord/RootRecord-Ecosystem/2 - RootRecord-Database/System/samples/sys-20260930-134842.json
2026-09-30T13:49:25-10:00job:github_sync_all | ↑ [ecosystem] committed 2 local file(s)
2026-09-30T13:49:25-10:00job:github_sync_all | ↓ [ecosystem] fetching origin/main
2026-09-30T13:49:25-10:00job:github_sync_all | From github.com:RootRecord-Software-Solutions/RootRecord-Ecosystem
2026-09-30T13:49:25-10:00job:github_sync_all | * branch            main       -> FETCH_HEAD
2026-09-30T13:49:25-10:00job:github_sync_all | ↑ [ecosystem] local is ahead of GitHub
2026-09-30T13:49:25-10:00job:github_sync_all | To github.com:RootRecord-Software-Solutions/RootRecord-Ecosystem.git
2026-09-30T13:49:25-10:00job:github_sync_all | 3857581..477e827  HEAD -> main
2026-09-30T13:49:25-10:00job:github_sync_all | branch 'main' set up to track 'origin/main'.
2026-09-30T13:49:25-10:00job:github_sync_all | ↑ [ecosystem] 2 files → RootRecord-Software-Solutions/RootRecord-Ecosystem (main)
2026-09-30T13:49:25-10:00job:github_sync_all | ↑ [pacific] committed 1 local file(s)
2026-09-30T13:49:25-10:00job:github_sync_all | ↓ [pacific] fetching origin/main
2026-09-30T13:49:25-10:00job:github_sync_all | From github.com:RootRecord-Software-Solutions/RootRecord-Pacific-Solar-Server
2026-09-30T13:49:25-10:00job:github_sync_all | * branch            main       -> FETCH_HEAD
2026-09-30T13:49:25-10:00job:github_sync_all | ↑ [pacific] local is ahead of GitHub
2026-09-30T13:49:25-10:00job:github_sync_all | To github.com:RootRecord-Software-Solutions/RootRecord-Pacific-Solar-Server.git
2026-09-30T13:49:25-10:00job:github_sync_all | cdc1690..3be1443  HEAD -> main
2026-09-30T13:49:25-10:00job:github_sync_all | branch 'main' set up to track 'origin/main'.
2026-09-30T13:49:25-10:00job:github_sync_all | ↑ [pacific] 1 files → RootRecord-Software-Solutions/RootRecord-Pacific-Solar-Server (main)
2026-09-30T13:49:25-10:00job:github_sync_all | ↑ [database] committed 15 local file(s)
2026-09-30T13:49:25-10:00job:github_sync_all | ↓ [database] fetching origin/main
2026-09-30T13:49:25-10:00job:github_sync_all | From github.com:RootRecord-Software-Solutions/RootRecord-Database
2026-09-30T13:49:25-10:00job:github_sync_all | * branch            main       -> FETCH_HEAD
2026-09-30T13:49:25-10:00job:github_sync_all | ↑ [database] local is ahead of GitHub
2026-09-30T13:49:25-10:00job:github_sync_all | To github.com:RootRecord-Software-Solutions/RootRecord-Database.git
2026-09-30T13:49:25-10:00job:github_sync_all | c1c1f73..d147b15  HEAD -> main
2026-09-30T13:49:25-10:00job:github_sync_all | branch 'main' set up to track 'origin/main'.
2026-09-30T13:49:25-10:00job:github_sync_all | ↑ [database] 15 files → RootRecord-Software-Solutions/RootRecord-Database (main)
2026-09-30T13:49:25-10:00job:github_sync_all | — [library] no local changes
2026-09-30T13:49:25-10:00job:github_sync_all | ↓ [library] fetching origin/main
2026-09-30T13:49:25-10:00job:github_sync_all | From github.com:RootRecord-Software-Solutions/RootRecord-Library
2026-09-30T13:49:25-10:00job:github_sync_all | * branch            main       -> FETCH_HEAD
2026-09-30T13:49:25-10:00job:github_sync_all | — [library] local and GitHub already match
2026-09-30T13:49:25-10:00job:github_sync_all | — [library] nothing to push
2026-09-30T13:49:25-10:00job:github_sync_all | — [skills] no local changes
2026-09-30T13:49:25-10:00job:github_sync_all | ↓ [skills] fetching origin/main
2026-09-30T13:49:25-10:00job:github_sync_all | From github.com:rootrecordsoftwaresolutions/Solar-Pacific-RootRecord-Server
2026-09-30T13:49:25-10:00job:github_sync_all | * branch            main       -> FETCH_HEAD
2026-09-30T13:49:25-10:00job:github_sync_all | — [skills] local and GitHub already match
2026-09-30T13:49:25-10:00job:github_sync_all | — [skills] nothing to push
2026-09-30T13:49:25-10:00job:worklog_scan RUN  bash "/home/rootrecord/RootRecord-Ecosystem/1 - Servers/1 - RootRecord-Pacific-Solar-Server/Reports/scripts/worklog_once.sh"
2026-09-30T13:49:29-10:00job:worklog_scan | OK wrote/updated /home/rootrecord/RootRecord-Ecosystem/2 - RootRecord-Database/Worklog/worklog_current.md
2026-09-30T13:49:29-10:00job:security_camera_frame_grab RUN  bash "/home/rootrecord/RootRecord-Ecosystem/1 - Servers/1 - RootRecord-Pacific-Solar-Server/Security/Cameras/grab_all.sh"
2026-09-30T13:49:44-10:00job:security_camera_frame_grab | 13:49:29  📷  a-eyes  ch1 → ch1-20260930T234929Z.jpg  (543.5 KB, 4.46s)
2026-09-30T13:49:44-10:00job:security_camera_frame_grab | 13:49:33  📷  a-eyes  ch2 → ch2-20260930T234933Z.jpg  (293.8 KB, 4.42s)
2026-09-30T13:49:44-10:00job:security_camera_frame_grab | 13:49:38  📷  a-eyes  ch3 → ch3-20260930T234938Z.jpg  (403.2 KB, 4.40s)
2026-09-30T13:49:44-10:00job:security_camera_frame_grab | 13:49:42  📷  a-eyes  ch4 → ch4-20260930T234942Z.jpg  (11.7 KB, 1.54s)
2026-09-30T13:49:44-10:00ENERGY  status=live  B2=17.0%  B1=65.8%  solar=76 W  ac=107 W  usbc=18 W  src=/home/rootrecord/RootRecord-Ecosystem/2 - RootRecord-Database/Energy  LAP=100%/Full/AC
2026-09-30T13:49:59-10:00  ▸  SUMMARY=delta2 soc=17.89% solar=89W ac_out=— usbc=16W src=ble db=ok
2026-09-30T13:49:59-10:00job:sys_stats_cycle RUN  bash "/home/rootrecord/RootRecord-Ecosystem/1 - Servers/1 - RootRecord-Pacific-Solar-Server/System/scripts/sys-sample.sh"
2026-09-30T13:50:00-10:00job:sys_stats_cycle | SYSTEM  cpu=13%  load=2.84  mem=57%  src=sqlite
2026-09-30T13:50:00-10:00job:sys_stats_cycle | OK wrote /home/rootrecord/RootRecord-Ecosystem/2 - RootRecord-Database/System/samples/sys-20260930-135000.json
2026-09-30T13:50:36-10:00job:github_sync_all | ↑ [ecosystem] committed 1 local file(s)
2026-09-30T13:50:36-10:00job:github_sync_all | ↓ [ecosystem] fetching origin/main
2026-09-30T13:50:36-10:00job:github_sync_all | From github.com:RootRecord-Software-Solutions/RootRecord-Ecosystem
2026-09-30T13:50:36-10:00job:github_sync_all | * branch            main       -> FETCH_HEAD
2026-09-30T13:50:36-10:00job:github_sync_all | ↑ [ecosystem] local is ahead of GitHub
2026-09-30T13:50:36-10:00job:github_sync_all | To github.com:RootRecord-Software-Solutions/RootRecord-Ecosystem.git
2026-09-30T13:50:36-10:00job:github_sync_all | 477e827..57efb2d  HEAD -> main
2026-09-30T13:50:36-10:00job:github_sync_all | branch 'main' set up to track 'origin/main'.
2026-09-30T13:50:36-10:00job:github_sync_all | ↑ [ecosystem] 1 files → RootRecord-Software-Solutions/RootRecord-Ecosystem (main)
2026-09-30T13:50:36-10:00job:github_sync_all | — [pacific] no local changes
2026-09-30T13:50:36-10:00job:github_sync_all | ↓ [pacific] fetching origin/main
2026-09-30T13:50:36-10:00job:github_sync_all | From github.com:RootRecord-Software-Solutions/RootRecord-Pacific-Solar-Server
2026-09-30T13:50:36-10:00job:github_sync_all | * branch            main       -> FETCH_HEAD
2026-09-30T13:50:36-10:00job:github_sync_all | — [pacific] local and GitHub already match
2026-09-30T13:50:36-10:00job:github_sync_all | — [pacific] nothing to push
2026-09-30T13:50:36-10:00job:github_sync_all | ↑ [database] committed 16 local file(s)
2026-09-30T13:50:36-10:00job:github_sync_all | ↓ [database] fetching origin/main
2026-09-30T13:50:36-10:00job:github_sync_all | From github.com:RootRecord-Software-Solutions/RootRecord-Database
2026-09-30T13:50:36-10:00job:github_sync_all | * branch            main       -> FETCH_HEAD
2026-09-30T13:50:36-10:00job:github_sync_all | ↑ [database] local is ahead of GitHub
2026-09-30T13:50:36-10:00job:github_sync_all | To github.com:RootRecord-Software-Solutions/RootRecord-Database.git
2026-09-30T13:50:36-10:00job:github_sync_all | d147b15..9cdd32f  HEAD -> main
2026-09-30T13:50:36-10:00job:github_sync_all | branch 'main' set up to track 'origin/main'.
2026-09-30T13:50:36-10:00job:github_sync_all | ↑ [database] 16 files → RootRecord-Software-Solutions/RootRecord-Database (main)
2026-09-30T13:50:36-10:00job:github_sync_all | — [library] no local changes
2026-09-30T13:50:36-10:00job:github_sync_all | ↓ [library] fetching origin/main
2026-09-30T13:50:36-10:00job:github_sync_all | From github.com:RootRecord-Software-Solutions/RootRecord-Library
2026-09-30T13:50:36-10:00job:github_sync_all | * branch            main       -> FETCH_HEAD
2026-09-30T13:50:36-10:00job:github_sync_all | — [library] local and GitHub already match
2026-09-30T13:50:36-10:00job:github_sync_all | — [library] nothing to push
2026-09-30T13:50:36-10:00job:github_sync_all | — [skills] no local changes
2026-09-30T13:50:36-10:00job:github_sync_all | ↓ [skills] fetching origin/main
2026-09-30T13:50:36-10:00job:github_sync_all | From github.com:rootrecordsoftwaresolutions/Solar-Pacific-RootRecord-Server
2026-09-30T13:50:36-10:00job:github_sync_all | * branch            main       -> FETCH_HEAD
2026-09-30T13:50:36-10:00job:github_sync_all | — [skills] local and GitHub already match
2026-09-30T13:50:36-10:00job:github_sync_all | — [skills] nothing to push
2026-09-30T13:50:36-10:00job:security_camera_frame_grab RUN  bash "/home/rootrecord/RootRecord-Ecosystem/1 - Servers/1 - RootRecord-Pacific-Solar-Server/Security/Cameras/grab_all.sh"
2026-09-30T13:50:51-10:00job:security_camera_frame_grab | 13:50:36  📷  a-eyes  ch1 → ch1-20260930T235036Z.jpg  (510.4 KB, 4.64s)
2026-09-30T13:50:51-10:00job:security_camera_frame_grab | 13:50:40  📷  a-eyes  ch2 → ch2-20260930T235040Z.jpg  (292.0 KB, 4.47s)
2026-09-30T13:50:51-10:00job:security_camera_frame_grab | 13:50:45  📷  a-eyes  ch3 → ch3-20260930T235045Z.jpg  (408.5 KB, 4.33s)
2026-09-30T13:50:51-10:00job:security_camera_frame_grab | 13:50:49  📷  a-eyes  ch4 → ch4-20260930T235049Z.jpg  (11.7 KB, 1.61s)
2026-09-30T13:50:51-10:00job:service_supervisor RUN  bash "/home/rootrecord/RootRecord-Ecosystem/1 - Servers/1 - RootRecord-Pacific-Solar-Server/Automations/scripts/supervise-services.sh"
2026-09-30T13:50:51-10:00job:service_supervisor | [supervisor] weather alive pid=304140 304463 305661 305866 308654 309134 309348 309668 313159 392716 736568 775116 (act)
2026-09-30T13:50:51-10:00job:service_supervisor | [supervisor] relay alive pid=1105254 (act)
2026-09-30T13:50:51-10:00ENERGY  status=live  B2=17.9%  B1=65.8%  solar=89 W  ac=107 W  usbc=16 W  src=/home/rootrecord/RootRecord-Ecosystem/2 - RootRecord-Database/Energy  LAP=100%/Full/AC
2026-09-30T13:51:07-10:00  ▸  SUMMARY=delta2 soc=17.99% solar=92W ac_out=— usbc=15W src=ble db=ok
2026-09-30T13:51:07-10:00job:sys_stats_cycle RUN  bash "/home/rootrecord/RootRecord-Ecosystem/1 - Servers/1 - RootRecord-Pacific-Solar-Server/System/scripts/sys-sample.sh"
2026-09-30T13:51:08-10:00job:sys_stats_cycle | SYSTEM  cpu=10%  load=1.57  mem=56%  src=sqlite
2026-09-30T13:51:08-10:00job:sys_stats_cycle | OK wrote /home/rootrecord/RootRecord-Ecosystem/2 - RootRecord-Database/System/samples/sys-20260930-135107.json
2026-09-30T13:51:39-10:00job:github_sync_all | — [ecosystem] no committable local changes
2026-09-30T13:51:39-10:00job:github_sync_all | ↓ [ecosystem] fetching origin/main
2026-09-30T13:51:39-10:00job:github_sync_all | From github.com:RootRecord-Software-Solutions/RootRecord-Ecosystem
2026-09-30T13:51:39-10:00job:github_sync_all | * branch            main       -> FETCH_HEAD
2026-09-30T13:51:39-10:00job:github_sync_all | — [ecosystem] local and GitHub already match
2026-09-30T13:51:39-10:00job:github_sync_all | — [ecosystem] nothing to push
2026-09-30T13:51:39-10:00job:github_sync_all | — [pacific] no local changes
2026-09-30T13:51:39-10:00job:github_sync_all | ↓ [pacific] fetching origin/main
2026-09-30T13:51:39-10:00job:github_sync_all | From github.com:RootRecord-Software-Solutions/RootRecord-Pacific-Solar-Server
2026-09-30T13:51:39-10:00job:github_sync_all | * branch            main       -> FETCH_HEAD
2026-09-30T13:51:39-10:00job:github_sync_all | — [pacific] local and GitHub already match
2026-09-30T13:51:39-10:00job:github_sync_all | — [pacific] nothing to push
2026-09-30T13:51:39-10:00job:github_sync_all | ↑ [database] committed 12 local file(s)
2026-09-30T13:51:39-10:00job:github_sync_all | ↓ [database] fetching origin/main
2026-09-30T13:51:39-10:00job:github_sync_all | From github.com:RootRecord-Software-Solutions/RootRecord-Database
2026-09-30T13:51:39-10:00job:github_sync_all | * branch            main       -> FETCH_HEAD
2026-09-30T13:51:39-10:00job:github_sync_all | ↑ [database] local is ahead of GitHub
2026-09-30T13:51:39-10:00job:github_sync_all | To github.com:RootRecord-Software-Solutions/RootRecord-Database.git
2026-09-30T13:51:39-10:00job:github_sync_all | 9cdd32f..eea964a  HEAD -> main
2026-09-30T13:51:39-10:00job:github_sync_all | branch 'main' set up to track 'origin/main'.
2026-09-30T13:51:39-10:00job:github_sync_all | ↑ [database] 12 files → RootRecord-Software-Solutions/RootRecord-Database (main)
2026-09-30T13:51:39-10:00job:github_sync_all | — [library] no local changes
2026-09-30T13:51:39-10:00job:github_sync_all | ↓ [library] fetching origin/main
2026-09-30T13:51:39-10:00job:github_sync_all | From github.com:RootRecord-Software-Solutions/RootRecord-Library
2026-09-30T13:51:39-10:00job:github_sync_all | * branch            main       -> FETCH_HEAD
2026-09-30T13:51:39-10:00job:github_sync_all | — [library] local and GitHub already match
2026-09-30T13:51:39-10:00job:github_sync_all | — [library] nothing to push
2026-09-30T13:51:39-10:00job:github_sync_all | — [skills] no local changes
2026-09-30T13:51:39-10:00job:github_sync_all | ↓ [skills] fetching origin/main
2026-09-30T13:51:39-10:00job:github_sync_all | From github.com:rootrecordsoftwaresolutions/Solar-Pacific-RootRecord-Server
2026-09-30T13:51:39-10:00job:github_sync_all | * branch            main       -> FETCH_HEAD
2026-09-30T13:51:39-10:00job:github_sync_all | — [skills] local and GitHub already match
2026-09-30T13:51:39-10:00job:github_sync_all | — [skills] nothing to push
2026-09-30T13:51:39-10:00job:worklog_scan RUN  bash "/home/rootrecord/RootRecord-Ecosystem/1 - Servers/1 - RootRecord-Pacific-Solar-Server/Reports/scripts/worklog_once.sh"
2026-09-30T13:51:43-10:00job:worklog_scan | OK wrote/updated /home/rootrecord/RootRecord-Ecosystem/2 - RootRecord-Database/Worklog/worklog_current.md
2026-09-30T13:51:43-10:00job:security_camera_frame_grab RUN  bash "/home/rootrecord/RootRecord-Ecosystem/1 - Servers/1 - RootRecord-Pacific-Solar-Server/Security/Cameras/grab_all.sh"
2026-09-30T13:51:58-10:00job:security_camera_frame_grab | 13:51:43  📷  a-eyes  ch1 → ch1-20260930T235143Z.jpg  (521.2 KB, 4.46s)
2026-09-30T13:51:58-10:00job:security_camera_frame_grab | 13:51:48  📷  a-eyes  ch2 → ch2-20260930T235148Z.jpg  (297.9 KB, 4.38s)
2026-09-30T13:51:58-10:00job:security_camera_frame_grab | 13:51:52  📷  a-eyes  ch3 → ch3-20260930T235152Z.jpg  (405.4 KB, 4.37s)
2026-09-30T13:51:58-10:00job:security_camera_frame_grab | 13:51:56  📷  a-eyes  ch4 → ch4-20260930T235156Z.jpg  (11.7 KB, 1.54s)
2026-09-30T13:51:58-10:00ENERGY  status=live  B2=18.0%  B1=65.8%  solar=92 W  ac=107 W  usbc=15 W  src=/home/rootrecord/RootRecord-Ecosystem/2 - RootRecord-Database/Energy  LAP=100%/Full/AC
2026-09-30T13:52:13-10:00  ▸  SUMMARY=river2pro soc=64.76% solar=0W ac_out=86W usbc=0W src=ble db=ok
2026-09-30T13:52:13-10:00job:sys_stats_cycle RUN  bash "/home/rootrecord/RootRecord-Ecosystem/1 - Servers/1 - RootRecord-Pacific-Solar-Server/System/scripts/sys-sample.sh"
2026-09-30T13:52:14-10:00job:sys_stats_cycle | SYSTEM  cpu=9%  load=1.38  mem=57%  src=sqlite
2026-09-30T13:52:14-10:00job:sys_stats_cycle | OK wrote /home/rootrecord/RootRecord-Ecosystem/2 - RootRecord-Database/System/samples/sys-20260930-135214.json
2026-09-30T13:52:53-10:00job:github_sync_all | ↑ [ecosystem] committed 1 local file(s)
2026-09-30T13:52:53-10:00job:github_sync_all | ↓ [ecosystem] fetching origin/main
2026-09-30T13:52:53-10:00job:github_sync_all | From github.com:RootRecord-Software-Solutions/RootRecord-Ecosystem
2026-09-30T13:52:53-10:00job:github_sync_all | * branch            main       -> FETCH_HEAD
2026-09-30T13:52:53-10:00job:github_sync_all | ↑ [ecosystem] local is ahead of GitHub
2026-09-30T13:52:53-10:00job:github_sync_all | To github.com:RootRecord-Software-Solutions/RootRecord-Ecosystem.git
2026-09-30T13:52:53-10:00job:github_sync_all | 57efb2d..102903d  HEAD -> main
2026-09-30T13:52:53-10:00job:github_sync_all | branch 'main' set up to track 'origin/main'.
2026-09-30T13:52:53-10:00job:github_sync_all | ↑ [ecosystem] 1 files → RootRecord-Software-Solutions/RootRecord-Ecosystem (main)
2026-09-30T13:52:53-10:00job:github_sync_all | ↑ [pacific] committed 1 local file(s)
2026-09-30T13:52:53-10:00job:github_sync_all | ↓ [pacific] fetching origin/main
2026-09-30T13:52:53-10:00job:github_sync_all | From github.com:RootRecord-Software-Solutions/RootRecord-Pacific-Solar-Server
2026-09-30T13:52:53-10:00job:github_sync_all | * branch            main       -> FETCH_HEAD
2026-09-30T13:52:53-10:00job:github_sync_all | ↑ [pacific] local is ahead of GitHub
2026-09-30T13:52:53-10:00job:github_sync_all | To github.com:RootRecord-Software-Solutions/RootRecord-Pacific-Solar-Server.git
2026-09-30T13:52:53-10:00job:github_sync_all | 3be1443..bdedf5a  HEAD -> main
2026-09-30T13:52:53-10:00job:github_sync_all | branch 'main' set up to track 'origin/main'.
2026-09-30T13:52:53-10:00job:github_sync_all | ↑ [pacific] 1 files → RootRecord-Software-Solutions/RootRecord-Pacific-Solar-Server (main)
2026-09-30T13:52:53-10:00job:github_sync_all | ↑ [database] committed 15 local file(s)
2026-09-30T13:52:53-10:00job:github_sync_all | ↓ [database] fetching origin/main
2026-09-30T13:52:53-10:00job:github_sync_all | From github.com:RootRecord-Software-Solutions/RootRecord-Database
2026-09-30T13:52:53-10:00job:github_sync_all | * branch            main       -> FETCH_HEAD
2026-09-30T13:52:53-10:00job:github_sync_all | ↑ [database] local is ahead of GitHub
2026-09-30T13:52:53-10:00job:github_sync_all | To github.com:RootRecord-Software-Solutions/RootRecord-Database.git
2026-09-30T13:52:53-10:00job:github_sync_all | eea964a..d27b48f  HEAD -> main
2026-09-30T13:52:53-10:00job:github_sync_all | branch 'main' set up to track 'origin/main'.
2026-09-30T13:52:53-10:00job:github_sync_all | ↑ [database] 15 files → RootRecord-Software-Solutions/RootRecord-Database (main)
2026-09-30T13:52:53-10:00job:github_sync_all | — [library] no local changes
2026-09-30T13:52:53-10:00job:github_sync_all | ↓ [library] fetching origin/main
2026-09-30T13:52:53-10:00job:github_sync_all | From github.com:RootRecord-Software-Solutions/RootRecord-Library
2026-09-30T13:52:53-10:00job:github_sync_all | * branch            main       -> FETCH_HEAD
2026-09-30T13:52:53-10:00job:github_sync_all | — [library] local and GitHub already match
2026-09-30T13:52:53-10:00job:github_sync_all | — [library] nothing to push
2026-09-30T13:52:53-10:00job:github_sync_all | — [skills] no local changes
2026-09-30T13:52:53-10:00job:github_sync_all | ↓ [skills] fetching origin/main
2026-09-30T13:52:53-10:00job:github_sync_all | From github.com:rootrecordsoftwaresolutions/Solar-Pacific-RootRecord-Server
2026-09-30T13:52:53-10:00job:github_sync_all | * branch            main       -> FETCH_HEAD
2026-09-30T13:52:53-10:00job:github_sync_all | — [skills] local and GitHub already match
2026-09-30T13:52:53-10:00job:github_sync_all | — [skills] nothing to push
2026-09-30T13:52:53-10:00job:security_camera_frame_grab RUN  bash "/home/rootrecord/RootRecord-Ecosystem/1 - Servers/1 - RootRecord-Pacific-Solar-Server/Security/Cameras/grab_all.sh"
2026-09-30T13:53:08-10:00job:security_camera_frame_grab | 13:52:53  📷  a-eyes  ch1 → ch1-20260930T235253Z.jpg  (521.3 KB, 4.17s)
2026-09-30T13:53:08-10:00job:security_camera_frame_grab | 13:52:58  📷  a-eyes  ch2 → ch2-20260930T235258Z.jpg  (294.8 KB, 4.41s)
2026-09-30T13:53:08-10:00job:security_camera_frame_grab | 13:53:02  📷  a-eyes  ch3 → ch3-20260930T235302Z.jpg  (409.9 KB, 4.38s)
2026-09-30T13:53:08-10:00job:security_camera_frame_grab | 13:53:06  📷  a-eyes  ch4 → ch4-20260930T235306Z.jpg  (11.8 KB, 1.50s)
2026-09-30T13:53:08-10:00ENERGY  status=live  B2=18.0%  B1=64.8%  solar=92 W  ac=86 W  usbc=15 W  src=/home/rootrecord/RootRecord-Ecosystem/2 - RootRecord-Database/Energy  LAP=100%/Full/AC
2026-09-30T13:53:24-10:00  ▸  SUMMARY=river2pro soc=64.44% solar=0W ac_out=78W usbc=0W src=ble db=ok
2026-09-30T13:53:24-10:00job:sys_stats_cycle RUN  bash "/home/rootrecord/RootRecord-Ecosystem/1 - Servers/1 - RootRecord-Pacific-Solar-Server/System/scripts/sys-sample.sh"
2026-09-30T13:53:25-10:00job:sys_stats_cycle | SYSTEM  cpu=7%  load=1.56  mem=56%  src=sqlite
2026-09-30T13:53:25-10:00job:sys_stats_cycle | OK wrote /home/rootrecord/RootRecord-Ecosystem/2 - RootRecord-Database/System/samples/sys-20260930-135324.json
2026-09-30T13:54:06-10:00job:github_sync_all | ↑ [ecosystem] committed 2 local file(s)
2026-09-30T13:54:06-10:00job:github_sync_all | ↓ [ecosystem] fetching origin/main
2026-09-30T13:54:06-10:00job:github_sync_all | From github.com:RootRecord-Software-Solutions/RootRecord-Ecosystem
2026-09-30T13:54:06-10:00job:github_sync_all | * branch            main       -> FETCH_HEAD
2026-09-30T13:54:06-10:00job:github_sync_all | ↑ [ecosystem] local is ahead of GitHub
2026-09-30T13:54:06-10:00job:github_sync_all | To github.com:RootRecord-Software-Solutions/RootRecord-Ecosystem.git
2026-09-30T13:54:06-10:00job:github_sync_all | 102903d..a0f623d  HEAD -> main
2026-09-30T13:54:06-10:00job:github_sync_all | branch 'main' set up to track 'origin/main'.
2026-09-30T13:54:06-10:00job:github_sync_all | ↑ [ecosystem] 2 files → RootRecord-Software-Solutions/RootRecord-Ecosystem (main)
2026-09-30T13:54:06-10:00job:github_sync_all | ↑ [pacific] committed 2 local file(s)
2026-09-30T13:54:06-10:00job:github_sync_all | ↓ [pacific] fetching origin/main
2026-09-30T13:54:06-10:00job:github_sync_all | From github.com:RootRecord-Software-Solutions/RootRecord-Pacific-Solar-Server
2026-09-30T13:54:06-10:00job:github_sync_all | * branch            main       -> FETCH_HEAD
2026-09-30T13:54:06-10:00job:github_sync_all | ↑ [pacific] local is ahead of GitHub
2026-09-30T13:54:06-10:00job:github_sync_all | To github.com:RootRecord-Software-Solutions/RootRecord-Pacific-Solar-Server.git
2026-09-30T13:54:06-10:00job:github_sync_all | bdedf5a..27a6dfc  HEAD -> main
2026-09-30T13:54:06-10:00job:github_sync_all | branch 'main' set up to track 'origin/main'.
2026-09-30T13:54:06-10:00job:github_sync_all | ↑ [pacific] 2 files → RootRecord-Software-Solutions/RootRecord-Pacific-Solar-Server (main)
2026-09-30T13:54:06-10:00job:github_sync_all | ↑ [database] committed 19 local file(s)
2026-09-30T13:54:06-10:00job:github_sync_all | ↓ [database] fetching origin/main
2026-09-30T13:54:06-10:00job:github_sync_all | From github.com:RootRecord-Software-Solutions/RootRecord-Database
2026-09-30T13:54:06-10:00job:github_sync_all | * branch              main       -> FETCH_HEAD
2026-09-30T13:54:06-10:00job:github_sync_all | ↑ [database] local is ahead of GitHub
2026-09-30T13:54:06-10:00job:github_sync_all | To github.com:RootRecord-Software-Solutions/RootRecord-Database.git
2026-09-30T13:54:06-10:00job:github_sync_all | d27b48f2..b2e48f12  HEAD -> main
2026-09-30T13:54:06-10:00job:github_sync_all | branch 'main' set up to track 'origin/main'.
2026-09-30T13:54:06-10:00job:github_sync_all | ↑ [database] 19 files → RootRecord-Software-Solutions/RootRecord-Database (main)
2026-09-30T13:54:06-10:00job:github_sync_all | — [library] no local changes
2026-09-30T13:54:06-10:00job:github_sync_all | ↓ [library] fetching origin/main
2026-09-30T13:54:06-10:00job:github_sync_all | From github.com:RootRecord-Software-Solutions/RootRecord-Library
2026-09-30T13:54:06-10:00job:github_sync_all | * branch            main       -> FETCH_HEAD
2026-09-30T13:54:06-10:00job:github_sync_all | — [library] local and GitHub already match
2026-09-30T13:54:06-10:00job:github_sync_all | — [library] nothing to push
2026-09-30T13:54:06-10:00job:github_sync_all | — [skills] no local changes
2026-09-30T13:54:06-10:00job:github_sync_all | ↓ [skills] fetching origin/main
2026-09-30T13:54:06-10:00job:github_sync_all | From github.com:rootrecordsoftwaresolutions/Solar-Pacific-RootRecord-Server
2026-09-30T13:54:06-10:00job:github_sync_all | * branch            main       -> FETCH_HEAD
2026-09-30T13:54:06-10:00job:github_sync_all | — [skills] local and GitHub already match
2026-09-30T13:54:06-10:00job:github_sync_all | — [skills] nothing to push
2026-09-30T13:54:06-10:00job:worklog_scan RUN  bash "/home/rootrecord/RootRecord-Ecosystem/1 - Servers/1 - RootRecord-Pacific-Solar-Server/Reports/scripts/worklog_once.sh"
2026-09-30T13:54:12-10:00job:worklog_scan | OK wrote/updated /home/rootrecord/RootRecord-Ecosystem/2 - RootRecord-Database/Worklog/worklog_current.md
2026-09-30T13:54:12-10:00job:security_camera_frame_grab RUN  bash "/home/rootrecord/RootRecord-Ecosystem/1 - Servers/1 - RootRecord-Pacific-Solar-Server/Security/Cameras/grab_all.sh"
2026-09-30T13:54:28-10:00job:security_camera_frame_grab | 13:54:13  📷  a-eyes  ch1 → ch1-20260930T235413Z.jpg  (524.7 KB, 4.45s)
2026-09-30T13:54:28-10:00job:security_camera_frame_grab | 13:54:18  📷  a-eyes  ch2 → ch2-20260930T235418Z.jpg  (295.7 KB, 4.42s)
2026-09-30T13:54:28-10:00job:security_camera_frame_grab | 13:54:22  📷  a-eyes  ch3 → ch3-20260930T235422Z.jpg  (409.2 KB, 4.50s)
2026-09-30T13:54:28-10:00job:security_camera_frame_grab | 13:54:27  📷  a-eyes  ch4 → ch4-20260930T235427Z.jpg  (11.7 KB, 1.56s)
2026-09-30T13:54:29-10:00ENERGY  status=live  B2=18.0%  B1=64.4%  solar=92 W  ac=78 W  usbc=15 W  src=/home/rootrecord/RootRecord-Ecosystem/2 - RootRecord-Database/Energy  LAP=100%/Full/AC
2026-09-30T13:54:44-10:00  ▸  SUMMARY=river2pro soc=64.06% solar=0W ac_out=— usbc=0W src=ble db=ok
2026-09-30T13:54:44-10:00job:sys_stats_cycle RUN  bash "/home/rootrecord/RootRecord-Ecosystem/1 - Servers/1 - RootRecord-Pacific-Solar-Server/System/scripts/sys-sample.sh"
2026-09-30T13:54:45-10:00job:sys_stats_cycle | SYSTEM  cpu=8%  load=1.95  mem=58%  src=sqlite
2026-09-30T13:54:45-10:00job:sys_stats_cycle | OK wrote /home/rootrecord/RootRecord-Ecosystem/2 - RootRecord-Database/System/samples/sys-20260930-135444.json
2026-09-30T13:55:23-10:00job:github_sync_all | ↑ [ecosystem] committed 1 local file(s)
2026-09-30T13:55:23-10:00job:github_sync_all | ↓ [ecosystem] fetching origin/main
2026-09-30T13:55:23-10:00job:github_sync_all | From github.com:RootRecord-Software-Solutions/RootRecord-Ecosystem
2026-09-30T13:55:23-10:00job:github_sync_all | * branch            main       -> FETCH_HEAD
2026-09-30T13:55:23-10:00job:github_sync_all | ↑ [ecosystem] local is ahead of GitHub
2026-09-30T13:55:23-10:00job:github_sync_all | To github.com:RootRecord-Software-Solutions/RootRecord-Ecosystem.git
2026-09-30T13:55:23-10:00job:github_sync_all | a0f623d..58507d5  HEAD -> main
2026-09-30T13:55:23-10:00job:github_sync_all | branch 'main' set up to track 'origin/main'.
2026-09-30T13:55:23-10:00job:github_sync_all | ↑ [ecosystem] 1 files → RootRecord-Software-Solutions/RootRecord-Ecosystem (main)
2026-09-30T13:55:23-10:00job:github_sync_all | ↑ [pacific] committed 1 local file(s)
2026-09-30T13:55:23-10:00job:github_sync_all | ↓ [pacific] fetching origin/main
2026-09-30T13:55:23-10:00job:github_sync_all | From github.com:RootRecord-Software-Solutions/RootRecord-Pacific-Solar-Server
2026-09-30T13:55:23-10:00job:github_sync_all | * branch            main       -> FETCH_HEAD
2026-09-30T13:55:23-10:00job:github_sync_all | ↑ [pacific] local is ahead of GitHub
2026-09-30T13:55:23-10:00job:github_sync_all | To github.com:RootRecord-Software-Solutions/RootRecord-Pacific-Solar-Server.git
2026-09-30T13:55:23-10:00job:github_sync_all | 27a6dfc..60b9e1a  HEAD -> main
2026-09-30T13:55:23-10:00job:github_sync_all | branch 'main' set up to track 'origin/main'.
2026-09-30T13:55:23-10:00job:github_sync_all | ↑ [pacific] 1 files → RootRecord-Software-Solutions/RootRecord-Pacific-Solar-Server (main)
2026-09-30T13:55:23-10:00job:github_sync_all | ↑ [database] committed 22 local file(s)
2026-09-30T13:55:23-10:00job:github_sync_all | ↓ [database] fetching origin/main
2026-09-30T13:55:23-10:00job:github_sync_all | From github.com:RootRecord-Software-Solutions/RootRecord-Database
2026-09-30T13:55:23-10:00job:github_sync_all | * branch              main       -> FETCH_HEAD
2026-09-30T13:55:23-10:00job:github_sync_all | ↑ [database] local is ahead of GitHub
2026-09-30T13:55:23-10:00job:github_sync_all | To github.com:RootRecord-Software-Solutions/RootRecord-Database.git
2026-09-30T13:55:23-10:00job:github_sync_all | b2e48f12..36eeb012  HEAD -> main
2026-09-30T13:55:23-10:00job:github_sync_all | branch 'main' set up to track 'origin/main'.
2026-09-30T13:55:23-10:00job:github_sync_all | ↑ [database] 22 files → RootRecord-Software-Solutions/RootRecord-Database (main)
2026-09-30T13:55:23-10:00job:github_sync_all | — [library] no local changes
2026-09-30T13:55:23-10:00job:github_sync_all | ↓ [library] fetching origin/main
2026-09-30T13:55:23-10:00job:github_sync_all | From github.com:RootRecord-Software-Solutions/RootRecord-Library
2026-09-30T13:55:23-10:00job:github_sync_all | * branch            main       -> FETCH_HEAD
2026-09-30T13:55:23-10:00job:github_sync_all | — [library] local and GitHub already match
2026-09-30T13:55:23-10:00job:github_sync_all | — [library] nothing to push
2026-09-30T13:55:23-10:00job:github_sync_all | — [skills] no local changes
2026-09-30T13:55:23-10:00job:github_sync_all | ↓ [skills] fetching origin/main
2026-09-30T13:55:23-10:00job:github_sync_all | From github.com:rootrecordsoftwaresolutions/Solar-Pacific-RootRecord-Server
2026-09-30T13:55:23-10:00job:github_sync_all | * branch            main       -> FETCH_HEAD
2026-09-30T13:55:23-10:00job:github_sync_all | — [skills] local and GitHub already match
2026-09-30T13:55:23-10:00job:github_sync_all | — [skills] nothing to push
2026-09-30T13:55:23-10:00job:security_camera_frame_grab RUN  bash "/home/rootrecord/RootRecord-Ecosystem/1 - Servers/1 - RootRecord-Pacific-Solar-Server/Security/Cameras/grab_all.sh"
2026-09-30T13:55:37-10:00job:security_camera_frame_grab | 13:55:23  📷  a-eyes  ch1 → ch1-20260930T235523Z.jpg  (542.9 KB, 4.36s)
2026-09-30T13:55:37-10:00job:security_camera_frame_grab | 13:55:27  📷  a-eyes  ch2 → ch2-20260930T235527Z.jpg  (303.6 KB, 4.43s)
2026-09-30T13:55:37-10:00job:security_camera_frame_grab | 13:55:32  📷  a-eyes  ch3 → ch3-20260930T235532Z.jpg  (415.1 KB, 4.26s)
2026-09-30T13:55:37-10:00job:security_camera_frame_grab | 13:55:36  📷  a-eyes  ch4 → ch4-20260930T235536Z.jpg  (11.8 KB, 1.50s)
2026-09-30T13:55:38-10:00ENERGY  status=live  B2=18.0%  B1=64.1%  solar=92 W  ac=Waiting  usbc=15 W  src=/home/rootrecord/RootRecord-Ecosystem/2 - RootRecord-Database/Energy  LAP=100%/Full/AC
2026-09-30T13:55:53-10:00  ▸  SUMMARY=river2pro soc=63.75% solar=0W ac_out=— usbc=0W src=ble db=ok
2026-09-30T13:55:53-10:00job:sys_stats_cycle RUN  bash "/home/rootrecord/RootRecord-Ecosystem/1 - Servers/1 - RootRecord-Pacific-Solar-Server/System/scripts/sys-sample.sh"
2026-09-30T13:55:54-10:00job:sys_stats_cycle | SYSTEM  cpu=7%  load=1.05  mem=58%  src=sqlite
2026-09-30T13:55:54-10:00job:sys_stats_cycle | OK wrote /home/rootrecord/RootRecord-Ecosystem/2 - RootRecord-Database/System/samples/sys-20260930-135553.json
2026-09-30T13:56:33-10:00job:github_sync_all | ↑ [ecosystem] committed 1 local file(s)
2026-09-30T13:56:33-10:00job:github_sync_all | ↓ [ecosystem] fetching origin/main
2026-09-30T13:56:33-10:00job:github_sync_all | From github.com:RootRecord-Software-Solutions/RootRecord-Ecosystem
2026-09-30T13:56:33-10:00job:github_sync_all | * branch            main       -> FETCH_HEAD
2026-09-30T13:56:33-10:00job:github_sync_all | ↑ [ecosystem] local is ahead of GitHub
2026-09-30T13:56:33-10:00job:github_sync_all | To github.com:RootRecord-Software-Solutions/RootRecord-Ecosystem.git
2026-09-30T13:56:33-10:00job:github_sync_all | 58507d5..f070765  HEAD -> main
2026-09-30T13:56:33-10:00job:github_sync_all | branch 'main' set up to track 'origin/main'.
2026-09-30T13:56:33-10:00job:github_sync_all | ↑ [ecosystem] 1 files → RootRecord-Software-Solutions/RootRecord-Ecosystem (main)
2026-09-30T13:56:33-10:00job:github_sync_all | — [pacific] no local changes
2026-09-30T13:56:33-10:00job:github_sync_all | ↓ [pacific] fetching origin/main
2026-09-30T13:56:33-10:00job:github_sync_all | From github.com:RootRecord-Software-Solutions/RootRecord-Pacific-Solar-Server
2026-09-30T13:56:33-10:00job:github_sync_all | * branch            main       -> FETCH_HEAD
2026-09-30T13:56:33-10:00job:github_sync_all | — [pacific] local and GitHub already match
2026-09-30T13:56:33-10:00job:github_sync_all | — [pacific] nothing to push
2026-09-30T13:56:33-10:00job:github_sync_all | ↑ [database] committed 13 local file(s)
2026-09-30T13:56:33-10:00job:github_sync_all | ↓ [database] fetching origin/main
2026-09-30T13:56:33-10:00job:github_sync_all | From github.com:RootRecord-Software-Solutions/RootRecord-Database
2026-09-30T13:56:33-10:00job:github_sync_all | * branch              main       -> FETCH_HEAD
2026-09-30T13:56:33-10:00job:github_sync_all | ↑ [database] local is ahead of GitHub
2026-09-30T13:56:33-10:00job:github_sync_all | To github.com:RootRecord-Software-Solutions/RootRecord-Database.git
2026-09-30T13:56:33-10:00job:github_sync_all | 36eeb012..d692db98  HEAD -> main
2026-09-30T13:56:33-10:00job:github_sync_all | branch 'main' set up to track 'origin/main'.
2026-09-30T13:56:33-10:00job:github_sync_all | ↑ [database] 13 files → RootRecord-Software-Solutions/RootRecord-Database (main)
2026-09-30T13:56:33-10:00job:github_sync_all | ↑ [library] committed 8 local file(s)
2026-09-30T13:56:33-10:00job:github_sync_all | ↓ [library] fetching origin/main
2026-09-30T13:56:33-10:00job:github_sync_all | From github.com:RootRecord-Software-Solutions/RootRecord-Library
2026-09-30T13:56:33-10:00job:github_sync_all | * branch            main       -> FETCH_HEAD
2026-09-30T13:56:33-10:00job:github_sync_all | ↑ [library] local is ahead of GitHub
2026-09-30T13:56:33-10:00job:github_sync_all | To github.com:RootRecord-Software-Solutions/RootRecord-Library.git
2026-09-30T13:56:33-10:00job:github_sync_all | 604eab6..ab90002  HEAD -> main
2026-09-30T13:56:33-10:00job:github_sync_all | branch 'main' set up to track 'origin/main'.
2026-09-30T13:56:33-10:00job:github_sync_all | ↑ [library] 8 files → RootRecord-Software-Solutions/RootRecord-Library (main)
2026-09-30T13:56:33-10:00job:github_sync_all | — [skills] no local changes
2026-09-30T13:56:33-10:00job:github_sync_all | ↓ [skills] fetching origin/main
2026-09-30T13:56:33-10:00job:github_sync_all | From github.com:rootrecordsoftwaresolutions/Solar-Pacific-RootRecord-Server
2026-09-30T13:56:33-10:00job:github_sync_all | * branch            main       -> FETCH_HEAD
2026-09-30T13:56:33-10:00job:github_sync_all | — [skills] local and GitHub already match
2026-09-30T13:56:33-10:00job:github_sync_all | — [skills] nothing to push
2026-09-30T13:56:33-10:00job:worklog_scan RUN  bash "/home/rootrecord/RootRecord-Ecosystem/1 - Servers/1 - RootRecord-Pacific-Solar-Server/Reports/scripts/worklog_once.sh"
2026-09-30T13:56:42-10:00job:worklog_scan | OK wrote/updated /home/rootrecord/RootRecord-Ecosystem/2 - RootRecord-Database/Worklog/worklog_current.md
2026-09-30T13:56:42-10:00job:security_camera_frame_grab RUN  bash "/home/rootrecord/RootRecord-Ecosystem/1 - Servers/1 - RootRecord-Pacific-Solar-Server/Security/Cameras/grab_all.sh"
2026-09-30T13:56:57-10:00job:security_camera_frame_grab | 13:56:42  📷  a-eyes  ch1 → ch1-20260930T235642Z.jpg  (528.0 KB, 4.47s)
2026-09-30T13:56:57-10:00job:security_camera_frame_grab | 13:56:46  📷  a-eyes  ch2 → ch2-20260930T235646Z.jpg  (293.9 KB, 4.35s)
2026-09-30T13:56:57-10:00job:security_camera_frame_grab | 13:56:51  📷  a-eyes  ch3 → ch3-20260930T235651Z.jpg  (409.3 KB, 4.47s)
2026-09-30T13:56:57-10:00job:security_camera_frame_grab | 13:56:55  📷  a-eyes  ch4 → ch4-20260930T235655Z.jpg  (11.8 KB, 1.64s)
2026-09-30T13:56:57-10:00job:service_supervisor RUN  bash "/home/rootrecord/RootRecord-Ecosystem/1 - Servers/1 - RootRecord-Pacific-Solar-Server/Automations/scripts/supervise-services.sh"
2026-09-30T13:56:57-10:00job:service_supervisor | [supervisor] weather alive pid=304140 304463 305661 305866 308654 309134 309348 309668 313159 392716 736568 775116 (act)
2026-09-30T13:56:57-10:00job:service_supervisor | [supervisor] relay alive pid=1105254 (act)
2026-09-30T13:56:57-10:00ENERGY  status=live  B2=18.0%  B1=63.8%  solar=92 W  ac=Waiting  usbc=15 W  src=/home/rootrecord/RootRecord-Ecosystem/2 - RootRecord-Database/Energy  LAP=100%/Full/AC
2026-09-30T13:57:12-10:00  ▸  SUMMARY=river2pro soc=63.34% solar=0W ac_out=89W usbc=0W src=ble db=ok
2026-09-30T13:57:12-10:00job:sys_stats_cycle RUN  bash "/home/rootrecord/RootRecord-Ecosystem/1 - Servers/1 - RootRecord-Pacific-Solar-Server/System/scripts/sys-sample.sh"
2026-09-30T13:57:13-10:00job:sys_stats_cycle | SYSTEM  cpu=38%  load=1.83  mem=59%  src=sqlite
2026-09-30T13:57:13-10:00job:sys_stats_cycle | OK wrote /home/rootrecord/RootRecord-Ecosystem/2 - RootRecord-Database/System/samples/sys-20260930-135713.json
2026-09-30T13:57:54-10:00job:github_sync_all | ↑ [ecosystem] committed 15 local file(s)
2026-09-30T13:57:54-10:00job:github_sync_all | ↓ [ecosystem] fetching origin/main
2026-09-30T13:57:54-10:00job:github_sync_all | From github.com:RootRecord-Software-Solutions/RootRecord-Ecosystem
2026-09-30T13:57:54-10:00job:github_sync_all | * branch            main       -> FETCH_HEAD
2026-09-30T13:57:54-10:00job:github_sync_all | ↑ [ecosystem] local is ahead of GitHub
2026-09-30T13:57:54-10:00job:github_sync_all | To github.com:RootRecord-Software-Solutions/RootRecord-Ecosystem.git
2026-09-30T13:57:54-10:00job:github_sync_all | f070765..43739ad  HEAD -> main
2026-09-30T13:57:54-10:00job:github_sync_all | branch 'main' set up to track 'origin/main'.
2026-09-30T13:57:54-10:00job:github_sync_all | ↑ [ecosystem] 15 files → RootRecord-Software-Solutions/RootRecord-Ecosystem (main)
2026-09-30T13:57:54-10:00job:github_sync_all | ↑ [pacific] committed 5 local file(s)
2026-09-30T13:57:54-10:00job:github_sync_all | ↓ [pacific] fetching origin/main
2026-09-30T13:57:54-10:00job:github_sync_all | From github.com:RootRecord-Software-Solutions/RootRecord-Pacific-Solar-Server
2026-09-30T13:57:54-10:00job:github_sync_all | * branch            main       -> FETCH_HEAD
2026-09-30T13:57:54-10:00job:github_sync_all | ↑ [pacific] local is ahead of GitHub
2026-09-30T13:57:54-10:00job:github_sync_all | To github.com:RootRecord-Software-Solutions/RootRecord-Pacific-Solar-Server.git
2026-09-30T13:57:54-10:00job:github_sync_all | 60b9e1a..e663268  HEAD -> main
2026-09-30T13:57:54-10:00job:github_sync_all | branch 'main' set up to track 'origin/main'.
2026-09-30T13:57:54-10:00job:github_sync_all | ↑ [pacific] 5 files → RootRecord-Software-Solutions/RootRecord-Pacific-Solar-Server (main)
2026-09-30T13:57:54-10:00job:github_sync_all | ↑ [database] committed 16 local file(s)
2026-09-30T13:57:54-10:00job:github_sync_all | ↓ [database] fetching origin/main
2026-09-30T13:57:54-10:00job:github_sync_all | From github.com:RootRecord-Software-Solutions/RootRecord-Database
2026-09-30T13:57:54-10:00job:github_sync_all | * branch              main       -> FETCH_HEAD
2026-09-30T13:57:54-10:00job:github_sync_all | ↑ [database] local is ahead of GitHub
2026-09-30T13:57:54-10:00job:github_sync_all | To github.com:RootRecord-Software-Solutions/RootRecord-Database.git
2026-09-30T13:57:54-10:00job:github_sync_all | d692db98..25b549d6  HEAD -> main
2026-09-30T13:57:54-10:00job:github_sync_all | branch 'main' set up to track 'origin/main'.
2026-09-30T13:57:54-10:00job:github_sync_all | ↑ [database] 16 files → RootRecord-Software-Solutions/RootRecord-Database (main)
2026-09-30T13:57:54-10:00job:github_sync_all | ↑ [library] committed 1 local file(s)
2026-09-30T13:57:54-10:00job:github_sync_all | ↓ [library] fetching origin/main
2026-09-30T13:57:54-10:00job:github_sync_all | From github.com:RootRecord-Software-Solutions/RootRecord-Library
2026-09-30T13:57:54-10:00job:github_sync_all | * branch            main       -> FETCH_HEAD
2026-09-30T13:57:54-10:00job:github_sync_all | ↑ [library] local is ahead of GitHub
2026-09-30T13:57:54-10:00job:github_sync_all | To github.com:RootRecord-Software-Solutions/RootRecord-Library.git
2026-09-30T13:57:54-10:00job:github_sync_all | ab90002..c1edafe  HEAD -> main
2026-09-30T13:57:54-10:00job:github_sync_all | branch 'main' set up to track 'origin/main'.
2026-09-30T13:57:54-10:00job:github_sync_all | ↑ [library] 1 files → RootRecord-Software-Solutions/RootRecord-Library (main)
2026-09-30T13:57:54-10:00job:github_sync_all | — [skills] no local changes
2026-09-30T13:57:54-10:00job:github_sync_all | ↓ [skills] fetching origin/main
2026-09-30T13:57:54-10:00job:github_sync_all | From github.com:rootrecordsoftwaresolutions/Solar-Pacific-RootRecord-Server
2026-09-30T13:57:54-10:00job:github_sync_all | * branch            main       -> FETCH_HEAD
2026-09-30T13:57:54-10:00job:security_camera_frame_grab RUN  bash "/home/rootrecord/RootRecord-Ecosystem/1 - Servers/1 - RootRecord-Pacific-Solar-Server/Security/Cameras/grab_all.sh"
2026-09-30T13:58:09-10:00job:security_camera_frame_grab | 13:57:54  📷  a-eyes  ch1 → ch1-20260930T235754Z.jpg  (522.9 KB, 4.24s)
2026-09-30T13:58:09-10:00job:security_camera_frame_grab | 13:57:58  📷  a-eyes  ch2 → ch2-20260930T235758Z.jpg  (296.4 KB, 4.37s)
2026-09-30T13:58:09-10:00job:security_camera_frame_grab | 13:58:03  📷  a-eyes  ch3 → ch3-20260930T235803Z.jpg  (392.7 KB, 4.44s)
2026-09-30T13:58:09-10:00job:security_camera_frame_grab | 13:58:07  📷  a-eyes  ch4 → ch4-20260930T235807Z.jpg  (11.8 KB, 1.73s)
2026-09-30T13:58:09-10:00ENERGY  status=live  B2=18.0%  B1=63.3%  solar=92 W  ac=89 W  usbc=15 W  src=/home/rootrecord/RootRecord-Ecosystem/2 - RootRecord-Database/Energy  LAP=100%/Full/AC
2026-09-30T13:58:24-10:00  ▸  SUMMARY=river2pro soc=62.98% solar=0W ac_out=101W usbc=0W src=ble db=ok
2026-09-30T13:58:24-10:00job:sys_stats_cycle RUN  bash "/home/rootrecord/RootRecord-Ecosystem/1 - Servers/1 - RootRecord-Pacific-Solar-Server/System/scripts/sys-sample.sh"
2026-09-30T13:58:25-10:00job:sys_stats_cycle | SYSTEM  cpu=6%  load=1.81  mem=59%  src=sqlite
2026-09-30T13:58:25-10:00job:sys_stats_cycle | OK wrote /home/rootrecord/RootRecord-Ecosystem/2 - RootRecord-Database/System/samples/sys-20260930-135825.json
2026-09-30T13:59:06-10:00job:github_sync_all | ↑ [ecosystem] committed 1 local file(s)
2026-09-30T13:59:06-10:00job:github_sync_all | ↓ [ecosystem] fetching origin/main
2026-09-30T13:59:06-10:00job:github_sync_all | From github.com:RootRecord-Software-Solutions/RootRecord-Ecosystem
2026-09-30T13:59:06-10:00job:github_sync_all | * branch            main       -> FETCH_HEAD
2026-09-30T13:59:06-10:00job:github_sync_all | ↑ [ecosystem] local is ahead of GitHub
2026-09-30T13:59:06-10:00job:github_sync_all | To github.com:RootRecord-Software-Solutions/RootRecord-Ecosystem.git
2026-09-30T13:59:06-10:00job:github_sync_all | 43739ad..24426eb  HEAD -> main
2026-09-30T13:59:06-10:00job:github_sync_all | branch 'main' set up to track 'origin/main'.
2026-09-30T13:59:06-10:00job:github_sync_all | ↑ [ecosystem] 1 files → RootRecord-Software-Solutions/RootRecord-Ecosystem (main)
2026-09-30T13:59:06-10:00job:github_sync_all | — [pacific] no local changes
2026-09-30T13:59:06-10:00job:github_sync_all | ↓ [pacific] fetching origin/main
2026-09-30T13:59:06-10:00job:github_sync_all | From github.com:RootRecord-Software-Solutions/RootRecord-Pacific-Solar-Server
2026-09-30T13:59:06-10:00job:github_sync_all | * branch            main       -> FETCH_HEAD
2026-09-30T13:59:06-10:00job:github_sync_all | — [pacific] local and GitHub already match
2026-09-30T13:59:06-10:00job:github_sync_all | — [pacific] nothing to push
2026-09-30T13:59:06-10:00job:github_sync_all | ↑ [database] committed 12 local file(s)
2026-09-30T13:59:06-10:00job:github_sync_all | ↓ [database] fetching origin/main
2026-09-30T13:59:06-10:00job:github_sync_all | From github.com:RootRecord-Software-Solutions/RootRecord-Database
2026-09-30T13:59:06-10:00job:github_sync_all | * branch              main       -> FETCH_HEAD
2026-09-30T13:59:06-10:00job:github_sync_all | ↑ [database] local is ahead of GitHub
2026-09-30T13:59:06-10:00job:github_sync_all | To github.com:RootRecord-Software-Solutions/RootRecord-Database.git
2026-09-30T13:59:06-10:00job:github_sync_all | 25b549d6..2d3a58b0  HEAD -> main
2026-09-30T13:59:06-10:00job:github_sync_all | branch 'main' set up to track 'origin/main'.
2026-09-30T13:59:06-10:00job:github_sync_all | ↑ [database] 12 files → RootRecord-Software-Solutions/RootRecord-Database (main)
2026-09-30T13:59:06-10:00job:github_sync_all | ↑ [library] committed 2 local file(s)
2026-09-30T13:59:06-10:00job:github_sync_all | ↓ [library] fetching origin/main
2026-09-30T13:59:06-10:00job:github_sync_all | From github.com:RootRecord-Software-Solutions/RootRecord-Library
2026-09-30T13:59:06-10:00job:github_sync_all | * branch            main       -> FETCH_HEAD
2026-09-30T13:59:06-10:00job:github_sync_all | ↑ [library] local is ahead of GitHub
2026-09-30T13:59:06-10:00job:github_sync_all | To github.com:RootRecord-Software-Solutions/RootRecord-Library.git
2026-09-30T13:59:06-10:00job:github_sync_all | c1edafe..bf47e8c  HEAD -> main
2026-09-30T13:59:06-10:00job:github_sync_all | branch 'main' set up to track 'origin/main'.
2026-09-30T13:59:06-10:00job:github_sync_all | ↑ [library] 2 files → RootRecord-Software-Solutions/RootRecord-Library (main)
2026-09-30T13:59:06-10:00job:github_sync_all | — [skills] no local changes
2026-09-30T13:59:06-10:00job:github_sync_all | ↓ [skills] fetching origin/main
2026-09-30T13:59:06-10:00job:github_sync_all | From github.com:rootrecordsoftwaresolutions/Solar-Pacific-RootRecord-Server
2026-09-30T13:59:06-10:00job:github_sync_all | * branch            main       -> FETCH_HEAD
2026-09-30T13:59:06-10:00job:github_sync_all | — [skills] local and GitHub already match
2026-09-30T13:59:06-10:00job:github_sync_all | — [skills] nothing to push
2026-09-30T13:59:06-10:00job:worklog_scan RUN  bash "/home/rootrecord/RootRecord-Ecosystem/1 - Servers/1 - RootRecord-Pacific-Solar-Server/Reports/scripts/worklog_once.sh"
2026-09-30T13:59:10-10:00job:worklog_scan | OK wrote/updated /home/rootrecord/RootRecord-Ecosystem/2 - RootRecord-Database/Worklog/worklog_current.md
2026-09-30T13:59:10-10:00job:security_camera_frame_grab RUN  bash "/home/rootrecord/RootRecord-Ecosystem/1 - Servers/1 - RootRecord-Pacific-Solar-Server/Security/Cameras/grab_all.sh"
2026-09-30T13:59:25-10:00job:security_camera_frame_grab | 13:59:10  📷  a-eyes  ch1 → ch1-20260930T235910Z.jpg  (513.6 KB, 4.29s)
2026-09-30T13:59:25-10:00job:security_camera_frame_grab | 13:59:14  📷  a-eyes  ch2 → ch2-20260930T235914Z.jpg  (294.9 KB, 4.41s)
2026-09-30T13:59:25-10:00job:security_camera_frame_grab | 13:59:19  📷  a-eyes  ch3 → ch3-20260930T235919Z.jpg  (390.7 KB, 4.23s)
2026-09-30T13:59:25-10:00job:security_camera_frame_grab | 13:59:23  📷  a-eyes  ch4 → ch4-20260930T235923Z.jpg  (11.8 KB, 1.71s)
2026-09-30T13:59:25-10:00ENERGY  status=live  B2=18.0%  B1=63.0%  solar=92 W  ac=101 W  usbc=15 W  src=/home/rootrecord/RootRecord-Ecosystem/2 - RootRecord-Database/Energy  LAP=100%/Full/AC
2026-09-30T13:59:40-10:00  ▸  SUMMARY=river2pro soc=62.63% solar=0W ac_out=90W usbc=0W src=ble db=ok
2026-09-30T13:59:40-10:00job:sys_stats_cycle RUN  bash "/home/rootrecord/RootRecord-Ecosystem/1 - Servers/1 - RootRecord-Pacific-Solar-Server/System/scripts/sys-sample.sh"
2026-09-30T13:59:41-10:00job:sys_stats_cycle | SYSTEM  cpu=8%  load=1.35  mem=60%  src=sqlite
2026-09-30T13:59:41-10:00job:sys_stats_cycle | OK wrote /home/rootrecord/RootRecord-Ecosystem/2 - RootRecord-Database/System/samples/sys-20260930-135941.json
2026-09-30T14:00:23-10:00job:github_sync_all | ↑ [ecosystem] committed 8 local file(s)
2026-09-30T14:00:23-10:00job:github_sync_all | ↓ [ecosystem] fetching origin/main
2026-09-30T14:00:23-10:00job:github_sync_all | From github.com:RootRecord-Software-Solutions/RootRecord-Ecosystem
2026-09-30T14:00:23-10:00job:github_sync_all | * branch            main       -> FETCH_HEAD
2026-09-30T14:00:23-10:00job:github_sync_all | ↑ [ecosystem] local is ahead of GitHub
2026-09-30T14:00:23-10:00job:github_sync_all | To github.com:RootRecord-Software-Solutions/RootRecord-Ecosystem.git
2026-09-30T14:00:23-10:00job:github_sync_all | 24426eb..82f705f  HEAD -> main
2026-09-30T14:00:23-10:00job:github_sync_all | branch 'main' set up to track 'origin/main'.
2026-09-30T14:00:23-10:00job:github_sync_all | ↑ [ecosystem] 8 files → RootRecord-Software-Solutions/RootRecord-Ecosystem (main)
2026-09-30T14:00:23-10:00job:github_sync_all | ↑ [pacific] committed 3 local file(s)
2026-09-30T14:00:23-10:00job:github_sync_all | ↓ [pacific] fetching origin/main
2026-09-30T14:00:23-10:00job:github_sync_all | From github.com:RootRecord-Software-Solutions/RootRecord-Pacific-Solar-Server
2026-09-30T14:00:23-10:00job:github_sync_all | * branch            main       -> FETCH_HEAD
2026-09-30T14:00:23-10:00job:github_sync_all | ↑ [pacific] local is ahead of GitHub
2026-09-30T14:00:23-10:00job:github_sync_all | To github.com:RootRecord-Software-Solutions/RootRecord-Pacific-Solar-Server.git
2026-09-30T14:00:23-10:00job:github_sync_all | e663268..c90c244  HEAD -> main
2026-09-30T14:00:23-10:00job:github_sync_all | branch 'main' set up to track 'origin/main'.
2026-09-30T14:00:23-10:00job:github_sync_all | ↑ [pacific] 3 files → RootRecord-Software-Solutions/RootRecord-Pacific-Solar-Server (main)
2026-09-30T14:00:23-10:00job:github_sync_all | ↑ [database] committed 16 local file(s)
2026-09-30T14:00:23-10:00job:github_sync_all | ↓ [database] fetching origin/main
2026-09-30T14:00:23-10:00job:github_sync_all | From github.com:RootRecord-Software-Solutions/RootRecord-Database
2026-09-30T14:00:23-10:00job:github_sync_all | * branch              main       -> FETCH_HEAD
2026-09-30T14:00:23-10:00job:github_sync_all | ↑ [database] local is ahead of GitHub
2026-09-30T14:00:23-10:00job:github_sync_all | To github.com:RootRecord-Software-Solutions/RootRecord-Database.git
2026-09-30T14:00:23-10:00job:github_sync_all | 2d3a58b0..6210db61  HEAD -> main
2026-09-30T14:00:23-10:00job:github_sync_all | branch 'main' set up to track 'origin/main'.
2026-09-30T14:00:23-10:00job:github_sync_all | ↑ [database] 16 files → RootRecord-Software-Solutions/RootRecord-Database (main)
2026-09-30T14:00:23-10:00job:github_sync_all | ↑ [library] committed 4 local file(s)
2026-09-30T14:00:23-10:00job:github_sync_all | ↓ [library] fetching origin/main
2026-09-30T14:00:23-10:00job:github_sync_all | From github.com:RootRecord-Software-Solutions/RootRecord-Library
2026-09-30T14:00:23-10:00job:github_sync_all | * branch            main       -> FETCH_HEAD
2026-09-30T14:00:23-10:00job:github_sync_all | ↑ [library] local is ahead of GitHub
2026-09-30T14:00:23-10:00job:github_sync_all | To github.com:RootRecord-Software-Solutions/RootRecord-Library.git
2026-09-30T14:00:23-10:00job:github_sync_all | bf47e8c..339484e  HEAD -> main
2026-09-30T14:00:23-10:00job:github_sync_all | branch 'main' set up to track 'origin/main'.
2026-09-30T14:00:23-10:00job:github_sync_all | ↑ [library] 4 files → RootRecord-Software-Solutions/RootRecord-Library (main)
2026-09-30T14:00:23-10:00job:github_sync_all | — [skills] no local changes
2026-09-30T14:00:23-10:00job:github_sync_all | ↓ [skills] fetching origin/main
2026-09-30T14:00:23-10:00job:github_sync_all | From github.com:rootrecordsoftwaresolutions/Solar-Pacific-RootRecord-Server
2026-09-30T14:00:23-10:00job:github_sync_all | * branch            main       -> FETCH_HEAD
2026-09-30T14:00:23-10:00job:security_camera_frame_grab RUN  bash "/home/rootrecord/RootRecord-Ecosystem/1 - Servers/1 - RootRecord-Pacific-Solar-Server/Security/Cameras/grab_all.sh"
2026-09-30T14:00:38-10:00job:security_camera_frame_grab | 14:00:23  📷  a-eyes  ch1 → ch1-20261001T000023Z.jpg  (495.2 KB, 4.44s)
2026-09-30T14:00:38-10:00job:security_camera_frame_grab | 14:00:27  📷  a-eyes  ch2 → ch2-20261001T000027Z.jpg  (283.1 KB, 4.46s)
2026-09-30T14:00:38-10:00job:security_camera_frame_grab | 14:00:32  📷  a-eyes  ch3 → ch3-20261001T000032Z.jpg  (389.8 KB, 4.47s)
2026-09-30T14:00:38-10:00job:security_camera_frame_grab | 14:00:36  📷  a-eyes  ch4 → ch4-20261001T000036Z.jpg  (11.8 KB, 1.60s)
2026-09-30T14:00:38-10:00ENERGY  status=live  B2=18.0%  B1=62.6%  solar=92 W  ac=90 W  usbc=15 W  src=/home/rootrecord/RootRecord-Ecosystem/2 - RootRecord-Database/Energy  LAP=100%/Full/AC
2026-09-30T14:00:56-10:00  ▸  SUMMARY=river2pro soc=62.24% solar=0W ac_out=82W usbc=0W src=ble db=ok
2026-09-30T14:00:56-10:00job:sys_stats_cycle RUN  bash "/home/rootrecord/RootRecord-Ecosystem/1 - Servers/1 - RootRecord-Pacific-Solar-Server/System/scripts/sys-sample.sh"
2026-09-30T14:00:57-10:00job:sys_stats_cycle | SYSTEM  cpu=9%  load=1.99  mem=61%  src=sqlite
2026-09-30T14:00:57-10:00job:sys_stats_cycle | OK wrote /home/rootrecord/RootRecord-Ecosystem/2 - RootRecord-Database/System/samples/sys-20260930-140056.json
2026-09-30T14:01:39-10:00job:github_sync_all | ↑ [ecosystem] committed 6 local file(s)
2026-09-30T14:01:39-10:00job:github_sync_all | ↓ [ecosystem] fetching origin/main
2026-09-30T14:01:39-10:00job:github_sync_all | From github.com:RootRecord-Software-Solutions/RootRecord-Ecosystem
2026-09-30T14:01:39-10:00job:github_sync_all | * branch            main       -> FETCH_HEAD
2026-09-30T14:01:39-10:00job:github_sync_all | ↑ [ecosystem] local is ahead of GitHub
2026-09-30T14:01:39-10:00job:github_sync_all | To github.com:RootRecord-Software-Solutions/RootRecord-Ecosystem.git
2026-09-30T14:01:39-10:00job:github_sync_all | 82f705f..0ca4f71  HEAD -> main
2026-09-30T14:01:39-10:00job:github_sync_all | branch 'main' set up to track 'origin/main'.
2026-09-30T14:01:39-10:00job:github_sync_all | ↑ [ecosystem] 6 files → RootRecord-Software-Solutions/RootRecord-Ecosystem (main)
2026-09-30T14:01:39-10:00job:github_sync_all | ↑ [pacific] committed 3 local file(s)
2026-09-30T14:01:39-10:00job:github_sync_all | ↓ [pacific] fetching origin/main
2026-09-30T14:01:39-10:00job:github_sync_all | From github.com:RootRecord-Software-Solutions/RootRecord-Pacific-Solar-Server
2026-09-30T14:01:39-10:00job:github_sync_all | * branch            main       -> FETCH_HEAD
2026-09-30T14:01:39-10:00job:github_sync_all | ↑ [pacific] local is ahead of GitHub
2026-09-30T14:01:39-10:00job:github_sync_all | To github.com:RootRecord-Software-Solutions/RootRecord-Pacific-Solar-Server.git
2026-09-30T14:01:39-10:00job:github_sync_all | c90c244..599be56  HEAD -> main
2026-09-30T14:01:39-10:00job:github_sync_all | branch 'main' set up to track 'origin/main'.
2026-09-30T14:01:39-10:00job:github_sync_all | ↑ [pacific] 3 files → RootRecord-Software-Solutions/RootRecord-Pacific-Solar-Server (main)
2026-09-30T14:01:39-10:00job:github_sync_all | ↑ [database] committed 16 local file(s)
2026-09-30T14:01:39-10:00job:github_sync_all | ↓ [database] fetching origin/main
2026-09-30T14:01:39-10:00job:github_sync_all | From github.com:RootRecord-Software-Solutions/RootRecord-Database
2026-09-30T14:01:39-10:00job:github_sync_all | * branch              main       -> FETCH_HEAD
2026-09-30T14:01:39-10:00job:github_sync_all | ↑ [database] local is ahead of GitHub
2026-09-30T14:01:39-10:00job:github_sync_all | To github.com:RootRecord-Software-Solutions/RootRecord-Database.git
2026-09-30T14:01:39-10:00job:github_sync_all | 6210db61..4b75a913  HEAD -> main
2026-09-30T14:01:39-10:00job:github_sync_all | branch 'main' set up to track 'origin/main'.
2026-09-30T14:01:39-10:00job:github_sync_all | ↑ [database] 16 files → RootRecord-Software-Solutions/RootRecord-Database (main)
2026-09-30T14:01:39-10:00job:github_sync_all | ↑ [library] committed 2 local file(s)
2026-09-30T14:01:39-10:00job:github_sync_all | ↓ [library] fetching origin/main
2026-09-30T14:01:39-10:00job:github_sync_all | From github.com:RootRecord-Software-Solutions/RootRecord-Library
2026-09-30T14:01:39-10:00job:github_sync_all | * branch            main       -> FETCH_HEAD
2026-09-30T14:01:39-10:00job:github_sync_all | ↑ [library] local is ahead of GitHub
2026-09-30T14:01:39-10:00job:github_sync_all | To github.com:RootRecord-Software-Solutions/RootRecord-Library.git
2026-09-30T14:01:39-10:00job:github_sync_all | 339484e..41fdffc  HEAD -> main
2026-09-30T14:01:39-10:00job:github_sync_all | branch 'main' set up to track 'origin/main'.
2026-09-30T14:01:39-10:00job:github_sync_all | ↑ [library] 2 files → RootRecord-Software-Solutions/RootRecord-Library (main)
2026-09-30T14:01:39-10:00job:github_sync_all | — [skills] no local changes
2026-09-30T14:01:39-10:00job:github_sync_all | ↓ [skills] fetching origin/main
2026-09-30T14:01:39-10:00job:github_sync_all | From github.com:rootrecordsoftwaresolutions/Solar-Pacific-RootRecord-Server
2026-09-30T14:01:39-10:00job:github_sync_all | * branch            main       -> FETCH_HEAD
2026-09-30T14:01:39-10:00job:worklog_scan RUN  bash "/home/rootrecord/RootRecord-Ecosystem/1 - Servers/1 - RootRecord-Pacific-Solar-Server/Reports/scripts/worklog_once.sh"
2026-09-30T14:01:43-10:00job:worklog_scan | OK wrote/updated /home/rootrecord/RootRecord-Ecosystem/2 - RootRecord-Database/Worklog/worklog_current.md
2026-09-30T14:01:43-10:00job:security_camera_frame_grab RUN  bash "/home/rootrecord/RootRecord-Ecosystem/1 - Servers/1 - RootRecord-Pacific-Solar-Server/Security/Cameras/grab_all.sh"
2026-09-30T14:01:57-10:00job:security_camera_frame_grab | 14:01:43  📷  a-eyes  ch1 → ch1-20261001T000143Z.jpg  (525.5 KB, 4.24s)
2026-09-30T14:01:57-10:00job:security_camera_frame_grab | 14:01:47  📷  a-eyes  ch2 → ch2-20261001T000147Z.jpg  (294.6 KB, 4.38s)
2026-09-30T14:01:57-10:00job:security_camera_frame_grab | 14:01:52  📷  a-eyes  ch3 → ch3-20261001T000152Z.jpg  (400.7 KB, 4.21s)
2026-09-30T14:01:57-10:00job:security_camera_frame_grab | 14:01:56  📷  a-eyes  ch4 → ch4-20261001T000156Z.jpg  (11.7 KB, 1.53s)
2026-09-30T14:01:57-10:00job:service_supervisor RUN  bash "/home/rootrecord/RootRecord-Ecosystem/1 - Servers/1 - RootRecord-Pacific-Solar-Server/Automations/scripts/supervise-services.sh"
2026-09-30T14:01:58-10:00job:service_supervisor | [supervisor] weather alive pid=304140 304463 305661 305866 308654 309134 309348 309668 313159 392716 736568 775116 (act)
2026-09-30T14:01:58-10:00job:service_supervisor | [supervisor] relay alive pid=1105254 (act)
2026-09-30T14:01:58-10:00job:automations_log_hourly_archive RUN  bash "/home/rootrecord/RootRecord-Ecosystem/1 - Servers/1 - RootRecord-Pacific-Solar-Server/Automations/scripts/archive_automations_log_hourly.sh"
