2026-09-29T03:01:03-10:00job:automations_log_hourly_archive OK
2026-09-29T03:01:03-10:00job:security_timelapse_hourly_compile RUN  bash "/home/rootrecord/RootRecord-Ecosystem/1 - Servers/1 - RootRecord-Pacific-Solar-Server/Security/Cameras/timelapse_hourly.sh"
2026-09-29T03:01:04-10:00job:security_timelapse_hourly_compile | 03:01:04  🎬  a-eyes-timelapse  hour 02 is outside the 05:00-19:00 window, skipping
2026-09-29T03:01:04-10:00ENERGY  status=live  B2=78%  B1=0%  solar=0 W  ac=0 W  usbc=29 W  src=/home/rootrecord/RootRecord-Ecosystem/2 - RootRecord-Database/ENERGY
2026-09-29T03:01:05-10:00  ▸  SUMMARY=delta2 soc=78% solar=0W ac_out=0W usbc=29W src=api db=ok
2026-09-29T03:01:05-10:00job:sys_stats_cycle RUN  bash "/home/rootrecord/RootRecord-Ecosystem/1 - Servers/1 - RootRecord-Pacific-Solar-Server/System/scripts/sys-sample.sh"
2026-09-29T03:01:05-10:00job:sys_stats_cycle | SYSTEM  cpu=18%  load=1.78  mem=49%  src=sqlite
2026-09-29T03:01:05-10:00job:sys_stats_cycle | OK wrote /home/rootrecord/RootRecord-Ecosystem/2 - RootRecord-Database/SYSTEM/samples/sys-20260929-030105.json
2026-09-29T03:01:30-10:00job:github_sync_all | — [pacific] no local changes
2026-09-29T03:01:30-10:00job:github_sync_all | ↓ [pacific] fetching origin/main
2026-09-29T03:01:30-10:00job:github_sync_all | From github.com:RootRecord-Software-Solutions/RootRecord-Pacific-Solar-Server
2026-09-29T03:01:30-10:00job:github_sync_all | * branch            main       -> FETCH_HEAD
2026-09-29T03:01:30-10:00job:github_sync_all | — [pacific] local and GitHub already match
2026-09-29T03:01:30-10:00job:github_sync_all | — [pacific] nothing to push
2026-09-29T03:01:30-10:00job:github_sync_all | ↑ [database] committed 14 local file(s)
2026-09-29T03:01:30-10:00job:github_sync_all | ↓ [database] fetching origin/main
2026-09-29T03:01:30-10:00job:github_sync_all | From github.com:RootRecord-Software-Solutions/RootRecord-Database
2026-09-29T03:01:30-10:00job:github_sync_all | * branch            main       -> FETCH_HEAD
2026-09-29T03:01:30-10:00job:github_sync_all | ↑ [database] local is ahead of GitHub
2026-09-29T03:01:30-10:00job:github_sync_all | To github.com:RootRecord-Software-Solutions/RootRecord-Database.git
2026-09-29T03:01:30-10:00job:github_sync_all | f98d475..f4b19db  HEAD -> main
2026-09-29T03:01:30-10:00job:github_sync_all | branch 'main' set up to track 'origin/main'.
2026-09-29T03:01:30-10:00job:github_sync_all | ↑ [database] 14 files → RootRecord-Software-Solutions/RootRecord-Database (main)
2026-09-29T03:01:30-10:00job:github_sync_all | — [library] no local changes
2026-09-29T03:01:30-10:00job:github_sync_all | ↓ [library] fetching origin/main
2026-09-29T03:01:30-10:00job:github_sync_all | From github.com:RootRecord-Software-Solutions/RootRecord-Library
2026-09-29T03:01:30-10:00job:github_sync_all | * branch            main       -> FETCH_HEAD
2026-09-29T03:01:30-10:00job:github_sync_all | — [library] local and GitHub already match
2026-09-29T03:01:30-10:00job:github_sync_all | — [library] nothing to push
2026-09-29T03:01:30-10:00job:github_sync_all | — [skills] no local changes
2026-09-29T03:01:30-10:00job:github_sync_all | ↓ [skills] fetching origin/main
2026-09-29T03:01:30-10:00job:github_sync_all | From github.com:rootrecordsoftwaresolutions/Solar-Pacific-RootRecord-Server
2026-09-29T03:01:30-10:00job:github_sync_all | * branch            main       -> FETCH_HEAD
2026-09-29T03:01:30-10:00job:github_sync_all | — [skills] local and GitHub already match
2026-09-29T03:01:30-10:00job:github_sync_all | — [skills] nothing to push
2026-09-29T03:01:30-10:00job:security_camera_frame_grab RUN  bash "/home/rootrecord/RootRecord-Ecosystem/1 - Servers/1 - RootRecord-Pacific-Solar-Server/Security/Cameras/grab_all.sh"
2026-09-29T03:01:42-10:00job:security_camera_frame_grab | 03:01:30  📷  a-eyes  ch1 → ch1-20260929T130130Z.jpg  (309.8 KB, 4.34s)
2026-09-29T03:01:42-10:00job:security_camera_frame_grab | 03:01:35  📷  a-eyes  ch2 → ch2-20260929T130135Z.jpg  (341.1 KB, 4.58s)
2026-09-29T03:01:42-10:00job:security_camera_frame_grab | 03:01:39  📷  a-eyes  ch3 → ch3-20260929T130139Z.jpg  (12.0 KB, 1.52s)
2026-09-29T03:01:42-10:00job:security_camera_frame_grab | 03:01:41  📷  a-eyes  ch4 → ch4-20260929T130141Z.jpg  (11.9 KB, 1.66s)
2026-09-29T03:01:44-10:00  ▸  SUMMARY=delta2 soc=78% solar=0W ac_out=0W usbc=29W src=api db=ok
2026-09-29T03:01:44-10:00job:sys_stats_cycle RUN  bash "/home/rootrecord/RootRecord-Ecosystem/1 - Servers/1 - RootRecord-Pacific-Solar-Server/System/scripts/sys-sample.sh"
2026-09-29T03:01:44-10:00job:sys_stats_cycle | SYSTEM  cpu=19%  load=1.51  mem=50%  src=sqlite
2026-09-29T03:01:44-10:00job:sys_stats_cycle | OK wrote /home/rootrecord/RootRecord-Ecosystem/2 - RootRecord-Database/SYSTEM/samples/sys-20260929-030144.json
2026-09-29T03:02:09-10:00job:github_sync_all | — [pacific] no local changes
2026-09-29T03:02:09-10:00job:github_sync_all | ↓ [pacific] fetching origin/main
2026-09-29T03:02:09-10:00job:github_sync_all | From github.com:RootRecord-Software-Solutions/RootRecord-Pacific-Solar-Server
2026-09-29T03:02:09-10:00job:github_sync_all | * branch            main       -> FETCH_HEAD
2026-09-29T03:02:09-10:00job:github_sync_all | — [pacific] local and GitHub already match
2026-09-29T03:02:09-10:00job:github_sync_all | — [pacific] nothing to push
2026-09-29T03:02:09-10:00job:github_sync_all | ↑ [database] committed 11 local file(s)
2026-09-29T03:02:09-10:00job:github_sync_all | ↓ [database] fetching origin/main
2026-09-29T03:02:09-10:00job:github_sync_all | From github.com:RootRecord-Software-Solutions/RootRecord-Database
2026-09-29T03:02:09-10:00job:github_sync_all | * branch            main       -> FETCH_HEAD
2026-09-29T03:02:09-10:00job:github_sync_all | ↑ [database] local is ahead of GitHub
2026-09-29T03:02:09-10:00job:github_sync_all | To github.com:RootRecord-Software-Solutions/RootRecord-Database.git
2026-09-29T03:02:09-10:00job:github_sync_all | f4b19db..2851e62  HEAD -> main
2026-09-29T03:02:09-10:00job:github_sync_all | branch 'main' set up to track 'origin/main'.
2026-09-29T03:02:09-10:00job:github_sync_all | ↑ [database] 11 files → RootRecord-Software-Solutions/RootRecord-Database (main)
2026-09-29T03:02:09-10:00job:github_sync_all | — [library] no local changes
2026-09-29T03:02:09-10:00job:github_sync_all | ↓ [library] fetching origin/main
2026-09-29T03:02:09-10:00job:github_sync_all | From github.com:RootRecord-Software-Solutions/RootRecord-Library
2026-09-29T03:02:09-10:00job:github_sync_all | * branch            main       -> FETCH_HEAD
2026-09-29T03:02:09-10:00job:github_sync_all | — [library] local and GitHub already match
2026-09-29T03:02:09-10:00job:github_sync_all | — [library] nothing to push
2026-09-29T03:02:09-10:00job:github_sync_all | — [skills] no local changes
2026-09-29T03:02:09-10:00job:github_sync_all | ↓ [skills] fetching origin/main
2026-09-29T03:02:09-10:00job:github_sync_all | From github.com:rootrecordsoftwaresolutions/Solar-Pacific-RootRecord-Server
2026-09-29T03:02:09-10:00job:github_sync_all | * branch            main       -> FETCH_HEAD
2026-09-29T03:02:09-10:00job:github_sync_all | — [skills] local and GitHub already match
2026-09-29T03:02:09-10:00job:github_sync_all | — [skills] nothing to push
2026-09-29T03:02:09-10:00job:worklog_scan RUN  bash "/home/rootrecord/RootRecord-Ecosystem/1 - Servers/1 - RootRecord-Pacific-Solar-Server/Reports/scripts/worklog_once.sh"
2026-09-29T03:02:14-10:00job:worklog_scan | OK wrote/updated /home/rootrecord/RootRecord-Ecosystem/2 - RootRecord-Database/WORKLOG/worklog_current.md
2026-09-29T03:02:14-10:00job:security_camera_frame_grab RUN  bash "/home/rootrecord/RootRecord-Ecosystem/1 - Servers/1 - RootRecord-Pacific-Solar-Server/Security/Cameras/grab_all.sh"
2026-09-29T03:02:26-10:00job:security_camera_frame_grab | 03:02:14  📷  a-eyes  ch1 → ch1-20260929T130214Z.jpg  (310.7 KB, 4.54s)
2026-09-29T03:02:26-10:00job:security_camera_frame_grab | 03:02:19  📷  a-eyes  ch2 → ch2-20260929T130219Z.jpg  (341.8 KB, 4.48s)
2026-09-29T03:02:26-10:00job:security_camera_frame_grab | 03:02:23  📷  a-eyes  ch3 → ch3-20260929T130223Z.jpg  (12.1 KB, 1.52s)
2026-09-29T03:02:26-10:00job:security_camera_frame_grab | 03:02:25  📷  a-eyes  ch4 → ch4-20260929T130225Z.jpg  (12.1 KB, 1.60s)
2026-09-29T03:02:26-10:00ENERGY  status=live  B2=78%  B1=0%  solar=0 W  ac=0 W  usbc=29 W  src=/home/rootrecord/RootRecord-Ecosystem/2 - RootRecord-Database/ENERGY
2026-09-29T03:02:27-10:00  ▸  SUMMARY=river2pro soc=0% solar=0W ac_out=73W usbc=95W src=api db=ok
2026-09-29T03:02:27-10:00job:sys_stats_cycle RUN  bash "/home/rootrecord/RootRecord-Ecosystem/1 - Servers/1 - RootRecord-Pacific-Solar-Server/System/scripts/sys-sample.sh"
2026-09-29T03:02:28-10:00job:sys_stats_cycle | SYSTEM  cpu=20%  load=1.51  mem=50%  src=sqlite
2026-09-29T03:02:28-10:00job:sys_stats_cycle | OK wrote /home/rootrecord/RootRecord-Ecosystem/2 - RootRecord-Database/SYSTEM/samples/sys-20260929-030228.json
2026-09-29T03:02:55-10:00job:github_sync_all | ↑ [pacific] committed 1 local file(s)
2026-09-29T03:02:55-10:00job:github_sync_all | ↓ [pacific] fetching origin/main
2026-09-29T03:02:55-10:00job:github_sync_all | From github.com:RootRecord-Software-Solutions/RootRecord-Pacific-Solar-Server
2026-09-29T03:02:55-10:00job:github_sync_all | * branch            main       -> FETCH_HEAD
2026-09-29T03:02:55-10:00job:github_sync_all | ↑ [pacific] local is ahead of GitHub
2026-09-29T03:02:55-10:00job:github_sync_all | To github.com:RootRecord-Software-Solutions/RootRecord-Pacific-Solar-Server.git
2026-09-29T03:02:55-10:00job:github_sync_all | ebc32a7..4d16138  HEAD -> main
2026-09-29T03:02:55-10:00job:github_sync_all | branch 'main' set up to track 'origin/main'.
2026-09-29T03:02:55-10:00job:github_sync_all | ↑ [pacific] 1 files → RootRecord-Software-Solutions/RootRecord-Pacific-Solar-Server (main)
2026-09-29T03:02:55-10:00job:github_sync_all | ↑ [database] committed 15 local file(s)
2026-09-29T03:02:55-10:00job:github_sync_all | ↓ [database] fetching origin/main
2026-09-29T03:02:55-10:00job:github_sync_all | From github.com:RootRecord-Software-Solutions/RootRecord-Database
2026-09-29T03:02:55-10:00job:github_sync_all | * branch            main       -> FETCH_HEAD
2026-09-29T03:02:55-10:00job:github_sync_all | ↑ [database] local is ahead of GitHub
2026-09-29T03:02:55-10:00job:github_sync_all | To github.com:RootRecord-Software-Solutions/RootRecord-Database.git
2026-09-29T03:02:55-10:00job:github_sync_all | 2851e62..c7dbf18  HEAD -> main
2026-09-29T03:02:55-10:00job:github_sync_all | branch 'main' set up to track 'origin/main'.
2026-09-29T03:02:55-10:00job:github_sync_all | ↑ [database] 15 files → RootRecord-Software-Solutions/RootRecord-Database (main)
2026-09-29T03:02:55-10:00job:github_sync_all | — [library] no local changes
2026-09-29T03:02:55-10:00job:github_sync_all | ↓ [library] fetching origin/main
2026-09-29T03:02:55-10:00job:github_sync_all | From github.com:RootRecord-Software-Solutions/RootRecord-Library
2026-09-29T03:02:55-10:00job:github_sync_all | * branch            main       -> FETCH_HEAD
2026-09-29T03:02:55-10:00job:github_sync_all | — [library] local and GitHub already match
2026-09-29T03:02:55-10:00job:github_sync_all | — [library] nothing to push
2026-09-29T03:02:55-10:00job:github_sync_all | — [skills] no local changes
2026-09-29T03:02:55-10:00job:github_sync_all | ↓ [skills] fetching origin/main
2026-09-29T03:02:55-10:00job:github_sync_all | From github.com:rootrecordsoftwaresolutions/Solar-Pacific-RootRecord-Server
2026-09-29T03:02:55-10:00job:github_sync_all | * branch            main       -> FETCH_HEAD
2026-09-29T03:02:55-10:00job:github_sync_all | — [skills] local and GitHub already match
2026-09-29T03:02:55-10:00job:github_sync_all | — [skills] nothing to push
2026-09-29T03:02:55-10:00job:security_camera_frame_grab RUN  bash "/home/rootrecord/RootRecord-Ecosystem/1 - Servers/1 - RootRecord-Pacific-Solar-Server/Security/Cameras/grab_all.sh"
2026-09-29T03:03:07-10:00job:security_camera_frame_grab | 03:02:55  📷  a-eyes  ch1 → ch1-20260929T130255Z.jpg  (311.4 KB, 4.34s)
2026-09-29T03:03:07-10:00job:security_camera_frame_grab | 03:02:59  📷  a-eyes  ch2 → ch2-20260929T130259Z.jpg  (342.3 KB, 4.41s)
2026-09-29T03:03:07-10:00job:security_camera_frame_grab | 03:03:04  📷  a-eyes  ch3 → ch3-20260929T130304Z.jpg  (12.1 KB, 1.58s)
2026-09-29T03:03:07-10:00job:security_camera_frame_grab | 03:03:05  📷  a-eyes  ch4 → ch4-20260929T130305Z.jpg  (12.1 KB, 1.61s)
2026-09-29T03:03:08-10:00  ▸  SUMMARY=river2pro soc=0% solar=0W ac_out=73W usbc=95W src=api db=ok
2026-09-29T03:03:08-10:00job:sys_stats_cycle RUN  bash "/home/rootrecord/RootRecord-Ecosystem/1 - Servers/1 - RootRecord-Pacific-Solar-Server/System/scripts/sys-sample.sh"
2026-09-29T03:03:09-10:00job:sys_stats_cycle | SYSTEM  cpu=16%  load=1.68  mem=50%  src=sqlite
2026-09-29T03:03:09-10:00job:sys_stats_cycle | OK wrote /home/rootrecord/RootRecord-Ecosystem/2 - RootRecord-Database/SYSTEM/samples/sys-20260929-030309.json
2026-09-29T03:03:34-10:00job:github_sync_all | — [pacific] no local changes
2026-09-29T03:03:34-10:00job:github_sync_all | ↓ [pacific] fetching origin/main
2026-09-29T03:03:34-10:00job:github_sync_all | From github.com:RootRecord-Software-Solutions/RootRecord-Pacific-Solar-Server
2026-09-29T03:03:34-10:00job:github_sync_all | * branch            main       -> FETCH_HEAD
2026-09-29T03:03:34-10:00job:github_sync_all | — [pacific] local and GitHub already match
2026-09-29T03:03:34-10:00job:github_sync_all | — [pacific] nothing to push
2026-09-29T03:03:34-10:00job:github_sync_all | ↑ [database] committed 12 local file(s)
2026-09-29T03:03:34-10:00job:github_sync_all | ↓ [database] fetching origin/main
2026-09-29T03:03:34-10:00job:github_sync_all | From github.com:RootRecord-Software-Solutions/RootRecord-Database
2026-09-29T03:03:34-10:00job:github_sync_all | * branch            main       -> FETCH_HEAD
2026-09-29T03:03:34-10:00job:github_sync_all | ↑ [database] local is ahead of GitHub
2026-09-29T03:03:34-10:00job:github_sync_all | To github.com:RootRecord-Software-Solutions/RootRecord-Database.git
2026-09-29T03:03:34-10:00job:github_sync_all | c7dbf18..7231b33  HEAD -> main
2026-09-29T03:03:34-10:00job:github_sync_all | branch 'main' set up to track 'origin/main'.
2026-09-29T03:03:34-10:00job:github_sync_all | ↑ [database] 12 files → RootRecord-Software-Solutions/RootRecord-Database (main)
2026-09-29T03:03:34-10:00job:github_sync_all | — [library] no local changes
2026-09-29T03:03:34-10:00job:github_sync_all | ↓ [library] fetching origin/main
2026-09-29T03:03:34-10:00job:github_sync_all | From github.com:RootRecord-Software-Solutions/RootRecord-Library
2026-09-29T03:03:34-10:00job:github_sync_all | * branch            main       -> FETCH_HEAD
2026-09-29T03:03:34-10:00job:github_sync_all | — [library] local and GitHub already match
2026-09-29T03:03:34-10:00job:github_sync_all | — [library] nothing to push
2026-09-29T03:03:34-10:00job:github_sync_all | — [skills] no local changes
2026-09-29T03:03:34-10:00job:github_sync_all | ↓ [skills] fetching origin/main
2026-09-29T03:03:34-10:00job:github_sync_all | From github.com:rootrecordsoftwaresolutions/Solar-Pacific-RootRecord-Server
2026-09-29T03:03:34-10:00job:github_sync_all | * branch            main       -> FETCH_HEAD
2026-09-29T03:03:34-10:00job:github_sync_all | — [skills] local and GitHub already match
2026-09-29T03:03:34-10:00job:github_sync_all | — [skills] nothing to push
2026-09-29T03:03:34-10:00job:security_camera_frame_grab RUN  bash "/home/rootrecord/RootRecord-Ecosystem/1 - Servers/1 - RootRecord-Pacific-Solar-Server/Security/Cameras/grab_all.sh"
2026-09-29T03:03:46-10:00job:security_camera_frame_grab | 03:03:34  📷  a-eyes  ch1 → ch1-20260929T130334Z.jpg  (312.0 KB, 4.34s)
2026-09-29T03:03:46-10:00job:security_camera_frame_grab | 03:03:38  📷  a-eyes  ch2 → ch2-20260929T130338Z.jpg  (341.5 KB, 4.19s)
2026-09-29T03:03:46-10:00job:security_camera_frame_grab | 03:03:43  📷  a-eyes  ch3 → ch3-20260929T130343Z.jpg  (12.1 KB, 1.51s)
2026-09-29T03:03:46-10:00job:security_camera_frame_grab | 03:03:44  📷  a-eyes  ch4 → ch4-20260929T130344Z.jpg  (12.1 KB, 1.57s)
2026-09-29T03:03:46-10:00ENERGY  status=live  B2=78%  B1=0%  solar=0 W  ac=0 W  usbc=29 W  src=/home/rootrecord/RootRecord-Ecosystem/2 - RootRecord-Database/ENERGY
2026-09-29T03:03:47-10:00  ▸  SUMMARY=river2pro soc=0% solar=0W ac_out=73W usbc=95W src=api db=ok
2026-09-29T03:03:47-10:00job:sys_stats_cycle RUN  bash "/home/rootrecord/RootRecord-Ecosystem/1 - Servers/1 - RootRecord-Pacific-Solar-Server/System/scripts/sys-sample.sh"
2026-09-29T03:03:47-10:00job:sys_stats_cycle | SYSTEM  cpu=23%  load=1.85  mem=50%  src=sqlite
2026-09-29T03:03:47-10:00job:sys_stats_cycle | OK wrote /home/rootrecord/RootRecord-Ecosystem/2 - RootRecord-Database/SYSTEM/samples/sys-20260929-030347.json
2026-09-29T03:04:12-10:00job:github_sync_all | — [pacific] no local changes
2026-09-29T03:04:12-10:00job:github_sync_all | ↓ [pacific] fetching origin/main
2026-09-29T03:04:12-10:00job:github_sync_all | From github.com:RootRecord-Software-Solutions/RootRecord-Pacific-Solar-Server
2026-09-29T03:04:12-10:00job:github_sync_all | * branch            main       -> FETCH_HEAD
2026-09-29T03:04:12-10:00job:github_sync_all | — [pacific] local and GitHub already match
2026-09-29T03:04:12-10:00job:github_sync_all | — [pacific] nothing to push
2026-09-29T03:04:12-10:00job:github_sync_all | ↑ [database] committed 11 local file(s)
2026-09-29T03:04:12-10:00job:github_sync_all | ↓ [database] fetching origin/main
2026-09-29T03:04:12-10:00job:github_sync_all | From github.com:RootRecord-Software-Solutions/RootRecord-Database
2026-09-29T03:04:12-10:00job:github_sync_all | * branch            main       -> FETCH_HEAD
2026-09-29T03:04:12-10:00job:github_sync_all | ↑ [database] local is ahead of GitHub
2026-09-29T03:04:12-10:00job:github_sync_all | To github.com:RootRecord-Software-Solutions/RootRecord-Database.git
2026-09-29T03:04:12-10:00job:github_sync_all | 7231b33..3050ac0  HEAD -> main
2026-09-29T03:04:12-10:00job:github_sync_all | branch 'main' set up to track 'origin/main'.
2026-09-29T03:04:12-10:00job:github_sync_all | ↑ [database] 11 files → RootRecord-Software-Solutions/RootRecord-Database (main)
2026-09-29T03:04:12-10:00job:github_sync_all | — [library] no local changes
2026-09-29T03:04:12-10:00job:github_sync_all | ↓ [library] fetching origin/main
2026-09-29T03:04:12-10:00job:github_sync_all | From github.com:RootRecord-Software-Solutions/RootRecord-Library
2026-09-29T03:04:12-10:00job:github_sync_all | * branch            main       -> FETCH_HEAD
2026-09-29T03:04:12-10:00job:github_sync_all | — [library] local and GitHub already match
2026-09-29T03:04:12-10:00job:github_sync_all | — [library] nothing to push
2026-09-29T03:04:12-10:00job:github_sync_all | — [skills] no local changes
2026-09-29T03:04:12-10:00job:github_sync_all | ↓ [skills] fetching origin/main
2026-09-29T03:04:12-10:00job:github_sync_all | From github.com:rootrecordsoftwaresolutions/Solar-Pacific-RootRecord-Server
2026-09-29T03:04:12-10:00job:github_sync_all | * branch            main       -> FETCH_HEAD
2026-09-29T03:04:12-10:00job:github_sync_all | — [skills] local and GitHub already match
2026-09-29T03:04:12-10:00job:github_sync_all | — [skills] nothing to push
2026-09-29T03:04:12-10:00job:worklog_scan RUN  bash "/home/rootrecord/RootRecord-Ecosystem/1 - Servers/1 - RootRecord-Pacific-Solar-Server/Reports/scripts/worklog_once.sh"
2026-09-29T03:04:16-10:00job:worklog_scan | OK wrote/updated /home/rootrecord/RootRecord-Ecosystem/2 - RootRecord-Database/WORKLOG/worklog_current.md
2026-09-29T03:04:16-10:00job:security_camera_frame_grab RUN  bash "/home/rootrecord/RootRecord-Ecosystem/1 - Servers/1 - RootRecord-Pacific-Solar-Server/Security/Cameras/grab_all.sh"
2026-09-29T03:04:28-10:00job:security_camera_frame_grab | 03:04:16  📷  a-eyes  ch1 → ch1-20260929T130416Z.jpg  (311.3 KB, 4.49s)
2026-09-29T03:04:28-10:00job:security_camera_frame_grab | 03:04:20  📷  a-eyes  ch2 → ch2-20260929T130420Z.jpg  (341.7 KB, 4.27s)
2026-09-29T03:04:28-10:00job:security_camera_frame_grab | 03:04:25  📷  a-eyes  ch3 → ch3-20260929T130425Z.jpg  (12.1 KB, 1.71s)
2026-09-29T03:04:28-10:00job:security_camera_frame_grab | 03:04:26  📷  a-eyes  ch4 → ch4-20260929T130426Z.jpg  (12.1 KB, 1.61s)
2026-09-29T03:04:29-10:00  ▸  SUMMARY=river2pro soc=0% solar=0W ac_out=73W usbc=95W src=api db=ok
2026-09-29T03:04:29-10:00job:sys_stats_cycle RUN  bash "/home/rootrecord/RootRecord-Ecosystem/1 - Servers/1 - RootRecord-Pacific-Solar-Server/System/scripts/sys-sample.sh"
2026-09-29T03:04:30-10:00job:sys_stats_cycle | SYSTEM  cpu=23%  load=1.55  mem=50%  src=sqlite
2026-09-29T03:04:30-10:00job:sys_stats_cycle | OK wrote /home/rootrecord/RootRecord-Ecosystem/2 - RootRecord-Database/SYSTEM/samples/sys-20260929-030429.json
2026-09-29T03:04:56-10:00job:github_sync_all | — [pacific] no local changes
2026-09-29T03:04:56-10:00job:github_sync_all | ↓ [pacific] fetching origin/main
2026-09-29T03:04:56-10:00job:github_sync_all | From github.com:RootRecord-Software-Solutions/RootRecord-Pacific-Solar-Server
2026-09-29T03:04:56-10:00job:github_sync_all | * branch            main       -> FETCH_HEAD
2026-09-29T03:04:56-10:00job:github_sync_all | — [pacific] local and GitHub already match
2026-09-29T03:04:56-10:00job:github_sync_all | — [pacific] nothing to push
2026-09-29T03:04:56-10:00job:github_sync_all | ↑ [database] committed 16 local file(s)
2026-09-29T03:04:56-10:00job:github_sync_all | ↓ [database] fetching origin/main
2026-09-29T03:04:56-10:00job:github_sync_all | From github.com:RootRecord-Software-Solutions/RootRecord-Database
2026-09-29T03:04:56-10:00job:github_sync_all | * branch            main       -> FETCH_HEAD
2026-09-29T03:04:56-10:00job:github_sync_all | ↑ [database] local is ahead of GitHub
2026-09-29T03:04:56-10:00job:github_sync_all | To github.com:RootRecord-Software-Solutions/RootRecord-Database.git
2026-09-29T03:04:56-10:00job:github_sync_all | 3050ac0..7d992fa  HEAD -> main
2026-09-29T03:04:56-10:00job:github_sync_all | branch 'main' set up to track 'origin/main'.
2026-09-29T03:04:56-10:00job:github_sync_all | ↑ [database] 16 files → RootRecord-Software-Solutions/RootRecord-Database (main)
2026-09-29T03:04:56-10:00job:github_sync_all | — [library] no local changes
2026-09-29T03:04:56-10:00job:github_sync_all | ↓ [library] fetching origin/main
2026-09-29T03:04:56-10:00job:github_sync_all | From github.com:RootRecord-Software-Solutions/RootRecord-Library
2026-09-29T03:04:56-10:00job:github_sync_all | * branch            main       -> FETCH_HEAD
2026-09-29T03:04:56-10:00job:github_sync_all | — [library] local and GitHub already match
2026-09-29T03:04:56-10:00job:github_sync_all | — [library] nothing to push
2026-09-29T03:04:56-10:00job:github_sync_all | — [skills] no local changes
2026-09-29T03:04:56-10:00job:github_sync_all | ↓ [skills] fetching origin/main
2026-09-29T03:04:56-10:00job:github_sync_all | From github.com:rootrecordsoftwaresolutions/Solar-Pacific-RootRecord-Server
2026-09-29T03:04:56-10:00job:github_sync_all | * branch            main       -> FETCH_HEAD
2026-09-29T03:04:56-10:00job:github_sync_all | — [skills] local and GitHub already match
2026-09-29T03:04:56-10:00job:github_sync_all | — [skills] nothing to push
2026-09-29T03:04:56-10:00job:security_camera_frame_grab RUN  bash "/home/rootrecord/RootRecord-Ecosystem/1 - Servers/1 - RootRecord-Pacific-Solar-Server/Security/Cameras/grab_all.sh"
2026-09-29T03:05:08-10:00job:security_camera_frame_grab | 03:04:56  📷  a-eyes  ch1 → ch1-20260929T130456Z.jpg  (309.9 KB, 4.44s)
2026-09-29T03:05:08-10:00job:security_camera_frame_grab | 03:05:00  📷  a-eyes  ch2 → ch2-20260929T130500Z.jpg  (341.4 KB, 4.27s)
2026-09-29T03:05:08-10:00job:security_camera_frame_grab | 03:05:05  📷  a-eyes  ch3 → ch3-20260929T130505Z.jpg  (12.1 KB, 1.61s)
2026-09-29T03:05:08-10:00job:security_camera_frame_grab | 03:05:06  📷  a-eyes  ch4 → ch4-20260929T130506Z.jpg  (12.1 KB, 1.72s)
2026-09-29T03:05:08-10:00ENERGY  status=live  B2=78%  B1=0%  solar=0 W  ac=0 W  usbc=29 W  src=/home/rootrecord/RootRecord-Ecosystem/2 - RootRecord-Database/ENERGY
2026-09-29T03:05:09-10:00  ▸  SUMMARY=river2pro soc=0% solar=0W ac_out=73W usbc=95W src=api db=ok
2026-09-29T03:05:09-10:00job:sys_stats_cycle RUN  bash "/home/rootrecord/RootRecord-Ecosystem/1 - Servers/1 - RootRecord-Pacific-Solar-Server/System/scripts/sys-sample.sh"
2026-09-29T03:05:10-10:00job:sys_stats_cycle | SYSTEM  cpu=19%  load=1.93  mem=51%  src=sqlite
2026-09-29T03:05:10-10:00job:sys_stats_cycle | OK wrote /home/rootrecord/RootRecord-Ecosystem/2 - RootRecord-Database/SYSTEM/samples/sys-20260929-030510.json
2026-09-29T03:05:34-10:00job:github_sync_all | — [pacific] no local changes
2026-09-29T03:05:34-10:00job:github_sync_all | ↓ [pacific] fetching origin/main
2026-09-29T03:05:34-10:00job:github_sync_all | From github.com:RootRecord-Software-Solutions/RootRecord-Pacific-Solar-Server
2026-09-29T03:05:34-10:00job:github_sync_all | * branch            main       -> FETCH_HEAD
2026-09-29T03:05:34-10:00job:github_sync_all | — [pacific] local and GitHub already match
2026-09-29T03:05:34-10:00job:github_sync_all | — [pacific] nothing to push
2026-09-29T03:05:34-10:00job:github_sync_all | ↑ [database] committed 13 local file(s)
2026-09-29T03:05:34-10:00job:github_sync_all | ↓ [database] fetching origin/main
2026-09-29T03:05:34-10:00job:github_sync_all | From github.com:RootRecord-Software-Solutions/RootRecord-Database
2026-09-29T03:05:34-10:00job:github_sync_all | * branch            main       -> FETCH_HEAD
2026-09-29T03:05:34-10:00job:github_sync_all | ↑ [database] local is ahead of GitHub
2026-09-29T03:05:34-10:00job:github_sync_all | To github.com:RootRecord-Software-Solutions/RootRecord-Database.git
2026-09-29T03:05:34-10:00job:github_sync_all | 7d992fa..39526c8  HEAD -> main
2026-09-29T03:05:34-10:00job:github_sync_all | branch 'main' set up to track 'origin/main'.
2026-09-29T03:05:34-10:00job:github_sync_all | ↑ [database] 13 files → RootRecord-Software-Solutions/RootRecord-Database (main)
2026-09-29T03:05:34-10:00job:github_sync_all | — [library] no local changes
2026-09-29T03:05:34-10:00job:github_sync_all | ↓ [library] fetching origin/main
2026-09-29T03:05:34-10:00job:github_sync_all | From github.com:RootRecord-Software-Solutions/RootRecord-Library
2026-09-29T03:05:34-10:00job:github_sync_all | * branch            main       -> FETCH_HEAD
2026-09-29T03:05:34-10:00job:github_sync_all | — [library] local and GitHub already match
2026-09-29T03:05:34-10:00job:github_sync_all | — [library] nothing to push
2026-09-29T03:05:34-10:00job:github_sync_all | — [skills] no local changes
2026-09-29T03:05:34-10:00job:github_sync_all | ↓ [skills] fetching origin/main
2026-09-29T03:05:34-10:00job:github_sync_all | From github.com:rootrecordsoftwaresolutions/Solar-Pacific-RootRecord-Server
2026-09-29T03:05:34-10:00job:github_sync_all | * branch            main       -> FETCH_HEAD
2026-09-29T03:05:34-10:00job:github_sync_all | — [skills] local and GitHub already match
2026-09-29T03:05:34-10:00job:github_sync_all | — [skills] nothing to push
2026-09-29T03:05:34-10:00job:security_camera_frame_grab RUN  bash "/home/rootrecord/RootRecord-Ecosystem/1 - Servers/1 - RootRecord-Pacific-Solar-Server/Security/Cameras/grab_all.sh"
2026-09-29T03:05:46-10:00job:security_camera_frame_grab | 03:05:34  📷  a-eyes  ch1 → ch1-20260929T130534Z.jpg  (311.2 KB, 4.45s)
2026-09-29T03:05:46-10:00job:security_camera_frame_grab | 03:05:39  📷  a-eyes  ch2 → ch2-20260929T130539Z.jpg  (341.6 KB, 4.48s)
2026-09-29T03:05:46-10:00job:security_camera_frame_grab | 03:05:43  📷  a-eyes  ch3 → ch3-20260929T130543Z.jpg  (12.1 KB, 1.59s)
2026-09-29T03:05:46-10:00job:security_camera_frame_grab | 03:05:45  📷  a-eyes  ch4 → ch4-20260929T130545Z.jpg  (12.2 KB, 1.61s)
2026-09-29T03:05:48-10:00  ▸  SUMMARY=river2pro soc=0% solar=0W ac_out=73W usbc=95W src=api db=ok
2026-09-29T03:05:48-10:00job:sys_stats_cycle RUN  bash "/home/rootrecord/RootRecord-Ecosystem/1 - Servers/1 - RootRecord-Pacific-Solar-Server/System/scripts/sys-sample.sh"
2026-09-29T03:05:48-10:00job:sys_stats_cycle | SYSTEM  cpu=18%  load=1.54  mem=50%  src=sqlite
2026-09-29T03:05:48-10:00job:sys_stats_cycle | OK wrote /home/rootrecord/RootRecord-Ecosystem/2 - RootRecord-Database/SYSTEM/samples/sys-20260929-030548.json
2026-09-29T03:06:13-10:00job:github_sync_all | — [pacific] no local changes
2026-09-29T03:06:13-10:00job:github_sync_all | ↓ [pacific] fetching origin/main
2026-09-29T03:06:13-10:00job:github_sync_all | From github.com:RootRecord-Software-Solutions/RootRecord-Pacific-Solar-Server
2026-09-29T03:06:13-10:00job:github_sync_all | * branch            main       -> FETCH_HEAD
2026-09-29T03:06:13-10:00job:github_sync_all | — [pacific] local and GitHub already match
2026-09-29T03:06:13-10:00job:github_sync_all | — [pacific] nothing to push
2026-09-29T03:06:13-10:00job:github_sync_all | ↑ [database] committed 11 local file(s)
2026-09-29T03:06:13-10:00job:github_sync_all | ↓ [database] fetching origin/main
2026-09-29T03:06:13-10:00job:github_sync_all | From github.com:RootRecord-Software-Solutions/RootRecord-Database
2026-09-29T03:06:13-10:00job:github_sync_all | * branch            main       -> FETCH_HEAD
2026-09-29T03:06:13-10:00job:github_sync_all | ↑ [database] local is ahead of GitHub
2026-09-29T03:06:13-10:00job:github_sync_all | To github.com:RootRecord-Software-Solutions/RootRecord-Database.git
2026-09-29T03:06:13-10:00job:github_sync_all | 39526c8..8e77af1  HEAD -> main
2026-09-29T03:06:13-10:00job:github_sync_all | branch 'main' set up to track 'origin/main'.
2026-09-29T03:06:13-10:00job:github_sync_all | ↑ [database] 11 files → RootRecord-Software-Solutions/RootRecord-Database (main)
2026-09-29T03:06:13-10:00job:github_sync_all | — [library] no local changes
2026-09-29T03:06:13-10:00job:github_sync_all | ↓ [library] fetching origin/main
2026-09-29T03:06:13-10:00job:github_sync_all | From github.com:RootRecord-Software-Solutions/RootRecord-Library
2026-09-29T03:06:13-10:00job:github_sync_all | * branch            main       -> FETCH_HEAD
2026-09-29T03:06:13-10:00job:github_sync_all | — [library] local and GitHub already match
2026-09-29T03:06:13-10:00job:github_sync_all | — [library] nothing to push
2026-09-29T03:06:13-10:00job:github_sync_all | — [skills] no local changes
2026-09-29T03:06:13-10:00job:github_sync_all | ↓ [skills] fetching origin/main
2026-09-29T03:06:13-10:00job:github_sync_all | From github.com:rootrecordsoftwaresolutions/Solar-Pacific-RootRecord-Server
2026-09-29T03:06:13-10:00job:github_sync_all | * branch            main       -> FETCH_HEAD
2026-09-29T03:06:13-10:00job:github_sync_all | — [skills] local and GitHub already match
2026-09-29T03:06:13-10:00job:github_sync_all | — [skills] nothing to push
2026-09-29T03:06:13-10:00job:worklog_scan RUN  bash "/home/rootrecord/RootRecord-Ecosystem/1 - Servers/1 - RootRecord-Pacific-Solar-Server/Reports/scripts/worklog_once.sh"
2026-09-29T03:06:15-10:00job:worklog_scan | OK wrote/updated /home/rootrecord/RootRecord-Ecosystem/2 - RootRecord-Database/WORKLOG/worklog_current.md
2026-09-29T03:06:15-10:00job:security_camera_frame_grab RUN  bash "/home/rootrecord/RootRecord-Ecosystem/1 - Servers/1 - RootRecord-Pacific-Solar-Server/Security/Cameras/grab_all.sh"
2026-09-29T03:06:28-10:00job:security_camera_frame_grab | 03:06:16  📷  a-eyes  ch1 → ch1-20260929T130616Z.jpg  (310.9 KB, 4.35s)
2026-09-29T03:06:28-10:00job:security_camera_frame_grab | 03:06:20  📷  a-eyes  ch2 → ch2-20260929T130620Z.jpg  (341.2 KB, 4.48s)
2026-09-29T03:06:28-10:00job:security_camera_frame_grab | 03:06:24  📷  a-eyes  ch3 → ch3-20260929T130624Z.jpg  (12.1 KB, 1.71s)
2026-09-29T03:06:28-10:00job:security_camera_frame_grab | 03:06:26  📷  a-eyes  ch4 → ch4-20260929T130626Z.jpg  (12.1 KB, 1.59s)
2026-09-29T03:06:28-10:00ENERGY  status=live  B2=78%  B1=0%  solar=0 W  ac=0 W  usbc=29 W  src=/home/rootrecord/RootRecord-Ecosystem/2 - RootRecord-Database/ENERGY
2026-09-29T03:06:29-10:00  ▸  SUMMARY=river2pro soc=0% solar=0W ac_out=73W usbc=95W src=api db=ok
2026-09-29T03:06:29-10:00job:sys_stats_cycle RUN  bash "/home/rootrecord/RootRecord-Ecosystem/1 - Servers/1 - RootRecord-Pacific-Solar-Server/System/scripts/sys-sample.sh"
2026-09-29T03:06:29-10:00job:sys_stats_cycle | SYSTEM  cpu=38%  load=1.62  mem=51%  src=sqlite
2026-09-29T03:06:29-10:00job:sys_stats_cycle | OK wrote /home/rootrecord/RootRecord-Ecosystem/2 - RootRecord-Database/SYSTEM/samples/sys-20260929-030629.json
2026-09-29T03:06:55-10:00job:github_sync_all | — [pacific] no local changes
2026-09-29T03:06:55-10:00job:github_sync_all | ↓ [pacific] fetching origin/main
2026-09-29T03:06:55-10:00job:github_sync_all | From github.com:RootRecord-Software-Solutions/RootRecord-Pacific-Solar-Server
2026-09-29T03:06:55-10:00job:github_sync_all | * branch            main       -> FETCH_HEAD
2026-09-29T03:06:55-10:00job:github_sync_all | — [pacific] local and GitHub already match
2026-09-29T03:06:55-10:00job:github_sync_all | — [pacific] nothing to push
2026-09-29T03:06:55-10:00job:github_sync_all | ↑ [database] committed 15 local file(s)
2026-09-29T03:06:55-10:00job:github_sync_all | ↓ [database] fetching origin/main
2026-09-29T03:06:55-10:00job:github_sync_all | From github.com:RootRecord-Software-Solutions/RootRecord-Database
2026-09-29T03:06:55-10:00job:github_sync_all | * branch            main       -> FETCH_HEAD
2026-09-29T03:06:55-10:00job:github_sync_all | ↑ [database] local is ahead of GitHub
2026-09-29T03:06:55-10:00job:github_sync_all | To github.com:RootRecord-Software-Solutions/RootRecord-Database.git
2026-09-29T03:06:55-10:00job:github_sync_all | 8e77af1..6de984f  HEAD -> main
2026-09-29T03:06:55-10:00job:github_sync_all | branch 'main' set up to track 'origin/main'.
2026-09-29T03:06:55-10:00job:github_sync_all | ↑ [database] 15 files → RootRecord-Software-Solutions/RootRecord-Database (main)
2026-09-29T03:06:55-10:00job:github_sync_all | — [library] no local changes
2026-09-29T03:06:55-10:00job:github_sync_all | ↓ [library] fetching origin/main
2026-09-29T03:06:55-10:00job:github_sync_all | From github.com:RootRecord-Software-Solutions/RootRecord-Library
2026-09-29T03:06:55-10:00job:github_sync_all | * branch            main       -> FETCH_HEAD
2026-09-29T03:06:55-10:00job:github_sync_all | — [library] local and GitHub already match
2026-09-29T03:06:55-10:00job:github_sync_all | — [library] nothing to push
2026-09-29T03:06:55-10:00job:github_sync_all | — [skills] no local changes
2026-09-29T03:06:55-10:00job:github_sync_all | ↓ [skills] fetching origin/main
2026-09-29T03:06:55-10:00job:github_sync_all | From github.com:rootrecordsoftwaresolutions/Solar-Pacific-RootRecord-Server
2026-09-29T03:06:55-10:00job:github_sync_all | * branch            main       -> FETCH_HEAD
2026-09-29T03:06:55-10:00job:github_sync_all | — [skills] local and GitHub already match
2026-09-29T03:06:55-10:00job:github_sync_all | — [skills] nothing to push
2026-09-29T03:06:55-10:00job:security_camera_frame_grab RUN  bash "/home/rootrecord/RootRecord-Ecosystem/1 - Servers/1 - RootRecord-Pacific-Solar-Server/Security/Cameras/grab_all.sh"
2026-09-29T03:07:07-10:00job:security_camera_frame_grab | 03:06:55  📷  a-eyes  ch1 → ch1-20260929T130655Z.jpg  (309.8 KB, 4.34s)
2026-09-29T03:07:07-10:00job:security_camera_frame_grab | 03:07:00  📷  a-eyes  ch2 → ch2-20260929T130700Z.jpg  (341.9 KB, 4.47s)
2026-09-29T03:07:07-10:00job:security_camera_frame_grab | 03:07:04  📷  a-eyes  ch3 → ch3-20260929T130704Z.jpg  (12.1 KB, 1.50s)
2026-09-29T03:07:07-10:00job:security_camera_frame_grab | 03:07:06  📷  a-eyes  ch4 → ch4-20260929T130706Z.jpg  (12.1 KB, 1.64s)
2026-09-29T03:07:09-10:00  ▸  SUMMARY=river2pro soc=0% solar=0W ac_out=73W usbc=95W src=api db=ok
2026-09-29T03:07:09-10:00job:sys_stats_cycle RUN  bash "/home/rootrecord/RootRecord-Ecosystem/1 - Servers/1 - RootRecord-Pacific-Solar-Server/System/scripts/sys-sample.sh"
2026-09-29T03:07:09-10:00job:sys_stats_cycle | SYSTEM  cpu=38%  load=1.49  mem=51%  src=sqlite
2026-09-29T03:07:09-10:00job:sys_stats_cycle | OK wrote /home/rootrecord/RootRecord-Ecosystem/2 - RootRecord-Database/SYSTEM/samples/sys-20260929-030709.json
2026-09-29T03:07:36-10:00job:github_sync_all | — [pacific] no local changes
2026-09-29T03:07:36-10:00job:github_sync_all | ↓ [pacific] fetching origin/main
2026-09-29T03:07:36-10:00job:github_sync_all | From github.com:RootRecord-Software-Solutions/RootRecord-Pacific-Solar-Server
2026-09-29T03:07:36-10:00job:github_sync_all | * branch            main       -> FETCH_HEAD
2026-09-29T03:07:36-10:00job:github_sync_all | — [pacific] local and GitHub already match
2026-09-29T03:07:36-10:00job:github_sync_all | — [pacific] nothing to push
2026-09-29T03:07:36-10:00job:github_sync_all | ↑ [database] committed 12 local file(s)
2026-09-29T03:07:36-10:00job:github_sync_all | ↓ [database] fetching origin/main
2026-09-29T03:07:36-10:00job:github_sync_all | From github.com:RootRecord-Software-Solutions/RootRecord-Database
2026-09-29T03:07:36-10:00job:github_sync_all | * branch            main       -> FETCH_HEAD
2026-09-29T03:07:36-10:00job:github_sync_all | ↑ [database] local is ahead of GitHub
2026-09-29T03:07:36-10:00job:github_sync_all | To github.com:RootRecord-Software-Solutions/RootRecord-Database.git
2026-09-29T03:07:36-10:00job:github_sync_all | 6de984f..aa1f62b  HEAD -> main
2026-09-29T03:07:36-10:00job:github_sync_all | branch 'main' set up to track 'origin/main'.
2026-09-29T03:07:36-10:00job:github_sync_all | ↑ [database] 12 files → RootRecord-Software-Solutions/RootRecord-Database (main)
2026-09-29T03:07:36-10:00job:github_sync_all | — [library] no local changes
2026-09-29T03:07:36-10:00job:github_sync_all | ↓ [library] fetching origin/main
2026-09-29T03:07:36-10:00job:github_sync_all | From github.com:RootRecord-Software-Solutions/RootRecord-Library
2026-09-29T03:07:36-10:00job:github_sync_all | * branch            main       -> FETCH_HEAD
2026-09-29T03:07:36-10:00job:github_sync_all | — [library] local and GitHub already match
2026-09-29T03:07:36-10:00job:github_sync_all | — [library] nothing to push
2026-09-29T03:07:36-10:00job:github_sync_all | — [skills] no local changes
2026-09-29T03:07:36-10:00job:github_sync_all | ↓ [skills] fetching origin/main
2026-09-29T03:07:36-10:00job:github_sync_all | From github.com:rootrecordsoftwaresolutions/Solar-Pacific-RootRecord-Server
2026-09-29T03:07:36-10:00job:github_sync_all | * branch            main       -> FETCH_HEAD
2026-09-29T03:07:36-10:00job:github_sync_all | — [skills] local and GitHub already match
2026-09-29T03:07:36-10:00job:github_sync_all | — [skills] nothing to push
2026-09-29T03:07:36-10:00job:security_camera_frame_grab RUN  bash "/home/rootrecord/RootRecord-Ecosystem/1 - Servers/1 - RootRecord-Pacific-Solar-Server/Security/Cameras/grab_all.sh"
2026-09-29T03:07:49-10:00job:security_camera_frame_grab | 03:07:36  📷  a-eyes  ch1 → ch1-20260929T130736Z.jpg  (310.9 KB, 4.48s)
2026-09-29T03:07:49-10:00job:security_camera_frame_grab | 03:07:41  📷  a-eyes  ch2 → ch2-20260929T130741Z.jpg  (339.8 KB, 4.54s)
2026-09-29T03:07:49-10:00job:security_camera_frame_grab | 03:07:45  📷  a-eyes  ch3 → ch3-20260929T130745Z.jpg  (12.0 KB, 1.48s)
2026-09-29T03:07:49-10:00job:security_camera_frame_grab | 03:07:47  📷  a-eyes  ch4 → ch4-20260929T130747Z.jpg  (12.0 KB, 1.71s)
2026-09-29T03:07:49-10:00ENERGY  status=live  B2=78%  B1=0%  solar=0 W  ac=0 W  usbc=29 W  src=/home/rootrecord/RootRecord-Ecosystem/2 - RootRecord-Database/ENERGY
2026-09-29T03:07:50-10:00  ▸  SUMMARY=river2pro soc=0% solar=0W ac_out=73W usbc=95W src=api db=ok
2026-09-29T03:07:50-10:00job:sys_stats_cycle RUN  bash "/home/rootrecord/RootRecord-Ecosystem/1 - Servers/1 - RootRecord-Pacific-Solar-Server/System/scripts/sys-sample.sh"
2026-09-29T03:07:50-10:00job:sys_stats_cycle | SYSTEM  cpu=17%  load=1.90  mem=51%  src=sqlite
2026-09-29T03:07:50-10:00job:sys_stats_cycle | OK wrote /home/rootrecord/RootRecord-Ecosystem/2 - RootRecord-Database/SYSTEM/samples/sys-20260929-030750.json
2026-09-29T03:08:16-10:00job:github_sync_all | — [pacific] no local changes
2026-09-29T03:08:16-10:00job:github_sync_all | ↓ [pacific] fetching origin/main
2026-09-29T03:08:16-10:00job:github_sync_all | From github.com:RootRecord-Software-Solutions/RootRecord-Pacific-Solar-Server
2026-09-29T03:08:16-10:00job:github_sync_all | * branch            main       -> FETCH_HEAD
2026-09-29T03:08:16-10:00job:github_sync_all | — [pacific] local and GitHub already match
2026-09-29T03:08:16-10:00job:github_sync_all | — [pacific] nothing to push
2026-09-29T03:08:16-10:00job:github_sync_all | ↑ [database] committed 12 local file(s)
2026-09-29T03:08:16-10:00job:github_sync_all | ↓ [database] fetching origin/main
2026-09-29T03:08:16-10:00job:github_sync_all | From github.com:RootRecord-Software-Solutions/RootRecord-Database
2026-09-29T03:08:16-10:00job:github_sync_all | * branch            main       -> FETCH_HEAD
2026-09-29T03:08:16-10:00job:github_sync_all | ↑ [database] local is ahead of GitHub
2026-09-29T03:08:16-10:00job:github_sync_all | To github.com:RootRecord-Software-Solutions/RootRecord-Database.git
2026-09-29T03:08:16-10:00job:github_sync_all | aa1f62b..8803d89  HEAD -> main
2026-09-29T03:08:16-10:00job:github_sync_all | branch 'main' set up to track 'origin/main'.
2026-09-29T03:08:16-10:00job:github_sync_all | ↑ [database] 12 files → RootRecord-Software-Solutions/RootRecord-Database (main)
2026-09-29T03:08:16-10:00job:github_sync_all | — [library] no local changes
2026-09-29T03:08:16-10:00job:github_sync_all | ↓ [library] fetching origin/main
2026-09-29T03:08:16-10:00job:github_sync_all | From github.com:RootRecord-Software-Solutions/RootRecord-Library
2026-09-29T03:08:16-10:00job:github_sync_all | * branch            main       -> FETCH_HEAD
2026-09-29T03:08:16-10:00job:github_sync_all | — [library] local and GitHub already match
2026-09-29T03:08:16-10:00job:github_sync_all | — [library] nothing to push
2026-09-29T03:08:16-10:00job:github_sync_all | — [skills] no local changes
2026-09-29T03:08:16-10:00job:github_sync_all | ↓ [skills] fetching origin/main
2026-09-29T03:08:16-10:00job:github_sync_all | From github.com:rootrecordsoftwaresolutions/Solar-Pacific-RootRecord-Server
2026-09-29T03:08:16-10:00job:github_sync_all | * branch            main       -> FETCH_HEAD
2026-09-29T03:08:16-10:00job:github_sync_all | — [skills] local and GitHub already match
2026-09-29T03:08:16-10:00job:github_sync_all | — [skills] nothing to push
2026-09-29T03:08:16-10:00job:worklog_scan RUN  bash "/home/rootrecord/RootRecord-Ecosystem/1 - Servers/1 - RootRecord-Pacific-Solar-Server/Reports/scripts/worklog_once.sh"
2026-09-29T03:08:19-10:00job:worklog_scan | OK wrote/updated /home/rootrecord/RootRecord-Ecosystem/2 - RootRecord-Database/WORKLOG/worklog_current.md
2026-09-29T03:08:19-10:00job:security_camera_frame_grab RUN  bash "/home/rootrecord/RootRecord-Ecosystem/1 - Servers/1 - RootRecord-Pacific-Solar-Server/Security/Cameras/grab_all.sh"
2026-09-29T03:08:31-10:00job:security_camera_frame_grab | 03:08:19  📷  a-eyes  ch1 → ch1-20260929T130819Z.jpg  (308.7 KB, 4.19s)
2026-09-29T03:08:31-10:00job:security_camera_frame_grab | 03:08:23  📷  a-eyes  ch2 → ch2-20260929T130823Z.jpg  (341.7 KB, 4.35s)
2026-09-29T03:08:31-10:00job:security_camera_frame_grab | 03:08:28  📷  a-eyes  ch3 → ch3-20260929T130828Z.jpg  (12.1 KB, 1.55s)
2026-09-29T03:08:31-10:00job:security_camera_frame_grab | 03:08:29  📷  a-eyes  ch4 → ch4-20260929T130829Z.jpg  (12.0 KB, 1.49s)
2026-09-29T03:08:32-10:00  ▸  SUMMARY=delta2 soc=78% solar=0W ac_out=82W usbc=29W src=api db=ok
2026-09-29T03:08:32-10:00job:sys_stats_cycle RUN  bash "/home/rootrecord/RootRecord-Ecosystem/1 - Servers/1 - RootRecord-Pacific-Solar-Server/System/scripts/sys-sample.sh"
2026-09-29T03:08:33-10:00job:sys_stats_cycle | SYSTEM  cpu=18%  load=2.41  mem=51%  src=sqlite
2026-09-29T03:08:33-10:00job:sys_stats_cycle | OK wrote /home/rootrecord/RootRecord-Ecosystem/2 - RootRecord-Database/SYSTEM/samples/sys-20260929-030832.json
2026-09-29T03:08:56-10:00job:github_sync_all FAIL code=-15
2026-09-29T03:08:56-10:00job:github_sync_all ! — [pacific] no local changes
2026-09-29T03:08:56-10:00job:github_sync_all ! ↓ [pacific] fetching origin/main
2026-09-29T03:08:56-10:00job:github_sync_all ! From github.com:RootRecord-Software-Solutions/RootRecord-Pacific-Solar-Server
2026-09-29T03:08:56-10:00job:github_sync_all !  * branch            main       -> FETCH_HEAD
2026-09-29T03:08:56-10:00job:github_sync_all ! — [pacific] local and GitHub already match
2026-09-29T03:08:56-10:00job:github_sync_all ! — [pacific] nothing to push
2026-09-29T03:08:56-10:00job:github_sync_all ! ↑ [database] committed 15 local file(s)
2026-09-29T03:08:56-10:00job:github_sync_all ! ↓ [database] fetching origin/main
2026-09-29T03:08:56-10:00job:github_sync_all ! From github.com:RootRecord-Software-Solutions/RootRecord-Database
2026-09-29T03:08:56-10:00job:github_sync_all !  * branch            main       -> FETCH_HEAD
2026-09-29T03:08:56-10:00job:github_sync_all ! ↑ [database] local is ahead of GitHub
2026-09-29T03:08:56-10:00job:github_sync_all ! To github.com:RootRecord-Software-Solutions/RootRecord-Database.git
2026-09-29T03:08:56-10:00job:github_sync_all !    8803d89..5c126c3  HEAD -> main
2026-09-29T03:08:56-10:00job:github_sync_all ! branch 'main' set up to track 'origin/main'.
2026-09-29T03:08:56-10:00job:github_sync_all ! ↑ [database] 15 files → RootRecord-Software-Solutions/RootRecord-Database (main)
2026-09-29T03:08:56-10:00job:github_sync_all ! — [library] no local changes
2026-09-29T03:08:56-10:00job:github_sync_all ! ↓ [library] fetching origin/main
2026-09-29T03:08:56-10:00job:github_sync_all ! From github.com:RootRecord-Software-Solutions/RootRecord-Library
2026-09-29T03:08:56-10:00job:github_sync_all !  * branch            main       -> FETCH_HEAD
2026-09-29T03:08:56-10:00job:github_sync_all ! — [library] local and GitHub already match
2026-09-29T03:08:56-10:00job:security_camera_frame_grab RUN  bash "/home/rootrecord/RootRecord-Ecosystem/1 - Servers/1 - RootRecord-Pacific-Solar-Server/Security/Cameras/grab_all.sh"
2026-09-29T03:09:08-10:00job:security_camera_frame_grab | 03:08:56  📷  a-eyes  ch1 → ch1-20260929T130856Z.jpg  (310.5 KB, 4.32s)
2026-09-29T03:09:08-10:00job:security_camera_frame_grab | 03:09:00  📷  a-eyes  ch2 → ch2-20260929T130900Z.jpg  (341.2 KB, 4.29s)
2026-09-29T03:09:08-10:00job:security_camera_frame_grab | 03:09:05  📷  a-eyes  ch3 → ch3-20260929T130905Z.jpg  (12.1 KB, 1.57s)
2026-09-29T03:09:08-10:00job:security_camera_frame_grab | 03:09:06  📷  a-eyes  ch4 → ch4-20260929T130906Z.jpg  (12.1 KB, 1.51s)
2026-09-29T03:09:08-10:00internet OK — starting Cloudflare tunnel (attempt 1)
2026-09-29T03:09:08-10:00Starting cloudflared mode=token public_host=rootserver.rootrecord.cloud
2026-09-29T03:09:08-10:00Waiting for tunnel register (timeout=45s)…
2026-09-29T03:09:08-10:00tunnel starting
2026-09-29T03:09:39-10:00HTTP listening on http://127.0.0.1:8799 (open access on bind)
2026-09-29T03:09:39-10:00boot:start  jobs=10
2026-09-29T03:09:39-10:00boot:run  priority=0  id=self_terminal
2026-09-29T03:09:39-10:00boot:p0 self_process pid=94145
2026-09-29T03:09:39-10:00boot:run  priority=1  id=cloudflare_tunnel
2026-09-29T03:09:39-10:00boot:p1 cloudflare_tunnel host=rootserver.rootrecord.cloud
2026-09-29T03:09:39-10:00internet OK at boot — starting tunnel
2026-09-29T03:09:39-10:00Starting cloudflared mode=token public_host=rootserver.rootrecord.cloud
2026-09-29T03:09:39-10:00Waiting for tunnel register (timeout=45s)…
2026-09-29T03:09:39-10:00tunnel starting
2026-09-29T03:09:39-10:00tunnel connected  conn=0  edge=sjc08
2026-09-29T03:09:39-10:00Tunnel READY — first connection registered.
2026-09-29T03:09:39-10:00boot:run  priority=2  id=github_setup_remotes
2026-09-29T03:09:39-10:00tunnel ingress  rootserver.rootrecord.cloud → 127.0.0.1:8799
2026-09-29T03:09:39-10:00boot:run  priority=3  id=ollama_warmup
2026-09-29T03:09:39-10:00job:ollama_warmup RUN  bash '/home/rootrecord/RootRecord-Ecosystem/1 - Servers/1 - RootRecord-Pacific-Solar-Server/System/scripts/plumbing/ollama-warmup.sh'
2026-09-29T03:09:39-10:00tunnel connected  conn=1  edge=lax05
2026-09-29T03:09:39-10:00job:ollama_warmup | [ok] ollama up
2026-09-29T03:09:39-10:00boot:run  priority=4  id=flm_npu_warmup
2026-09-29T03:09:39-10:00job:flm_npu_warmup RUN  bash '/home/rootrecord/RootRecord-Ecosystem/1 - Servers/1 - RootRecord-Pacific-Solar-Server/System/scripts/plumbing/flm-warmup.sh'
2026-09-29T03:09:40-10:00tunnel connected  conn=2  edge=lax07
2026-09-29T03:09:41-10:00tunnel connected  conn=3  edge=sjc11
2026-09-29T03:09:52-10:00job:flm_npu_warmup | [ok] FLM starting pid=94402 → /home/rootrecord/RootRecord-Ecosystem/2 - RootRecord-Database/Logs/AI/FLM/flm.log
2026-09-29T03:09:52-10:00job:flm_npu_warmup | [ok] FLM ready
2026-09-29T03:09:52-10:00boot:run  priority=5  id=council_relay
2026-09-29T03:09:52-10:00job:council_relay RUN  bash "/home/rootrecord/RootRecord-Ecosystem/1 - Servers/1 - RootRecord-Pacific-Solar-Server/Communications/telegram/scripts/ensure-relay.sh"
2026-09-29T03:09:55-10:00job:council_relay | [ok] council-relay started pid=94514 → /home/rootrecord/RootRecord-Ecosystem/2 - RootRecord-Database/Logs/Communications/council-relay.log
2026-09-29T03:09:55-10:00boot:run  priority=6  id=security_camera_server
2026-09-29T03:09:55-10:00job:security_camera_server RUN  bash "/home/rootrecord/RootRecord-Ecosystem/1 - Servers/1 - RootRecord-Pacific-Solar-Server/Security/Cameras/ensure_cam_server.sh"
2026-09-29T03:09:55-10:00job:security_camera_server | security cam server started
2026-09-29T03:09:55-10:00boot:run  priority=7  id=security_timelapse_catchup
2026-09-29T03:09:55-10:00job:security_timelapse_catchup RUN  bash "/home/rootrecord/RootRecord-Ecosystem/1 - Servers/1 - RootRecord-Pacific-Solar-Server/Security/Cameras/timelapse_catchup.sh"
2026-09-29T03:09:55-10:00job:security_timelapse_catchup | 03:09:55  🎬  a-eyes-timelapse  catchup: checking 20260929, now=03:09 HST
2026-09-29T03:09:55-10:00job:security_timelapse_catchup | 03:09:55  🎬  a-eyes-timelapse  catchup: window still open today, skipping daily render
2026-09-29T03:09:55-10:00boot:run  priority=8  id=weather_poller
2026-09-29T03:09:55-10:00job:weather_poller RUN  bash "/home/rootrecord/RootRecord-Ecosystem/1 - Servers/1 - RootRecord-Pacific-Solar-Server/Weather/scripts/ensure-weather-poller.sh"
2026-09-29T03:09:56-10:00job:weather_poller | [ensure-weather-poller] starting -- entry=/home/rootrecord/RootRecord-Ecosystem/1 - Servers/1 - RootRecord-Pacific-Solar-Server/Weather/scripts/run_poller.py log=/home/rootrecord/RootRecord-Ecosystem/2 - RootRecord-Database/Weather/Hawai'i/logs/weather-poller.log
2026-09-29T03:09:56-10:00job:weather_poller | [ensure-weather-poller] verify: weather poller is running
2026-09-29T03:09:56-10:00boot:run  priority=9  id=network_globe_hawaii
2026-09-29T03:09:56-10:00job:network_globe_hawaii RUN  bash "/home/rootrecord/RootRecord-Ecosystem/1 - Servers/1 - RootRecord-Pacific-Solar-Server/Communications/network/scripts/ensure-network-globe-hawaii.sh"
2026-09-29T03:09:57-10:00job:network_globe_hawaii | [ensure-network-globe-hawaii] starting network-globe-hawaii.service
2026-09-29T03:09:57-10:00job:network_globe_hawaii | [ensure-network-globe-hawaii] verify: network-globe-hawaii.service is active
2026-09-29T03:09:57-10:00boot:done
2026-09-29T03:10:00-10:00  ▸  SUMMARY=delta2 soc=78% solar=0W ac_out=82W usbc=29W src=api db=ok
2026-09-29T03:10:00-10:00scheduler  every_seconds=6  every_minute=1  every_hour=2  on_at=3
2026-09-29T03:10:00-10:00ENERGY  status=live  B2=78%  B1=0%  solar=0 W  ac=82 W  usbc=29 W  src=/home/rootrecord/RootRecord-Ecosystem/2 - RootRecord-Database/Energy
2026-09-29T03:10:00-10:00  ▸  SUMMARY=delta2 soc=78% solar=0W ac_out=82W usbc=29W src=api db=ok
2026-09-29T03:10:00-10:00job:sys_stats_cycle RUN  bash "/home/rootrecord/RootRecord-Ecosystem/1 - Servers/1 - RootRecord-Pacific-Solar-Server/System/scripts/sys-sample.sh"
2026-09-29T03:10:01-10:00job:sys_stats_cycle | SYSTEM  cpu=31%  load=2.69  mem=99%  src=sqlite
2026-09-29T03:10:01-10:00job:sys_stats_cycle | OK wrote /home/rootrecord/RootRecord-Ecosystem/2 - RootRecord-Database/System/samples/sys-20260929-031001.json
2026-09-29T03:10:32-10:00job:github_sync_all | ↑ [pacific] committed 26 local file(s)
2026-09-29T03:10:32-10:00job:github_sync_all | ↓ [pacific] fetching origin/main
2026-09-29T03:10:32-10:00job:github_sync_all | From github.com:RootRecord-Software-Solutions/RootRecord-Pacific-Solar-Server
2026-09-29T03:10:32-10:00job:github_sync_all | * branch            main       -> FETCH_HEAD
2026-09-29T03:10:32-10:00job:github_sync_all | * [new branch]      main       -> origin/main
2026-09-29T03:10:32-10:00job:github_sync_all | ↑ [pacific] local is ahead of GitHub
2026-09-29T03:10:32-10:00job:github_sync_all | To github.com:RootRecord-Software-Solutions/RootRecord-Pacific-Solar-Server.git
2026-09-29T03:10:32-10:00job:github_sync_all | 4d16138..1368822  HEAD -> main
2026-09-29T03:10:32-10:00job:github_sync_all | branch 'main' set up to track 'origin/main'.
2026-09-29T03:10:32-10:00job:github_sync_all | ↑ [pacific] 26 files → RootRecord-Software-Solutions/RootRecord-Pacific-Solar-Server (main)
2026-09-29T03:10:32-10:00job:github_sync_all | ↑ [database] committed 470 local file(s)
2026-09-29T03:10:32-10:00job:github_sync_all | ↓ [database] fetching origin/main
2026-09-29T03:10:32-10:00job:github_sync_all | From github.com:RootRecord-Software-Solutions/RootRecord-Database
2026-09-29T03:10:32-10:00job:github_sync_all | * branch            main       -> FETCH_HEAD
2026-09-29T03:10:32-10:00job:github_sync_all | * [new branch]      main       -> origin/main
2026-09-29T03:10:32-10:00job:github_sync_all | ↑ [database] local is ahead of GitHub
2026-09-29T03:10:32-10:00job:github_sync_all | To github.com:RootRecord-Software-Solutions/RootRecord-Database.git
2026-09-29T03:10:32-10:00job:github_sync_all | 5c126c3..92bd69c  HEAD -> main
2026-09-29T03:10:32-10:00job:github_sync_all | branch 'main' set up to track 'origin/main'.
2026-09-29T03:10:32-10:00job:github_sync_all | ↑ [database] 470 files → RootRecord-Software-Solutions/RootRecord-Database (main)
2026-09-29T03:10:32-10:00job:github_sync_all | — [library] no local changes
2026-09-29T03:10:32-10:00job:github_sync_all | ↓ [library] fetching origin/main
2026-09-29T03:10:32-10:00job:github_sync_all | From github.com:RootRecord-Software-Solutions/RootRecord-Library
2026-09-29T03:10:32-10:00job:github_sync_all | * branch            main       -> FETCH_HEAD
2026-09-29T03:10:32-10:00job:github_sync_all | * [new branch]      main       -> origin/main
2026-09-29T03:10:32-10:00job:github_sync_all | — [library] local and GitHub already match
2026-09-29T03:10:32-10:00job:github_sync_all | — [library] nothing to push
2026-09-29T03:10:32-10:00job:github_sync_all | — [skills] no local changes
2026-09-29T03:10:32-10:00job:github_sync_all | ↓ [skills] fetching origin/main
2026-09-29T03:10:32-10:00job:github_sync_all | From github.com:rootrecordsoftwaresolutions/Solar-Pacific-RootRecord-Server
2026-09-29T03:10:32-10:00job:github_sync_all | * branch            main       -> FETCH_HEAD
2026-09-29T03:10:32-10:00job:github_sync_all | * [new branch]      main       -> origin/main
2026-09-29T03:10:32-10:00job:github_sync_all | — [skills] local and GitHub already match
2026-09-29T03:10:32-10:00job:github_sync_all | — [skills] nothing to push
2026-09-29T03:10:32-10:00job:worklog_scan RUN  bash "/home/rootrecord/RootRecord-Ecosystem/1 - Servers/1 - RootRecord-Pacific-Solar-Server/Reports/scripts/worklog_once.sh"
2026-09-29T03:10:43-10:00tunnel timeout — reconnecting
2026-09-29T03:10:43-10:00tunnel timeout — reconnecting
2026-09-29T03:10:43-10:00tunnel timeout — reconnecting
2026-09-29T03:10:44-10:00tunnel timeout — reconnecting
2026-09-29T03:10:44-10:00tunnel connected  conn=0  edge=lax01
2026-09-29T03:10:44-10:00tunnel timeout — reconnecting
2026-09-29T03:10:45-10:00tunnel timeout — reconnecting
2026-09-29T03:10:46-10:00tunnel connected  conn=1  edge=lax05
2026-09-29T03:10:46-10:00tunnel connected  conn=3  edge=lax01
2026-09-29T03:10:47-10:00tunnel timeout — reconnecting
2026-09-29T03:10:49-10:00job:worklog_scan | OK wrote/updated /home/rootrecord/RootRecord-Ecosystem/2 - RootRecord-Database/Worklog/worklog_current.md
2026-09-29T03:10:49-10:00job:security_camera_frame_grab RUN  bash "/home/rootrecord/RootRecord-Ecosystem/1 - Servers/1 - RootRecord-Pacific-Solar-Server/Security/Cameras/grab_all.sh"
2026-09-29T03:10:52-10:00tunnel connected  conn=2  edge=lax08
2026-09-29T03:10:55-10:00job:security_camera_frame_grab FAIL code=-15
2026-09-29T03:11:00-10:00HTTP listening on http://127.0.0.1:8799 (open access on bind)
2026-09-29T03:11:00-10:00boot:start  jobs=10
2026-09-29T03:11:00-10:00boot:run  priority=0  id=self_terminal
2026-09-29T03:11:00-10:00boot:p0 self_process pid=101627
2026-09-29T03:11:00-10:00boot:run  priority=1  id=cloudflare_tunnel
2026-09-29T03:11:00-10:00boot:p1 cloudflare_tunnel host=rootserver.rootrecord.cloud
2026-09-29T03:11:01-10:00internet OK at boot — starting tunnel
2026-09-29T03:11:01-10:00Starting cloudflared mode=token public_host=rootserver.rootrecord.cloud
2026-09-29T03:11:01-10:00Waiting for tunnel register (timeout=45s)…
2026-09-29T03:11:01-10:00tunnel starting
2026-09-29T03:11:01-10:00tunnel connected  conn=0  edge=sjc10
2026-09-29T03:11:01-10:00Tunnel READY — first connection registered.
2026-09-29T03:11:01-10:00boot:run  priority=2  id=github_setup_remotes
2026-09-29T03:11:01-10:00tunnel ingress  rootserver.rootrecord.cloud → 127.0.0.1:8799
2026-09-29T03:11:01-10:00boot:run  priority=3  id=ollama_warmup
2026-09-29T03:11:01-10:00job:ollama_warmup RUN  bash '/home/rootrecord/RootRecord-Ecosystem/1 - Servers/1 - RootRecord-Pacific-Solar-Server/System/scripts/plumbing/ollama-warmup.sh'
2026-09-29T03:11:01-10:00job:ollama_warmup | [ok] ollama up
2026-09-29T03:11:01-10:00boot:run  priority=4  id=flm_npu_warmup
2026-09-29T03:11:01-10:00job:flm_npu_warmup RUN  bash '/home/rootrecord/RootRecord-Ecosystem/1 - Servers/1 - RootRecord-Pacific-Solar-Server/System/scripts/plumbing/flm-warmup.sh'
2026-09-29T03:11:01-10:00tunnel connected  conn=1  edge=lax07
2026-09-29T03:11:02-10:00tunnel connected  conn=2  edge=lax09
2026-09-29T03:11:04-10:00tunnel connected  conn=3  edge=sjc10
2026-09-29T03:11:09-10:00job:flm_npu_warmup FAIL code=-15
2026-09-29T03:11:09-10:00job:flm_npu_warmup ! [ok] FLM starting pid=101880 → /home/rootrecord/RootRecord-Ecosystem/2 - RootRecord-Database/Logs/AI/FLM/flm.log
2026-09-29T03:11:09-10:00boot:run  priority=5  id=council_relay
2026-09-29T03:11:09-10:00boot:run  priority=6  id=security_camera_server
2026-09-29T03:11:09-10:00boot:run  priority=7  id=security_timelapse_catchup
2026-09-29T03:11:09-10:00boot:run  priority=8  id=weather_poller
2026-09-29T03:11:09-10:00boot:run  priority=9  id=network_globe_hawaii
2026-09-29T03:11:09-10:00boot:done
2026-09-29T03:11:09-10:00scheduler  every_seconds=6  every_minute=1  every_hour=2  on_at=3
2026-09-29T03:11:14-10:00HTTP listening on http://127.0.0.1:8799 (open access on bind)
2026-09-29T03:11:14-10:00boot:start  jobs=10
2026-09-29T03:11:14-10:00boot:run  priority=0  id=self_terminal
2026-09-29T03:11:14-10:00boot:p0 self_process pid=101995
2026-09-29T03:11:14-10:00boot:run  priority=1  id=cloudflare_tunnel
2026-09-29T03:11:14-10:00boot:p1 cloudflare_tunnel host=rootserver.rootrecord.cloud
2026-09-29T03:11:15-10:00internet OK at boot — starting tunnel
2026-09-29T03:11:15-10:00Starting cloudflared mode=token public_host=rootserver.rootrecord.cloud
2026-09-29T03:11:15-10:00Waiting for tunnel register (timeout=45s)…
2026-09-29T03:11:15-10:00tunnel starting
2026-09-29T03:11:15-10:00tunnel connected  conn=0  edge=lax05
2026-09-29T03:11:15-10:00Tunnel READY — first connection registered.
2026-09-29T03:11:15-10:00boot:run  priority=2  id=github_setup_remotes
2026-09-29T03:11:15-10:00tunnel ingress  rootserver.rootrecord.cloud → 127.0.0.1:8799
2026-09-29T03:11:15-10:00boot:run  priority=3  id=ollama_warmup
2026-09-29T03:11:15-10:00job:ollama_warmup RUN  bash '/home/rootrecord/RootRecord-Ecosystem/1 - Servers/1 - RootRecord-Pacific-Solar-Server/System/scripts/plumbing/ollama-warmup.sh'
2026-09-29T03:11:15-10:00job:ollama_warmup | [ok] ollama up
2026-09-29T03:11:15-10:00boot:run  priority=4  id=flm_npu_warmup
2026-09-29T03:11:15-10:00job:flm_npu_warmup RUN  bash '/home/rootrecord/RootRecord-Ecosystem/1 - Servers/1 - RootRecord-Pacific-Solar-Server/System/scripts/plumbing/flm-warmup.sh'
2026-09-29T03:11:15-10:00tunnel connected  conn=1  edge=sjc11
2026-09-29T03:11:16-10:00tunnel connected  conn=2  edge=lax05
2026-09-29T03:11:17-10:00tunnel connected  conn=3  edge=sjc11
2026-09-29T03:11:22-10:00job:flm_npu_warmup FAIL code=-15
2026-09-29T03:11:22-10:00job:flm_npu_warmup ! [ok] FLM starting pid=102248 → /home/rootrecord/RootRecord-Ecosystem/2 - RootRecord-Database/Logs/AI/FLM/flm.log
2026-09-29T03:11:22-10:00boot:run  priority=5  id=council_relay
2026-09-29T03:11:22-10:00boot:run  priority=6  id=security_camera_server
2026-09-29T03:11:22-10:00boot:run  priority=7  id=security_timelapse_catchup
2026-09-29T03:11:22-10:00boot:run  priority=8  id=weather_poller
2026-09-29T03:11:22-10:00boot:run  priority=9  id=network_globe_hawaii
2026-09-29T03:11:22-10:00boot:done
2026-09-29T03:11:22-10:00scheduler  every_seconds=6  every_minute=1  every_hour=2  on_at=3
2026-09-29T03:11:28-10:00HTTP listening on http://127.0.0.1:8799 (open access on bind)
2026-09-29T03:11:28-10:00boot:start  jobs=10
2026-09-29T03:11:28-10:00boot:run  priority=0  id=self_terminal
2026-09-29T03:11:28-10:00boot:p0 self_process pid=102356
2026-09-29T03:11:28-10:00boot:run  priority=1  id=cloudflare_tunnel
2026-09-29T03:11:28-10:00boot:p1 cloudflare_tunnel host=rootserver.rootrecord.cloud
2026-09-29T03:11:28-10:00internet OK at boot — starting tunnel
2026-09-29T03:11:28-10:00Starting cloudflared mode=token public_host=rootserver.rootrecord.cloud
2026-09-29T03:11:28-10:00Waiting for tunnel register (timeout=45s)…
2026-09-29T03:11:28-10:00tunnel starting
2026-09-29T03:11:28-10:00tunnel connected  conn=0  edge=lax08
2026-09-29T03:11:28-10:00Tunnel READY — first connection registered.
2026-09-29T03:11:28-10:00boot:run  priority=2  id=github_setup_remotes
2026-09-29T03:11:28-10:00tunnel ingress  rootserver.rootrecord.cloud → 127.0.0.1:8799
2026-09-29T03:11:29-10:00boot:run  priority=3  id=ollama_warmup
2026-09-29T03:11:29-10:00job:ollama_warmup RUN  bash '/home/rootrecord/RootRecord-Ecosystem/1 - Servers/1 - RootRecord-Pacific-Solar-Server/System/scripts/plumbing/ollama-warmup.sh'
2026-09-29T03:11:29-10:00tunnel connected  conn=1  edge=sjc07
2026-09-29T03:11:29-10:00job:ollama_warmup | [ok] ollama up
2026-09-29T03:11:29-10:00boot:run  priority=4  id=flm_npu_warmup
2026-09-29T03:11:29-10:00job:flm_npu_warmup RUN  bash '/home/rootrecord/RootRecord-Ecosystem/1 - Servers/1 - RootRecord-Pacific-Solar-Server/System/scripts/plumbing/flm-warmup.sh'
2026-09-29T03:11:30-10:00tunnel connected  conn=2  edge=sjc11
2026-09-29T03:11:31-10:00tunnel connected  conn=3  edge=lax08
2026-09-29T03:11:36-10:00job:flm_npu_warmup FAIL code=-15
2026-09-29T03:11:36-10:00job:flm_npu_warmup ! [ok] FLM starting pid=102613 → /home/rootrecord/RootRecord-Ecosystem/2 - RootRecord-Database/Logs/AI/FLM/flm.log
2026-09-29T03:11:36-10:00boot:run  priority=5  id=council_relay
2026-09-29T03:11:36-10:00boot:run  priority=6  id=security_camera_server
2026-09-29T03:11:36-10:00boot:run  priority=7  id=security_timelapse_catchup
2026-09-29T03:11:36-10:00boot:run  priority=8  id=weather_poller
2026-09-29T03:11:36-10:00boot:run  priority=9  id=network_globe_hawaii
2026-09-29T03:11:36-10:00boot:done
2026-09-29T03:11:36-10:00scheduler  every_seconds=6  every_minute=1  every_hour=2  on_at=3
2026-09-29T03:11:42-10:00HTTP listening on http://127.0.0.1:8799 (open access on bind)
2026-09-29T03:11:42-10:00boot:start  jobs=10
2026-09-29T03:11:42-10:00boot:run  priority=0  id=self_terminal
2026-09-29T03:11:42-10:00boot:p0 self_process pid=102732
2026-09-29T03:11:42-10:00boot:run  priority=1  id=cloudflare_tunnel
2026-09-29T03:11:42-10:00boot:p1 cloudflare_tunnel host=rootserver.rootrecord.cloud
2026-09-29T03:11:42-10:00internet OK at boot — starting tunnel
2026-09-29T03:11:42-10:00Starting cloudflared mode=token public_host=rootserver.rootrecord.cloud
2026-09-29T03:11:42-10:00Waiting for tunnel register (timeout=45s)…
2026-09-29T03:11:42-10:00tunnel starting
2026-09-29T03:11:42-10:00tunnel connected  conn=0  edge=sjc11
2026-09-29T03:11:42-10:00Tunnel READY — first connection registered.
2026-09-29T03:11:42-10:00boot:run  priority=2  id=github_setup_remotes
2026-09-29T03:11:42-10:00tunnel ingress  rootserver.rootrecord.cloud → 127.0.0.1:8799
2026-09-29T03:11:43-10:00boot:run  priority=3  id=ollama_warmup
2026-09-29T03:11:43-10:00job:ollama_warmup RUN  bash '/home/rootrecord/RootRecord-Ecosystem/1 - Servers/1 - RootRecord-Pacific-Solar-Server/System/scripts/plumbing/ollama-warmup.sh'
2026-09-29T03:11:43-10:00tunnel connected  conn=1  edge=lax11
2026-09-29T03:11:43-10:00job:ollama_warmup | [ok] ollama up
2026-09-29T03:11:43-10:00boot:run  priority=4  id=flm_npu_warmup
2026-09-29T03:11:43-10:00job:flm_npu_warmup RUN  bash '/home/rootrecord/RootRecord-Ecosystem/1 - Servers/1 - RootRecord-Pacific-Solar-Server/System/scripts/plumbing/flm-warmup.sh'
2026-09-29T03:11:44-10:00tunnel connected  conn=2  edge=sjc10
2026-09-29T03:11:45-10:00tunnel connected  conn=3  edge=lax08
2026-09-29T03:11:51-10:00job:flm_npu_warmup FAIL code=-15
2026-09-29T03:11:51-10:00job:flm_npu_warmup ! [ok] FLM starting pid=103015 → /home/rootrecord/RootRecord-Ecosystem/2 - RootRecord-Database/Logs/AI/FLM/flm.log
2026-09-29T03:11:51-10:00boot:run  priority=5  id=council_relay
2026-09-29T03:11:51-10:00boot:run  priority=6  id=security_camera_server
2026-09-29T03:11:51-10:00boot:run  priority=7  id=security_timelapse_catchup
2026-09-29T03:11:51-10:00boot:run  priority=8  id=weather_poller
2026-09-29T03:11:51-10:00boot:run  priority=9  id=network_globe_hawaii
2026-09-29T03:11:51-10:00boot:done
2026-09-29T03:11:51-10:00scheduler  every_seconds=6  every_minute=1  every_hour=2  on_at=3
2026-09-29T03:11:57-10:00HTTP listening on http://127.0.0.1:8799 (open access on bind)
2026-09-29T03:11:57-10:00boot:start  jobs=10
2026-09-29T03:11:57-10:00boot:run  priority=0  id=self_terminal
2026-09-29T03:11:57-10:00boot:p0 self_process pid=103119
2026-09-29T03:11:57-10:00boot:run  priority=1  id=cloudflare_tunnel
2026-09-29T03:11:57-10:00boot:p1 cloudflare_tunnel host=rootserver.rootrecord.cloud
2026-09-29T03:11:57-10:00internet OK at boot — starting tunnel
2026-09-29T03:11:57-10:00Starting cloudflared mode=token public_host=rootserver.rootrecord.cloud
2026-09-29T03:11:57-10:00Waiting for tunnel register (timeout=45s)…
2026-09-29T03:11:57-10:00tunnel starting
2026-09-29T03:11:57-10:00tunnel connected  conn=0  edge=sjc10
2026-09-29T03:11:57-10:00Tunnel READY — first connection registered.
2026-09-29T03:11:57-10:00boot:run  priority=2  id=github_setup_remotes
2026-09-29T03:11:57-10:00tunnel ingress  rootserver.rootrecord.cloud → 127.0.0.1:8799
2026-09-29T03:11:57-10:00boot:run  priority=3  id=ollama_warmup
2026-09-29T03:11:57-10:00job:ollama_warmup RUN  bash '/home/rootrecord/RootRecord-Ecosystem/1 - Servers/1 - RootRecord-Pacific-Solar-Server/System/scripts/plumbing/ollama-warmup.sh'
2026-09-29T03:11:57-10:00tunnel connected  conn=1  edge=lax05
2026-09-29T03:11:57-10:00job:ollama_warmup | [ok] ollama up
2026-09-29T03:11:57-10:00boot:run  priority=4  id=flm_npu_warmup
2026-09-29T03:11:57-10:00job:flm_npu_warmup RUN  bash '/home/rootrecord/RootRecord-Ecosystem/1 - Servers/1 - RootRecord-Pacific-Solar-Server/System/scripts/plumbing/flm-warmup.sh'
2026-09-29T03:11:59-10:00tunnel connected  conn=2  edge=sjc11
2026-09-29T03:12:00-10:00tunnel connected  conn=3  edge=lax08
2026-09-29T03:12:07-10:00job:flm_npu_warmup FAIL code=-15
2026-09-29T03:12:07-10:00job:flm_npu_warmup ! [ok] FLM starting pid=103433 → /home/rootrecord/RootRecord-Ecosystem/2 - RootRecord-Database/Logs/AI/FLM/flm.log
2026-09-29T03:12:07-10:00boot:run  priority=5  id=council_relay
2026-09-29T03:12:07-10:00boot:run  priority=6  id=security_camera_server
2026-09-29T03:12:07-10:00boot:run  priority=7  id=security_timelapse_catchup
2026-09-29T03:12:07-10:00boot:run  priority=8  id=weather_poller
2026-09-29T03:12:07-10:00boot:run  priority=9  id=network_globe_hawaii
2026-09-29T03:12:07-10:00boot:done
2026-09-29T03:12:07-10:00scheduler  every_seconds=6  every_minute=1  every_hour=2  on_at=3
2026-09-29T03:12:13-10:00HTTP listening on http://127.0.0.1:8799 (open access on bind)
2026-09-29T03:12:13-10:00boot:start  jobs=10
2026-09-29T03:12:13-10:00boot:run  priority=0  id=self_terminal
2026-09-29T03:12:13-10:00boot:p0 self_process pid=103548
2026-09-29T03:12:13-10:00boot:run  priority=1  id=cloudflare_tunnel
2026-09-29T03:12:13-10:00boot:p1 cloudflare_tunnel host=rootserver.rootrecord.cloud
2026-09-29T03:12:13-10:00internet OK at boot — starting tunnel
2026-09-29T03:12:13-10:00Starting cloudflared mode=token public_host=rootserver.rootrecord.cloud
2026-09-29T03:12:13-10:00Waiting for tunnel register (timeout=45s)…
2026-09-29T03:12:13-10:00tunnel starting
2026-09-29T03:12:13-10:00tunnel connected  conn=0  edge=lax08
2026-09-29T03:12:13-10:00Tunnel READY — first connection registered.
2026-09-29T03:12:13-10:00boot:run  priority=2  id=github_setup_remotes
2026-09-29T03:12:13-10:00tunnel ingress  rootserver.rootrecord.cloud → 127.0.0.1:8799
2026-09-29T03:12:13-10:00boot:run  priority=3  id=ollama_warmup
2026-09-29T03:12:13-10:00job:ollama_warmup RUN  bash '/home/rootrecord/RootRecord-Ecosystem/1 - Servers/1 - RootRecord-Pacific-Solar-Server/System/scripts/plumbing/ollama-warmup.sh'
2026-09-29T03:12:14-10:00job:ollama_warmup | [ok] ollama up
2026-09-29T03:12:14-10:00boot:run  priority=4  id=flm_npu_warmup
2026-09-29T03:12:14-10:00job:flm_npu_warmup RUN  bash '/home/rootrecord/RootRecord-Ecosystem/1 - Servers/1 - RootRecord-Pacific-Solar-Server/System/scripts/plumbing/flm-warmup.sh'
2026-09-29T03:12:14-10:00tunnel connected  conn=1  edge=sjc07
2026-09-29T03:12:14-10:00tunnel connected  conn=2  edge=sjc11
2026-09-29T03:12:16-10:00tunnel connected  conn=3  edge=lax07
2026-09-29T03:12:21-10:00job:flm_npu_warmup FAIL code=-15
2026-09-29T03:12:21-10:00job:flm_npu_warmup ! [ok] FLM starting pid=103801 → /home/rootrecord/RootRecord-Ecosystem/2 - RootRecord-Database/Logs/AI/FLM/flm.log
2026-09-29T03:12:21-10:00boot:run  priority=5  id=council_relay
2026-09-29T03:12:21-10:00boot:run  priority=6  id=security_camera_server
2026-09-29T03:12:21-10:00boot:run  priority=7  id=security_timelapse_catchup
2026-09-29T03:12:21-10:00boot:run  priority=8  id=weather_poller
2026-09-29T03:12:21-10:00boot:run  priority=9  id=network_globe_hawaii
2026-09-29T03:12:21-10:00boot:done
2026-09-29T03:12:21-10:00scheduler  every_seconds=6  every_minute=1  every_hour=2  on_at=3
2026-09-29T03:12:27-10:00HTTP listening on http://127.0.0.1:8799 (open access on bind)
2026-09-29T03:12:27-10:00boot:start  jobs=10
2026-09-29T03:12:27-10:00boot:run  priority=0  id=self_terminal
2026-09-29T03:12:27-10:00boot:p0 self_process pid=103905
2026-09-29T03:12:27-10:00boot:run  priority=1  id=cloudflare_tunnel
2026-09-29T03:12:27-10:00boot:p1 cloudflare_tunnel host=rootserver.rootrecord.cloud
2026-09-29T03:12:27-10:00internet OK at boot — starting tunnel
2026-09-29T03:12:27-10:00Starting cloudflared mode=token public_host=rootserver.rootrecord.cloud
2026-09-29T03:12:27-10:00Waiting for tunnel register (timeout=45s)…
2026-09-29T03:12:27-10:00tunnel starting
2026-09-29T03:12:27-10:00tunnel connected  conn=0  edge=sjc10
2026-09-29T03:12:27-10:00Tunnel READY — first connection registered.
2026-09-29T03:12:27-10:00boot:run  priority=2  id=github_setup_remotes
2026-09-29T03:12:27-10:00tunnel ingress  rootserver.rootrecord.cloud → 127.0.0.1:8799
2026-09-29T03:12:28-10:00boot:run  priority=3  id=ollama_warmup
2026-09-29T03:12:28-10:00job:ollama_warmup RUN  bash '/home/rootrecord/RootRecord-Ecosystem/1 - Servers/1 - RootRecord-Pacific-Solar-Server/System/scripts/plumbing/ollama-warmup.sh'
2026-09-29T03:12:28-10:00tunnel connected  conn=1  edge=lax07
2026-09-29T03:12:28-10:00job:ollama_warmup | [ok] ollama up
2026-09-29T03:12:28-10:00boot:run  priority=4  id=flm_npu_warmup
2026-09-29T03:12:28-10:00job:flm_npu_warmup RUN  bash '/home/rootrecord/RootRecord-Ecosystem/1 - Servers/1 - RootRecord-Pacific-Solar-Server/System/scripts/plumbing/flm-warmup.sh'
2026-09-29T03:12:29-10:00tunnel connected  conn=2  edge=lax07
2026-09-29T03:12:30-10:00tunnel connected  conn=3  edge=sjc07
2026-09-29T03:12:36-10:00job:flm_npu_warmup FAIL code=-15
2026-09-29T03:12:36-10:00job:flm_npu_warmup ! [ok] FLM starting pid=104163 → /home/rootrecord/RootRecord-Ecosystem/2 - RootRecord-Database/Logs/AI/FLM/flm.log
2026-09-29T03:12:36-10:00boot:run  priority=5  id=council_relay
2026-09-29T03:12:36-10:00boot:run  priority=6  id=security_camera_server
2026-09-29T03:12:36-10:00boot:run  priority=7  id=security_timelapse_catchup
2026-09-29T03:12:36-10:00boot:run  priority=8  id=weather_poller
2026-09-29T03:12:36-10:00boot:run  priority=9  id=network_globe_hawaii
2026-09-29T03:12:36-10:00boot:done
2026-09-29T03:12:36-10:00scheduler  every_seconds=6  every_minute=1  every_hour=2  on_at=3
2026-09-29T03:12:42-10:00HTTP listening on http://127.0.0.1:8799 (open access on bind)
2026-09-29T03:12:42-10:00boot:start  jobs=10
2026-09-29T03:12:42-10:00boot:run  priority=0  id=self_terminal
2026-09-29T03:12:42-10:00boot:p0 self_process pid=104271
2026-09-29T03:12:42-10:00boot:run  priority=1  id=cloudflare_tunnel
2026-09-29T03:12:42-10:00boot:p1 cloudflare_tunnel host=rootserver.rootrecord.cloud
2026-09-29T03:12:42-10:00internet OK at boot — starting tunnel
2026-09-29T03:12:42-10:00Starting cloudflared mode=token public_host=rootserver.rootrecord.cloud
2026-09-29T03:12:42-10:00Waiting for tunnel register (timeout=45s)…
2026-09-29T03:12:42-10:00tunnel starting
2026-09-29T03:12:42-10:00tunnel connected  conn=0  edge=lax05
2026-09-29T03:12:42-10:00Tunnel READY — first connection registered.
2026-09-29T03:12:42-10:00boot:run  priority=2  id=github_setup_remotes
2026-09-29T03:12:42-10:00tunnel ingress  rootserver.rootrecord.cloud → 127.0.0.1:8799
2026-09-29T03:12:43-10:00boot:run  priority=3  id=ollama_warmup
2026-09-29T03:12:43-10:00job:ollama_warmup RUN  bash '/home/rootrecord/RootRecord-Ecosystem/1 - Servers/1 - RootRecord-Pacific-Solar-Server/System/scripts/plumbing/ollama-warmup.sh'
2026-09-29T03:12:43-10:00tunnel connected  conn=1  edge=sjc05
2026-09-29T03:12:43-10:00job:ollama_warmup | [ok] ollama up
2026-09-29T03:12:43-10:00boot:run  priority=4  id=flm_npu_warmup
2026-09-29T03:12:43-10:00job:flm_npu_warmup RUN  bash '/home/rootrecord/RootRecord-Ecosystem/1 - Servers/1 - RootRecord-Pacific-Solar-Server/System/scripts/plumbing/flm-warmup.sh'
2026-09-29T03:12:44-10:00tunnel connected  conn=2  edge=sjc07
2026-09-29T03:12:45-10:00tunnel connected  conn=3  edge=lax07
2026-09-29T03:12:50-10:00job:flm_npu_warmup FAIL code=-15
2026-09-29T03:12:50-10:00job:flm_npu_warmup ! [ok] FLM starting pid=104527 → /home/rootrecord/RootRecord-Ecosystem/2 - RootRecord-Database/Logs/AI/FLM/flm.log
2026-09-29T03:12:50-10:00boot:run  priority=5  id=council_relay
2026-09-29T03:12:50-10:00boot:run  priority=6  id=security_camera_server
2026-09-29T03:12:50-10:00boot:run  priority=7  id=security_timelapse_catchup
2026-09-29T03:12:50-10:00boot:run  priority=8  id=weather_poller
2026-09-29T03:12:50-10:00boot:run  priority=9  id=network_globe_hawaii
2026-09-29T03:12:50-10:00boot:done
2026-09-29T03:12:50-10:00scheduler  every_seconds=6  every_minute=1  every_hour=2  on_at=3
2026-09-29T03:12:56-10:00HTTP listening on http://127.0.0.1:8799 (open access on bind)
2026-09-29T03:12:56-10:00boot:start  jobs=10
2026-09-29T03:12:56-10:00boot:run  priority=0  id=self_terminal
2026-09-29T03:12:56-10:00boot:p0 self_process pid=104632
2026-09-29T03:12:56-10:00boot:run  priority=1  id=cloudflare_tunnel
2026-09-29T03:12:56-10:00boot:p1 cloudflare_tunnel host=rootserver.rootrecord.cloud
2026-09-29T03:12:56-10:00internet OK at boot — starting tunnel
2026-09-29T03:12:56-10:00Starting cloudflared mode=token public_host=rootserver.rootrecord.cloud
2026-09-29T03:12:56-10:00Waiting for tunnel register (timeout=45s)…
2026-09-29T03:12:56-10:00tunnel starting
2026-09-29T03:12:56-10:00tunnel connected  conn=0  edge=sjc07
2026-09-29T03:12:56-10:00Tunnel READY — first connection registered.
2026-09-29T03:12:56-10:00boot:run  priority=2  id=github_setup_remotes
2026-09-29T03:12:56-10:00tunnel ingress  rootserver.rootrecord.cloud → 127.0.0.1:8799
2026-09-29T03:12:56-10:00boot:run  priority=3  id=ollama_warmup
2026-09-29T03:12:56-10:00job:ollama_warmup RUN  bash '/home/rootrecord/RootRecord-Ecosystem/1 - Servers/1 - RootRecord-Pacific-Solar-Server/System/scripts/plumbing/ollama-warmup.sh'
2026-09-29T03:12:56-10:00job:ollama_warmup | [ok] ollama up
2026-09-29T03:12:56-10:00boot:run  priority=4  id=flm_npu_warmup
2026-09-29T03:12:56-10:00job:flm_npu_warmup RUN  bash '/home/rootrecord/RootRecord-Ecosystem/1 - Servers/1 - RootRecord-Pacific-Solar-Server/System/scripts/plumbing/flm-warmup.sh'
2026-09-29T03:12:56-10:00tunnel connected  conn=1  edge=lax10
2026-09-29T03:12:57-10:00tunnel connected  conn=2  edge=sjc07
2026-09-29T03:12:58-10:00tunnel connected  conn=3  edge=lax05
2026-09-29T03:13:08-10:00job:flm_npu_warmup FAIL code=-15
2026-09-29T03:13:08-10:00job:flm_npu_warmup ! [ok] FLM starting pid=104885 → /home/rootrecord/RootRecord-Ecosystem/2 - RootRecord-Database/Logs/AI/FLM/flm.log
2026-09-29T03:13:08-10:00boot:run  priority=5  id=council_relay
2026-09-29T03:13:08-10:00boot:run  priority=6  id=security_camera_server
2026-09-29T03:13:08-10:00boot:run  priority=7  id=security_timelapse_catchup
2026-09-29T03:13:08-10:00boot:run  priority=8  id=weather_poller
2026-09-29T03:13:08-10:00boot:run  priority=9  id=network_globe_hawaii
2026-09-29T03:13:08-10:00boot:done
2026-09-29T03:13:08-10:00scheduler  every_seconds=6  every_minute=1  every_hour=2  on_at=3
2026-09-29T03:13:14-10:00HTTP listening on http://127.0.0.1:8799 (open access on bind)
2026-09-29T03:13:14-10:00boot:start  jobs=10
2026-09-29T03:13:14-10:00boot:run  priority=0  id=self_terminal
2026-09-29T03:13:14-10:00boot:p0 self_process pid=105055
2026-09-29T03:13:14-10:00boot:run  priority=1  id=cloudflare_tunnel
2026-09-29T03:13:14-10:00boot:p1 cloudflare_tunnel host=rootserver.rootrecord.cloud
2026-09-29T03:13:14-10:00internet OK at boot — starting tunnel
2026-09-29T03:13:14-10:00Starting cloudflared mode=token public_host=rootserver.rootrecord.cloud
2026-09-29T03:13:14-10:00Waiting for tunnel register (timeout=45s)…
2026-09-29T03:13:14-10:00tunnel starting
2026-09-29T03:13:15-10:00tunnel connected  conn=0  edge=lax11
2026-09-29T03:13:15-10:00Tunnel READY — first connection registered.
2026-09-29T03:13:15-10:00boot:run  priority=2  id=github_setup_remotes
2026-09-29T03:13:15-10:00tunnel ingress  rootserver.rootrecord.cloud → 127.0.0.1:8799
2026-09-29T03:13:15-10:00boot:run  priority=3  id=ollama_warmup
2026-09-29T03:13:15-10:00job:ollama_warmup RUN  bash '/home/rootrecord/RootRecord-Ecosystem/1 - Servers/1 - RootRecord-Pacific-Solar-Server/System/scripts/plumbing/ollama-warmup.sh'
2026-09-29T03:13:15-10:00tunnel connected  conn=1  edge=lax01
2026-09-29T03:13:15-10:00job:ollama_warmup | [ok] ollama up
2026-09-29T03:13:15-10:00boot:run  priority=4  id=flm_npu_warmup
2026-09-29T03:13:15-10:00job:flm_npu_warmup RUN  bash '/home/rootrecord/RootRecord-Ecosystem/1 - Servers/1 - RootRecord-Pacific-Solar-Server/System/scripts/plumbing/flm-warmup.sh'
2026-09-29T03:13:16-10:00tunnel connected  conn=2  edge=lax09
2026-09-29T03:13:17-10:00tunnel connected  conn=3  edge=lax01
2026-09-29T03:13:22-10:00job:flm_npu_warmup FAIL code=-15
2026-09-29T03:13:22-10:00job:flm_npu_warmup ! [ok] FLM starting pid=105310 → /home/rootrecord/RootRecord-Ecosystem/2 - RootRecord-Database/Logs/AI/FLM/flm.log
2026-09-29T03:13:22-10:00boot:run  priority=5  id=council_relay
2026-09-29T03:13:22-10:00boot:run  priority=6  id=security_camera_server
2026-09-29T03:13:22-10:00boot:run  priority=7  id=security_timelapse_catchup
2026-09-29T03:13:22-10:00boot:run  priority=8  id=weather_poller
2026-09-29T03:13:22-10:00boot:run  priority=9  id=network_globe_hawaii
2026-09-29T03:13:22-10:00boot:done
2026-09-29T03:13:22-10:00scheduler  every_seconds=6  every_minute=1  every_hour=2  on_at=3
2026-09-29T03:13:28-10:00HTTP listening on http://127.0.0.1:8799 (open access on bind)
2026-09-29T03:13:28-10:00boot:start  jobs=10
2026-09-29T03:13:28-10:00boot:run  priority=0  id=self_terminal
2026-09-29T03:13:28-10:00boot:p0 self_process pid=105444
2026-09-29T03:13:28-10:00boot:run  priority=1  id=cloudflare_tunnel
2026-09-29T03:13:28-10:00boot:p1 cloudflare_tunnel host=rootserver.rootrecord.cloud
2026-09-29T03:13:28-10:00internet OK at boot — starting tunnel
2026-09-29T03:13:28-10:00Starting cloudflared mode=token public_host=rootserver.rootrecord.cloud
2026-09-29T03:13:28-10:00Waiting for tunnel register (timeout=45s)…
2026-09-29T03:13:28-10:00tunnel starting
2026-09-29T03:13:29-10:00tunnel connected  conn=0  edge=lax01
2026-09-29T03:13:29-10:00Tunnel READY — first connection registered.
2026-09-29T03:13:29-10:00boot:run  priority=2  id=github_setup_remotes
2026-09-29T03:13:29-10:00tunnel ingress  rootserver.rootrecord.cloud → 127.0.0.1:8799
2026-09-29T03:13:29-10:00boot:run  priority=3  id=ollama_warmup
2026-09-29T03:13:29-10:00job:ollama_warmup RUN  bash '/home/rootrecord/RootRecord-Ecosystem/1 - Servers/1 - RootRecord-Pacific-Solar-Server/System/scripts/plumbing/ollama-warmup.sh'
2026-09-29T03:13:29-10:00job:ollama_warmup | [ok] ollama up
2026-09-29T03:13:29-10:00boot:run  priority=4  id=flm_npu_warmup
2026-09-29T03:13:29-10:00job:flm_npu_warmup RUN  bash '/home/rootrecord/RootRecord-Ecosystem/1 - Servers/1 - RootRecord-Pacific-Solar-Server/System/scripts/plumbing/flm-warmup.sh'
2026-09-29T03:13:29-10:00tunnel connected  conn=1  edge=lax11
2026-09-29T03:13:30-10:00tunnel connected  conn=2  edge=lax09
2026-09-29T03:13:31-10:00tunnel connected  conn=3  edge=lax01
2026-09-29T03:13:51-10:00job:flm_npu_warmup FAIL code=2
2026-09-29T03:13:51-10:00job:flm_npu_warmup ! /home/rootrecord/RootRecord-Ecosystem/1 - Servers/1 - RootRecord-Pacific-Solar-Server/System/scripts/plumbing/flm-warmup.sh: line 50: unexpected EOF while looking for matching `"'
2026-09-29T03:13:51-10:00boot:run  priority=5  id=council_relay
2026-09-29T03:13:51-10:00job:council_relay RUN  bash "/home/rootrecord/RootRecord-Ecosystem/1 - Servers/1 - RootRecord-Pacific-Solar-Server/Communications/telegram/scripts/ensure-relay.sh"
2026-09-29T03:13:54-10:00job:council_relay | [ok] council-relay started pid=105964 → /home/rootrecord/RootRecord-Ecosystem/2 - RootRecord-Database/Logs/Communications/council-relay.log
2026-09-29T03:13:54-10:00boot:run  priority=6  id=security_camera_server
2026-09-29T03:13:54-10:00job:security_camera_server RUN  bash "/home/rootrecord/RootRecord-Ecosystem/1 - Servers/1 - RootRecord-Pacific-Solar-Server/Security/Cameras/ensure_cam_server.sh"
2026-09-29T03:13:54-10:00job:security_camera_server | security cam server started
2026-09-29T03:13:54-10:00boot:run  priority=7  id=security_timelapse_catchup
2026-09-29T03:13:54-10:00job:security_timelapse_catchup RUN  bash "/home/rootrecord/RootRecord-Ecosystem/1 - Servers/1 - RootRecord-Pacific-Solar-Server/Security/Cameras/timelapse_catchup.sh"
2026-09-29T03:13:54-10:00job:security_timelapse_catchup | 03:13:54  🎬  a-eyes-timelapse  catchup: checking 20260929, now=03:13 HST
2026-09-29T03:13:54-10:00job:security_timelapse_catchup | 03:13:54  🎬  a-eyes-timelapse  catchup: window still open today, skipping daily render
2026-09-29T03:13:54-10:00boot:run  priority=8  id=weather_poller
2026-09-29T03:13:54-10:00job:weather_poller RUN  bash "/home/rootrecord/RootRecord-Ecosystem/1 - Servers/1 - RootRecord-Pacific-Solar-Server/Weather/scripts/ensure-weather-poller.sh"
2026-09-29T03:13:55-10:00job:weather_poller | [ensure-weather-poller] starting -- entry=/home/rootrecord/RootRecord-Ecosystem/1 - Servers/1 - RootRecord-Pacific-Solar-Server/Weather/scripts/run_poller.py log=/home/rootrecord/RootRecord-Ecosystem/2 - RootRecord-Database/Weather/Hawai'i/logs/weather-poller.log
2026-09-29T03:13:55-10:00job:weather_poller | [ensure-weather-poller] verify: weather poller is running
2026-09-29T03:13:55-10:00boot:run  priority=9  id=network_globe_hawaii
2026-09-29T03:13:55-10:00job:network_globe_hawaii RUN  bash "/home/rootrecord/RootRecord-Ecosystem/1 - Servers/1 - RootRecord-Pacific-Solar-Server/Communications/network/scripts/ensure-network-globe-hawaii.sh"
2026-09-29T03:13:55-10:00job:network_globe_hawaii | [ensure-network-globe-hawaii] already running -- nothing to do
2026-09-29T03:13:55-10:00boot:done
2026-09-29T03:13:57-10:00  ▸  SUMMARY=delta2 soc=78% solar=0W ac_out=82W usbc=29W src=api db=ok
2026-09-29T03:13:57-10:00scheduler  every_seconds=6  every_minute=1  every_hour=2  on_at=3
2026-09-29T03:13:57-10:00ENERGY  status=live  B2=78%  B1=0%  solar=0 W  ac=82 W  usbc=29 W  src=/home/rootrecord/RootRecord-Ecosystem/2 - RootRecord-Database/Energy
2026-09-29T03:13:58-10:00  ▸  SUMMARY=river2pro soc=0% solar=0W ac_out=73W usbc=95W src=api db=ok
2026-09-29T03:13:58-10:00job:sys_stats_cycle RUN  bash "/home/rootrecord/RootRecord-Ecosystem/1 - Servers/1 - RootRecord-Pacific-Solar-Server/System/scripts/sys-sample.sh"
2026-09-29T03:13:59-10:00job:sys_stats_cycle | SYSTEM  cpu=11%  load=6.98  mem=32%  src=sqlite
2026-09-29T03:13:59-10:00job:sys_stats_cycle | OK wrote /home/rootrecord/RootRecord-Ecosystem/2 - RootRecord-Database/System/samples/sys-20260929-031358.json
2026-09-29T03:14:29-10:00job:github_sync_all | ↑ [pacific] committed 1 local file(s)
2026-09-29T03:14:29-10:00job:github_sync_all | ↓ [pacific] fetching origin/main
2026-09-29T03:14:29-10:00job:github_sync_all | From github.com:RootRecord-Software-Solutions/RootRecord-Pacific-Solar-Server
2026-09-29T03:14:29-10:00job:github_sync_all | * branch            main       -> FETCH_HEAD
2026-09-29T03:14:29-10:00job:github_sync_all | * [new branch]      main       -> origin/main
2026-09-29T03:14:29-10:00job:github_sync_all | ↑ [pacific] local is ahead of GitHub
2026-09-29T03:14:29-10:00job:github_sync_all | To github.com:RootRecord-Software-Solutions/RootRecord-Pacific-Solar-Server.git
2026-09-29T03:14:29-10:00job:github_sync_all | 1368822..ff298b2  HEAD -> main
2026-09-29T03:14:29-10:00job:github_sync_all | branch 'main' set up to track 'origin/main'.
2026-09-29T03:14:29-10:00job:github_sync_all | ↑ [pacific] 1 files → RootRecord-Software-Solutions/RootRecord-Pacific-Solar-Server (main)
2026-09-29T03:14:29-10:00job:github_sync_all | ↑ [database] committed 20 local file(s)
2026-09-29T03:14:29-10:00job:github_sync_all | ↓ [database] fetching origin/main
2026-09-29T03:14:29-10:00job:github_sync_all | From github.com:RootRecord-Software-Solutions/RootRecord-Database
2026-09-29T03:14:29-10:00job:github_sync_all | * branch            main       -> FETCH_HEAD
2026-09-29T03:14:29-10:00job:github_sync_all | * [new branch]      main       -> origin/main
2026-09-29T03:14:29-10:00job:github_sync_all | ↑ [database] local is ahead of GitHub
2026-09-29T03:14:29-10:00job:github_sync_all | To github.com:RootRecord-Software-Solutions/RootRecord-Database.git
2026-09-29T03:14:29-10:00job:github_sync_all | 92bd69c..d8ee9fa  HEAD -> main
2026-09-29T03:14:29-10:00job:github_sync_all | branch 'main' set up to track 'origin/main'.
2026-09-29T03:14:29-10:00job:github_sync_all | ↑ [database] 20 files → RootRecord-Software-Solutions/RootRecord-Database (main)
2026-09-29T03:14:29-10:00job:github_sync_all | — [library] no local changes
2026-09-29T03:14:29-10:00job:github_sync_all | ↓ [library] fetching origin/main
2026-09-29T03:14:29-10:00job:github_sync_all | From github.com:RootRecord-Software-Solutions/RootRecord-Library
2026-09-29T03:14:29-10:00job:github_sync_all | * branch            main       -> FETCH_HEAD
2026-09-29T03:14:29-10:00job:github_sync_all | * [new branch]      main       -> origin/main
2026-09-29T03:14:29-10:00job:github_sync_all | — [library] local and GitHub already match
2026-09-29T03:14:29-10:00job:github_sync_all | — [library] nothing to push
2026-09-29T03:14:29-10:00job:github_sync_all | — [skills] no local changes
2026-09-29T03:14:29-10:00job:github_sync_all | ↓ [skills] fetching origin/main
2026-09-29T03:14:29-10:00job:github_sync_all | From github.com:rootrecordsoftwaresolutions/Solar-Pacific-RootRecord-Server
2026-09-29T03:14:29-10:00job:github_sync_all | * branch            main       -> FETCH_HEAD
2026-09-29T03:14:29-10:00job:github_sync_all | * [new branch]      main       -> origin/main
2026-09-29T03:14:29-10:00job:github_sync_all | — [skills] local and GitHub already match
2026-09-29T03:14:29-10:00job:github_sync_all | — [skills] nothing to push
2026-09-29T03:14:29-10:00job:worklog_scan RUN  bash "/home/rootrecord/RootRecord-Ecosystem/1 - Servers/1 - RootRecord-Pacific-Solar-Server/Reports/scripts/worklog_once.sh"
2026-09-29T03:14:37-10:00job:worklog_scan | OK wrote/updated /home/rootrecord/RootRecord-Ecosystem/2 - RootRecord-Database/Worklog/worklog_current.md
2026-09-29T03:14:37-10:00job:security_camera_frame_grab RUN  bash "/home/rootrecord/RootRecord-Ecosystem/1 - Servers/1 - RootRecord-Pacific-Solar-Server/Security/Cameras/grab_all.sh"
2026-09-29T03:14:49-10:00job:security_camera_frame_grab | 03:14:37  📷  a-eyes  ch1 → ch1-20260929T131437Z.jpg  (311.8 KB, 4.47s)
2026-09-29T03:14:49-10:00job:security_camera_frame_grab | 03:14:42  📷  a-eyes  ch2 → ch2-20260929T131442Z.jpg  (340.9 KB, 4.18s)
2026-09-29T03:14:49-10:00job:security_camera_frame_grab | 03:14:46  📷  a-eyes  ch3 → ch3-20260929T131446Z.jpg  (12.0 KB, 1.50s)
2026-09-29T03:14:49-10:00job:security_camera_frame_grab | 03:14:47  📷  a-eyes  ch4 → ch4-20260929T131447Z.jpg  (11.9 KB, 1.62s)
2026-09-29T03:14:50-10:00  ▸  SUMMARY=river2pro soc=0% solar=0W ac_out=73W usbc=95W src=api db=ok
2026-09-29T03:14:50-10:00job:sys_stats_cycle RUN  bash "/home/rootrecord/RootRecord-Ecosystem/1 - Servers/1 - RootRecord-Pacific-Solar-Server/System/scripts/sys-sample.sh"
2026-09-29T03:14:51-10:00job:sys_stats_cycle | SYSTEM  cpu=15%  load=3.67  mem=33%  src=sqlite
2026-09-29T03:14:51-10:00job:sys_stats_cycle | OK wrote /home/rootrecord/RootRecord-Ecosystem/2 - RootRecord-Database/System/samples/sys-20260929-031451.json
2026-09-29T03:15:30-10:00job:github_sync_all | — [pacific] no local changes
2026-09-29T03:15:30-10:00job:github_sync_all | ↓ [pacific] fetching origin/main
2026-09-29T03:15:30-10:00job:github_sync_all | From github.com:RootRecord-Software-Solutions/RootRecord-Pacific-Solar-Server
2026-09-29T03:15:30-10:00job:github_sync_all | * branch            main       -> FETCH_HEAD
2026-09-29T03:15:30-10:00job:github_sync_all | — [pacific] local and GitHub already match
2026-09-29T03:15:30-10:00job:github_sync_all | — [pacific] nothing to push
2026-09-29T03:15:30-10:00job:github_sync_all | ↑ [database] committed 16 local file(s)
2026-09-29T03:15:30-10:00job:github_sync_all | ↓ [database] fetching origin/main
2026-09-29T03:15:30-10:00job:github_sync_all | From github.com:RootRecord-Software-Solutions/RootRecord-Database
2026-09-29T03:15:30-10:00job:github_sync_all | * branch            main       -> FETCH_HEAD
2026-09-29T03:15:30-10:00job:github_sync_all | ↑ [database] local is ahead of GitHub
2026-09-29T03:15:30-10:00job:github_sync_all | To github.com:RootRecord-Software-Solutions/RootRecord-Database.git
2026-09-29T03:15:30-10:00job:github_sync_all | d8ee9fa..92ce9bc  HEAD -> main
2026-09-29T03:15:30-10:00job:github_sync_all | branch 'main' set up to track 'origin/main'.
2026-09-29T03:15:30-10:00job:github_sync_all | ↑ [database] 16 files → RootRecord-Software-Solutions/RootRecord-Database (main)
2026-09-29T03:15:30-10:00job:github_sync_all | — [library] no local changes
2026-09-29T03:15:30-10:00job:github_sync_all | ↓ [library] fetching origin/main
2026-09-29T03:15:30-10:00job:github_sync_all | From github.com:RootRecord-Software-Solutions/RootRecord-Library
2026-09-29T03:15:30-10:00job:github_sync_all | * branch            main       -> FETCH_HEAD
2026-09-29T03:15:30-10:00job:github_sync_all | — [library] local and GitHub already match
2026-09-29T03:15:30-10:00job:github_sync_all | — [library] nothing to push
2026-09-29T03:15:30-10:00job:github_sync_all | — [skills] no local changes
2026-09-29T03:15:30-10:00job:github_sync_all | ↓ [skills] fetching origin/main
2026-09-29T03:15:30-10:00job:github_sync_all | From github.com:rootrecordsoftwaresolutions/Solar-Pacific-RootRecord-Server
2026-09-29T03:15:30-10:00job:github_sync_all | * branch            main       -> FETCH_HEAD
2026-09-29T03:15:30-10:00job:github_sync_all | — [skills] local and GitHub already match
2026-09-29T03:15:30-10:00job:github_sync_all | — [skills] nothing to push
2026-09-29T03:15:30-10:00job:security_camera_frame_grab RUN  bash "/home/rootrecord/RootRecord-Ecosystem/1 - Servers/1 - RootRecord-Pacific-Solar-Server/Security/Cameras/grab_all.sh"
2026-09-29T03:15:42-10:00job:security_camera_frame_grab | 03:15:30  📷  a-eyes  ch1 → ch1-20260929T131530Z.jpg  (311.8 KB, 4.45s)
2026-09-29T03:15:42-10:00job:security_camera_frame_grab | 03:15:34  📷  a-eyes  ch2 → ch2-20260929T131534Z.jpg  (339.5 KB, 4.59s)
2026-09-29T03:15:42-10:00job:security_camera_frame_grab | 03:15:39  📷  a-eyes  ch3 → ch3-20260929T131539Z.jpg  (12.1 KB, 1.51s)
2026-09-29T03:15:42-10:00job:security_camera_frame_grab | 03:15:40  📷  a-eyes  ch4 → ch4-20260929T131540Z.jpg  (12.1 KB, 1.47s)
2026-09-29T03:15:42-10:00ENERGY  status=live  B2=78%  B1=0%  solar=0 W  ac=82 W  usbc=29 W  src=/home/rootrecord/RootRecord-Ecosystem/2 - RootRecord-Database/Energy
2026-09-29T03:15:43-10:00  ▸  SUMMARY=delta2 soc=78% solar=0W ac_out=82W usbc=29W src=api db=ok
2026-09-29T03:15:43-10:00job:sys_stats_cycle RUN  bash "/home/rootrecord/RootRecord-Ecosystem/1 - Servers/1 - RootRecord-Pacific-Solar-Server/System/scripts/sys-sample.sh"
2026-09-29T03:15:44-10:00job:sys_stats_cycle | SYSTEM  cpu=12%  load=2.07  mem=33%  src=sqlite
2026-09-29T03:15:44-10:00job:sys_stats_cycle | OK wrote /home/rootrecord/RootRecord-Ecosystem/2 - RootRecord-Database/System/samples/sys-20260929-031544.json
2026-09-29T03:18:27-10:00job:github_sync_all | ↑ [pacific] committed 2 local file(s)
2026-09-29T03:18:27-10:00job:github_sync_all | ↓ [pacific] fetching origin/main
2026-09-29T03:18:27-10:00job:github_sync_all | From github.com:RootRecord-Software-Solutions/RootRecord-Pacific-Solar-Server
2026-09-29T03:18:27-10:00job:github_sync_all | * branch            main       -> FETCH_HEAD
2026-09-29T03:18:27-10:00job:github_sync_all | ↑ [pacific] local is ahead of GitHub
2026-09-29T03:18:27-10:00job:github_sync_all | git@github.com: Permission denied (publickey).
2026-09-29T03:18:27-10:00job:github_sync_all | fatal: Could not read from remote repository.
2026-09-29T03:18:27-10:00job:github_sync_all | Please make sure you have the correct access rights
2026-09-29T03:18:27-10:00job:github_sync_all | and the repository exists.
2026-09-29T03:18:27-10:00job:github_sync_all | git@github.com: Permission denied (publickey).
2026-09-29T03:18:27-10:00job:github_sync_all | fatal: Could not read from remote repository.
2026-09-29T03:18:27-10:00job:github_sync_all | Please make sure you have the correct access rights
2026-09-29T03:18:27-10:00job:github_sync_all | and the repository exists.
2026-09-29T03:18:27-10:00job:github_sync_all | ↻ [pacific] sync retry 1/3
2026-09-29T03:18:27-10:00job:github_sync_all | ↑ [pacific] committed 2 local file(s)
2026-09-29T03:18:27-10:00job:github_sync_all | ↓ [pacific] fetching origin/main
2026-09-29T03:18:27-10:00job:github_sync_all | git@github.com: Permission denied (publickey).
2026-09-29T03:18:27-10:00job:github_sync_all | fatal: Could not read from remote repository.
2026-09-29T03:18:27-10:00job:github_sync_all | Please make sure you have the correct access rights
2026-09-29T03:18:27-10:00job:github_sync_all | and the repository exists.
2026-09-29T03:18:27-10:00job:github_sync_all | ↻ [pacific] sync retry 2/3
2026-09-29T03:18:27-10:00job:github_sync_all | — [pacific] no local changes
2026-09-29T03:18:27-10:00job:github_sync_all | ↓ [pacific] fetching origin/main
2026-09-29T03:18:27-10:00job:github_sync_all | From github.com:RootRecord-Software-Solutions/RootRecord-Pacific-Solar-Server
2026-09-29T03:18:27-10:00job:github_sync_all | * branch            main       -> FETCH_HEAD
2026-09-29T03:18:27-10:00job:github_sync_all | ↑ [pacific] local is ahead of GitHub
2026-09-29T03:18:27-10:00job:github_sync_all | To github.com:RootRecord-Software-Solutions/RootRecord-Pacific-Solar-Server.git
2026-09-29T03:18:27-10:00job:github_sync_all | ff298b2..0ea16cd  HEAD -> main
2026-09-29T03:18:27-10:00job:github_sync_all | branch 'main' set up to track 'origin/main'.
2026-09-29T03:18:27-10:00job:github_sync_all | ↑ [pacific] 0 files → RootRecord-Software-Solutions/RootRecord-Pacific-Solar-Server (main)
2026-09-29T03:18:27-10:00job:github_sync_all | ↑ [database] committed 14 local file(s)
2026-09-29T03:18:27-10:00job:github_sync_all | ↓ [database] fetching origin/main
2026-09-29T03:18:27-10:00job:github_sync_all | From github.com:RootRecord-Software-Solutions/RootRecord-Database
2026-09-29T03:18:27-10:00job:github_sync_all | * branch            main       -> FETCH_HEAD
2026-09-29T03:18:27-10:00job:github_sync_all | ↑ [database] local is ahead of GitHub
2026-09-29T03:18:27-10:00job:github_sync_all | To github.com:RootRecord-Software-Solutions/RootRecord-Database.git
2026-09-29T03:18:27-10:00job:github_sync_all | 92ce9bc..1a96977  HEAD -> main
2026-09-29T03:18:27-10:00job:worklog_scan RUN  bash "/home/rootrecord/RootRecord-Ecosystem/1 - Servers/1 - RootRecord-Pacific-Solar-Server/Reports/scripts/worklog_once.sh"
2026-09-29T03:18:48-10:00job:worklog_scan | OK wrote/updated /home/rootrecord/RootRecord-Ecosystem/2 - RootRecord-Database/Worklog/worklog_current.md
2026-09-29T03:18:48-10:00job:security_camera_frame_grab RUN  bash "/home/rootrecord/RootRecord-Ecosystem/1 - Servers/1 - RootRecord-Pacific-Solar-Server/Security/Cameras/grab_all.sh"
2026-09-29T03:19:00-10:00job:security_camera_frame_grab | 03:18:48  📷  a-eyes  ch1 → ch1-20260929T131848Z.jpg  (307.5 KB, 4.58s)
2026-09-29T03:19:00-10:00job:security_camera_frame_grab | 03:18:52  📷  a-eyes  ch2 → ch2-20260929T131852Z.jpg  (341.7 KB, 4.38s)
2026-09-29T03:19:00-10:00job:security_camera_frame_grab | 03:18:57  📷  a-eyes  ch3 → ch3-20260929T131857Z.jpg  (12.1 KB, 1.63s)
2026-09-29T03:19:00-10:00job:security_camera_frame_grab | 03:18:58  📷  a-eyes  ch4 → ch4-20260929T131858Z.jpg  (12.1 KB, 1.49s)
2026-09-29T03:19:00-10:00ENERGY  status=live  B2=78%  B1=0%  solar=0 W  ac=82 W  usbc=29 W  src=/home/rootrecord/RootRecord-Ecosystem/2 - RootRecord-Database/Energy
2026-09-29T03:20:31-10:00  ▸  SUMMARY=delta2 soc=52.2% solar=0W ac_out=74W usbc=19W src=ble db=ok
2026-09-29T03:20:31-10:00job:sys_stats_cycle RUN  bash "/home/rootrecord/RootRecord-Ecosystem/1 - Servers/1 - RootRecord-Pacific-Solar-Server/System/scripts/sys-sample.sh"
2026-09-29T03:20:31-10:00job:sys_stats_cycle | SYSTEM  cpu=9%  load=1.71  mem=36%  src=sqlite
2026-09-29T03:20:31-10:00job:sys_stats_cycle | OK wrote /home/rootrecord/RootRecord-Ecosystem/2 - RootRecord-Database/System/samples/sys-20260929-032031.json
2026-09-29T03:20:57-10:00job:github_sync_all | — [pacific] no local changes
2026-09-29T03:20:57-10:00job:github_sync_all | ↓ [pacific] fetching origin/main
2026-09-29T03:20:57-10:00job:github_sync_all | From github.com:RootRecord-Software-Solutions/RootRecord-Pacific-Solar-Server
2026-09-29T03:20:57-10:00job:github_sync_all | * branch            main       -> FETCH_HEAD
2026-09-29T03:20:57-10:00job:github_sync_all | — [pacific] local and GitHub already match
2026-09-29T03:20:57-10:00job:github_sync_all | — [pacific] nothing to push
2026-09-29T03:20:57-10:00job:github_sync_all | ↑ [database] committed 17 local file(s)
2026-09-29T03:20:57-10:00job:github_sync_all | ↓ [database] fetching origin/main
2026-09-29T03:20:57-10:00job:github_sync_all | From github.com:RootRecord-Software-Solutions/RootRecord-Database
2026-09-29T03:20:57-10:00job:github_sync_all | * branch            main       -> FETCH_HEAD
2026-09-29T03:20:57-10:00job:github_sync_all | ↑ [database] local is ahead of GitHub
2026-09-29T03:20:57-10:00job:github_sync_all | To github.com:RootRecord-Software-Solutions/RootRecord-Database.git
2026-09-29T03:20:57-10:00job:github_sync_all | 1a96977..32d3b3c  HEAD -> main
2026-09-29T03:20:57-10:00job:github_sync_all | branch 'main' set up to track 'origin/main'.
2026-09-29T03:20:57-10:00job:github_sync_all | ↑ [database] 17 files → RootRecord-Software-Solutions/RootRecord-Database (main)
2026-09-29T03:20:57-10:00job:github_sync_all | — [library] no local changes
2026-09-29T03:20:57-10:00job:github_sync_all | ↓ [library] fetching origin/main
2026-09-29T03:20:57-10:00job:github_sync_all | From github.com:RootRecord-Software-Solutions/RootRecord-Library
2026-09-29T03:20:57-10:00job:github_sync_all | * branch            main       -> FETCH_HEAD
2026-09-29T03:20:57-10:00job:github_sync_all | — [library] local and GitHub already match
2026-09-29T03:20:57-10:00job:github_sync_all | — [library] nothing to push
2026-09-29T03:20:57-10:00job:github_sync_all | — [skills] no local changes
2026-09-29T03:20:57-10:00job:github_sync_all | ↓ [skills] fetching origin/main
2026-09-29T03:20:57-10:00job:github_sync_all | From github.com:rootrecordsoftwaresolutions/Solar-Pacific-RootRecord-Server
2026-09-29T03:20:57-10:00job:github_sync_all | * branch            main       -> FETCH_HEAD
2026-09-29T03:20:57-10:00job:github_sync_all | — [skills] local and GitHub already match
2026-09-29T03:20:57-10:00job:github_sync_all | — [skills] nothing to push
2026-09-29T03:20:57-10:00job:worklog_scan RUN  bash "/home/rootrecord/RootRecord-Ecosystem/1 - Servers/1 - RootRecord-Pacific-Solar-Server/Reports/scripts/worklog_once.sh"
2026-09-29T03:20:59-10:00job:worklog_scan | OK wrote/updated /home/rootrecord/RootRecord-Ecosystem/2 - RootRecord-Database/Worklog/worklog_current.md
2026-09-29T03:20:59-10:00job:security_camera_frame_grab RUN  bash "/home/rootrecord/RootRecord-Ecosystem/1 - Servers/1 - RootRecord-Pacific-Solar-Server/Security/Cameras/grab_all.sh"
2026-09-29T03:21:12-10:00job:security_camera_frame_grab | 03:20:59  📷  a-eyes  ch1 → ch1-20260929T132059Z.jpg  (312.3 KB, 4.71s)
2026-09-29T03:21:12-10:00job:security_camera_frame_grab | 03:21:04  📷  a-eyes  ch2 → ch2-20260929T132104Z.jpg  (339.3 KB, 4.48s)
2026-09-29T03:21:12-10:00job:security_camera_frame_grab | 03:21:08  📷  a-eyes  ch3 → ch3-20260929T132108Z.jpg  (12.1 KB, 1.61s)
2026-09-29T03:21:12-10:00job:security_camera_frame_grab | 03:21:10  📷  a-eyes  ch4 → ch4-20260929T132110Z.jpg  (12.1 KB, 1.70s)
2026-09-29T03:21:12-10:00ENERGY  status=live  B2=52.2%  B1=0%  solar=0 W  ac=74 W  usbc=19 W  src=/home/rootrecord/RootRecord-Ecosystem/2 - RootRecord-Database/Energy
2026-09-29T03:21:27-10:00  ▸  SUMMARY=delta2 soc=51.69% solar=0W ac_out=79W usbc=18W src=ble db=ok
2026-09-29T03:21:27-10:00job:sys_stats_cycle RUN  bash "/home/rootrecord/RootRecord-Ecosystem/1 - Servers/1 - RootRecord-Pacific-Solar-Server/System/scripts/sys-sample.sh"
2026-09-29T03:21:28-10:00job:sys_stats_cycle | SYSTEM  cpu=8%  load=1.10  mem=37%  src=sqlite
2026-09-29T03:21:28-10:00job:sys_stats_cycle | OK wrote /home/rootrecord/RootRecord-Ecosystem/2 - RootRecord-Database/System/samples/sys-20260929-032128.json
2026-09-29T03:21:53-10:00job:github_sync_all | — [pacific] no local changes
2026-09-29T03:21:53-10:00job:github_sync_all | ↓ [pacific] fetching origin/main
2026-09-29T03:21:53-10:00job:github_sync_all | From github.com:RootRecord-Software-Solutions/RootRecord-Pacific-Solar-Server
2026-09-29T03:21:53-10:00job:github_sync_all | * branch            main       -> FETCH_HEAD
2026-09-29T03:21:53-10:00job:github_sync_all | — [pacific] local and GitHub already match
2026-09-29T03:21:53-10:00job:github_sync_all | — [pacific] nothing to push
2026-09-29T03:21:53-10:00job:github_sync_all | ↑ [database] committed 16 local file(s)
2026-09-29T03:21:53-10:00job:github_sync_all | ↓ [database] fetching origin/main
2026-09-29T03:21:53-10:00job:github_sync_all | From github.com:RootRecord-Software-Solutions/RootRecord-Database
2026-09-29T03:21:53-10:00job:github_sync_all | * branch            main       -> FETCH_HEAD
2026-09-29T03:21:53-10:00job:github_sync_all | ↑ [database] local is ahead of GitHub
2026-09-29T03:21:53-10:00job:github_sync_all | To github.com:RootRecord-Software-Solutions/RootRecord-Database.git
2026-09-29T03:21:53-10:00job:github_sync_all | 32d3b3c..a8a39ff  HEAD -> main
2026-09-29T03:21:53-10:00job:github_sync_all | branch 'main' set up to track 'origin/main'.
2026-09-29T03:21:53-10:00job:github_sync_all | ↑ [database] 16 files → RootRecord-Software-Solutions/RootRecord-Database (main)
2026-09-29T03:21:53-10:00job:github_sync_all | — [library] no local changes
2026-09-29T03:21:53-10:00job:github_sync_all | ↓ [library] fetching origin/main
2026-09-29T03:21:53-10:00job:github_sync_all | From github.com:RootRecord-Software-Solutions/RootRecord-Library
2026-09-29T03:21:53-10:00job:github_sync_all | * branch            main       -> FETCH_HEAD
2026-09-29T03:21:53-10:00job:github_sync_all | — [library] local and GitHub already match
2026-09-29T03:21:53-10:00job:github_sync_all | — [library] nothing to push
2026-09-29T03:21:53-10:00job:github_sync_all | — [skills] no local changes
2026-09-29T03:21:53-10:00job:github_sync_all | ↓ [skills] fetching origin/main
2026-09-29T03:21:53-10:00job:github_sync_all | From github.com:rootrecordsoftwaresolutions/Solar-Pacific-RootRecord-Server
2026-09-29T03:21:53-10:00job:github_sync_all | * branch            main       -> FETCH_HEAD
2026-09-29T03:21:53-10:00job:github_sync_all | — [skills] local and GitHub already match
2026-09-29T03:21:53-10:00job:github_sync_all | — [skills] nothing to push
2026-09-29T03:21:53-10:00job:worklog_scan RUN  bash "/home/rootrecord/RootRecord-Ecosystem/1 - Servers/1 - RootRecord-Pacific-Solar-Server/Reports/scripts/worklog_once.sh"
2026-09-29T03:21:55-10:00job:worklog_scan | OK wrote/updated /home/rootrecord/RootRecord-Ecosystem/2 - RootRecord-Database/Worklog/worklog_current.md
2026-09-29T03:21:55-10:00job:security_camera_frame_grab RUN  bash "/home/rootrecord/RootRecord-Ecosystem/1 - Servers/1 - RootRecord-Pacific-Solar-Server/Security/Cameras/grab_all.sh"
2026-09-29T03:22:07-10:00job:security_camera_frame_grab | 03:21:55  📷  a-eyes  ch1 → ch1-20260929T132155Z.jpg  (313.3 KB, 4.35s)
2026-09-29T03:22:07-10:00job:security_camera_frame_grab | 03:22:00  📷  a-eyes  ch2 → ch2-20260929T132200Z.jpg  (339.4 KB, 4.37s)
2026-09-29T03:22:07-10:00job:security_camera_frame_grab | 03:22:04  📷  a-eyes  ch3 → ch3-20260929T132204Z.jpg  (12.2 KB, 1.51s)
2026-09-29T03:22:07-10:00job:security_camera_frame_grab | 03:22:05  📷  a-eyes  ch4 → ch4-20260929T132205Z.jpg  (12.1 KB, 1.51s)
2026-09-29T03:22:23-10:00  ▸  SUMMARY=river2pro soc=5.25% solar=0W ac_out=— usbc=0W src=ble db=ok
2026-09-29T03:22:23-10:00job:sys_stats_cycle RUN  bash "/home/rootrecord/RootRecord-Ecosystem/1 - Servers/1 - RootRecord-Pacific-Solar-Server/System/scripts/sys-sample.sh"
2026-09-29T03:22:23-10:00job:sys_stats_cycle | SYSTEM  cpu=6%  load=0.67  mem=37%  src=sqlite
2026-09-29T03:22:23-10:00job:sys_stats_cycle | OK wrote /home/rootrecord/RootRecord-Ecosystem/2 - RootRecord-Database/System/samples/sys-20260929-032223.json
2026-09-29T03:22:53-10:00job:github_sync_all | — [pacific] no local changes
2026-09-29T03:22:53-10:00job:github_sync_all | ↓ [pacific] fetching origin/main
2026-09-29T03:22:53-10:00job:github_sync_all | From github.com:RootRecord-Software-Solutions/RootRecord-Pacific-Solar-Server
2026-09-29T03:22:53-10:00job:github_sync_all | * branch            main       -> FETCH_HEAD
2026-09-29T03:22:53-10:00job:github_sync_all | — [pacific] local and GitHub already match
2026-09-29T03:22:53-10:00job:github_sync_all | — [pacific] nothing to push
2026-09-29T03:22:53-10:00job:github_sync_all | ↑ [database] committed 15 local file(s)
2026-09-29T03:22:53-10:00job:github_sync_all | ↓ [database] fetching origin/main
2026-09-29T03:22:53-10:00job:github_sync_all | From github.com:RootRecord-Software-Solutions/RootRecord-Database
2026-09-29T03:22:53-10:00job:github_sync_all | * branch            main       -> FETCH_HEAD
2026-09-29T03:22:53-10:00job:github_sync_all | ↑ [database] local is ahead of GitHub
2026-09-29T03:22:53-10:00job:github_sync_all | To github.com:RootRecord-Software-Solutions/RootRecord-Database.git
2026-09-29T03:22:53-10:00job:github_sync_all | a8a39ff..52ee2fc  HEAD -> main
2026-09-29T03:22:53-10:00job:github_sync_all | branch 'main' set up to track 'origin/main'.
2026-09-29T03:22:53-10:00job:github_sync_all | ↑ [database] 15 files → RootRecord-Software-Solutions/RootRecord-Database (main)
2026-09-29T03:22:53-10:00job:github_sync_all | — [library] no local changes
2026-09-29T03:22:53-10:00job:github_sync_all | ↓ [library] fetching origin/main
2026-09-29T03:22:53-10:00job:github_sync_all | From github.com:RootRecord-Software-Solutions/RootRecord-Library
2026-09-29T03:22:53-10:00job:github_sync_all | * branch            main       -> FETCH_HEAD
2026-09-29T03:22:53-10:00job:github_sync_all | — [library] local and GitHub already match
2026-09-29T03:22:53-10:00job:github_sync_all | — [library] nothing to push
2026-09-29T03:22:53-10:00job:github_sync_all | — [skills] no local changes
2026-09-29T03:22:53-10:00job:github_sync_all | ↓ [skills] fetching origin/main
2026-09-29T03:22:53-10:00job:github_sync_all | From github.com:rootrecordsoftwaresolutions/Solar-Pacific-RootRecord-Server
2026-09-29T03:22:53-10:00job:github_sync_all | * branch            main       -> FETCH_HEAD
2026-09-29T03:22:53-10:00job:github_sync_all | — [skills] local and GitHub already match
2026-09-29T03:22:53-10:00job:github_sync_all | — [skills] nothing to push
2026-09-29T03:22:53-10:00job:security_camera_frame_grab RUN  bash "/home/rootrecord/RootRecord-Ecosystem/1 - Servers/1 - RootRecord-Pacific-Solar-Server/Security/Cameras/grab_all.sh"
2026-09-29T03:23:05-10:00job:security_camera_frame_grab | 03:22:53  📷  a-eyes  ch1 → ch1-20260929T132253Z.jpg  (311.3 KB, 4.25s)
2026-09-29T03:23:05-10:00job:security_camera_frame_grab | 03:22:58  📷  a-eyes  ch2 → ch2-20260929T132258Z.jpg  (341.4 KB, 4.43s)
2026-09-29T03:23:05-10:00job:security_camera_frame_grab | 03:23:02  📷  a-eyes  ch3 → ch3-20260929T132302Z.jpg  (12.2 KB, 1.55s)
2026-09-29T03:23:05-10:00job:security_camera_frame_grab | 03:23:04  📷  a-eyes  ch4 → ch4-20260929T132304Z.jpg  (12.1 KB, 1.62s)
2026-09-29T03:23:06-10:00ENERGY  status=live  B2=51.7%  B1=5.2%  solar=0 W  ac=79 W  usbc=18 W  src=/home/rootrecord/RootRecord-Ecosystem/2 - RootRecord-Database/Energy
2026-09-29T03:23:21-10:00  ▸  SUMMARY=river2pro soc=5.24% solar=0W ac_out=— usbc=0W src=ble db=ok
2026-09-29T03:23:21-10:00job:sys_stats_cycle RUN  bash "/home/rootrecord/RootRecord-Ecosystem/1 - Servers/1 - RootRecord-Pacific-Solar-Server/System/scripts/sys-sample.sh"
2026-09-29T03:23:21-10:00job:sys_stats_cycle | SYSTEM  cpu=5%  load=0.61  mem=37%  src=sqlite
2026-09-29T03:23:21-10:00job:sys_stats_cycle | OK wrote /home/rootrecord/RootRecord-Ecosystem/2 - RootRecord-Database/System/samples/sys-20260929-032321.json
2026-09-29T03:23:52-10:00job:github_sync_all | ↑ [pacific] committed 1 local file(s)
2026-09-29T03:23:52-10:00job:github_sync_all | ↓ [pacific] fetching origin/main
2026-09-29T03:23:52-10:00job:github_sync_all | From github.com:RootRecord-Software-Solutions/RootRecord-Pacific-Solar-Server
2026-09-29T03:23:52-10:00job:github_sync_all | * branch            main       -> FETCH_HEAD
2026-09-29T03:23:52-10:00job:github_sync_all | ↑ [pacific] local is ahead of GitHub
2026-09-29T03:23:52-10:00job:github_sync_all | To github.com:RootRecord-Software-Solutions/RootRecord-Pacific-Solar-Server.git
2026-09-29T03:23:52-10:00job:github_sync_all | 0ea16cd..c3576e1  HEAD -> main
2026-09-29T03:23:52-10:00job:github_sync_all | branch 'main' set up to track 'origin/main'.
2026-09-29T03:23:52-10:00job:github_sync_all | ↑ [pacific] 1 files → RootRecord-Software-Solutions/RootRecord-Pacific-Solar-Server (main)
2026-09-29T03:23:52-10:00job:github_sync_all | ↑ [database] committed 12 local file(s)
2026-09-29T03:23:52-10:00job:github_sync_all | ↓ [database] fetching origin/main
2026-09-29T03:23:52-10:00job:github_sync_all | From github.com:RootRecord-Software-Solutions/RootRecord-Database
2026-09-29T03:23:52-10:00job:github_sync_all | * branch            main       -> FETCH_HEAD
2026-09-29T03:23:52-10:00job:github_sync_all | ↑ [database] local is ahead of GitHub
2026-09-29T03:23:52-10:00job:github_sync_all | To github.com:RootRecord-Software-Solutions/RootRecord-Database.git
2026-09-29T03:23:52-10:00job:github_sync_all | 52ee2fc..37c3fed  HEAD -> main
2026-09-29T03:23:52-10:00job:github_sync_all | branch 'main' set up to track 'origin/main'.
2026-09-29T03:23:52-10:00job:github_sync_all | ↑ [database] 12 files → RootRecord-Software-Solutions/RootRecord-Database (main)
2026-09-29T03:23:52-10:00job:github_sync_all | — [library] no local changes
2026-09-29T03:23:52-10:00job:github_sync_all | ↓ [library] fetching origin/main
2026-09-29T03:23:52-10:00job:github_sync_all | From github.com:RootRecord-Software-Solutions/RootRecord-Library
2026-09-29T03:23:52-10:00job:github_sync_all | * branch            main       -> FETCH_HEAD
2026-09-29T03:23:52-10:00job:github_sync_all | — [library] local and GitHub already match
2026-09-29T03:23:52-10:00job:github_sync_all | — [library] nothing to push
2026-09-29T03:23:52-10:00job:github_sync_all | — [skills] no local changes
2026-09-29T03:23:52-10:00job:github_sync_all | ↓ [skills] fetching origin/main
2026-09-29T03:23:52-10:00job:github_sync_all | From github.com:rootrecordsoftwaresolutions/Solar-Pacific-RootRecord-Server
2026-09-29T03:23:52-10:00job:github_sync_all | * branch            main       -> FETCH_HEAD
2026-09-29T03:23:52-10:00job:github_sync_all | — [skills] local and GitHub already match
2026-09-29T03:23:52-10:00job:github_sync_all | — [skills] nothing to push
2026-09-29T03:23:52-10:00job:worklog_scan RUN  bash "/home/rootrecord/RootRecord-Ecosystem/1 - Servers/1 - RootRecord-Pacific-Solar-Server/Reports/scripts/worklog_once.sh"
2026-09-29T03:23:57-10:00job:worklog_scan | OK wrote/updated /home/rootrecord/RootRecord-Ecosystem/2 - RootRecord-Database/Worklog/worklog_current.md
2026-09-29T03:23:57-10:00job:security_camera_frame_grab RUN  bash "/home/rootrecord/RootRecord-Ecosystem/1 - Servers/1 - RootRecord-Pacific-Solar-Server/Security/Cameras/grab_all.sh"
2026-09-29T03:24:09-10:00job:security_camera_frame_grab | 03:23:57  📷  a-eyes  ch1 → ch1-20260929T132357Z.jpg  (315.4 KB, 4.20s)
2026-09-29T03:24:09-10:00job:security_camera_frame_grab | 03:24:01  📷  a-eyes  ch2 → ch2-20260929T132401Z.jpg  (340.5 KB, 4.49s)
2026-09-29T03:24:09-10:00job:security_camera_frame_grab | 03:24:06  📷  a-eyes  ch3 → ch3-20260929T132406Z.jpg  (12.1 KB, 1.54s)
2026-09-29T03:24:09-10:00job:security_camera_frame_grab | 03:24:07  📷  a-eyes  ch4 → ch4-20260929T132407Z.jpg  (12.1 KB, 1.69s)
2026-09-29T03:24:09-10:00ENERGY  status=live  B2=51.7%  B1=5.2%  solar=0 W  ac=79 W  usbc=18 W  src=/home/rootrecord/RootRecord-Ecosystem/2 - RootRecord-Database/Energy
2026-09-29T03:24:25-10:00  ▸  SUMMARY=river2pro soc=5.24% solar=0W ac_out=— usbc=0W src=ble db=ok
2026-09-29T03:24:25-10:00job:sys_stats_cycle RUN  bash "/home/rootrecord/RootRecord-Ecosystem/1 - Servers/1 - RootRecord-Pacific-Solar-Server/System/scripts/sys-sample.sh"
2026-09-29T03:24:25-10:00job:sys_stats_cycle | SYSTEM  cpu=7%  load=0.74  mem=37%  src=sqlite
2026-09-29T03:24:25-10:00job:sys_stats_cycle | OK wrote /home/rootrecord/RootRecord-Ecosystem/2 - RootRecord-Database/System/samples/sys-20260929-032425.json
2026-09-29T03:25:00-10:00job:github_sync_all | ↑ [pacific] committed 5 local file(s)
2026-09-29T03:25:00-10:00job:github_sync_all | ↓ [pacific] fetching origin/main
2026-09-29T03:25:00-10:00job:github_sync_all | From github.com:RootRecord-Software-Solutions/RootRecord-Pacific-Solar-Server
2026-09-29T03:25:00-10:00job:github_sync_all | * branch            main       -> FETCH_HEAD
2026-09-29T03:25:00-10:00job:github_sync_all | ↑ [pacific] local is ahead of GitHub
2026-09-29T03:25:00-10:00job:github_sync_all | To github.com:RootRecord-Software-Solutions/RootRecord-Pacific-Solar-Server.git
2026-09-29T03:25:00-10:00job:github_sync_all | c3576e1..0b7be45  HEAD -> main
2026-09-29T03:25:00-10:00job:github_sync_all | branch 'main' set up to track 'origin/main'.
2026-09-29T03:25:00-10:00job:github_sync_all | ↑ [pacific] 5 files → RootRecord-Software-Solutions/RootRecord-Pacific-Solar-Server (main)
2026-09-29T03:25:00-10:00job:github_sync_all | ↑ [database] committed 17 local file(s)
2026-09-29T03:25:00-10:00job:github_sync_all | ↓ [database] fetching origin/main
2026-09-29T03:25:00-10:00job:github_sync_all | From github.com:RootRecord-Software-Solutions/RootRecord-Database
2026-09-29T03:25:00-10:00job:github_sync_all | * branch            main       -> FETCH_HEAD
2026-09-29T03:25:00-10:00job:github_sync_all | ↑ [database] local is ahead of GitHub
2026-09-29T03:25:00-10:00job:github_sync_all | To github.com:RootRecord-Software-Solutions/RootRecord-Database.git
2026-09-29T03:25:00-10:00job:github_sync_all | 37c3fed..44d9c4c  HEAD -> main
2026-09-29T03:25:00-10:00job:github_sync_all | branch 'main' set up to track 'origin/main'.
2026-09-29T03:25:00-10:00job:github_sync_all | ↑ [database] 17 files → RootRecord-Software-Solutions/RootRecord-Database (main)
2026-09-29T03:25:00-10:00job:github_sync_all | ↑ [library] committed 4 local file(s)
2026-09-29T03:25:00-10:00job:github_sync_all | ↓ [library] fetching origin/main
2026-09-29T03:25:00-10:00job:github_sync_all | From github.com:RootRecord-Software-Solutions/RootRecord-Library
2026-09-29T03:25:00-10:00job:github_sync_all | * branch            main       -> FETCH_HEAD
2026-09-29T03:25:00-10:00job:github_sync_all | ↑ [library] local is ahead of GitHub
2026-09-29T03:25:00-10:00job:github_sync_all | To github.com:RootRecord-Software-Solutions/RootRecord-Library.git
2026-09-29T03:25:00-10:00job:github_sync_all | 5aa8f4d..76d1e44  HEAD -> main
2026-09-29T03:25:00-10:00job:github_sync_all | branch 'main' set up to track 'origin/main'.
2026-09-29T03:25:00-10:00job:github_sync_all | ↑ [library] 4 files → RootRecord-Software-Solutions/RootRecord-Library (main)
2026-09-29T03:25:00-10:00job:github_sync_all | — [skills] no local changes
2026-09-29T03:25:00-10:00job:github_sync_all | ↓ [skills] fetching origin/main
2026-09-29T03:25:00-10:00job:github_sync_all | From github.com:rootrecordsoftwaresolutions/Solar-Pacific-RootRecord-Server
2026-09-29T03:25:00-10:00job:github_sync_all | * branch            main       -> FETCH_HEAD
2026-09-29T03:25:00-10:00job:github_sync_all | — [skills] local and GitHub already match
2026-09-29T03:25:00-10:00job:github_sync_all | — [skills] nothing to push
2026-09-29T03:25:00-10:00job:security_camera_frame_grab RUN  bash "/home/rootrecord/RootRecord-Ecosystem/1 - Servers/1 - RootRecord-Pacific-Solar-Server/Security/Cameras/grab_all.sh"
2026-09-29T03:25:12-10:00job:security_camera_frame_grab | 03:25:00  📷  a-eyes  ch1 → ch1-20260929T132500Z.jpg  (312.9 KB, 4.27s)
2026-09-29T03:25:12-10:00job:security_camera_frame_grab | 03:25:04  📷  a-eyes  ch2 → ch2-20260929T132504Z.jpg  (340.3 KB, 4.26s)
2026-09-29T03:25:12-10:00job:security_camera_frame_grab | 03:25:08  📷  a-eyes  ch3 → ch3-20260929T132508Z.jpg  (12.2 KB, 1.72s)
2026-09-29T03:25:12-10:00job:security_camera_frame_grab | 03:25:10  📷  a-eyes  ch4 → ch4-20260929T132510Z.jpg  (12.1 KB, 1.49s)
2026-09-29T03:25:12-10:00ENERGY  status=live  B2=51.7%  B1=5.2%  solar=0 W  ac=79 W  usbc=18 W  src=/home/rootrecord/RootRecord-Ecosystem/2 - RootRecord-Database/Energy
2026-09-29T03:25:27-10:00  ▸  SUMMARY=delta2 soc=50.69% solar=0W ac_out=81W usbc=17W src=ble db=ok
2026-09-29T03:25:27-10:00job:sys_stats_cycle RUN  bash "/home/rootrecord/RootRecord-Ecosystem/1 - Servers/1 - RootRecord-Pacific-Solar-Server/System/scripts/sys-sample.sh"
2026-09-29T03:25:28-10:00job:sys_stats_cycle | SYSTEM  cpu=6%  load=0.69  mem=38%  src=sqlite
2026-09-29T03:25:28-10:00job:sys_stats_cycle | OK wrote /home/rootrecord/RootRecord-Ecosystem/2 - RootRecord-Database/System/samples/sys-20260929-032528.json
2026-09-29T03:25:58-10:00job:github_sync_all | — [pacific] no local changes
2026-09-29T03:25:58-10:00job:github_sync_all | ↓ [pacific] fetching origin/main
2026-09-29T03:25:58-10:00job:github_sync_all | From github.com:RootRecord-Software-Solutions/RootRecord-Pacific-Solar-Server
2026-09-29T03:25:58-10:00job:github_sync_all | * branch            main       -> FETCH_HEAD
2026-09-29T03:25:58-10:00job:github_sync_all | — [pacific] local and GitHub already match
2026-09-29T03:25:58-10:00job:github_sync_all | — [pacific] nothing to push
2026-09-29T03:25:58-10:00job:github_sync_all | ↑ [database] committed 14 local file(s)
2026-09-29T03:25:58-10:00job:github_sync_all | ↓ [database] fetching origin/main
2026-09-29T03:25:58-10:00job:github_sync_all | From github.com:RootRecord-Software-Solutions/RootRecord-Database
2026-09-29T03:25:58-10:00job:github_sync_all | * branch            main       -> FETCH_HEAD
2026-09-29T03:25:58-10:00job:github_sync_all | ↑ [database] local is ahead of GitHub
2026-09-29T03:25:58-10:00job:github_sync_all | To github.com:RootRecord-Software-Solutions/RootRecord-Database.git
2026-09-29T03:25:58-10:00job:github_sync_all | 44d9c4c..66cbae7  HEAD -> main
2026-09-29T03:25:58-10:00job:github_sync_all | branch 'main' set up to track 'origin/main'.
2026-09-29T03:25:58-10:00job:github_sync_all | ↑ [database] 14 files → RootRecord-Software-Solutions/RootRecord-Database (main)
2026-09-29T03:25:58-10:00job:github_sync_all | ↑ [library] committed 2 local file(s)
2026-09-29T03:25:58-10:00job:github_sync_all | ↓ [library] fetching origin/main
2026-09-29T03:25:58-10:00job:github_sync_all | From github.com:RootRecord-Software-Solutions/RootRecord-Library
2026-09-29T03:25:58-10:00job:github_sync_all | * branch            main       -> FETCH_HEAD
2026-09-29T03:25:58-10:00job:github_sync_all | ↑ [library] local is ahead of GitHub
2026-09-29T03:25:58-10:00job:github_sync_all | To github.com:RootRecord-Software-Solutions/RootRecord-Library.git
2026-09-29T03:25:58-10:00job:github_sync_all | 76d1e44..7d2e79b  HEAD -> main
2026-09-29T03:25:58-10:00job:github_sync_all | branch 'main' set up to track 'origin/main'.
2026-09-29T03:25:58-10:00job:github_sync_all | ↑ [library] 2 files → RootRecord-Software-Solutions/RootRecord-Library (main)
2026-09-29T03:25:58-10:00job:github_sync_all | — [skills] no local changes
2026-09-29T03:25:58-10:00job:github_sync_all | ↓ [skills] fetching origin/main
2026-09-29T03:25:58-10:00job:github_sync_all | From github.com:rootrecordsoftwaresolutions/Solar-Pacific-RootRecord-Server
2026-09-29T03:25:58-10:00job:github_sync_all | * branch            main       -> FETCH_HEAD
2026-09-29T03:25:58-10:00job:github_sync_all | — [skills] local and GitHub already match
2026-09-29T03:25:58-10:00job:github_sync_all | — [skills] nothing to push
2026-09-29T03:25:58-10:00job:worklog_scan RUN  bash "/home/rootrecord/RootRecord-Ecosystem/1 - Servers/1 - RootRecord-Pacific-Solar-Server/Reports/scripts/worklog_once.sh"
2026-09-29T03:26:01-10:00job:worklog_scan | OK wrote/updated /home/rootrecord/RootRecord-Ecosystem/2 - RootRecord-Database/Worklog/worklog_current.md
2026-09-29T03:26:01-10:00job:security_camera_frame_grab RUN  bash "/home/rootrecord/RootRecord-Ecosystem/1 - Servers/1 - RootRecord-Pacific-Solar-Server/Security/Cameras/grab_all.sh"
2026-09-29T03:26:13-10:00job:security_camera_frame_grab | 03:26:01  📷  a-eyes  ch1 → ch1-20260929T132601Z.jpg  (312.8 KB, 4.47s)
2026-09-29T03:26:13-10:00job:security_camera_frame_grab | 03:26:06  📷  a-eyes  ch2 → ch2-20260929T132606Z.jpg  (341.1 KB, 4.25s)
2026-09-29T03:26:13-10:00job:security_camera_frame_grab | 03:26:10  📷  a-eyes  ch3 → ch3-20260929T132610Z.jpg  (12.2 KB, 1.55s)
2026-09-29T03:26:13-10:00job:security_camera_frame_grab | 03:26:12  📷  a-eyes  ch4 → ch4-20260929T132612Z.jpg  (12.1 KB, 1.71s)
2026-09-29T03:26:14-10:00ENERGY  status=live  B2=50.7%  B1=5.2%  solar=0 W  ac=81 W  usbc=17 W  src=/home/rootrecord/RootRecord-Ecosystem/2 - RootRecord-Database/Energy
2026-09-29T03:26:29-10:00  ▸  SUMMARY=delta2 soc=50.49% solar=0W ac_out=72W usbc=19W src=ble db=ok
2026-09-29T03:26:29-10:00job:sys_stats_cycle RUN  bash "/home/rootrecord/RootRecord-Ecosystem/1 - Servers/1 - RootRecord-Pacific-Solar-Server/System/scripts/sys-sample.sh"
2026-09-29T03:26:30-10:00job:sys_stats_cycle | SYSTEM  cpu=7%  load=0.72  mem=39%  src=sqlite
2026-09-29T03:26:30-10:00job:sys_stats_cycle | OK wrote /home/rootrecord/RootRecord-Ecosystem/2 - RootRecord-Database/System/samples/sys-20260929-032629.json
2026-09-29T03:26:56-10:00job:github_sync_all | — [pacific] no local changes
2026-09-29T03:26:56-10:00job:github_sync_all | ↓ [pacific] fetching origin/main
2026-09-29T03:26:56-10:00job:github_sync_all | From github.com:RootRecord-Software-Solutions/RootRecord-Pacific-Solar-Server
2026-09-29T03:26:56-10:00job:github_sync_all | * branch            main       -> FETCH_HEAD
2026-09-29T03:26:56-10:00job:github_sync_all | — [pacific] local and GitHub already match
2026-09-29T03:26:56-10:00job:github_sync_all | — [pacific] nothing to push
2026-09-29T03:26:56-10:00job:github_sync_all | ↑ [database] committed 15 local file(s)
2026-09-29T03:26:56-10:00job:github_sync_all | ↓ [database] fetching origin/main
2026-09-29T03:26:56-10:00job:github_sync_all | From github.com:RootRecord-Software-Solutions/RootRecord-Database
2026-09-29T03:26:56-10:00job:github_sync_all | * branch            main       -> FETCH_HEAD
2026-09-29T03:26:56-10:00job:github_sync_all | ↑ [database] local is ahead of GitHub
2026-09-29T03:26:56-10:00job:github_sync_all | To github.com:RootRecord-Software-Solutions/RootRecord-Database.git
2026-09-29T03:26:56-10:00job:github_sync_all | 66cbae7..5fad498  HEAD -> main
2026-09-29T03:26:56-10:00job:github_sync_all | branch 'main' set up to track 'origin/main'.
2026-09-29T03:26:56-10:00job:github_sync_all | ↑ [database] 15 files → RootRecord-Software-Solutions/RootRecord-Database (main)
2026-09-29T03:26:56-10:00job:github_sync_all | — [library] no local changes
2026-09-29T03:26:56-10:00job:github_sync_all | ↓ [library] fetching origin/main
2026-09-29T03:26:56-10:00job:github_sync_all | From github.com:RootRecord-Software-Solutions/RootRecord-Library
2026-09-29T03:26:56-10:00job:github_sync_all | * branch            main       -> FETCH_HEAD
2026-09-29T03:26:56-10:00job:github_sync_all | — [library] local and GitHub already match
2026-09-29T03:26:56-10:00job:github_sync_all | — [library] nothing to push
2026-09-29T03:26:56-10:00job:github_sync_all | — [skills] no local changes
2026-09-29T03:26:56-10:00job:github_sync_all | ↓ [skills] fetching origin/main
2026-09-29T03:26:56-10:00job:github_sync_all | From github.com:rootrecordsoftwaresolutions/Solar-Pacific-RootRecord-Server
2026-09-29T03:26:56-10:00job:github_sync_all | * branch            main       -> FETCH_HEAD
2026-09-29T03:26:56-10:00job:github_sync_all | — [skills] local and GitHub already match
2026-09-29T03:26:56-10:00job:github_sync_all | — [skills] nothing to push
2026-09-29T03:26:56-10:00job:security_camera_frame_grab RUN  bash "/home/rootrecord/RootRecord-Ecosystem/1 - Servers/1 - RootRecord-Pacific-Solar-Server/Security/Cameras/grab_all.sh"
2026-09-29T03:27:07-10:00job:security_camera_frame_grab | 03:26:56  📷  a-eyes  ch1 → ch1-20260929T132656Z.jpg  (314.5 KB, 4.25s)
2026-09-29T03:27:07-10:00job:security_camera_frame_grab | 03:27:00  📷  a-eyes  ch2 → ch2-20260929T132700Z.jpg  (341.9 KB, 4.38s)
2026-09-29T03:27:07-10:00job:security_camera_frame_grab | 03:27:04  📷  a-eyes  ch3 → ch3-20260929T132704Z.jpg  (12.1 KB, 1.47s)
2026-09-29T03:27:07-10:00job:security_camera_frame_grab | 03:27:06  📷  a-eyes  ch4 → ch4-20260929T132706Z.jpg  (12.1 KB, 1.59s)
2026-09-29T03:27:23-10:00  ▸  SUMMARY=river2pro soc=5.24% solar=0W ac_out=— usbc=0W src=ble db=ok
2026-09-29T03:27:23-10:00job:sys_stats_cycle RUN  bash "/home/rootrecord/RootRecord-Ecosystem/1 - Servers/1 - RootRecord-Pacific-Solar-Server/System/scripts/sys-sample.sh"
2026-09-29T03:27:23-10:00job:sys_stats_cycle | SYSTEM  cpu=7%  load=0.82  mem=38%  src=sqlite
2026-09-29T03:27:23-10:00job:sys_stats_cycle | OK wrote /home/rootrecord/RootRecord-Ecosystem/2 - RootRecord-Database/System/samples/sys-20260929-032723.json
2026-09-29T03:27:47-10:00job:github_sync_all | — [pacific] no local changes
2026-09-29T03:27:47-10:00job:github_sync_all | ↓ [pacific] fetching origin/main
2026-09-29T03:27:47-10:00job:github_sync_all | From github.com:RootRecord-Software-Solutions/RootRecord-Pacific-Solar-Server
2026-09-29T03:27:47-10:00job:github_sync_all | * branch            main       -> FETCH_HEAD
2026-09-29T03:27:47-10:00job:github_sync_all | — [pacific] local and GitHub already match
2026-09-29T03:27:47-10:00job:github_sync_all | — [pacific] nothing to push
2026-09-29T03:27:47-10:00job:github_sync_all | ↑ [database] committed 12 local file(s)
2026-09-29T03:27:47-10:00job:github_sync_all | ↓ [database] fetching origin/main
2026-09-29T03:27:47-10:00job:github_sync_all | From github.com:RootRecord-Software-Solutions/RootRecord-Database
2026-09-29T03:27:47-10:00job:github_sync_all | * branch            main       -> FETCH_HEAD
2026-09-29T03:27:47-10:00job:github_sync_all | ↑ [database] local is ahead of GitHub
2026-09-29T03:27:47-10:00job:github_sync_all | To github.com:RootRecord-Software-Solutions/RootRecord-Database.git
2026-09-29T03:27:47-10:00job:github_sync_all | 5fad498..c7d9f9c  HEAD -> main
2026-09-29T03:27:47-10:00job:github_sync_all | branch 'main' set up to track 'origin/main'.
2026-09-29T03:27:47-10:00job:github_sync_all | ↑ [database] 12 files → RootRecord-Software-Solutions/RootRecord-Database (main)
2026-09-29T03:27:47-10:00job:github_sync_all | — [library] no local changes
2026-09-29T03:27:47-10:00job:github_sync_all | ↓ [library] fetching origin/main
2026-09-29T03:27:47-10:00job:github_sync_all | From github.com:RootRecord-Software-Solutions/RootRecord-Library
2026-09-29T03:27:47-10:00job:github_sync_all | * branch            main       -> FETCH_HEAD
2026-09-29T03:27:47-10:00job:github_sync_all | — [library] local and GitHub already match
2026-09-29T03:27:47-10:00job:github_sync_all | — [library] nothing to push
2026-09-29T03:27:47-10:00job:github_sync_all | — [skills] no local changes
2026-09-29T03:27:47-10:00job:github_sync_all | ↓ [skills] fetching origin/main
2026-09-29T03:27:47-10:00job:github_sync_all | From github.com:rootrecordsoftwaresolutions/Solar-Pacific-RootRecord-Server
2026-09-29T03:27:47-10:00job:github_sync_all | * branch            main       -> FETCH_HEAD
2026-09-29T03:27:47-10:00job:github_sync_all | — [skills] local and GitHub already match
2026-09-29T03:27:47-10:00job:github_sync_all | — [skills] nothing to push
2026-09-29T03:27:47-10:00job:worklog_scan RUN  bash "/home/rootrecord/RootRecord-Ecosystem/1 - Servers/1 - RootRecord-Pacific-Solar-Server/Reports/scripts/worklog_once.sh"
2026-09-29T03:27:50-10:00job:worklog_scan | OK wrote/updated /home/rootrecord/RootRecord-Ecosystem/2 - RootRecord-Database/Worklog/worklog_current.md
2026-09-29T03:27:50-10:00job:security_camera_frame_grab RUN  bash "/home/rootrecord/RootRecord-Ecosystem/1 - Servers/1 - RootRecord-Pacific-Solar-Server/Security/Cameras/grab_all.sh"
2026-09-29T03:28:01-10:00job:security_camera_frame_grab | 03:27:50  📷  a-eyes  ch1 → ch1-20260929T132750Z.jpg  (313.1 KB, 4.38s)
2026-09-29T03:28:01-10:00job:security_camera_frame_grab | 03:27:54  📷  a-eyes  ch2 → ch2-20260929T132754Z.jpg  (340.5 KB, 4.30s)
2026-09-29T03:28:01-10:00job:security_camera_frame_grab | 03:27:58  📷  a-eyes  ch3 → ch3-20260929T132758Z.jpg  (12.2 KB, 1.49s)
2026-09-29T03:28:01-10:00job:security_camera_frame_grab | 03:28:00  📷  a-eyes  ch4 → ch4-20260929T132800Z.jpg  (12.1 KB, 1.50s)
2026-09-29T03:28:02-10:00ENERGY  status=live  B2=50.5%  B1=5.2%  solar=0 W  ac=72 W  usbc=19 W  src=/home/rootrecord/RootRecord-Ecosystem/2 - RootRecord-Database/Energy
2026-09-29T03:28:17-10:00  ▸  SUMMARY=delta2 soc=50.08% solar=0W ac_out=74W usbc=23W src=ble db=ok
2026-09-29T03:28:17-10:00job:sys_stats_cycle RUN  bash "/home/rootrecord/RootRecord-Ecosystem/1 - Servers/1 - RootRecord-Pacific-Solar-Server/System/scripts/sys-sample.sh"
2026-09-29T03:28:18-10:00job:sys_stats_cycle | SYSTEM  cpu=8%  load=0.87  mem=39%  src=sqlite
2026-09-29T03:28:18-10:00job:sys_stats_cycle | OK wrote /home/rootrecord/RootRecord-Ecosystem/2 - RootRecord-Database/System/samples/sys-20260929-032818.json
2026-09-29T03:28:43-10:00job:github_sync_all | — [pacific] no local changes
2026-09-29T03:28:43-10:00job:github_sync_all | ↓ [pacific] fetching origin/main
2026-09-29T03:28:43-10:00job:github_sync_all | From github.com:RootRecord-Software-Solutions/RootRecord-Pacific-Solar-Server
2026-09-29T03:28:43-10:00job:github_sync_all | * branch            main       -> FETCH_HEAD
2026-09-29T03:28:43-10:00job:github_sync_all | — [pacific] local and GitHub already match
2026-09-29T03:28:43-10:00job:github_sync_all | — [pacific] nothing to push
2026-09-29T03:28:43-10:00job:github_sync_all | ↑ [database] committed 16 local file(s)
2026-09-29T03:28:43-10:00job:github_sync_all | ↓ [database] fetching origin/main
2026-09-29T03:28:43-10:00job:github_sync_all | From github.com:RootRecord-Software-Solutions/RootRecord-Database
2026-09-29T03:28:43-10:00job:github_sync_all | * branch            main       -> FETCH_HEAD
2026-09-29T03:28:43-10:00job:github_sync_all | ↑ [database] local is ahead of GitHub
2026-09-29T03:28:43-10:00job:github_sync_all | To github.com:RootRecord-Software-Solutions/RootRecord-Database.git
2026-09-29T03:28:43-10:00job:github_sync_all | c7d9f9c..2423c9f  HEAD -> main
2026-09-29T03:28:43-10:00job:github_sync_all | branch 'main' set up to track 'origin/main'.
2026-09-29T03:28:43-10:00job:github_sync_all | ↑ [database] 16 files → RootRecord-Software-Solutions/RootRecord-Database (main)
2026-09-29T03:28:43-10:00job:github_sync_all | — [library] no local changes
2026-09-29T03:28:43-10:00job:github_sync_all | ↓ [library] fetching origin/main
2026-09-29T03:28:43-10:00job:github_sync_all | From github.com:RootRecord-Software-Solutions/RootRecord-Library
2026-09-29T03:28:43-10:00job:github_sync_all | * branch            main       -> FETCH_HEAD
2026-09-29T03:28:43-10:00job:github_sync_all | — [library] local and GitHub already match
2026-09-29T03:28:43-10:00job:github_sync_all | — [library] nothing to push
2026-09-29T03:28:43-10:00job:github_sync_all | — [skills] no local changes
2026-09-29T03:28:43-10:00job:github_sync_all | ↓ [skills] fetching origin/main
2026-09-29T03:28:43-10:00job:github_sync_all | From github.com:rootrecordsoftwaresolutions/Solar-Pacific-RootRecord-Server
2026-09-29T03:28:43-10:00job:github_sync_all | * branch            main       -> FETCH_HEAD
2026-09-29T03:28:43-10:00job:github_sync_all | — [skills] local and GitHub already match
2026-09-29T03:28:43-10:00job:github_sync_all | — [skills] nothing to push
2026-09-29T03:28:43-10:00job:security_camera_frame_grab RUN  bash "/home/rootrecord/RootRecord-Ecosystem/1 - Servers/1 - RootRecord-Pacific-Solar-Server/Security/Cameras/grab_all.sh"
2026-09-29T03:28:55-10:00job:security_camera_frame_grab | 03:28:43  📷  a-eyes  ch1 → ch1-20260929T132843Z.jpg  (315.4 KB, 4.36s)
2026-09-29T03:28:55-10:00job:security_camera_frame_grab | 03:28:47  📷  a-eyes  ch2 → ch2-20260929T132847Z.jpg  (342.6 KB, 4.46s)
2026-09-29T03:28:55-10:00job:security_camera_frame_grab | 03:28:52  📷  a-eyes  ch3 → ch3-20260929T132852Z.jpg  (12.2 KB, 1.50s)
2026-09-29T03:28:55-10:00job:security_camera_frame_grab | 03:28:54  📷  a-eyes  ch4 → ch4-20260929T132854Z.jpg  (12.2 KB, 1.53s)
2026-09-29T03:29:11-10:00  ▸  SUMMARY=river2pro soc=5.24% solar=0W ac_out=— usbc=0W src=ble db=ok
2026-09-29T03:29:11-10:00job:sys_stats_cycle RUN  bash "/home/rootrecord/RootRecord-Ecosystem/1 - Servers/1 - RootRecord-Pacific-Solar-Server/System/scripts/sys-sample.sh"
2026-09-29T03:29:11-10:00job:sys_stats_cycle | SYSTEM  cpu=6%  load=1.92  mem=46%  src=sqlite
2026-09-29T03:29:11-10:00job:sys_stats_cycle | OK wrote /home/rootrecord/RootRecord-Ecosystem/2 - RootRecord-Database/System/samples/sys-20260929-032911.json
2026-09-29T03:29:41-10:00job:github_sync_all | ↑ [pacific] committed 3 local file(s)
2026-09-29T03:29:41-10:00job:github_sync_all | ↓ [pacific] fetching origin/main
2026-09-29T03:29:41-10:00job:github_sync_all | From github.com:RootRecord-Software-Solutions/RootRecord-Pacific-Solar-Server
2026-09-29T03:29:41-10:00job:github_sync_all | * branch            main       -> FETCH_HEAD
2026-09-29T03:29:41-10:00job:github_sync_all | ↑ [pacific] local is ahead of GitHub
2026-09-29T03:29:41-10:00job:github_sync_all | To github.com:RootRecord-Software-Solutions/RootRecord-Pacific-Solar-Server.git
2026-09-29T03:29:41-10:00job:github_sync_all | 0b7be45..753168e  HEAD -> main
2026-09-29T03:29:41-10:00job:github_sync_all | branch 'main' set up to track 'origin/main'.
2026-09-29T03:29:41-10:00job:github_sync_all | ↑ [pacific] 3 files → RootRecord-Software-Solutions/RootRecord-Pacific-Solar-Server (main)
2026-09-29T03:29:41-10:00job:github_sync_all | ↑ [database] committed 12 local file(s)
2026-09-29T03:29:41-10:00job:github_sync_all | ↓ [database] fetching origin/main
2026-09-29T03:29:41-10:00job:github_sync_all | From github.com:RootRecord-Software-Solutions/RootRecord-Database
2026-09-29T03:29:41-10:00job:github_sync_all | * branch            main       -> FETCH_HEAD
2026-09-29T03:29:41-10:00job:github_sync_all | ↑ [database] local is ahead of GitHub
2026-09-29T03:29:41-10:00job:github_sync_all | To github.com:RootRecord-Software-Solutions/RootRecord-Database.git
2026-09-29T03:29:41-10:00job:github_sync_all | 2423c9f..4833503  HEAD -> main
2026-09-29T03:29:41-10:00job:github_sync_all | branch 'main' set up to track 'origin/main'.
2026-09-29T03:29:41-10:00job:github_sync_all | ↑ [database] 12 files → RootRecord-Software-Solutions/RootRecord-Database (main)
2026-09-29T03:29:41-10:00job:github_sync_all | — [library] no local changes
2026-09-29T03:29:41-10:00job:github_sync_all | ↓ [library] fetching origin/main
2026-09-29T03:29:41-10:00job:github_sync_all | From github.com:RootRecord-Software-Solutions/RootRecord-Library
2026-09-29T03:29:41-10:00job:github_sync_all | * branch            main       -> FETCH_HEAD
2026-09-29T03:29:41-10:00job:github_sync_all | — [library] local and GitHub already match
2026-09-29T03:29:41-10:00job:github_sync_all | — [library] nothing to push
2026-09-29T03:29:41-10:00job:github_sync_all | — [skills] no local changes
2026-09-29T03:29:41-10:00job:github_sync_all | ↓ [skills] fetching origin/main
2026-09-29T03:29:41-10:00job:github_sync_all | From github.com:rootrecordsoftwaresolutions/Solar-Pacific-RootRecord-Server
2026-09-29T03:29:41-10:00job:github_sync_all | * branch            main       -> FETCH_HEAD
2026-09-29T03:29:41-10:00job:github_sync_all | — [skills] local and GitHub already match
2026-09-29T03:29:41-10:00job:github_sync_all | — [skills] nothing to push
2026-09-29T03:29:41-10:00job:worklog_scan RUN  bash "/home/rootrecord/RootRecord-Ecosystem/1 - Servers/1 - RootRecord-Pacific-Solar-Server/Reports/scripts/worklog_once.sh"
2026-09-29T03:29:44-10:00job:worklog_scan | OK wrote/updated /home/rootrecord/RootRecord-Ecosystem/2 - RootRecord-Database/Worklog/worklog_current.md
2026-09-29T03:29:44-10:00job:security_camera_frame_grab RUN  bash "/home/rootrecord/RootRecord-Ecosystem/1 - Servers/1 - RootRecord-Pacific-Solar-Server/Security/Cameras/grab_all.sh"
2026-09-29T03:29:56-10:00job:security_camera_frame_grab | 03:29:44  📷  a-eyes  ch1 → ch1-20260929T132944Z.jpg  (313.0 KB, 4.48s)
2026-09-29T03:29:56-10:00job:security_camera_frame_grab | 03:29:48  📷  a-eyes  ch2 → ch2-20260929T132948Z.jpg  (342.3 KB, 4.38s)
2026-09-29T03:29:56-10:00job:security_camera_frame_grab | 03:29:52  📷  a-eyes  ch3 → ch3-20260929T132952Z.jpg  (12.2 KB, 1.54s)
2026-09-29T03:29:56-10:00job:security_camera_frame_grab | 03:29:54  📷  a-eyes  ch4 → ch4-20260929T132954Z.jpg  (12.1 KB, 1.64s)
2026-09-29T03:29:56-10:00ENERGY  status=live  B2=50.1%  B1=5.2%  solar=0 W  ac=74 W  usbc=23 W  src=/home/rootrecord/RootRecord-Ecosystem/2 - RootRecord-Database/Energy
2026-09-29T03:30:11-10:00  ▸  SUMMARY=river2pro soc=5.24% solar=0W ac_out=— usbc=0W src=ble db=ok
2026-09-29T03:30:11-10:00job:sys_stats_cycle RUN  bash "/home/rootrecord/RootRecord-Ecosystem/1 - Servers/1 - RootRecord-Pacific-Solar-Server/System/scripts/sys-sample.sh"
2026-09-29T03:30:12-10:00job:sys_stats_cycle | SYSTEM  cpu=7%  load=1.62  mem=47%  src=sqlite
2026-09-29T03:30:12-10:00job:sys_stats_cycle | OK wrote /home/rootrecord/RootRecord-Ecosystem/2 - RootRecord-Database/System/samples/sys-20260929-033011.json
2026-09-29T03:30:52-10:00job:github_sync_all | ↑ [pacific] committed 1 local file(s)
2026-09-29T03:30:52-10:00job:github_sync_all | ↓ [pacific] fetching origin/main
2026-09-29T03:30:52-10:00job:github_sync_all | From github.com:RootRecord-Software-Solutions/RootRecord-Pacific-Solar-Server
2026-09-29T03:30:52-10:00job:github_sync_all | * branch            main       -> FETCH_HEAD
2026-09-29T03:30:52-10:00job:github_sync_all | ↑ [pacific] local is ahead of GitHub
2026-09-29T03:30:52-10:00job:github_sync_all | To github.com:RootRecord-Software-Solutions/RootRecord-Pacific-Solar-Server.git
2026-09-29T03:30:52-10:00job:github_sync_all | 753168e..7000197  HEAD -> main
2026-09-29T03:30:52-10:00job:github_sync_all | branch 'main' set up to track 'origin/main'.
2026-09-29T03:30:52-10:00job:github_sync_all | ↑ [pacific] 1 files → RootRecord-Software-Solutions/RootRecord-Pacific-Solar-Server (main)
2026-09-29T03:30:52-10:00job:github_sync_all | ↑ [database] committed 18 local file(s)
2026-09-29T03:30:52-10:00job:github_sync_all | ↓ [database] fetching origin/main
2026-09-29T03:30:52-10:00job:github_sync_all | From github.com:RootRecord-Software-Solutions/RootRecord-Database
2026-09-29T03:30:52-10:00job:github_sync_all | * branch            main       -> FETCH_HEAD
2026-09-29T03:30:52-10:00job:github_sync_all | ↑ [database] local is ahead of GitHub
2026-09-29T03:30:52-10:00job:github_sync_all | To github.com:RootRecord-Software-Solutions/RootRecord-Database.git
2026-09-29T03:30:52-10:00job:github_sync_all | 4833503..e642ce4  HEAD -> main
2026-09-29T03:30:52-10:00job:github_sync_all | branch 'main' set up to track 'origin/main'.
2026-09-29T03:30:52-10:00job:github_sync_all | ↑ [database] 18 files → RootRecord-Software-Solutions/RootRecord-Database (main)
2026-09-29T03:30:52-10:00job:github_sync_all | ↑ [library] committed 1 local file(s)
2026-09-29T03:30:52-10:00job:github_sync_all | ↓ [library] fetching origin/main
2026-09-29T03:30:52-10:00job:github_sync_all | From github.com:RootRecord-Software-Solutions/RootRecord-Library
2026-09-29T03:30:52-10:00job:github_sync_all | * branch            main       -> FETCH_HEAD
2026-09-29T03:30:52-10:00job:github_sync_all | ↑ [library] local is ahead of GitHub
2026-09-29T03:30:52-10:00job:github_sync_all | To github.com:RootRecord-Software-Solutions/RootRecord-Library.git
2026-09-29T03:30:52-10:00job:github_sync_all | 7d2e79b..e023b08  HEAD -> main
2026-09-29T03:30:52-10:00job:github_sync_all | branch 'main' set up to track 'origin/main'.
2026-09-29T03:30:52-10:00job:github_sync_all | ↑ [library] 1 files → RootRecord-Software-Solutions/RootRecord-Library (main)
2026-09-29T03:30:52-10:00job:github_sync_all | — [skills] no local changes
2026-09-29T03:30:52-10:00job:github_sync_all | ↓ [skills] fetching origin/main
2026-09-29T03:30:52-10:00job:github_sync_all | From github.com:rootrecordsoftwaresolutions/Solar-Pacific-RootRecord-Server
2026-09-29T03:30:52-10:00job:github_sync_all | * branch            main       -> FETCH_HEAD
2026-09-29T03:30:52-10:00job:github_sync_all | — [skills] local and GitHub already match
2026-09-29T03:30:52-10:00job:github_sync_all | — [skills] nothing to push
2026-09-29T03:30:52-10:00job:security_camera_frame_grab RUN  bash "/home/rootrecord/RootRecord-Ecosystem/1 - Servers/1 - RootRecord-Pacific-Solar-Server/Security/Cameras/grab_all.sh"
2026-09-29T03:31:04-10:00job:security_camera_frame_grab | 03:30:52  📷  a-eyes  ch1 → ch1-20260929T133052Z.jpg  (312.5 KB, 4.35s)
2026-09-29T03:31:04-10:00job:security_camera_frame_grab | 03:30:57  📷  a-eyes  ch2 → ch2-20260929T133057Z.jpg  (342.0 KB, 4.38s)
2026-09-29T03:31:04-10:00job:security_camera_frame_grab | 03:31:01  📷  a-eyes  ch3 → ch3-20260929T133101Z.jpg  (12.1 KB, 1.60s)
2026-09-29T03:31:04-10:00job:security_camera_frame_grab | 03:31:03  📷  a-eyes  ch4 → ch4-20260929T133103Z.jpg  (12.0 KB, 1.62s)
2026-09-29T03:31:05-10:00ENERGY  status=live  B2=50.1%  B1=5.2%  solar=0 W  ac=74 W  usbc=23 W  src=/home/rootrecord/RootRecord-Ecosystem/2 - RootRecord-Database/Energy
2026-09-29T03:31:19-10:00  ▸  SUMMARY=river2pro soc=5.24% solar=0W ac_out=— usbc=0W src=ble db=ok
2026-09-29T03:31:19-10:00job:sys_stats_cycle RUN  bash "/home/rootrecord/RootRecord-Ecosystem/1 - Servers/1 - RootRecord-Pacific-Solar-Server/System/scripts/sys-sample.sh"
2026-09-29T03:31:20-10:00job:sys_stats_cycle | SYSTEM  cpu=9%  load=1.83  mem=46%  src=sqlite
2026-09-29T03:31:20-10:00job:sys_stats_cycle | OK wrote /home/rootrecord/RootRecord-Ecosystem/2 - RootRecord-Database/System/samples/sys-20260929-033120.json
2026-09-29T03:31:49-10:00job:github_sync_all | ↑ [pacific] committed 1 local file(s)
2026-09-29T03:31:49-10:00job:github_sync_all | ↓ [pacific] fetching origin/main
2026-09-29T03:31:49-10:00job:github_sync_all | From github.com:RootRecord-Software-Solutions/RootRecord-Pacific-Solar-Server
2026-09-29T03:31:49-10:00job:github_sync_all | * branch            main       -> FETCH_HEAD
2026-09-29T03:31:49-10:00job:github_sync_all | ↑ [pacific] local is ahead of GitHub
2026-09-29T03:31:49-10:00job:github_sync_all | To github.com:RootRecord-Software-Solutions/RootRecord-Pacific-Solar-Server.git
2026-09-29T03:31:49-10:00job:github_sync_all | 7000197..fbc9942  HEAD -> main
2026-09-29T03:31:49-10:00job:github_sync_all | branch 'main' set up to track 'origin/main'.
2026-09-29T03:31:49-10:00job:github_sync_all | ↑ [pacific] 1 files → RootRecord-Software-Solutions/RootRecord-Pacific-Solar-Server (main)
2026-09-29T03:31:49-10:00job:github_sync_all | ↑ [database] committed 13 local file(s)
2026-09-29T03:31:49-10:00job:github_sync_all | ↓ [database] fetching origin/main
2026-09-29T03:31:49-10:00job:github_sync_all | From github.com:RootRecord-Software-Solutions/RootRecord-Database
2026-09-29T03:31:49-10:00job:github_sync_all | * branch            main       -> FETCH_HEAD
2026-09-29T03:31:49-10:00job:github_sync_all | ↑ [database] local is ahead of GitHub
2026-09-29T03:31:49-10:00job:github_sync_all | To github.com:RootRecord-Software-Solutions/RootRecord-Database.git
2026-09-29T03:31:49-10:00job:github_sync_all | e642ce4..dc382a2  HEAD -> main
2026-09-29T03:31:49-10:00job:github_sync_all | branch 'main' set up to track 'origin/main'.
2026-09-29T03:31:49-10:00job:github_sync_all | ↑ [database] 13 files → RootRecord-Software-Solutions/RootRecord-Database (main)
2026-09-29T03:31:49-10:00job:github_sync_all | — [library] no local changes
2026-09-29T03:31:49-10:00job:github_sync_all | ↓ [library] fetching origin/main
2026-09-29T03:31:49-10:00job:github_sync_all | From github.com:RootRecord-Software-Solutions/RootRecord-Library
2026-09-29T03:31:49-10:00job:github_sync_all | * branch            main       -> FETCH_HEAD
2026-09-29T03:31:49-10:00job:github_sync_all | — [library] local and GitHub already match
2026-09-29T03:31:49-10:00job:github_sync_all | — [library] nothing to push
2026-09-29T03:31:49-10:00job:github_sync_all | — [skills] no local changes
2026-09-29T03:31:49-10:00job:github_sync_all | ↓ [skills] fetching origin/main
2026-09-29T03:31:49-10:00job:github_sync_all | From github.com:rootrecordsoftwaresolutions/Solar-Pacific-RootRecord-Server
2026-09-29T03:31:49-10:00job:github_sync_all | * branch            main       -> FETCH_HEAD
2026-09-29T03:31:49-10:00job:github_sync_all | — [skills] local and GitHub already match
2026-09-29T03:31:49-10:00job:github_sync_all | — [skills] nothing to push
2026-09-29T03:31:49-10:00job:worklog_scan RUN  bash "/home/rootrecord/RootRecord-Ecosystem/1 - Servers/1 - RootRecord-Pacific-Solar-Server/Reports/scripts/worklog_once.sh"
2026-09-29T03:31:54-10:00job:worklog_scan | OK wrote/updated /home/rootrecord/RootRecord-Ecosystem/2 - RootRecord-Database/Worklog/worklog_current.md
2026-09-29T03:31:54-10:00job:security_camera_frame_grab RUN  bash "/home/rootrecord/RootRecord-Ecosystem/1 - Servers/1 - RootRecord-Pacific-Solar-Server/Security/Cameras/grab_all.sh"
2026-09-29T03:32:06-10:00job:security_camera_frame_grab | 03:31:54  📷  a-eyes  ch1 → ch1-20260929T133154Z.jpg  (314.1 KB, 4.42s)
2026-09-29T03:32:06-10:00job:security_camera_frame_grab | 03:31:58  📷  a-eyes  ch2 → ch2-20260929T133158Z.jpg  (342.3 KB, 4.38s)
2026-09-29T03:32:06-10:00job:security_camera_frame_grab | 03:32:03  📷  a-eyes  ch3 → ch3-20260929T133203Z.jpg  (12.2 KB, 1.61s)
2026-09-29T03:32:06-10:00job:security_camera_frame_grab | 03:32:04  📷  a-eyes  ch4 → ch4-20260929T133204Z.jpg  (12.1 KB, 1.61s)
2026-09-29T03:32:06-10:00ENERGY  status=live  B2=50.1%  B1=5.2%  solar=0 W  ac=74 W  usbc=23 W  src=/home/rootrecord/RootRecord-Ecosystem/2 - RootRecord-Database/Energy
2026-09-29T03:32:21-10:00  ▸  SUMMARY=river2pro soc=5.24% solar=0W ac_out=— usbc=0W src=ble db=ok
2026-09-29T03:32:21-10:00job:sys_stats_cycle RUN  bash "/home/rootrecord/RootRecord-Ecosystem/1 - Servers/1 - RootRecord-Pacific-Solar-Server/System/scripts/sys-sample.sh"
2026-09-29T03:32:22-10:00job:sys_stats_cycle | SYSTEM  cpu=3%  load=1.01  mem=46%  src=sqlite
2026-09-29T03:32:22-10:00job:sys_stats_cycle | OK wrote /home/rootrecord/RootRecord-Ecosystem/2 - RootRecord-Database/System/samples/sys-20260929-033222.json
2026-09-29T03:32:49-10:00job:github_sync_all | — [pacific] no local changes
2026-09-29T03:32:49-10:00job:github_sync_all | ↓ [pacific] fetching origin/main
2026-09-29T03:32:49-10:00job:github_sync_all | From github.com:RootRecord-Software-Solutions/RootRecord-Pacific-Solar-Server
2026-09-29T03:32:49-10:00job:github_sync_all | * branch            main       -> FETCH_HEAD
2026-09-29T03:32:49-10:00job:github_sync_all | — [pacific] local and GitHub already match
2026-09-29T03:32:49-10:00job:github_sync_all | — [pacific] nothing to push
2026-09-29T03:32:49-10:00job:github_sync_all | ↑ [database] committed 16 local file(s)
2026-09-29T03:32:49-10:00job:github_sync_all | ↓ [database] fetching origin/main
2026-09-29T03:32:49-10:00job:github_sync_all | From github.com:RootRecord-Software-Solutions/RootRecord-Database
2026-09-29T03:32:49-10:00job:github_sync_all | * branch            main       -> FETCH_HEAD
2026-09-29T03:32:49-10:00job:github_sync_all | ↑ [database] local is ahead of GitHub
2026-09-29T03:32:49-10:00job:github_sync_all | To github.com:RootRecord-Software-Solutions/RootRecord-Database.git
2026-09-29T03:32:49-10:00job:github_sync_all | dc382a2..d4e9de8  HEAD -> main
2026-09-29T03:32:49-10:00job:github_sync_all | branch 'main' set up to track 'origin/main'.
2026-09-29T03:32:49-10:00job:github_sync_all | ↑ [database] 16 files → RootRecord-Software-Solutions/RootRecord-Database (main)
2026-09-29T03:32:49-10:00job:github_sync_all | — [library] no local changes
2026-09-29T03:32:49-10:00job:github_sync_all | ↓ [library] fetching origin/main
2026-09-29T03:32:49-10:00job:github_sync_all | From github.com:RootRecord-Software-Solutions/RootRecord-Library
2026-09-29T03:32:49-10:00job:github_sync_all | * branch            main       -> FETCH_HEAD
2026-09-29T03:32:49-10:00job:github_sync_all | — [library] local and GitHub already match
2026-09-29T03:32:49-10:00job:github_sync_all | — [library] nothing to push
2026-09-29T03:32:49-10:00job:github_sync_all | — [skills] no local changes
2026-09-29T03:32:49-10:00job:github_sync_all | ↓ [skills] fetching origin/main
2026-09-29T03:32:49-10:00job:github_sync_all | From github.com:rootrecordsoftwaresolutions/Solar-Pacific-RootRecord-Server
2026-09-29T03:32:49-10:00job:github_sync_all | * branch            main       -> FETCH_HEAD
2026-09-29T03:32:49-10:00job:github_sync_all | — [skills] local and GitHub already match
2026-09-29T03:32:49-10:00job:github_sync_all | — [skills] nothing to push
2026-09-29T03:32:49-10:00job:security_camera_frame_grab RUN  bash "/home/rootrecord/RootRecord-Ecosystem/1 - Servers/1 - RootRecord-Pacific-Solar-Server/Security/Cameras/grab_all.sh"
2026-09-29T03:33:00-10:00job:security_camera_frame_grab | 03:32:49  📷  a-eyes  ch1 → ch1-20260929T133249Z.jpg  (315.2 KB, 4.43s)
2026-09-29T03:33:00-10:00job:security_camera_frame_grab | 03:32:53  📷  a-eyes  ch2 → ch2-20260929T133253Z.jpg  (342.2 KB, 4.31s)
2026-09-29T03:33:00-10:00job:security_camera_frame_grab | 03:32:57  📷  a-eyes  ch3 → ch3-20260929T133257Z.jpg  (12.2 KB, 1.50s)
2026-09-29T03:33:00-10:00job:security_camera_frame_grab | 03:32:59  📷  a-eyes  ch4 → ch4-20260929T133259Z.jpg  (12.1 KB, 1.50s)
2026-09-29T03:33:16-10:00  ▸  SUMMARY=delta2 soc=48.87% solar=0W ac_out=89W usbc=17W src=ble db=ok
2026-09-29T03:33:16-10:00job:sys_stats_cycle RUN  bash "/home/rootrecord/RootRecord-Ecosystem/1 - Servers/1 - RootRecord-Pacific-Solar-Server/System/scripts/sys-sample.sh"
2026-09-29T03:33:17-10:00job:sys_stats_cycle | SYSTEM  cpu=5%  load=0.58  mem=45%  src=sqlite
2026-09-29T03:33:17-10:00job:sys_stats_cycle | OK wrote /home/rootrecord/RootRecord-Ecosystem/2 - RootRecord-Database/System/samples/sys-20260929-033317.json
2026-09-29T03:33:49-10:00job:github_sync_all | — [pacific] no local changes
2026-09-29T03:33:49-10:00job:github_sync_all | ↓ [pacific] fetching origin/main
2026-09-29T03:33:49-10:00job:github_sync_all | From github.com:RootRecord-Software-Solutions/RootRecord-Pacific-Solar-Server
2026-09-29T03:33:49-10:00job:github_sync_all | * branch            main       -> FETCH_HEAD
2026-09-29T03:33:49-10:00job:github_sync_all | — [pacific] local and GitHub already match
2026-09-29T03:33:49-10:00job:github_sync_all | — [pacific] nothing to push
2026-09-29T03:33:49-10:00job:github_sync_all | ↑ [database] committed 12 local file(s)
2026-09-29T03:33:49-10:00job:github_sync_all | ↓ [database] fetching origin/main
2026-09-29T03:33:49-10:00job:github_sync_all | From github.com:RootRecord-Software-Solutions/RootRecord-Database
2026-09-29T03:33:49-10:00job:github_sync_all | * branch            main       -> FETCH_HEAD
2026-09-29T03:33:49-10:00job:github_sync_all | ↑ [database] local is ahead of GitHub
2026-09-29T03:33:49-10:00job:github_sync_all | To github.com:RootRecord-Software-Solutions/RootRecord-Database.git
2026-09-29T03:33:49-10:00job:github_sync_all | d4e9de8..df12ffd  HEAD -> main
2026-09-29T03:33:49-10:00job:github_sync_all | branch 'main' set up to track 'origin/main'.
2026-09-29T03:33:49-10:00job:github_sync_all | ↑ [database] 12 files → RootRecord-Software-Solutions/RootRecord-Database (main)
2026-09-29T03:33:49-10:00job:github_sync_all | — [library] no local changes
2026-09-29T03:33:49-10:00job:github_sync_all | ↓ [library] fetching origin/main
2026-09-29T03:33:49-10:00job:github_sync_all | From github.com:RootRecord-Software-Solutions/RootRecord-Library
2026-09-29T03:33:49-10:00job:github_sync_all | * branch            main       -> FETCH_HEAD
2026-09-29T03:33:49-10:00job:github_sync_all | — [library] local and GitHub already match
2026-09-29T03:33:49-10:00job:github_sync_all | — [library] nothing to push
2026-09-29T03:33:49-10:00job:github_sync_all | — [skills] no local changes
2026-09-29T03:33:49-10:00job:github_sync_all | ↓ [skills] fetching origin/main
2026-09-29T03:33:49-10:00job:github_sync_all | From github.com:rootrecordsoftwaresolutions/Solar-Pacific-RootRecord-Server
2026-09-29T03:33:49-10:00job:github_sync_all | * branch            main       -> FETCH_HEAD
2026-09-29T03:33:49-10:00job:github_sync_all | — [skills] local and GitHub already match
2026-09-29T03:33:49-10:00job:github_sync_all | — [skills] nothing to push
2026-09-29T03:33:49-10:00job:worklog_scan RUN  bash "/home/rootrecord/RootRecord-Ecosystem/1 - Servers/1 - RootRecord-Pacific-Solar-Server/Reports/scripts/worklog_once.sh"
2026-09-29T03:33:52-10:00job:worklog_scan | OK wrote/updated /home/rootrecord/RootRecord-Ecosystem/2 - RootRecord-Database/Worklog/worklog_current.md
2026-09-29T03:33:52-10:00job:security_camera_frame_grab RUN  bash "/home/rootrecord/RootRecord-Ecosystem/1 - Servers/1 - RootRecord-Pacific-Solar-Server/Security/Cameras/grab_all.sh"
2026-09-29T03:34:04-10:00job:security_camera_frame_grab | 03:33:52  📷  a-eyes  ch1 → ch1-20260929T133352Z.jpg  (314.7 KB, 4.42s)
2026-09-29T03:34:04-10:00job:security_camera_frame_grab | 03:33:57  📷  a-eyes  ch2 → ch2-20260929T133357Z.jpg  (343.5 KB, 4.28s)
2026-09-29T03:34:04-10:00job:security_camera_frame_grab | 03:34:01  📷  a-eyes  ch3 → ch3-20260929T133401Z.jpg  (12.1 KB, 1.71s)
2026-09-29T03:34:04-10:00job:security_camera_frame_grab | 03:34:03  📷  a-eyes  ch4 → ch4-20260929T133403Z.jpg  (12.0 KB, 1.62s)
2026-09-29T03:34:05-10:00ENERGY  status=live  B2=48.9%  B1=5.2%  solar=0 W  ac=89 W  usbc=17 W  src=/home/rootrecord/RootRecord-Ecosystem/2 - RootRecord-Database/Energy
2026-09-29T03:34:20-10:00  ▸  SUMMARY=river2pro soc=5.24% solar=0W ac_out=— usbc=0W src=ble db=ok
2026-09-29T03:34:20-10:00job:sys_stats_cycle RUN  bash "/home/rootrecord/RootRecord-Ecosystem/1 - Servers/1 - RootRecord-Pacific-Solar-Server/System/scripts/sys-sample.sh"
2026-09-29T03:34:21-10:00job:sys_stats_cycle | SYSTEM  cpu=4%  load=0.66  mem=45%  src=sqlite
2026-09-29T03:34:21-10:00job:sys_stats_cycle | OK wrote /home/rootrecord/RootRecord-Ecosystem/2 - RootRecord-Database/System/samples/sys-20260929-033421.json
2026-09-29T03:34:46-10:00job:github_sync_all | — [pacific] no local changes
2026-09-29T03:34:46-10:00job:github_sync_all | ↓ [pacific] fetching origin/main
2026-09-29T03:34:46-10:00job:github_sync_all | From github.com:RootRecord-Software-Solutions/RootRecord-Pacific-Solar-Server
2026-09-29T03:34:46-10:00job:github_sync_all | * branch            main       -> FETCH_HEAD
2026-09-29T03:34:46-10:00job:github_sync_all | — [pacific] local and GitHub already match
2026-09-29T03:34:46-10:00job:github_sync_all | — [pacific] nothing to push
2026-09-29T03:34:46-10:00job:github_sync_all | ↑ [database] committed 16 local file(s)
2026-09-29T03:34:46-10:00job:github_sync_all | ↓ [database] fetching origin/main
2026-09-29T03:34:46-10:00job:github_sync_all | From github.com:RootRecord-Software-Solutions/RootRecord-Database
2026-09-29T03:34:46-10:00job:github_sync_all | * branch            main       -> FETCH_HEAD
2026-09-29T03:34:46-10:00job:github_sync_all | ↑ [database] local is ahead of GitHub
2026-09-29T03:34:46-10:00job:github_sync_all | To github.com:RootRecord-Software-Solutions/RootRecord-Database.git
2026-09-29T03:34:46-10:00job:github_sync_all | df12ffd..56127d6  HEAD -> main
2026-09-29T03:34:46-10:00job:github_sync_all | branch 'main' set up to track 'origin/main'.
2026-09-29T03:34:46-10:00job:github_sync_all | ↑ [database] 16 files → RootRecord-Software-Solutions/RootRecord-Database (main)
2026-09-29T03:34:46-10:00job:github_sync_all | — [library] no local changes
2026-09-29T03:34:46-10:00job:github_sync_all | ↓ [library] fetching origin/main
2026-09-29T03:34:46-10:00job:github_sync_all | From github.com:RootRecord-Software-Solutions/RootRecord-Library
2026-09-29T03:34:46-10:00job:github_sync_all | * branch            main       -> FETCH_HEAD
2026-09-29T03:34:46-10:00job:github_sync_all | — [library] local and GitHub already match
2026-09-29T03:34:46-10:00job:github_sync_all | — [library] nothing to push
2026-09-29T03:34:46-10:00job:github_sync_all | — [skills] no local changes
2026-09-29T03:34:46-10:00job:github_sync_all | ↓ [skills] fetching origin/main
2026-09-29T03:34:46-10:00job:github_sync_all | From github.com:rootrecordsoftwaresolutions/Solar-Pacific-RootRecord-Server
2026-09-29T03:34:46-10:00job:github_sync_all | * branch            main       -> FETCH_HEAD
2026-09-29T03:34:46-10:00job:github_sync_all | — [skills] local and GitHub already match
2026-09-29T03:34:46-10:00job:github_sync_all | — [skills] nothing to push
2026-09-29T03:34:46-10:00job:security_camera_frame_grab RUN  bash "/home/rootrecord/RootRecord-Ecosystem/1 - Servers/1 - RootRecord-Pacific-Solar-Server/Security/Cameras/grab_all.sh"
2026-09-29T03:34:59-10:00job:security_camera_frame_grab | 03:34:47  📷  a-eyes  ch1 → ch1-20260929T133447Z.jpg  (314.8 KB, 4.55s)
2026-09-29T03:34:59-10:00job:security_camera_frame_grab | 03:34:51  📷  a-eyes  ch2 → ch2-20260929T133451Z.jpg  (343.2 KB, 4.48s)
2026-09-29T03:34:59-10:00job:security_camera_frame_grab | 03:34:56  📷  a-eyes  ch3 → ch3-20260929T133456Z.jpg  (12.2 KB, 1.53s)
2026-09-29T03:34:59-10:00job:security_camera_frame_grab | 03:34:57  📷  a-eyes  ch4 → ch4-20260929T133457Z.jpg  (12.0 KB, 1.70s)
2026-09-29T03:35:14-10:00  ▸  SUMMARY=river2pro soc=5.24% solar=0W ac_out=— usbc=0W src=ble db=ok
2026-09-29T03:35:14-10:00job:sys_stats_cycle RUN  bash "/home/rootrecord/RootRecord-Ecosystem/1 - Servers/1 - RootRecord-Pacific-Solar-Server/System/scripts/sys-sample.sh"
2026-09-29T03:35:15-10:00job:sys_stats_cycle | SYSTEM  cpu=5%  load=0.51  mem=46%  src=sqlite
2026-09-29T03:35:15-10:00job:sys_stats_cycle | OK wrote /home/rootrecord/RootRecord-Ecosystem/2 - RootRecord-Database/System/samples/sys-20260929-033515.json
2026-09-29T03:35:47-10:00job:github_sync_all | — [pacific] no local changes
2026-09-29T03:35:47-10:00job:github_sync_all | ↓ [pacific] fetching origin/main
2026-09-29T03:35:47-10:00job:github_sync_all | From github.com:RootRecord-Software-Solutions/RootRecord-Pacific-Solar-Server
2026-09-29T03:35:47-10:00job:github_sync_all | * branch            main       -> FETCH_HEAD
2026-09-29T03:35:47-10:00job:github_sync_all | — [pacific] local and GitHub already match
2026-09-29T03:35:47-10:00job:github_sync_all | — [pacific] nothing to push
2026-09-29T03:35:47-10:00job:github_sync_all | ↑ [database] committed 13 local file(s)
2026-09-29T03:35:47-10:00job:github_sync_all | ↓ [database] fetching origin/main
2026-09-29T03:35:47-10:00job:github_sync_all | From github.com:RootRecord-Software-Solutions/RootRecord-Database
2026-09-29T03:35:47-10:00job:github_sync_all | * branch            main       -> FETCH_HEAD
2026-09-29T03:35:47-10:00job:github_sync_all | ↑ [database] local is ahead of GitHub
2026-09-29T03:35:47-10:00job:github_sync_all | To github.com:RootRecord-Software-Solutions/RootRecord-Database.git
2026-09-29T03:35:47-10:00job:github_sync_all | 56127d6..2db7433  HEAD -> main
2026-09-29T03:35:47-10:00job:github_sync_all | branch 'main' set up to track 'origin/main'.
2026-09-29T03:35:47-10:00job:github_sync_all | ↑ [database] 13 files → RootRecord-Software-Solutions/RootRecord-Database (main)
2026-09-29T03:35:47-10:00job:github_sync_all | — [library] no local changes
2026-09-29T03:35:47-10:00job:github_sync_all | ↓ [library] fetching origin/main
2026-09-29T03:35:47-10:00job:github_sync_all | From github.com:RootRecord-Software-Solutions/RootRecord-Library
2026-09-29T03:35:47-10:00job:github_sync_all | * branch            main       -> FETCH_HEAD
2026-09-29T03:35:47-10:00job:github_sync_all | — [library] local and GitHub already match
2026-09-29T03:35:47-10:00job:github_sync_all | — [library] nothing to push
2026-09-29T03:35:47-10:00job:github_sync_all | — [skills] no local changes
2026-09-29T03:35:47-10:00job:github_sync_all | ↓ [skills] fetching origin/main
2026-09-29T03:35:47-10:00job:github_sync_all | From github.com:rootrecordsoftwaresolutions/Solar-Pacific-RootRecord-Server
2026-09-29T03:35:47-10:00job:github_sync_all | * branch            main       -> FETCH_HEAD
2026-09-29T03:35:47-10:00job:github_sync_all | — [skills] local and GitHub already match
2026-09-29T03:35:47-10:00job:github_sync_all | — [skills] nothing to push
2026-09-29T03:35:47-10:00job:worklog_scan RUN  bash "/home/rootrecord/RootRecord-Ecosystem/1 - Servers/1 - RootRecord-Pacific-Solar-Server/Reports/scripts/worklog_once.sh"
2026-09-29T03:35:50-10:00job:worklog_scan | OK wrote/updated /home/rootrecord/RootRecord-Ecosystem/2 - RootRecord-Database/Worklog/worklog_current.md
2026-09-29T03:35:50-10:00job:security_camera_frame_grab RUN  bash "/home/rootrecord/RootRecord-Ecosystem/1 - Servers/1 - RootRecord-Pacific-Solar-Server/Security/Cameras/grab_all.sh"
2026-09-29T03:36:03-10:00job:security_camera_frame_grab | 03:35:50  📷  a-eyes  ch1 → ch1-20260929T133550Z.jpg  (314.4 KB, 5.26s)
2026-09-29T03:36:03-10:00job:security_camera_frame_grab | 03:35:55  📷  a-eyes  ch2 → ch2-20260929T133555Z.jpg  (342.4 KB, 4.45s)
2026-09-29T03:36:03-10:00job:security_camera_frame_grab | 03:35:59  📷  a-eyes  ch3 → ch3-20260929T133559Z.jpg  (12.2 KB, 1.64s)
2026-09-29T03:36:03-10:00job:security_camera_frame_grab | 03:36:01  📷  a-eyes  ch4 → ch4-20260929T133601Z.jpg  (12.1 KB, 1.60s)
2026-09-29T03:36:03-10:00ENERGY  status=live  B2=48.9%  B1=5.2%  solar=0 W  ac=89 W  usbc=17 W  src=/home/rootrecord/RootRecord-Ecosystem/2 - RootRecord-Database/Energy
2026-09-29T03:36:18-10:00  ▸  SUMMARY=delta2 soc=48.16% solar=0W ac_out=74W usbc=23W src=ble db=ok
2026-09-29T03:36:18-10:00job:sys_stats_cycle RUN  bash "/home/rootrecord/RootRecord-Ecosystem/1 - Servers/1 - RootRecord-Pacific-Solar-Server/System/scripts/sys-sample.sh"
2026-09-29T03:36:19-10:00job:sys_stats_cycle | SYSTEM  cpu=8%  load=0.87  mem=46%  src=sqlite
2026-09-29T03:36:19-10:00job:sys_stats_cycle | OK wrote /home/rootrecord/RootRecord-Ecosystem/2 - RootRecord-Database/System/samples/sys-20260929-033619.json
2026-09-29T03:36:45-10:00job:github_sync_all | — [pacific] no local changes
2026-09-29T03:36:45-10:00job:github_sync_all | ↓ [pacific] fetching origin/main
2026-09-29T03:36:45-10:00job:github_sync_all | From github.com:RootRecord-Software-Solutions/RootRecord-Pacific-Solar-Server
2026-09-29T03:36:45-10:00job:github_sync_all | * branch            main       -> FETCH_HEAD
2026-09-29T03:36:45-10:00job:github_sync_all | — [pacific] local and GitHub already match
2026-09-29T03:36:45-10:00job:github_sync_all | — [pacific] nothing to push
2026-09-29T03:36:45-10:00job:github_sync_all | ↑ [database] committed 16 local file(s)
2026-09-29T03:36:45-10:00job:github_sync_all | ↓ [database] fetching origin/main
2026-09-29T03:36:45-10:00job:github_sync_all | From github.com:RootRecord-Software-Solutions/RootRecord-Database
2026-09-29T03:36:45-10:00job:github_sync_all | * branch            main       -> FETCH_HEAD
2026-09-29T03:36:45-10:00job:github_sync_all | ↑ [database] local is ahead of GitHub
2026-09-29T03:36:45-10:00job:github_sync_all | To github.com:RootRecord-Software-Solutions/RootRecord-Database.git
2026-09-29T03:36:45-10:00job:github_sync_all | 2db7433..e1e6cd9  HEAD -> main
2026-09-29T03:36:45-10:00job:github_sync_all | branch 'main' set up to track 'origin/main'.
2026-09-29T03:36:45-10:00job:github_sync_all | ↑ [database] 16 files → RootRecord-Software-Solutions/RootRecord-Database (main)
2026-09-29T03:36:45-10:00job:github_sync_all | — [library] no local changes
2026-09-29T03:36:45-10:00job:github_sync_all | ↓ [library] fetching origin/main
2026-09-29T03:36:45-10:00job:github_sync_all | From github.com:RootRecord-Software-Solutions/RootRecord-Library
2026-09-29T03:36:45-10:00job:github_sync_all | * branch            main       -> FETCH_HEAD
2026-09-29T03:36:45-10:00job:github_sync_all | — [library] local and GitHub already match
2026-09-29T03:36:45-10:00job:github_sync_all | — [library] nothing to push
2026-09-29T03:36:45-10:00job:github_sync_all | — [skills] no local changes
2026-09-29T03:36:45-10:00job:github_sync_all | ↓ [skills] fetching origin/main
2026-09-29T03:36:45-10:00job:github_sync_all | From github.com:rootrecordsoftwaresolutions/Solar-Pacific-RootRecord-Server
2026-09-29T03:36:45-10:00job:github_sync_all | * branch            main       -> FETCH_HEAD
2026-09-29T03:36:45-10:00job:github_sync_all | — [skills] local and GitHub already match
2026-09-29T03:36:45-10:00job:github_sync_all | — [skills] nothing to push
2026-09-29T03:36:45-10:00job:security_camera_frame_grab RUN  bash "/home/rootrecord/RootRecord-Ecosystem/1 - Servers/1 - RootRecord-Pacific-Solar-Server/Security/Cameras/grab_all.sh"
2026-09-29T03:36:57-10:00job:security_camera_frame_grab | 03:36:45  📷  a-eyes  ch1 → ch1-20260929T133645Z.jpg  (314.5 KB, 4.45s)
2026-09-29T03:36:57-10:00job:security_camera_frame_grab | 03:36:50  📷  a-eyes  ch2 → ch2-20260929T133650Z.jpg  (342.0 KB, 4.38s)
2026-09-29T03:36:57-10:00job:security_camera_frame_grab | 03:36:54  📷  a-eyes  ch3 → ch3-20260929T133654Z.jpg  (12.2 KB, 1.60s)
2026-09-29T03:36:57-10:00job:security_camera_frame_grab | 03:36:56  📷  a-eyes  ch4 → ch4-20260929T133656Z.jpg  (12.2 KB, 1.62s)
2026-09-29T03:37:13-10:00  ▸  SUMMARY=river2pro soc=5.23% solar=0W ac_out=— usbc=0W src=ble db=ok
2026-09-29T03:37:13-10:00job:sys_stats_cycle RUN  bash "/home/rootrecord/RootRecord-Ecosystem/1 - Servers/1 - RootRecord-Pacific-Solar-Server/System/scripts/sys-sample.sh"
2026-09-29T03:37:13-10:00job:sys_stats_cycle | SYSTEM  cpu=8%  load=0.72  mem=46%  src=sqlite
2026-09-29T03:37:13-10:00job:sys_stats_cycle | OK wrote /home/rootrecord/RootRecord-Ecosystem/2 - RootRecord-Database/System/samples/sys-20260929-033713.json
2026-09-29T03:37:40-10:00job:github_sync_all | — [pacific] no local changes
2026-09-29T03:37:40-10:00job:github_sync_all | ↓ [pacific] fetching origin/main
2026-09-29T03:37:40-10:00job:github_sync_all | From github.com:RootRecord-Software-Solutions/RootRecord-Pacific-Solar-Server
2026-09-29T03:37:40-10:00job:github_sync_all | * branch            main       -> FETCH_HEAD
2026-09-29T03:37:40-10:00job:github_sync_all | — [pacific] local and GitHub already match
2026-09-29T03:37:40-10:00job:github_sync_all | — [pacific] nothing to push
2026-09-29T03:37:40-10:00job:github_sync_all | ↑ [database] committed 12 local file(s)
2026-09-29T03:37:40-10:00job:github_sync_all | ↓ [database] fetching origin/main
2026-09-29T03:37:40-10:00job:github_sync_all | From github.com:RootRecord-Software-Solutions/RootRecord-Database
2026-09-29T03:37:40-10:00job:github_sync_all | * branch            main       -> FETCH_HEAD
2026-09-29T03:37:40-10:00job:github_sync_all | ↑ [database] local is ahead of GitHub
2026-09-29T03:37:40-10:00job:github_sync_all | To github.com:RootRecord-Software-Solutions/RootRecord-Database.git
2026-09-29T03:37:40-10:00job:github_sync_all | e1e6cd9..242d497  HEAD -> main
2026-09-29T03:37:40-10:00job:github_sync_all | branch 'main' set up to track 'origin/main'.
2026-09-29T03:37:40-10:00job:github_sync_all | ↑ [database] 12 files → RootRecord-Software-Solutions/RootRecord-Database (main)
2026-09-29T03:37:40-10:00job:github_sync_all | — [library] no local changes
2026-09-29T03:37:40-10:00job:github_sync_all | ↓ [library] fetching origin/main
2026-09-29T03:37:40-10:00job:github_sync_all | From github.com:RootRecord-Software-Solutions/RootRecord-Library
2026-09-29T03:37:40-10:00job:github_sync_all | * branch            main       -> FETCH_HEAD
2026-09-29T03:37:40-10:00job:github_sync_all | — [library] local and GitHub already match
2026-09-29T03:37:40-10:00job:github_sync_all | — [library] nothing to push
2026-09-29T03:37:40-10:00job:github_sync_all | — [skills] no local changes
2026-09-29T03:37:40-10:00job:github_sync_all | ↓ [skills] fetching origin/main
2026-09-29T03:37:40-10:00job:github_sync_all | From github.com:rootrecordsoftwaresolutions/Solar-Pacific-RootRecord-Server
2026-09-29T03:37:40-10:00job:github_sync_all | * branch            main       -> FETCH_HEAD
2026-09-29T03:37:40-10:00job:github_sync_all | — [skills] local and GitHub already match
2026-09-29T03:37:40-10:00job:github_sync_all | — [skills] nothing to push
2026-09-29T03:37:40-10:00job:worklog_scan RUN  bash "/home/rootrecord/RootRecord-Ecosystem/1 - Servers/1 - RootRecord-Pacific-Solar-Server/Reports/scripts/worklog_once.sh"
2026-09-29T03:37:43-10:00job:worklog_scan | OK wrote/updated /home/rootrecord/RootRecord-Ecosystem/2 - RootRecord-Database/Worklog/worklog_current.md
2026-09-29T03:37:43-10:00job:security_camera_frame_grab RUN  bash "/home/rootrecord/RootRecord-Ecosystem/1 - Servers/1 - RootRecord-Pacific-Solar-Server/Security/Cameras/grab_all.sh"
2026-09-29T03:37:55-10:00job:security_camera_frame_grab | 03:37:43  📷  a-eyes  ch1 → ch1-20260929T133743Z.jpg  (309.9 KB, 4.61s)
2026-09-29T03:37:55-10:00job:security_camera_frame_grab | 03:37:48  📷  a-eyes  ch2 → ch2-20260929T133748Z.jpg  (343.3 KB, 4.38s)
2026-09-29T03:37:55-10:00job:security_camera_frame_grab | 03:37:52  📷  a-eyes  ch3 → ch3-20260929T133752Z.jpg  (12.1 KB, 1.53s)
2026-09-29T03:37:55-10:00job:security_camera_frame_grab | 03:37:54  📷  a-eyes  ch4 → ch4-20260929T133754Z.jpg  (12.1 KB, 1.69s)
2026-09-29T03:37:56-10:00ENERGY  status=live  B2=48.2%  B1=5.2%  solar=0 W  ac=74 W  usbc=23 W  src=/home/rootrecord/RootRecord-Ecosystem/2 - RootRecord-Database/Energy
2026-09-29T03:38:11-10:00  ▸  SUMMARY=river2pro soc=5.23% solar=0W ac_out=— usbc=0W src=ble db=ok
2026-09-29T03:38:11-10:00job:sys_stats_cycle RUN  bash "/home/rootrecord/RootRecord-Ecosystem/1 - Servers/1 - RootRecord-Pacific-Solar-Server/System/scripts/sys-sample.sh"
2026-09-29T03:38:11-10:00job:sys_stats_cycle | SYSTEM  cpu=6%  load=1.03  mem=46%  src=sqlite
2026-09-29T03:38:11-10:00job:sys_stats_cycle | OK wrote /home/rootrecord/RootRecord-Ecosystem/2 - RootRecord-Database/System/samples/sys-20260929-033811.json
2026-09-29T03:38:38-10:00job:github_sync_all | — [pacific] no local changes
2026-09-29T03:38:38-10:00job:github_sync_all | ↓ [pacific] fetching origin/main
2026-09-29T03:38:38-10:00job:github_sync_all | From github.com:RootRecord-Software-Solutions/RootRecord-Pacific-Solar-Server
2026-09-29T03:38:38-10:00job:github_sync_all | * branch            main       -> FETCH_HEAD
2026-09-29T03:38:38-10:00job:github_sync_all | — [pacific] local and GitHub already match
2026-09-29T03:38:38-10:00job:github_sync_all | — [pacific] nothing to push
2026-09-29T03:38:38-10:00job:github_sync_all | ↑ [database] committed 16 local file(s)
2026-09-29T03:38:38-10:00job:github_sync_all | ↓ [database] fetching origin/main
2026-09-29T03:38:38-10:00job:github_sync_all | From github.com:RootRecord-Software-Solutions/RootRecord-Database
2026-09-29T03:38:38-10:00job:github_sync_all | * branch            main       -> FETCH_HEAD
2026-09-29T03:38:38-10:00job:github_sync_all | ↑ [database] local is ahead of GitHub
2026-09-29T03:38:38-10:00job:github_sync_all | To github.com:RootRecord-Software-Solutions/RootRecord-Database.git
2026-09-29T03:38:38-10:00job:github_sync_all | 242d497..e3ad7bc  HEAD -> main
2026-09-29T03:38:38-10:00job:github_sync_all | branch 'main' set up to track 'origin/main'.
2026-09-29T03:38:38-10:00job:github_sync_all | ↑ [database] 16 files → RootRecord-Software-Solutions/RootRecord-Database (main)
2026-09-29T03:38:38-10:00job:github_sync_all | — [library] no local changes
2026-09-29T03:38:38-10:00job:github_sync_all | ↓ [library] fetching origin/main
2026-09-29T03:38:38-10:00job:github_sync_all | From github.com:RootRecord-Software-Solutions/RootRecord-Library
2026-09-29T03:38:38-10:00job:github_sync_all | * branch            main       -> FETCH_HEAD
2026-09-29T03:38:38-10:00job:github_sync_all | — [library] local and GitHub already match
2026-09-29T03:38:38-10:00job:github_sync_all | — [library] nothing to push
2026-09-29T03:38:38-10:00job:github_sync_all | — [skills] no local changes
2026-09-29T03:38:38-10:00job:github_sync_all | ↓ [skills] fetching origin/main
2026-09-29T03:38:38-10:00job:github_sync_all | From github.com:rootrecordsoftwaresolutions/Solar-Pacific-RootRecord-Server
2026-09-29T03:38:38-10:00job:github_sync_all | * branch            main       -> FETCH_HEAD
2026-09-29T03:38:38-10:00job:github_sync_all | — [skills] local and GitHub already match
2026-09-29T03:38:38-10:00job:github_sync_all | — [skills] nothing to push
2026-09-29T03:38:38-10:00job:security_camera_frame_grab RUN  bash "/home/rootrecord/RootRecord-Ecosystem/1 - Servers/1 - RootRecord-Pacific-Solar-Server/Security/Cameras/grab_all.sh"
2026-09-29T03:38:50-10:00job:security_camera_frame_grab | 03:38:38  📷  a-eyes  ch1 → ch1-20260929T133838Z.jpg  (314.3 KB, 4.45s)
2026-09-29T03:38:50-10:00job:security_camera_frame_grab | 03:38:43  📷  a-eyes  ch2 → ch2-20260929T133843Z.jpg  (343.6 KB, 4.38s)
2026-09-29T03:38:50-10:00job:security_camera_frame_grab | 03:38:47  📷  a-eyes  ch3 → ch3-20260929T133847Z.jpg  (12.1 KB, 1.51s)
2026-09-29T03:38:50-10:00job:security_camera_frame_grab | 03:38:49  📷  a-eyes  ch4 → ch4-20260929T133849Z.jpg  (12.1 KB, 1.54s)
2026-09-29T03:39:06-10:00  ▸  SUMMARY=delta2 soc=47.56% solar=0W ac_out=74W usbc=22W src=ble db=ok
2026-09-29T03:39:06-10:00job:sys_stats_cycle RUN  bash "/home/rootrecord/RootRecord-Ecosystem/1 - Servers/1 - RootRecord-Pacific-Solar-Server/System/scripts/sys-sample.sh"
2026-09-29T03:39:07-10:00job:sys_stats_cycle | SYSTEM  cpu=5%  load=1.44  mem=46%  src=sqlite
2026-09-29T03:39:07-10:00job:sys_stats_cycle | OK wrote /home/rootrecord/RootRecord-Ecosystem/2 - RootRecord-Database/System/samples/sys-20260929-033906.json
2026-09-29T03:39:33-10:00job:github_sync_all | — [pacific] no local changes
2026-09-29T03:39:33-10:00job:github_sync_all | ↓ [pacific] fetching origin/main
2026-09-29T03:39:33-10:00job:github_sync_all | From github.com:RootRecord-Software-Solutions/RootRecord-Pacific-Solar-Server
2026-09-29T03:39:33-10:00job:github_sync_all | * branch            main       -> FETCH_HEAD
2026-09-29T03:39:33-10:00job:github_sync_all | — [pacific] local and GitHub already match
2026-09-29T03:39:33-10:00job:github_sync_all | — [pacific] nothing to push
2026-09-29T03:39:33-10:00job:github_sync_all | ↑ [database] committed 12 local file(s)
2026-09-29T03:39:33-10:00job:github_sync_all | ↓ [database] fetching origin/main
2026-09-29T03:39:33-10:00job:github_sync_all | From github.com:RootRecord-Software-Solutions/RootRecord-Database
2026-09-29T03:39:33-10:00job:github_sync_all | * branch            main       -> FETCH_HEAD
2026-09-29T03:39:33-10:00job:github_sync_all | ↑ [database] local is ahead of GitHub
2026-09-29T03:39:33-10:00job:github_sync_all | To github.com:RootRecord-Software-Solutions/RootRecord-Database.git
2026-09-29T03:39:33-10:00job:github_sync_all | e3ad7bc..2032d86  HEAD -> main
2026-09-29T03:39:33-10:00job:github_sync_all | branch 'main' set up to track 'origin/main'.
2026-09-29T03:39:33-10:00job:github_sync_all | ↑ [database] 12 files → RootRecord-Software-Solutions/RootRecord-Database (main)
2026-09-29T03:39:33-10:00job:github_sync_all | — [library] no local changes
2026-09-29T03:39:33-10:00job:github_sync_all | ↓ [library] fetching origin/main
2026-09-29T03:39:33-10:00job:github_sync_all | From github.com:RootRecord-Software-Solutions/RootRecord-Library
2026-09-29T03:39:33-10:00job:github_sync_all | * branch            main       -> FETCH_HEAD
2026-09-29T03:39:33-10:00job:github_sync_all | — [library] local and GitHub already match
2026-09-29T03:39:33-10:00job:github_sync_all | — [library] nothing to push
2026-09-29T03:39:33-10:00job:github_sync_all | — [skills] no local changes
2026-09-29T03:39:33-10:00job:github_sync_all | ↓ [skills] fetching origin/main
2026-09-29T03:39:33-10:00job:github_sync_all | From github.com:rootrecordsoftwaresolutions/Solar-Pacific-RootRecord-Server
2026-09-29T03:39:33-10:00job:github_sync_all | * branch            main       -> FETCH_HEAD
2026-09-29T03:39:33-10:00job:github_sync_all | — [skills] local and GitHub already match
2026-09-29T03:39:33-10:00job:github_sync_all | — [skills] nothing to push
2026-09-29T03:39:33-10:00job:worklog_scan RUN  bash "/home/rootrecord/RootRecord-Ecosystem/1 - Servers/1 - RootRecord-Pacific-Solar-Server/Reports/scripts/worklog_once.sh"
2026-09-29T03:39:37-10:00job:worklog_scan | OK wrote/updated /home/rootrecord/RootRecord-Ecosystem/2 - RootRecord-Database/Worklog/worklog_current.md
2026-09-29T03:39:37-10:00job:security_camera_frame_grab RUN  bash "/home/rootrecord/RootRecord-Ecosystem/1 - Servers/1 - RootRecord-Pacific-Solar-Server/Security/Cameras/grab_all.sh"
2026-09-29T03:39:49-10:00job:security_camera_frame_grab | 03:39:37  📷  a-eyes  ch1 → ch1-20260929T133937Z.jpg  (315.2 KB, 4.45s)
2026-09-29T03:39:49-10:00job:security_camera_frame_grab | 03:39:42  📷  a-eyes  ch2 → ch2-20260929T133942Z.jpg  (338.4 KB, 4.33s)
2026-09-29T03:39:49-10:00job:security_camera_frame_grab | 03:39:46  📷  a-eyes  ch3 → ch3-20260929T133946Z.jpg  (12.1 KB, 1.55s)
2026-09-29T03:39:49-10:00job:security_camera_frame_grab | 03:39:48  📷  a-eyes  ch4 → ch4-20260929T133948Z.jpg  (12.1 KB, 1.55s)
2026-09-29T03:39:50-10:00ENERGY  status=live  B2=47.6%  B1=5.2%  solar=0 W  ac=74 W  usbc=22 W  src=/home/rootrecord/RootRecord-Ecosystem/2 - RootRecord-Database/Energy
2026-09-29T03:40:05-10:00  ▸  SUMMARY=delta2 soc=47.25% solar=0W ac_out=83W usbc=22W src=ble db=ok
2026-09-29T03:40:05-10:00job:sys_stats_cycle RUN  bash "/home/rootrecord/RootRecord-Ecosystem/1 - Servers/1 - RootRecord-Pacific-Solar-Server/System/scripts/sys-sample.sh"
2026-09-29T03:40:05-10:00job:sys_stats_cycle | SYSTEM  cpu=8%  load=1.16  mem=46%  src=sqlite
2026-09-29T03:40:05-10:00job:sys_stats_cycle | OK wrote /home/rootrecord/RootRecord-Ecosystem/2 - RootRecord-Database/System/samples/sys-20260929-034005.json
2026-09-29T03:40:35-10:00job:github_sync_all | ↑ [pacific] committed 1 local file(s)
2026-09-29T03:40:35-10:00job:github_sync_all | ↓ [pacific] fetching origin/main
2026-09-29T03:40:35-10:00job:github_sync_all | From github.com:RootRecord-Software-Solutions/RootRecord-Pacific-Solar-Server
2026-09-29T03:40:35-10:00job:github_sync_all | * branch            main       -> FETCH_HEAD
2026-09-29T03:40:35-10:00job:github_sync_all | ↑ [pacific] local is ahead of GitHub
2026-09-29T03:40:35-10:00job:github_sync_all | To github.com:RootRecord-Software-Solutions/RootRecord-Pacific-Solar-Server.git
2026-09-29T03:40:35-10:00job:github_sync_all | fbc9942..288d684  HEAD -> main
2026-09-29T03:40:35-10:00job:github_sync_all | branch 'main' set up to track 'origin/main'.
2026-09-29T03:40:35-10:00job:github_sync_all | ↑ [pacific] 1 files → RootRecord-Software-Solutions/RootRecord-Pacific-Solar-Server (main)
2026-09-29T03:40:35-10:00job:github_sync_all | ↑ [database] committed 16 local file(s)
2026-09-29T03:40:35-10:00job:github_sync_all | ↓ [database] fetching origin/main
2026-09-29T03:40:35-10:00job:github_sync_all | From github.com:RootRecord-Software-Solutions/RootRecord-Database
2026-09-29T03:40:35-10:00job:github_sync_all | * branch            main       -> FETCH_HEAD
2026-09-29T03:40:35-10:00job:github_sync_all | ↑ [database] local is ahead of GitHub
2026-09-29T03:40:35-10:00job:github_sync_all | To github.com:RootRecord-Software-Solutions/RootRecord-Database.git
2026-09-29T03:40:35-10:00job:github_sync_all | 2032d86..4959f32  HEAD -> main
2026-09-29T03:40:35-10:00job:github_sync_all | branch 'main' set up to track 'origin/main'.
2026-09-29T03:40:35-10:00job:github_sync_all | ↑ [database] 16 files → RootRecord-Software-Solutions/RootRecord-Database (main)
2026-09-29T03:40:35-10:00job:github_sync_all | — [library] no local changes
2026-09-29T03:40:35-10:00job:github_sync_all | ↓ [library] fetching origin/main
2026-09-29T03:40:35-10:00job:github_sync_all | From github.com:RootRecord-Software-Solutions/RootRecord-Library
2026-09-29T03:40:35-10:00job:github_sync_all | * branch            main       -> FETCH_HEAD
2026-09-29T03:40:35-10:00job:github_sync_all | — [library] local and GitHub already match
2026-09-29T03:40:35-10:00job:github_sync_all | — [library] nothing to push
2026-09-29T03:40:35-10:00job:github_sync_all | — [skills] no local changes
2026-09-29T03:40:35-10:00job:github_sync_all | ↓ [skills] fetching origin/main
2026-09-29T03:40:35-10:00job:github_sync_all | From github.com:rootrecordsoftwaresolutions/Solar-Pacific-RootRecord-Server
2026-09-29T03:40:35-10:00job:github_sync_all | * branch            main       -> FETCH_HEAD
2026-09-29T03:40:35-10:00job:github_sync_all | — [skills] local and GitHub already match
2026-09-29T03:40:35-10:00job:github_sync_all | — [skills] nothing to push
2026-09-29T03:40:35-10:00job:security_camera_frame_grab RUN  bash "/home/rootrecord/RootRecord-Ecosystem/1 - Servers/1 - RootRecord-Pacific-Solar-Server/Security/Cameras/grab_all.sh"
2026-09-29T03:40:47-10:00job:security_camera_frame_grab | 03:40:35  📷  a-eyes  ch1 → ch1-20260929T134035Z.jpg  (312.8 KB, 4.33s)
2026-09-29T03:40:47-10:00job:security_camera_frame_grab | 03:40:40  📷  a-eyes  ch2 → ch2-20260929T134040Z.jpg  (342.6 KB, 4.44s)
2026-09-29T03:40:47-10:00job:security_camera_frame_grab | 03:40:44  📷  a-eyes  ch3 → ch3-20260929T134044Z.jpg  (12.1 KB, 1.50s)
2026-09-29T03:40:47-10:00job:security_camera_frame_grab | 03:40:46  📷  a-eyes  ch4 → ch4-20260929T134046Z.jpg  (12.1 KB, 1.71s)
2026-09-29T03:41:03-10:00  ▸  SUMMARY=river2pro soc=5.23% solar=0W ac_out=— usbc=0W src=ble db=ok
2026-09-29T03:41:03-10:00job:sys_stats_cycle RUN  bash "/home/rootrecord/RootRecord-Ecosystem/1 - Servers/1 - RootRecord-Pacific-Solar-Server/System/scripts/sys-sample.sh"
2026-09-29T03:41:04-10:00job:sys_stats_cycle | SYSTEM  cpu=6%  load=0.85  mem=46%  src=sqlite
2026-09-29T03:41:04-10:00job:sys_stats_cycle | OK wrote /home/rootrecord/RootRecord-Ecosystem/2 - RootRecord-Database/System/samples/sys-20260929-034103.json
2026-09-29T03:41:35-10:00job:github_sync_all | — [pacific] no local changes
2026-09-29T03:41:35-10:00job:github_sync_all | ↓ [pacific] fetching origin/main
2026-09-29T03:41:35-10:00job:github_sync_all | From github.com:RootRecord-Software-Solutions/RootRecord-Pacific-Solar-Server
2026-09-29T03:41:35-10:00job:github_sync_all | * branch            main       -> FETCH_HEAD
2026-09-29T03:41:35-10:00job:github_sync_all | — [pacific] local and GitHub already match
2026-09-29T03:41:35-10:00job:github_sync_all | — [pacific] nothing to push
2026-09-29T03:41:35-10:00job:github_sync_all | ↑ [database] committed 12 local file(s)
2026-09-29T03:41:35-10:00job:github_sync_all | ↓ [database] fetching origin/main
2026-09-29T03:41:35-10:00job:github_sync_all | From github.com:RootRecord-Software-Solutions/RootRecord-Database
2026-09-29T03:41:35-10:00job:github_sync_all | * branch            main       -> FETCH_HEAD
2026-09-29T03:41:35-10:00job:github_sync_all | ↑ [database] local is ahead of GitHub
2026-09-29T03:41:35-10:00job:github_sync_all | To github.com:RootRecord-Software-Solutions/RootRecord-Database.git
2026-09-29T03:41:35-10:00job:github_sync_all | 4959f32..9e1a78f  HEAD -> main
2026-09-29T03:41:35-10:00job:github_sync_all | branch 'main' set up to track 'origin/main'.
2026-09-29T03:41:35-10:00job:github_sync_all | ↑ [database] 12 files → RootRecord-Software-Solutions/RootRecord-Database (main)
2026-09-29T03:41:35-10:00job:github_sync_all | ↑ [library] committed 6 local file(s)
2026-09-29T03:41:35-10:00job:github_sync_all | ↓ [library] fetching origin/main
2026-09-29T03:41:35-10:00job:github_sync_all | From github.com:RootRecord-Software-Solutions/RootRecord-Library
2026-09-29T03:41:35-10:00job:github_sync_all | * branch            main       -> FETCH_HEAD
2026-09-29T03:41:35-10:00job:github_sync_all | ↑ [library] local is ahead of GitHub
2026-09-29T03:41:35-10:00job:github_sync_all | To github.com:RootRecord-Software-Solutions/RootRecord-Library.git
2026-09-29T03:41:35-10:00job:github_sync_all | e023b08..a6ddc69  HEAD -> main
2026-09-29T03:41:35-10:00job:github_sync_all | branch 'main' set up to track 'origin/main'.
2026-09-29T03:41:35-10:00job:github_sync_all | ↑ [library] 6 files → RootRecord-Software-Solutions/RootRecord-Library (main)
2026-09-29T03:41:35-10:00job:github_sync_all | — [skills] no local changes
2026-09-29T03:41:35-10:00job:github_sync_all | ↓ [skills] fetching origin/main
2026-09-29T03:41:35-10:00job:github_sync_all | From github.com:rootrecordsoftwaresolutions/Solar-Pacific-RootRecord-Server
2026-09-29T03:41:35-10:00job:github_sync_all | * branch            main       -> FETCH_HEAD
2026-09-29T03:41:35-10:00job:github_sync_all | — [skills] local and GitHub already match
2026-09-29T03:41:35-10:00job:github_sync_all | — [skills] nothing to push
2026-09-29T03:41:35-10:00job:worklog_scan RUN  bash "/home/rootrecord/RootRecord-Ecosystem/1 - Servers/1 - RootRecord-Pacific-Solar-Server/Reports/scripts/worklog_once.sh"
2026-09-29T03:41:38-10:00job:worklog_scan | OK wrote/updated /home/rootrecord/RootRecord-Ecosystem/2 - RootRecord-Database/Worklog/worklog_current.md
2026-09-29T03:41:38-10:00job:security_camera_frame_grab RUN  bash "/home/rootrecord/RootRecord-Ecosystem/1 - Servers/1 - RootRecord-Pacific-Solar-Server/Security/Cameras/grab_all.sh"
2026-09-29T03:41:51-10:00job:security_camera_frame_grab | 03:41:38  📷  a-eyes  ch1 → ch1-20260929T134138Z.jpg  (316.1 KB, 4.56s)
2026-09-29T03:41:51-10:00job:security_camera_frame_grab | 03:41:43  📷  a-eyes  ch2 → ch2-20260929T134143Z.jpg  (339.2 KB, 4.28s)
2026-09-29T03:41:51-10:00job:security_camera_frame_grab | 03:41:47  📷  a-eyes  ch3 → ch3-20260929T134147Z.jpg  (12.0 KB, 1.51s)
2026-09-29T03:41:51-10:00job:security_camera_frame_grab | 03:41:49  📷  a-eyes  ch4 → ch4-20260929T134149Z.jpg  (12.0 KB, 1.83s)
2026-09-29T03:41:51-10:00ENERGY  status=live  B2=47.2%  B1=5.2%  solar=0 W  ac=83 W  usbc=22 W  src=/home/rootrecord/RootRecord-Ecosystem/2 - RootRecord-Database/Energy
2026-09-29T03:42:06-10:00  ▸  SUMMARY=delta2 soc=46.85% solar=0W ac_out=66W usbc=23W src=ble db=ok
2026-09-29T03:42:06-10:00job:sys_stats_cycle RUN  bash "/home/rootrecord/RootRecord-Ecosystem/1 - Servers/1 - RootRecord-Pacific-Solar-Server/System/scripts/sys-sample.sh"
2026-09-29T03:42:06-10:00job:sys_stats_cycle | SYSTEM  cpu=8%  load=0.85  mem=46%  src=sqlite
2026-09-29T03:42:06-10:00job:sys_stats_cycle | OK wrote /home/rootrecord/RootRecord-Ecosystem/2 - RootRecord-Database/System/samples/sys-20260929-034206.json
2026-09-29T03:42:41-10:00job:github_sync_all | — [pacific] no local changes
2026-09-29T03:42:41-10:00job:github_sync_all | ↓ [pacific] fetching origin/main
2026-09-29T03:42:41-10:00job:github_sync_all | From github.com:RootRecord-Software-Solutions/RootRecord-Pacific-Solar-Server
2026-09-29T03:42:41-10:00job:github_sync_all | * branch            main       -> FETCH_HEAD
2026-09-29T03:42:41-10:00job:github_sync_all | — [pacific] local and GitHub already match
2026-09-29T03:42:41-10:00job:github_sync_all | — [pacific] nothing to push
2026-09-29T03:42:41-10:00job:github_sync_all | ↑ [database] committed 16 local file(s)
2026-09-29T03:42:41-10:00job:github_sync_all | ↓ [database] fetching origin/main
2026-09-29T03:42:41-10:00job:github_sync_all | From github.com:RootRecord-Software-Solutions/RootRecord-Database
2026-09-29T03:42:41-10:00job:github_sync_all | * branch            main       -> FETCH_HEAD
2026-09-29T03:42:41-10:00job:github_sync_all | ↑ [database] local is ahead of GitHub
2026-09-29T03:42:41-10:00job:github_sync_all | To github.com:RootRecord-Software-Solutions/RootRecord-Database.git
2026-09-29T03:42:41-10:00job:github_sync_all | 9e1a78f..6d418be  HEAD -> main
2026-09-29T03:42:41-10:00job:github_sync_all | branch 'main' set up to track 'origin/main'.
2026-09-29T03:42:41-10:00job:github_sync_all | ↑ [database] 16 files → RootRecord-Software-Solutions/RootRecord-Database (main)
2026-09-29T03:42:41-10:00job:github_sync_all | ↑ [library] committed 6 local file(s)
2026-09-29T03:42:41-10:00job:github_sync_all | ↓ [library] fetching origin/main
2026-09-29T03:42:41-10:00job:github_sync_all | From github.com:RootRecord-Software-Solutions/RootRecord-Library
2026-09-29T03:42:41-10:00job:github_sync_all | * branch            main       -> FETCH_HEAD
2026-09-29T03:42:41-10:00job:github_sync_all | ↑ [library] local is ahead of GitHub
2026-09-29T03:42:41-10:00job:github_sync_all | To github.com:RootRecord-Software-Solutions/RootRecord-Library.git
2026-09-29T03:42:41-10:00job:github_sync_all | a6ddc69..6b4df92  HEAD -> main
2026-09-29T03:42:41-10:00job:github_sync_all | branch 'main' set up to track 'origin/main'.
2026-09-29T03:42:41-10:00job:github_sync_all | ↑ [library] 6 files → RootRecord-Software-Solutions/RootRecord-Library (main)
2026-09-29T03:42:41-10:00job:github_sync_all | — [skills] no local changes
2026-09-29T03:42:41-10:00job:github_sync_all | ↓ [skills] fetching origin/main
2026-09-29T03:42:41-10:00job:github_sync_all | From github.com:rootrecordsoftwaresolutions/Solar-Pacific-RootRecord-Server
2026-09-29T03:42:41-10:00job:github_sync_all | * branch            main       -> FETCH_HEAD
2026-09-29T03:42:41-10:00job:github_sync_all | — [skills] local and GitHub already match
2026-09-29T03:42:41-10:00job:github_sync_all | — [skills] nothing to push
2026-09-29T03:42:41-10:00job:security_camera_frame_grab RUN  bash "/home/rootrecord/RootRecord-Ecosystem/1 - Servers/1 - RootRecord-Pacific-Solar-Server/Security/Cameras/grab_all.sh"
2026-09-29T03:42:53-10:00job:security_camera_frame_grab | 03:42:41  📷  a-eyes  ch1 → ch1-20260929T134241Z.jpg  (314.6 KB, 4.34s)
2026-09-29T03:42:53-10:00job:security_camera_frame_grab | 03:42:46  📷  a-eyes  ch2 → ch2-20260929T134246Z.jpg  (341.6 KB, 4.48s)
2026-09-29T03:42:53-10:00job:security_camera_frame_grab | 03:42:50  📷  a-eyes  ch3 → ch3-20260929T134250Z.jpg  (12.1 KB, 1.34s)
2026-09-29T03:42:53-10:00job:security_camera_frame_grab | 03:42:51  📷  a-eyes  ch4 → ch4-20260929T134251Z.jpg  (12.2 KB, 1.45s)
2026-09-29T03:42:53-10:00ENERGY  status=live  B2=46.9%  B1=5.2%  solar=0 W  ac=66 W  usbc=23 W  src=/home/rootrecord/RootRecord-Ecosystem/2 - RootRecord-Database/Energy
2026-09-29T03:43:08-10:00  ▸  SUMMARY=delta2 soc=46.54% solar=0W ac_out=80W usbc=20W src=ble db=ok
2026-09-29T03:43:08-10:00job:sys_stats_cycle RUN  bash "/home/rootrecord/RootRecord-Ecosystem/1 - Servers/1 - RootRecord-Pacific-Solar-Server/System/scripts/sys-sample.sh"
2026-09-29T03:43:08-10:00job:sys_stats_cycle | SYSTEM  cpu=7%  load=0.78  mem=47%  src=sqlite
2026-09-29T03:43:08-10:00job:sys_stats_cycle | OK wrote /home/rootrecord/RootRecord-Ecosystem/2 - RootRecord-Database/System/samples/sys-20260929-034308.json
2026-09-29T03:43:38-10:00job:github_sync_all | — [pacific] no local changes
2026-09-29T03:43:38-10:00job:github_sync_all | ↓ [pacific] fetching origin/main
2026-09-29T03:43:38-10:00job:github_sync_all | From github.com:RootRecord-Software-Solutions/RootRecord-Pacific-Solar-Server
2026-09-29T03:43:38-10:00job:github_sync_all | * branch            main       -> FETCH_HEAD
2026-09-29T03:43:38-10:00job:github_sync_all | — [pacific] local and GitHub already match
2026-09-29T03:43:38-10:00job:github_sync_all | — [pacific] nothing to push
2026-09-29T03:43:38-10:00job:github_sync_all | ↑ [database] committed 12 local file(s)
2026-09-29T03:43:38-10:00job:github_sync_all | ↓ [database] fetching origin/main
2026-09-29T03:43:38-10:00job:github_sync_all | From github.com:RootRecord-Software-Solutions/RootRecord-Database
2026-09-29T03:43:38-10:00job:github_sync_all | * branch            main       -> FETCH_HEAD
2026-09-29T03:43:38-10:00job:github_sync_all | ↑ [database] local is ahead of GitHub
2026-09-29T03:43:38-10:00job:github_sync_all | To github.com:RootRecord-Software-Solutions/RootRecord-Database.git
2026-09-29T03:43:38-10:00job:github_sync_all | 6d418be..d2eba1c  HEAD -> main
2026-09-29T03:43:38-10:00job:github_sync_all | branch 'main' set up to track 'origin/main'.
2026-09-29T03:43:38-10:00job:github_sync_all | ↑ [database] 12 files → RootRecord-Software-Solutions/RootRecord-Database (main)
2026-09-29T03:43:38-10:00job:github_sync_all | ↑ [library] committed 1 local file(s)
2026-09-29T03:43:38-10:00job:github_sync_all | ↓ [library] fetching origin/main
2026-09-29T03:43:38-10:00job:github_sync_all | From github.com:RootRecord-Software-Solutions/RootRecord-Library
2026-09-29T03:43:38-10:00job:github_sync_all | * branch            main       -> FETCH_HEAD
2026-09-29T03:43:38-10:00job:github_sync_all | ↑ [library] local is ahead of GitHub
2026-09-29T03:43:38-10:00job:github_sync_all | To github.com:RootRecord-Software-Solutions/RootRecord-Library.git
2026-09-29T03:43:38-10:00job:github_sync_all | 6b4df92..e25bc5e  HEAD -> main
2026-09-29T03:43:38-10:00job:github_sync_all | branch 'main' set up to track 'origin/main'.
2026-09-29T03:43:38-10:00job:github_sync_all | ↑ [library] 1 files → RootRecord-Software-Solutions/RootRecord-Library (main)
2026-09-29T03:43:38-10:00job:github_sync_all | — [skills] no local changes
2026-09-29T03:43:38-10:00job:github_sync_all | ↓ [skills] fetching origin/main
2026-09-29T03:43:38-10:00job:github_sync_all | From github.com:rootrecordsoftwaresolutions/Solar-Pacific-RootRecord-Server
2026-09-29T03:43:38-10:00job:github_sync_all | * branch            main       -> FETCH_HEAD
2026-09-29T03:43:38-10:00job:github_sync_all | — [skills] local and GitHub already match
2026-09-29T03:43:38-10:00job:github_sync_all | — [skills] nothing to push
2026-09-29T03:43:38-10:00job:worklog_scan RUN  bash "/home/rootrecord/RootRecord-Ecosystem/1 - Servers/1 - RootRecord-Pacific-Solar-Server/Reports/scripts/worklog_once.sh"
2026-09-29T03:43:41-10:00job:worklog_scan | OK wrote/updated /home/rootrecord/RootRecord-Ecosystem/2 - RootRecord-Database/Worklog/worklog_current.md
2026-09-29T03:43:41-10:00job:security_camera_frame_grab RUN  bash "/home/rootrecord/RootRecord-Ecosystem/1 - Servers/1 - RootRecord-Pacific-Solar-Server/Security/Cameras/grab_all.sh"
2026-09-29T03:43:53-10:00job:security_camera_frame_grab | 03:43:41  📷  a-eyes  ch1 → ch1-20260929T134341Z.jpg  (314.5 KB, 4.37s)
2026-09-29T03:43:53-10:00job:security_camera_frame_grab | 03:43:45  📷  a-eyes  ch2 → ch2-20260929T134345Z.jpg  (341.2 KB, 4.48s)
2026-09-29T03:43:53-10:00job:security_camera_frame_grab | 03:43:50  📷  a-eyes  ch3 → ch3-20260929T134350Z.jpg  (12.1 KB, 1.50s)
2026-09-29T03:43:53-10:00job:security_camera_frame_grab | 03:43:51  📷  a-eyes  ch4 → ch4-20260929T134351Z.jpg  (12.1 KB, 1.53s)
2026-09-29T03:43:53-10:00ENERGY  status=live  B2=46.5%  B1=5.2%  solar=0 W  ac=80 W  usbc=20 W  src=/home/rootrecord/RootRecord-Ecosystem/2 - RootRecord-Database/Energy
2026-09-29T03:44:08-10:00  ▸  SUMMARY=delta2 soc=46.34% solar=0W ac_out=74W usbc=37W src=ble db=ok
2026-09-29T03:44:08-10:00job:sys_stats_cycle RUN  bash "/home/rootrecord/RootRecord-Ecosystem/1 - Servers/1 - RootRecord-Pacific-Solar-Server/System/scripts/sys-sample.sh"
2026-09-29T03:44:09-10:00job:sys_stats_cycle | SYSTEM  cpu=6%  load=1.11  mem=47%  src=sqlite
2026-09-29T03:44:09-10:00job:sys_stats_cycle | OK wrote /home/rootrecord/RootRecord-Ecosystem/2 - RootRecord-Database/System/samples/sys-20260929-034408.json
2026-09-29T03:44:38-10:00job:github_sync_all | — [pacific] no local changes
2026-09-29T03:44:38-10:00job:github_sync_all | ↓ [pacific] fetching origin/main
2026-09-29T03:44:38-10:00job:github_sync_all | From github.com:RootRecord-Software-Solutions/RootRecord-Pacific-Solar-Server
2026-09-29T03:44:38-10:00job:github_sync_all | * branch            main       -> FETCH_HEAD
2026-09-29T03:44:38-10:00job:github_sync_all | — [pacific] local and GitHub already match
2026-09-29T03:44:38-10:00job:github_sync_all | — [pacific] nothing to push
2026-09-29T03:44:38-10:00job:github_sync_all | ↑ [database] committed 15 local file(s)
2026-09-29T03:44:38-10:00job:github_sync_all | ↓ [database] fetching origin/main
2026-09-29T03:44:38-10:00job:github_sync_all | From github.com:RootRecord-Software-Solutions/RootRecord-Database
2026-09-29T03:44:38-10:00job:github_sync_all | * branch            main       -> FETCH_HEAD
2026-09-29T03:44:38-10:00job:github_sync_all | ↑ [database] local is ahead of GitHub
2026-09-29T03:44:38-10:00job:github_sync_all | To github.com:RootRecord-Software-Solutions/RootRecord-Database.git
2026-09-29T03:44:38-10:00job:github_sync_all | d2eba1c..36a9861  HEAD -> main
2026-09-29T03:44:38-10:00job:github_sync_all | branch 'main' set up to track 'origin/main'.
2026-09-29T03:44:38-10:00job:github_sync_all | ↑ [database] 15 files → RootRecord-Software-Solutions/RootRecord-Database (main)
2026-09-29T03:44:38-10:00job:github_sync_all | ↑ [library] committed 6 local file(s)
2026-09-29T03:44:38-10:00job:github_sync_all | ↓ [library] fetching origin/main
2026-09-29T03:44:38-10:00job:github_sync_all | From github.com:RootRecord-Software-Solutions/RootRecord-Library
2026-09-29T03:44:38-10:00job:github_sync_all | * branch            main       -> FETCH_HEAD
2026-09-29T03:44:38-10:00job:github_sync_all | ↑ [library] local is ahead of GitHub
2026-09-29T03:44:38-10:00job:github_sync_all | To github.com:RootRecord-Software-Solutions/RootRecord-Library.git
2026-09-29T03:44:38-10:00job:github_sync_all | e25bc5e..125aefd  HEAD -> main
2026-09-29T03:44:38-10:00job:github_sync_all | branch 'main' set up to track 'origin/main'.
2026-09-29T03:44:38-10:00job:github_sync_all | ↑ [library] 6 files → RootRecord-Software-Solutions/RootRecord-Library (main)
2026-09-29T03:44:38-10:00job:github_sync_all | — [skills] no local changes
2026-09-29T03:44:38-10:00job:github_sync_all | ↓ [skills] fetching origin/main
2026-09-29T03:44:38-10:00job:github_sync_all | From github.com:rootrecordsoftwaresolutions/Solar-Pacific-RootRecord-Server
2026-09-29T03:44:38-10:00job:github_sync_all | * branch            main       -> FETCH_HEAD
2026-09-29T03:44:38-10:00job:github_sync_all | — [skills] local and GitHub already match
2026-09-29T03:44:38-10:00job:github_sync_all | — [skills] nothing to push
2026-09-29T03:44:38-10:00job:security_camera_frame_grab RUN  bash "/home/rootrecord/RootRecord-Ecosystem/1 - Servers/1 - RootRecord-Pacific-Solar-Server/Security/Cameras/grab_all.sh"
2026-09-29T03:44:50-10:00job:security_camera_frame_grab | 03:44:38  📷  a-eyes  ch1 → ch1-20260929T134438Z.jpg  (315.2 KB, 4.44s)
2026-09-29T03:44:50-10:00job:security_camera_frame_grab | 03:44:43  📷  a-eyes  ch2 → ch2-20260929T134443Z.jpg  (341.8 KB, 4.38s)
2026-09-29T03:44:50-10:00job:security_camera_frame_grab | 03:44:47  📷  a-eyes  ch3 → ch3-20260929T134447Z.jpg  (12.0 KB, 1.50s)
2026-09-29T03:44:50-10:00job:security_camera_frame_grab | 03:44:49  📷  a-eyes  ch4 → ch4-20260929T134449Z.jpg  (12.1 KB, 1.66s)
2026-09-29T03:45:06-10:00  ▸  SUMMARY=delta2 soc=46.04% solar=0W ac_out=80W usbc=21W src=ble db=ok
2026-09-29T03:45:06-10:00job:sys_stats_cycle RUN  bash "/home/rootrecord/RootRecord-Ecosystem/1 - Servers/1 - RootRecord-Pacific-Solar-Server/System/scripts/sys-sample.sh"
2026-09-29T03:45:06-10:00job:sys_stats_cycle | SYSTEM  cpu=7%  load=1.52  mem=47%  src=sqlite
2026-09-29T03:45:06-10:00job:sys_stats_cycle | OK wrote /home/rootrecord/RootRecord-Ecosystem/2 - RootRecord-Database/System/samples/sys-20260929-034506.json
2026-09-29T03:45:41-10:00job:github_sync_all | — [pacific] no local changes
2026-09-29T03:45:41-10:00job:github_sync_all | ↓ [pacific] fetching origin/main
2026-09-29T03:45:41-10:00job:github_sync_all | From github.com:RootRecord-Software-Solutions/RootRecord-Pacific-Solar-Server
2026-09-29T03:45:41-10:00job:github_sync_all | * branch            main       -> FETCH_HEAD
2026-09-29T03:45:41-10:00job:github_sync_all | — [pacific] local and GitHub already match
2026-09-29T03:45:41-10:00job:github_sync_all | — [pacific] nothing to push
2026-09-29T03:45:41-10:00job:github_sync_all | ↑ [database] committed 14 local file(s)
2026-09-29T03:45:41-10:00job:github_sync_all | ↓ [database] fetching origin/main
2026-09-29T03:45:41-10:00job:github_sync_all | From github.com:RootRecord-Software-Solutions/RootRecord-Database
2026-09-29T03:45:41-10:00job:github_sync_all | * branch            main       -> FETCH_HEAD
2026-09-29T03:45:41-10:00job:github_sync_all | ↑ [database] local is ahead of GitHub
2026-09-29T03:45:41-10:00job:github_sync_all | To github.com:RootRecord-Software-Solutions/RootRecord-Database.git
2026-09-29T03:45:41-10:00job:github_sync_all | 36a9861..b91cc84  HEAD -> main
2026-09-29T03:45:41-10:00job:github_sync_all | branch 'main' set up to track 'origin/main'.
2026-09-29T03:45:41-10:00job:github_sync_all | ↑ [database] 14 files → RootRecord-Software-Solutions/RootRecord-Database (main)
2026-09-29T03:45:41-10:00job:github_sync_all | ↑ [library] committed 10 local file(s)
2026-09-29T03:45:41-10:00job:github_sync_all | ↓ [library] fetching origin/main
2026-09-29T03:45:41-10:00job:github_sync_all | From github.com:RootRecord-Software-Solutions/RootRecord-Library
2026-09-29T03:45:41-10:00job:github_sync_all | * branch            main       -> FETCH_HEAD
2026-09-29T03:45:41-10:00job:github_sync_all | ↑ [library] local is ahead of GitHub
2026-09-29T03:45:41-10:00job:github_sync_all | To github.com:RootRecord-Software-Solutions/RootRecord-Library.git
2026-09-29T03:45:41-10:00job:github_sync_all | 125aefd..e768a29  HEAD -> main
2026-09-29T03:45:41-10:00job:github_sync_all | branch 'main' set up to track 'origin/main'.
2026-09-29T03:45:41-10:00job:github_sync_all | ↑ [library] 10 files → RootRecord-Software-Solutions/RootRecord-Library (main)
2026-09-29T03:45:41-10:00job:github_sync_all | — [skills] no local changes
2026-09-29T03:45:41-10:00job:github_sync_all | ↓ [skills] fetching origin/main
2026-09-29T03:45:41-10:00job:github_sync_all | From github.com:rootrecordsoftwaresolutions/Solar-Pacific-RootRecord-Server
2026-09-29T03:45:41-10:00job:github_sync_all | * branch            main       -> FETCH_HEAD
2026-09-29T03:45:41-10:00job:github_sync_all | — [skills] local and GitHub already match
2026-09-29T03:45:41-10:00job:github_sync_all | — [skills] nothing to push
2026-09-29T03:45:41-10:00job:worklog_scan RUN  bash "/home/rootrecord/RootRecord-Ecosystem/1 - Servers/1 - RootRecord-Pacific-Solar-Server/Reports/scripts/worklog_once.sh"
2026-09-29T03:45:43-10:00job:worklog_scan | OK wrote/updated /home/rootrecord/RootRecord-Ecosystem/2 - RootRecord-Database/Worklog/worklog_current.md
2026-09-29T03:45:43-10:00job:security_camera_frame_grab RUN  bash "/home/rootrecord/RootRecord-Ecosystem/1 - Servers/1 - RootRecord-Pacific-Solar-Server/Security/Cameras/grab_all.sh"
2026-09-29T03:45:56-10:00job:security_camera_frame_grab | 03:45:43  📷  a-eyes  ch1 → ch1-20260929T134543Z.jpg  (314.8 KB, 4.46s)
2026-09-29T03:45:56-10:00job:security_camera_frame_grab | 03:45:48  📷  a-eyes  ch2 → ch2-20260929T134548Z.jpg  (341.4 KB, 4.49s)
2026-09-29T03:45:56-10:00job:security_camera_frame_grab | 03:45:52  📷  a-eyes  ch3 → ch3-20260929T134552Z.jpg  (12.1 KB, 1.53s)
2026-09-29T03:45:56-10:00job:security_camera_frame_grab | 03:45:54  📷  a-eyes  ch4 → ch4-20260929T134554Z.jpg  (12.1 KB, 1.59s)
2026-09-29T03:45:56-10:00ENERGY  status=live  B2=46.0%  B1=5.2%  solar=0 W  ac=80 W  usbc=21 W  src=/home/rootrecord/RootRecord-Ecosystem/2 - RootRecord-Database/Energy
2026-09-29T03:46:02-10:00tunnel timeout — reconnecting
2026-09-29T03:46:02-10:00tunnel timeout — reconnecting
2026-09-29T03:46:04-10:00tunnel timeout — reconnecting
2026-09-29T03:46:04-10:00tunnel timeout — reconnecting
2026-09-29T03:46:11-10:00  ▸  SUMMARY=river2pro soc=5.23% solar=0W ac_out=— usbc=0W src=ble db=ok
2026-09-29T03:46:11-10:00job:sys_stats_cycle RUN  bash "/home/rootrecord/RootRecord-Ecosystem/1 - Servers/1 - RootRecord-Pacific-Solar-Server/System/scripts/sys-sample.sh"
2026-09-29T03:46:12-10:00job:sys_stats_cycle | SYSTEM  cpu=11%  load=1.65  mem=47%  src=sqlite
2026-09-29T03:46:12-10:00job:sys_stats_cycle | OK wrote /home/rootrecord/RootRecord-Ecosystem/2 - RootRecord-Database/System/samples/sys-20260929-034611.json
2026-09-29T03:46:24-10:00tunnel connected  conn=3  edge=lax01
2026-09-29T03:46:24-10:00tunnel connected  conn=1  edge=lax08
2026-09-29T03:46:40-10:00job:github_sync_all | — [pacific] no local changes
2026-09-29T03:46:40-10:00job:github_sync_all | ↓ [pacific] fetching origin/main
2026-09-29T03:46:40-10:00job:github_sync_all | From github.com:RootRecord-Software-Solutions/RootRecord-Pacific-Solar-Server
2026-09-29T03:46:40-10:00job:github_sync_all | * branch            main       -> FETCH_HEAD
2026-09-29T03:46:40-10:00job:github_sync_all | — [pacific] local and GitHub already match
2026-09-29T03:46:40-10:00job:github_sync_all | — [pacific] nothing to push
2026-09-29T03:46:40-10:00job:github_sync_all | ↑ [database] committed 15 local file(s)
2026-09-29T03:46:40-10:00job:github_sync_all | ↓ [database] fetching origin/main
2026-09-29T03:46:40-10:00job:github_sync_all | From github.com:RootRecord-Software-Solutions/RootRecord-Database
2026-09-29T03:46:40-10:00job:github_sync_all | * branch            main       -> FETCH_HEAD
2026-09-29T03:46:40-10:00job:github_sync_all | ↑ [database] local is ahead of GitHub
2026-09-29T03:46:40-10:00job:github_sync_all | To github.com:RootRecord-Software-Solutions/RootRecord-Database.git
2026-09-29T03:46:40-10:00job:github_sync_all | b91cc84..cc6fdfb  HEAD -> main
2026-09-29T03:46:40-10:00job:github_sync_all | branch 'main' set up to track 'origin/main'.
2026-09-29T03:46:40-10:00job:github_sync_all | ↑ [database] 15 files → RootRecord-Software-Solutions/RootRecord-Database (main)
2026-09-29T03:46:40-10:00job:github_sync_all | — [library] no local changes
2026-09-29T03:46:40-10:00job:github_sync_all | ↓ [library] fetching origin/main
2026-09-29T03:46:40-10:00job:github_sync_all | From github.com:RootRecord-Software-Solutions/RootRecord-Library
2026-09-29T03:46:40-10:00job:github_sync_all | * branch            main       -> FETCH_HEAD
2026-09-29T03:46:40-10:00job:github_sync_all | — [library] local and GitHub already match
2026-09-29T03:46:40-10:00job:github_sync_all | — [library] nothing to push
2026-09-29T03:46:40-10:00job:github_sync_all | — [skills] no local changes
2026-09-29T03:46:40-10:00job:github_sync_all | ↓ [skills] fetching origin/main
2026-09-29T03:46:40-10:00job:github_sync_all | From github.com:rootrecordsoftwaresolutions/Solar-Pacific-RootRecord-Server
2026-09-29T03:46:40-10:00job:github_sync_all | * branch            main       -> FETCH_HEAD
2026-09-29T03:46:40-10:00job:github_sync_all | — [skills] local and GitHub already match
2026-09-29T03:46:40-10:00job:github_sync_all | — [skills] nothing to push
2026-09-29T03:46:40-10:00job:security_camera_frame_grab RUN  bash "/home/rootrecord/RootRecord-Ecosystem/1 - Servers/1 - RootRecord-Pacific-Solar-Server/Security/Cameras/grab_all.sh"
2026-09-29T03:46:52-10:00job:security_camera_frame_grab | 03:46:40  📷  a-eyes  ch1 → ch1-20260929T134640Z.jpg  (316.2 KB, 4.42s)
2026-09-29T03:46:52-10:00job:security_camera_frame_grab | 03:46:44  📷  a-eyes  ch2 → ch2-20260929T134644Z.jpg  (337.6 KB, 4.44s)
2026-09-29T03:46:52-10:00job:security_camera_frame_grab | 03:46:49  📷  a-eyes  ch3 → ch3-20260929T134649Z.jpg  (12.1 KB, 1.71s)
2026-09-29T03:46:52-10:00job:security_camera_frame_grab | 03:46:50  📷  a-eyes  ch4 → ch4-20260929T134650Z.jpg  (12.1 KB, 1.52s)
2026-09-29T03:47:07-10:00  ▸  SUMMARY=delta2 soc=45.63% solar=0W ac_out=76W usbc=19W src=ble db=ok
2026-09-29T03:47:07-10:00job:sys_stats_cycle RUN  bash "/home/rootrecord/RootRecord-Ecosystem/1 - Servers/1 - RootRecord-Pacific-Solar-Server/System/scripts/sys-sample.sh"
2026-09-29T03:47:08-10:00job:sys_stats_cycle | SYSTEM  cpu=6%  load=1.35  mem=47%  src=sqlite
2026-09-29T03:47:08-10:00job:sys_stats_cycle | OK wrote /home/rootrecord/RootRecord-Ecosystem/2 - RootRecord-Database/System/samples/sys-20260929-034707.json
2026-09-29T03:47:35-10:00job:github_sync_all | — [pacific] no local changes
2026-09-29T03:47:35-10:00job:github_sync_all | ↓ [pacific] fetching origin/main
2026-09-29T03:47:35-10:00job:github_sync_all | From github.com:RootRecord-Software-Solutions/RootRecord-Pacific-Solar-Server
2026-09-29T03:47:35-10:00job:github_sync_all | * branch            main       -> FETCH_HEAD
2026-09-29T03:47:35-10:00job:github_sync_all | — [pacific] local and GitHub already match
2026-09-29T03:47:35-10:00job:github_sync_all | — [pacific] nothing to push
2026-09-29T03:47:35-10:00job:github_sync_all | ↑ [database] committed 12 local file(s)
2026-09-29T03:47:35-10:00job:github_sync_all | ↓ [database] fetching origin/main
2026-09-29T03:47:35-10:00job:github_sync_all | From github.com:RootRecord-Software-Solutions/RootRecord-Database
2026-09-29T03:47:35-10:00job:github_sync_all | * branch            main       -> FETCH_HEAD
2026-09-29T03:47:35-10:00job:github_sync_all | ↑ [database] local is ahead of GitHub
2026-09-29T03:47:35-10:00job:github_sync_all | To github.com:RootRecord-Software-Solutions/RootRecord-Database.git
2026-09-29T03:47:35-10:00job:github_sync_all | cc6fdfb..b3fbb15  HEAD -> main
2026-09-29T03:47:35-10:00job:github_sync_all | branch 'main' set up to track 'origin/main'.
2026-09-29T03:47:35-10:00job:github_sync_all | ↑ [database] 12 files → RootRecord-Software-Solutions/RootRecord-Database (main)
2026-09-29T03:47:35-10:00job:github_sync_all | — [library] no local changes
2026-09-29T03:47:35-10:00job:github_sync_all | ↓ [library] fetching origin/main
2026-09-29T03:47:35-10:00job:github_sync_all | From github.com:RootRecord-Software-Solutions/RootRecord-Library
2026-09-29T03:47:35-10:00job:github_sync_all | * branch            main       -> FETCH_HEAD
2026-09-29T03:47:35-10:00job:github_sync_all | — [library] local and GitHub already match
2026-09-29T03:47:35-10:00job:github_sync_all | — [library] nothing to push
2026-09-29T03:47:35-10:00job:github_sync_all | — [skills] no local changes
2026-09-29T03:47:35-10:00job:github_sync_all | ↓ [skills] fetching origin/main
2026-09-29T03:47:35-10:00job:github_sync_all | From github.com:rootrecordsoftwaresolutions/Solar-Pacific-RootRecord-Server
2026-09-29T03:47:35-10:00job:github_sync_all | * branch            main       -> FETCH_HEAD
2026-09-29T03:47:35-10:00job:github_sync_all | — [skills] local and GitHub already match
2026-09-29T03:47:35-10:00job:github_sync_all | — [skills] nothing to push
2026-09-29T03:47:35-10:00job:worklog_scan RUN  bash "/home/rootrecord/RootRecord-Ecosystem/1 - Servers/1 - RootRecord-Pacific-Solar-Server/Reports/scripts/worklog_once.sh"
2026-09-29T03:47:39-10:00job:worklog_scan | OK wrote/updated /home/rootrecord/RootRecord-Ecosystem/2 - RootRecord-Database/Worklog/worklog_current.md
2026-09-29T03:47:39-10:00job:security_camera_frame_grab RUN  bash "/home/rootrecord/RootRecord-Ecosystem/1 - Servers/1 - RootRecord-Pacific-Solar-Server/Security/Cameras/grab_all.sh"
2026-09-29T03:47:52-10:00job:security_camera_frame_grab | 03:47:40  📷  a-eyes  ch1 → ch1-20260929T134740Z.jpg  (309.6 KB, 4.67s)
2026-09-29T03:47:52-10:00job:security_camera_frame_grab | 03:47:44  📷  a-eyes  ch2 → ch2-20260929T134744Z.jpg  (339.0 KB, 4.27s)
2026-09-29T03:47:52-10:00job:security_camera_frame_grab | 03:47:49  📷  a-eyes  ch3 → ch3-20260929T134749Z.jpg  (12.0 KB, 1.53s)
2026-09-29T03:47:52-10:00job:security_camera_frame_grab | 03:47:50  📷  a-eyes  ch4 → ch4-20260929T134750Z.jpg  (12.1 KB, 1.59s)
2026-09-29T03:47:52-10:00ENERGY  status=live  B2=45.6%  B1=5.2%  solar=0 W  ac=76 W  usbc=19 W  src=/home/rootrecord/RootRecord-Ecosystem/2 - RootRecord-Database/Energy
2026-09-29T03:48:07-10:00  ▸  SUMMARY=delta2 soc=45.43% solar=0W ac_out=90W usbc=26W src=ble db=ok
2026-09-29T03:48:07-10:00job:sys_stats_cycle RUN  bash "/home/rootrecord/RootRecord-Ecosystem/1 - Servers/1 - RootRecord-Pacific-Solar-Server/System/scripts/sys-sample.sh"
2026-09-29T03:48:07-10:00job:sys_stats_cycle | SYSTEM  cpu=9%  load=1.15  mem=47%  src=sqlite
2026-09-29T03:48:07-10:00job:sys_stats_cycle | OK wrote /home/rootrecord/RootRecord-Ecosystem/2 - RootRecord-Database/System/samples/sys-20260929-034807.json
2026-09-29T03:48:40-10:00job:github_sync_all | ↑ [pacific] committed 1 local file(s)
2026-09-29T03:48:40-10:00job:github_sync_all | ↓ [pacific] fetching origin/main
2026-09-29T03:48:40-10:00job:github_sync_all | From github.com:RootRecord-Software-Solutions/RootRecord-Pacific-Solar-Server
2026-09-29T03:48:40-10:00job:github_sync_all | * branch            main       -> FETCH_HEAD
2026-09-29T03:48:40-10:00job:github_sync_all | ↑ [pacific] local is ahead of GitHub
2026-09-29T03:48:40-10:00job:github_sync_all | To github.com:RootRecord-Software-Solutions/RootRecord-Pacific-Solar-Server.git
2026-09-29T03:48:40-10:00job:github_sync_all | 288d684..c157ce4  HEAD -> main
2026-09-29T03:48:40-10:00job:github_sync_all | branch 'main' set up to track 'origin/main'.
2026-09-29T03:48:40-10:00job:github_sync_all | ↑ [pacific] 1 files → RootRecord-Software-Solutions/RootRecord-Pacific-Solar-Server (main)
2026-09-29T03:48:40-10:00job:github_sync_all | ↑ [database] committed 16 local file(s)
2026-09-29T03:48:40-10:00job:github_sync_all | ↓ [database] fetching origin/main
2026-09-29T03:48:40-10:00job:github_sync_all | From github.com:RootRecord-Software-Solutions/RootRecord-Database
2026-09-29T03:48:40-10:00job:github_sync_all | * branch            main       -> FETCH_HEAD
2026-09-29T03:48:40-10:00job:github_sync_all | ↑ [database] local is ahead of GitHub
2026-09-29T03:48:40-10:00job:github_sync_all | To github.com:RootRecord-Software-Solutions/RootRecord-Database.git
2026-09-29T03:48:40-10:00job:github_sync_all | b3fbb15..09f5a8b  HEAD -> main
2026-09-29T03:48:40-10:00job:github_sync_all | branch 'main' set up to track 'origin/main'.
2026-09-29T03:48:40-10:00job:github_sync_all | ↑ [database] 16 files → RootRecord-Software-Solutions/RootRecord-Database (main)
2026-09-29T03:48:40-10:00job:github_sync_all | ↑ [library] committed 8 local file(s)
2026-09-29T03:48:40-10:00job:github_sync_all | ↓ [library] fetching origin/main
2026-09-29T03:48:40-10:00job:github_sync_all | From github.com:RootRecord-Software-Solutions/RootRecord-Library
2026-09-29T03:48:40-10:00job:github_sync_all | * branch            main       -> FETCH_HEAD
2026-09-29T03:48:40-10:00job:github_sync_all | ↑ [library] local is ahead of GitHub
2026-09-29T03:48:40-10:00job:github_sync_all | To github.com:RootRecord-Software-Solutions/RootRecord-Library.git
2026-09-29T03:48:40-10:00job:github_sync_all | e768a29..1136224  HEAD -> main
2026-09-29T03:48:40-10:00job:github_sync_all | branch 'main' set up to track 'origin/main'.
2026-09-29T03:48:40-10:00job:github_sync_all | ↑ [library] 8 files → RootRecord-Software-Solutions/RootRecord-Library (main)
2026-09-29T03:48:40-10:00job:github_sync_all | — [skills] no local changes
2026-09-29T03:48:40-10:00job:github_sync_all | ↓ [skills] fetching origin/main
2026-09-29T03:48:40-10:00job:github_sync_all | From github.com:rootrecordsoftwaresolutions/Solar-Pacific-RootRecord-Server
2026-09-29T03:48:40-10:00job:github_sync_all | * branch            main       -> FETCH_HEAD
2026-09-29T03:48:40-10:00job:github_sync_all | — [skills] local and GitHub already match
2026-09-29T03:48:40-10:00job:github_sync_all | — [skills] nothing to push
2026-09-29T03:48:40-10:00job:security_camera_frame_grab RUN  bash "/home/rootrecord/RootRecord-Ecosystem/1 - Servers/1 - RootRecord-Pacific-Solar-Server/Security/Cameras/grab_all.sh"
2026-09-29T03:48:52-10:00job:security_camera_frame_grab | 03:48:40  📷  a-eyes  ch1 → ch1-20260929T134840Z.jpg  (312.0 KB, 4.32s)
2026-09-29T03:48:52-10:00job:security_camera_frame_grab | 03:48:45  📷  a-eyes  ch2 → ch2-20260929T134845Z.jpg  (338.7 KB, 4.40s)
2026-09-29T03:48:52-10:00job:security_camera_frame_grab | 03:48:49  📷  a-eyes  ch3 → ch3-20260929T134849Z.jpg  (12.1 KB, 1.50s)
2026-09-29T03:48:52-10:00job:security_camera_frame_grab | 03:48:50  📷  a-eyes  ch4 → ch4-20260929T134850Z.jpg  (12.1 KB, 1.50s)
2026-09-29T03:48:52-10:00ENERGY  status=live  B2=45.4%  B1=5.2%  solar=0 W  ac=90 W  usbc=26 W  src=/home/rootrecord/RootRecord-Ecosystem/2 - RootRecord-Database/Energy
2026-09-29T03:49:07-10:00  ▸  SUMMARY=delta2 soc=45.12% solar=0W ac_out=80W usbc=25W src=ble db=ok
2026-09-29T03:49:07-10:00job:sys_stats_cycle RUN  bash "/home/rootrecord/RootRecord-Ecosystem/1 - Servers/1 - RootRecord-Pacific-Solar-Server/System/scripts/sys-sample.sh"
2026-09-29T03:49:08-10:00job:sys_stats_cycle | SYSTEM  cpu=9%  load=1.96  mem=44%  src=sqlite
2026-09-29T03:49:08-10:00job:sys_stats_cycle | OK wrote /home/rootrecord/RootRecord-Ecosystem/2 - RootRecord-Database/System/samples/sys-20260929-034908.json
2026-09-29T03:49:38-10:00job:github_sync_all | — [pacific] no local changes
2026-09-29T03:49:38-10:00job:github_sync_all | ↓ [pacific] fetching origin/main
2026-09-29T03:49:38-10:00job:github_sync_all | From github.com:RootRecord-Software-Solutions/RootRecord-Pacific-Solar-Server
2026-09-29T03:49:38-10:00job:github_sync_all | * branch            main       -> FETCH_HEAD
2026-09-29T03:49:38-10:00job:github_sync_all | — [pacific] local and GitHub already match
2026-09-29T03:49:38-10:00job:github_sync_all | — [pacific] nothing to push
2026-09-29T03:49:38-10:00job:github_sync_all | ↑ [database] committed 12 local file(s)
2026-09-29T03:49:38-10:00job:github_sync_all | ↓ [database] fetching origin/main
2026-09-29T03:49:38-10:00job:github_sync_all | From github.com:RootRecord-Software-Solutions/RootRecord-Database
2026-09-29T03:49:38-10:00job:github_sync_all | * branch            main       -> FETCH_HEAD
2026-09-29T03:49:38-10:00job:github_sync_all | ↑ [database] local is ahead of GitHub
2026-09-29T03:49:38-10:00job:github_sync_all | To github.com:RootRecord-Software-Solutions/RootRecord-Database.git
2026-09-29T03:49:38-10:00job:github_sync_all | 09f5a8b..af9006f  HEAD -> main
2026-09-29T03:49:38-10:00job:github_sync_all | branch 'main' set up to track 'origin/main'.
2026-09-29T03:49:38-10:00job:github_sync_all | ↑ [database] 12 files → RootRecord-Software-Solutions/RootRecord-Database (main)
2026-09-29T03:49:38-10:00job:github_sync_all | ↑ [library] committed 3 local file(s)
2026-09-29T03:49:38-10:00job:github_sync_all | ↓ [library] fetching origin/main
2026-09-29T03:49:38-10:00job:github_sync_all | From github.com:RootRecord-Software-Solutions/RootRecord-Library
2026-09-29T03:49:38-10:00job:github_sync_all | * branch            main       -> FETCH_HEAD
2026-09-29T03:49:38-10:00job:github_sync_all | ↑ [library] local is ahead of GitHub
2026-09-29T03:49:38-10:00job:github_sync_all | To github.com:RootRecord-Software-Solutions/RootRecord-Library.git
2026-09-29T03:49:38-10:00job:github_sync_all | 1136224..6794683  HEAD -> main
2026-09-29T03:49:38-10:00job:github_sync_all | branch 'main' set up to track 'origin/main'.
2026-09-29T03:49:38-10:00job:github_sync_all | ↑ [library] 3 files → RootRecord-Software-Solutions/RootRecord-Library (main)
2026-09-29T03:49:38-10:00job:github_sync_all | — [skills] no local changes
2026-09-29T03:49:38-10:00job:github_sync_all | ↓ [skills] fetching origin/main
2026-09-29T03:49:38-10:00job:github_sync_all | From github.com:rootrecordsoftwaresolutions/Solar-Pacific-RootRecord-Server
2026-09-29T03:49:38-10:00job:github_sync_all | * branch            main       -> FETCH_HEAD
2026-09-29T03:49:38-10:00job:github_sync_all | — [skills] local and GitHub already match
2026-09-29T03:49:38-10:00job:github_sync_all | — [skills] nothing to push
2026-09-29T03:49:38-10:00job:worklog_scan RUN  bash "/home/rootrecord/RootRecord-Ecosystem/1 - Servers/1 - RootRecord-Pacific-Solar-Server/Reports/scripts/worklog_once.sh"
2026-09-29T03:49:42-10:00job:worklog_scan | OK wrote/updated /home/rootrecord/RootRecord-Ecosystem/2 - RootRecord-Database/Worklog/worklog_current.md
2026-09-29T03:49:42-10:00job:security_camera_frame_grab RUN  bash "/home/rootrecord/RootRecord-Ecosystem/1 - Servers/1 - RootRecord-Pacific-Solar-Server/Security/Cameras/grab_all.sh"
2026-09-29T03:49:54-10:00job:security_camera_frame_grab | 03:49:42  📷  a-eyes  ch1 → ch1-20260929T134942Z.jpg  (304.4 KB, 4.47s)
2026-09-29T03:49:54-10:00job:security_camera_frame_grab | 03:49:46  📷  a-eyes  ch2 → ch2-20260929T134946Z.jpg  (337.5 KB, 4.28s)
2026-09-29T03:49:54-10:00job:security_camera_frame_grab | 03:49:51  📷  a-eyes  ch3 → ch3-20260929T134951Z.jpg  (12.1 KB, 1.51s)
2026-09-29T03:49:54-10:00job:security_camera_frame_grab | 03:49:52  📷  a-eyes  ch4 → ch4-20260929T134952Z.jpg  (12.2 KB, 1.59s)
2026-09-29T03:49:54-10:00ENERGY  status=live  B2=45.1%  B1=5.2%  solar=0 W  ac=80 W  usbc=25 W  src=/home/rootrecord/RootRecord-Ecosystem/2 - RootRecord-Database/Energy
2026-09-29T03:50:09-10:00  ▸  SUMMARY=delta2 soc=44.92% solar=0W ac_out=74W usbc=21W src=ble db=ok
2026-09-29T03:50:09-10:00job:sys_stats_cycle RUN  bash "/home/rootrecord/RootRecord-Ecosystem/1 - Servers/1 - RootRecord-Pacific-Solar-Server/System/scripts/sys-sample.sh"
2026-09-29T03:50:10-10:00job:sys_stats_cycle | SYSTEM  cpu=5%  load=1.74  mem=44%  src=sqlite
2026-09-29T03:50:10-10:00job:sys_stats_cycle | OK wrote /home/rootrecord/RootRecord-Ecosystem/2 - RootRecord-Database/System/samples/sys-20260929-035009.json
2026-09-29T03:50:36-10:00job:github_sync_all | — [pacific] no local changes
2026-09-29T03:50:36-10:00job:github_sync_all | ↓ [pacific] fetching origin/main
2026-09-29T03:50:36-10:00job:github_sync_all | From github.com:RootRecord-Software-Solutions/RootRecord-Pacific-Solar-Server
2026-09-29T03:50:36-10:00job:github_sync_all | * branch            main       -> FETCH_HEAD
2026-09-29T03:50:36-10:00job:github_sync_all | — [pacific] local and GitHub already match
2026-09-29T03:50:36-10:00job:github_sync_all | — [pacific] nothing to push
2026-09-29T03:50:36-10:00job:github_sync_all | ↑ [database] committed 17 local file(s)
2026-09-29T03:50:36-10:00job:github_sync_all | ↓ [database] fetching origin/main
2026-09-29T03:50:36-10:00job:github_sync_all | From github.com:RootRecord-Software-Solutions/RootRecord-Database
2026-09-29T03:50:36-10:00job:github_sync_all | * branch            main       -> FETCH_HEAD
2026-09-29T03:50:36-10:00job:github_sync_all | ↑ [database] local is ahead of GitHub
2026-09-29T03:50:36-10:00job:github_sync_all | To github.com:RootRecord-Software-Solutions/RootRecord-Database.git
2026-09-29T03:50:36-10:00job:github_sync_all | af9006f..3bcdd6e  HEAD -> main
2026-09-29T03:50:36-10:00job:github_sync_all | branch 'main' set up to track 'origin/main'.
2026-09-29T03:50:36-10:00job:github_sync_all | ↑ [database] 17 files → RootRecord-Software-Solutions/RootRecord-Database (main)
2026-09-29T03:50:36-10:00job:github_sync_all | — [library] no local changes
2026-09-29T03:50:36-10:00job:github_sync_all | ↓ [library] fetching origin/main
2026-09-29T03:50:36-10:00job:github_sync_all | From github.com:RootRecord-Software-Solutions/RootRecord-Library
2026-09-29T03:50:36-10:00job:github_sync_all | * branch            main       -> FETCH_HEAD
2026-09-29T03:50:36-10:00job:github_sync_all | — [library] local and GitHub already match
2026-09-29T03:50:36-10:00job:github_sync_all | — [library] nothing to push
2026-09-29T03:50:36-10:00job:github_sync_all | — [skills] no local changes
2026-09-29T03:50:36-10:00job:github_sync_all | ↓ [skills] fetching origin/main
2026-09-29T03:50:36-10:00job:github_sync_all | From github.com:rootrecordsoftwaresolutions/Solar-Pacific-RootRecord-Server
2026-09-29T03:50:36-10:00job:github_sync_all | * branch            main       -> FETCH_HEAD
2026-09-29T03:50:36-10:00job:github_sync_all | — [skills] local and GitHub already match
2026-09-29T03:50:36-10:00job:github_sync_all | — [skills] nothing to push
2026-09-29T03:50:36-10:00job:security_camera_frame_grab RUN  bash "/home/rootrecord/RootRecord-Ecosystem/1 - Servers/1 - RootRecord-Pacific-Solar-Server/Security/Cameras/grab_all.sh"
2026-09-29T03:50:48-10:00job:security_camera_frame_grab | 03:50:36  📷  a-eyes  ch1 → ch1-20260929T135036Z.jpg  (311.3 KB, 4.24s)
2026-09-29T03:50:48-10:00job:security_camera_frame_grab | 03:50:40  📷  a-eyes  ch2 → ch2-20260929T135040Z.jpg  (337.7 KB, 4.37s)
2026-09-29T03:50:48-10:00job:security_camera_frame_grab | 03:50:45  📷  a-eyes  ch3 → ch3-20260929T135045Z.jpg  (12.1 KB, 1.54s)
2026-09-29T03:50:48-10:00job:security_camera_frame_grab | 03:50:46  📷  a-eyes  ch4 → ch4-20260929T135046Z.jpg  (12.1 KB, 1.59s)
2026-09-29T03:51:03-10:00  ▸  SUMMARY=river2pro soc=5.22% solar=0W ac_out=— usbc=0W src=ble db=ok
2026-09-29T03:51:03-10:00job:sys_stats_cycle RUN  bash "/home/rootrecord/RootRecord-Ecosystem/1 - Servers/1 - RootRecord-Pacific-Solar-Server/System/scripts/sys-sample.sh"
2026-09-29T03:51:04-10:00job:sys_stats_cycle | SYSTEM  cpu=11%  load=1.05  mem=44%  src=sqlite
2026-09-29T03:51:04-10:00job:sys_stats_cycle | OK wrote /home/rootrecord/RootRecord-Ecosystem/2 - RootRecord-Database/System/samples/sys-20260929-035104.json
2026-09-29T03:51:31-10:00job:github_sync_all | — [pacific] no local changes
2026-09-29T03:51:31-10:00job:github_sync_all | ↓ [pacific] fetching origin/main
2026-09-29T03:51:31-10:00job:github_sync_all | From github.com:RootRecord-Software-Solutions/RootRecord-Pacific-Solar-Server
2026-09-29T03:51:31-10:00job:github_sync_all | * branch            main       -> FETCH_HEAD
2026-09-29T03:51:31-10:00job:github_sync_all | — [pacific] local and GitHub already match
2026-09-29T03:51:31-10:00job:github_sync_all | — [pacific] nothing to push
2026-09-29T03:51:31-10:00job:github_sync_all | ↑ [database] committed 12 local file(s)
2026-09-29T03:51:31-10:00job:github_sync_all | ↓ [database] fetching origin/main
2026-09-29T03:51:31-10:00job:github_sync_all | From github.com:RootRecord-Software-Solutions/RootRecord-Database
2026-09-29T03:51:31-10:00job:github_sync_all | * branch            main       -> FETCH_HEAD
2026-09-29T03:51:31-10:00job:github_sync_all | ↑ [database] local is ahead of GitHub
2026-09-29T03:51:31-10:00job:github_sync_all | To github.com:RootRecord-Software-Solutions/RootRecord-Database.git
2026-09-29T03:51:31-10:00job:github_sync_all | 3bcdd6e..8e0d018  HEAD -> main
2026-09-29T03:51:31-10:00job:github_sync_all | branch 'main' set up to track 'origin/main'.
2026-09-29T03:51:31-10:00job:github_sync_all | ↑ [database] 12 files → RootRecord-Software-Solutions/RootRecord-Database (main)
2026-09-29T03:51:31-10:00job:github_sync_all | — [library] no local changes
2026-09-29T03:51:31-10:00job:github_sync_all | ↓ [library] fetching origin/main
2026-09-29T03:51:31-10:00job:github_sync_all | From github.com:RootRecord-Software-Solutions/RootRecord-Library
2026-09-29T03:51:31-10:00job:github_sync_all | * branch            main       -> FETCH_HEAD
2026-09-29T03:51:31-10:00job:github_sync_all | — [library] local and GitHub already match
2026-09-29T03:51:31-10:00job:github_sync_all | — [library] nothing to push
2026-09-29T03:51:31-10:00job:github_sync_all | — [skills] no local changes
2026-09-29T03:51:31-10:00job:github_sync_all | ↓ [skills] fetching origin/main
2026-09-29T03:51:31-10:00job:github_sync_all | From github.com:rootrecordsoftwaresolutions/Solar-Pacific-RootRecord-Server
2026-09-29T03:51:31-10:00job:github_sync_all | * branch            main       -> FETCH_HEAD
2026-09-29T03:51:31-10:00job:github_sync_all | — [skills] local and GitHub already match
2026-09-29T03:51:31-10:00job:github_sync_all | — [skills] nothing to push
2026-09-29T03:51:31-10:00job:worklog_scan RUN  bash "/home/rootrecord/RootRecord-Ecosystem/1 - Servers/1 - RootRecord-Pacific-Solar-Server/Reports/scripts/worklog_once.sh"
2026-09-29T03:51:34-10:00job:worklog_scan | OK wrote/updated /home/rootrecord/RootRecord-Ecosystem/2 - RootRecord-Database/Worklog/worklog_current.md
2026-09-29T03:51:34-10:00job:security_camera_frame_grab RUN  bash "/home/rootrecord/RootRecord-Ecosystem/1 - Servers/1 - RootRecord-Pacific-Solar-Server/Security/Cameras/grab_all.sh"
2026-09-29T03:51:46-10:00job:security_camera_frame_grab | 03:51:34  📷  a-eyes  ch1 → ch1-20260929T135134Z.jpg  (314.4 KB, 4.34s)
2026-09-29T03:51:46-10:00job:security_camera_frame_grab | 03:51:39  📷  a-eyes  ch2 → ch2-20260929T135139Z.jpg  (341.7 KB, 4.38s)
2026-09-29T03:51:46-10:00job:security_camera_frame_grab | 03:51:43  📷  a-eyes  ch3 → ch3-20260929T135143Z.jpg  (12.0 KB, 1.53s)
2026-09-29T03:51:46-10:00job:security_camera_frame_grab | 03:51:45  📷  a-eyes  ch4 → ch4-20260929T135145Z.jpg  (12.0 KB, 1.51s)
2026-09-29T03:51:46-10:00ENERGY  status=live  B2=44.9%  B1=5.2%  solar=0 W  ac=74 W  usbc=21 W  src=/home/rootrecord/RootRecord-Ecosystem/2 - RootRecord-Database/Energy
2026-09-29T03:52:03-10:00  ▸  SUMMARY=river2pro soc=5.22% solar=0W ac_out=— usbc=0W src=ble db=ok
2026-09-29T03:52:03-10:00job:sys_stats_cycle RUN  bash "/home/rootrecord/RootRecord-Ecosystem/1 - Servers/1 - RootRecord-Pacific-Solar-Server/System/scripts/sys-sample.sh"
2026-09-29T03:52:03-10:00job:sys_stats_cycle | SYSTEM  cpu=5%  load=1.02  mem=48%  src=sqlite
2026-09-29T03:52:03-10:00job:sys_stats_cycle | OK wrote /home/rootrecord/RootRecord-Ecosystem/2 - RootRecord-Database/System/samples/sys-20260929-035203.json
2026-09-29T03:52:29-10:00job:github_sync_all | — [pacific] no local changes
2026-09-29T03:52:29-10:00job:github_sync_all | ↓ [pacific] fetching origin/main
2026-09-29T03:52:29-10:00job:github_sync_all | From github.com:RootRecord-Software-Solutions/RootRecord-Pacific-Solar-Server
2026-09-29T03:52:29-10:00job:github_sync_all | * branch            main       -> FETCH_HEAD
2026-09-29T03:52:29-10:00job:github_sync_all | — [pacific] local and GitHub already match
2026-09-29T03:52:29-10:00job:github_sync_all | — [pacific] nothing to push
2026-09-29T03:52:29-10:00job:github_sync_all | ↑ [database] committed 16 local file(s)
2026-09-29T03:52:29-10:00job:github_sync_all | ↓ [database] fetching origin/main
2026-09-29T03:52:29-10:00job:github_sync_all | From github.com:RootRecord-Software-Solutions/RootRecord-Database
2026-09-29T03:52:29-10:00job:github_sync_all | * branch            main       -> FETCH_HEAD
2026-09-29T03:52:29-10:00job:github_sync_all | ↑ [database] local is ahead of GitHub
2026-09-29T03:52:29-10:00job:github_sync_all | To github.com:RootRecord-Software-Solutions/RootRecord-Database.git
2026-09-29T03:52:29-10:00job:github_sync_all | 8e0d018..c1b296c  HEAD -> main
2026-09-29T03:52:29-10:00job:github_sync_all | branch 'main' set up to track 'origin/main'.
2026-09-29T03:52:29-10:00job:github_sync_all | ↑ [database] 16 files → RootRecord-Software-Solutions/RootRecord-Database (main)
2026-09-29T03:52:29-10:00job:github_sync_all | — [library] no local changes
2026-09-29T03:52:29-10:00job:github_sync_all | ↓ [library] fetching origin/main
2026-09-29T03:52:29-10:00job:github_sync_all | From github.com:RootRecord-Software-Solutions/RootRecord-Library
2026-09-29T03:52:29-10:00job:github_sync_all | * branch            main       -> FETCH_HEAD
2026-09-29T03:52:29-10:00job:github_sync_all | — [library] local and GitHub already match
2026-09-29T03:52:29-10:00job:github_sync_all | — [library] nothing to push
2026-09-29T03:52:29-10:00job:github_sync_all | — [skills] no local changes
2026-09-29T03:52:29-10:00job:github_sync_all | ↓ [skills] fetching origin/main
2026-09-29T03:52:29-10:00job:github_sync_all | From github.com:rootrecordsoftwaresolutions/Solar-Pacific-RootRecord-Server
2026-09-29T03:52:29-10:00job:github_sync_all | * branch            main       -> FETCH_HEAD
2026-09-29T03:52:29-10:00job:github_sync_all | — [skills] local and GitHub already match
2026-09-29T03:52:29-10:00job:github_sync_all | — [skills] nothing to push
2026-09-29T03:52:29-10:00job:security_camera_frame_grab RUN  bash "/home/rootrecord/RootRecord-Ecosystem/1 - Servers/1 - RootRecord-Pacific-Solar-Server/Security/Cameras/grab_all.sh"
2026-09-29T03:52:41-10:00job:security_camera_frame_grab | 03:52:29  📷  a-eyes  ch1 → ch1-20260929T135229Z.jpg  (314.4 KB, 4.39s)
2026-09-29T03:52:41-10:00job:security_camera_frame_grab | 03:52:34  📷  a-eyes  ch2 → ch2-20260929T135234Z.jpg  (338.8 KB, 4.42s)
2026-09-29T03:52:41-10:00job:security_camera_frame_grab | 03:52:38  📷  a-eyes  ch3 → ch3-20260929T135238Z.jpg  (12.1 KB, 1.47s)
2026-09-29T03:52:41-10:00job:security_camera_frame_grab | 03:52:40  📷  a-eyes  ch4 → ch4-20260929T135240Z.jpg  (12.1 KB, 1.62s)
2026-09-29T03:52:56-10:00  ▸  SUMMARY=delta2 soc=44.2% solar=0W ac_out=81W usbc=18W src=ble db=ok
2026-09-29T03:52:56-10:00job:sys_stats_cycle RUN  bash "/home/rootrecord/RootRecord-Ecosystem/1 - Servers/1 - RootRecord-Pacific-Solar-Server/System/scripts/sys-sample.sh"
2026-09-29T03:52:57-10:00job:sys_stats_cycle | SYSTEM  cpu=6%  load=0.61  mem=47%  src=sqlite
2026-09-29T03:52:57-10:00job:sys_stats_cycle | OK wrote /home/rootrecord/RootRecord-Ecosystem/2 - RootRecord-Database/System/samples/sys-20260929-035257.json
2026-09-29T03:53:31-10:00job:github_sync_all | — [pacific] no local changes
2026-09-29T03:53:31-10:00job:github_sync_all | ↓ [pacific] fetching origin/main
2026-09-29T03:53:31-10:00job:github_sync_all | From github.com:RootRecord-Software-Solutions/RootRecord-Pacific-Solar-Server
2026-09-29T03:53:31-10:00job:github_sync_all | * branch            main       -> FETCH_HEAD
2026-09-29T03:53:31-10:00job:github_sync_all | — [pacific] local and GitHub already match
2026-09-29T03:53:31-10:00job:github_sync_all | — [pacific] nothing to push
2026-09-29T03:53:31-10:00job:github_sync_all | ↑ [database] committed 11 local file(s)
2026-09-29T03:53:31-10:00job:github_sync_all | ↓ [database] fetching origin/main
2026-09-29T03:53:31-10:00job:github_sync_all | From github.com:RootRecord-Software-Solutions/RootRecord-Database
2026-09-29T03:53:31-10:00job:github_sync_all | * branch            main       -> FETCH_HEAD
2026-09-29T03:53:31-10:00job:github_sync_all | ↑ [database] local is ahead of GitHub
2026-09-29T03:53:31-10:00job:github_sync_all | To github.com:RootRecord-Software-Solutions/RootRecord-Database.git
2026-09-29T03:53:31-10:00job:github_sync_all | c1b296c..99b4719  HEAD -> main
2026-09-29T03:53:31-10:00job:github_sync_all | branch 'main' set up to track 'origin/main'.
2026-09-29T03:53:31-10:00job:github_sync_all | ↑ [database] 11 files → RootRecord-Software-Solutions/RootRecord-Database (main)
2026-09-29T03:53:31-10:00job:github_sync_all | ↑ [library] committed 6 local file(s)
2026-09-29T03:53:31-10:00job:github_sync_all | ↓ [library] fetching origin/main
2026-09-29T03:53:31-10:00job:github_sync_all | From github.com:RootRecord-Software-Solutions/RootRecord-Library
2026-09-29T03:53:31-10:00job:github_sync_all | * branch            main       -> FETCH_HEAD
2026-09-29T03:53:31-10:00job:github_sync_all | ↑ [library] local is ahead of GitHub
2026-09-29T03:53:31-10:00job:github_sync_all | To github.com:RootRecord-Software-Solutions/RootRecord-Library.git
2026-09-29T03:53:31-10:00job:github_sync_all | 6794683..794ccc6  HEAD -> main
2026-09-29T03:53:31-10:00job:github_sync_all | branch 'main' set up to track 'origin/main'.
2026-09-29T03:53:31-10:00job:github_sync_all | ↑ [library] 6 files → RootRecord-Software-Solutions/RootRecord-Library (main)
2026-09-29T03:53:31-10:00job:github_sync_all | — [skills] no local changes
2026-09-29T03:53:31-10:00job:github_sync_all | ↓ [skills] fetching origin/main
2026-09-29T03:53:31-10:00job:github_sync_all | From github.com:rootrecordsoftwaresolutions/Solar-Pacific-RootRecord-Server
2026-09-29T03:53:31-10:00job:github_sync_all | * branch            main       -> FETCH_HEAD
2026-09-29T03:53:31-10:00job:github_sync_all | — [skills] local and GitHub already match
2026-09-29T03:53:31-10:00job:github_sync_all | — [skills] nothing to push
2026-09-29T03:53:31-10:00job:worklog_scan RUN  bash "/home/rootrecord/RootRecord-Ecosystem/1 - Servers/1 - RootRecord-Pacific-Solar-Server/Reports/scripts/worklog_once.sh"
2026-09-29T03:54:28-10:00job:worklog_scan | OK wrote/updated /home/rootrecord/RootRecord-Ecosystem/2 - RootRecord-Database/Worklog/worklog_current.md
2026-09-29T03:54:28-10:00job:security_camera_frame_grab RUN  bash "/home/rootrecord/RootRecord-Ecosystem/1 - Servers/1 - RootRecord-Pacific-Solar-Server/Security/Cameras/grab_all.sh"
2026-09-29T03:54:40-10:00job:security_camera_frame_grab | 03:54:28  📷  a-eyes  ch1 → ch1-20260929T135428Z.jpg  (316.6 KB, 4.38s)
2026-09-29T03:54:40-10:00job:security_camera_frame_grab | 03:54:32  📷  a-eyes  ch2 → ch2-20260929T135432Z.jpg  (339.5 KB, 4.28s)
2026-09-29T03:54:40-10:00job:security_camera_frame_grab | 03:54:37  📷  a-eyes  ch3 → ch3-20260929T135437Z.jpg  (12.1 KB, 1.67s)
2026-09-29T03:54:40-10:00job:security_camera_frame_grab | 03:54:38  📷  a-eyes  ch4 → ch4-20260929T135438Z.jpg  (12.1 KB, 1.76s)
2026-09-29T03:54:41-10:00ENERGY  status=live  B2=44.2%  B1=5.2%  solar=0 W  ac=81 W  usbc=18 W  src=/home/rootrecord/RootRecord-Ecosystem/2 - RootRecord-Database/Energy
2026-09-29T03:54:56-10:00  ▸  SUMMARY=delta2 soc=43.69% solar=0W ac_out=77W usbc=22W src=ble db=ok
2026-09-29T03:54:56-10:00job:sys_stats_cycle RUN  bash "/home/rootrecord/RootRecord-Ecosystem/1 - Servers/1 - RootRecord-Pacific-Solar-Server/System/scripts/sys-sample.sh"
2026-09-29T03:54:56-10:00job:sys_stats_cycle | SYSTEM  cpu=5%  load=1.24  mem=49%  src=sqlite
2026-09-29T03:54:56-10:00job:sys_stats_cycle | OK wrote /home/rootrecord/RootRecord-Ecosystem/2 - RootRecord-Database/System/samples/sys-20260929-035456.json
2026-09-29T03:55:26-10:00job:github_sync_all | — [pacific] no local changes
2026-09-29T03:55:26-10:00job:github_sync_all | ↓ [pacific] fetching origin/main
2026-09-29T03:55:26-10:00job:github_sync_all | From github.com:RootRecord-Software-Solutions/RootRecord-Pacific-Solar-Server
2026-09-29T03:55:26-10:00job:github_sync_all | * branch            main       -> FETCH_HEAD
2026-09-29T03:55:26-10:00job:github_sync_all | — [pacific] local and GitHub already match
2026-09-29T03:55:26-10:00job:github_sync_all | — [pacific] nothing to push
2026-09-29T03:55:26-10:00job:github_sync_all | ↑ [database] committed 16 local file(s)
2026-09-29T03:55:26-10:00job:github_sync_all | ↓ [database] fetching origin/main
2026-09-29T03:55:26-10:00job:github_sync_all | From github.com:RootRecord-Software-Solutions/RootRecord-Database
2026-09-29T03:55:26-10:00job:github_sync_all | * branch            main       -> FETCH_HEAD
2026-09-29T03:55:26-10:00job:github_sync_all | ↑ [database] local is ahead of GitHub
2026-09-29T03:55:26-10:00job:github_sync_all | To github.com:RootRecord-Software-Solutions/RootRecord-Database.git
2026-09-29T03:55:26-10:00job:github_sync_all | 99b4719..9d5e14a  HEAD -> main
2026-09-29T03:55:26-10:00job:github_sync_all | branch 'main' set up to track 'origin/main'.
2026-09-29T03:55:26-10:00job:github_sync_all | ↑ [database] 16 files → RootRecord-Software-Solutions/RootRecord-Database (main)
2026-09-29T03:55:26-10:00job:github_sync_all | ↑ [library] committed 1 local file(s)
2026-09-29T03:55:26-10:00job:github_sync_all | ↓ [library] fetching origin/main
2026-09-29T03:55:26-10:00job:github_sync_all | From github.com:RootRecord-Software-Solutions/RootRecord-Library
2026-09-29T03:55:26-10:00job:github_sync_all | * branch            main       -> FETCH_HEAD
2026-09-29T03:55:26-10:00job:github_sync_all | ↑ [library] local is ahead of GitHub
2026-09-29T03:55:26-10:00job:github_sync_all | To github.com:RootRecord-Software-Solutions/RootRecord-Library.git
2026-09-29T03:55:26-10:00job:github_sync_all | 794ccc6..a9c3372  HEAD -> main
2026-09-29T03:55:26-10:00job:github_sync_all | branch 'main' set up to track 'origin/main'.
2026-09-29T03:55:26-10:00job:github_sync_all | ↑ [library] 1 files → RootRecord-Software-Solutions/RootRecord-Library (main)
2026-09-29T03:55:26-10:00job:github_sync_all | — [skills] no local changes
2026-09-29T03:55:26-10:00job:github_sync_all | ↓ [skills] fetching origin/main
2026-09-29T03:55:26-10:00job:github_sync_all | From github.com:rootrecordsoftwaresolutions/Solar-Pacific-RootRecord-Server
2026-09-29T03:55:26-10:00job:github_sync_all | * branch            main       -> FETCH_HEAD
2026-09-29T03:55:26-10:00job:github_sync_all | — [skills] local and GitHub already match
2026-09-29T03:55:26-10:00job:github_sync_all | — [skills] nothing to push
2026-09-29T03:55:26-10:00job:worklog_scan RUN  bash "/home/rootrecord/RootRecord-Ecosystem/1 - Servers/1 - RootRecord-Pacific-Solar-Server/Reports/scripts/worklog_once.sh"
2026-09-29T03:58:26-10:00job:worklog_scan TIMEOUT after 180s
2026-09-29T03:58:26-10:00job:security_camera_frame_grab RUN  bash "/home/rootrecord/RootRecord-Ecosystem/1 - Servers/1 - RootRecord-Pacific-Solar-Server/Security/Cameras/grab_all.sh"
2026-09-29T03:58:39-10:00job:security_camera_frame_grab | 03:58:26  📷  a-eyes  ch1 → ch1-20260929T135826Z.jpg  (312.9 KB, 4.46s)
2026-09-29T03:58:39-10:00job:security_camera_frame_grab | 03:58:31  📷  a-eyes  ch2 → ch2-20260929T135831Z.jpg  (339.5 KB, 4.39s)
2026-09-29T03:58:39-10:00job:security_camera_frame_grab | 03:58:35  📷  a-eyes  ch3 → ch3-20260929T135835Z.jpg  (12.1 KB, 1.69s)
2026-09-29T03:58:39-10:00job:security_camera_frame_grab | 03:58:37  📷  a-eyes  ch4 → ch4-20260929T135837Z.jpg  (12.1 KB, 1.72s)
2026-09-29T03:58:39-10:00ENERGY  status=live  B2=43.7%  B1=5.2%  solar=0 W  ac=77 W  usbc=22 W  src=/home/rootrecord/RootRecord-Ecosystem/2 - RootRecord-Database/Energy
2026-09-29T03:58:54-10:00  ▸  SUMMARY=river2pro soc=5.22% solar=0W ac_out=— usbc=0W src=ble db=ok
2026-09-29T03:58:54-10:00job:sys_stats_cycle RUN  bash "/home/rootrecord/RootRecord-Ecosystem/1 - Servers/1 - RootRecord-Pacific-Solar-Server/System/scripts/sys-sample.sh"
2026-09-29T03:58:55-10:00job:sys_stats_cycle | SYSTEM  cpu=6%  load=1.39  mem=49%  src=sqlite
2026-09-29T03:58:55-10:00job:sys_stats_cycle | OK wrote /home/rootrecord/RootRecord-Ecosystem/2 - RootRecord-Database/System/samples/sys-20260929-035855.json
2026-09-29T03:59:25-10:00job:github_sync_all | ↑ [pacific] committed 5 local file(s)
2026-09-29T03:59:25-10:00job:github_sync_all | ↓ [pacific] fetching origin/main
2026-09-29T03:59:25-10:00job:github_sync_all | From github.com:RootRecord-Software-Solutions/RootRecord-Pacific-Solar-Server
2026-09-29T03:59:25-10:00job:github_sync_all | * branch            main       -> FETCH_HEAD
2026-09-29T03:59:25-10:00job:github_sync_all | ↑ [pacific] local is ahead of GitHub
2026-09-29T03:59:25-10:00job:github_sync_all | To github.com:RootRecord-Software-Solutions/RootRecord-Pacific-Solar-Server.git
2026-09-29T03:59:25-10:00job:github_sync_all | c157ce4..b17780c  HEAD -> main
2026-09-29T03:59:25-10:00job:github_sync_all | branch 'main' set up to track 'origin/main'.
2026-09-29T03:59:25-10:00job:github_sync_all | ↑ [pacific] 5 files → RootRecord-Software-Solutions/RootRecord-Pacific-Solar-Server (main)
2026-09-29T03:59:25-10:00job:github_sync_all | ↑ [database] committed 17 local file(s)
2026-09-29T03:59:25-10:00job:github_sync_all | ↓ [database] fetching origin/main
2026-09-29T03:59:25-10:00job:github_sync_all | From github.com:RootRecord-Software-Solutions/RootRecord-Database
2026-09-29T03:59:25-10:00job:github_sync_all | * branch            main       -> FETCH_HEAD
2026-09-29T03:59:25-10:00job:github_sync_all | ↑ [database] local is ahead of GitHub
2026-09-29T03:59:25-10:00job:github_sync_all | To github.com:RootRecord-Software-Solutions/RootRecord-Database.git
2026-09-29T03:59:25-10:00job:github_sync_all | 9d5e14a..d0032e3  HEAD -> main
2026-09-29T03:59:25-10:00job:github_sync_all | branch 'main' set up to track 'origin/main'.
2026-09-29T03:59:25-10:00job:github_sync_all | ↑ [database] 17 files → RootRecord-Software-Solutions/RootRecord-Database (main)
2026-09-29T03:59:25-10:00job:github_sync_all | — [library] no local changes
2026-09-29T03:59:25-10:00job:github_sync_all | ↓ [library] fetching origin/main
2026-09-29T03:59:25-10:00job:github_sync_all | From github.com:RootRecord-Software-Solutions/RootRecord-Library
2026-09-29T03:59:25-10:00job:github_sync_all | * branch            main       -> FETCH_HEAD
2026-09-29T03:59:25-10:00job:github_sync_all | — [library] local and GitHub already match
2026-09-29T03:59:25-10:00job:github_sync_all | — [library] nothing to push
2026-09-29T03:59:25-10:00job:github_sync_all | — [skills] no local changes
2026-09-29T03:59:25-10:00job:github_sync_all | ↓ [skills] fetching origin/main
2026-09-29T03:59:25-10:00job:github_sync_all | From github.com:rootrecordsoftwaresolutions/Solar-Pacific-RootRecord-Server
2026-09-29T03:59:25-10:00job:github_sync_all | * branch            main       -> FETCH_HEAD
2026-09-29T03:59:25-10:00job:github_sync_all | — [skills] local and GitHub already match
2026-09-29T03:59:25-10:00job:github_sync_all | — [skills] nothing to push
2026-09-29T03:59:25-10:00job:worklog_scan RUN  bash "/home/rootrecord/RootRecord-Ecosystem/1 - Servers/1 - RootRecord-Pacific-Solar-Server/Reports/scripts/worklog_once.sh"
2026-09-29T04:02:25-10:00job:worklog_scan TIMEOUT after 180s
2026-09-29T04:02:25-10:00job:security_camera_frame_grab RUN  bash "/home/rootrecord/RootRecord-Ecosystem/1 - Servers/1 - RootRecord-Pacific-Solar-Server/Security/Cameras/grab_all.sh"
2026-09-29T04:02:37-10:00job:security_camera_frame_grab | 04:02:25  📷  a-eyes  ch1 → ch1-20260929T140225Z.jpg  (315.4 KB, 4.58s)
2026-09-29T04:02:37-10:00job:security_camera_frame_grab | 04:02:30  📷  a-eyes  ch2 → ch2-20260929T140230Z.jpg  (342.8 KB, 4.29s)
2026-09-29T04:02:37-10:00job:security_camera_frame_grab | 04:02:34  📷  a-eyes  ch3 → ch3-20260929T140234Z.jpg  (12.2 KB, 1.51s)
2026-09-29T04:02:37-10:00job:security_camera_frame_grab | 04:02:36  📷  a-eyes  ch4 → ch4-20260929T140236Z.jpg  (12.1 KB, 1.61s)
2026-09-29T04:02:38-10:00ENERGY  status=live  B2=43.7%  B1=5.2%  solar=0 W  ac=77 W  usbc=22 W  src=/home/rootrecord/RootRecord-Ecosystem/2 - RootRecord-Database/Energy
2026-09-29T04:02:53-10:00  ▸  SUMMARY=river2pro soc=5.22% solar=0W ac_out=— usbc=0W src=ble db=ok
2026-09-29T04:02:53-10:00job:sys_stats_cycle RUN  bash "/home/rootrecord/RootRecord-Ecosystem/1 - Servers/1 - RootRecord-Pacific-Solar-Server/System/scripts/sys-sample.sh"
2026-09-29T04:02:54-10:00job:sys_stats_cycle | SYSTEM  cpu=5%  load=1.27  mem=18%  src=sqlite
2026-09-29T04:02:54-10:00job:sys_stats_cycle | OK wrote /home/rootrecord/RootRecord-Ecosystem/2 - RootRecord-Database/System/samples/sys-20260929-040254.json
2026-09-29T04:03:23-10:00job:github_sync_all | ↑ [pacific] committed 9 local file(s)
2026-09-29T04:03:23-10:00job:github_sync_all | ↓ [pacific] fetching origin/main
2026-09-29T04:03:23-10:00job:github_sync_all | From github.com:RootRecord-Software-Solutions/RootRecord-Pacific-Solar-Server
2026-09-29T04:03:23-10:00job:github_sync_all | * branch            main       -> FETCH_HEAD
2026-09-29T04:03:23-10:00job:github_sync_all | ↑ [pacific] local is ahead of GitHub
2026-09-29T04:03:23-10:00job:github_sync_all | To github.com:RootRecord-Software-Solutions/RootRecord-Pacific-Solar-Server.git
2026-09-29T04:03:23-10:00job:github_sync_all | b17780c..5353e1f  HEAD -> main
2026-09-29T04:03:23-10:00job:github_sync_all | branch 'main' set up to track 'origin/main'.
2026-09-29T04:03:23-10:00job:github_sync_all | ↑ [pacific] 9 files → RootRecord-Software-Solutions/RootRecord-Pacific-Solar-Server (main)
2026-09-29T04:03:23-10:00job:github_sync_all | ↑ [database] committed 21 local file(s)
2026-09-29T04:03:23-10:00job:github_sync_all | ↓ [database] fetching origin/main
2026-09-29T04:03:23-10:00job:github_sync_all | From github.com:RootRecord-Software-Solutions/RootRecord-Database
2026-09-29T04:03:23-10:00job:github_sync_all | * branch            main       -> FETCH_HEAD
2026-09-29T04:03:23-10:00job:github_sync_all | ↑ [database] local is ahead of GitHub
2026-09-29T04:03:23-10:00job:github_sync_all | To github.com:RootRecord-Software-Solutions/RootRecord-Database.git
2026-09-29T04:03:23-10:00job:github_sync_all | d0032e3..57172d0  HEAD -> main
2026-09-29T04:03:23-10:00job:github_sync_all | branch 'main' set up to track 'origin/main'.
2026-09-29T04:03:23-10:00job:github_sync_all | ↑ [database] 21 files → RootRecord-Software-Solutions/RootRecord-Database (main)
2026-09-29T04:03:23-10:00job:github_sync_all | — [library] no local changes
2026-09-29T04:03:23-10:00job:github_sync_all | ↓ [library] fetching origin/main
2026-09-29T04:03:23-10:00job:github_sync_all | From github.com:RootRecord-Software-Solutions/RootRecord-Library
2026-09-29T04:03:23-10:00job:github_sync_all | * branch            main       -> FETCH_HEAD
2026-09-29T04:03:23-10:00job:github_sync_all | — [library] local and GitHub already match
2026-09-29T04:03:23-10:00job:github_sync_all | — [library] nothing to push
2026-09-29T04:03:23-10:00job:github_sync_all | — [skills] no local changes
2026-09-29T04:03:23-10:00job:github_sync_all | ↓ [skills] fetching origin/main
2026-09-29T04:03:23-10:00job:github_sync_all | From github.com:rootrecordsoftwaresolutions/Solar-Pacific-RootRecord-Server
2026-09-29T04:03:23-10:00job:github_sync_all | * branch            main       -> FETCH_HEAD
2026-09-29T04:03:23-10:00job:github_sync_all | — [skills] local and GitHub already match
2026-09-29T04:03:23-10:00job:github_sync_all | — [skills] nothing to push
2026-09-29T04:03:23-10:00job:worklog_scan RUN  bash "/home/rootrecord/RootRecord-Ecosystem/1 - Servers/1 - RootRecord-Pacific-Solar-Server/Reports/scripts/worklog_once.sh"
2026-09-29T04:06:23-10:00job:worklog_scan TIMEOUT after 180s
2026-09-29T04:06:23-10:00job:security_camera_frame_grab RUN  bash "/home/rootrecord/RootRecord-Ecosystem/1 - Servers/1 - RootRecord-Pacific-Solar-Server/Security/Cameras/grab_all.sh"
2026-09-29T04:06:35-10:00job:security_camera_frame_grab | 04:06:23  📷  a-eyes  ch1 → ch1-20260929T140623Z.jpg  (313.8 KB, 4.30s)
2026-09-29T04:06:35-10:00job:security_camera_frame_grab | 04:06:27  📷  a-eyes  ch2 → ch2-20260929T140627Z.jpg  (344.7 KB, 4.33s)
2026-09-29T04:06:35-10:00job:security_camera_frame_grab | 04:06:32  📷  a-eyes  ch3 → ch3-20260929T140632Z.jpg  (12.1 KB, 1.45s)
2026-09-29T04:06:35-10:00job:security_camera_frame_grab | 04:06:33  📷  a-eyes  ch4 → ch4-20260929T140633Z.jpg  (12.2 KB, 1.55s)
2026-09-29T04:06:35-10:00ENERGY  status=live  B2=43.7%  B1=5.2%  solar=0 W  ac=77 W  usbc=22 W  src=/home/rootrecord/RootRecord-Ecosystem/2 - RootRecord-Database/Energy
2026-09-29T04:06:52-10:00  ▸  SUMMARY=river2pro soc=5.21% solar=0W ac_out=— usbc=0W src=ble db=ok
2026-09-29T04:06:52-10:00job:sys_stats_cycle RUN  bash "/home/rootrecord/RootRecord-Ecosystem/1 - Servers/1 - RootRecord-Pacific-Solar-Server/System/scripts/sys-sample.sh"
2026-09-29T04:06:53-10:00job:sys_stats_cycle | SYSTEM  cpu=59%  load=2.71  mem=31%  src=sqlite
2026-09-29T04:06:53-10:00job:sys_stats_cycle | OK wrote /home/rootrecord/RootRecord-Ecosystem/2 - RootRecord-Database/System/samples/sys-20260929-040652.json
2026-09-29T04:07:21-10:00job:github_sync_all | ↑ [pacific] committed 8 local file(s)
2026-09-29T04:07:21-10:00job:github_sync_all | ↓ [pacific] fetching origin/main
2026-09-29T04:07:21-10:00job:github_sync_all | From github.com:RootRecord-Software-Solutions/RootRecord-Pacific-Solar-Server
2026-09-29T04:07:21-10:00job:github_sync_all | * branch            main       -> FETCH_HEAD
2026-09-29T04:07:21-10:00job:github_sync_all | ↑ [pacific] local is ahead of GitHub
2026-09-29T04:07:21-10:00job:github_sync_all | To github.com:RootRecord-Software-Solutions/RootRecord-Pacific-Solar-Server.git
2026-09-29T04:07:21-10:00job:github_sync_all | 5353e1f..52573e7  HEAD -> main
2026-09-29T04:07:21-10:00job:github_sync_all | branch 'main' set up to track 'origin/main'.
2026-09-29T04:07:21-10:00job:github_sync_all | ↑ [pacific] 8 files → RootRecord-Software-Solutions/RootRecord-Pacific-Solar-Server (main)
2026-09-29T04:07:21-10:00job:github_sync_all | ↑ [database] committed 26 local file(s)
2026-09-29T04:07:21-10:00job:github_sync_all | ↓ [database] fetching origin/main
2026-09-29T04:07:21-10:00job:github_sync_all | From github.com:RootRecord-Software-Solutions/RootRecord-Database
2026-09-29T04:07:21-10:00job:github_sync_all | * branch            main       -> FETCH_HEAD
2026-09-29T04:07:21-10:00job:github_sync_all | ↑ [database] local is ahead of GitHub
2026-09-29T04:07:21-10:00job:github_sync_all | To github.com:RootRecord-Software-Solutions/RootRecord-Database.git
2026-09-29T04:07:21-10:00job:github_sync_all | 57172d0..a775c2f  HEAD -> main
2026-09-29T04:07:21-10:00job:github_sync_all | branch 'main' set up to track 'origin/main'.
2026-09-29T04:07:21-10:00job:github_sync_all | ↑ [database] 26 files → RootRecord-Software-Solutions/RootRecord-Database (main)
2026-09-29T04:07:21-10:00job:github_sync_all | — [library] no local changes
2026-09-29T04:07:21-10:00job:github_sync_all | ↓ [library] fetching origin/main
2026-09-29T04:07:21-10:00job:github_sync_all | From github.com:RootRecord-Software-Solutions/RootRecord-Library
2026-09-29T04:07:21-10:00job:github_sync_all | * branch            main       -> FETCH_HEAD
2026-09-29T04:07:21-10:00job:github_sync_all | — [library] local and GitHub already match
2026-09-29T04:07:21-10:00job:github_sync_all | — [library] nothing to push
2026-09-29T04:07:21-10:00job:github_sync_all | — [skills] no local changes
2026-09-29T04:07:21-10:00job:github_sync_all | ↓ [skills] fetching origin/main
2026-09-29T04:07:21-10:00job:github_sync_all | From github.com:rootrecordsoftwaresolutions/Solar-Pacific-RootRecord-Server
2026-09-29T04:07:21-10:00job:github_sync_all | * branch            main       -> FETCH_HEAD
2026-09-29T04:07:21-10:00job:github_sync_all | — [skills] local and GitHub already match
2026-09-29T04:07:21-10:00job:github_sync_all | — [skills] nothing to push
2026-09-29T04:07:21-10:00job:worklog_scan RUN  bash "/home/rootrecord/RootRecord-Ecosystem/1 - Servers/1 - RootRecord-Pacific-Solar-Server/Reports/scripts/worklog_once.sh"
2026-09-29T04:10:21-10:00job:worklog_scan TIMEOUT after 180s
2026-09-29T04:10:21-10:00job:security_camera_frame_grab RUN  bash "/home/rootrecord/RootRecord-Ecosystem/1 - Servers/1 - RootRecord-Pacific-Solar-Server/Security/Cameras/grab_all.sh"
2026-09-29T04:10:33-10:00job:security_camera_frame_grab | 04:10:21  📷  a-eyes  ch1 → ch1-20260929T141021Z.jpg  (315.2 KB, 4.33s)
2026-09-29T04:10:33-10:00job:security_camera_frame_grab | 04:10:26  📷  a-eyes  ch2 → ch2-20260929T141026Z.jpg  (346.5 KB, 4.59s)
2026-09-29T04:10:33-10:00job:security_camera_frame_grab | 04:10:30  📷  a-eyes  ch3 → ch3-20260929T141030Z.jpg  (12.1 KB, 1.61s)
2026-09-29T04:10:33-10:00job:security_camera_frame_grab | 04:10:32  📷  a-eyes  ch4 → ch4-20260929T141032Z.jpg  (12.1 KB, 1.53s)
2026-09-29T04:10:34-10:00ENERGY  status=live  B2=43.7%  B1=5.2%  solar=0 W  ac=77 W  usbc=22 W  src=/home/rootrecord/RootRecord-Ecosystem/2 - RootRecord-Database/Energy
2026-09-29T04:10:49-10:00  ▸  SUMMARY=delta2 soc=39.85% solar=0W ac_out=73W usbc=9W src=ble db=ok
2026-09-29T04:10:49-10:00job:sys_stats_cycle RUN  bash "/home/rootrecord/RootRecord-Ecosystem/1 - Servers/1 - RootRecord-Pacific-Solar-Server/System/scripts/sys-sample.sh"
2026-09-29T04:10:50-10:00job:sys_stats_cycle | SYSTEM  cpu=5%  load=1.98  mem=19%  src=sqlite
2026-09-29T04:10:50-10:00job:sys_stats_cycle | OK wrote /home/rootrecord/RootRecord-Ecosystem/2 - RootRecord-Database/System/samples/sys-20260929-041049.json
2026-09-29T04:11:21-10:00job:github_sync_all | ↑ [pacific] committed 4 local file(s)
2026-09-29T04:11:21-10:00job:github_sync_all | ↓ [pacific] fetching origin/main
2026-09-29T04:11:21-10:00job:github_sync_all | From github.com:RootRecord-Software-Solutions/RootRecord-Pacific-Solar-Server
2026-09-29T04:11:21-10:00job:github_sync_all | * branch            main       -> FETCH_HEAD
2026-09-29T04:11:21-10:00job:github_sync_all | ↑ [pacific] local is ahead of GitHub
2026-09-29T04:11:21-10:00job:github_sync_all | To github.com:RootRecord-Software-Solutions/RootRecord-Pacific-Solar-Server.git
2026-09-29T04:11:21-10:00job:github_sync_all | 52573e7..dcdc5af  HEAD -> main
2026-09-29T04:11:21-10:00job:github_sync_all | branch 'main' set up to track 'origin/main'.
2026-09-29T04:11:21-10:00job:github_sync_all | ↑ [pacific] 4 files → RootRecord-Software-Solutions/RootRecord-Pacific-Solar-Server (main)
2026-09-29T04:11:21-10:00job:github_sync_all | ↑ [database] committed 16 local file(s)
2026-09-29T04:11:21-10:00job:github_sync_all | ↓ [database] fetching origin/main
2026-09-29T04:11:21-10:00job:github_sync_all | From github.com:RootRecord-Software-Solutions/RootRecord-Database
2026-09-29T04:11:21-10:00job:github_sync_all | * branch            main       -> FETCH_HEAD
2026-09-29T04:11:21-10:00job:github_sync_all | ↑ [database] local is ahead of GitHub
2026-09-29T04:11:21-10:00job:github_sync_all | To github.com:RootRecord-Software-Solutions/RootRecord-Database.git
2026-09-29T04:11:21-10:00job:github_sync_all | a775c2f..88b2396  HEAD -> main
2026-09-29T04:11:21-10:00job:github_sync_all | branch 'main' set up to track 'origin/main'.
2026-09-29T04:11:21-10:00job:github_sync_all | ↑ [database] 16 files → RootRecord-Software-Solutions/RootRecord-Database (main)
2026-09-29T04:11:21-10:00job:github_sync_all | ↑ [library] committed 11 local file(s)
2026-09-29T04:11:21-10:00job:github_sync_all | ↓ [library] fetching origin/main
2026-09-29T04:11:21-10:00job:github_sync_all | From github.com:RootRecord-Software-Solutions/RootRecord-Library
2026-09-29T04:11:21-10:00job:github_sync_all | * branch            main       -> FETCH_HEAD
2026-09-29T04:11:21-10:00job:github_sync_all | ↑ [library] local is ahead of GitHub
2026-09-29T04:11:21-10:00job:github_sync_all | To github.com:RootRecord-Software-Solutions/RootRecord-Library.git
2026-09-29T04:11:21-10:00job:github_sync_all | a9c3372..1960802  HEAD -> main
2026-09-29T04:11:21-10:00job:github_sync_all | branch 'main' set up to track 'origin/main'.
2026-09-29T04:11:21-10:00job:github_sync_all | ↑ [library] 11 files → RootRecord-Software-Solutions/RootRecord-Library (main)
2026-09-29T04:11:21-10:00job:github_sync_all | — [skills] no local changes
2026-09-29T04:11:21-10:00job:github_sync_all | ↓ [skills] fetching origin/main
2026-09-29T04:11:21-10:00job:github_sync_all | From github.com:rootrecordsoftwaresolutions/Solar-Pacific-RootRecord-Server
2026-09-29T04:11:21-10:00job:github_sync_all | * branch            main       -> FETCH_HEAD
2026-09-29T04:11:21-10:00job:github_sync_all | — [skills] local and GitHub already match
2026-09-29T04:11:21-10:00job:github_sync_all | — [skills] nothing to push
2026-09-29T04:11:21-10:00job:worklog_scan RUN  bash "/home/rootrecord/RootRecord-Ecosystem/1 - Servers/1 - RootRecord-Pacific-Solar-Server/Reports/scripts/worklog_once.sh"
2026-09-29T04:14:22-10:00job:worklog_scan TIMEOUT after 180s
2026-09-29T04:14:22-10:00job:security_camera_frame_grab RUN  bash "/home/rootrecord/RootRecord-Ecosystem/1 - Servers/1 - RootRecord-Pacific-Solar-Server/Security/Cameras/grab_all.sh"
2026-09-29T04:14:34-10:00job:security_camera_frame_grab | 04:14:22  📷  a-eyes  ch1 → ch1-20260929T141422Z.jpg  (312.8 KB, 4.37s)
2026-09-29T04:14:34-10:00job:security_camera_frame_grab | 04:14:26  📷  a-eyes  ch2 → ch2-20260929T141426Z.jpg  (344.8 KB, 4.79s)
2026-09-29T04:14:34-10:00job:security_camera_frame_grab | 04:14:31  📷  a-eyes  ch3 → ch3-20260929T141431Z.jpg  (12.1 KB, 1.64s)
2026-09-29T04:14:34-10:00job:security_camera_frame_grab | 04:14:33  📷  a-eyes  ch4 → ch4-20260929T141433Z.jpg  (12.0 KB, 1.49s)
2026-09-29T04:14:34-10:00ENERGY  status=live  B2=39.9%  B1=5.2%  solar=0 W  ac=73 W  usbc=9 W  src=/home/rootrecord/RootRecord-Ecosystem/2 - RootRecord-Database/Energy
2026-09-29T04:14:50-10:00  ▸  SUMMARY=delta2 soc=38.95% solar=0W ac_out=75W usbc=9W src=ble db=ok
2026-09-29T04:14:50-10:00job:sys_stats_cycle RUN  bash "/home/rootrecord/RootRecord-Ecosystem/1 - Servers/1 - RootRecord-Pacific-Solar-Server/System/scripts/sys-sample.sh"
2026-09-29T04:14:51-10:00job:sys_stats_cycle | SYSTEM  cpu=4%  load=1.47  mem=20%  src=sqlite
2026-09-29T04:14:51-10:00job:sys_stats_cycle | OK wrote /home/rootrecord/RootRecord-Ecosystem/2 - RootRecord-Database/System/samples/sys-20260929-041450.json
2026-09-29T04:15:28-10:00job:github_sync_all | ↑ [pacific] committed 4 local file(s)
2026-09-29T04:15:28-10:00job:github_sync_all | ↓ [pacific] fetching origin/main
2026-09-29T04:15:28-10:00job:github_sync_all | From github.com:RootRecord-Software-Solutions/RootRecord-Pacific-Solar-Server
2026-09-29T04:15:28-10:00job:github_sync_all | * branch            main       -> FETCH_HEAD
2026-09-29T04:15:28-10:00job:github_sync_all | ↑ [pacific] local is ahead of GitHub
2026-09-29T04:15:28-10:00job:github_sync_all | To github.com:RootRecord-Software-Solutions/RootRecord-Pacific-Solar-Server.git
2026-09-29T04:15:28-10:00job:github_sync_all | dcdc5af..d6c3f8f  HEAD -> main
2026-09-29T04:15:28-10:00job:github_sync_all | branch 'main' set up to track 'origin/main'.
2026-09-29T04:15:28-10:00job:github_sync_all | ↑ [pacific] 4 files → RootRecord-Software-Solutions/RootRecord-Pacific-Solar-Server (main)
2026-09-29T04:15:28-10:00job:github_sync_all | ↑ [database] committed 29 local file(s)
2026-09-29T04:15:28-10:00job:github_sync_all | ↓ [database] fetching origin/main
2026-09-29T04:15:28-10:00job:github_sync_all | From github.com:RootRecord-Software-Solutions/RootRecord-Database
2026-09-29T04:15:28-10:00job:github_sync_all | * branch            main       -> FETCH_HEAD
2026-09-29T04:15:28-10:00job:github_sync_all | ↑ [database] local is ahead of GitHub
2026-09-29T04:15:28-10:00job:github_sync_all | To github.com:RootRecord-Software-Solutions/RootRecord-Database.git
2026-09-29T04:15:28-10:00job:github_sync_all | 88b2396..63bd396  HEAD -> main
2026-09-29T04:15:28-10:00job:github_sync_all | branch 'main' set up to track 'origin/main'.
2026-09-29T04:15:28-10:00job:github_sync_all | ↑ [database] 29 files → RootRecord-Software-Solutions/RootRecord-Database (main)
2026-09-29T04:15:28-10:00job:github_sync_all | ↑ [library] committed 5 local file(s)
2026-09-29T04:15:28-10:00job:github_sync_all | ↓ [library] fetching origin/main
2026-09-29T04:15:28-10:00job:github_sync_all | From github.com:RootRecord-Software-Solutions/RootRecord-Library
2026-09-29T04:15:28-10:00job:github_sync_all | * branch            main       -> FETCH_HEAD
2026-09-29T04:15:28-10:00job:github_sync_all | ↑ [library] local is ahead of GitHub
2026-09-29T04:15:28-10:00job:github_sync_all | To github.com:RootRecord-Software-Solutions/RootRecord-Library.git
2026-09-29T04:15:28-10:00job:github_sync_all | 1960802..3b39824  HEAD -> main
2026-09-29T04:15:28-10:00job:github_sync_all | branch 'main' set up to track 'origin/main'.
2026-09-29T04:15:28-10:00job:github_sync_all | ↑ [library] 5 files → RootRecord-Software-Solutions/RootRecord-Library (main)
2026-09-29T04:15:28-10:00job:github_sync_all | — [skills] no local changes
2026-09-29T04:15:28-10:00job:github_sync_all | ↓ [skills] fetching origin/main
2026-09-29T04:15:28-10:00job:github_sync_all | From github.com:rootrecordsoftwaresolutions/Solar-Pacific-RootRecord-Server
2026-09-29T04:15:28-10:00job:github_sync_all | * branch            main       -> FETCH_HEAD
2026-09-29T04:15:28-10:00job:github_sync_all | — [skills] local and GitHub already match
2026-09-29T04:15:28-10:00job:github_sync_all | — [skills] nothing to push
2026-09-29T04:15:28-10:00job:worklog_scan RUN  bash "/home/rootrecord/RootRecord-Ecosystem/1 - Servers/1 - RootRecord-Pacific-Solar-Server/Reports/scripts/worklog_once.sh"
2026-09-29T04:18:28-10:00job:worklog_scan TIMEOUT after 180s
2026-09-29T04:18:28-10:00job:security_camera_frame_grab RUN  bash "/home/rootrecord/RootRecord-Ecosystem/1 - Servers/1 - RootRecord-Pacific-Solar-Server/Security/Cameras/grab_all.sh"
2026-09-29T04:18:40-10:00job:security_camera_frame_grab | 04:18:28  📷  a-eyes  ch1 → ch1-20260929T141828Z.jpg  (312.2 KB, 4.37s)
2026-09-29T04:18:40-10:00job:security_camera_frame_grab | 04:18:33  📷  a-eyes  ch2 → ch2-20260929T141833Z.jpg  (344.5 KB, 4.38s)
2026-09-29T04:18:40-10:00job:security_camera_frame_grab | 04:18:37  📷  a-eyes  ch3 → ch3-20260929T141837Z.jpg  (12.1 KB, 1.60s)
2026-09-29T04:18:40-10:00job:security_camera_frame_grab | 04:18:39  📷  a-eyes  ch4 → ch4-20260929T141839Z.jpg  (12.1 KB, 1.62s)
2026-09-29T04:18:41-10:00ENERGY  status=live  B2=39.0%  B1=5.2%  solar=0 W  ac=75 W  usbc=9 W  src=/home/rootrecord/RootRecord-Ecosystem/2 - RootRecord-Database/Energy
2026-09-29T04:18:56-10:00  ▸  SUMMARY=delta2 soc=38.03% solar=0W ac_out=75W usbc=12W src=ble db=ok
2026-09-29T04:18:56-10:00job:sys_stats_cycle RUN  bash "/home/rootrecord/RootRecord-Ecosystem/1 - Servers/1 - RootRecord-Pacific-Solar-Server/System/scripts/sys-sample.sh"
2026-09-29T04:18:57-10:00job:sys_stats_cycle | SYSTEM  cpu=6%  load=1.34  mem=20%  src=sqlite
2026-09-29T04:18:57-10:00job:sys_stats_cycle | OK wrote /home/rootrecord/RootRecord-Ecosystem/2 - RootRecord-Database/System/samples/sys-20260929-041857.json
2026-09-29T04:19:34-10:00job:github_sync_all | ↑ [pacific] committed 4 local file(s)
2026-09-29T04:19:34-10:00job:github_sync_all | ↓ [pacific] fetching origin/main
2026-09-29T04:19:34-10:00job:github_sync_all | From github.com:RootRecord-Software-Solutions/RootRecord-Pacific-Solar-Server
2026-09-29T04:19:34-10:00job:github_sync_all | * branch            main       -> FETCH_HEAD
2026-09-29T04:19:34-10:00job:github_sync_all | ↑ [pacific] local is ahead of GitHub
2026-09-29T04:19:34-10:00job:github_sync_all | To github.com:RootRecord-Software-Solutions/RootRecord-Pacific-Solar-Server.git
2026-09-29T04:19:34-10:00job:github_sync_all | d6c3f8f..b9044b1  HEAD -> main
2026-09-29T04:19:34-10:00job:github_sync_all | branch 'main' set up to track 'origin/main'.
2026-09-29T04:19:34-10:00job:github_sync_all | ↑ [pacific] 4 files → RootRecord-Software-Solutions/RootRecord-Pacific-Solar-Server (main)
2026-09-29T04:19:34-10:00job:github_sync_all | ↑ [database] committed 17 local file(s)
2026-09-29T04:19:34-10:00job:github_sync_all | ↓ [database] fetching origin/main
2026-09-29T04:19:34-10:00job:github_sync_all | From github.com:RootRecord-Software-Solutions/RootRecord-Database
2026-09-29T04:19:34-10:00job:github_sync_all | * branch            main       -> FETCH_HEAD
2026-09-29T04:19:34-10:00job:github_sync_all | ↑ [database] local is ahead of GitHub
2026-09-29T04:19:34-10:00job:github_sync_all | To github.com:RootRecord-Software-Solutions/RootRecord-Database.git
2026-09-29T04:19:34-10:00job:github_sync_all | 63bd396..2da4fa2  HEAD -> main
2026-09-29T04:19:34-10:00job:github_sync_all | branch 'main' set up to track 'origin/main'.
2026-09-29T04:19:34-10:00job:github_sync_all | ↑ [database] 17 files → RootRecord-Software-Solutions/RootRecord-Database (main)
2026-09-29T04:19:34-10:00job:github_sync_all | ↑ [library] committed 4 local file(s)
2026-09-29T04:19:34-10:00job:github_sync_all | ↓ [library] fetching origin/main
2026-09-29T04:19:34-10:00job:github_sync_all | From github.com:RootRecord-Software-Solutions/RootRecord-Library
2026-09-29T04:19:34-10:00job:github_sync_all | * branch            main       -> FETCH_HEAD
2026-09-29T04:19:34-10:00job:github_sync_all | ↑ [library] local is ahead of GitHub
2026-09-29T04:19:34-10:00job:github_sync_all | To github.com:RootRecord-Software-Solutions/RootRecord-Library.git
2026-09-29T04:19:34-10:00job:github_sync_all | 3b39824..41369cf  HEAD -> main
2026-09-29T04:19:34-10:00job:github_sync_all | branch 'main' set up to track 'origin/main'.
2026-09-29T04:19:34-10:00job:github_sync_all | ↑ [library] 4 files → RootRecord-Software-Solutions/RootRecord-Library (main)
2026-09-29T04:19:34-10:00job:github_sync_all | — [skills] no local changes
2026-09-29T04:19:34-10:00job:github_sync_all | ↓ [skills] fetching origin/main
2026-09-29T04:19:34-10:00job:github_sync_all | From github.com:rootrecordsoftwaresolutions/Solar-Pacific-RootRecord-Server
2026-09-29T04:19:34-10:00job:github_sync_all | * branch            main       -> FETCH_HEAD
2026-09-29T04:19:34-10:00job:github_sync_all | — [skills] local and GitHub already match
2026-09-29T04:19:34-10:00job:github_sync_all | — [skills] nothing to push
2026-09-29T04:19:34-10:00job:worklog_scan RUN  bash "/home/rootrecord/RootRecord-Ecosystem/1 - Servers/1 - RootRecord-Pacific-Solar-Server/Reports/scripts/worklog_once.sh"
2026-09-29T04:22:34-10:00job:worklog_scan TIMEOUT after 180s
2026-09-29T04:22:34-10:00job:security_camera_frame_grab RUN  bash "/home/rootrecord/RootRecord-Ecosystem/1 - Servers/1 - RootRecord-Pacific-Solar-Server/Security/Cameras/grab_all.sh"
2026-09-29T04:22:46-10:00job:security_camera_frame_grab | 04:22:34  📷  a-eyes  ch1 → ch1-20260929T142234Z.jpg  (304.5 KB, 4.56s)
2026-09-29T04:22:46-10:00job:security_camera_frame_grab | 04:22:38  📷  a-eyes  ch2 → ch2-20260929T142238Z.jpg  (341.7 KB, 4.45s)
2026-09-29T04:22:46-10:00job:security_camera_frame_grab | 04:22:43  📷  a-eyes  ch3 → ch3-20260929T142243Z.jpg  (12.2 KB, 1.45s)
2026-09-29T04:22:46-10:00job:security_camera_frame_grab | 04:22:44  📷  a-eyes  ch4 → ch4-20260929T142244Z.jpg  (12.3 KB, 1.58s)
2026-09-29T04:22:46-10:00ENERGY  status=live  B2=38.0%  B1=5.2%  solar=0 W  ac=75 W  usbc=12 W  src=/home/rootrecord/RootRecord-Ecosystem/2 - RootRecord-Database/Energy
2026-09-29T04:23:02-10:00  ▸  SUMMARY=river2pro soc=5.2% solar=0W ac_out=— usbc=0W src=ble db=ok
2026-09-29T04:23:02-10:00job:sys_stats_cycle RUN  bash "/home/rootrecord/RootRecord-Ecosystem/1 - Servers/1 - RootRecord-Pacific-Solar-Server/System/scripts/sys-sample.sh"
2026-09-29T04:23:03-10:00job:sys_stats_cycle | SYSTEM  cpu=20%  load=3.38  mem=40%  src=sqlite
2026-09-29T04:23:03-10:00job:sys_stats_cycle | OK wrote /home/rootrecord/RootRecord-Ecosystem/2 - RootRecord-Database/System/samples/sys-20260929-042303.json
2026-09-29T04:23:39-10:00job:github_sync_all | ↑ [pacific] committed 4 local file(s)
2026-09-29T04:23:39-10:00job:github_sync_all | ↓ [pacific] fetching origin/main
2026-09-29T04:23:39-10:00job:github_sync_all | From github.com:RootRecord-Software-Solutions/RootRecord-Pacific-Solar-Server
2026-09-29T04:23:39-10:00job:github_sync_all | * branch            main       -> FETCH_HEAD
2026-09-29T04:23:39-10:00job:github_sync_all | ↑ [pacific] local is ahead of GitHub
2026-09-29T04:23:39-10:00job:github_sync_all | To github.com:RootRecord-Software-Solutions/RootRecord-Pacific-Solar-Server.git
2026-09-29T04:23:39-10:00job:github_sync_all | b9044b1..6c4071d  HEAD -> main
2026-09-29T04:23:39-10:00job:github_sync_all | branch 'main' set up to track 'origin/main'.
2026-09-29T04:23:39-10:00job:github_sync_all | ↑ [pacific] 4 files → RootRecord-Software-Solutions/RootRecord-Pacific-Solar-Server (main)
2026-09-29T04:23:39-10:00job:github_sync_all | ↑ [database] committed 13 local file(s)
2026-09-29T04:23:39-10:00job:github_sync_all | ↓ [database] fetching origin/main
2026-09-29T04:23:39-10:00job:github_sync_all | From github.com:RootRecord-Software-Solutions/RootRecord-Database
2026-09-29T04:23:39-10:00job:github_sync_all | * branch            main       -> FETCH_HEAD
2026-09-29T04:23:39-10:00job:github_sync_all | ↑ [database] local is ahead of GitHub
2026-09-29T04:23:39-10:00job:github_sync_all | To github.com:RootRecord-Software-Solutions/RootRecord-Database.git
2026-09-29T04:23:39-10:00job:github_sync_all | 2da4fa2..e2f5607  HEAD -> main
2026-09-29T04:23:39-10:00job:github_sync_all | branch 'main' set up to track 'origin/main'.
2026-09-29T04:23:39-10:00job:github_sync_all | ↑ [database] 13 files → RootRecord-Software-Solutions/RootRecord-Database (main)
2026-09-29T04:23:39-10:00job:github_sync_all | ↑ [library] committed 8 local file(s)
2026-09-29T04:23:39-10:00job:github_sync_all | ↓ [library] fetching origin/main
2026-09-29T04:23:39-10:00job:github_sync_all | From github.com:RootRecord-Software-Solutions/RootRecord-Library
2026-09-29T04:23:39-10:00job:github_sync_all | * branch            main       -> FETCH_HEAD
2026-09-29T04:23:39-10:00job:github_sync_all | ↑ [library] local is ahead of GitHub
2026-09-29T04:23:39-10:00job:github_sync_all | To github.com:RootRecord-Software-Solutions/RootRecord-Library.git
2026-09-29T04:23:39-10:00job:github_sync_all | 41369cf..1f8e16d  HEAD -> main
2026-09-29T04:23:39-10:00job:github_sync_all | branch 'main' set up to track 'origin/main'.
2026-09-29T04:23:39-10:00job:github_sync_all | ↑ [library] 8 files → RootRecord-Software-Solutions/RootRecord-Library (main)
2026-09-29T04:23:39-10:00job:github_sync_all | — [skills] no local changes
2026-09-29T04:23:39-10:00job:github_sync_all | ↓ [skills] fetching origin/main
2026-09-29T04:23:39-10:00job:github_sync_all | From github.com:rootrecordsoftwaresolutions/Solar-Pacific-RootRecord-Server
2026-09-29T04:23:39-10:00job:github_sync_all | * branch            main       -> FETCH_HEAD
2026-09-29T04:23:39-10:00job:github_sync_all | — [skills] local and GitHub already match
2026-09-29T04:23:39-10:00job:github_sync_all | — [skills] nothing to push
2026-09-29T04:23:39-10:00job:worklog_scan RUN  bash "/home/rootrecord/RootRecord-Ecosystem/1 - Servers/1 - RootRecord-Pacific-Solar-Server/Reports/scripts/worklog_once.sh"
2026-09-29T04:26:39-10:00job:worklog_scan TIMEOUT after 180s
2026-09-29T04:26:39-10:00job:security_camera_frame_grab RUN  bash "/home/rootrecord/RootRecord-Ecosystem/1 - Servers/1 - RootRecord-Pacific-Solar-Server/Security/Cameras/grab_all.sh"
2026-09-29T04:26:51-10:00job:security_camera_frame_grab | 04:26:39  📷  a-eyes  ch1 → ch1-20260929T142639Z.jpg  (308.3 KB, 4.37s)
2026-09-29T04:26:51-10:00job:security_camera_frame_grab | 04:26:43  📷  a-eyes  ch2 → ch2-20260929T142643Z.jpg  (345.7 KB, 4.39s)
2026-09-29T04:26:51-10:00job:security_camera_frame_grab | 04:26:48  📷  a-eyes  ch3 → ch3-20260929T142648Z.jpg  (12.2 KB, 1.61s)
2026-09-29T04:26:51-10:00job:security_camera_frame_grab | 04:26:49  📷  a-eyes  ch4 → ch4-20260929T142649Z.jpg  (12.2 KB, 1.62s)
2026-09-29T04:26:51-10:00ENERGY  status=live  B2=38.0%  B1=5.2%  solar=0 W  ac=75 W  usbc=12 W  src=/home/rootrecord/RootRecord-Ecosystem/2 - RootRecord-Database/Energy
2026-09-29T04:27:06-10:00  ▸  SUMMARY=delta2 soc=36.02% solar=0W ac_out=47W usbc=12W src=ble db=ok
2026-09-29T04:27:06-10:00job:sys_stats_cycle RUN  bash "/home/rootrecord/RootRecord-Ecosystem/1 - Servers/1 - RootRecord-Pacific-Solar-Server/System/scripts/sys-sample.sh"
2026-09-29T04:27:07-10:00job:sys_stats_cycle | SYSTEM  cpu=4%  load=1.84  mem=35%  src=sqlite
2026-09-29T04:27:07-10:00job:sys_stats_cycle | OK wrote /home/rootrecord/RootRecord-Ecosystem/2 - RootRecord-Database/System/samples/sys-20260929-042707.json
2026-09-29T04:27:38-10:00job:github_sync_all | ↑ [pacific] committed 3 local file(s)
2026-09-29T04:27:38-10:00job:github_sync_all | ↓ [pacific] fetching origin/main
2026-09-29T04:27:38-10:00job:github_sync_all | From github.com:RootRecord-Software-Solutions/RootRecord-Pacific-Solar-Server
2026-09-29T04:27:38-10:00job:github_sync_all | * branch            main       -> FETCH_HEAD
2026-09-29T04:27:38-10:00job:github_sync_all | ↑ [pacific] local is ahead of GitHub
2026-09-29T04:27:38-10:00job:github_sync_all | To github.com:RootRecord-Software-Solutions/RootRecord-Pacific-Solar-Server.git
2026-09-29T04:27:38-10:00job:github_sync_all | 6c4071d..04b0077  HEAD -> main
2026-09-29T04:27:38-10:00job:github_sync_all | branch 'main' set up to track 'origin/main'.
2026-09-29T04:27:38-10:00job:github_sync_all | ↑ [pacific] 3 files → RootRecord-Software-Solutions/RootRecord-Pacific-Solar-Server (main)
2026-09-29T04:27:38-10:00job:github_sync_all | ↑ [database] committed 14 local file(s)
2026-09-29T04:27:38-10:00job:github_sync_all | ↓ [database] fetching origin/main
2026-09-29T04:27:38-10:00job:github_sync_all | From github.com:RootRecord-Software-Solutions/RootRecord-Database
2026-09-29T04:27:38-10:00job:github_sync_all | * branch            main       -> FETCH_HEAD
2026-09-29T04:27:38-10:00job:github_sync_all | ↑ [database] local is ahead of GitHub
2026-09-29T04:27:38-10:00job:github_sync_all | To github.com:RootRecord-Software-Solutions/RootRecord-Database.git
2026-09-29T04:27:38-10:00job:github_sync_all | e2f5607..7e50167  HEAD -> main
2026-09-29T04:27:38-10:00job:github_sync_all | branch 'main' set up to track 'origin/main'.
2026-09-29T04:27:38-10:00job:github_sync_all | ↑ [database] 14 files → RootRecord-Software-Solutions/RootRecord-Database (main)
2026-09-29T04:27:38-10:00job:github_sync_all | — [library] no local changes
2026-09-29T04:27:38-10:00job:github_sync_all | ↓ [library] fetching origin/main
2026-09-29T04:27:38-10:00job:github_sync_all | From github.com:RootRecord-Software-Solutions/RootRecord-Library
2026-09-29T04:27:38-10:00job:github_sync_all | * branch            main       -> FETCH_HEAD
2026-09-29T04:27:38-10:00job:github_sync_all | — [library] local and GitHub already match
2026-09-29T04:27:38-10:00job:github_sync_all | — [library] nothing to push
2026-09-29T04:27:38-10:00job:github_sync_all | — [skills] no local changes
2026-09-29T04:27:38-10:00job:github_sync_all | ↓ [skills] fetching origin/main
2026-09-29T04:27:38-10:00job:github_sync_all | From github.com:rootrecordsoftwaresolutions/Solar-Pacific-RootRecord-Server
2026-09-29T04:27:38-10:00job:github_sync_all | * branch            main       -> FETCH_HEAD
2026-09-29T04:27:38-10:00job:github_sync_all | — [skills] local and GitHub already match
2026-09-29T04:27:38-10:00job:github_sync_all | — [skills] nothing to push
2026-09-29T04:27:38-10:00job:worklog_scan RUN  bash "/home/rootrecord/RootRecord-Ecosystem/1 - Servers/1 - RootRecord-Pacific-Solar-Server/Reports/scripts/worklog_once.sh"
2026-09-29T04:30:38-10:00job:worklog_scan TIMEOUT after 180s
2026-09-29T04:30:38-10:00job:security_camera_frame_grab RUN  bash "/home/rootrecord/RootRecord-Ecosystem/1 - Servers/1 - RootRecord-Pacific-Solar-Server/Security/Cameras/grab_all.sh"
2026-09-29T04:30:50-10:00job:security_camera_frame_grab | 04:30:39  📷  a-eyes  ch1 → ch1-20260929T143039Z.jpg  (310.2 KB, 4.30s)
2026-09-29T04:30:50-10:00job:security_camera_frame_grab | 04:30:43  📷  a-eyes  ch2 → ch2-20260929T143043Z.jpg  (345.3 KB, 4.47s)
2026-09-29T04:30:50-10:00job:security_camera_frame_grab | 04:30:47  📷  a-eyes  ch3 → ch3-20260929T143047Z.jpg  (12.2 KB, 1.60s)
2026-09-29T04:30:50-10:00job:security_camera_frame_grab | 04:30:49  📷  a-eyes  ch4 → ch4-20260929T143049Z.jpg  (12.2 KB, 1.50s)
2026-09-29T04:30:51-10:00ENERGY  status=live  B2=36.0%  B1=5.2%  solar=0 W  ac=47 W  usbc=12 W  src=/home/rootrecord/RootRecord-Ecosystem/2 - RootRecord-Database/Energy
2026-09-29T04:31:06-10:00  ▸  SUMMARY=delta2 soc=35.31% solar=0W ac_out=45W usbc=0W src=ble db=ok
2026-09-29T04:31:06-10:00job:sys_stats_cycle RUN  bash "/home/rootrecord/RootRecord-Ecosystem/1 - Servers/1 - RootRecord-Pacific-Solar-Server/System/scripts/sys-sample.sh"
2026-09-29T04:31:07-10:00job:sys_stats_cycle | SYSTEM  cpu=5%  load=2.78  mem=17%  src=sqlite
2026-09-29T04:31:07-10:00job:sys_stats_cycle | OK wrote /home/rootrecord/RootRecord-Ecosystem/2 - RootRecord-Database/System/samples/sys-20260929-043107.json
2026-09-29T04:31:39-10:00job:github_sync_all | ↑ [pacific] committed 4 local file(s)
2026-09-29T04:31:39-10:00job:github_sync_all | ↓ [pacific] fetching origin/main
2026-09-29T04:31:39-10:00job:github_sync_all | From github.com:RootRecord-Software-Solutions/RootRecord-Pacific-Solar-Server
2026-09-29T04:31:39-10:00job:github_sync_all | * branch            main       -> FETCH_HEAD
2026-09-29T04:31:39-10:00job:github_sync_all | ↑ [pacific] local is ahead of GitHub
2026-09-29T04:31:39-10:00job:github_sync_all | To github.com:RootRecord-Software-Solutions/RootRecord-Pacific-Solar-Server.git
2026-09-29T04:31:39-10:00job:github_sync_all | 04b0077..ba11c1b  HEAD -> main
2026-09-29T04:31:39-10:00job:github_sync_all | branch 'main' set up to track 'origin/main'.
2026-09-29T04:31:39-10:00job:github_sync_all | ↑ [pacific] 4 files → RootRecord-Software-Solutions/RootRecord-Pacific-Solar-Server (main)
2026-09-29T04:31:39-10:00job:github_sync_all | ↑ [database] committed 35 local file(s)
2026-09-29T04:31:39-10:00job:github_sync_all | ↓ [database] fetching origin/main
2026-09-29T04:31:39-10:00job:github_sync_all | From github.com:RootRecord-Software-Solutions/RootRecord-Database
2026-09-29T04:31:39-10:00job:github_sync_all | * branch            main       -> FETCH_HEAD
2026-09-29T04:31:39-10:00job:github_sync_all | ↑ [database] local is ahead of GitHub
2026-09-29T04:31:39-10:00job:github_sync_all | To github.com:RootRecord-Software-Solutions/RootRecord-Database.git
2026-09-29T04:31:39-10:00job:github_sync_all | 7e50167..3b06227  HEAD -> main
2026-09-29T04:31:39-10:00job:github_sync_all | branch 'main' set up to track 'origin/main'.
2026-09-29T04:31:39-10:00job:github_sync_all | ↑ [database] 35 files → RootRecord-Software-Solutions/RootRecord-Database (main)
2026-09-29T04:31:39-10:00job:github_sync_all | — [library] no local changes
2026-09-29T04:31:39-10:00job:github_sync_all | ↓ [library] fetching origin/main
2026-09-29T04:31:39-10:00job:github_sync_all | From github.com:RootRecord-Software-Solutions/RootRecord-Library
2026-09-29T04:31:39-10:00job:github_sync_all | * branch            main       -> FETCH_HEAD
2026-09-29T04:31:39-10:00job:github_sync_all | — [library] local and GitHub already match
2026-09-29T04:31:39-10:00job:github_sync_all | — [library] nothing to push
2026-09-29T04:31:39-10:00job:github_sync_all | — [skills] no local changes
2026-09-29T04:31:39-10:00job:github_sync_all | ↓ [skills] fetching origin/main
2026-09-29T04:31:39-10:00job:github_sync_all | From github.com:rootrecordsoftwaresolutions/Solar-Pacific-RootRecord-Server
2026-09-29T04:31:39-10:00job:github_sync_all | * branch            main       -> FETCH_HEAD
2026-09-29T04:31:39-10:00job:github_sync_all | — [skills] local and GitHub already match
2026-09-29T04:31:39-10:00job:github_sync_all | — [skills] nothing to push
2026-09-29T04:31:39-10:00job:worklog_scan RUN  bash "/home/rootrecord/RootRecord-Ecosystem/1 - Servers/1 - RootRecord-Pacific-Solar-Server/Reports/scripts/worklog_once.sh"
2026-09-29T04:34:39-10:00job:worklog_scan TIMEOUT after 180s
2026-09-29T04:34:39-10:00job:security_camera_frame_grab RUN  bash "/home/rootrecord/RootRecord-Ecosystem/1 - Servers/1 - RootRecord-Pacific-Solar-Server/Security/Cameras/grab_all.sh"
2026-09-29T04:34:52-10:00job:security_camera_frame_grab | 04:34:39  📷  a-eyes  ch1 → ch1-20260929T143439Z.jpg  (307.0 KB, 4.33s)
2026-09-29T04:34:52-10:00job:security_camera_frame_grab | 04:34:44  📷  a-eyes  ch2 → ch2-20260929T143444Z.jpg  (342.5 KB, 4.30s)
2026-09-29T04:34:52-10:00job:security_camera_frame_grab | 04:34:48  📷  a-eyes  ch3 → ch3-20260929T143448Z.jpg  (12.2 KB, 1.77s)
2026-09-29T04:34:52-10:00job:security_camera_frame_grab | 04:34:50  📷  a-eyes  ch4 → ch4-20260929T143450Z.jpg  (12.1 KB, 1.64s)
2026-09-29T04:34:52-10:00ENERGY  status=live  B2=35.3%  B1=5.2%  solar=0 W  ac=45 W  usbc=0 W  src=/home/rootrecord/RootRecord-Ecosystem/2 - RootRecord-Database/Energy
2026-09-29T04:35:08-10:00  ▸  SUMMARY=delta2 soc=34.71% solar=0W ac_out=43W usbc=38W src=ble db=ok
2026-09-29T04:35:08-10:00job:sys_stats_cycle RUN  bash "/home/rootrecord/RootRecord-Ecosystem/1 - Servers/1 - RootRecord-Pacific-Solar-Server/System/scripts/sys-sample.sh"
2026-09-29T04:35:09-10:00job:sys_stats_cycle | SYSTEM  cpu=12%  load=2.64  mem=28%  src=sqlite
2026-09-29T04:35:09-10:00job:sys_stats_cycle | OK wrote /home/rootrecord/RootRecord-Ecosystem/2 - RootRecord-Database/System/samples/sys-20260929-043509.json
2026-09-29T04:35:41-10:00job:github_sync_all | ↑ [pacific] committed 4 local file(s)
2026-09-29T04:35:41-10:00job:github_sync_all | ↓ [pacific] fetching origin/main
2026-09-29T04:35:41-10:00job:github_sync_all | From github.com:RootRecord-Software-Solutions/RootRecord-Pacific-Solar-Server
2026-09-29T04:35:41-10:00job:github_sync_all | * branch            main       -> FETCH_HEAD
2026-09-29T04:35:41-10:00job:github_sync_all | ↑ [pacific] local is ahead of GitHub
2026-09-29T04:35:41-10:00job:github_sync_all | To github.com:RootRecord-Software-Solutions/RootRecord-Pacific-Solar-Server.git
2026-09-29T04:35:41-10:00job:github_sync_all | ba11c1b..4e4b11e  HEAD -> main
2026-09-29T04:35:41-10:00job:github_sync_all | branch 'main' set up to track 'origin/main'.
2026-09-29T04:35:41-10:00job:github_sync_all | ↑ [pacific] 4 files → RootRecord-Software-Solutions/RootRecord-Pacific-Solar-Server (main)
2026-09-29T04:35:41-10:00job:github_sync_all | ↑ [database] committed 29 local file(s)
2026-09-29T04:35:41-10:00job:github_sync_all | ↓ [database] fetching origin/main
2026-09-29T04:35:41-10:00job:github_sync_all | From github.com:RootRecord-Software-Solutions/RootRecord-Database
2026-09-29T04:35:41-10:00job:github_sync_all | * branch            main       -> FETCH_HEAD
2026-09-29T04:35:41-10:00job:github_sync_all | ↑ [database] local is ahead of GitHub
2026-09-29T04:35:41-10:00job:github_sync_all | To github.com:RootRecord-Software-Solutions/RootRecord-Database.git
2026-09-29T04:35:41-10:00job:github_sync_all | 3b06227..7b51921  HEAD -> main
2026-09-29T04:35:41-10:00job:github_sync_all | branch 'main' set up to track 'origin/main'.
2026-09-29T04:35:41-10:00job:github_sync_all | ↑ [database] 29 files → RootRecord-Software-Solutions/RootRecord-Database (main)
2026-09-29T04:35:41-10:00job:github_sync_all | ↑ [library] committed 2 local file(s)
2026-09-29T04:35:41-10:00job:github_sync_all | ↓ [library] fetching origin/main
2026-09-29T04:35:41-10:00job:github_sync_all | From github.com:RootRecord-Software-Solutions/RootRecord-Library
2026-09-29T04:35:41-10:00job:github_sync_all | * branch            main       -> FETCH_HEAD
2026-09-29T04:35:41-10:00job:github_sync_all | ↑ [library] local is ahead of GitHub
2026-09-29T04:35:41-10:00job:github_sync_all | To github.com:RootRecord-Software-Solutions/RootRecord-Library.git
2026-09-29T04:35:41-10:00job:github_sync_all | 1f8e16d..94751d1  HEAD -> main
2026-09-29T04:35:41-10:00job:github_sync_all | branch 'main' set up to track 'origin/main'.
2026-09-29T04:35:41-10:00job:github_sync_all | ↑ [library] 2 files → RootRecord-Software-Solutions/RootRecord-Library (main)
2026-09-29T04:35:41-10:00job:github_sync_all | — [skills] no local changes
2026-09-29T04:35:41-10:00job:github_sync_all | ↓ [skills] fetching origin/main
2026-09-29T04:35:41-10:00job:github_sync_all | From github.com:rootrecordsoftwaresolutions/Solar-Pacific-RootRecord-Server
2026-09-29T04:35:41-10:00job:github_sync_all | * branch            main       -> FETCH_HEAD
2026-09-29T04:35:41-10:00job:github_sync_all | — [skills] local and GitHub already match
2026-09-29T04:35:41-10:00job:github_sync_all | — [skills] nothing to push
2026-09-29T04:35:41-10:00job:worklog_scan RUN  bash "/home/rootrecord/RootRecord-Ecosystem/1 - Servers/1 - RootRecord-Pacific-Solar-Server/Reports/scripts/worklog_once.sh"
2026-09-29T04:38:41-10:00job:worklog_scan TIMEOUT after 180s
2026-09-29T04:38:41-10:00job:security_camera_frame_grab RUN  bash "/home/rootrecord/RootRecord-Ecosystem/1 - Servers/1 - RootRecord-Pacific-Solar-Server/Security/Cameras/grab_all.sh"
2026-09-29T04:38:53-10:00job:security_camera_frame_grab | 04:38:41  📷  a-eyes  ch1 → ch1-20260929T143841Z.jpg  (308.9 KB, 4.34s)
2026-09-29T04:38:53-10:00job:security_camera_frame_grab | 04:38:45  📷  a-eyes  ch2 → ch2-20260929T143845Z.jpg  (343.5 KB, 4.48s)
2026-09-29T04:38:53-10:00job:security_camera_frame_grab | 04:38:50  📷  a-eyes  ch3 → ch3-20260929T143850Z.jpg  (12.2 KB, 1.78s)
2026-09-29T04:38:53-10:00job:security_camera_frame_grab | 04:38:52  📷  a-eyes  ch4 → ch4-20260929T143852Z.jpg  (12.3 KB, 1.55s)
2026-09-29T04:38:54-10:00ENERGY  status=live  B2=34.7%  B1=5.2%  solar=0 W  ac=43 W  usbc=38 W  src=/home/rootrecord/RootRecord-Ecosystem/2 - RootRecord-Database/Energy
2026-09-29T04:39:09-10:00  ▸  SUMMARY=delta2 soc=34.1% solar=0W ac_out=46W usbc=19W src=ble db=ok
2026-09-29T04:39:09-10:00job:sys_stats_cycle RUN  bash "/home/rootrecord/RootRecord-Ecosystem/1 - Servers/1 - RootRecord-Pacific-Solar-Server/System/scripts/sys-sample.sh"
2026-09-29T04:39:10-10:00job:sys_stats_cycle | SYSTEM  cpu=18%  load=2.60  mem=16%  src=sqlite
2026-09-29T04:39:10-10:00job:sys_stats_cycle | OK wrote /home/rootrecord/RootRecord-Ecosystem/2 - RootRecord-Database/System/samples/sys-20260929-043910.json
2026-09-29T04:39:42-10:00job:github_sync_all | ↑ [pacific] committed 2 local file(s)
2026-09-29T04:39:42-10:00job:github_sync_all | ↓ [pacific] fetching origin/main
2026-09-29T04:39:42-10:00job:github_sync_all | From github.com:RootRecord-Software-Solutions/RootRecord-Pacific-Solar-Server
2026-09-29T04:39:42-10:00job:github_sync_all | * branch            main       -> FETCH_HEAD
2026-09-29T04:39:42-10:00job:github_sync_all | ↑ [pacific] local is ahead of GitHub
2026-09-29T04:39:42-10:00job:github_sync_all | To github.com:RootRecord-Software-Solutions/RootRecord-Pacific-Solar-Server.git
2026-09-29T04:39:42-10:00job:github_sync_all | 4e4b11e..6309271  HEAD -> main
2026-09-29T04:39:42-10:00job:github_sync_all | branch 'main' set up to track 'origin/main'.
2026-09-29T04:39:42-10:00job:github_sync_all | ↑ [pacific] 2 files → RootRecord-Software-Solutions/RootRecord-Pacific-Solar-Server (main)
2026-09-29T04:39:42-10:00job:github_sync_all | ↑ [database] committed 13 local file(s)
2026-09-29T04:39:42-10:00job:github_sync_all | ↓ [database] fetching origin/main
2026-09-29T04:39:42-10:00job:github_sync_all | From github.com:RootRecord-Software-Solutions/RootRecord-Database
2026-09-29T04:39:42-10:00job:github_sync_all | * branch            main       -> FETCH_HEAD
2026-09-29T04:39:42-10:00job:github_sync_all | ↑ [database] local is ahead of GitHub
2026-09-29T04:39:42-10:00job:github_sync_all | To github.com:RootRecord-Software-Solutions/RootRecord-Database.git
2026-09-29T04:39:42-10:00job:github_sync_all | 7b51921..b8d4eb2  HEAD -> main
2026-09-29T04:39:42-10:00job:github_sync_all | branch 'main' set up to track 'origin/main'.
2026-09-29T04:39:42-10:00job:github_sync_all | ↑ [database] 13 files → RootRecord-Software-Solutions/RootRecord-Database (main)
2026-09-29T04:39:42-10:00job:github_sync_all | ↑ [library] committed 7 local file(s)
2026-09-29T04:39:42-10:00job:github_sync_all | ↓ [library] fetching origin/main
2026-09-29T04:39:42-10:00job:github_sync_all | From github.com:RootRecord-Software-Solutions/RootRecord-Library
2026-09-29T04:39:42-10:00job:github_sync_all | * branch            main       -> FETCH_HEAD
2026-09-29T04:39:42-10:00job:github_sync_all | ↑ [library] local is ahead of GitHub
2026-09-29T04:39:42-10:00job:github_sync_all | To github.com:RootRecord-Software-Solutions/RootRecord-Library.git
2026-09-29T04:39:42-10:00job:github_sync_all | 94751d1..74b5961  HEAD -> main
2026-09-29T04:39:42-10:00job:github_sync_all | branch 'main' set up to track 'origin/main'.
2026-09-29T04:39:42-10:00job:github_sync_all | ↑ [library] 7 files → RootRecord-Software-Solutions/RootRecord-Library (main)
2026-09-29T04:39:42-10:00job:github_sync_all | — [skills] no local changes
2026-09-29T04:39:42-10:00job:github_sync_all | ↓ [skills] fetching origin/main
2026-09-29T04:39:42-10:00job:github_sync_all | From github.com:rootrecordsoftwaresolutions/Solar-Pacific-RootRecord-Server
2026-09-29T04:39:42-10:00job:github_sync_all | * branch            main       -> FETCH_HEAD
2026-09-29T04:39:42-10:00job:github_sync_all | — [skills] local and GitHub already match
2026-09-29T04:39:42-10:00job:github_sync_all | — [skills] nothing to push
2026-09-29T04:39:42-10:00job:worklog_scan RUN  bash "/home/rootrecord/RootRecord-Ecosystem/1 - Servers/1 - RootRecord-Pacific-Solar-Server/Reports/scripts/worklog_once.sh"
2026-09-29T04:42:42-10:00job:worklog_scan TIMEOUT after 180s
2026-09-29T04:42:42-10:00job:security_camera_frame_grab RUN  bash "/home/rootrecord/RootRecord-Ecosystem/1 - Servers/1 - RootRecord-Pacific-Solar-Server/Security/Cameras/grab_all.sh"
2026-09-29T04:42:54-10:00job:security_camera_frame_grab | 04:42:42  📷  a-eyes  ch1 → ch1-20260929T144242Z.jpg  (308.2 KB, 4.27s)
2026-09-29T04:42:54-10:00job:security_camera_frame_grab | 04:42:46  📷  a-eyes  ch2 → ch2-20260929T144246Z.jpg  (343.1 KB, 4.47s)
2026-09-29T04:42:54-10:00job:security_camera_frame_grab | 04:42:51  📷  a-eyes  ch3 → ch3-20260929T144251Z.jpg  (12.2 KB, 1.60s)
2026-09-29T04:42:54-10:00job:security_camera_frame_grab | 04:42:52  📷  a-eyes  ch4 → ch4-20260929T144252Z.jpg  (12.2 KB, 1.51s)
2026-09-29T04:42:54-10:00ENERGY  status=live  B2=34.1%  B1=5.2%  solar=0 W  ac=46 W  usbc=19 W  src=/home/rootrecord/RootRecord-Ecosystem/2 - RootRecord-Database/Energy
2026-09-29T04:43:10-10:00  ▸  SUMMARY=delta2 soc=33.5% solar=0W ac_out=51W usbc=20W src=ble db=ok
2026-09-29T04:43:10-10:00job:sys_stats_cycle RUN  bash "/home/rootrecord/RootRecord-Ecosystem/1 - Servers/1 - RootRecord-Pacific-Solar-Server/System/scripts/sys-sample.sh"
2026-09-29T04:43:11-10:00job:sys_stats_cycle | SYSTEM  cpu=4%  load=1.56  mem=16%  src=sqlite
2026-09-29T04:43:11-10:00job:sys_stats_cycle | OK wrote /home/rootrecord/RootRecord-Ecosystem/2 - RootRecord-Database/System/samples/sys-20260929-044310.json
2026-09-29T04:43:45-10:00job:github_sync_all | ↑ [pacific] committed 2 local file(s)
2026-09-29T04:43:45-10:00job:github_sync_all | ↓ [pacific] fetching origin/main
2026-09-29T04:43:45-10:00job:github_sync_all | From github.com:RootRecord-Software-Solutions/RootRecord-Pacific-Solar-Server
2026-09-29T04:43:45-10:00job:github_sync_all | * branch            main       -> FETCH_HEAD
2026-09-29T04:43:45-10:00job:github_sync_all | ↑ [pacific] local is ahead of GitHub
2026-09-29T04:43:45-10:00job:github_sync_all | To github.com:RootRecord-Software-Solutions/RootRecord-Pacific-Solar-Server.git
2026-09-29T04:43:45-10:00job:github_sync_all | 6309271..c0d5090  HEAD -> main
2026-09-29T04:43:45-10:00job:github_sync_all | branch 'main' set up to track 'origin/main'.
2026-09-29T04:43:45-10:00job:github_sync_all | ↑ [pacific] 2 files → RootRecord-Software-Solutions/RootRecord-Pacific-Solar-Server (main)
2026-09-29T04:43:45-10:00job:github_sync_all | ↑ [database] committed 14 local file(s)
2026-09-29T04:43:45-10:00job:github_sync_all | ↓ [database] fetching origin/main
2026-09-29T04:43:45-10:00job:github_sync_all | From github.com:RootRecord-Software-Solutions/RootRecord-Database
2026-09-29T04:43:45-10:00job:github_sync_all | * branch            main       -> FETCH_HEAD
2026-09-29T04:43:45-10:00job:github_sync_all | ↑ [database] local is ahead of GitHub
2026-09-29T04:43:45-10:00job:github_sync_all | To github.com:RootRecord-Software-Solutions/RootRecord-Database.git
2026-09-29T04:43:45-10:00job:github_sync_all | b8d4eb2..2427e8d  HEAD -> main
2026-09-29T04:43:45-10:00job:github_sync_all | branch 'main' set up to track 'origin/main'.
2026-09-29T04:43:45-10:00job:github_sync_all | ↑ [database] 14 files → RootRecord-Software-Solutions/RootRecord-Database (main)
2026-09-29T04:43:45-10:00job:github_sync_all | ↑ [library] committed 5 local file(s)
2026-09-29T04:43:45-10:00job:github_sync_all | ↓ [library] fetching origin/main
2026-09-29T04:43:45-10:00job:github_sync_all | From github.com:RootRecord-Software-Solutions/RootRecord-Library
2026-09-29T04:43:45-10:00job:github_sync_all | * branch            main       -> FETCH_HEAD
2026-09-29T04:43:45-10:00job:github_sync_all | ↑ [library] local is ahead of GitHub
2026-09-29T04:43:45-10:00job:github_sync_all | To github.com:RootRecord-Software-Solutions/RootRecord-Library.git
2026-09-29T04:43:45-10:00job:github_sync_all | 74b5961..6c38fe4  HEAD -> main
2026-09-29T04:43:45-10:00job:github_sync_all | branch 'main' set up to track 'origin/main'.
2026-09-29T04:43:45-10:00job:github_sync_all | ↑ [library] 5 files → RootRecord-Software-Solutions/RootRecord-Library (main)
2026-09-29T04:43:45-10:00job:github_sync_all | — [skills] no local changes
2026-09-29T04:43:45-10:00job:github_sync_all | ↓ [skills] fetching origin/main
2026-09-29T04:43:45-10:00job:github_sync_all | From github.com:rootrecordsoftwaresolutions/Solar-Pacific-RootRecord-Server
2026-09-29T04:43:45-10:00job:github_sync_all | * branch            main       -> FETCH_HEAD
2026-09-29T04:43:45-10:00job:github_sync_all | — [skills] local and GitHub already match
2026-09-29T04:43:45-10:00job:github_sync_all | — [skills] nothing to push
2026-09-29T04:43:45-10:00job:worklog_scan RUN  bash "/home/rootrecord/RootRecord-Ecosystem/1 - Servers/1 - RootRecord-Pacific-Solar-Server/Reports/scripts/worklog_once.sh"
2026-09-29T04:46:45-10:00job:worklog_scan TIMEOUT after 180s
2026-09-29T04:46:45-10:00job:security_camera_frame_grab RUN  bash "/home/rootrecord/RootRecord-Ecosystem/1 - Servers/1 - RootRecord-Pacific-Solar-Server/Security/Cameras/grab_all.sh"
2026-09-29T04:46:58-10:00job:security_camera_frame_grab | 04:46:46  📷  a-eyes  ch1 → ch1-20260929T144646Z.jpg  (307.1 KB, 4.61s)
2026-09-29T04:46:58-10:00job:security_camera_frame_grab | 04:46:50  📷  a-eyes  ch2 → ch2-20260929T144650Z.jpg  (343.3 KB, 4.38s)
2026-09-29T04:46:58-10:00job:security_camera_frame_grab | 04:46:55  📷  a-eyes  ch3 → ch3-20260929T144655Z.jpg  (12.2 KB, 1.65s)
2026-09-29T04:46:58-10:00job:security_camera_frame_grab | 04:46:56  📷  a-eyes  ch4 → ch4-20260929T144656Z.jpg  (12.2 KB, 1.56s)
2026-09-29T04:46:58-10:00ENERGY  status=live  B2=33.5%  B1=5.2%  solar=0 W  ac=51 W  usbc=20 W  src=/home/rootrecord/RootRecord-Ecosystem/2 - RootRecord-Database/Energy
2026-09-29T04:47:14-10:00  ▸  SUMMARY=river2pro soc=5.18% solar=0W ac_out=— usbc=0W src=ble db=ok
2026-09-29T04:47:14-10:00job:sys_stats_cycle RUN  bash "/home/rootrecord/RootRecord-Ecosystem/1 - Servers/1 - RootRecord-Pacific-Solar-Server/System/scripts/sys-sample.sh"
2026-09-29T04:47:15-10:00job:sys_stats_cycle | SYSTEM  cpu=5%  load=1.53  mem=34%  src=sqlite
2026-09-29T04:47:15-10:00job:sys_stats_cycle | OK wrote /home/rootrecord/RootRecord-Ecosystem/2 - RootRecord-Database/System/samples/sys-20260929-044715.json
2026-09-29T04:47:48-10:00job:github_sync_all | ↑ [pacific] committed 5 local file(s)
2026-09-29T04:47:48-10:00job:github_sync_all | ↓ [pacific] fetching origin/main
2026-09-29T04:47:48-10:00job:github_sync_all | From github.com:RootRecord-Software-Solutions/RootRecord-Pacific-Solar-Server
2026-09-29T04:47:48-10:00job:github_sync_all | * branch            main       -> FETCH_HEAD
2026-09-29T04:47:48-10:00job:github_sync_all | ↑ [pacific] local is ahead of GitHub
2026-09-29T04:47:48-10:00job:github_sync_all | To github.com:RootRecord-Software-Solutions/RootRecord-Pacific-Solar-Server.git
2026-09-29T04:47:48-10:00job:github_sync_all | c0d5090..0fbba4c  HEAD -> main
2026-09-29T04:47:48-10:00job:github_sync_all | branch 'main' set up to track 'origin/main'.
2026-09-29T04:47:48-10:00job:github_sync_all | ↑ [pacific] 5 files → RootRecord-Software-Solutions/RootRecord-Pacific-Solar-Server (main)
2026-09-29T04:47:48-10:00job:github_sync_all | ↑ [database] committed 14 local file(s)
2026-09-29T04:47:48-10:00job:github_sync_all | ↓ [database] fetching origin/main
2026-09-29T04:47:48-10:00job:github_sync_all | From github.com:RootRecord-Software-Solutions/RootRecord-Database
2026-09-29T04:47:48-10:00job:github_sync_all | * branch            main       -> FETCH_HEAD
2026-09-29T04:47:48-10:00job:github_sync_all | ↑ [database] local is ahead of GitHub
2026-09-29T04:47:48-10:00job:github_sync_all | To github.com:RootRecord-Software-Solutions/RootRecord-Database.git
2026-09-29T04:47:48-10:00job:github_sync_all | 2427e8d..542442d  HEAD -> main
2026-09-29T04:47:48-10:00job:github_sync_all | branch 'main' set up to track 'origin/main'.
2026-09-29T04:47:48-10:00job:github_sync_all | ↑ [database] 14 files → RootRecord-Software-Solutions/RootRecord-Database (main)
2026-09-29T04:47:48-10:00job:github_sync_all | ↑ [library] committed 4 local file(s)
2026-09-29T04:47:48-10:00job:github_sync_all | ↓ [library] fetching origin/main
2026-09-29T04:47:48-10:00job:github_sync_all | From github.com:RootRecord-Software-Solutions/RootRecord-Library
2026-09-29T04:47:48-10:00job:github_sync_all | * branch            main       -> FETCH_HEAD
2026-09-29T04:47:48-10:00job:github_sync_all | ↑ [library] local is ahead of GitHub
2026-09-29T04:47:48-10:00job:github_sync_all | To github.com:RootRecord-Software-Solutions/RootRecord-Library.git
2026-09-29T04:47:48-10:00job:github_sync_all | 6c38fe4..83fd2e2  HEAD -> main
2026-09-29T04:47:48-10:00job:github_sync_all | branch 'main' set up to track 'origin/main'.
2026-09-29T04:47:48-10:00job:github_sync_all | ↑ [library] 4 files → RootRecord-Software-Solutions/RootRecord-Library (main)
2026-09-29T04:47:48-10:00job:github_sync_all | — [skills] no local changes
2026-09-29T04:47:48-10:00job:github_sync_all | ↓ [skills] fetching origin/main
2026-09-29T04:47:48-10:00job:github_sync_all | From github.com:rootrecordsoftwaresolutions/Solar-Pacific-RootRecord-Server
2026-09-29T04:47:48-10:00job:github_sync_all | * branch            main       -> FETCH_HEAD
2026-09-29T04:47:48-10:00job:github_sync_all | — [skills] local and GitHub already match
2026-09-29T04:47:48-10:00job:github_sync_all | — [skills] nothing to push
2026-09-29T04:47:48-10:00job:worklog_scan RUN  bash "/home/rootrecord/RootRecord-Ecosystem/1 - Servers/1 - RootRecord-Pacific-Solar-Server/Reports/scripts/worklog_once.sh"
2026-09-29T04:50:48-10:00job:worklog_scan TIMEOUT after 180s
2026-09-29T04:50:48-10:00job:security_camera_frame_grab RUN  bash "/home/rootrecord/RootRecord-Ecosystem/1 - Servers/1 - RootRecord-Pacific-Solar-Server/Security/Cameras/grab_all.sh"
2026-09-29T04:51:00-10:00job:security_camera_frame_grab | 04:50:48  📷  a-eyes  ch1 → ch1-20260929T145048Z.jpg  (308.9 KB, 4.55s)
2026-09-29T04:51:00-10:00job:security_camera_frame_grab | 04:50:53  📷  a-eyes  ch2 → ch2-20260929T145053Z.jpg  (340.9 KB, 4.28s)
2026-09-29T04:51:00-10:00job:security_camera_frame_grab | 04:50:57  📷  a-eyes  ch3 → ch3-20260929T145057Z.jpg  (12.3 KB, 1.60s)
2026-09-29T04:51:00-10:00job:security_camera_frame_grab | 04:50:59  📷  a-eyes  ch4 → ch4-20260929T145059Z.jpg  (12.3 KB, 1.53s)
2026-09-29T04:51:01-10:00ENERGY  status=live  B2=33.5%  B1=5.2%  solar=0 W  ac=51 W  usbc=20 W  src=/home/rootrecord/RootRecord-Ecosystem/2 - RootRecord-Database/Energy
2026-09-29T04:51:16-10:00  ▸  SUMMARY=delta2 soc=32.19% solar=0W ac_out=55W usbc=0W src=ble db=ok
2026-09-29T04:51:16-10:00job:sys_stats_cycle RUN  bash "/home/rootrecord/RootRecord-Ecosystem/1 - Servers/1 - RootRecord-Pacific-Solar-Server/System/scripts/sys-sample.sh"
2026-09-29T04:51:17-10:00job:sys_stats_cycle | SYSTEM  cpu=4%  load=1.32  mem=35%  src=sqlite
2026-09-29T04:51:17-10:00job:sys_stats_cycle | OK wrote /home/rootrecord/RootRecord-Ecosystem/2 - RootRecord-Database/System/samples/sys-20260929-045117.json
2026-09-29T04:56:17-10:00job:github_sync_all TIMEOUT after 300s
2026-09-29T04:56:17-10:00job:worklog_scan RUN  bash "/home/rootrecord/RootRecord-Ecosystem/1 - Servers/1 - RootRecord-Pacific-Solar-Server/Reports/scripts/worklog_once.sh"
2026-09-29T04:59:17-10:00job:worklog_scan TIMEOUT after 180s
2026-09-29T04:59:17-10:00job:security_camera_frame_grab RUN  bash "/home/rootrecord/RootRecord-Ecosystem/1 - Servers/1 - RootRecord-Pacific-Solar-Server/Security/Cameras/grab_all.sh"
2026-09-29T04:59:29-10:00job:security_camera_frame_grab | 04:59:17  📷  a-eyes  ch1 → ch1-20260929T145917Z.jpg  (304.5 KB, 4.24s)
2026-09-29T04:59:29-10:00job:security_camera_frame_grab | 04:59:22  📷  a-eyes  ch2 → ch2-20260929T145922Z.jpg  (342.7 KB, 4.49s)
2026-09-29T04:59:29-10:00job:security_camera_frame_grab | 04:59:26  📷  a-eyes  ch3 → ch3-20260929T145926Z.jpg  (12.2 KB, 1.64s)
2026-09-29T04:59:29-10:00job:security_camera_frame_grab | 04:59:28  📷  a-eyes  ch4 → ch4-20260929T145928Z.jpg  (12.2 KB, 1.57s)
2026-09-29T04:59:30-10:00ENERGY  status=live  B2=32.2%  B1=5.2%  solar=0 W  ac=55 W  usbc=0 W  src=/home/rootrecord/RootRecord-Ecosystem/2 - RootRecord-Database/Energy
2026-09-29T04:59:46-10:00  ▸  SUMMARY=delta2 soc=30.98% solar=0W ac_out=40W usbc=10W src=ble db=ok
2026-09-29T04:59:46-10:00job:sys_stats_cycle RUN  bash "/home/rootrecord/RootRecord-Ecosystem/1 - Servers/1 - RootRecord-Pacific-Solar-Server/System/scripts/sys-sample.sh"
2026-09-29T04:59:47-10:00job:sys_stats_cycle | SYSTEM  cpu=6%  load=2.14  mem=34%  src=sqlite
2026-09-29T04:59:47-10:00job:sys_stats_cycle | OK wrote /home/rootrecord/RootRecord-Ecosystem/2 - RootRecord-Database/System/samples/sys-20260929-045946.json
2026-09-29T05:01:32-10:00job:github_sync_all | ↑ [pacific] committed 8 local file(s)
2026-09-29T05:01:32-10:00job:github_sync_all | ↓ [pacific] fetching origin/main
2026-09-29T05:01:32-10:00job:github_sync_all | From github.com:RootRecord-Software-Solutions/RootRecord-Pacific-Solar-Server
2026-09-29T05:01:32-10:00job:github_sync_all | * branch            main       -> FETCH_HEAD
2026-09-29T05:01:32-10:00job:github_sync_all | ↑ [pacific] local is ahead of GitHub
2026-09-29T05:01:32-10:00job:github_sync_all | To github.com:RootRecord-Software-Solutions/RootRecord-Pacific-Solar-Server.git
2026-09-29T05:01:32-10:00job:github_sync_all | 3b9272c..60de8f9  HEAD -> main
2026-09-29T05:01:32-10:00job:github_sync_all | branch 'main' set up to track 'origin/main'.
2026-09-29T05:01:32-10:00job:github_sync_all | ↑ [pacific] 8 files → RootRecord-Software-Solutions/RootRecord-Pacific-Solar-Server (main)
2026-09-29T05:01:32-10:00job:github_sync_all | ↑ [database] committed 14 local file(s)
2026-09-29T05:01:32-10:00job:github_sync_all | ↓ [database] fetching origin/main
2026-09-29T05:01:32-10:00job:github_sync_all | From github.com:RootRecord-Software-Solutions/RootRecord-Database
2026-09-29T05:01:32-10:00job:github_sync_all | * branch            main       -> FETCH_HEAD
2026-09-29T05:01:32-10:00job:github_sync_all | ↑ [database] local is ahead of GitHub
2026-09-29T05:01:32-10:00job:github_sync_all | git@github.com: Permission denied (publickey).
2026-09-29T05:01:32-10:00job:github_sync_all | fatal: Could not read from remote repository.
2026-09-29T05:01:32-10:00job:github_sync_all | Please make sure you have the correct access rights
2026-09-29T05:01:32-10:00job:github_sync_all | and the repository exists.
2026-09-29T05:01:32-10:00job:github_sync_all | To github.com:RootRecord-Software-Solutions/RootRecord-Database.git
2026-09-29T05:01:32-10:00job:github_sync_all | 751d14f..935a313  HEAD -> main
2026-09-29T05:01:32-10:00job:github_sync_all | branch 'main' set up to track 'origin/main'.
2026-09-29T05:01:32-10:00job:github_sync_all | ↑ [database] 14 files → RootRecord-Software-Solutions/RootRecord-Database (main)
2026-09-29T05:01:32-10:00job:github_sync_all | — [library] no local changes
2026-09-29T05:01:32-10:00job:github_sync_all | ↓ [library] fetching origin/main
2026-09-29T05:01:32-10:00job:github_sync_all | From github.com:RootRecord-Software-Solutions/RootRecord-Library
2026-09-29T05:01:32-10:00job:github_sync_all | * branch            main       -> FETCH_HEAD
2026-09-29T05:01:32-10:00job:github_sync_all | ↑ [library] local is ahead of GitHub
2026-09-29T05:01:32-10:00job:github_sync_all | To github.com:RootRecord-Software-Solutions/RootRecord-Library.git
2026-09-29T05:01:32-10:00job:github_sync_all | 83fd2e2..7fb4ee4  HEAD -> main
2026-09-29T05:01:32-10:00job:github_sync_all | branch 'main' set up to track 'origin/main'.
2026-09-29T05:01:32-10:00job:github_sync_all | ↑ [library] 0 files → RootRecord-Software-Solutions/RootRecord-Library (main)
2026-09-29T05:01:32-10:00job:github_sync_all | — [skills] no local changes
2026-09-29T05:01:32-10:00job:github_sync_all | ↓ [skills] fetching origin/main
2026-09-29T05:01:32-10:00job:github_sync_all | From github.com:rootrecordsoftwaresolutions/Solar-Pacific-RootRecord-Server
2026-09-29T05:01:32-10:00job:github_sync_all | * branch            main       -> FETCH_HEAD
2026-09-29T05:01:32-10:00job:github_sync_all | — [skills] local and GitHub already match
2026-09-29T05:01:32-10:00job:github_sync_all | — [skills] nothing to push
2026-09-29T05:01:32-10:00job:worklog_scan RUN  bash "/home/rootrecord/RootRecord-Ecosystem/1 - Servers/1 - RootRecord-Pacific-Solar-Server/Reports/scripts/worklog_once.sh"
2026-09-29T05:04:32-10:00job:worklog_scan TIMEOUT after 180s
2026-09-29T05:04:32-10:00job:security_camera_frame_grab RUN  bash "/home/rootrecord/RootRecord-Ecosystem/1 - Servers/1 - RootRecord-Pacific-Solar-Server/Security/Cameras/grab_all.sh"
2026-09-29T05:04:44-10:00job:security_camera_frame_grab | 05:04:32  📷  a-eyes  ch1 → ch1-20260929T150432Z.jpg  (306.5 KB, 4.46s)
2026-09-29T05:04:44-10:00job:security_camera_frame_grab | 05:04:37  📷  a-eyes  ch2 → ch2-20260929T150437Z.jpg  (343.0 KB, 4.37s)
2026-09-29T05:04:44-10:00job:security_camera_frame_grab | 05:04:41  📷  a-eyes  ch3 → ch3-20260929T150441Z.jpg  (12.1 KB, 1.51s)
2026-09-29T05:04:44-10:00job:security_camera_frame_grab | 05:04:43  📷  a-eyes  ch4 → ch4-20260929T150443Z.jpg  (12.2 KB, 1.52s)
2026-09-29T05:04:44-10:00ENERGY  status=live  B2=31.0%  B1=5.2%  solar=0 W  ac=40 W  usbc=10 W  src=/home/rootrecord/RootRecord-Ecosystem/2 - RootRecord-Database/Energy
2026-09-29T05:05:00-10:00  ▸  SUMMARY=river2pro soc=5.17% solar=0W ac_out=— usbc=0W src=ble db=ok
2026-09-29T05:05:00-10:00job:sys_stats_cycle RUN  bash "/home/rootrecord/RootRecord-Ecosystem/1 - Servers/1 - RootRecord-Pacific-Solar-Server/System/scripts/sys-sample.sh"
2026-09-29T05:05:01-10:00job:sys_stats_cycle | SYSTEM  cpu=7%  load=1.25  mem=34%  src=sqlite
2026-09-29T05:05:01-10:00job:sys_stats_cycle | OK wrote /home/rootrecord/RootRecord-Ecosystem/2 - RootRecord-Database/System/samples/sys-20260929-050501.json
2026-09-29T05:05:44-10:00job:github_sync_all | ↑ [pacific] committed 2 local file(s)
2026-09-29T05:05:44-10:00job:github_sync_all | ↓ [pacific] fetching origin/main
2026-09-29T05:05:44-10:00job:github_sync_all | From github.com:RootRecord-Software-Solutions/RootRecord-Pacific-Solar-Server
2026-09-29T05:05:44-10:00job:github_sync_all | * branch            main       -> FETCH_HEAD
2026-09-29T05:05:44-10:00job:github_sync_all | ↑ [pacific] local is ahead of GitHub
2026-09-29T05:05:44-10:00job:github_sync_all | To github.com:RootRecord-Software-Solutions/RootRecord-Pacific-Solar-Server.git
2026-09-29T05:05:44-10:00job:github_sync_all | 60de8f9..d579456  HEAD -> main
2026-09-29T05:05:44-10:00job:github_sync_all | branch 'main' set up to track 'origin/main'.
2026-09-29T05:05:44-10:00job:github_sync_all | ↑ [pacific] 2 files → RootRecord-Software-Solutions/RootRecord-Pacific-Solar-Server (main)
2026-09-29T05:05:44-10:00job:github_sync_all | ↑ [database] committed 19 local file(s)
2026-09-29T05:05:44-10:00job:github_sync_all | ↓ [database] fetching origin/main
2026-09-29T05:05:44-10:00job:github_sync_all | From github.com:RootRecord-Software-Solutions/RootRecord-Database
2026-09-29T05:05:44-10:00job:github_sync_all | * branch            main       -> FETCH_HEAD
2026-09-29T05:05:44-10:00job:github_sync_all | ↑ [database] local is ahead of GitHub
2026-09-29T05:05:44-10:00job:github_sync_all | To github.com:RootRecord-Software-Solutions/RootRecord-Database.git
2026-09-29T05:05:44-10:00job:github_sync_all | 935a313..1abe67f  HEAD -> main
2026-09-29T05:05:44-10:00job:github_sync_all | branch 'main' set up to track 'origin/main'.
2026-09-29T05:05:44-10:00job:github_sync_all | ↑ [database] 19 files → RootRecord-Software-Solutions/RootRecord-Database (main)
2026-09-29T05:05:44-10:00job:github_sync_all | ↑ [library] committed 7 local file(s)
2026-09-29T05:05:44-10:00job:github_sync_all | ↓ [library] fetching origin/main
2026-09-29T05:05:44-10:00job:github_sync_all | From github.com:RootRecord-Software-Solutions/RootRecord-Library
2026-09-29T05:05:44-10:00job:github_sync_all | * branch            main       -> FETCH_HEAD
2026-09-29T05:05:44-10:00job:github_sync_all | ↑ [library] local is ahead of GitHub
2026-09-29T05:05:44-10:00job:github_sync_all | To github.com:RootRecord-Software-Solutions/RootRecord-Library.git
2026-09-29T05:05:44-10:00job:github_sync_all | 7fb4ee4..1de17bc  HEAD -> main
2026-09-29T05:05:44-10:00job:github_sync_all | branch 'main' set up to track 'origin/main'.
2026-09-29T05:05:44-10:00job:github_sync_all | ↑ [library] 7 files → RootRecord-Software-Solutions/RootRecord-Library (main)
2026-09-29T05:05:44-10:00job:github_sync_all | — [skills] no local changes
2026-09-29T05:05:44-10:00job:github_sync_all | ↓ [skills] fetching origin/main
2026-09-29T05:05:44-10:00job:github_sync_all | From github.com:rootrecordsoftwaresolutions/Solar-Pacific-RootRecord-Server
2026-09-29T05:05:44-10:00job:github_sync_all | * branch            main       -> FETCH_HEAD
2026-09-29T05:05:44-10:00job:github_sync_all | — [skills] local and GitHub already match
2026-09-29T05:05:44-10:00job:github_sync_all | — [skills] nothing to push
2026-09-29T05:05:44-10:00job:worklog_scan RUN  bash "/home/rootrecord/RootRecord-Ecosystem/1 - Servers/1 - RootRecord-Pacific-Solar-Server/Reports/scripts/worklog_once.sh"
2026-09-29T05:08:44-10:00job:worklog_scan TIMEOUT after 180s
2026-09-29T05:08:44-10:00job:security_camera_frame_grab RUN  bash "/home/rootrecord/RootRecord-Ecosystem/1 - Servers/1 - RootRecord-Pacific-Solar-Server/Security/Cameras/grab_all.sh"
2026-09-29T05:08:56-10:00job:security_camera_frame_grab | 05:08:44  📷  a-eyes  ch1 → ch1-20260929T150844Z.jpg  (303.9 KB, 4.36s)
2026-09-29T05:08:56-10:00job:security_camera_frame_grab | 05:08:48  📷  a-eyes  ch2 → ch2-20260929T150848Z.jpg  (347.8 KB, 4.39s)
2026-09-29T05:08:56-10:00job:security_camera_frame_grab | 05:08:53  📷  a-eyes  ch3 → ch3-20260929T150853Z.jpg  (12.2 KB, 1.69s)
2026-09-29T05:08:56-10:00job:security_camera_frame_grab | 05:08:54  📷  a-eyes  ch4 → ch4-20260929T150854Z.jpg  (12.2 KB, 1.61s)
2026-09-29T05:08:56-10:00ENERGY  status=live  B2=31.0%  B1=5.2%  solar=0 W  ac=40 W  usbc=10 W  src=/home/rootrecord/RootRecord-Ecosystem/2 - RootRecord-Database/Energy
2026-09-29T05:09:12-10:00  ▸  SUMMARY=river2pro soc=5.17% solar=0W ac_out=— usbc=0W src=ble db=ok
2026-09-29T05:09:12-10:00job:sys_stats_cycle RUN  bash "/home/rootrecord/RootRecord-Ecosystem/1 - Servers/1 - RootRecord-Pacific-Solar-Server/System/scripts/sys-sample.sh"
2026-09-29T05:09:13-10:00job:sys_stats_cycle | SYSTEM  cpu=4%  load=1.14  mem=35%  src=sqlite
2026-09-29T05:09:13-10:00job:sys_stats_cycle | OK wrote /home/rootrecord/RootRecord-Ecosystem/2 - RootRecord-Database/System/samples/sys-20260929-050913.json
2026-09-29T05:09:58-10:00job:github_sync_all | ↑ [pacific] committed 2 local file(s)
2026-09-29T05:09:58-10:00job:github_sync_all | ↓ [pacific] fetching origin/main
2026-09-29T05:09:58-10:00job:github_sync_all | From github.com:RootRecord-Software-Solutions/RootRecord-Pacific-Solar-Server
2026-09-29T05:09:58-10:00job:github_sync_all | * branch            main       -> FETCH_HEAD
2026-09-29T05:09:58-10:00job:github_sync_all | ↑ [pacific] local is ahead of GitHub
2026-09-29T05:09:58-10:00job:github_sync_all | To github.com:RootRecord-Software-Solutions/RootRecord-Pacific-Solar-Server.git
2026-09-29T05:09:58-10:00job:github_sync_all | d579456..6146e30  HEAD -> main
2026-09-29T05:09:58-10:00job:github_sync_all | branch 'main' set up to track 'origin/main'.
2026-09-29T05:09:58-10:00job:github_sync_all | ↑ [pacific] 2 files → RootRecord-Software-Solutions/RootRecord-Pacific-Solar-Server (main)
2026-09-29T05:09:58-10:00job:github_sync_all | ↑ [database] committed 12 local file(s)
2026-09-29T05:09:58-10:00job:github_sync_all | ↓ [database] fetching origin/main
2026-09-29T05:09:58-10:00job:github_sync_all | From github.com:RootRecord-Software-Solutions/RootRecord-Database
2026-09-29T05:09:58-10:00job:github_sync_all | * branch            main       -> FETCH_HEAD
2026-09-29T05:09:58-10:00job:github_sync_all | ↑ [database] local is ahead of GitHub
2026-09-29T05:09:58-10:00job:github_sync_all | To github.com:RootRecord-Software-Solutions/RootRecord-Database.git
2026-09-29T05:09:58-10:00job:github_sync_all | 1abe67f..9fb48f6  HEAD -> main
2026-09-29T05:09:58-10:00job:github_sync_all | branch 'main' set up to track 'origin/main'.
2026-09-29T05:09:58-10:00job:github_sync_all | ↑ [database] 12 files → RootRecord-Software-Solutions/RootRecord-Database (main)
2026-09-29T05:09:58-10:00job:github_sync_all | — [library] no local changes
2026-09-29T05:09:58-10:00job:github_sync_all | ↓ [library] fetching origin/main
2026-09-29T05:09:58-10:00job:github_sync_all | From github.com:RootRecord-Software-Solutions/RootRecord-Library
2026-09-29T05:09:58-10:00job:github_sync_all | * branch            main       -> FETCH_HEAD
2026-09-29T05:09:58-10:00job:github_sync_all | — [library] local and GitHub already match
2026-09-29T05:09:58-10:00job:github_sync_all | — [library] nothing to push
2026-09-29T05:09:58-10:00job:github_sync_all | — [skills] no local changes
2026-09-29T05:09:58-10:00job:github_sync_all | ↓ [skills] fetching origin/main
2026-09-29T05:09:58-10:00job:github_sync_all | From github.com:rootrecordsoftwaresolutions/Solar-Pacific-RootRecord-Server
2026-09-29T05:09:58-10:00job:github_sync_all | * branch            main       -> FETCH_HEAD
2026-09-29T05:09:58-10:00job:github_sync_all | — [skills] local and GitHub already match
2026-09-29T05:09:58-10:00job:github_sync_all | — [skills] nothing to push
2026-09-29T05:09:58-10:00job:worklog_scan RUN  bash "/home/rootrecord/RootRecord-Ecosystem/1 - Servers/1 - RootRecord-Pacific-Solar-Server/Reports/scripts/worklog_once.sh"
2026-09-29T05:12:58-10:00job:worklog_scan TIMEOUT after 180s
2026-09-29T05:12:58-10:00job:security_camera_frame_grab RUN  bash "/home/rootrecord/RootRecord-Ecosystem/1 - Servers/1 - RootRecord-Pacific-Solar-Server/Security/Cameras/grab_all.sh"
2026-09-29T05:13:10-10:00job:security_camera_frame_grab | 05:12:58  📷  a-eyes  ch1 → ch1-20260929T151258Z.jpg  (303.4 KB, 4.47s)
2026-09-29T05:13:10-10:00job:security_camera_frame_grab | 05:13:02  📷  a-eyes  ch2 → ch2-20260929T151302Z.jpg  (357.4 KB, 4.36s)
2026-09-29T05:13:10-10:00job:security_camera_frame_grab | 05:13:07  📷  a-eyes  ch3 → ch3-20260929T151307Z.jpg  (12.2 KB, 1.61s)
2026-09-29T05:13:10-10:00job:security_camera_frame_grab | 05:13:08  📷  a-eyes  ch4 → ch4-20260929T151308Z.jpg  (12.1 KB, 1.48s)
2026-09-29T05:13:10-10:00ENERGY  status=live  B2=31.0%  B1=5.2%  solar=0 W  ac=40 W  usbc=10 W  src=/home/rootrecord/RootRecord-Ecosystem/2 - RootRecord-Database/Energy
2026-09-29T05:13:25-10:00  ▸  SUMMARY=delta2 soc=28.97% solar=0W ac_out=39W usbc=0W src=ble db=ok
2026-09-29T05:13:25-10:00job:sys_stats_cycle RUN  bash "/home/rootrecord/RootRecord-Ecosystem/1 - Servers/1 - RootRecord-Pacific-Solar-Server/System/scripts/sys-sample.sh"
2026-09-29T05:13:26-10:00job:sys_stats_cycle | SYSTEM  cpu=5%  load=1.39  mem=35%  src=sqlite
2026-09-29T05:13:26-10:00job:sys_stats_cycle | OK wrote /home/rootrecord/RootRecord-Ecosystem/2 - RootRecord-Database/System/samples/sys-20260929-051326.json
2026-09-29T05:13:58-10:00job:github_sync_all | ↑ [pacific] committed 3 local file(s)
2026-09-29T05:13:58-10:00job:github_sync_all | ↓ [pacific] fetching origin/main
2026-09-29T05:13:58-10:00job:github_sync_all | From github.com:RootRecord-Software-Solutions/RootRecord-Pacific-Solar-Server
2026-09-29T05:13:58-10:00job:github_sync_all | * branch            main       -> FETCH_HEAD
2026-09-29T05:13:58-10:00job:github_sync_all | ↑ [pacific] local is ahead of GitHub
2026-09-29T05:13:58-10:00job:github_sync_all | To github.com:RootRecord-Software-Solutions/RootRecord-Pacific-Solar-Server.git
2026-09-29T05:13:58-10:00job:github_sync_all | 6146e30..a9af1a6  HEAD -> main
2026-09-29T05:13:58-10:00job:github_sync_all | branch 'main' set up to track 'origin/main'.
2026-09-29T05:13:58-10:00job:github_sync_all | ↑ [pacific] 3 files → RootRecord-Software-Solutions/RootRecord-Pacific-Solar-Server (main)
2026-09-29T05:13:58-10:00job:github_sync_all | ↑ [database] committed 14 local file(s)
2026-09-29T05:13:58-10:00job:github_sync_all | ↓ [database] fetching origin/main
2026-09-29T05:13:58-10:00job:github_sync_all | From github.com:RootRecord-Software-Solutions/RootRecord-Database
2026-09-29T05:13:58-10:00job:github_sync_all | * branch            main       -> FETCH_HEAD
2026-09-29T05:13:58-10:00job:github_sync_all | ↑ [database] local is ahead of GitHub
2026-09-29T05:13:58-10:00job:github_sync_all | To github.com:RootRecord-Software-Solutions/RootRecord-Database.git
2026-09-29T05:13:58-10:00job:github_sync_all | 9fb48f6..7f8e0ac  HEAD -> main
2026-09-29T05:13:58-10:00job:github_sync_all | branch 'main' set up to track 'origin/main'.
2026-09-29T05:13:58-10:00job:github_sync_all | ↑ [database] 14 files → RootRecord-Software-Solutions/RootRecord-Database (main)
2026-09-29T05:13:58-10:00job:github_sync_all | ↑ [library] committed 5 local file(s)
2026-09-29T05:13:58-10:00job:github_sync_all | ↓ [library] fetching origin/main
2026-09-29T05:13:58-10:00job:github_sync_all | From github.com:RootRecord-Software-Solutions/RootRecord-Library
2026-09-29T05:13:58-10:00job:github_sync_all | * branch            main       -> FETCH_HEAD
2026-09-29T05:13:58-10:00job:github_sync_all | ↑ [library] local is ahead of GitHub
2026-09-29T05:13:58-10:00job:github_sync_all | To github.com:RootRecord-Software-Solutions/RootRecord-Library.git
2026-09-29T05:13:58-10:00job:github_sync_all | 1de17bc..5e2743e  HEAD -> main
2026-09-29T05:13:58-10:00job:github_sync_all | branch 'main' set up to track 'origin/main'.
2026-09-29T05:13:58-10:00job:github_sync_all | ↑ [library] 5 files → RootRecord-Software-Solutions/RootRecord-Library (main)
2026-09-29T05:13:58-10:00job:github_sync_all | — [skills] no local changes
2026-09-29T05:13:58-10:00job:github_sync_all | ↓ [skills] fetching origin/main
2026-09-29T05:13:58-10:00job:github_sync_all | From github.com:rootrecordsoftwaresolutions/Solar-Pacific-RootRecord-Server
2026-09-29T05:13:58-10:00job:github_sync_all | * branch            main       -> FETCH_HEAD
2026-09-29T05:13:58-10:00job:github_sync_all | — [skills] local and GitHub already match
2026-09-29T05:13:58-10:00job:github_sync_all | — [skills] nothing to push
2026-09-29T05:13:58-10:00job:worklog_scan RUN  bash "/home/rootrecord/RootRecord-Ecosystem/1 - Servers/1 - RootRecord-Pacific-Solar-Server/Reports/scripts/worklog_once.sh"
2026-09-29T05:16:58-10:00job:worklog_scan TIMEOUT after 180s
2026-09-29T05:16:58-10:00job:security_camera_frame_grab RUN  bash "/home/rootrecord/RootRecord-Ecosystem/1 - Servers/1 - RootRecord-Pacific-Solar-Server/Security/Cameras/grab_all.sh"
2026-09-29T05:17:10-10:00job:security_camera_frame_grab | 05:16:58  📷  a-eyes  ch1 → ch1-20260929T151658Z.jpg  (305.8 KB, 4.30s)
2026-09-29T05:17:10-10:00job:security_camera_frame_grab | 05:17:02  📷  a-eyes  ch2 → ch2-20260929T151702Z.jpg  (365.4 KB, 4.46s)
2026-09-29T05:17:10-10:00job:security_camera_frame_grab | 05:17:07  📷  a-eyes  ch3 → ch3-20260929T151707Z.jpg  (12.1 KB, 1.64s)
2026-09-29T05:17:10-10:00job:security_camera_frame_grab | 05:17:08  📷  a-eyes  ch4 → ch4-20260929T151708Z.jpg  (12.2 KB, 1.66s)
2026-09-29T05:17:10-10:00ENERGY  status=live  B2=29.0%  B1=5.2%  solar=0 W  ac=39 W  usbc=0 W  src=/home/rootrecord/RootRecord-Ecosystem/2 - RootRecord-Database/Energy
2026-09-29T05:17:26-10:00  ▸  SUMMARY=delta2 soc=28.47% solar=0W ac_out=54W usbc=0W src=ble db=ok
2026-09-29T05:17:26-10:00job:sys_stats_cycle RUN  bash "/home/rootrecord/RootRecord-Ecosystem/1 - Servers/1 - RootRecord-Pacific-Solar-Server/System/scripts/sys-sample.sh"
2026-09-29T05:17:27-10:00job:sys_stats_cycle | SYSTEM  cpu=6%  load=1.11  mem=36%  src=sqlite
2026-09-29T05:17:27-10:00job:sys_stats_cycle | OK wrote /home/rootrecord/RootRecord-Ecosystem/2 - RootRecord-Database/System/samples/sys-20260929-051727.json
2026-09-29T05:17:53-10:00job:github_sync_all | — [pacific] no local changes
2026-09-29T05:17:53-10:00job:github_sync_all | ↓ [pacific] fetching origin/main
2026-09-29T05:17:53-10:00job:github_sync_all | From github.com:RootRecord-Software-Solutions/RootRecord-Pacific-Solar-Server
2026-09-29T05:17:53-10:00job:github_sync_all | * branch            main       -> FETCH_HEAD
2026-09-29T05:17:53-10:00job:github_sync_all | — [pacific] local and GitHub already match
2026-09-29T05:17:53-10:00job:github_sync_all | — [pacific] nothing to push
2026-09-29T05:17:53-10:00job:github_sync_all | ↑ [database] committed 14 local file(s)
2026-09-29T05:17:53-10:00job:github_sync_all | ↓ [database] fetching origin/main
2026-09-29T05:17:53-10:00job:github_sync_all | From github.com:RootRecord-Software-Solutions/RootRecord-Database
2026-09-29T05:17:53-10:00job:github_sync_all | * branch            main       -> FETCH_HEAD
2026-09-29T05:17:53-10:00job:github_sync_all | ↑ [database] local is ahead of GitHub
2026-09-29T05:17:53-10:00job:github_sync_all | To github.com:RootRecord-Software-Solutions/RootRecord-Database.git
2026-09-29T05:17:53-10:00job:github_sync_all | 7f8e0ac..97c0d5a  HEAD -> main
2026-09-29T05:17:53-10:00job:github_sync_all | branch 'main' set up to track 'origin/main'.
2026-09-29T05:17:53-10:00job:github_sync_all | ↑ [database] 14 files → RootRecord-Software-Solutions/RootRecord-Database (main)
2026-09-29T05:17:53-10:00job:github_sync_all | — [library] no local changes
2026-09-29T05:17:53-10:00job:github_sync_all | ↓ [library] fetching origin/main
2026-09-29T05:17:53-10:00job:github_sync_all | From github.com:RootRecord-Software-Solutions/RootRecord-Library
2026-09-29T05:17:53-10:00job:github_sync_all | * branch            main       -> FETCH_HEAD
2026-09-29T05:17:53-10:00job:github_sync_all | — [library] local and GitHub already match
2026-09-29T05:17:53-10:00job:github_sync_all | — [library] nothing to push
2026-09-29T05:17:53-10:00job:github_sync_all | — [skills] no local changes
2026-09-29T05:17:53-10:00job:github_sync_all | ↓ [skills] fetching origin/main
2026-09-29T05:17:53-10:00job:github_sync_all | From github.com:rootrecordsoftwaresolutions/Solar-Pacific-RootRecord-Server
2026-09-29T05:17:53-10:00job:github_sync_all | * branch            main       -> FETCH_HEAD
2026-09-29T05:17:53-10:00job:github_sync_all | — [skills] local and GitHub already match
2026-09-29T05:17:53-10:00job:github_sync_all | — [skills] nothing to push
2026-09-29T05:17:53-10:00job:worklog_scan RUN  bash "/home/rootrecord/RootRecord-Ecosystem/1 - Servers/1 - RootRecord-Pacific-Solar-Server/Reports/scripts/worklog_once.sh"
2026-09-29T05:20:53-10:00job:worklog_scan TIMEOUT after 180s
2026-09-29T05:20:53-10:00job:security_camera_frame_grab RUN  bash "/home/rootrecord/RootRecord-Ecosystem/1 - Servers/1 - RootRecord-Pacific-Solar-Server/Security/Cameras/grab_all.sh"
2026-09-29T05:21:05-10:00job:security_camera_frame_grab | 05:20:53  📷  a-eyes  ch1 → ch1-20260929T152053Z.jpg  (307.0 KB, 4.68s)
2026-09-29T05:21:05-10:00job:security_camera_frame_grab | 05:20:58  📷  a-eyes  ch2 → ch2-20260929T152058Z.jpg  (375.9 KB, 4.47s)
2026-09-29T05:21:05-10:00job:security_camera_frame_grab | 05:21:02  📷  a-eyes  ch3 → ch3-20260929T152102Z.jpg  (12.1 KB, 1.56s)
2026-09-29T05:21:05-10:00job:security_camera_frame_grab | 05:21:04  📷  a-eyes  ch4 → ch4-20260929T152104Z.jpg  (12.1 KB, 1.62s)
2026-09-29T05:21:06-10:00ENERGY  status=live  B2=28.5%  B1=5.2%  solar=0 W  ac=54 W  usbc=0 W  src=/home/rootrecord/RootRecord-Ecosystem/2 - RootRecord-Database/Energy
2026-09-29T05:21:22-10:00  ▸  SUMMARY=river2pro soc=5.16% solar=0W ac_out=— usbc=0W src=ble db=ok
2026-09-29T05:21:22-10:00job:sys_stats_cycle RUN  bash "/home/rootrecord/RootRecord-Ecosystem/1 - Servers/1 - RootRecord-Pacific-Solar-Server/System/scripts/sys-sample.sh"
2026-09-29T05:21:22-10:00job:sys_stats_cycle | SYSTEM  cpu=2%  load=0.87  mem=35%  src=sqlite
2026-09-29T05:21:22-10:00job:sys_stats_cycle | OK wrote /home/rootrecord/RootRecord-Ecosystem/2 - RootRecord-Database/System/samples/sys-20260929-052122.json
2026-09-29T05:21:48-10:00job:github_sync_all | — [pacific] no local changes
2026-09-29T05:21:48-10:00job:github_sync_all | ↓ [pacific] fetching origin/main
2026-09-29T05:21:48-10:00job:github_sync_all | From github.com:RootRecord-Software-Solutions/RootRecord-Pacific-Solar-Server
2026-09-29T05:21:48-10:00job:github_sync_all | * branch            main       -> FETCH_HEAD
2026-09-29T05:21:48-10:00job:github_sync_all | — [pacific] local and GitHub already match
2026-09-29T05:21:48-10:00job:github_sync_all | — [pacific] nothing to push
2026-09-29T05:21:48-10:00job:github_sync_all | ↑ [database] committed 13 local file(s)
2026-09-29T05:21:48-10:00job:github_sync_all | ↓ [database] fetching origin/main
2026-09-29T05:21:48-10:00job:github_sync_all | From github.com:RootRecord-Software-Solutions/RootRecord-Database
2026-09-29T05:21:48-10:00job:github_sync_all | * branch            main       -> FETCH_HEAD
2026-09-29T05:21:48-10:00job:github_sync_all | ↑ [database] local is ahead of GitHub
2026-09-29T05:21:48-10:00job:github_sync_all | To github.com:RootRecord-Software-Solutions/RootRecord-Database.git
2026-09-29T05:21:48-10:00job:github_sync_all | 97c0d5a..702d1ff  HEAD -> main
2026-09-29T05:21:48-10:00job:github_sync_all | branch 'main' set up to track 'origin/main'.
2026-09-29T05:21:48-10:00job:github_sync_all | ↑ [database] 13 files → RootRecord-Software-Solutions/RootRecord-Database (main)
2026-09-29T05:21:48-10:00job:github_sync_all | — [library] no local changes
2026-09-29T05:21:48-10:00job:github_sync_all | ↓ [library] fetching origin/main
2026-09-29T05:21:48-10:00job:github_sync_all | From github.com:RootRecord-Software-Solutions/RootRecord-Library
2026-09-29T05:21:48-10:00job:github_sync_all | * branch            main       -> FETCH_HEAD
2026-09-29T05:21:48-10:00job:github_sync_all | — [library] local and GitHub already match
2026-09-29T05:21:48-10:00job:github_sync_all | — [library] nothing to push
2026-09-29T05:21:48-10:00job:github_sync_all | — [skills] no local changes
2026-09-29T05:21:48-10:00job:github_sync_all | ↓ [skills] fetching origin/main
2026-09-29T05:21:48-10:00job:github_sync_all | From github.com:rootrecordsoftwaresolutions/Solar-Pacific-RootRecord-Server
2026-09-29T05:21:48-10:00job:github_sync_all | * branch            main       -> FETCH_HEAD
2026-09-29T05:21:48-10:00job:github_sync_all | — [skills] local and GitHub already match
2026-09-29T05:21:48-10:00job:github_sync_all | — [skills] nothing to push
2026-09-29T05:21:48-10:00job:worklog_scan RUN  bash "/home/rootrecord/RootRecord-Ecosystem/1 - Servers/1 - RootRecord-Pacific-Solar-Server/Reports/scripts/worklog_once.sh"
2026-09-29T05:24:48-10:00job:worklog_scan TIMEOUT after 180s
2026-09-29T05:24:48-10:00job:security_camera_frame_grab RUN  bash "/home/rootrecord/RootRecord-Ecosystem/1 - Servers/1 - RootRecord-Pacific-Solar-Server/Security/Cameras/grab_all.sh"
2026-09-29T05:25:01-10:00job:security_camera_frame_grab | 05:24:49  📷  a-eyes  ch1 → ch1-20260929T152449Z.jpg  (306.9 KB, 4.36s)
2026-09-29T05:25:01-10:00job:security_camera_frame_grab | 05:24:53  📷  a-eyes  ch2 → ch2-20260929T152453Z.jpg  (374.1 KB, 4.36s)
2026-09-29T05:25:01-10:00job:security_camera_frame_grab | 05:24:57  📷  a-eyes  ch3 → ch3-20260929T152457Z.jpg  (12.1 KB, 1.67s)
2026-09-29T05:25:01-10:00job:security_camera_frame_grab | 05:24:59  📷  a-eyes  ch4 → ch4-20260929T152459Z.jpg  (12.2 KB, 1.65s)
2026-09-29T05:25:01-10:00ENERGY  status=live  B2=28.5%  B1=5.2%  solar=0 W  ac=54 W  usbc=0 W  src=/home/rootrecord/RootRecord-Ecosystem/2 - RootRecord-Database/Energy
2026-09-29T05:25:16-10:00  ▸  SUMMARY=delta2 soc=27.36% solar=0W ac_out=36W usbc=0W src=ble db=ok
2026-09-29T05:25:16-10:00job:sys_stats_cycle RUN  bash "/home/rootrecord/RootRecord-Ecosystem/1 - Servers/1 - RootRecord-Pacific-Solar-Server/System/scripts/sys-sample.sh"
2026-09-29T05:25:17-10:00job:sys_stats_cycle | SYSTEM  cpu=1%  load=0.96  mem=36%  src=sqlite
2026-09-29T05:25:17-10:00job:sys_stats_cycle | OK wrote /home/rootrecord/RootRecord-Ecosystem/2 - RootRecord-Database/System/samples/sys-20260929-052517.json
2026-09-29T05:25:45-10:00job:github_sync_all | ↑ [pacific] committed 1 local file(s)
2026-09-29T05:25:45-10:00job:github_sync_all | ↓ [pacific] fetching origin/main
2026-09-29T05:25:45-10:00job:github_sync_all | From github.com:RootRecord-Software-Solutions/RootRecord-Pacific-Solar-Server
2026-09-29T05:25:45-10:00job:github_sync_all | * branch            main       -> FETCH_HEAD
2026-09-29T05:25:45-10:00job:github_sync_all | ↑ [pacific] local is ahead of GitHub
2026-09-29T05:25:45-10:00job:github_sync_all | To github.com:RootRecord-Software-Solutions/RootRecord-Pacific-Solar-Server.git
2026-09-29T05:25:45-10:00job:github_sync_all | a9af1a6..f8590cf  HEAD -> main
2026-09-29T05:25:45-10:00job:github_sync_all | branch 'main' set up to track 'origin/main'.
2026-09-29T05:25:45-10:00job:github_sync_all | ↑ [pacific] 1 files → RootRecord-Software-Solutions/RootRecord-Pacific-Solar-Server (main)
2026-09-29T05:25:45-10:00job:github_sync_all | ↑ [database] committed 13 local file(s)
2026-09-29T05:25:45-10:00job:github_sync_all | ↓ [database] fetching origin/main
2026-09-29T05:25:45-10:00job:github_sync_all | From github.com:RootRecord-Software-Solutions/RootRecord-Database
2026-09-29T05:25:45-10:00job:github_sync_all | * branch            main       -> FETCH_HEAD
2026-09-29T05:25:45-10:00job:github_sync_all | ↑ [database] local is ahead of GitHub
2026-09-29T05:25:45-10:00job:github_sync_all | To github.com:RootRecord-Software-Solutions/RootRecord-Database.git
2026-09-29T05:25:45-10:00job:github_sync_all | 702d1ff..7f83c05  HEAD -> main
2026-09-29T05:25:45-10:00job:github_sync_all | branch 'main' set up to track 'origin/main'.
2026-09-29T05:25:45-10:00job:github_sync_all | ↑ [database] 13 files → RootRecord-Software-Solutions/RootRecord-Database (main)
2026-09-29T05:25:45-10:00job:github_sync_all | — [library] no local changes
2026-09-29T05:25:45-10:00job:github_sync_all | ↓ [library] fetching origin/main
2026-09-29T05:25:45-10:00job:github_sync_all | From github.com:RootRecord-Software-Solutions/RootRecord-Library
2026-09-29T05:25:45-10:00job:github_sync_all | * branch            main       -> FETCH_HEAD
2026-09-29T05:25:45-10:00job:github_sync_all | — [library] local and GitHub already match
2026-09-29T05:25:45-10:00job:github_sync_all | — [library] nothing to push
2026-09-29T05:25:45-10:00job:github_sync_all | — [skills] no local changes
2026-09-29T05:25:45-10:00job:github_sync_all | ↓ [skills] fetching origin/main
2026-09-29T05:25:45-10:00job:github_sync_all | From github.com:rootrecordsoftwaresolutions/Solar-Pacific-RootRecord-Server
2026-09-29T05:25:45-10:00job:github_sync_all | * branch            main       -> FETCH_HEAD
2026-09-29T05:25:45-10:00job:github_sync_all | — [skills] local and GitHub already match
2026-09-29T05:25:45-10:00job:github_sync_all | — [skills] nothing to push
2026-09-29T05:25:45-10:00job:worklog_scan RUN  bash "/home/rootrecord/RootRecord-Ecosystem/1 - Servers/1 - RootRecord-Pacific-Solar-Server/Reports/scripts/worklog_once.sh"
2026-09-29T05:28:45-10:00job:worklog_scan TIMEOUT after 180s
2026-09-29T05:28:45-10:00job:security_camera_frame_grab RUN  bash "/home/rootrecord/RootRecord-Ecosystem/1 - Servers/1 - RootRecord-Pacific-Solar-Server/Security/Cameras/grab_all.sh"
2026-09-29T05:28:58-10:00job:security_camera_frame_grab | 05:28:45  📷  a-eyes  ch1 → ch1-20260929T152845Z.jpg  (306.8 KB, 4.54s)
2026-09-29T05:28:58-10:00job:security_camera_frame_grab | 05:28:50  📷  a-eyes  ch2 → ch2-20260929T152850Z.jpg  (351.7 KB, 4.50s)
2026-09-29T05:28:58-10:00job:security_camera_frame_grab | 05:28:54  📷  a-eyes  ch3 → ch3-20260929T152854Z.jpg  (12.2 KB, 1.58s)
2026-09-29T05:28:58-10:00job:security_camera_frame_grab | 05:28:56  📷  a-eyes  ch4 → ch4-20260929T152856Z.jpg  (12.2 KB, 1.61s)
2026-09-29T05:28:58-10:00ENERGY  status=live  B2=27.4%  B1=5.2%  solar=0 W  ac=36 W  usbc=0 W  src=/home/rootrecord/RootRecord-Ecosystem/2 - RootRecord-Database/Energy
2026-09-29T05:29:14-10:00  ▸  SUMMARY=river2pro soc=5.15% solar=0W ac_out=— usbc=0W src=ble db=ok
2026-09-29T05:29:14-10:00job:sys_stats_cycle RUN  bash "/home/rootrecord/RootRecord-Ecosystem/1 - Servers/1 - RootRecord-Pacific-Solar-Server/System/scripts/sys-sample.sh"
2026-09-29T05:29:15-10:00job:sys_stats_cycle | SYSTEM  cpu=1%  load=0.76  mem=35%  src=sqlite
2026-09-29T05:29:15-10:00job:sys_stats_cycle | OK wrote /home/rootrecord/RootRecord-Ecosystem/2 - RootRecord-Database/System/samples/sys-20260929-052914.json
2026-09-29T05:29:39-10:00job:github_sync_all | — [pacific] no local changes
2026-09-29T05:29:39-10:00job:github_sync_all | ↓ [pacific] fetching origin/main
2026-09-29T05:29:39-10:00job:github_sync_all | From github.com:RootRecord-Software-Solutions/RootRecord-Pacific-Solar-Server
2026-09-29T05:29:39-10:00job:github_sync_all | * branch            main       -> FETCH_HEAD
2026-09-29T05:29:39-10:00job:github_sync_all | — [pacific] local and GitHub already match
2026-09-29T05:29:39-10:00job:github_sync_all | — [pacific] nothing to push
2026-09-29T05:29:39-10:00job:github_sync_all | ↑ [database] committed 12 local file(s)
2026-09-29T05:29:39-10:00job:github_sync_all | ↓ [database] fetching origin/main
2026-09-29T05:29:39-10:00job:github_sync_all | From github.com:RootRecord-Software-Solutions/RootRecord-Database
2026-09-29T05:29:39-10:00job:github_sync_all | * branch            main       -> FETCH_HEAD
2026-09-29T05:29:39-10:00job:github_sync_all | ↑ [database] local is ahead of GitHub
2026-09-29T05:29:39-10:00job:github_sync_all | To github.com:RootRecord-Software-Solutions/RootRecord-Database.git
2026-09-29T05:29:39-10:00job:github_sync_all | 7f83c05..1a9f48d  HEAD -> main
2026-09-29T05:29:39-10:00job:github_sync_all | branch 'main' set up to track 'origin/main'.
2026-09-29T05:29:39-10:00job:github_sync_all | ↑ [database] 12 files → RootRecord-Software-Solutions/RootRecord-Database (main)
2026-09-29T05:29:39-10:00job:github_sync_all | — [library] no local changes
2026-09-29T05:29:39-10:00job:github_sync_all | ↓ [library] fetching origin/main
2026-09-29T05:29:39-10:00job:github_sync_all | From github.com:RootRecord-Software-Solutions/RootRecord-Library
2026-09-29T05:29:39-10:00job:github_sync_all | * branch            main       -> FETCH_HEAD
2026-09-29T05:29:39-10:00job:github_sync_all | — [library] local and GitHub already match
2026-09-29T05:29:39-10:00job:github_sync_all | — [library] nothing to push
2026-09-29T05:29:39-10:00job:github_sync_all | — [skills] no local changes
2026-09-29T05:29:39-10:00job:github_sync_all | ↓ [skills] fetching origin/main
2026-09-29T05:29:39-10:00job:github_sync_all | From github.com:rootrecordsoftwaresolutions/Solar-Pacific-RootRecord-Server
2026-09-29T05:29:39-10:00job:github_sync_all | * branch            main       -> FETCH_HEAD
2026-09-29T05:29:39-10:00job:github_sync_all | — [skills] local and GitHub already match
2026-09-29T05:29:39-10:00job:github_sync_all | — [skills] nothing to push
2026-09-29T05:29:39-10:00job:worklog_scan RUN  bash "/home/rootrecord/RootRecord-Ecosystem/1 - Servers/1 - RootRecord-Pacific-Solar-Server/Reports/scripts/worklog_once.sh"
2026-09-29T05:32:39-10:00job:worklog_scan TIMEOUT after 180s
2026-09-29T05:32:39-10:00job:security_camera_frame_grab RUN  bash "/home/rootrecord/RootRecord-Ecosystem/1 - Servers/1 - RootRecord-Pacific-Solar-Server/Security/Cameras/grab_all.sh"
2026-09-29T05:32:51-10:00job:security_camera_frame_grab | 05:32:39  📷  a-eyes  ch1 → ch1-20260929T153239Z.jpg  (308.1 KB, 4.26s)
2026-09-29T05:32:51-10:00job:security_camera_frame_grab | 05:32:44  📷  a-eyes  ch2 → ch2-20260929T153244Z.jpg  (314.1 KB, 4.58s)
2026-09-29T05:32:51-10:00job:security_camera_frame_grab | 05:32:48  📷  a-eyes  ch3 → ch3-20260929T153248Z.jpg  (12.2 KB, 1.50s)
2026-09-29T05:32:51-10:00job:security_camera_frame_grab | 05:32:50  📷  a-eyes  ch4 → ch4-20260929T153250Z.jpg  (12.3 KB, 1.61s)
2026-09-29T05:32:52-10:00ENERGY  status=live  B2=27.4%  B1=5.2%  solar=0 W  ac=36 W  usbc=0 W  src=/home/rootrecord/RootRecord-Ecosystem/2 - RootRecord-Database/Energy
2026-09-29T05:33:07-10:00  ▸  SUMMARY=delta2 soc=26.35% solar=0W ac_out=34W usbc=0W src=ble db=ok
2026-09-29T05:33:07-10:00job:sys_stats_cycle RUN  bash "/home/rootrecord/RootRecord-Ecosystem/1 - Servers/1 - RootRecord-Pacific-Solar-Server/System/scripts/sys-sample.sh"
2026-09-29T05:33:08-10:00job:sys_stats_cycle | SYSTEM  cpu=1%  load=0.82  mem=35%  src=sqlite
2026-09-29T05:33:08-10:00job:sys_stats_cycle | OK wrote /home/rootrecord/RootRecord-Ecosystem/2 - RootRecord-Database/System/samples/sys-20260929-053307.json
2026-09-29T05:33:36-10:00job:github_sync_all | ↑ [pacific] committed 1 local file(s)
2026-09-29T05:33:36-10:00job:github_sync_all | ↓ [pacific] fetching origin/main
2026-09-29T05:33:36-10:00job:github_sync_all | From github.com:RootRecord-Software-Solutions/RootRecord-Pacific-Solar-Server
2026-09-29T05:33:36-10:00job:github_sync_all | * branch            main       -> FETCH_HEAD
2026-09-29T05:33:36-10:00job:github_sync_all | ↑ [pacific] local is ahead of GitHub
2026-09-29T05:33:36-10:00job:github_sync_all | To github.com:RootRecord-Software-Solutions/RootRecord-Pacific-Solar-Server.git
2026-09-29T05:33:36-10:00job:github_sync_all | f8590cf..92219c5  HEAD -> main
2026-09-29T05:33:36-10:00job:github_sync_all | branch 'main' set up to track 'origin/main'.
2026-09-29T05:33:36-10:00job:github_sync_all | ↑ [pacific] 1 files → RootRecord-Software-Solutions/RootRecord-Pacific-Solar-Server (main)
2026-09-29T05:33:36-10:00job:github_sync_all | ↑ [database] committed 14 local file(s)
2026-09-29T05:33:36-10:00job:github_sync_all | ↓ [database] fetching origin/main
2026-09-29T05:33:36-10:00job:github_sync_all | From github.com:RootRecord-Software-Solutions/RootRecord-Database
2026-09-29T05:33:36-10:00job:github_sync_all | * branch            main       -> FETCH_HEAD
2026-09-29T05:33:36-10:00job:github_sync_all | ↑ [database] local is ahead of GitHub
2026-09-29T05:33:36-10:00job:github_sync_all | To github.com:RootRecord-Software-Solutions/RootRecord-Database.git
2026-09-29T05:33:36-10:00job:github_sync_all | 1a9f48d..008d242  HEAD -> main
2026-09-29T05:33:36-10:00job:github_sync_all | branch 'main' set up to track 'origin/main'.
2026-09-29T05:33:36-10:00job:github_sync_all | ↑ [database] 14 files → RootRecord-Software-Solutions/RootRecord-Database (main)
2026-09-29T05:33:36-10:00job:github_sync_all | — [library] no local changes
2026-09-29T05:33:36-10:00job:github_sync_all | ↓ [library] fetching origin/main
2026-09-29T05:33:36-10:00job:github_sync_all | From github.com:RootRecord-Software-Solutions/RootRecord-Library
2026-09-29T05:33:36-10:00job:github_sync_all | * branch            main       -> FETCH_HEAD
2026-09-29T05:33:36-10:00job:github_sync_all | — [library] local and GitHub already match
2026-09-29T05:33:36-10:00job:github_sync_all | — [library] nothing to push
2026-09-29T05:33:36-10:00job:github_sync_all | — [skills] no local changes
2026-09-29T05:33:36-10:00job:github_sync_all | ↓ [skills] fetching origin/main
2026-09-29T05:33:36-10:00job:github_sync_all | From github.com:rootrecordsoftwaresolutions/Solar-Pacific-RootRecord-Server
2026-09-29T05:33:36-10:00job:github_sync_all | * branch            main       -> FETCH_HEAD
2026-09-29T05:33:36-10:00job:github_sync_all | — [skills] local and GitHub already match
2026-09-29T05:33:36-10:00job:github_sync_all | — [skills] nothing to push
2026-09-29T05:33:36-10:00job:worklog_scan RUN  bash "/home/rootrecord/RootRecord-Ecosystem/1 - Servers/1 - RootRecord-Pacific-Solar-Server/Reports/scripts/worklog_once.sh"
2026-09-29T05:36:36-10:00job:worklog_scan TIMEOUT after 180s
2026-09-29T05:36:36-10:00job:security_camera_frame_grab RUN  bash "/home/rootrecord/RootRecord-Ecosystem/1 - Servers/1 - RootRecord-Pacific-Solar-Server/Security/Cameras/grab_all.sh"
2026-09-29T05:36:48-10:00job:security_camera_frame_grab | 05:36:36  📷  a-eyes  ch1 → ch1-20260929T153636Z.jpg  (313.8 KB, 4.42s)
2026-09-29T05:36:48-10:00job:security_camera_frame_grab | 05:36:41  📷  a-eyes  ch2 → ch2-20260929T153641Z.jpg  (266.3 KB, 4.48s)
2026-09-29T05:36:48-10:00job:security_camera_frame_grab | 05:36:45  📷  a-eyes  ch3 → ch3-20260929T153645Z.jpg  (12.2 KB, 1.60s)
2026-09-29T05:36:48-10:00job:security_camera_frame_grab | 05:36:47  📷  a-eyes  ch4 → ch4-20260929T153647Z.jpg  (12.2 KB, 1.54s)
2026-09-29T05:36:49-10:00ENERGY  status=live  B2=26.4%  B1=5.2%  solar=0 W  ac=34 W  usbc=0 W  src=/home/rootrecord/RootRecord-Ecosystem/2 - RootRecord-Database/Energy
2026-09-29T05:37:05-10:00  ▸  SUMMARY=river2pro soc=5.15% solar=0W ac_out=— usbc=0W src=ble db=ok
2026-09-29T05:37:05-10:00job:sys_stats_cycle RUN  bash "/home/rootrecord/RootRecord-Ecosystem/1 - Servers/1 - RootRecord-Pacific-Solar-Server/System/scripts/sys-sample.sh"
2026-09-29T05:37:06-10:00job:sys_stats_cycle | SYSTEM  cpu=1%  load=0.71  mem=35%  src=sqlite
2026-09-29T05:37:06-10:00job:sys_stats_cycle | OK wrote /home/rootrecord/RootRecord-Ecosystem/2 - RootRecord-Database/System/samples/sys-20260929-053705.json
2026-09-29T05:37:30-10:00job:github_sync_all | — [pacific] no local changes
2026-09-29T05:37:30-10:00job:github_sync_all | ↓ [pacific] fetching origin/main
2026-09-29T05:37:30-10:00job:github_sync_all | From github.com:RootRecord-Software-Solutions/RootRecord-Pacific-Solar-Server
2026-09-29T05:37:30-10:00job:github_sync_all | * branch            main       -> FETCH_HEAD
2026-09-29T05:37:30-10:00job:github_sync_all | — [pacific] local and GitHub already match
2026-09-29T05:37:30-10:00job:github_sync_all | — [pacific] nothing to push
2026-09-29T05:37:30-10:00job:github_sync_all | ↑ [database] committed 13 local file(s)
2026-09-29T05:37:30-10:00job:github_sync_all | ↓ [database] fetching origin/main
2026-09-29T05:37:30-10:00job:github_sync_all | From github.com:RootRecord-Software-Solutions/RootRecord-Database
2026-09-29T05:37:30-10:00job:github_sync_all | * branch            main       -> FETCH_HEAD
2026-09-29T05:37:30-10:00job:github_sync_all | ↑ [database] local is ahead of GitHub
2026-09-29T05:37:30-10:00job:github_sync_all | To github.com:RootRecord-Software-Solutions/RootRecord-Database.git
2026-09-29T05:37:30-10:00job:github_sync_all | 008d242..267c45e  HEAD -> main
2026-09-29T05:37:30-10:00job:github_sync_all | branch 'main' set up to track 'origin/main'.
2026-09-29T05:37:30-10:00job:github_sync_all | ↑ [database] 13 files → RootRecord-Software-Solutions/RootRecord-Database (main)
2026-09-29T05:37:30-10:00job:github_sync_all | — [library] no local changes
2026-09-29T05:37:30-10:00job:github_sync_all | ↓ [library] fetching origin/main
2026-09-29T05:37:30-10:00job:github_sync_all | From github.com:RootRecord-Software-Solutions/RootRecord-Library
2026-09-29T05:37:30-10:00job:github_sync_all | * branch            main       -> FETCH_HEAD
2026-09-29T05:37:30-10:00job:github_sync_all | — [library] local and GitHub already match
2026-09-29T05:37:30-10:00job:github_sync_all | — [library] nothing to push
2026-09-29T05:37:30-10:00job:github_sync_all | — [skills] no local changes
2026-09-29T05:37:30-10:00job:github_sync_all | ↓ [skills] fetching origin/main
2026-09-29T05:37:30-10:00job:github_sync_all | From github.com:rootrecordsoftwaresolutions/Solar-Pacific-RootRecord-Server
2026-09-29T05:37:30-10:00job:github_sync_all | * branch            main       -> FETCH_HEAD
2026-09-29T05:37:30-10:00job:github_sync_all | — [skills] local and GitHub already match
2026-09-29T05:37:30-10:00job:github_sync_all | — [skills] nothing to push
2026-09-29T05:37:30-10:00job:worklog_scan RUN  bash "/home/rootrecord/RootRecord-Ecosystem/1 - Servers/1 - RootRecord-Pacific-Solar-Server/Reports/scripts/worklog_once.sh"
2026-09-29T05:40:30-10:00job:worklog_scan TIMEOUT after 180s
2026-09-29T05:40:30-10:00job:security_camera_frame_grab RUN  bash "/home/rootrecord/RootRecord-Ecosystem/1 - Servers/1 - RootRecord-Pacific-Solar-Server/Security/Cameras/grab_all.sh"
2026-09-29T05:40:42-10:00job:security_camera_frame_grab | 05:40:31  📷  a-eyes  ch1 → ch1-20260929T154031Z.jpg  (321.7 KB, 4.42s)
2026-09-29T05:40:42-10:00job:security_camera_frame_grab | 05:40:35  📷  a-eyes  ch2 → ch2-20260929T154035Z.jpg  (249.2 KB, 4.27s)
2026-09-29T05:40:42-10:00job:security_camera_frame_grab | 05:40:39  📷  a-eyes  ch3 → ch3-20260929T154039Z.jpg  (12.2 KB, 1.61s)
2026-09-29T05:40:42-10:00job:security_camera_frame_grab | 05:40:41  📷  a-eyes  ch4 → ch4-20260929T154041Z.jpg  (12.1 KB, 1.52s)
2026-09-29T05:40:43-10:00ENERGY  status=live  B2=26.4%  B1=5.2%  solar=0 W  ac=34 W  usbc=0 W  src=/home/rootrecord/RootRecord-Ecosystem/2 - RootRecord-Database/Energy
2026-09-29T05:40:58-10:00  ▸  SUMMARY=delta2 soc=25.35% solar=0W ac_out=43W usbc=0W src=ble db=ok
2026-09-29T05:40:58-10:00job:sys_stats_cycle RUN  bash "/home/rootrecord/RootRecord-Ecosystem/1 - Servers/1 - RootRecord-Pacific-Solar-Server/System/scripts/sys-sample.sh"
2026-09-29T05:40:59-10:00job:sys_stats_cycle | SYSTEM  cpu=1%  load=0.75  mem=35%  src=sqlite
2026-09-29T05:40:59-10:00job:sys_stats_cycle | OK wrote /home/rootrecord/RootRecord-Ecosystem/2 - RootRecord-Database/System/samples/sys-20260929-054059.json
2026-09-29T05:41:28-10:00job:github_sync_all | ↑ [pacific] committed 1 local file(s)
2026-09-29T05:41:28-10:00job:github_sync_all | ↓ [pacific] fetching origin/main
2026-09-29T05:41:28-10:00job:github_sync_all | From github.com:RootRecord-Software-Solutions/RootRecord-Pacific-Solar-Server
2026-09-29T05:41:28-10:00job:github_sync_all | * branch            main       -> FETCH_HEAD
2026-09-29T05:41:28-10:00job:github_sync_all | ↑ [pacific] local is ahead of GitHub
2026-09-29T05:41:28-10:00job:github_sync_all | To github.com:RootRecord-Software-Solutions/RootRecord-Pacific-Solar-Server.git
2026-09-29T05:41:28-10:00job:github_sync_all | 92219c5..07b64d9  HEAD -> main
2026-09-29T05:41:28-10:00job:github_sync_all | branch 'main' set up to track 'origin/main'.
2026-09-29T05:41:28-10:00job:github_sync_all | ↑ [pacific] 1 files → RootRecord-Software-Solutions/RootRecord-Pacific-Solar-Server (main)
2026-09-29T05:41:28-10:00job:github_sync_all | ↑ [database] committed 13 local file(s)
2026-09-29T05:41:28-10:00job:github_sync_all | ↓ [database] fetching origin/main
2026-09-29T05:41:28-10:00job:github_sync_all | From github.com:RootRecord-Software-Solutions/RootRecord-Database
2026-09-29T05:41:28-10:00job:github_sync_all | * branch            main       -> FETCH_HEAD
2026-09-29T05:41:28-10:00job:github_sync_all | ↑ [database] local is ahead of GitHub
2026-09-29T05:41:28-10:00job:github_sync_all | To github.com:RootRecord-Software-Solutions/RootRecord-Database.git
2026-09-29T05:41:28-10:00job:github_sync_all | 267c45e..eb5c404  HEAD -> main
2026-09-29T05:41:28-10:00job:github_sync_all | branch 'main' set up to track 'origin/main'.
2026-09-29T05:41:28-10:00job:github_sync_all | ↑ [database] 13 files → RootRecord-Software-Solutions/RootRecord-Database (main)
2026-09-29T05:41:28-10:00job:github_sync_all | — [library] no local changes
2026-09-29T05:41:28-10:00job:github_sync_all | ↓ [library] fetching origin/main
2026-09-29T05:41:28-10:00job:github_sync_all | From github.com:RootRecord-Software-Solutions/RootRecord-Library
2026-09-29T05:41:28-10:00job:github_sync_all | * branch            main       -> FETCH_HEAD
2026-09-29T05:41:28-10:00job:github_sync_all | — [library] local and GitHub already match
2026-09-29T05:41:28-10:00job:github_sync_all | — [library] nothing to push
2026-09-29T05:41:28-10:00job:github_sync_all | — [skills] no local changes
2026-09-29T05:41:28-10:00job:github_sync_all | ↓ [skills] fetching origin/main
2026-09-29T05:41:28-10:00job:github_sync_all | From github.com:rootrecordsoftwaresolutions/Solar-Pacific-RootRecord-Server
2026-09-29T05:41:28-10:00job:github_sync_all | * branch            main       -> FETCH_HEAD
2026-09-29T05:41:28-10:00job:github_sync_all | — [skills] local and GitHub already match
2026-09-29T05:41:28-10:00job:github_sync_all | — [skills] nothing to push
2026-09-29T05:41:28-10:00job:worklog_scan RUN  bash "/home/rootrecord/RootRecord-Ecosystem/1 - Servers/1 - RootRecord-Pacific-Solar-Server/Reports/scripts/worklog_once.sh"
2026-09-29T05:44:28-10:00job:worklog_scan TIMEOUT after 180s
2026-09-29T05:44:28-10:00job:security_camera_frame_grab RUN  bash "/home/rootrecord/RootRecord-Ecosystem/1 - Servers/1 - RootRecord-Pacific-Solar-Server/Security/Cameras/grab_all.sh"
2026-09-29T05:44:41-10:00job:security_camera_frame_grab | 05:44:29  📷  a-eyes  ch1 → ch1-20260929T154429Z.jpg  (329.2 KB, 4.61s)
2026-09-29T05:44:41-10:00job:security_camera_frame_grab | 05:44:33  📷  a-eyes  ch2 → ch2-20260929T154433Z.jpg  (238.6 KB, 4.48s)
2026-09-29T05:44:41-10:00job:security_camera_frame_grab | 05:44:38  📷  a-eyes  ch3 → ch3-20260929T154438Z.jpg  (12.1 KB, 1.53s)
2026-09-29T05:44:41-10:00job:security_camera_frame_grab | 05:44:39  📷  a-eyes  ch4 → ch4-20260929T154439Z.jpg  (12.2 KB, 1.52s)
2026-09-29T05:44:41-10:00ENERGY  status=live  B2=25.4%  B1=5.2%  solar=0 W  ac=43 W  usbc=0 W  src=/home/rootrecord/RootRecord-Ecosystem/2 - RootRecord-Database/Energy
2026-09-29T05:44:56-10:00  ▸  SUMMARY=delta2 soc=24.84% solar=0W ac_out=35W usbc=0W src=ble db=ok
2026-09-29T05:44:56-10:00job:sys_stats_cycle RUN  bash "/home/rootrecord/RootRecord-Ecosystem/1 - Servers/1 - RootRecord-Pacific-Solar-Server/System/scripts/sys-sample.sh"
2026-09-29T05:44:57-10:00job:sys_stats_cycle | SYSTEM  cpu=1%  load=0.90  mem=35%  src=sqlite
2026-09-29T05:44:57-10:00job:sys_stats_cycle | OK wrote /home/rootrecord/RootRecord-Ecosystem/2 - RootRecord-Database/System/samples/sys-20260929-054457.json
2026-09-29T05:45:23-10:00job:github_sync_all | — [pacific] no local changes
2026-09-29T05:45:23-10:00job:github_sync_all | ↓ [pacific] fetching origin/main
2026-09-29T05:45:23-10:00job:github_sync_all | From github.com:RootRecord-Software-Solutions/RootRecord-Pacific-Solar-Server
2026-09-29T05:45:23-10:00job:github_sync_all | * branch            main       -> FETCH_HEAD
2026-09-29T05:45:23-10:00job:github_sync_all | — [pacific] local and GitHub already match
2026-09-29T05:45:23-10:00job:github_sync_all | — [pacific] nothing to push
2026-09-29T05:45:23-10:00job:github_sync_all | ↑ [database] committed 12 local file(s)
2026-09-29T05:45:23-10:00job:github_sync_all | ↓ [database] fetching origin/main
2026-09-29T05:45:23-10:00job:github_sync_all | From github.com:RootRecord-Software-Solutions/RootRecord-Database
2026-09-29T05:45:23-10:00job:github_sync_all | * branch            main       -> FETCH_HEAD
2026-09-29T05:45:23-10:00job:github_sync_all | ↑ [database] local is ahead of GitHub
2026-09-29T05:45:23-10:00job:github_sync_all | To github.com:RootRecord-Software-Solutions/RootRecord-Database.git
2026-09-29T05:45:23-10:00job:github_sync_all | eb5c404..c85f925  HEAD -> main
2026-09-29T05:45:23-10:00job:github_sync_all | branch 'main' set up to track 'origin/main'.
2026-09-29T05:45:23-10:00job:github_sync_all | ↑ [database] 12 files → RootRecord-Software-Solutions/RootRecord-Database (main)
2026-09-29T05:45:23-10:00job:github_sync_all | — [library] no local changes
2026-09-29T05:45:23-10:00job:github_sync_all | ↓ [library] fetching origin/main
2026-09-29T05:45:23-10:00job:github_sync_all | From github.com:RootRecord-Software-Solutions/RootRecord-Library
2026-09-29T05:45:23-10:00job:github_sync_all | * branch            main       -> FETCH_HEAD
2026-09-29T05:45:23-10:00job:github_sync_all | — [library] local and GitHub already match
2026-09-29T05:45:23-10:00job:github_sync_all | — [library] nothing to push
2026-09-29T05:45:23-10:00job:github_sync_all | — [skills] no local changes
2026-09-29T05:45:23-10:00job:github_sync_all | ↓ [skills] fetching origin/main
2026-09-29T05:45:23-10:00job:github_sync_all | From github.com:rootrecordsoftwaresolutions/Solar-Pacific-RootRecord-Server
2026-09-29T05:45:23-10:00job:github_sync_all | * branch            main       -> FETCH_HEAD
2026-09-29T05:45:23-10:00job:github_sync_all | — [skills] local and GitHub already match
2026-09-29T05:45:23-10:00job:github_sync_all | — [skills] nothing to push
2026-09-29T05:45:23-10:00job:worklog_scan RUN  bash "/home/rootrecord/RootRecord-Ecosystem/1 - Servers/1 - RootRecord-Pacific-Solar-Server/Reports/scripts/worklog_once.sh"
2026-09-29T05:48:24-10:00job:worklog_scan TIMEOUT after 180s
2026-09-29T05:48:24-10:00job:security_camera_frame_grab RUN  bash "/home/rootrecord/RootRecord-Ecosystem/1 - Servers/1 - RootRecord-Pacific-Solar-Server/Security/Cameras/grab_all.sh"
2026-09-29T05:48:36-10:00job:security_camera_frame_grab | 05:48:24  📷  a-eyes  ch1 → ch1-20260929T154824Z.jpg  (359.8 KB, 4.52s)
2026-09-29T05:48:36-10:00job:security_camera_frame_grab | 05:48:28  📷  a-eyes  ch2 → ch2-20260929T154828Z.jpg  (245.9 KB, 4.37s)
2026-09-29T05:48:36-10:00job:security_camera_frame_grab | 05:48:33  📷  a-eyes  ch3 → ch3-20260929T154833Z.jpg  (12.2 KB, 1.51s)
2026-09-29T05:48:36-10:00job:security_camera_frame_grab | 05:48:34  📷  a-eyes  ch4 → ch4-20260929T154834Z.jpg  (12.2 KB, 1.71s)
2026-09-29T05:48:36-10:00ENERGY  status=live  B2=24.8%  B1=5.2%  solar=0 W  ac=35 W  usbc=0 W  src=/home/rootrecord/RootRecord-Ecosystem/2 - RootRecord-Database/Energy
2026-09-29T05:48:52-10:00  ▸  SUMMARY=river2pro soc=5.14% solar=0W ac_out=— usbc=0W src=ble db=ok
2026-09-29T05:48:52-10:00job:sys_stats_cycle RUN  bash "/home/rootrecord/RootRecord-Ecosystem/1 - Servers/1 - RootRecord-Pacific-Solar-Server/System/scripts/sys-sample.sh"
2026-09-29T05:48:53-10:00job:sys_stats_cycle | SYSTEM  cpu=2%  load=0.86  mem=35%  src=sqlite
2026-09-29T05:48:53-10:00job:sys_stats_cycle | OK wrote /home/rootrecord/RootRecord-Ecosystem/2 - RootRecord-Database/System/samples/sys-20260929-054852.json
2026-09-29T05:49:22-10:00job:github_sync_all | ↑ [pacific] committed 1 local file(s)
2026-09-29T05:49:22-10:00job:github_sync_all | ↓ [pacific] fetching origin/main
2026-09-29T05:49:22-10:00job:github_sync_all | From github.com:RootRecord-Software-Solutions/RootRecord-Pacific-Solar-Server
2026-09-29T05:49:22-10:00job:github_sync_all | * branch            main       -> FETCH_HEAD
2026-09-29T05:49:22-10:00job:github_sync_all | ↑ [pacific] local is ahead of GitHub
2026-09-29T05:49:22-10:00job:github_sync_all | To github.com:RootRecord-Software-Solutions/RootRecord-Pacific-Solar-Server.git
2026-09-29T05:49:22-10:00job:github_sync_all | 07b64d9..8ff3dc6  HEAD -> main
2026-09-29T05:49:22-10:00job:github_sync_all | branch 'main' set up to track 'origin/main'.
2026-09-29T05:49:22-10:00job:github_sync_all | ↑ [pacific] 1 files → RootRecord-Software-Solutions/RootRecord-Pacific-Solar-Server (main)
2026-09-29T05:49:22-10:00job:github_sync_all | ↑ [database] committed 14 local file(s)
2026-09-29T05:49:22-10:00job:github_sync_all | ↓ [database] fetching origin/main
2026-09-29T05:49:22-10:00job:github_sync_all | From github.com:RootRecord-Software-Solutions/RootRecord-Database
2026-09-29T05:49:22-10:00job:github_sync_all | * branch            main       -> FETCH_HEAD
2026-09-29T05:49:22-10:00job:github_sync_all | ↑ [database] local is ahead of GitHub
2026-09-29T05:49:22-10:00job:github_sync_all | To github.com:RootRecord-Software-Solutions/RootRecord-Database.git
2026-09-29T05:49:22-10:00job:github_sync_all | c85f925..f891ac1  HEAD -> main
2026-09-29T05:49:22-10:00job:github_sync_all | branch 'main' set up to track 'origin/main'.
2026-09-29T05:49:22-10:00job:github_sync_all | ↑ [database] 14 files → RootRecord-Software-Solutions/RootRecord-Database (main)
2026-09-29T05:49:22-10:00job:github_sync_all | — [library] no local changes
2026-09-29T05:49:22-10:00job:github_sync_all | ↓ [library] fetching origin/main
2026-09-29T05:49:22-10:00job:github_sync_all | From github.com:RootRecord-Software-Solutions/RootRecord-Library
2026-09-29T05:49:22-10:00job:github_sync_all | * branch            main       -> FETCH_HEAD
2026-09-29T05:49:22-10:00job:github_sync_all | — [library] local and GitHub already match
2026-09-29T05:49:22-10:00job:github_sync_all | — [library] nothing to push
2026-09-29T05:49:22-10:00job:github_sync_all | — [skills] no local changes
2026-09-29T05:49:22-10:00job:github_sync_all | ↓ [skills] fetching origin/main
2026-09-29T05:49:22-10:00job:github_sync_all | From github.com:rootrecordsoftwaresolutions/Solar-Pacific-RootRecord-Server
2026-09-29T05:49:22-10:00job:github_sync_all | * branch            main       -> FETCH_HEAD
2026-09-29T05:49:22-10:00job:github_sync_all | — [skills] local and GitHub already match
2026-09-29T05:49:22-10:00job:github_sync_all | — [skills] nothing to push
2026-09-29T05:49:22-10:00job:worklog_scan RUN  bash "/home/rootrecord/RootRecord-Ecosystem/1 - Servers/1 - RootRecord-Pacific-Solar-Server/Reports/scripts/worklog_once.sh"
2026-09-29T05:52:22-10:00job:worklog_scan TIMEOUT after 180s
2026-09-29T05:52:22-10:00job:security_camera_frame_grab RUN  bash "/home/rootrecord/RootRecord-Ecosystem/1 - Servers/1 - RootRecord-Pacific-Solar-Server/Security/Cameras/grab_all.sh"
2026-09-29T05:52:34-10:00job:security_camera_frame_grab | 05:52:22  📷  a-eyes  ch1 → ch1-20260929T155222Z.jpg  (570.7 KB, 4.36s)
2026-09-29T05:52:34-10:00job:security_camera_frame_grab | 05:52:26  📷  a-eyes  ch2 → ch2-20260929T155226Z.jpg  (265.8 KB, 4.27s)
2026-09-29T05:52:34-10:00job:security_camera_frame_grab | 05:52:30  📷  a-eyes  ch3 → ch3-20260929T155230Z.jpg  (12.3 KB, 1.53s)
2026-09-29T05:52:34-10:00job:security_camera_frame_grab | 05:52:32  📷  a-eyes  ch4 → ch4-20260929T155232Z.jpg  (12.3 KB, 1.69s)
2026-09-29T05:52:34-10:00ENERGY  status=live  B2=24.8%  B1=5.1%  solar=0 W  ac=35 W  usbc=0 W  src=/home/rootrecord/RootRecord-Ecosystem/2 - RootRecord-Database/Energy
2026-09-29T05:52:49-10:00  ▸  SUMMARY=delta2 soc=23.84% solar=0W ac_out=35W usbc=0W src=ble db=ok
2026-09-29T05:52:49-10:00job:sys_stats_cycle RUN  bash "/home/rootrecord/RootRecord-Ecosystem/1 - Servers/1 - RootRecord-Pacific-Solar-Server/System/scripts/sys-sample.sh"
2026-09-29T05:52:50-10:00job:sys_stats_cycle | SYSTEM  cpu=1%  load=0.75  mem=35%  src=sqlite
2026-09-29T05:52:50-10:00job:sys_stats_cycle | OK wrote /home/rootrecord/RootRecord-Ecosystem/2 - RootRecord-Database/System/samples/sys-20260929-055250.json
2026-09-29T05:53:16-10:00job:github_sync_all | — [pacific] no local changes
2026-09-29T05:53:16-10:00job:github_sync_all | ↓ [pacific] fetching origin/main
2026-09-29T05:53:16-10:00job:github_sync_all | From github.com:RootRecord-Software-Solutions/RootRecord-Pacific-Solar-Server
2026-09-29T05:53:16-10:00job:github_sync_all | * branch            main       -> FETCH_HEAD
2026-09-29T05:53:16-10:00job:github_sync_all | — [pacific] local and GitHub already match
2026-09-29T05:53:16-10:00job:github_sync_all | — [pacific] nothing to push
2026-09-29T05:53:16-10:00job:github_sync_all | ↑ [database] committed 13 local file(s)
2026-09-29T05:53:16-10:00job:github_sync_all | ↓ [database] fetching origin/main
2026-09-29T05:53:16-10:00job:github_sync_all | From github.com:RootRecord-Software-Solutions/RootRecord-Database
2026-09-29T05:53:16-10:00job:github_sync_all | * branch            main       -> FETCH_HEAD
2026-09-29T05:53:16-10:00job:github_sync_all | ↑ [database] local is ahead of GitHub
2026-09-29T05:53:16-10:00job:github_sync_all | To github.com:RootRecord-Software-Solutions/RootRecord-Database.git
2026-09-29T05:53:16-10:00job:github_sync_all | f891ac1..6cb1b3f  HEAD -> main
2026-09-29T05:53:16-10:00job:github_sync_all | branch 'main' set up to track 'origin/main'.
2026-09-29T05:53:16-10:00job:github_sync_all | ↑ [database] 13 files → RootRecord-Software-Solutions/RootRecord-Database (main)
2026-09-29T05:53:16-10:00job:github_sync_all | — [library] no local changes
2026-09-29T05:53:16-10:00job:github_sync_all | ↓ [library] fetching origin/main
2026-09-29T05:53:16-10:00job:github_sync_all | From github.com:RootRecord-Software-Solutions/RootRecord-Library
2026-09-29T05:53:16-10:00job:github_sync_all | * branch            main       -> FETCH_HEAD
2026-09-29T05:53:16-10:00job:github_sync_all | — [library] local and GitHub already match
2026-09-29T05:53:16-10:00job:github_sync_all | — [library] nothing to push
2026-09-29T05:53:16-10:00job:github_sync_all | — [skills] no local changes
2026-09-29T05:53:16-10:00job:github_sync_all | ↓ [skills] fetching origin/main
2026-09-29T05:53:16-10:00job:github_sync_all | From github.com:rootrecordsoftwaresolutions/Solar-Pacific-RootRecord-Server
2026-09-29T05:53:16-10:00job:github_sync_all | * branch            main       -> FETCH_HEAD
2026-09-29T05:53:16-10:00job:github_sync_all | — [skills] local and GitHub already match
2026-09-29T05:53:16-10:00job:github_sync_all | — [skills] nothing to push
2026-09-29T05:53:16-10:00job:worklog_scan RUN  bash "/home/rootrecord/RootRecord-Ecosystem/1 - Servers/1 - RootRecord-Pacific-Solar-Server/Reports/scripts/worklog_once.sh"
2026-09-29T05:56:16-10:00job:worklog_scan TIMEOUT after 180s
2026-09-29T05:56:16-10:00job:security_camera_frame_grab RUN  bash "/home/rootrecord/RootRecord-Ecosystem/1 - Servers/1 - RootRecord-Pacific-Solar-Server/Security/Cameras/grab_all.sh"
2026-09-29T05:56:28-10:00job:security_camera_frame_grab | 05:56:16  📷  a-eyes  ch1 → ch1-20260929T155616Z.jpg  (641.0 KB, 4.48s)
2026-09-29T05:56:28-10:00job:security_camera_frame_grab | 05:56:20  📷  a-eyes  ch2 → ch2-20260929T155620Z.jpg  (271.0 KB, 4.36s)
2026-09-29T05:56:28-10:00job:security_camera_frame_grab | 05:56:25  📷  a-eyes  ch3 → ch3-20260929T155625Z.jpg  (12.3 KB, 1.61s)
2026-09-29T05:56:28-10:00job:security_camera_frame_grab | 05:56:26  📷  a-eyes  ch4 → ch4-20260929T155626Z.jpg  (12.2 KB, 1.61s)
2026-09-29T05:56:28-10:00ENERGY  status=live  B2=23.8%  B1=5.1%  solar=0 W  ac=35 W  usbc=0 W  src=/home/rootrecord/RootRecord-Ecosystem/2 - RootRecord-Database/Energy
2026-09-29T05:56:44-10:00  ▸  SUMMARY=river2pro soc=5.13% solar=0W ac_out=— usbc=0W src=ble db=ok
2026-09-29T05:56:44-10:00job:sys_stats_cycle RUN  bash "/home/rootrecord/RootRecord-Ecosystem/1 - Servers/1 - RootRecord-Pacific-Solar-Server/System/scripts/sys-sample.sh"
2026-09-29T05:56:45-10:00job:sys_stats_cycle | SYSTEM  cpu=1%  load=0.80  mem=35%  src=sqlite
2026-09-29T05:56:45-10:00job:sys_stats_cycle | OK wrote /home/rootrecord/RootRecord-Ecosystem/2 - RootRecord-Database/System/samples/sys-20260929-055644.json
2026-09-29T05:57:14-10:00job:github_sync_all | ↑ [pacific] committed 1 local file(s)
2026-09-29T05:57:14-10:00job:github_sync_all | ↓ [pacific] fetching origin/main
2026-09-29T05:57:14-10:00job:github_sync_all | From github.com:RootRecord-Software-Solutions/RootRecord-Pacific-Solar-Server
2026-09-29T05:57:14-10:00job:github_sync_all | * branch            main       -> FETCH_HEAD
2026-09-29T05:57:14-10:00job:github_sync_all | ↑ [pacific] local is ahead of GitHub
2026-09-29T05:57:14-10:00job:github_sync_all | To github.com:RootRecord-Software-Solutions/RootRecord-Pacific-Solar-Server.git
2026-09-29T05:57:14-10:00job:github_sync_all | 8ff3dc6..9251353  HEAD -> main
2026-09-29T05:57:14-10:00job:github_sync_all | branch 'main' set up to track 'origin/main'.
2026-09-29T05:57:14-10:00job:github_sync_all | ↑ [pacific] 1 files → RootRecord-Software-Solutions/RootRecord-Pacific-Solar-Server (main)
2026-09-29T05:57:14-10:00job:github_sync_all | ↑ [database] committed 13 local file(s)
2026-09-29T05:57:14-10:00job:github_sync_all | ↓ [database] fetching origin/main
2026-09-29T05:57:14-10:00job:github_sync_all | From github.com:RootRecord-Software-Solutions/RootRecord-Database
2026-09-29T05:57:14-10:00job:github_sync_all | * branch            main       -> FETCH_HEAD
2026-09-29T05:57:14-10:00job:github_sync_all | ↑ [database] local is ahead of GitHub
2026-09-29T05:57:14-10:00job:github_sync_all | To github.com:RootRecord-Software-Solutions/RootRecord-Database.git
2026-09-29T05:57:14-10:00job:github_sync_all | 6cb1b3f..c120f7b  HEAD -> main
2026-09-29T05:57:14-10:00job:github_sync_all | branch 'main' set up to track 'origin/main'.
2026-09-29T05:57:14-10:00job:github_sync_all | ↑ [database] 13 files → RootRecord-Software-Solutions/RootRecord-Database (main)
2026-09-29T05:57:14-10:00job:github_sync_all | — [library] no local changes
2026-09-29T05:57:14-10:00job:github_sync_all | ↓ [library] fetching origin/main
2026-09-29T05:57:14-10:00job:github_sync_all | From github.com:RootRecord-Software-Solutions/RootRecord-Library
2026-09-29T05:57:14-10:00job:github_sync_all | * branch            main       -> FETCH_HEAD
2026-09-29T05:57:14-10:00job:github_sync_all | — [library] local and GitHub already match
2026-09-29T05:57:14-10:00job:github_sync_all | — [library] nothing to push
2026-09-29T05:57:14-10:00job:github_sync_all | — [skills] no local changes
2026-09-29T05:57:14-10:00job:github_sync_all | ↓ [skills] fetching origin/main
2026-09-29T05:57:14-10:00job:github_sync_all | From github.com:rootrecordsoftwaresolutions/Solar-Pacific-RootRecord-Server
2026-09-29T05:57:14-10:00job:github_sync_all | * branch            main       -> FETCH_HEAD
2026-09-29T05:57:14-10:00job:github_sync_all | — [skills] local and GitHub already match
2026-09-29T05:57:14-10:00job:github_sync_all | — [skills] nothing to push
2026-09-29T05:57:14-10:00job:worklog_scan RUN  bash "/home/rootrecord/RootRecord-Ecosystem/1 - Servers/1 - RootRecord-Pacific-Solar-Server/Reports/scripts/worklog_once.sh"
2026-09-29T06:00:14-10:00job:worklog_scan TIMEOUT after 180s
2026-09-29T06:00:14-10:00job:security_camera_frame_grab RUN  bash "/home/rootrecord/RootRecord-Ecosystem/1 - Servers/1 - RootRecord-Pacific-Solar-Server/Security/Cameras/grab_all.sh"
2026-09-29T06:00:26-10:00job:security_camera_frame_grab | 06:00:14  📷  a-eyes  ch1 → ch1-20260929T160014Z.jpg  (657.2 KB, 4.42s)
2026-09-29T06:00:26-10:00job:security_camera_frame_grab | 06:00:18  📷  a-eyes  ch2 → ch2-20260929T160018Z.jpg  (267.1 KB, 4.47s)
2026-09-29T06:00:26-10:00job:security_camera_frame_grab | 06:00:23  📷  a-eyes  ch3 → ch3-20260929T160023Z.jpg  (12.3 KB, 1.60s)
2026-09-29T06:00:26-10:00job:security_camera_frame_grab | 06:00:24  📷  a-eyes  ch4 → ch4-20260929T160024Z.jpg  (12.2 KB, 1.61s)
2026-09-29T06:00:26-10:00ENERGY  status=live  B2=23.8%  B1=5.1%  solar=0 W  ac=35 W  usbc=0 W  src=/home/rootrecord/RootRecord-Ecosystem/2 - RootRecord-Database/Energy
2026-09-29T06:00:42-10:00  ▸  SUMMARY=river2pro soc=5.13% solar=0W ac_out=— usbc=0W src=ble db=ok
2026-09-29T06:00:42-10:00job:sys_stats_cycle RUN  bash "/home/rootrecord/RootRecord-Ecosystem/1 - Servers/1 - RootRecord-Pacific-Solar-Server/System/scripts/sys-sample.sh"
2026-09-29T06:00:43-10:00job:sys_stats_cycle | SYSTEM  cpu=1%  load=0.81  mem=35%  src=sqlite
2026-09-29T06:00:43-10:00job:sys_stats_cycle | OK wrote /home/rootrecord/RootRecord-Ecosystem/2 - RootRecord-Database/System/samples/sys-20260929-060043.json
2026-09-29T06:01:09-10:00job:github_sync_all | — [pacific] no local changes
2026-09-29T06:01:09-10:00job:github_sync_all | ↓ [pacific] fetching origin/main
2026-09-29T06:01:09-10:00job:github_sync_all | From github.com:RootRecord-Software-Solutions/RootRecord-Pacific-Solar-Server
2026-09-29T06:01:09-10:00job:github_sync_all | * branch            main       -> FETCH_HEAD
2026-09-29T06:01:09-10:00job:github_sync_all | — [pacific] local and GitHub already match
2026-09-29T06:01:09-10:00job:github_sync_all | — [pacific] nothing to push
2026-09-29T06:01:09-10:00job:github_sync_all | ↑ [database] committed 15 local file(s)
2026-09-29T06:01:09-10:00job:github_sync_all | ↓ [database] fetching origin/main
2026-09-29T06:01:09-10:00job:github_sync_all | From github.com:RootRecord-Software-Solutions/RootRecord-Database
2026-09-29T06:01:09-10:00job:github_sync_all | * branch            main       -> FETCH_HEAD
2026-09-29T06:01:09-10:00job:github_sync_all | ↑ [database] local is ahead of GitHub
2026-09-29T06:01:09-10:00job:github_sync_all | To github.com:RootRecord-Software-Solutions/RootRecord-Database.git
2026-09-29T06:01:09-10:00job:github_sync_all | c120f7b..b3264ee  HEAD -> main
2026-09-29T06:01:09-10:00job:github_sync_all | branch 'main' set up to track 'origin/main'.
2026-09-29T06:01:09-10:00job:github_sync_all | ↑ [database] 15 files → RootRecord-Software-Solutions/RootRecord-Database (main)
2026-09-29T06:01:09-10:00job:github_sync_all | — [library] no local changes
2026-09-29T06:01:09-10:00job:github_sync_all | ↓ [library] fetching origin/main
2026-09-29T06:01:09-10:00job:github_sync_all | From github.com:RootRecord-Software-Solutions/RootRecord-Library
2026-09-29T06:01:09-10:00job:github_sync_all | * branch            main       -> FETCH_HEAD
2026-09-29T06:01:09-10:00job:github_sync_all | — [library] local and GitHub already match
2026-09-29T06:01:09-10:00job:github_sync_all | — [library] nothing to push
2026-09-29T06:01:09-10:00job:github_sync_all | — [skills] no local changes
2026-09-29T06:01:09-10:00job:github_sync_all | ↓ [skills] fetching origin/main
2026-09-29T06:01:09-10:00job:github_sync_all | From github.com:rootrecordsoftwaresolutions/Solar-Pacific-RootRecord-Server
2026-09-29T06:01:09-10:00job:github_sync_all | * branch            main       -> FETCH_HEAD
2026-09-29T06:01:09-10:00job:github_sync_all | — [skills] local and GitHub already match
2026-09-29T06:01:09-10:00job:github_sync_all | — [skills] nothing to push
2026-09-29T06:01:09-10:00job:worklog_scan RUN  bash "/home/rootrecord/RootRecord-Ecosystem/1 - Servers/1 - RootRecord-Pacific-Solar-Server/Reports/scripts/worklog_once.sh"
2026-09-29T06:04:09-10:00job:worklog_scan TIMEOUT after 180s
2026-09-29T06:04:09-10:00job:security_camera_frame_grab RUN  bash "/home/rootrecord/RootRecord-Ecosystem/1 - Servers/1 - RootRecord-Pacific-Solar-Server/Security/Cameras/grab_all.sh"
2026-09-29T06:04:21-10:00job:security_camera_frame_grab | 06:04:09  📷  a-eyes  ch1 → ch1-20260929T160409Z.jpg  (652.1 KB, 4.48s)
2026-09-29T06:04:21-10:00job:security_camera_frame_grab | 06:04:14  📷  a-eyes  ch2 → ch2-20260929T160414Z.jpg  (264.2 KB, 4.47s)
2026-09-29T06:04:21-10:00job:security_camera_frame_grab | 06:04:18  📷  a-eyes  ch3 → ch3-20260929T160418Z.jpg  (12.2 KB, 1.61s)
2026-09-29T06:04:21-10:00job:security_camera_frame_grab | 06:04:20  📷  a-eyes  ch4 → ch4-20260929T160420Z.jpg  (12.2 KB, 1.61s)
2026-09-29T06:04:22-10:00job:automations_log_hourly_archive RUN  bash "/home/rootrecord/RootRecord-Ecosystem/1 - Servers/1 - RootRecord-Pacific-Solar-Server/Automations/scripts/archive_automations_log_hourly.sh"
