2026-09-30T20:03:16-10:00job:automations_log_hourly_archive OK
2026-09-30T20:03:16-10:00job:security_timelapse_hourly_compile RUN  bash "/home/rootrecord/RootRecord-Ecosystem/1 - Servers/1 - RootRecord-Pacific-Solar-Server/Security/Cameras/timelapse_hourly.sh"
2026-09-30T20:03:17-10:00job:security_timelapse_hourly_compile | 20:03:17  🎬  a-eyes-timelapse  hour 19 is outside the 05:00-19:00 window, skipping
2026-09-30T20:03:17-10:00ENERGY  status=live  B2=60.4%  B1=88.1%  solar=0 W  ac=97 W  usbc=0 W  src=/home/rootrecord/RootRecord-Ecosystem/2 - RootRecord-Database/Energy  LAP=100%/Full/AC
2026-09-30T20:03:33-10:00  ▸  SUMMARY=river2pro soc=87.91% solar=0W ac_out=0W usbc=38W src=ble+cloud db=ok
2026-09-30T20:03:33-10:00job:sys_stats_cycle RUN  bash "/home/rootrecord/RootRecord-Ecosystem/1 - Servers/1 - RootRecord-Pacific-Solar-Server/System/scripts/sys-sample.sh"
2026-09-30T20:03:35-10:00job:sys_stats_cycle | SYSTEM  cpu=19%  load=2.25  mem=60%  src=sqlite
2026-09-30T20:03:35-10:00job:sys_stats_cycle | OK wrote /home/rootrecord/RootRecord-Ecosystem/2 - RootRecord-Database/System/samples/sys-20260930-200334.json
2026-09-30T20:04:13-10:00job:github_sync_all | ↑ [ecosystem] committed 14 local file(s)
2026-09-30T20:04:13-10:00job:github_sync_all | ↓ [ecosystem] fetching origin/main
2026-09-30T20:04:13-10:00job:github_sync_all | From github.com:RootRecord-Software-Solutions/RootRecord-Ecosystem
2026-09-30T20:04:13-10:00job:github_sync_all | * branch            main       -> FETCH_HEAD
2026-09-30T20:04:13-10:00job:github_sync_all | ↑ [ecosystem] local is ahead of GitHub
2026-09-30T20:04:13-10:00job:github_sync_all | To github.com:RootRecord-Software-Solutions/RootRecord-Ecosystem.git
2026-09-30T20:04:13-10:00job:github_sync_all | 54391a5b..8900d944  HEAD -> main
2026-09-30T20:04:13-10:00job:github_sync_all | branch 'main' set up to track 'origin/main'.
2026-09-30T20:04:13-10:00job:github_sync_all | ↑ [ecosystem] 14 files → RootRecord-Software-Solutions/RootRecord-Ecosystem (main)
2026-09-30T20:04:13-10:00job:github_sync_all | ↑ [pacific] committed 4 local file(s)
2026-09-30T20:04:13-10:00job:github_sync_all | ↓ [pacific] fetching origin/main
2026-09-30T20:04:13-10:00job:github_sync_all | From github.com:RootRecord-Software-Solutions/RootRecord-Pacific-Solar-Server
2026-09-30T20:04:13-10:00job:github_sync_all | * branch            main       -> FETCH_HEAD
2026-09-30T20:04:13-10:00job:github_sync_all | ↑ [pacific] local is ahead of GitHub
2026-09-30T20:04:13-10:00job:github_sync_all | To github.com:RootRecord-Software-Solutions/RootRecord-Pacific-Solar-Server.git
2026-09-30T20:04:13-10:00job:github_sync_all | b09e35a..92e5a98  HEAD -> main
2026-09-30T20:04:13-10:00job:github_sync_all | branch 'main' set up to track 'origin/main'.
2026-09-30T20:04:13-10:00job:github_sync_all | ↑ [pacific] 4 files → RootRecord-Software-Solutions/RootRecord-Pacific-Solar-Server (main)
2026-09-30T20:04:13-10:00job:github_sync_all | ↑ [database] committed 20 local file(s)
2026-09-30T20:04:13-10:00job:github_sync_all | ↓ [database] fetching origin/main
2026-09-30T20:04:13-10:00job:github_sync_all | From github.com:RootRecord-Software-Solutions/RootRecord-Database
2026-09-30T20:04:13-10:00job:github_sync_all | * branch              main       -> FETCH_HEAD
2026-09-30T20:04:13-10:00job:github_sync_all | ↑ [database] local is ahead of GitHub
2026-09-30T20:04:13-10:00job:github_sync_all | To github.com:RootRecord-Software-Solutions/RootRecord-Database.git
2026-09-30T20:04:13-10:00job:github_sync_all | 6bd72b84..a79252db  HEAD -> main
2026-09-30T20:04:13-10:00job:github_sync_all | branch 'main' set up to track 'origin/main'.
2026-09-30T20:04:13-10:00job:github_sync_all | ↑ [database] 20 files → RootRecord-Software-Solutions/RootRecord-Database (main)
2026-09-30T20:04:13-10:00job:github_sync_all | — [library] no local changes
2026-09-30T20:04:13-10:00job:github_sync_all | ↓ [library] fetching origin/main
2026-09-30T20:04:13-10:00job:github_sync_all | From github.com:RootRecord-Software-Solutions/RootRecord-Library
2026-09-30T20:04:13-10:00job:github_sync_all | * branch            main       -> FETCH_HEAD
2026-09-30T20:04:13-10:00job:github_sync_all | — [library] local and GitHub already match
2026-09-30T20:04:13-10:00job:github_sync_all | — [library] nothing to push
2026-09-30T20:04:13-10:00job:worklog_scan RUN  bash "/home/rootrecord/RootRecord-Ecosystem/1 - Servers/1 - RootRecord-Pacific-Solar-Server/Reports/scripts/worklog_once.sh"
2026-09-30T20:04:17-10:00job:worklog_scan | OK wrote/updated /home/rootrecord/RootRecord-Ecosystem/2 - RootRecord-Database/Worklog/worklog_current.md
2026-09-30T20:04:17-10:00job:security_camera_frame_grab RUN  bash "/home/rootrecord/RootRecord-Ecosystem/1 - Servers/1 - RootRecord-Pacific-Solar-Server/Security/Cameras/grab_all.sh"
2026-09-30T20:04:35-10:00job:security_camera_frame_grab | 20:04:17  📷  a-eyes  ch1 → ch1-20261001T060417Z.jpg  (272.9 KB, 4.44s)
2026-09-30T20:04:35-10:00job:security_camera_frame_grab | 20:04:22  📷  a-eyes  ch2 → ch2-20261001T060422Z.jpg  (121.6 KB, 4.38s)
2026-09-30T20:04:35-10:00job:security_camera_frame_grab | 20:04:26  📷  a-eyes  ch3 → ch3-20261001T060426Z.jpg  (370.7 KB, 4.47s)
2026-09-30T20:04:35-10:00job:security_camera_frame_grab | 20:04:31  📷  a-eyes  ch4 → ch4-20261001T060431Z.jpg  (220.2 KB, 4.31s)
2026-09-30T20:04:35-10:00job:service_supervisor RUN  bash "/home/rootrecord/RootRecord-Ecosystem/1 - Servers/1 - RootRecord-Pacific-Solar-Server/Automations/scripts/supervise-services.sh"
2026-09-30T20:04:35-10:00job:service_supervisor | [supervisor] weather alive pid=97054 764793 (act)
2026-09-30T20:04:35-10:00job:service_supervisor | [supervisor] relay alive pid=96403 (act)
2026-09-30T20:04:35-10:00job:geology_collect RUN  nice -n 10 python3 "/home/rootrecord/RootRecord-Ecosystem/1 - Servers/1 - RootRecord-Pacific-Solar-Server/Geology/scripts/geology_collect.py" all
2026-09-30T20:04:41-10:00job:geology_collect | {"ok": true, "at": "2026-09-30T20:04:35-10:00", "what": "all", "dry_run": false, "sources": {"hawaii": {"ok": true, "count": 17, "new": 0, "new_m2": 0, "ms": 533}, "global": {"ok": true, "count": 37, "new": 0, "ms": 280}, "hvo_notices": {"ok": true, "count": 44, "new": 0, "ms": 3884}, "hvo_status": {"ok": true, "volcanoes": 8, "kilauea": "WATCH", "mauna_loa": "NORMAL", "ms": 608}}}
2026-09-30T20:04:41-10:00job:system_net_sample RUN  nice -n 10 python3 "/home/rootrecord/RootRecord-Ecosystem/1 - Servers/1 - RootRecord-Pacific-Solar-Server/System/scripts/host_desks.py" net-sample
2026-09-30T20:04:41-10:00job:system_net_sample | {"ok": true, "file": "/home/rootrecord/RootRecord-Ecosystem/2 - RootRecord-Database/System/network/Daily/net-20260930.jsonl", "iface": "wlo1", "hour": {"seconds": 3777, "rx": 329178894, "tx": 135014536, "total": 464193430, "iface": "wlo1", "link": "wireless"}, "day": null}
2026-09-30T20:04:41-10:00job:voice_kilauea_report RUN  nice -n 10 python3 "/home/rootrecord/RootRecord-Ecosystem/1 - Servers/1 - RootRecord-Pacific-Solar-Server/Media/Voice/scripts/voice_reports.py" kilauea_report
2026-09-30T20:06:06-10:00job:voice_kilauea_report | {"ok": true, "report": "kilauea_report", "md": "/home/rootrecord/RootRecord-Ecosystem/test-reports/Voice/kilauea_report_current.md", "sentences": 7, "voice": {"ok": true, "mode": "stitch", "report": "kilauea_report", "agent": "carly", "voice": "af_nova", "speed": 1.0, "wav": "/home/rootrecord/RootRecord-Ecosystem/2 - RootRecord-Database/Media/Audio/Voice/kilauea_report_current.wav", "clips_used": 0, "live_sentences": 8, "model_loaded": true, "render_s": 19.43, "sample_rate": 24000, "channels": 1, "subtype": "PCM_16", "duration_s": 33.389, "peak_dbfs": -1.63, "rms_dbfs": -20.37, "lead_silence_ms": 114, "qc": "PASS", "wall_s": 19.6, "peak_rss_mb": 1600, "rc": 0}, "deliver": {"ok": true, "sent": true, "persona": "carly", "chat": "-1004406495175", "message_id": 190, "transcript": true, "report": true, "photo": false, "plan": {"voice": true, "transcript": true, "report": true}}}
2026-09-30T20:06:07-10:00ENERGY  status=live  B2=60.4%  B1=87.9%  solar=0 W  ac=97 W  usbc=0 W  src=/home/rootrecord/RootRecord-Ecosystem/2 - RootRecord-Database/Energy  LAP=100%/Full/AC
2026-09-30T20:06:23-10:00  ▸  SUMMARY=river2pro soc=87.67% solar=0W ac_out=0W usbc=26W src=ble+cloud db=ok
2026-09-30T20:06:23-10:00job:sys_stats_cycle RUN  bash "/home/rootrecord/RootRecord-Ecosystem/1 - Servers/1 - RootRecord-Pacific-Solar-Server/System/scripts/sys-sample.sh"
2026-09-30T20:06:25-10:00job:sys_stats_cycle | SYSTEM  cpu=25%  load=3.98  mem=51%  src=sqlite
2026-09-30T20:06:25-10:00job:sys_stats_cycle | OK wrote /home/rootrecord/RootRecord-Ecosystem/2 - RootRecord-Database/System/samples/sys-20260930-200624.json
2026-09-30T20:07:22-10:00job:github_sync_all | ↑ [ecosystem] committed 21 local file(s)
2026-09-30T20:07:22-10:00job:github_sync_all | ↓ [ecosystem] fetching origin/main
2026-09-30T20:07:22-10:00job:github_sync_all | From github.com:RootRecord-Software-Solutions/RootRecord-Ecosystem
2026-09-30T20:07:22-10:00job:github_sync_all | * branch              main       -> FETCH_HEAD
2026-09-30T20:07:22-10:00job:github_sync_all | ↑ [ecosystem] local is ahead of GitHub
2026-09-30T20:07:22-10:00job:github_sync_all | To github.com:RootRecord-Software-Solutions/RootRecord-Ecosystem.git
2026-09-30T20:07:22-10:00job:github_sync_all | 8900d944..182cf8c6  HEAD -> main
2026-09-30T20:07:22-10:00job:github_sync_all | branch 'main' set up to track 'origin/main'.
2026-09-30T20:07:22-10:00job:github_sync_all | ↑ [ecosystem] 21 files → RootRecord-Software-Solutions/RootRecord-Ecosystem (main)
2026-09-30T20:07:22-10:00job:github_sync_all | ↑ [pacific] committed 5 local file(s)
2026-09-30T20:07:22-10:00job:github_sync_all | ↓ [pacific] fetching origin/main
2026-09-30T20:07:22-10:00job:github_sync_all | From github.com:RootRecord-Software-Solutions/RootRecord-Pacific-Solar-Server
2026-09-30T20:07:22-10:00job:github_sync_all | * branch            main       -> FETCH_HEAD
2026-09-30T20:07:22-10:00job:github_sync_all | ↑ [pacific] local is ahead of GitHub
2026-09-30T20:07:22-10:00job:github_sync_all | To github.com:RootRecord-Software-Solutions/RootRecord-Pacific-Solar-Server.git
2026-09-30T20:07:22-10:00job:github_sync_all | 92e5a98..f4b5e1d  HEAD -> main
2026-09-30T20:07:22-10:00job:github_sync_all | branch 'main' set up to track 'origin/main'.
2026-09-30T20:07:22-10:00job:github_sync_all | ↑ [pacific] 5 files → RootRecord-Software-Solutions/RootRecord-Pacific-Solar-Server (main)
2026-09-30T20:07:22-10:00job:github_sync_all | ↑ [database] committed 25 local file(s)
2026-09-30T20:07:22-10:00job:github_sync_all | ↓ [database] fetching origin/main
2026-09-30T20:07:22-10:00job:github_sync_all | From github.com:RootRecord-Software-Solutions/RootRecord-Database
2026-09-30T20:07:22-10:00job:github_sync_all | * branch              main       -> FETCH_HEAD
2026-09-30T20:07:22-10:00job:github_sync_all | ↑ [database] local is ahead of GitHub
2026-09-30T20:07:22-10:00job:github_sync_all | To github.com:RootRecord-Software-Solutions/RootRecord-Database.git
2026-09-30T20:07:22-10:00job:github_sync_all | a79252db..2bb7babb  HEAD -> main
2026-09-30T20:07:22-10:00job:github_sync_all | branch 'main' set up to track 'origin/main'.
2026-09-30T20:07:22-10:00job:github_sync_all | ↑ [database] 25 files → RootRecord-Software-Solutions/RootRecord-Database (main)
2026-09-30T20:07:22-10:00job:github_sync_all | ↑ [library] committed 7 local file(s)
2026-09-30T20:07:22-10:00job:github_sync_all | ↓ [library] fetching origin/main
2026-09-30T20:07:22-10:00job:github_sync_all | From github.com:RootRecord-Software-Solutions/RootRecord-Library
2026-09-30T20:07:22-10:00job:github_sync_all | * branch            main       -> FETCH_HEAD
2026-09-30T20:07:22-10:00job:github_sync_all | ↑ [library] local is ahead of GitHub
2026-09-30T20:07:22-10:00job:github_sync_all | To github.com:RootRecord-Software-Solutions/RootRecord-Library.git
2026-09-30T20:07:22-10:00job:github_sync_all | 2027e32..a90b2aa  HEAD -> main
2026-09-30T20:07:22-10:00job:github_sync_all | branch 'main' set up to track 'origin/main'.
2026-09-30T20:07:22-10:00job:github_sync_all | ↑ [library] 7 files → RootRecord-Software-Solutions/RootRecord-Library (main)
2026-09-30T20:07:22-10:00job:github_sync_all | [init] website has no main yet → /home/rootrecord/RootRecord-Ecosystem/Github-worktrees/website
2026-09-30T20:07:22-10:00job:github_sync_all | Initialized empty Git repository in /home/rootrecord/RootRecord-Ecosystem/Github-worktrees/website/.git/
2026-09-30T20:07:22-10:00job:worklog_scan RUN  bash "/home/rootrecord/RootRecord-Ecosystem/1 - Servers/1 - RootRecord-Pacific-Solar-Server/Reports/scripts/worklog_once.sh"
2026-09-30T20:07:35-10:00job:worklog_scan | OK wrote/updated /home/rootrecord/RootRecord-Ecosystem/2 - RootRecord-Database/Worklog/worklog_current.md
2026-09-30T20:07:35-10:00job:security_camera_frame_grab RUN  bash "/home/rootrecord/RootRecord-Ecosystem/1 - Servers/1 - RootRecord-Pacific-Solar-Server/Security/Cameras/grab_all.sh"
2026-09-30T20:07:53-10:00job:security_camera_frame_grab | 20:07:35  📷  a-eyes  ch1 → ch1-20261001T060735Z.jpg  (271.3 KB, 4.31s)
2026-09-30T20:07:53-10:00job:security_camera_frame_grab | 20:07:39  📷  a-eyes  ch2 → ch2-20261001T060739Z.jpg  (121.4 KB, 4.26s)
2026-09-30T20:07:53-10:00job:security_camera_frame_grab | 20:07:44  📷  a-eyes  ch3 → ch3-20261001T060744Z.jpg  (361.6 KB, 4.37s)
2026-09-30T20:07:53-10:00job:security_camera_frame_grab | 20:07:48  📷  a-eyes  ch4 → ch4-20261001T060748Z.jpg  (215.4 KB, 4.37s)
2026-09-30T20:07:53-10:00job:voice_system_perf RUN  nice -n 10 python3 "/home/rootrecord/RootRecord-Ecosystem/1 - Servers/1 - RootRecord-Pacific-Solar-Server/Media/Voice/scripts/system_perf.py"
2026-09-30T20:08:18-10:00job:voice_system_perf | {"ok": true, "report": "system_perf", "md": "/home/rootrecord/RootRecord-Ecosystem/test-reports/Voice/system_perf_current.md", "cpu_pct": 22.2, "mem_pct": 53.7, "voice_rc": 0, "voice": {"ok": true, "mode": "stitch", "report": "system_perf", "agent": "bruce", "voice": "am_echo", "speed": 1.0, "wav": "/home/rootrecord/RootRecord-Ecosystem/2 - RootRecord-Database/Media/Audio/Voice/system_perf_current.wav", "clips_used": 0, "live_sentences": 11, "model_loaded": true, "render_s": 19.11, "sample_rate": 24000, "channels": 1, "subtype": "PCM_16", "duration_s": 30.285, "peak_dbfs": -1.5, "rms_dbfs": -20.31, "lead_silence_ms": 113, "qc": "PASS", "wall_s": 19.27, "peak_rss_mb": 1573}, "deliver": {"ok": true, "sent": true, "persona": "bruce", "chat": "-1004406495175", "message_id": 193, "transcript": true, "report": true, "photo": false, "plan": {"voice": true, "transcript": true, "report": true}}}
2026-09-30T20:08:19-10:00ENERGY  status=live  B2=60.4%  B1=87.7%  solar=0 W  ac=97 W  usbc=0 W  src=/home/rootrecord/RootRecord-Ecosystem/2 - RootRecord-Database/Energy  LAP=100%/Full/AC
2026-09-30T20:08:36-10:00  ▸  SUMMARY=river2pro soc=87.51% solar=0W ac_out=0W usbc=26W src=ble+cloud db=ok
2026-09-30T20:08:36-10:00job:sys_stats_cycle RUN  bash "/home/rootrecord/RootRecord-Ecosystem/1 - Servers/1 - RootRecord-Pacific-Solar-Server/System/scripts/sys-sample.sh"
2026-09-30T20:08:37-10:00job:sys_stats_cycle | SYSTEM  cpu=28%  load=3.47  mem=53%  src=sqlite
2026-09-30T20:08:37-10:00job:sys_stats_cycle | OK wrote /home/rootrecord/RootRecord-Ecosystem/2 - RootRecord-Database/System/samples/sys-20260930-200836.json
2026-09-30T20:09:26-10:00job:github_sync_all | ↑ [ecosystem] committed 40 local file(s)
2026-09-30T20:09:26-10:00job:github_sync_all | ↓ [ecosystem] fetching origin/main
2026-09-30T20:09:26-10:00job:github_sync_all | From github.com:RootRecord-Software-Solutions/RootRecord-Ecosystem
2026-09-30T20:09:26-10:00job:github_sync_all | * branch              main       -> FETCH_HEAD
2026-09-30T20:09:26-10:00job:github_sync_all | ↑ [ecosystem] local is ahead of GitHub
2026-09-30T20:09:26-10:00job:github_sync_all | To github.com:RootRecord-Software-Solutions/RootRecord-Ecosystem.git
2026-09-30T20:09:26-10:00job:github_sync_all | 182cf8c6..f7cbbe98  HEAD -> main
2026-09-30T20:09:26-10:00job:github_sync_all | branch 'main' set up to track 'origin/main'.
2026-09-30T20:09:26-10:00job:github_sync_all | ↑ [ecosystem] 40 files → RootRecord-Software-Solutions/RootRecord-Ecosystem (main)
2026-09-30T20:09:26-10:00job:github_sync_all | ↑ [pacific] committed 11 local file(s)
2026-09-30T20:09:26-10:00job:github_sync_all | ↓ [pacific] fetching origin/main
2026-09-30T20:09:26-10:00job:github_sync_all | From github.com:RootRecord-Software-Solutions/RootRecord-Pacific-Solar-Server
2026-09-30T20:09:26-10:00job:github_sync_all | * branch            main       -> FETCH_HEAD
2026-09-30T20:09:26-10:00job:github_sync_all | ↑ [pacific] local is ahead of GitHub
2026-09-30T20:09:26-10:00job:github_sync_all | To github.com:RootRecord-Software-Solutions/RootRecord-Pacific-Solar-Server.git
2026-09-30T20:09:26-10:00job:github_sync_all | f4b5e1d..7388a4f  HEAD -> main
2026-09-30T20:09:26-10:00job:github_sync_all | branch 'main' set up to track 'origin/main'.
2026-09-30T20:09:26-10:00job:github_sync_all | ↑ [pacific] 11 files → RootRecord-Software-Solutions/RootRecord-Pacific-Solar-Server (main)
2026-09-30T20:09:26-10:00job:github_sync_all | ↑ [database] committed 17 local file(s)
2026-09-30T20:09:26-10:00job:github_sync_all | ↓ [database] fetching origin/main
2026-09-30T20:09:26-10:00job:github_sync_all | From github.com:RootRecord-Software-Solutions/RootRecord-Database
2026-09-30T20:09:26-10:00job:github_sync_all | * branch              main       -> FETCH_HEAD
2026-09-30T20:09:26-10:00job:github_sync_all | ↑ [database] local is ahead of GitHub
2026-09-30T20:09:26-10:00job:github_sync_all | To github.com:RootRecord-Software-Solutions/RootRecord-Database.git
2026-09-30T20:09:26-10:00job:github_sync_all | 2bb7babb..64923d20  HEAD -> main
2026-09-30T20:09:26-10:00job:github_sync_all | branch 'main' set up to track 'origin/main'.
2026-09-30T20:09:26-10:00job:github_sync_all | ↑ [database] 17 files → RootRecord-Software-Solutions/RootRecord-Database (main)
2026-09-30T20:09:26-10:00job:github_sync_all | ↑ [library] committed 11 local file(s)
2026-09-30T20:09:26-10:00job:github_sync_all | ↓ [library] fetching origin/main
2026-09-30T20:09:26-10:00job:github_sync_all | From github.com:RootRecord-Software-Solutions/RootRecord-Library
2026-09-30T20:09:26-10:00job:github_sync_all | * branch            main       -> FETCH_HEAD
2026-09-30T20:09:26-10:00job:github_sync_all | ↑ [library] local is ahead of GitHub
2026-09-30T20:09:26-10:00job:github_sync_all | To github.com:RootRecord-Software-Solutions/RootRecord-Library.git
2026-09-30T20:09:26-10:00job:github_sync_all | a90b2aa..aa55535  HEAD -> main
2026-09-30T20:09:26-10:00job:github_sync_all | branch 'main' set up to track 'origin/main'.
2026-09-30T20:09:26-10:00job:github_sync_all | ↑ [library] 11 files → RootRecord-Software-Solutions/RootRecord-Library (main)
2026-09-30T20:09:26-10:00job:github_sync_all | ↻ [website] sync retry 1/3
2026-09-30T20:09:26-10:00job:github_sync_all | ↻ [website] sync retry 2/3
2026-09-30T20:09:26-10:00job:github_sync_all | ↻ [website] sync retry 3/3
2026-09-30T20:09:26-10:00job:github_sync_all | ✗ [website] sync failed after 3 attempts (continuing)
2026-09-30T20:09:26-10:00job:worklog_scan RUN  bash "/home/rootrecord/RootRecord-Ecosystem/1 - Servers/1 - RootRecord-Pacific-Solar-Server/Reports/scripts/worklog_once.sh"
2026-09-30T20:09:33-10:00job:worklog_scan | OK wrote/updated /home/rootrecord/RootRecord-Ecosystem/2 - RootRecord-Database/Worklog/worklog_current.md
2026-09-30T20:09:33-10:00job:security_camera_frame_grab RUN  bash "/home/rootrecord/RootRecord-Ecosystem/1 - Servers/1 - RootRecord-Pacific-Solar-Server/Security/Cameras/grab_all.sh"
2026-09-30T20:09:51-10:00job:security_camera_frame_grab | 20:09:34  📷  a-eyes  ch1 → ch1-20261001T060934Z.jpg  (271.9 KB, 4.27s)
2026-09-30T20:09:51-10:00job:security_camera_frame_grab | 20:09:38  📷  a-eyes  ch2 → ch2-20261001T060938Z.jpg  (122.3 KB, 4.38s)
2026-09-30T20:09:51-10:00job:security_camera_frame_grab | 20:09:42  📷  a-eyes  ch3 → ch3-20261001T060942Z.jpg  (363.4 KB, 4.38s)
2026-09-30T20:09:51-10:00job:security_camera_frame_grab | 20:09:47  📷  a-eyes  ch4 → ch4-20261001T060947Z.jpg  (216.8 KB, 4.53s)
2026-09-30T20:09:51-10:00job:service_supervisor RUN  bash "/home/rootrecord/RootRecord-Ecosystem/1 - Servers/1 - RootRecord-Pacific-Solar-Server/Automations/scripts/supervise-services.sh"
2026-09-30T20:09:51-10:00job:service_supervisor | [supervisor] weather alive pid=97054 764793 (act)
2026-09-30T20:09:51-10:00job:service_supervisor | [supervisor] relay alive pid=96403 (act)
2026-09-30T20:09:51-10:00job:geology_collect RUN  nice -n 10 python3 "/home/rootrecord/RootRecord-Ecosystem/1 - Servers/1 - RootRecord-Pacific-Solar-Server/Geology/scripts/geology_collect.py" all
2026-09-30T20:09:54-10:00job:geology_collect | {"ok": true, "at": "2026-09-30T20:09:52-10:00", "what": "all", "dry_run": false, "sources": {"hawaii": {"ok": true, "count": 17, "new": 0, "new_m2": 0, "ms": 447}, "global": {"ok": true, "count": 37, "new": 0, "ms": 284}, "hvo_notices": {"ok": true, "count": 44, "new": 0, "ms": 709}, "hvo_status": {"ok": true, "volcanoes": 8, "kilauea": "WATCH", "mauna_loa": "NORMAL", "ms": 511}}}
2026-09-30T20:09:54-10:00job:system_net_sample RUN  nice -n 10 python3 "/home/rootrecord/RootRecord-Ecosystem/1 - Servers/1 - RootRecord-Pacific-Solar-Server/System/scripts/host_desks.py" net-sample
2026-09-30T20:09:54-10:00job:system_net_sample | {"ok": true, "file": "/home/rootrecord/RootRecord-Ecosystem/2 - RootRecord-Database/System/network/Daily/net-20260930.jsonl", "iface": "wlo1", "hour": {"seconds": 3722, "rx": 357743503, "tx": 129061505, "total": 486805008, "iface": "wlo1", "link": "wireless"}, "day": null}
2026-09-30T20:09:54-10:00job:voice_earthquake_report RUN  nice -n 10 python3 "/home/rootrecord/RootRecord-Ecosystem/1 - Servers/1 - RootRecord-Pacific-Solar-Server/Media/Voice/scripts/voice_reports.py" earthquake_report
2026-09-30T20:10:20-10:00job:voice_earthquake_report | {"ok": true, "report": "earthquake_report", "md": "/home/rootrecord/RootRecord-Ecosystem/test-reports/Voice/earthquake_report_current.md", "sentences": 7, "voice": {"ok": true, "mode": "stitch", "report": "earthquake_report", "agent": "carly", "voice": "af_nova", "speed": 1.0, "wav": "/home/rootrecord/RootRecord-Ecosystem/2 - RootRecord-Database/Media/Audio/Voice/earthquake_report_current.wav", "clips_used": 0, "live_sentences": 6, "model_loaded": true, "render_s": 20.07, "sample_rate": 24000, "channels": 1, "subtype": "PCM_16", "duration_s": 25.943, "peak_dbfs": -1.5, "rms_dbfs": -20.6, "lead_silence_ms": 113, "qc": "PASS", "wall_s": 20.23, "peak_rss_mb": 1494, "rc": 0}, "deliver": {"ok": true, "sent": true, "persona": "carly", "chat": "-1004406495175", "message_id": 196, "transcript": true, "report": true, "photo": false, "plan": {"voice": true, "transcript": true, "report": true}}}
2026-09-30T20:10:20-10:00ENERGY  status=live  B2=60.4%  B1=87.5%  solar=0 W  ac=97 W  usbc=0 W  src=/home/rootrecord/RootRecord-Ecosystem/2 - RootRecord-Database/Energy  LAP=100%/Full/AC
2026-09-30T20:10:35-10:00  ▸  SUMMARY=delta2 soc=57.95% solar=0W ac_out=88W usbc=0W src=ble db=ok
2026-09-30T20:10:35-10:00job:sys_stats_cycle RUN  bash "/home/rootrecord/RootRecord-Ecosystem/1 - Servers/1 - RootRecord-Pacific-Solar-Server/System/scripts/sys-sample.sh"
2026-09-30T20:10:36-10:00job:sys_stats_cycle | SYSTEM  cpu=15%  load=5.51  mem=53%  src=sqlite
2026-09-30T20:10:36-10:00job:sys_stats_cycle | OK wrote /home/rootrecord/RootRecord-Ecosystem/2 - RootRecord-Database/System/samples/sys-20260930-201035.json
2026-09-30T20:11:27-10:00job:github_sync_all | ↑ [ecosystem] committed 17 local file(s)
2026-09-30T20:11:27-10:00job:github_sync_all | ↓ [ecosystem] fetching origin/main
2026-09-30T20:11:27-10:00job:github_sync_all | From github.com:RootRecord-Software-Solutions/RootRecord-Ecosystem
2026-09-30T20:11:27-10:00job:github_sync_all | * branch              main       -> FETCH_HEAD
2026-09-30T20:11:27-10:00job:github_sync_all | ↑ [ecosystem] local is ahead of GitHub
2026-09-30T20:11:27-10:00job:github_sync_all | To github.com:RootRecord-Software-Solutions/RootRecord-Ecosystem.git
2026-09-30T20:11:27-10:00job:github_sync_all | f7cbbe98..c5cd2274  HEAD -> main
2026-09-30T20:11:27-10:00job:github_sync_all | branch 'main' set up to track 'origin/main'.
2026-09-30T20:11:27-10:00job:github_sync_all | ↑ [ecosystem] 17 files → RootRecord-Software-Solutions/RootRecord-Ecosystem (main)
2026-09-30T20:11:27-10:00job:github_sync_all | ↑ [pacific] committed 1 local file(s)
2026-09-30T20:11:27-10:00job:github_sync_all | ↓ [pacific] fetching origin/main
2026-09-30T20:11:27-10:00job:github_sync_all | From github.com:RootRecord-Software-Solutions/RootRecord-Pacific-Solar-Server
2026-09-30T20:11:27-10:00job:github_sync_all | * branch            main       -> FETCH_HEAD
2026-09-30T20:11:27-10:00job:github_sync_all | ↑ [pacific] local is ahead of GitHub
2026-09-30T20:11:27-10:00job:github_sync_all | To github.com:RootRecord-Software-Solutions/RootRecord-Pacific-Solar-Server.git
2026-09-30T20:11:27-10:00job:github_sync_all | 7388a4f..3c668e5  HEAD -> main
2026-09-30T20:11:27-10:00job:github_sync_all | branch 'main' set up to track 'origin/main'.
2026-09-30T20:11:27-10:00job:github_sync_all | ↑ [pacific] 1 files → RootRecord-Software-Solutions/RootRecord-Pacific-Solar-Server (main)
2026-09-30T20:11:27-10:00job:github_sync_all | ↑ [database] committed 24 local file(s)
2026-09-30T20:11:27-10:00job:github_sync_all | ↓ [database] fetching origin/main
2026-09-30T20:11:27-10:00job:github_sync_all | From github.com:RootRecord-Software-Solutions/RootRecord-Database
2026-09-30T20:11:27-10:00job:github_sync_all | * branch              main       -> FETCH_HEAD
2026-09-30T20:11:27-10:00job:github_sync_all | ↑ [database] local is ahead of GitHub
2026-09-30T20:11:27-10:00job:github_sync_all | To github.com:RootRecord-Software-Solutions/RootRecord-Database.git
2026-09-30T20:11:27-10:00job:github_sync_all | 64923d20..ac44d251  HEAD -> main
2026-09-30T20:11:27-10:00job:github_sync_all | branch 'main' set up to track 'origin/main'.
2026-09-30T20:11:27-10:00job:github_sync_all | ↑ [database] 24 files → RootRecord-Software-Solutions/RootRecord-Database (main)
2026-09-30T20:11:27-10:00job:github_sync_all | — [library] no local changes
2026-09-30T20:11:27-10:00job:github_sync_all | ↓ [library] fetching origin/main
2026-09-30T20:11:27-10:00job:github_sync_all | From github.com:RootRecord-Software-Solutions/RootRecord-Library
2026-09-30T20:11:27-10:00job:github_sync_all | * branch            main       -> FETCH_HEAD
2026-09-30T20:11:27-10:00job:github_sync_all | — [library] local and GitHub already match
2026-09-30T20:11:27-10:00job:github_sync_all | — [library] nothing to push
2026-09-30T20:11:27-10:00job:github_sync_all | — [website] no local changes
2026-09-30T20:11:27-10:00job:github_sync_all | ↓ [website] fetching origin/main
2026-09-30T20:11:27-10:00job:github_sync_all | From github.com:RootRecord-Software-Solutions/RootRecord-Website
2026-09-30T20:11:27-10:00job:github_sync_all | * branch            main       -> FETCH_HEAD
2026-09-30T20:11:27-10:00job:github_sync_all | — [website] local and GitHub already match
2026-09-30T20:11:27-10:00job:github_sync_all | — [website] nothing to push
2026-09-30T20:11:27-10:00job:worklog_scan RUN  bash "/home/rootrecord/RootRecord-Ecosystem/1 - Servers/1 - RootRecord-Pacific-Solar-Server/Reports/scripts/worklog_once.sh"
2026-09-30T20:11:31-10:00job:worklog_scan | OK wrote/updated /home/rootrecord/RootRecord-Ecosystem/2 - RootRecord-Database/Worklog/worklog_current.md
2026-09-30T20:11:31-10:00job:security_camera_frame_grab RUN  bash "/home/rootrecord/RootRecord-Ecosystem/1 - Servers/1 - RootRecord-Pacific-Solar-Server/Security/Cameras/grab_all.sh"
2026-09-30T20:11:49-10:00job:security_camera_frame_grab | 20:11:31  📷  a-eyes  ch1 → ch1-20261001T061131Z.jpg  (270.8 KB, 4.40s)
2026-09-30T20:11:49-10:00job:security_camera_frame_grab | 20:11:36  📷  a-eyes  ch2 → ch2-20261001T061136Z.jpg  (122.5 KB, 4.36s)
2026-09-30T20:11:49-10:00job:security_camera_frame_grab | 20:11:40  📷  a-eyes  ch3 → ch3-20261001T061140Z.jpg  (369.3 KB, 4.38s)
2026-09-30T20:11:49-10:00job:security_camera_frame_grab | 20:11:45  📷  a-eyes  ch4 → ch4-20261001T061145Z.jpg  (232.0 KB, 4.45s)
2026-09-30T20:11:49-10:00ENERGY  status=live  B2=58.0%  B1=87.5%  solar=0 W  ac=88 W  usbc=0 W  src=/home/rootrecord/RootRecord-Ecosystem/2 - RootRecord-Database/Energy  LAP=100%/Full/AC
2026-09-30T20:12:06-10:00  ▸  SUMMARY=river2pro soc=87.24% solar=0W ac_out=0W usbc=26W src=ble+cloud db=ok
2026-09-30T20:12:06-10:00job:sys_stats_cycle RUN  bash "/home/rootrecord/RootRecord-Ecosystem/1 - Servers/1 - RootRecord-Pacific-Solar-Server/System/scripts/sys-sample.sh"
2026-09-30T20:12:08-10:00job:sys_stats_cycle | SYSTEM  cpu=19%  load=3.02  mem=50%  src=sqlite
2026-09-30T20:12:08-10:00job:sys_stats_cycle | OK wrote /home/rootrecord/RootRecord-Ecosystem/2 - RootRecord-Database/System/samples/sys-20260930-201207.json
2026-09-30T20:12:51-10:00job:github_sync_all | — [ecosystem] no committable local changes
2026-09-30T20:12:51-10:00job:github_sync_all | ↓ [ecosystem] fetching origin/main
2026-09-30T20:12:51-10:00job:github_sync_all | From github.com:RootRecord-Software-Solutions/RootRecord-Ecosystem
2026-09-30T20:12:51-10:00job:github_sync_all | * branch              main       -> FETCH_HEAD
2026-09-30T20:12:51-10:00job:github_sync_all | — [ecosystem] local and GitHub already match
2026-09-30T20:12:51-10:00job:github_sync_all | — [ecosystem] nothing to push
2026-09-30T20:12:51-10:00job:github_sync_all | — [pacific] no local changes
2026-09-30T20:12:51-10:00job:github_sync_all | ↓ [pacific] fetching origin/main
2026-09-30T20:12:51-10:00job:github_sync_all | From github.com:RootRecord-Software-Solutions/RootRecord-Pacific-Solar-Server
2026-09-30T20:12:51-10:00job:github_sync_all | * branch            main       -> FETCH_HEAD
2026-09-30T20:12:51-10:00job:github_sync_all | — [pacific] local and GitHub already match
2026-09-30T20:12:51-10:00job:github_sync_all | — [pacific] nothing to push
2026-09-30T20:12:51-10:00job:github_sync_all | ↑ [database] committed 15 local file(s)
2026-09-30T20:12:51-10:00job:github_sync_all | ↓ [database] fetching origin/main
2026-09-30T20:12:51-10:00job:github_sync_all | From github.com:RootRecord-Software-Solutions/RootRecord-Database
2026-09-30T20:12:51-10:00job:github_sync_all | * branch              main       -> FETCH_HEAD
2026-09-30T20:12:51-10:00job:github_sync_all | ↑ [database] local is ahead of GitHub
2026-09-30T20:12:51-10:00job:github_sync_all | To github.com:RootRecord-Software-Solutions/RootRecord-Database.git
2026-09-30T20:12:51-10:00job:github_sync_all | ac44d251..d6a53b63  HEAD -> main
2026-09-30T20:12:51-10:00job:github_sync_all | branch 'main' set up to track 'origin/main'.
2026-09-30T20:12:51-10:00job:github_sync_all | ↑ [database] 15 files → RootRecord-Software-Solutions/RootRecord-Database (main)
2026-09-30T20:12:51-10:00job:github_sync_all | — [library] no local changes
2026-09-30T20:12:51-10:00job:github_sync_all | ↓ [library] fetching origin/main
2026-09-30T20:12:51-10:00job:github_sync_all | From github.com:RootRecord-Software-Solutions/RootRecord-Library
2026-09-30T20:12:51-10:00job:github_sync_all | * branch            main       -> FETCH_HEAD
2026-09-30T20:12:51-10:00job:github_sync_all | — [library] local and GitHub already match
2026-09-30T20:12:51-10:00job:github_sync_all | — [library] nothing to push
2026-09-30T20:12:51-10:00job:github_sync_all | — [website] no local changes
2026-09-30T20:12:51-10:00job:github_sync_all | ↓ [website] fetching origin/main
2026-09-30T20:12:51-10:00job:github_sync_all | From github.com:RootRecord-Software-Solutions/RootRecord-Website
2026-09-30T20:12:51-10:00job:github_sync_all | * branch            main       -> FETCH_HEAD
2026-09-30T20:12:51-10:00job:github_sync_all | — [website] local and GitHub already match
2026-09-30T20:12:51-10:00job:github_sync_all | — [website] nothing to push
2026-09-30T20:12:51-10:00job:security_camera_frame_grab RUN  bash "/home/rootrecord/RootRecord-Ecosystem/1 - Servers/1 - RootRecord-Pacific-Solar-Server/Security/Cameras/grab_all.sh"
2026-09-30T20:13:09-10:00job:security_camera_frame_grab | 20:12:51  📷  a-eyes  ch1 → ch1-20261001T061251Z.jpg  (271.4 KB, 4.52s)
2026-09-30T20:13:09-10:00job:security_camera_frame_grab | 20:12:56  📷  a-eyes  ch2 → ch2-20261001T061256Z.jpg  (122.2 KB, 4.37s)
2026-09-30T20:13:09-10:00job:security_camera_frame_grab | 20:13:00  📷  a-eyes  ch3 → ch3-20261001T061300Z.jpg  (361.9 KB, 4.57s)
2026-09-30T20:13:09-10:00job:security_camera_frame_grab | 20:13:05  📷  a-eyes  ch4 → ch4-20261001T061305Z.jpg  (222.8 KB, 4.27s)
2026-09-30T20:13:09-10:00job:voice_security_desk RUN  nice -n 10 python3 "/home/rootrecord/RootRecord-Ecosystem/1 - Servers/1 - RootRecord-Pacific-Solar-Server/Media/Voice/scripts/voice_reports.py" security_desk
2026-09-30T20:13:26-10:00job:voice_security_desk | {"ok": true, "report": "security_desk", "md": "/home/rootrecord/RootRecord-Ecosystem/test-reports/Voice/security_desk_current.md", "sentences": 6, "voice": {"ok": true, "mode": "stitch", "report": "security_desk", "agent": "carly", "voice": "af_nova", "speed": 1.0, "wav": "/home/rootrecord/RootRecord-Ecosystem/2 - RootRecord-Database/Media/Audio/Voice/security_desk_current.wav", "clips_used": 0, "live_sentences": 5, "model_loaded": true, "render_s": 11.43, "sample_rate": 24000, "channels": 1, "subtype": "PCM_16", "duration_s": 16.108, "peak_dbfs": -2.09, "rms_dbfs": -20.28, "lead_silence_ms": 111, "qc": "PASS", "wall_s": 11.52, "peak_rss_mb": 1360, "rc": 0}, "deliver": {"ok": true, "sent": true, "persona": "carly", "chat": "-1004406495175", "message_id": 199, "transcript": true, "report": true, "photo": false, "plan": {"voice": true, "transcript": true, "report": true}}}
2026-09-30T20:13:26-10:00ENERGY  status=live  B2=58.0%  B1=87.2%  solar=0 W  ac=88 W  usbc=0 W  src=/home/rootrecord/RootRecord-Ecosystem/2 - RootRecord-Database/Energy  LAP=100%/Full/AC
2026-09-30T20:13:41-10:00  ▸  SUMMARY=river2pro soc=87.14% solar=0W ac_out=0W usbc=26W src=ble+cloud db=ok
2026-09-30T20:13:41-10:00job:sys_stats_cycle RUN  bash "/home/rootrecord/RootRecord-Ecosystem/1 - Servers/1 - RootRecord-Pacific-Solar-Server/System/scripts/sys-sample.sh"
2026-09-30T20:13:42-10:00job:sys_stats_cycle | SYSTEM  cpu=19%  load=2.59  mem=52%  src=sqlite
2026-09-30T20:13:42-10:00job:sys_stats_cycle | OK wrote /home/rootrecord/RootRecord-Ecosystem/2 - RootRecord-Database/System/samples/sys-20260930-201342.json
2026-09-30T20:14:34-10:00job:github_sync_all | ↑ [ecosystem] committed 7 local file(s)
2026-09-30T20:14:34-10:00job:github_sync_all | ↓ [ecosystem] fetching origin/main
2026-09-30T20:14:34-10:00job:github_sync_all | From github.com:RootRecord-Software-Solutions/RootRecord-Ecosystem
2026-09-30T20:14:34-10:00job:github_sync_all | * branch              main       -> FETCH_HEAD
2026-09-30T20:14:34-10:00job:github_sync_all | ↑ [ecosystem] local is ahead of GitHub
2026-09-30T20:14:34-10:00job:github_sync_all | To github.com:RootRecord-Software-Solutions/RootRecord-Ecosystem.git
2026-09-30T20:14:34-10:00job:github_sync_all | c5cd2274..e6c4903e  HEAD -> main
2026-09-30T20:14:34-10:00job:github_sync_all | branch 'main' set up to track 'origin/main'.
2026-09-30T20:14:34-10:00job:github_sync_all | ↑ [ecosystem] 7 files → RootRecord-Software-Solutions/RootRecord-Ecosystem (main)
2026-09-30T20:14:34-10:00job:github_sync_all | — [pacific] no local changes
2026-09-30T20:14:34-10:00job:github_sync_all | ↓ [pacific] fetching origin/main
2026-09-30T20:14:34-10:00job:github_sync_all | From github.com:RootRecord-Software-Solutions/RootRecord-Pacific-Solar-Server
2026-09-30T20:14:34-10:00job:github_sync_all | * branch            main       -> FETCH_HEAD
2026-09-30T20:14:34-10:00job:github_sync_all | — [pacific] local and GitHub already match
2026-09-30T20:14:34-10:00job:github_sync_all | — [pacific] nothing to push
2026-09-30T20:14:34-10:00job:github_sync_all | ↑ [database] committed 13 local file(s)
2026-09-30T20:14:34-10:00job:github_sync_all | ↓ [database] fetching origin/main
2026-09-30T20:14:34-10:00job:github_sync_all | From github.com:RootRecord-Software-Solutions/RootRecord-Database
2026-09-30T20:14:34-10:00job:github_sync_all | * branch              main       -> FETCH_HEAD
2026-09-30T20:14:34-10:00job:github_sync_all | ↑ [database] local is ahead of GitHub
2026-09-30T20:14:34-10:00job:github_sync_all | To github.com:RootRecord-Software-Solutions/RootRecord-Database.git
2026-09-30T20:14:34-10:00job:github_sync_all | d6a53b63..10ee4e80  HEAD -> main
2026-09-30T20:14:34-10:00job:github_sync_all | branch 'main' set up to track 'origin/main'.
2026-09-30T20:14:34-10:00job:github_sync_all | ↑ [database] 13 files → RootRecord-Software-Solutions/RootRecord-Database (main)
2026-09-30T20:14:34-10:00job:github_sync_all | — [library] no local changes
2026-09-30T20:14:34-10:00job:github_sync_all | ↓ [library] fetching origin/main
2026-09-30T20:14:34-10:00job:github_sync_all | From github.com:RootRecord-Software-Solutions/RootRecord-Library
2026-09-30T20:14:34-10:00job:github_sync_all | * branch            main       -> FETCH_HEAD
2026-09-30T20:14:34-10:00job:github_sync_all | — [library] local and GitHub already match
2026-09-30T20:14:34-10:00job:github_sync_all | — [library] nothing to push
2026-09-30T20:14:34-10:00job:github_sync_all | — [website] no local changes
2026-09-30T20:14:34-10:00job:github_sync_all | ↓ [website] fetching origin/main
2026-09-30T20:14:34-10:00job:github_sync_all | From github.com:RootRecord-Software-Solutions/RootRecord-Website
2026-09-30T20:14:34-10:00job:github_sync_all | * branch            main       -> FETCH_HEAD
2026-09-30T20:14:34-10:00job:github_sync_all | — [website] local and GitHub already match
2026-09-30T20:14:34-10:00job:github_sync_all | — [website] nothing to push
2026-09-30T20:14:34-10:00job:worklog_scan RUN  bash "/home/rootrecord/RootRecord-Ecosystem/1 - Servers/1 - RootRecord-Pacific-Solar-Server/Reports/scripts/worklog_once.sh"
2026-09-30T20:14:38-10:00job:worklog_scan | OK wrote/updated /home/rootrecord/RootRecord-Ecosystem/2 - RootRecord-Database/Worklog/worklog_current.md
2026-09-30T20:14:38-10:00job:security_camera_frame_grab RUN  bash "/home/rootrecord/RootRecord-Ecosystem/1 - Servers/1 - RootRecord-Pacific-Solar-Server/Security/Cameras/grab_all.sh"
2026-09-30T20:14:56-10:00job:security_camera_frame_grab | 20:14:38  📷  a-eyes  ch1 → ch1-20261001T061438Z.jpg  (271.6 KB, 4.30s)
2026-09-30T20:14:56-10:00job:security_camera_frame_grab | 20:14:42  📷  a-eyes  ch2 → ch2-20261001T061442Z.jpg  (121.5 KB, 4.42s)
2026-09-30T20:14:56-10:00job:security_camera_frame_grab | 20:14:47  📷  a-eyes  ch3 → ch3-20261001T061447Z.jpg  (364.5 KB, 4.50s)
2026-09-30T20:14:56-10:00job:security_camera_frame_grab | 20:14:51  📷  a-eyes  ch4 → ch4-20261001T061451Z.jpg  (217.4 KB, 4.44s)
2026-09-30T20:14:56-10:00job:service_supervisor RUN  bash "/home/rootrecord/RootRecord-Ecosystem/1 - Servers/1 - RootRecord-Pacific-Solar-Server/Automations/scripts/supervise-services.sh"
2026-09-30T20:14:56-10:00job:service_supervisor | [supervisor] weather alive pid=97054 764793 (act)
2026-09-30T20:14:56-10:00job:service_supervisor | [supervisor] relay alive pid=96403 (act)
2026-09-30T20:14:56-10:00job:geology_collect RUN  nice -n 10 python3 "/home/rootrecord/RootRecord-Ecosystem/1 - Servers/1 - RootRecord-Pacific-Solar-Server/Geology/scripts/geology_collect.py" all
2026-09-30T20:15:05-10:00job:geology_collect | {"ok": true, "at": "2026-09-30T20:14:56-10:00", "what": "all", "dry_run": false, "sources": {"hawaii": {"ok": true, "count": 17, "new": 0, "new_m2": 0, "ms": 438}, "global": {"ok": true, "count": 37, "new": 0, "ms": 371}, "hvo_notices": {"ok": true, "count": 44, "new": 0, "ms": 1933}, "hvo_status": {"ok": true, "volcanoes": 8, "kilauea": "WATCH", "mauna_loa": "NORMAL", "ms": 5716}}}
2026-09-30T20:15:05-10:00job:system_net_sample RUN  nice -n 10 python3 "/home/rootrecord/RootRecord-Ecosystem/1 - Servers/1 - RootRecord-Pacific-Solar-Server/System/scripts/host_desks.py" net-sample
2026-09-30T20:15:05-10:00job:system_net_sample | {"ok": true, "file": "/home/rootrecord/RootRecord-Ecosystem/2 - RootRecord-Database/System/network/Daily/net-20260930.jsonl", "iface": "wlo1", "hour": {"seconds": 3673, "rx": 355601616, "tx": 121155792, "total": 476757408, "iface": "wlo1", "link": "wireless"}, "day": null}
2026-09-30T20:15:05-10:00ENERGY  status=live  B2=58.0%  B1=87.1%  solar=0 W  ac=88 W  usbc=0 W  src=/home/rootrecord/RootRecord-Ecosystem/2 - RootRecord-Database/Energy  LAP=100%/Full/AC
2026-09-30T20:15:22-10:00  ▸  SUMMARY=river2pro soc=87.01% solar=0W ac_out=0W usbc=26W src=ble+cloud db=ok
2026-09-30T20:15:22-10:00job:sys_stats_cycle RUN  bash "/home/rootrecord/RootRecord-Ecosystem/1 - Servers/1 - RootRecord-Pacific-Solar-Server/System/scripts/sys-sample.sh"
2026-09-30T20:15:23-10:00job:sys_stats_cycle | SYSTEM  cpu=30%  load=1.74  mem=51%  src=sqlite
2026-09-30T20:15:23-10:00job:sys_stats_cycle | OK wrote /home/rootrecord/RootRecord-Ecosystem/2 - RootRecord-Database/System/samples/sys-20260930-201522.json
2026-09-30T20:16:19-10:00job:github_sync_all | ↑ [ecosystem] committed 9 local file(s)
2026-09-30T20:16:19-10:00job:github_sync_all | ↓ [ecosystem] fetching origin/main
2026-09-30T20:16:19-10:00job:github_sync_all | From github.com:RootRecord-Software-Solutions/RootRecord-Ecosystem
2026-09-30T20:16:19-10:00job:github_sync_all | * branch              main       -> FETCH_HEAD
2026-09-30T20:16:19-10:00job:github_sync_all | ↑ [ecosystem] local is ahead of GitHub
2026-09-30T20:16:19-10:00job:github_sync_all | To github.com:RootRecord-Software-Solutions/RootRecord-Ecosystem.git
2026-09-30T20:16:19-10:00job:github_sync_all | e6c4903e..f65a5152  HEAD -> main
2026-09-30T20:16:19-10:00job:github_sync_all | branch 'main' set up to track 'origin/main'.
2026-09-30T20:16:19-10:00job:github_sync_all | ↑ [ecosystem] 9 files → RootRecord-Software-Solutions/RootRecord-Ecosystem (main)
2026-09-30T20:16:19-10:00job:github_sync_all | ↑ [pacific] committed 2 local file(s)
2026-09-30T20:16:19-10:00job:github_sync_all | ↓ [pacific] fetching origin/main
2026-09-30T20:16:19-10:00job:github_sync_all | From github.com:RootRecord-Software-Solutions/RootRecord-Pacific-Solar-Server
2026-09-30T20:16:19-10:00job:github_sync_all | * branch            main       -> FETCH_HEAD
2026-09-30T20:16:19-10:00job:github_sync_all | ↑ [pacific] local is ahead of GitHub
2026-09-30T20:16:19-10:00job:github_sync_all | To github.com:RootRecord-Software-Solutions/RootRecord-Pacific-Solar-Server.git
2026-09-30T20:16:19-10:00job:github_sync_all | 3c668e5..dc9668f  HEAD -> main
2026-09-30T20:16:19-10:00job:github_sync_all | branch 'main' set up to track 'origin/main'.
2026-09-30T20:16:19-10:00job:github_sync_all | ↑ [pacific] 2 files → RootRecord-Software-Solutions/RootRecord-Pacific-Solar-Server (main)
2026-09-30T20:16:19-10:00job:github_sync_all | ↑ [database] committed 24 local file(s)
2026-09-30T20:16:19-10:00job:github_sync_all | ↓ [database] fetching origin/main
2026-09-30T20:16:19-10:00job:github_sync_all | From github.com:RootRecord-Software-Solutions/RootRecord-Database
2026-09-30T20:16:19-10:00job:github_sync_all | * branch              main       -> FETCH_HEAD
2026-09-30T20:16:19-10:00job:github_sync_all | ↑ [database] local is ahead of GitHub
2026-09-30T20:16:19-10:00job:github_sync_all | To github.com:RootRecord-Software-Solutions/RootRecord-Database.git
2026-09-30T20:16:19-10:00job:github_sync_all | 10ee4e80..c1609bc7  HEAD -> main
2026-09-30T20:16:19-10:00job:github_sync_all | branch 'main' set up to track 'origin/main'.
2026-09-30T20:16:19-10:00job:github_sync_all | ↑ [database] 24 files → RootRecord-Software-Solutions/RootRecord-Database (main)
2026-09-30T20:16:19-10:00job:github_sync_all | — [library] no local changes
2026-09-30T20:16:19-10:00job:github_sync_all | ↓ [library] fetching origin/main
2026-09-30T20:16:19-10:00job:github_sync_all | From github.com:RootRecord-Software-Solutions/RootRecord-Library
2026-09-30T20:16:19-10:00job:github_sync_all | * branch            main       -> FETCH_HEAD
2026-09-30T20:16:19-10:00job:github_sync_all | — [library] local and GitHub already match
2026-09-30T20:16:19-10:00job:github_sync_all | — [library] nothing to push
2026-09-30T20:16:19-10:00job:github_sync_all | — [website] no local changes
2026-09-30T20:16:19-10:00job:github_sync_all | ↓ [website] fetching origin/main
2026-09-30T20:16:19-10:00job:github_sync_all | From github.com:RootRecord-Software-Solutions/RootRecord-Website
2026-09-30T20:16:19-10:00job:github_sync_all | * branch            main       -> FETCH_HEAD
2026-09-30T20:16:19-10:00job:github_sync_all | — [website] local and GitHub already match
2026-09-30T20:16:19-10:00job:github_sync_all | — [website] nothing to push
2026-09-30T20:16:19-10:00job:worklog_scan RUN  bash "/home/rootrecord/RootRecord-Ecosystem/1 - Servers/1 - RootRecord-Pacific-Solar-Server/Reports/scripts/worklog_once.sh"
2026-09-30T20:16:31-10:00job:worklog_scan | OK wrote/updated /home/rootrecord/RootRecord-Ecosystem/2 - RootRecord-Database/Worklog/worklog_current.md
2026-09-30T20:16:31-10:00job:security_camera_frame_grab RUN  bash "/home/rootrecord/RootRecord-Ecosystem/1 - Servers/1 - RootRecord-Pacific-Solar-Server/Security/Cameras/grab_all.sh"
2026-09-30T20:16:49-10:00job:security_camera_frame_grab | 20:16:31  📷  a-eyes  ch1 → ch1-20261001T061631Z.jpg  (271.7 KB, 4.43s)
2026-09-30T20:16:49-10:00job:security_camera_frame_grab | 20:16:35  📷  a-eyes  ch2 → ch2-20261001T061635Z.jpg  (121.6 KB, 4.42s)
2026-09-30T20:16:49-10:00job:security_camera_frame_grab | 20:16:40  📷  a-eyes  ch3 → ch3-20261001T061640Z.jpg  (359.7 KB, 4.62s)
2026-09-30T20:16:49-10:00job:security_camera_frame_grab | 20:16:44  📷  a-eyes  ch4 → ch4-20261001T061644Z.jpg  (223.2 KB, 4.18s)
2026-09-30T20:16:49-10:00job:voice_energy_report RUN  nice -n 10 python3 "/home/rootrecord/RootRecord-Ecosystem/1 - Servers/1 - RootRecord-Pacific-Solar-Server/Media/Voice/scripts/voice_reports.py" energy_report
2026-09-30T20:17:53-10:00job:voice_energy_report FAIL code=-15
2026-09-30T20:17:53-10:00HTTP listening on http://127.0.0.1:8799 (open access on bind)
2026-09-30T20:17:53-10:00boot:start  jobs=10
2026-09-30T20:17:53-10:00boot:run  priority=0  id=self_terminal
2026-09-30T20:17:53-10:00boot:p0 self_process pid=1525035
2026-09-30T20:17:53-10:00boot:run  priority=1  id=cloudflare_tunnel
2026-09-30T20:17:54-10:00boot:p1 cloudflare_tunnel host=rootserver.rootrecord.cloud
2026-09-30T20:17:54-10:00internet OK at boot — starting tunnel
2026-09-30T20:17:54-10:00Starting cloudflared mode=token public_host=rootserver.rootrecord.cloud
2026-09-30T20:17:54-10:00Waiting for tunnel register (timeout=45s)…
2026-09-30T20:17:54-10:00tunnel starting
2026-09-30T20:17:54-10:00tunnel connected  conn=0  edge=sjc07
2026-09-30T20:17:54-10:00Tunnel READY — first connection registered.
2026-09-30T20:17:54-10:00boot:run  priority=2  id=github_setup_remotes
2026-09-30T20:17:54-10:00tunnel ingress  rootserver.rootrecord.cloud → 127.0.0.1:8799
2026-09-30T20:17:55-10:00boot:run  priority=3  id=ollama_warmup
2026-09-30T20:17:55-10:00job:ollama_warmup RUN  bash '/home/rootrecord/RootRecord-Ecosystem/1 - Servers/1 - RootRecord-Pacific-Solar-Server/System/scripts/plumbing/ollama-warmup.sh'
2026-09-30T20:17:55-10:00job:ollama_warmup | [ok] ollama up
2026-09-30T20:17:55-10:00boot:run  priority=4  id=flm_npu_warmup
2026-09-30T20:17:55-10:00job:flm_npu_warmup RUN  bash '/home/rootrecord/RootRecord-Ecosystem/1 - Servers/1 - RootRecord-Pacific-Solar-Server/System/scripts/plumbing/flm-warmup.sh'
2026-09-30T20:17:55-10:00job:flm_npu_warmup | [skip] FLM warmup disabled (no resident model; set FLM_WARMUP_RESIDENT=1 to opt in)
2026-09-30T20:17:55-10:00boot:run  priority=5  id=council_relay
2026-09-30T20:17:55-10:00tunnel connected  conn=1  edge=lax11
2026-09-30T20:17:55-10:00job:council_relay RUN  bash "/home/rootrecord/RootRecord-Ecosystem/1 - Servers/1 - RootRecord-Pacific-Solar-Server/Communications/telegram/scripts/ensure-relay.sh"
2026-09-30T20:17:56-10:00tunnel connected  conn=2  edge=lax07
2026-09-30T20:17:57-10:00tunnel connected  conn=3  edge=sjc08
2026-09-30T20:17:58-10:00job:council_relay | [ok] council-relay started pid=1525349 → /home/rootrecord/RootRecord-Ecosystem/2 - RootRecord-Database/Logs/Communications/council-relay.log
2026-09-30T20:17:58-10:00boot:run  priority=6  id=security_camera_server
2026-09-30T20:17:58-10:00job:security_camera_server RUN  bash "/home/rootrecord/RootRecord-Ecosystem/1 - Servers/1 - RootRecord-Pacific-Solar-Server/Security/Cameras/ensure_cam_server.sh"
2026-09-30T20:17:58-10:00job:security_camera_server | security cam server started
2026-09-30T20:17:58-10:00boot:run  priority=7  id=security_timelapse_catchup
2026-09-30T20:17:58-10:00job:security_timelapse_catchup RUN  bash "/home/rootrecord/RootRecord-Ecosystem/1 - Servers/1 - RootRecord-Pacific-Solar-Server/Security/Cameras/timelapse_catchup.sh"
2026-09-30T20:17:58-10:00job:security_timelapse_catchup | 20:17:58  🎬  a-eyes-timelapse  catchup: checking 20260930, now=20:17 HST
2026-09-30T20:17:58-10:00job:security_timelapse_catchup | 20:17:58  🎬  a-eyes-timelapse  hour 05 has no frames yet, skipping
2026-09-30T20:17:58-10:00job:security_timelapse_catchup | 20:17:58  🎬  a-eyes-timelapse  hour 06 has no frames yet, skipping
2026-09-30T20:17:58-10:00job:security_timelapse_catchup | 20:17:58  🎬  a-eyes-timelapse  hour 07 has no frames yet, skipping
2026-09-30T20:17:58-10:00job:security_timelapse_catchup | 20:17:58  🎬  a-eyes-timelapse  hour 08 has no frames yet, skipping
2026-09-30T20:17:58-10:00job:security_timelapse_catchup | 20:17:58  🎬  a-eyes-timelapse  hour 09 has no frames yet, skipping
2026-09-30T20:17:58-10:00job:security_timelapse_catchup | 20:17:58  🎬  a-eyes-timelapse  hour 10 has no frames yet, skipping
2026-09-30T20:17:58-10:00job:security_timelapse_catchup | 20:17:58  🎬  a-eyes-timelapse  hour 11 has no frames yet, skipping
2026-09-30T20:17:58-10:00job:security_timelapse_catchup | 20:17:58  🎬  a-eyes-timelapse  hour 12 already compiled, skipping
2026-09-30T20:17:58-10:00job:security_timelapse_catchup | 20:17:58  🎬  a-eyes-timelapse  hour 13 already compiled, skipping
2026-09-30T20:17:58-10:00job:security_timelapse_catchup | 20:17:58  🎬  a-eyes-timelapse  hour 14 already compiled, skipping
2026-09-30T20:17:58-10:00job:security_timelapse_catchup | 20:17:58  🎬  a-eyes-timelapse  hour 15 already compiled, skipping
2026-09-30T20:17:58-10:00job:security_timelapse_catchup | 20:17:58  🎬  a-eyes-timelapse  hour 16 already compiled, skipping
2026-09-30T20:17:58-10:00job:security_timelapse_catchup | 20:17:58  🎬  a-eyes-timelapse  hour 17 already compiled, skipping
2026-09-30T20:17:58-10:00job:security_timelapse_catchup | 20:17:58  🎬  a-eyes-timelapse  hour 18 already compiled, skipping
2026-09-30T20:17:58-10:00job:security_timelapse_catchup | 20:17:58  🎬  a-eyes-timelapse  daily render already done, skipping
2026-09-30T20:17:58-10:00boot:run  priority=8  id=weather_poller
2026-09-30T20:17:58-10:00job:weather_poller RUN  bash "/home/rootrecord/RootRecord-Ecosystem/1 - Servers/1 - RootRecord-Pacific-Solar-Server/Weather/scripts/ensure-weather-poller.sh"
2026-09-30T20:17:58-10:00job:weather_poller | [ensure-weather-poller] already running -- nothing to do
2026-09-30T20:17:58-10:00boot:run  priority=9  id=network_globe_hawaii
2026-09-30T20:17:58-10:00job:network_globe_hawaii RUN  bash "/home/rootrecord/RootRecord-Ecosystem/1 - Servers/1 - RootRecord-Pacific-Solar-Server/Communications/network/scripts/ensure-network-globe-hawaii.sh"
2026-09-30T20:17:58-10:00job:network_globe_hawaii | [ensure-network-globe-hawaii] already running -- nothing to do
2026-09-30T20:17:58-10:00boot:done
2026-09-30T20:18:30-10:00  ▸  SUMMARY=delta2 soc=56.24% solar=0W ac_out=103W usbc=0W src=ble db=ok
2026-09-30T20:18:30-10:00scheduler  every_seconds=10  every_minute=10  every_hour=2  on_at=3
2026-09-30T20:18:30-10:00ENERGY  status=live  B2=56.2%  B1=86.8%  solar=0 W  ac=103 W  usbc=0 W  src=/home/rootrecord/RootRecord-Ecosystem/2 - RootRecord-Database/Energy  LAP=100%/Full/AC
2026-09-30T20:18:44-10:00  ▸  SUMMARY=delta2 soc=56.14% solar=0W ac_out=91W usbc=0W src=ble db=ok
2026-09-30T20:18:44-10:00job:sys_stats_cycle RUN  bash "/home/rootrecord/RootRecord-Ecosystem/1 - Servers/1 - RootRecord-Pacific-Solar-Server/System/scripts/sys-sample.sh"
2026-09-30T20:18:45-10:00job:sys_stats_cycle | SYSTEM  cpu=16%  load=3.03  mem=50%  src=sqlite
2026-09-30T20:18:45-10:00job:sys_stats_cycle | OK wrote /home/rootrecord/RootRecord-Ecosystem/2 - RootRecord-Database/System/samples/sys-20260930-201844.json
2026-09-30T20:19:44-10:00job:github_sync_all | ↑ [ecosystem] committed 4 local file(s)
2026-09-30T20:19:44-10:00job:github_sync_all | ↓ [ecosystem] fetching origin/main
2026-09-30T20:19:44-10:00job:github_sync_all | From github.com:RootRecord-Software-Solutions/RootRecord-Ecosystem
2026-09-30T20:19:44-10:00job:github_sync_all | * branch              main       -> FETCH_HEAD
2026-09-30T20:19:44-10:00job:github_sync_all | * [new branch]        main       -> origin/main
2026-09-30T20:19:44-10:00job:github_sync_all | ↑ [ecosystem] local is ahead of GitHub
2026-09-30T20:19:44-10:00job:github_sync_all | To github.com:RootRecord-Software-Solutions/RootRecord-Ecosystem.git
2026-09-30T20:19:44-10:00job:github_sync_all | f65a5152..d809f621  HEAD -> main
2026-09-30T20:19:44-10:00job:github_sync_all | branch 'main' set up to track 'origin/main'.
2026-09-30T20:19:44-10:00job:github_sync_all | ↑ [ecosystem] 4 files → RootRecord-Software-Solutions/RootRecord-Ecosystem (main)
2026-09-30T20:19:44-10:00job:github_sync_all | ↑ [pacific] committed 4 local file(s)
2026-09-30T20:19:44-10:00job:github_sync_all | ↓ [pacific] fetching origin/main
2026-09-30T20:19:44-10:00job:github_sync_all | From github.com:RootRecord-Software-Solutions/RootRecord-Pacific-Solar-Server
2026-09-30T20:19:44-10:00job:github_sync_all | * branch            main       -> FETCH_HEAD
2026-09-30T20:19:44-10:00job:github_sync_all | ↑ [pacific] local is ahead of GitHub
2026-09-30T20:19:44-10:00job:github_sync_all | To github.com:RootRecord-Software-Solutions/RootRecord-Pacific-Solar-Server.git
2026-09-30T20:19:44-10:00job:github_sync_all | dc9668f..cc2a9df  HEAD -> main
2026-09-30T20:19:44-10:00job:github_sync_all | branch 'main' set up to track 'origin/main'.
2026-09-30T20:19:44-10:00job:github_sync_all | ↑ [pacific] 4 files → RootRecord-Software-Solutions/RootRecord-Pacific-Solar-Server (main)
2026-09-30T20:19:44-10:00job:github_sync_all | ↑ [database] committed 19 local file(s)
2026-09-30T20:19:44-10:00job:github_sync_all | ↓ [database] fetching origin/main
2026-09-30T20:19:44-10:00job:github_sync_all | From github.com:RootRecord-Software-Solutions/RootRecord-Database
2026-09-30T20:19:44-10:00job:github_sync_all | * branch              main       -> FETCH_HEAD
2026-09-30T20:19:44-10:00job:github_sync_all | ↑ [database] local is ahead of GitHub
2026-09-30T20:19:44-10:00job:github_sync_all | To github.com:RootRecord-Software-Solutions/RootRecord-Database.git
2026-09-30T20:19:44-10:00job:github_sync_all | c1609bc7..7552fcb0  HEAD -> main
2026-09-30T20:19:44-10:00job:github_sync_all | branch 'main' set up to track 'origin/main'.
2026-09-30T20:19:44-10:00job:github_sync_all | ↑ [database] 19 files → RootRecord-Software-Solutions/RootRecord-Database (main)
2026-09-30T20:19:44-10:00job:github_sync_all | — [library] no local changes
2026-09-30T20:19:44-10:00job:github_sync_all | ↓ [library] fetching origin/main
2026-09-30T20:19:44-10:00job:github_sync_all | From github.com:RootRecord-Software-Solutions/RootRecord-Library
2026-09-30T20:19:44-10:00job:github_sync_all | * branch            main       -> FETCH_HEAD
2026-09-30T20:19:44-10:00job:github_sync_all | — [library] local and GitHub already match
2026-09-30T20:19:44-10:00job:github_sync_all | — [library] nothing to push
2026-09-30T20:19:44-10:00job:github_sync_all | — [website] no local changes
2026-09-30T20:19:44-10:00job:github_sync_all | ↓ [website] fetching origin/main
2026-09-30T20:19:44-10:00job:github_sync_all | From github.com:RootRecord-Software-Solutions/RootRecord-Website
2026-09-30T20:19:44-10:00job:github_sync_all | * branch            main       -> FETCH_HEAD
2026-09-30T20:19:44-10:00job:github_sync_all | — [website] local and GitHub already match
2026-09-30T20:19:44-10:00job:github_sync_all | — [website] nothing to push
2026-09-30T20:19:44-10:00job:worklog_scan RUN  bash "/home/rootrecord/RootRecord-Ecosystem/1 - Servers/1 - RootRecord-Pacific-Solar-Server/Reports/scripts/worklog_once.sh"
2026-09-30T20:19:47-10:00tunnel timeout — reconnecting
2026-09-30T20:19:47-10:00tunnel timeout — reconnecting
2026-09-30T20:19:47-10:00tunnel timeout — reconnecting
2026-09-30T20:19:48-10:00tunnel timeout — reconnecting
2026-09-30T20:19:48-10:00tunnel timeout — reconnecting
2026-09-30T20:19:48-10:00tunnel connected  conn=0  edge=lax01
2026-09-30T20:19:49-10:00tunnel timeout — reconnecting
2026-09-30T20:19:49-10:00tunnel timeout — reconnecting
2026-09-30T20:19:51-10:00job:worklog_scan | OK wrote/updated /home/rootrecord/RootRecord-Ecosystem/2 - RootRecord-Database/Worklog/worklog_current.md
2026-09-30T20:19:51-10:00job:security_camera_frame_grab RUN  bash "/home/rootrecord/RootRecord-Ecosystem/1 - Servers/1 - RootRecord-Pacific-Solar-Server/Security/Cameras/grab_all.sh"
2026-09-30T20:19:58-10:00tunnel connected  conn=2  edge=lax09
2026-09-30T20:19:58-10:00tunnel connected  conn=3  edge=lax01
2026-09-30T20:19:58-10:00tunnel connected  conn=1  edge=lax10
2026-09-30T20:20:08-10:00job:security_camera_frame_grab | 20:19:51  📷  a-eyes  ch1 → ch1-20261001T061951Z.jpg  (271.6 KB, 4.36s)
2026-09-30T20:20:08-10:00job:security_camera_frame_grab | 20:19:55  📷  a-eyes  ch2 → ch2-20261001T061955Z.jpg  (122.0 KB, 4.45s)
2026-09-30T20:20:08-10:00job:security_camera_frame_grab | 20:20:00  📷  a-eyes  ch3 → ch3-20261001T062000Z.jpg  (361.9 KB, 4.36s)
2026-09-30T20:20:08-10:00job:security_camera_frame_grab | 20:20:04  📷  a-eyes  ch4 → ch4-20261001T062004Z.jpg  (224.8 KB, 4.17s)
2026-09-30T20:20:08-10:00job:service_supervisor RUN  bash "/home/rootrecord/RootRecord-Ecosystem/1 - Servers/1 - RootRecord-Pacific-Solar-Server/Automations/scripts/supervise-services.sh"
2026-09-30T20:20:08-10:00job:service_supervisor | [supervisor] weather alive pid=764793 (act)
2026-09-30T20:20:08-10:00job:service_supervisor | [supervisor] relay alive pid=1525349 (act)
2026-09-30T20:20:08-10:00job:geology_collect RUN  nice -n 10 python3 "/home/rootrecord/RootRecord-Ecosystem/1 - Servers/1 - RootRecord-Pacific-Solar-Server/Geology/scripts/geology_collect.py" all
2026-09-30T20:20:13-10:00job:geology_collect | {"ok": true, "at": "2026-09-30T20:20:09-10:00", "what": "all", "dry_run": false, "sources": {"hawaii": {"ok": true, "count": 17, "new": 0, "new_m2": 0, "ms": 1135}, "global": {"ok": true, "count": 37, "new": 0, "ms": 245}, "hvo_notices": {"ok": true, "count": 44, "new": 0, "ms": 1995}, "hvo_status": {"ok": true, "volcanoes": 8, "kilauea": "WATCH", "mauna_loa": "NORMAL", "ms": 511}}}
2026-09-30T20:20:13-10:00job:system_net_sample RUN  nice -n 10 python3 "/home/rootrecord/RootRecord-Ecosystem/1 - Servers/1 - RootRecord-Pacific-Solar-Server/System/scripts/host_desks.py" net-sample
2026-09-30T20:20:13-10:00job:system_net_sample | {"ok": true, "file": "/home/rootrecord/RootRecord-Ecosystem/2 - RootRecord-Database/System/network/Daily/net-20260930.jsonl", "iface": "wlo1", "hour": {"seconds": 3656, "rx": 292901781, "tx": 112540564, "total": 405442345, "iface": "wlo1", "link": "wireless"}, "day": null}
2026-09-30T20:20:13-10:00job:discord_report_relay RUN  nice -n 10 python3 "/home/rootrecord/RootRecord-Ecosystem/1 - Servers/1 - RootRecord-Pacific-Solar-Server/Communications/Discord/scripts/report_relay.py"
2026-09-30T20:20:13-10:00job:discord_report_relay | same
2026-09-30T20:20:13-10:00ENERGY  status=live  B2=56.1%  B1=86.8%  solar=0 W  ac=91 W  usbc=0 W  src=/home/rootrecord/RootRecord-Ecosystem/2 - RootRecord-Database/Energy  LAP=100%/Full/AC
2026-09-30T20:20:28-10:00  ▸  SUMMARY=delta2 soc=55.74% solar=0W ac_out=104W usbc=0W src=ble db=ok
2026-09-30T20:20:28-10:00job:sys_stats_cycle RUN  bash "/home/rootrecord/RootRecord-Ecosystem/1 - Servers/1 - RootRecord-Pacific-Solar-Server/System/scripts/sys-sample.sh"
2026-09-30T20:20:29-10:00job:sys_stats_cycle | SYSTEM  cpu=22%  load=1.71  mem=49%  src=sqlite
2026-09-30T20:20:29-10:00job:sys_stats_cycle | OK wrote /home/rootrecord/RootRecord-Ecosystem/2 - RootRecord-Database/System/samples/sys-20260930-202029.json
2026-09-30T20:21:23-10:00job:github_sync_all | ↑ [ecosystem] committed 7 local file(s)
2026-09-30T20:21:23-10:00job:github_sync_all | ↓ [ecosystem] fetching origin/main
2026-09-30T20:21:23-10:00job:github_sync_all | From github.com:RootRecord-Software-Solutions/RootRecord-Ecosystem
2026-09-30T20:21:23-10:00job:github_sync_all | * branch              main       -> FETCH_HEAD
2026-09-30T20:21:23-10:00job:github_sync_all | ↑ [ecosystem] local is ahead of GitHub
2026-09-30T20:21:23-10:00job:github_sync_all | To github.com:RootRecord-Software-Solutions/RootRecord-Ecosystem.git
2026-09-30T20:21:23-10:00job:github_sync_all | d809f621..d43815a5  HEAD -> main
2026-09-30T20:21:23-10:00job:github_sync_all | branch 'main' set up to track 'origin/main'.
2026-09-30T20:21:23-10:00job:github_sync_all | ↑ [ecosystem] 7 files → RootRecord-Software-Solutions/RootRecord-Ecosystem (main)
2026-09-30T20:21:23-10:00job:github_sync_all | — [pacific] no local changes
2026-09-30T20:21:23-10:00job:github_sync_all | ↓ [pacific] fetching origin/main
2026-09-30T20:21:23-10:00job:github_sync_all | From github.com:RootRecord-Software-Solutions/RootRecord-Pacific-Solar-Server
2026-09-30T20:21:23-10:00job:github_sync_all | * branch            main       -> FETCH_HEAD
2026-09-30T20:21:23-10:00job:github_sync_all | — [pacific] local and GitHub already match
2026-09-30T20:21:23-10:00job:github_sync_all | — [pacific] nothing to push
2026-09-30T20:21:23-10:00job:github_sync_all | ↑ [database] committed 24 local file(s)
2026-09-30T20:21:23-10:00job:github_sync_all | ↓ [database] fetching origin/main
2026-09-30T20:21:23-10:00job:github_sync_all | From github.com:RootRecord-Software-Solutions/RootRecord-Database
2026-09-30T20:21:23-10:00job:github_sync_all | * branch              main       -> FETCH_HEAD
2026-09-30T20:21:23-10:00job:github_sync_all | ↑ [database] local is ahead of GitHub
2026-09-30T20:21:23-10:00job:github_sync_all | To github.com:RootRecord-Software-Solutions/RootRecord-Database.git
2026-09-30T20:21:23-10:00job:github_sync_all | 7552fcb0..768fa809  HEAD -> main
2026-09-30T20:21:23-10:00job:github_sync_all | branch 'main' set up to track 'origin/main'.
2026-09-30T20:21:23-10:00job:github_sync_all | ↑ [database] 24 files → RootRecord-Software-Solutions/RootRecord-Database (main)
2026-09-30T20:21:23-10:00job:github_sync_all | — [library] no local changes
2026-09-30T20:21:23-10:00job:github_sync_all | ↓ [library] fetching origin/main
2026-09-30T20:21:23-10:00job:github_sync_all | From github.com:RootRecord-Software-Solutions/RootRecord-Library
2026-09-30T20:21:23-10:00job:github_sync_all | * branch            main       -> FETCH_HEAD
2026-09-30T20:21:23-10:00job:github_sync_all | — [library] local and GitHub already match
2026-09-30T20:21:23-10:00job:github_sync_all | — [library] nothing to push
2026-09-30T20:21:23-10:00job:github_sync_all | — [website] no local changes
2026-09-30T20:21:23-10:00job:github_sync_all | ↓ [website] fetching origin/main
2026-09-30T20:21:23-10:00job:github_sync_all | From github.com:RootRecord-Software-Solutions/RootRecord-Website
2026-09-30T20:21:23-10:00job:github_sync_all | * branch            main       -> FETCH_HEAD
2026-09-30T20:21:23-10:00job:github_sync_all | — [website] local and GitHub already match
2026-09-30T20:21:23-10:00job:github_sync_all | — [website] nothing to push
2026-09-30T20:21:23-10:00job:worklog_scan RUN  bash "/home/rootrecord/RootRecord-Ecosystem/1 - Servers/1 - RootRecord-Pacific-Solar-Server/Reports/scripts/worklog_once.sh"
2026-09-30T20:21:26-10:00job:worklog_scan | OK wrote/updated /home/rootrecord/RootRecord-Ecosystem/2 - RootRecord-Database/Worklog/worklog_current.md
2026-09-30T20:21:26-10:00job:security_camera_frame_grab RUN  bash "/home/rootrecord/RootRecord-Ecosystem/1 - Servers/1 - RootRecord-Pacific-Solar-Server/Security/Cameras/grab_all.sh"
2026-09-30T20:21:44-10:00job:security_camera_frame_grab | 20:21:26  📷  a-eyes  ch1 → ch1-20261001T062126Z.jpg  (270.9 KB, 4.23s)
2026-09-30T20:21:44-10:00job:security_camera_frame_grab | 20:21:31  📷  a-eyes  ch2 → ch2-20261001T062131Z.jpg  (121.9 KB, 4.38s)
2026-09-30T20:21:44-10:00job:security_camera_frame_grab | 20:21:35  📷  a-eyes  ch3 → ch3-20261001T062135Z.jpg  (362.6 KB, 4.36s)
2026-09-30T20:21:44-10:00job:security_camera_frame_grab | 20:21:39  📷  a-eyes  ch4 → ch4-20261001T062139Z.jpg  (217.8 KB, 4.48s)
2026-09-30T20:21:44-10:00ENERGY  status=live  B2=55.7%  B1=86.8%  solar=0 W  ac=104 W  usbc=0 W  src=/home/rootrecord/RootRecord-Ecosystem/2 - RootRecord-Database/Energy  LAP=100%/Full/AC
2026-09-30T20:21:59-10:00  ▸  SUMMARY=delta2 soc=55.33% solar=0W ac_out=83W usbc=0W src=ble db=ok
2026-09-30T20:21:59-10:00job:sys_stats_cycle RUN  bash "/home/rootrecord/RootRecord-Ecosystem/1 - Servers/1 - RootRecord-Pacific-Solar-Server/System/scripts/sys-sample.sh"
2026-09-30T20:22:00-10:00job:sys_stats_cycle | SYSTEM  cpu=25%  load=5.26  mem=51%  src=sqlite
2026-09-30T20:22:00-10:00job:sys_stats_cycle | OK wrote /home/rootrecord/RootRecord-Ecosystem/2 - RootRecord-Database/System/samples/sys-20260930-202200.json
2026-09-30T20:22:51-10:00job:github_sync_all | ↑ [ecosystem] committed 1 local file(s)
2026-09-30T20:22:51-10:00job:github_sync_all | ↓ [ecosystem] fetching origin/main
2026-09-30T20:22:51-10:00job:github_sync_all | From github.com:RootRecord-Software-Solutions/RootRecord-Ecosystem
2026-09-30T20:22:51-10:00job:github_sync_all | * branch              main       -> FETCH_HEAD
2026-09-30T20:22:51-10:00job:github_sync_all | ↑ [ecosystem] local is ahead of GitHub
2026-09-30T20:22:51-10:00job:github_sync_all | To github.com:RootRecord-Software-Solutions/RootRecord-Ecosystem.git
2026-09-30T20:22:51-10:00job:github_sync_all | d43815a5..f2e81271  HEAD -> main
2026-09-30T20:22:51-10:00job:github_sync_all | branch 'main' set up to track 'origin/main'.
2026-09-30T20:22:51-10:00job:github_sync_all | ↑ [ecosystem] 1 files → RootRecord-Software-Solutions/RootRecord-Ecosystem (main)
2026-09-30T20:22:51-10:00job:github_sync_all | ↑ [pacific] committed 1 local file(s)
2026-09-30T20:22:51-10:00job:github_sync_all | ↓ [pacific] fetching origin/main
2026-09-30T20:22:51-10:00job:github_sync_all | From github.com:RootRecord-Software-Solutions/RootRecord-Pacific-Solar-Server
2026-09-30T20:22:51-10:00job:github_sync_all | * branch            main       -> FETCH_HEAD
2026-09-30T20:22:51-10:00job:github_sync_all | ↑ [pacific] local is ahead of GitHub
2026-09-30T20:22:51-10:00job:github_sync_all | To github.com:RootRecord-Software-Solutions/RootRecord-Pacific-Solar-Server.git
2026-09-30T20:22:51-10:00job:github_sync_all | cc2a9df..d8984ee  HEAD -> main
2026-09-30T20:22:51-10:00job:github_sync_all | branch 'main' set up to track 'origin/main'.
2026-09-30T20:22:51-10:00job:github_sync_all | ↑ [pacific] 1 files → RootRecord-Software-Solutions/RootRecord-Pacific-Solar-Server (main)
2026-09-30T20:22:51-10:00job:github_sync_all | ↑ [database] committed 15 local file(s)
2026-09-30T20:22:51-10:00job:github_sync_all | ↓ [database] fetching origin/main
2026-09-30T20:22:51-10:00job:github_sync_all | From github.com:RootRecord-Software-Solutions/RootRecord-Database
2026-09-30T20:22:51-10:00job:github_sync_all | * branch              main       -> FETCH_HEAD
2026-09-30T20:22:51-10:00job:github_sync_all | ↑ [database] local is ahead of GitHub
2026-09-30T20:22:51-10:00job:github_sync_all | To github.com:RootRecord-Software-Solutions/RootRecord-Database.git
2026-09-30T20:22:51-10:00job:github_sync_all | 768fa809..ce80a383  HEAD -> main
2026-09-30T20:22:51-10:00job:github_sync_all | branch 'main' set up to track 'origin/main'.
2026-09-30T20:22:51-10:00job:github_sync_all | ↑ [database] 15 files → RootRecord-Software-Solutions/RootRecord-Database (main)
2026-09-30T20:22:51-10:00job:github_sync_all | — [library] no local changes
2026-09-30T20:22:51-10:00job:github_sync_all | ↓ [library] fetching origin/main
2026-09-30T20:22:51-10:00job:github_sync_all | From github.com:RootRecord-Software-Solutions/RootRecord-Library
2026-09-30T20:22:51-10:00job:github_sync_all | * branch            main       -> FETCH_HEAD
2026-09-30T20:22:51-10:00job:github_sync_all | — [library] local and GitHub already match
2026-09-30T20:22:51-10:00job:github_sync_all | — [library] nothing to push
2026-09-30T20:22:51-10:00job:github_sync_all | — [website] no local changes
2026-09-30T20:22:51-10:00job:github_sync_all | ↓ [website] fetching origin/main
2026-09-30T20:22:51-10:00job:github_sync_all | From github.com:RootRecord-Software-Solutions/RootRecord-Website
2026-09-30T20:22:51-10:00job:github_sync_all | * branch            main       -> FETCH_HEAD
2026-09-30T20:22:51-10:00job:github_sync_all | — [website] local and GitHub already match
2026-09-30T20:22:51-10:00job:github_sync_all | — [website] nothing to push
2026-09-30T20:22:51-10:00job:worklog_scan RUN  bash "/home/rootrecord/RootRecord-Ecosystem/1 - Servers/1 - RootRecord-Pacific-Solar-Server/Reports/scripts/worklog_once.sh"
2026-09-30T20:22:54-10:00job:worklog_scan | OK wrote/updated /home/rootrecord/RootRecord-Ecosystem/2 - RootRecord-Database/Worklog/worklog_current.md
2026-09-30T20:22:54-10:00job:security_camera_frame_grab RUN  bash "/home/rootrecord/RootRecord-Ecosystem/1 - Servers/1 - RootRecord-Pacific-Solar-Server/Security/Cameras/grab_all.sh"
2026-09-30T20:23:12-10:00job:security_camera_frame_grab | 20:22:54  📷  a-eyes  ch1 → ch1-20261001T062254Z.jpg  (271.8 KB, 4.54s)
2026-09-30T20:23:12-10:00job:security_camera_frame_grab | 20:22:59  📷  a-eyes  ch2 → ch2-20261001T062259Z.jpg  (123.6 KB, 4.49s)
2026-09-30T20:23:12-10:00job:security_camera_frame_grab | 20:23:03  📷  a-eyes  ch3 → ch3-20261001T062303Z.jpg  (368.9 KB, 4.26s)
2026-09-30T20:23:12-10:00job:security_camera_frame_grab | 20:23:07  📷  a-eyes  ch4 → ch4-20261001T062307Z.jpg  (232.2 KB, 4.30s)
2026-09-30T20:23:12-10:00ENERGY  status=live  B2=55.3%  B1=86.8%  solar=0 W  ac=83 W  usbc=0 W  src=/home/rootrecord/RootRecord-Ecosystem/2 - RootRecord-Database/Energy  LAP=100%/Full/AC
2026-09-30T20:23:27-10:00  ▸  SUMMARY=delta2 soc=55.03% solar=0W ac_out=97W usbc=0W src=ble db=ok
2026-09-30T20:23:27-10:00job:sys_stats_cycle RUN  bash "/home/rootrecord/RootRecord-Ecosystem/1 - Servers/1 - RootRecord-Pacific-Solar-Server/System/scripts/sys-sample.sh"
2026-09-30T20:23:28-10:00job:sys_stats_cycle | SYSTEM  cpu=50%  load=3.81  mem=54%  src=sqlite
2026-09-30T20:23:28-10:00job:sys_stats_cycle | OK wrote /home/rootrecord/RootRecord-Ecosystem/2 - RootRecord-Database/System/samples/sys-20260930-202327.json
2026-09-30T20:24:19-10:00job:github_sync_all | ↑ [ecosystem] committed 5 local file(s)
2026-09-30T20:24:19-10:00job:github_sync_all | ↓ [ecosystem] fetching origin/main
2026-09-30T20:24:19-10:00job:github_sync_all | From github.com:RootRecord-Software-Solutions/RootRecord-Ecosystem
2026-09-30T20:24:19-10:00job:github_sync_all | * branch              main       -> FETCH_HEAD
2026-09-30T20:24:19-10:00job:github_sync_all | ↑ [ecosystem] local is ahead of GitHub
2026-09-30T20:24:19-10:00job:github_sync_all | To github.com:RootRecord-Software-Solutions/RootRecord-Ecosystem.git
2026-09-30T20:24:19-10:00job:github_sync_all | f2e81271..360eb31d  HEAD -> main
2026-09-30T20:24:19-10:00job:github_sync_all | branch 'main' set up to track 'origin/main'.
2026-09-30T20:24:19-10:00job:github_sync_all | ↑ [ecosystem] 5 files → RootRecord-Software-Solutions/RootRecord-Ecosystem (main)
2026-09-30T20:24:19-10:00job:github_sync_all | ↑ [pacific] committed 2 local file(s)
2026-09-30T20:24:19-10:00job:github_sync_all | ↓ [pacific] fetching origin/main
2026-09-30T20:24:19-10:00job:github_sync_all | From github.com:RootRecord-Software-Solutions/RootRecord-Pacific-Solar-Server
2026-09-30T20:24:19-10:00job:github_sync_all | * branch            main       -> FETCH_HEAD
2026-09-30T20:24:19-10:00job:github_sync_all | ↑ [pacific] local is ahead of GitHub
2026-09-30T20:24:19-10:00job:github_sync_all | To github.com:RootRecord-Software-Solutions/RootRecord-Pacific-Solar-Server.git
2026-09-30T20:24:19-10:00job:github_sync_all | d8984ee..50d932f  HEAD -> main
2026-09-30T20:24:19-10:00job:github_sync_all | branch 'main' set up to track 'origin/main'.
2026-09-30T20:24:19-10:00job:github_sync_all | ↑ [pacific] 2 files → RootRecord-Software-Solutions/RootRecord-Pacific-Solar-Server (main)
2026-09-30T20:24:19-10:00job:github_sync_all | ↑ [database] committed 15 local file(s)
2026-09-30T20:24:19-10:00job:github_sync_all | ↓ [database] fetching origin/main
2026-09-30T20:24:19-10:00job:github_sync_all | From github.com:RootRecord-Software-Solutions/RootRecord-Database
2026-09-30T20:24:19-10:00job:github_sync_all | * branch              main       -> FETCH_HEAD
2026-09-30T20:24:19-10:00job:github_sync_all | ↑ [database] local is ahead of GitHub
2026-09-30T20:24:19-10:00job:github_sync_all | To github.com:RootRecord-Software-Solutions/RootRecord-Database.git
2026-09-30T20:24:19-10:00job:github_sync_all | ce80a383..6ded6c39  HEAD -> main
2026-09-30T20:24:19-10:00job:github_sync_all | branch 'main' set up to track 'origin/main'.
2026-09-30T20:24:19-10:00job:github_sync_all | ↑ [database] 15 files → RootRecord-Software-Solutions/RootRecord-Database (main)
2026-09-30T20:24:19-10:00job:github_sync_all | ↑ [library] committed 3 local file(s)
2026-09-30T20:24:19-10:00job:github_sync_all | ↓ [library] fetching origin/main
2026-09-30T20:24:19-10:00job:github_sync_all | From github.com:RootRecord-Software-Solutions/RootRecord-Library
2026-09-30T20:24:19-10:00job:github_sync_all | * branch            main       -> FETCH_HEAD
2026-09-30T20:24:19-10:00job:github_sync_all | ↑ [library] local is ahead of GitHub
2026-09-30T20:24:19-10:00job:github_sync_all | To github.com:RootRecord-Software-Solutions/RootRecord-Library.git
2026-09-30T20:24:19-10:00job:github_sync_all | aa55535..8e0a515  HEAD -> main
2026-09-30T20:24:19-10:00job:github_sync_all | branch 'main' set up to track 'origin/main'.
2026-09-30T20:24:19-10:00job:github_sync_all | ↑ [library] 3 files → RootRecord-Software-Solutions/RootRecord-Library (main)
2026-09-30T20:24:19-10:00job:github_sync_all | — [website] no local changes
2026-09-30T20:24:19-10:00job:github_sync_all | ↓ [website] fetching origin/main
2026-09-30T20:24:19-10:00job:github_sync_all | From github.com:RootRecord-Software-Solutions/RootRecord-Website
2026-09-30T20:24:19-10:00job:github_sync_all | * branch            main       -> FETCH_HEAD
2026-09-30T20:24:19-10:00job:security_camera_frame_grab RUN  bash "/home/rootrecord/RootRecord-Ecosystem/1 - Servers/1 - RootRecord-Pacific-Solar-Server/Security/Cameras/grab_all.sh"
2026-09-30T20:24:37-10:00job:security_camera_frame_grab | 20:24:19  📷  a-eyes  ch1 → ch1-20261001T062419Z.jpg  (271.9 KB, 4.44s)
2026-09-30T20:24:37-10:00job:security_camera_frame_grab | 20:24:23  📷  a-eyes  ch2 → ch2-20261001T062423Z.jpg  (122.2 KB, 4.49s)
2026-09-30T20:24:37-10:00job:security_camera_frame_grab | 20:24:28  📷  a-eyes  ch3 → ch3-20261001T062428Z.jpg  (333.4 KB, 4.57s)
2026-09-30T20:24:37-10:00job:security_camera_frame_grab | 20:24:32  📷  a-eyes  ch4 → ch4-20261001T062432Z.jpg  (221.0 KB, 4.36s)
2026-09-30T20:24:37-10:00ENERGY  status=live  B2=55.0%  B1=86.8%  solar=0 W  ac=97 W  usbc=0 W  src=/home/rootrecord/RootRecord-Ecosystem/2 - RootRecord-Database/Energy  LAP=100%/Full/AC
2026-09-30T20:24:54-10:00  ▸  SUMMARY=river2pro soc=86.32% solar=0W ac_out=0W usbc=29W src=ble+cloud db=ok
2026-09-30T20:24:54-10:00job:sys_stats_cycle RUN  bash "/home/rootrecord/RootRecord-Ecosystem/1 - Servers/1 - RootRecord-Pacific-Solar-Server/System/scripts/sys-sample.sh"
2026-09-30T20:24:55-10:00job:sys_stats_cycle | SYSTEM  cpu=21%  load=4.96  mem=56%  src=sqlite
2026-09-30T20:24:55-10:00job:sys_stats_cycle | OK wrote /home/rootrecord/RootRecord-Ecosystem/2 - RootRecord-Database/System/samples/sys-20260930-202454.json
2026-09-30T20:25:52-10:00job:github_sync_all | ↑ [ecosystem] committed 9 local file(s)
2026-09-30T20:25:52-10:00job:github_sync_all | ↓ [ecosystem] fetching origin/main
2026-09-30T20:25:52-10:00job:github_sync_all | From github.com:RootRecord-Software-Solutions/RootRecord-Ecosystem
2026-09-30T20:25:52-10:00job:github_sync_all | * branch              main       -> FETCH_HEAD
2026-09-30T20:25:52-10:00job:github_sync_all | ↑ [ecosystem] local is ahead of GitHub
2026-09-30T20:25:52-10:00job:github_sync_all | To github.com:RootRecord-Software-Solutions/RootRecord-Ecosystem.git
2026-09-30T20:25:52-10:00job:github_sync_all | 360eb31d..237ed0d7  HEAD -> main
2026-09-30T20:25:52-10:00job:github_sync_all | branch 'main' set up to track 'origin/main'.
2026-09-30T20:25:52-10:00job:github_sync_all | ↑ [ecosystem] 9 files → RootRecord-Software-Solutions/RootRecord-Ecosystem (main)
2026-09-30T20:25:52-10:00job:github_sync_all | ↑ [pacific] committed 1 local file(s)
2026-09-30T20:25:52-10:00job:github_sync_all | ↓ [pacific] fetching origin/main
2026-09-30T20:25:52-10:00job:github_sync_all | From github.com:RootRecord-Software-Solutions/RootRecord-Pacific-Solar-Server
2026-09-30T20:25:52-10:00job:github_sync_all | * branch            main       -> FETCH_HEAD
2026-09-30T20:25:52-10:00job:github_sync_all | ↑ [pacific] local is ahead of GitHub
2026-09-30T20:25:52-10:00job:github_sync_all | To github.com:RootRecord-Software-Solutions/RootRecord-Pacific-Solar-Server.git
2026-09-30T20:25:52-10:00job:github_sync_all | 50d932f..88bdfcf  HEAD -> main
2026-09-30T20:25:52-10:00job:github_sync_all | branch 'main' set up to track 'origin/main'.
2026-09-30T20:25:52-10:00job:github_sync_all | ↑ [pacific] 1 files → RootRecord-Software-Solutions/RootRecord-Pacific-Solar-Server (main)
2026-09-30T20:25:52-10:00job:github_sync_all | ↑ [database] committed 12 local file(s)
2026-09-30T20:25:52-10:00job:github_sync_all | ↓ [database] fetching origin/main
2026-09-30T20:25:52-10:00job:github_sync_all | From github.com:RootRecord-Software-Solutions/RootRecord-Database
2026-09-30T20:25:52-10:00job:github_sync_all | * branch              main       -> FETCH_HEAD
2026-09-30T20:25:52-10:00job:github_sync_all | ↑ [database] local is ahead of GitHub
2026-09-30T20:25:52-10:00job:github_sync_all | To github.com:RootRecord-Software-Solutions/RootRecord-Database.git
2026-09-30T20:25:52-10:00job:github_sync_all | 6ded6c39..5ddcc098  HEAD -> main
2026-09-30T20:25:52-10:00job:github_sync_all | branch 'main' set up to track 'origin/main'.
2026-09-30T20:25:52-10:00job:github_sync_all | ↑ [database] 12 files → RootRecord-Software-Solutions/RootRecord-Database (main)
2026-09-30T20:25:52-10:00job:github_sync_all | ↑ [library] committed 6 local file(s)
2026-09-30T20:25:52-10:00job:github_sync_all | ↓ [library] fetching origin/main
2026-09-30T20:25:52-10:00job:github_sync_all | From github.com:RootRecord-Software-Solutions/RootRecord-Library
2026-09-30T20:25:52-10:00job:github_sync_all | * branch            main       -> FETCH_HEAD
2026-09-30T20:25:52-10:00job:github_sync_all | ↑ [library] local is ahead of GitHub
2026-09-30T20:25:52-10:00job:github_sync_all | To github.com:RootRecord-Software-Solutions/RootRecord-Library.git
2026-09-30T20:25:52-10:00job:github_sync_all | 8e0a515..a4f48b1  HEAD -> main
2026-09-30T20:25:52-10:00job:github_sync_all | branch 'main' set up to track 'origin/main'.
2026-09-30T20:25:52-10:00job:github_sync_all | ↑ [library] 6 files → RootRecord-Software-Solutions/RootRecord-Library (main)
2026-09-30T20:25:52-10:00job:github_sync_all | — [website] no local changes
2026-09-30T20:25:52-10:00job:github_sync_all | ↓ [website] fetching origin/main
2026-09-30T20:25:52-10:00job:github_sync_all | From github.com:RootRecord-Software-Solutions/RootRecord-Website
2026-09-30T20:25:52-10:00job:github_sync_all | * branch            main       -> FETCH_HEAD
2026-09-30T20:25:52-10:00job:worklog_scan RUN  bash "/home/rootrecord/RootRecord-Ecosystem/1 - Servers/1 - RootRecord-Pacific-Solar-Server/Reports/scripts/worklog_once.sh"
2026-09-30T20:25:56-10:00job:worklog_scan | OK wrote/updated /home/rootrecord/RootRecord-Ecosystem/2 - RootRecord-Database/Worklog/worklog_current.md
2026-09-30T20:25:56-10:00job:security_camera_frame_grab RUN  bash "/home/rootrecord/RootRecord-Ecosystem/1 - Servers/1 - RootRecord-Pacific-Solar-Server/Security/Cameras/grab_all.sh"
2026-09-30T20:26:14-10:00job:security_camera_frame_grab | 20:25:56  📷  a-eyes  ch1 → ch1-20261001T062556Z.jpg  (272.1 KB, 4.48s)
2026-09-30T20:26:14-10:00job:security_camera_frame_grab | 20:26:00  📷  a-eyes  ch2 → ch2-20261001T062600Z.jpg  (122.7 KB, 4.46s)
2026-09-30T20:26:14-10:00job:security_camera_frame_grab | 20:26:05  📷  a-eyes  ch3 → ch3-20261001T062605Z.jpg  (363.5 KB, 4.39s)
2026-09-30T20:26:14-10:00job:security_camera_frame_grab | 20:26:09  📷  a-eyes  ch4 → ch4-20261001T062609Z.jpg  (225.8 KB, 4.32s)
2026-09-30T20:26:14-10:00job:service_supervisor RUN  bash "/home/rootrecord/RootRecord-Ecosystem/1 - Servers/1 - RootRecord-Pacific-Solar-Server/Automations/scripts/supervise-services.sh"
2026-09-30T20:26:14-10:00job:service_supervisor | [supervisor] weather alive pid=764793 (act)
2026-09-30T20:26:14-10:00job:service_supervisor | [supervisor] relay alive pid=1525349 (act)
2026-09-30T20:26:14-10:00job:geology_collect RUN  nice -n 10 python3 "/home/rootrecord/RootRecord-Ecosystem/1 - Servers/1 - RootRecord-Pacific-Solar-Server/Geology/scripts/geology_collect.py" all
2026-09-30T20:26:16-10:00job:geology_collect | {"ok": true, "at": "2026-09-30T20:26:14-10:00", "what": "all", "dry_run": false, "sources": {"hawaii": {"ok": true, "count": 18, "new": 1, "new_m2": 0, "ms": 786}, "global": {"ok": true, "count": 37, "new": 0, "ms": 225}, "hvo_notices": {"ok": true, "count": 44, "new": 0, "ms": 529}, "hvo_status": {"ok": true, "volcanoes": 8, "kilauea": "WATCH", "mauna_loa": "NORMAL", "ms": 524}}}
2026-09-30T20:26:16-10:00job:system_net_sample RUN  nice -n 10 python3 "/home/rootrecord/RootRecord-Ecosystem/1 - Servers/1 - RootRecord-Pacific-Solar-Server/System/scripts/host_desks.py" net-sample
2026-09-30T20:26:16-10:00job:system_net_sample | {"ok": true, "file": "/home/rootrecord/RootRecord-Ecosystem/2 - RootRecord-Database/System/network/Daily/net-20260930.jsonl", "iface": "wlo1", "hour": {"seconds": 3662, "rx": 279773866, "tx": 109411180, "total": 389185046, "iface": "wlo1", "link": "wireless"}, "day": null}
2026-09-30T20:26:16-10:00job:discord_report_relay RUN  nice -n 10 python3 "/home/rootrecord/RootRecord-Ecosystem/1 - Servers/1 - RootRecord-Pacific-Solar-Server/Communications/Discord/scripts/report_relay.py"
2026-09-30T20:26:16-10:00job:discord_report_relay | same
2026-09-30T20:26:17-10:00ENERGY  status=live  B2=55.0%  B1=86.3%  solar=0 W  ac=97 W  usbc=0 W  src=/home/rootrecord/RootRecord-Ecosystem/2 - RootRecord-Database/Energy  LAP=100%/Full/AC
2026-09-30T20:26:32-10:00  ▸  SUMMARY=river2pro soc=86.21% solar=0W ac_out=0W usbc=26W src=ble+cloud db=ok
2026-09-30T20:26:32-10:00job:sys_stats_cycle RUN  bash "/home/rootrecord/RootRecord-Ecosystem/1 - Servers/1 - RootRecord-Pacific-Solar-Server/System/scripts/sys-sample.sh"
2026-09-30T20:26:34-10:00job:sys_stats_cycle | SYSTEM  cpu=41%  load=3.26  mem=56%  src=sqlite
2026-09-30T20:26:34-10:00job:sys_stats_cycle | OK wrote /home/rootrecord/RootRecord-Ecosystem/2 - RootRecord-Database/System/samples/sys-20260930-202633.json
2026-09-30T20:27:23-10:00job:github_sync_all | ↑ [ecosystem] committed 17 local file(s)
2026-09-30T20:27:23-10:00job:github_sync_all | ↓ [ecosystem] fetching origin/main
2026-09-30T20:27:23-10:00job:github_sync_all | From github.com:RootRecord-Software-Solutions/RootRecord-Ecosystem
2026-09-30T20:27:23-10:00job:github_sync_all | * branch              main       -> FETCH_HEAD
2026-09-30T20:27:23-10:00job:github_sync_all | ↑ [ecosystem] local is ahead of GitHub
2026-09-30T20:27:23-10:00job:github_sync_all | To github.com:RootRecord-Software-Solutions/RootRecord-Ecosystem.git
2026-09-30T20:27:23-10:00job:github_sync_all | 237ed0d7..4f84f524  HEAD -> main
2026-09-30T20:27:23-10:00job:github_sync_all | branch 'main' set up to track 'origin/main'.
2026-09-30T20:27:23-10:00job:github_sync_all | ↑ [ecosystem] 17 files → RootRecord-Software-Solutions/RootRecord-Ecosystem (main)
2026-09-30T20:27:23-10:00job:github_sync_all | ↑ [pacific] committed 7 local file(s)
2026-09-30T20:27:23-10:00job:github_sync_all | ↓ [pacific] fetching origin/main
2026-09-30T20:27:23-10:00job:github_sync_all | From github.com:RootRecord-Software-Solutions/RootRecord-Pacific-Solar-Server
2026-09-30T20:27:23-10:00job:github_sync_all | * branch            main       -> FETCH_HEAD
2026-09-30T20:27:23-10:00job:github_sync_all | ↑ [pacific] local is ahead of GitHub
2026-09-30T20:27:23-10:00job:github_sync_all | To github.com:RootRecord-Software-Solutions/RootRecord-Pacific-Solar-Server.git
2026-09-30T20:27:23-10:00job:github_sync_all | 88bdfcf..0042c81  HEAD -> main
2026-09-30T20:27:23-10:00job:github_sync_all | branch 'main' set up to track 'origin/main'.
2026-09-30T20:27:23-10:00job:github_sync_all | ↑ [pacific] 7 files → RootRecord-Software-Solutions/RootRecord-Pacific-Solar-Server (main)
2026-09-30T20:27:23-10:00job:github_sync_all | ↑ [database] committed 24 local file(s)
2026-09-30T20:27:23-10:00job:github_sync_all | ↓ [database] fetching origin/main
2026-09-30T20:27:23-10:00job:github_sync_all | From github.com:RootRecord-Software-Solutions/RootRecord-Database
2026-09-30T20:27:23-10:00job:github_sync_all | * branch              main       -> FETCH_HEAD
2026-09-30T20:27:23-10:00job:github_sync_all | ↑ [database] local is ahead of GitHub
2026-09-30T20:27:23-10:00job:github_sync_all | To github.com:RootRecord-Software-Solutions/RootRecord-Database.git
2026-09-30T20:27:23-10:00job:github_sync_all | 5ddcc098..97da4c55  HEAD -> main
2026-09-30T20:27:23-10:00job:github_sync_all | branch 'main' set up to track 'origin/main'.
2026-09-30T20:27:23-10:00job:github_sync_all | ↑ [database] 24 files → RootRecord-Software-Solutions/RootRecord-Database (main)
2026-09-30T20:27:23-10:00job:github_sync_all | ↑ [library] committed 4 local file(s)
2026-09-30T20:27:23-10:00job:github_sync_all | ↓ [library] fetching origin/main
2026-09-30T20:27:23-10:00job:github_sync_all | From github.com:RootRecord-Software-Solutions/RootRecord-Library
2026-09-30T20:27:23-10:00job:github_sync_all | * branch            main       -> FETCH_HEAD
2026-09-30T20:27:23-10:00job:github_sync_all | ↑ [library] local is ahead of GitHub
2026-09-30T20:27:23-10:00job:github_sync_all | To github.com:RootRecord-Software-Solutions/RootRecord-Library.git
2026-09-30T20:27:23-10:00job:github_sync_all | a4f48b1..718c007  HEAD -> main
2026-09-30T20:27:23-10:00job:github_sync_all | branch 'main' set up to track 'origin/main'.
2026-09-30T20:27:23-10:00job:github_sync_all | ↑ [library] 4 files → RootRecord-Software-Solutions/RootRecord-Library (main)
2026-09-30T20:27:23-10:00job:github_sync_all | ↑ [website] committed 2 local file(s)
2026-09-30T20:27:23-10:00job:github_sync_all | ↓ [website] fetching origin/main
2026-09-30T20:27:23-10:00job:github_sync_all | From github.com:RootRecord-Software-Solutions/RootRecord-Website
2026-09-30T20:27:23-10:00job:github_sync_all | * branch            main       -> FETCH_HEAD
2026-09-30T20:27:23-10:00job:worklog_scan RUN  bash "/home/rootrecord/RootRecord-Ecosystem/1 - Servers/1 - RootRecord-Pacific-Solar-Server/Reports/scripts/worklog_once.sh"
2026-09-30T20:27:27-10:00job:worklog_scan | OK wrote/updated /home/rootrecord/RootRecord-Ecosystem/2 - RootRecord-Database/Worklog/worklog_current.md
2026-09-30T20:27:27-10:00job:security_camera_frame_grab RUN  bash "/home/rootrecord/RootRecord-Ecosystem/1 - Servers/1 - RootRecord-Pacific-Solar-Server/Security/Cameras/grab_all.sh"
2026-09-30T20:27:45-10:00job:security_camera_frame_grab | 20:27:27  📷  a-eyes  ch1 → ch1-20261001T062727Z.jpg  (272.5 KB, 4.27s)
2026-09-30T20:27:45-10:00job:security_camera_frame_grab | 20:27:31  📷  a-eyes  ch2 → ch2-20261001T062731Z.jpg  (121.9 KB, 4.52s)
2026-09-30T20:27:45-10:00job:security_camera_frame_grab | 20:27:36  📷  a-eyes  ch3 → ch3-20261001T062736Z.jpg  (331.7 KB, 4.83s)
2026-09-30T20:27:45-10:00job:security_camera_frame_grab | 20:27:40  📷  a-eyes  ch4 → ch4-20261001T062740Z.jpg  (218.8 KB, 4.47s)
2026-09-30T20:27:45-10:00ENERGY  status=live  B2=55.0%  B1=86.2%  solar=0 W  ac=97 W  usbc=0 W  src=/home/rootrecord/RootRecord-Ecosystem/2 - RootRecord-Database/Energy  LAP=100%/Full/AC
2026-09-30T20:28:02-10:00  ▸  SUMMARY=river2pro soc=86.11% solar=0W ac_out=0W usbc=23W src=ble+cloud db=ok
2026-09-30T20:28:02-10:00job:sys_stats_cycle RUN  bash "/home/rootrecord/RootRecord-Ecosystem/1 - Servers/1 - RootRecord-Pacific-Solar-Server/System/scripts/sys-sample.sh"
2026-09-30T20:28:04-10:00job:sys_stats_cycle | SYSTEM  cpu=43%  load=2.99  mem=58%  src=sqlite
2026-09-30T20:28:04-10:00job:sys_stats_cycle | OK wrote /home/rootrecord/RootRecord-Ecosystem/2 - RootRecord-Database/System/samples/sys-20260930-202803.json
2026-09-30T20:28:51-10:00job:github_sync_all FAIL code=-15
2026-09-30T20:28:51-10:00job:github_sync_all ! ↑ [ecosystem] committed 14 local file(s)
2026-09-30T20:28:51-10:00job:github_sync_all ! ↓ [ecosystem] fetching origin/main
2026-09-30T20:28:51-10:00job:github_sync_all ! From github.com:RootRecord-Software-Solutions/RootRecord-Ecosystem
2026-09-30T20:28:51-10:00job:github_sync_all !  * branch              main       -> FETCH_HEAD
2026-09-30T20:28:51-10:00job:github_sync_all ! ↑ [ecosystem] local is ahead of GitHub
2026-09-30T20:28:51-10:00job:github_sync_all ! To github.com:RootRecord-Software-Solutions/RootRecord-Ecosystem.git
2026-09-30T20:28:51-10:00job:github_sync_all !    4f84f524..4134825b  HEAD -> main
2026-09-30T20:28:51-10:00job:github_sync_all ! branch 'main' set up to track 'origin/main'.
2026-09-30T20:28:51-10:00job:github_sync_all ! ↑ [ecosystem] 14 files → RootRecord-Software-Solutions/RootRecord-Ecosystem (main)
2026-09-30T20:28:51-10:00job:github_sync_all ! ↑ [pacific] committed 5 local file(s)
2026-09-30T20:28:51-10:00job:github_sync_all ! ↓ [pacific] fetching origin/main
2026-09-30T20:28:51-10:00job:github_sync_all ! From github.com:RootRecord-Software-Solutions/RootRecord-Pacific-Solar-Server
2026-09-30T20:28:51-10:00job:github_sync_all !  * branch            main       -> FETCH_HEAD
2026-09-30T20:28:51-10:00job:github_sync_all ! ↑ [pacific] local is ahead of GitHub
2026-09-30T20:28:51-10:00job:github_sync_all ! To github.com:RootRecord-Software-Solutions/RootRecord-Pacific-Solar-Server.git
2026-09-30T20:28:51-10:00job:github_sync_all !    0042c81..ac1cba4  HEAD -> main
2026-09-30T20:28:51-10:00job:github_sync_all ! branch 'main' set up to track 'origin/main'.
2026-09-30T20:28:51-10:00job:github_sync_all ! ↑ [pacific] 5 files → RootRecord-Software-Solutions/RootRecord-Pacific-Solar-Server (main)
2026-09-30T20:28:51-10:00job:github_sync_all ! ↑ [database] committed 16 local file(s)
2026-09-30T20:28:51-10:00job:github_sync_all ! ↓ [database] fetching origin/main
2026-09-30T20:28:52-10:00HTTP listening on http://127.0.0.1:8799 (open access on bind)
2026-09-30T20:28:52-10:00boot:start  jobs=10
2026-09-30T20:28:52-10:00boot:run  priority=0  id=self_terminal
2026-09-30T20:28:52-10:00boot:p0 self_process pid=1575787
2026-09-30T20:28:52-10:00boot:run  priority=1  id=cloudflare_tunnel
2026-09-30T20:28:52-10:00boot:p1 cloudflare_tunnel host=rootserver.rootrecord.cloud
2026-09-30T20:28:52-10:00internet OK at boot — starting tunnel
2026-09-30T20:28:52-10:00Starting cloudflared mode=token public_host=rootserver.rootrecord.cloud
2026-09-30T20:28:52-10:00Waiting for tunnel register (timeout=45s)…
2026-09-30T20:28:52-10:00tunnel starting
2026-09-30T20:28:53-10:00tunnel connected  conn=0  edge=lax08
2026-09-30T20:28:53-10:00Tunnel READY — first connection registered.
2026-09-30T20:28:53-10:00boot:run  priority=2  id=github_setup_remotes
2026-09-30T20:28:53-10:00tunnel ingress  rootserver.rootrecord.cloud → 127.0.0.1:8799
2026-09-30T20:28:53-10:00boot:run  priority=3  id=ollama_warmup
2026-09-30T20:28:53-10:00job:ollama_warmup RUN  bash '/home/rootrecord/RootRecord-Ecosystem/1 - Servers/1 - RootRecord-Pacific-Solar-Server/System/scripts/plumbing/ollama-warmup.sh'
2026-09-30T20:28:53-10:00job:ollama_warmup | [ok] ollama up
2026-09-30T20:28:53-10:00boot:run  priority=4  id=flm_npu_warmup
2026-09-30T20:28:53-10:00job:flm_npu_warmup RUN  bash '/home/rootrecord/RootRecord-Ecosystem/1 - Servers/1 - RootRecord-Pacific-Solar-Server/System/scripts/plumbing/flm-warmup.sh'
2026-09-30T20:28:53-10:00tunnel connected  conn=1  edge=lax01
2026-09-30T20:28:53-10:00job:flm_npu_warmup | [skip] FLM warmup disabled (no resident model; set FLM_WARMUP_RESIDENT=1 to opt in)
2026-09-30T20:28:53-10:00boot:run  priority=5  id=council_relay
2026-09-30T20:28:53-10:00job:council_relay RUN  bash "/home/rootrecord/RootRecord-Ecosystem/1 - Servers/1 - RootRecord-Pacific-Solar-Server/Communications/telegram/scripts/ensure-relay.sh"
2026-09-30T20:28:54-10:00tunnel connected  conn=2  edge=lax11
2026-09-30T20:28:55-10:00tunnel connected  conn=3  edge=lax01
2026-09-30T20:28:56-10:00job:council_relay | [ok] council-relay started pid=1576109 → /home/rootrecord/RootRecord-Ecosystem/2 - RootRecord-Database/Logs/Communications/council-relay.log
2026-09-30T20:28:56-10:00boot:run  priority=6  id=security_camera_server
2026-09-30T20:28:56-10:00job:security_camera_server RUN  bash "/home/rootrecord/RootRecord-Ecosystem/1 - Servers/1 - RootRecord-Pacific-Solar-Server/Security/Cameras/ensure_cam_server.sh"
2026-09-30T20:28:56-10:00job:security_camera_server | security cam server started
2026-09-30T20:28:56-10:00boot:run  priority=7  id=security_timelapse_catchup
2026-09-30T20:28:56-10:00job:security_timelapse_catchup RUN  bash "/home/rootrecord/RootRecord-Ecosystem/1 - Servers/1 - RootRecord-Pacific-Solar-Server/Security/Cameras/timelapse_catchup.sh"
2026-09-30T20:28:57-10:00job:security_timelapse_catchup | 20:28:57  🎬  a-eyes-timelapse  catchup: checking 20260930, now=20:28 HST
2026-09-30T20:28:57-10:00job:security_timelapse_catchup | 20:28:57  🎬  a-eyes-timelapse  hour 05 has no frames yet, skipping
2026-09-30T20:28:57-10:00job:security_timelapse_catchup | 20:28:57  🎬  a-eyes-timelapse  hour 06 has no frames yet, skipping
2026-09-30T20:28:57-10:00job:security_timelapse_catchup | 20:28:57  🎬  a-eyes-timelapse  hour 07 has no frames yet, skipping
2026-09-30T20:28:57-10:00job:security_timelapse_catchup | 20:28:57  🎬  a-eyes-timelapse  hour 08 has no frames yet, skipping
2026-09-30T20:28:57-10:00job:security_timelapse_catchup | 20:28:57  🎬  a-eyes-timelapse  hour 09 has no frames yet, skipping
2026-09-30T20:28:57-10:00job:security_timelapse_catchup | 20:28:57  🎬  a-eyes-timelapse  hour 10 has no frames yet, skipping
2026-09-30T20:28:57-10:00job:security_timelapse_catchup | 20:28:57  🎬  a-eyes-timelapse  hour 11 has no frames yet, skipping
2026-09-30T20:28:57-10:00job:security_timelapse_catchup | 20:28:57  🎬  a-eyes-timelapse  hour 12 already compiled, skipping
2026-09-30T20:28:57-10:00job:security_timelapse_catchup | 20:28:57  🎬  a-eyes-timelapse  hour 13 already compiled, skipping
2026-09-30T20:28:57-10:00job:security_timelapse_catchup | 20:28:57  🎬  a-eyes-timelapse  hour 14 already compiled, skipping
2026-09-30T20:28:57-10:00job:security_timelapse_catchup | 20:28:57  🎬  a-eyes-timelapse  hour 15 already compiled, skipping
2026-09-30T20:28:57-10:00job:security_timelapse_catchup | 20:28:57  🎬  a-eyes-timelapse  hour 16 already compiled, skipping
2026-09-30T20:28:57-10:00job:security_timelapse_catchup | 20:28:57  🎬  a-eyes-timelapse  hour 17 already compiled, skipping
2026-09-30T20:28:57-10:00job:security_timelapse_catchup | 20:28:57  🎬  a-eyes-timelapse  hour 18 already compiled, skipping
2026-09-30T20:28:57-10:00job:security_timelapse_catchup | 20:28:57  🎬  a-eyes-timelapse  daily render already done, skipping
2026-09-30T20:28:57-10:00boot:run  priority=8  id=weather_poller
2026-09-30T20:28:57-10:00job:weather_poller RUN  bash "/home/rootrecord/RootRecord-Ecosystem/1 - Servers/1 - RootRecord-Pacific-Solar-Server/Weather/scripts/ensure-weather-poller.sh"
2026-09-30T20:28:57-10:00job:weather_poller | [ensure-weather-poller] already running -- nothing to do
2026-09-30T20:28:57-10:00boot:run  priority=9  id=network_globe_hawaii
2026-09-30T20:28:57-10:00job:network_globe_hawaii RUN  bash "/home/rootrecord/RootRecord-Ecosystem/1 - Servers/1 - RootRecord-Pacific-Solar-Server/Communications/network/scripts/ensure-network-globe-hawaii.sh"
2026-09-30T20:28:57-10:00job:network_globe_hawaii | [ensure-network-globe-hawaii] already running -- nothing to do
2026-09-30T20:28:57-10:00boot:done
2026-09-30T20:29:27-10:00  ▸  SUMMARY=delta2 soc=53.71% solar=0W ac_out=85W usbc=0W src=ble db=ok
2026-09-30T20:29:27-10:00scheduler  every_seconds=10  every_minute=10  every_hour=2  on_at=5
2026-09-30T20:29:27-10:00ENERGY  status=live  B2=53.7%  B1=86.0%  solar=0 W  ac=85 W  usbc=0 W  src=/home/rootrecord/RootRecord-Ecosystem/2 - RootRecord-Database/Energy  LAP=100%/Full/AC
2026-09-30T20:29:41-10:00  ▸  SUMMARY=river2pro soc=85.99% solar=0W ac_out=0W usbc=26W src=ble+cloud db=ok
2026-09-30T20:29:41-10:00job:sys_stats_cycle RUN  bash "/home/rootrecord/RootRecord-Ecosystem/1 - Servers/1 - RootRecord-Pacific-Solar-Server/System/scripts/sys-sample.sh"
2026-09-30T20:29:42-10:00job:sys_stats_cycle | SYSTEM  cpu=19%  load=2.34  mem=57%  src=sqlite
2026-09-30T20:29:42-10:00job:sys_stats_cycle | OK wrote /home/rootrecord/RootRecord-Ecosystem/2 - RootRecord-Database/System/samples/sys-20260930-202942.json
2026-09-30T20:30:11-10:00job:github_sync_all FAIL code=-15
2026-09-30T20:30:11-10:00job:github_sync_all ! ↑ [ecosystem] committed 1 local file(s)
2026-09-30T20:30:11-10:00job:github_sync_all ! ↓ [ecosystem] fetching origin/main
2026-09-30T20:30:11-10:00job:github_sync_all ! From github.com:RootRecord-Software-Solutions/RootRecord-Ecosystem
2026-09-30T20:30:11-10:00job:github_sync_all !  * branch              main       -> FETCH_HEAD
2026-09-30T20:30:11-10:00job:github_sync_all !  * [new branch]        main       -> origin/main
2026-09-30T20:30:11-10:00job:github_sync_all ! ↑ [ecosystem] local is ahead of GitHub
2026-09-30T20:30:11-10:00job:github_sync_all ! To github.com:RootRecord-Software-Solutions/RootRecord-Ecosystem.git
2026-09-30T20:30:11-10:00job:github_sync_all !    4134825b..0e7e0b28  HEAD -> main
2026-09-30T20:30:11-10:00job:github_sync_all ! branch 'main' set up to track 'origin/main'.
2026-09-30T20:30:11-10:00job:github_sync_all ! ↑ [ecosystem] 1 files → RootRecord-Software-Solutions/RootRecord-Ecosystem (main)
2026-09-30T20:30:11-10:00job:github_sync_all ! ↑ [pacific] committed 1 local file(s)
2026-09-30T20:30:11-10:00job:github_sync_all ! ↓ [pacific] fetching origin/main
2026-09-30T20:30:11-10:00job:github_sync_all ! From github.com:RootRecord-Software-Solutions/RootRecord-Pacific-Solar-Server
2026-09-30T20:30:11-10:00job:github_sync_all !  * branch            main       -> FETCH_HEAD
2026-09-30T20:30:11-10:00job:github_sync_all ! ↑ [pacific] local is ahead of GitHub
2026-09-30T20:30:11-10:00job:github_sync_all ! To github.com:RootRecord-Software-Solutions/RootRecord-Pacific-Solar-Server.git
2026-09-30T20:30:11-10:00job:github_sync_all !    ac1cba4..877a890  HEAD -> main
2026-09-30T20:30:11-10:00job:github_sync_all ! branch 'main' set up to track 'origin/main'.
2026-09-30T20:30:11-10:00job:github_sync_all ! ↑ [pacific] 1 files → RootRecord-Software-Solutions/RootRecord-Pacific-Solar-Server (main)
2026-09-30T20:30:11-10:00job:github_sync_all ! ↑ [database] committed 16 local file(s)
2026-09-30T20:30:11-10:00HTTP listening on http://127.0.0.1:8799 (open access on bind)
2026-09-30T20:30:11-10:00boot:start  jobs=10
2026-09-30T20:30:11-10:00boot:run  priority=0  id=self_terminal
2026-09-30T20:30:11-10:00boot:p0 self_process pid=1581469
2026-09-30T20:30:11-10:00boot:run  priority=1  id=cloudflare_tunnel
2026-09-30T20:30:12-10:00boot:p1 cloudflare_tunnel host=rootserver.rootrecord.cloud
2026-09-30T20:30:12-10:00internet OK at boot — starting tunnel
2026-09-30T20:30:12-10:00Starting cloudflared mode=token public_host=rootserver.rootrecord.cloud
2026-09-30T20:30:12-10:00Waiting for tunnel register (timeout=45s)…
2026-09-30T20:30:12-10:00tunnel starting
2026-09-30T20:30:12-10:00tunnel connected  conn=0  edge=lax08
2026-09-30T20:30:12-10:00Tunnel READY — first connection registered.
2026-09-30T20:30:12-10:00boot:run  priority=2  id=github_setup_remotes
2026-09-30T20:30:12-10:00tunnel ingress  rootserver.rootrecord.cloud → 127.0.0.1:8799
2026-09-30T20:30:12-10:00tunnel connected  conn=1  edge=sjc10
2026-09-30T20:30:13-10:00tunnel connected  conn=2  edge=lax07
2026-09-30T20:30:14-10:00tunnel connected  conn=3  edge=sjc08
2026-09-30T20:30:15-10:00boot:run  priority=3  id=ollama_warmup
2026-09-30T20:30:15-10:00job:ollama_warmup RUN  bash '/home/rootrecord/RootRecord-Ecosystem/1 - Servers/1 - RootRecord-Pacific-Solar-Server/System/scripts/plumbing/ollama-warmup.sh'
2026-09-30T20:30:15-10:00job:ollama_warmup | [ok] ollama up
2026-09-30T20:30:15-10:00boot:run  priority=4  id=flm_npu_warmup
2026-09-30T20:30:15-10:00job:flm_npu_warmup RUN  bash '/home/rootrecord/RootRecord-Ecosystem/1 - Servers/1 - RootRecord-Pacific-Solar-Server/System/scripts/plumbing/flm-warmup.sh'
2026-09-30T20:30:15-10:00job:flm_npu_warmup | [skip] FLM warmup disabled (no resident model; set FLM_WARMUP_RESIDENT=1 to opt in)
2026-09-30T20:30:15-10:00boot:run  priority=5  id=council_relay
2026-09-30T20:30:15-10:00job:council_relay RUN  bash "/home/rootrecord/RootRecord-Ecosystem/1 - Servers/1 - RootRecord-Pacific-Solar-Server/Communications/telegram/scripts/ensure-relay.sh"
2026-09-30T20:30:18-10:00job:council_relay | [ok] council-relay started pid=1581824 → /home/rootrecord/RootRecord-Ecosystem/2 - RootRecord-Database/Logs/Communications/council-relay.log
2026-09-30T20:30:18-10:00boot:run  priority=6  id=security_camera_server
2026-09-30T20:30:18-10:00job:security_camera_server RUN  bash "/home/rootrecord/RootRecord-Ecosystem/1 - Servers/1 - RootRecord-Pacific-Solar-Server/Security/Cameras/ensure_cam_server.sh"
2026-09-30T20:30:18-10:00job:security_camera_server | security cam server started
2026-09-30T20:30:18-10:00boot:run  priority=7  id=security_timelapse_catchup
2026-09-30T20:30:18-10:00job:security_timelapse_catchup RUN  bash "/home/rootrecord/RootRecord-Ecosystem/1 - Servers/1 - RootRecord-Pacific-Solar-Server/Security/Cameras/timelapse_catchup.sh"
2026-09-30T20:30:19-10:00job:security_timelapse_catchup | 20:30:19  🎬  a-eyes-timelapse  catchup: checking 20260930, now=20:30 HST
2026-09-30T20:30:19-10:00job:security_timelapse_catchup | 20:30:19  🎬  a-eyes-timelapse  hour 05 has no frames yet, skipping
2026-09-30T20:30:19-10:00job:security_timelapse_catchup | 20:30:19  🎬  a-eyes-timelapse  hour 06 has no frames yet, skipping
2026-09-30T20:30:19-10:00job:security_timelapse_catchup | 20:30:19  🎬  a-eyes-timelapse  hour 07 has no frames yet, skipping
2026-09-30T20:30:19-10:00job:security_timelapse_catchup | 20:30:19  🎬  a-eyes-timelapse  hour 08 has no frames yet, skipping
2026-09-30T20:30:19-10:00job:security_timelapse_catchup | 20:30:19  🎬  a-eyes-timelapse  hour 09 has no frames yet, skipping
2026-09-30T20:30:19-10:00job:security_timelapse_catchup | 20:30:19  🎬  a-eyes-timelapse  hour 10 has no frames yet, skipping
2026-09-30T20:30:19-10:00job:security_timelapse_catchup | 20:30:19  🎬  a-eyes-timelapse  hour 11 has no frames yet, skipping
2026-09-30T20:30:19-10:00job:security_timelapse_catchup | 20:30:19  🎬  a-eyes-timelapse  hour 12 already compiled, skipping
2026-09-30T20:30:19-10:00job:security_timelapse_catchup | 20:30:19  🎬  a-eyes-timelapse  hour 13 already compiled, skipping
2026-09-30T20:30:19-10:00job:security_timelapse_catchup | 20:30:19  🎬  a-eyes-timelapse  hour 14 already compiled, skipping
2026-09-30T20:30:19-10:00job:security_timelapse_catchup | 20:30:19  🎬  a-eyes-timelapse  hour 15 already compiled, skipping
2026-09-30T20:30:19-10:00job:security_timelapse_catchup | 20:30:19  🎬  a-eyes-timelapse  hour 16 already compiled, skipping
2026-09-30T20:30:19-10:00job:security_timelapse_catchup | 20:30:19  🎬  a-eyes-timelapse  hour 17 already compiled, skipping
2026-09-30T20:30:19-10:00job:security_timelapse_catchup | 20:30:19  🎬  a-eyes-timelapse  hour 18 already compiled, skipping
2026-09-30T20:30:19-10:00job:security_timelapse_catchup | 20:30:19  🎬  a-eyes-timelapse  daily render already done, skipping
2026-09-30T20:30:19-10:00boot:run  priority=8  id=weather_poller
2026-09-30T20:30:19-10:00job:weather_poller RUN  bash "/home/rootrecord/RootRecord-Ecosystem/1 - Servers/1 - RootRecord-Pacific-Solar-Server/Weather/scripts/ensure-weather-poller.sh"
2026-09-30T20:30:19-10:00job:weather_poller | [ensure-weather-poller] already running -- nothing to do
2026-09-30T20:30:19-10:00boot:run  priority=9  id=network_globe_hawaii
2026-09-30T20:30:19-10:00job:network_globe_hawaii RUN  bash "/home/rootrecord/RootRecord-Ecosystem/1 - Servers/1 - RootRecord-Pacific-Solar-Server/Communications/network/scripts/ensure-network-globe-hawaii.sh"
2026-09-30T20:30:19-10:00job:network_globe_hawaii | [ensure-network-globe-hawaii] already running -- nothing to do
2026-09-30T20:30:19-10:00boot:done
2026-09-30T20:30:35-10:00tunnel timeout — reconnecting
2026-09-30T20:30:35-10:00tunnel timeout — reconnecting
2026-09-30T20:30:35-10:00tunnel timeout — reconnecting
2026-09-30T20:30:35-10:00tunnel timeout — reconnecting
2026-09-30T20:30:36-10:00tunnel timeout — reconnecting
2026-09-30T20:30:36-10:00tunnel timeout — reconnecting
2026-09-30T20:30:36-10:00tunnel timeout — reconnecting
2026-09-30T20:30:37-10:00tunnel connected  conn=0  edge=lax11
2026-09-30T20:30:50-10:00tunnel connected  conn=2  edge=lax08
2026-09-30T20:30:50-10:00tunnel connected  conn=1  edge=lax01
2026-09-30T20:30:50-10:00tunnel connected  conn=3  edge=lax01
2026-09-30T20:30:51-10:00  ▸  SUMMARY=delta2 soc=53.41% solar=0W ac_out=98W usbc=0W src=ble db=ok
2026-09-30T20:30:51-10:00scheduler  every_seconds=10  every_minute=10  every_hour=2  on_at=10
2026-09-30T20:30:51-10:00ENERGY  status=live  B2=53.4%  B1=85.9%  solar=0 W  ac=98 W  usbc=0 W  src=/home/rootrecord/RootRecord-Ecosystem/2 - RootRecord-Database/Energy  LAP=100%/Full/AC
2026-09-30T20:31:05-10:00  ▸  SUMMARY=delta2 soc=53.31% solar=0W ac_out=105W usbc=0W src=ble db=ok
2026-09-30T20:31:05-10:00job:sys_stats_cycle RUN  bash "/home/rootrecord/RootRecord-Ecosystem/1 - Servers/1 - RootRecord-Pacific-Solar-Server/System/scripts/sys-sample.sh"
2026-09-30T20:31:06-10:00job:sys_stats_cycle | SYSTEM  cpu=22%  load=1.85  mem=58%  src=sqlite
2026-09-30T20:31:06-10:00job:sys_stats_cycle | OK wrote /home/rootrecord/RootRecord-Ecosystem/2 - RootRecord-Database/System/samples/sys-20260930-203105.json
2026-09-30T20:32:06-10:00job:github_sync_all | ↑ [ecosystem] committed 12 local file(s)
2026-09-30T20:32:06-10:00job:github_sync_all | ↓ [ecosystem] fetching origin/main
2026-09-30T20:32:06-10:00job:github_sync_all | From github.com:RootRecord-Software-Solutions/RootRecord-Ecosystem
2026-09-30T20:32:06-10:00job:github_sync_all | * branch              main       -> FETCH_HEAD
2026-09-30T20:32:06-10:00job:github_sync_all | * [new branch]        main       -> origin/main
2026-09-30T20:32:06-10:00job:github_sync_all | ↑ [ecosystem] local is ahead of GitHub
2026-09-30T20:32:06-10:00job:github_sync_all | To github.com:RootRecord-Software-Solutions/RootRecord-Ecosystem.git
2026-09-30T20:32:06-10:00job:github_sync_all | 0e7e0b28..522d3e0f  HEAD -> main
2026-09-30T20:32:06-10:00job:github_sync_all | branch 'main' set up to track 'origin/main'.
2026-09-30T20:32:06-10:00job:github_sync_all | ↑ [ecosystem] 12 files → RootRecord-Software-Solutions/RootRecord-Ecosystem (main)
2026-09-30T20:32:06-10:00job:github_sync_all | ↑ [pacific] committed 5 local file(s)
2026-09-30T20:32:06-10:00job:github_sync_all | ↓ [pacific] fetching origin/main
2026-09-30T20:32:06-10:00job:github_sync_all | From github.com:RootRecord-Software-Solutions/RootRecord-Pacific-Solar-Server
2026-09-30T20:32:06-10:00job:github_sync_all | * branch            main       -> FETCH_HEAD
2026-09-30T20:32:06-10:00job:github_sync_all | ↑ [pacific] local is ahead of GitHub
2026-09-30T20:32:06-10:00job:github_sync_all | To github.com:RootRecord-Software-Solutions/RootRecord-Pacific-Solar-Server.git
2026-09-30T20:32:06-10:00job:github_sync_all | 877a890..d7953f1  HEAD -> main
2026-09-30T20:32:06-10:00job:github_sync_all | branch 'main' set up to track 'origin/main'.
2026-09-30T20:32:06-10:00job:github_sync_all | ↑ [pacific] 5 files → RootRecord-Software-Solutions/RootRecord-Pacific-Solar-Server (main)
2026-09-30T20:32:06-10:00job:github_sync_all | ↑ [database] committed 18 local file(s)
2026-09-30T20:32:06-10:00job:github_sync_all | ↓ [database] fetching origin/main
2026-09-30T20:32:06-10:00job:github_sync_all | From github.com:RootRecord-Software-Solutions/RootRecord-Database
2026-09-30T20:32:06-10:00job:github_sync_all | * branch              main       -> FETCH_HEAD
2026-09-30T20:32:06-10:00job:github_sync_all | ↑ [database] local is ahead of GitHub
2026-09-30T20:32:06-10:00job:github_sync_all | To github.com:RootRecord-Software-Solutions/RootRecord-Database.git
2026-09-30T20:32:06-10:00job:github_sync_all | 22e98392..5b554068  HEAD -> main
2026-09-30T20:32:06-10:00job:github_sync_all | branch 'main' set up to track 'origin/main'.
2026-09-30T20:32:06-10:00job:github_sync_all | ↑ [database] 18 files → RootRecord-Software-Solutions/RootRecord-Database (main)
2026-09-30T20:32:06-10:00job:github_sync_all | ↑ [library] committed 4 local file(s)
2026-09-30T20:32:06-10:00job:github_sync_all | ↓ [library] fetching origin/main
2026-09-30T20:32:06-10:00job:github_sync_all | From github.com:RootRecord-Software-Solutions/RootRecord-Library
2026-09-30T20:32:06-10:00job:github_sync_all | * branch            main       -> FETCH_HEAD
2026-09-30T20:32:06-10:00job:github_sync_all | ↑ [library] local is ahead of GitHub
2026-09-30T20:32:06-10:00job:github_sync_all | To github.com:RootRecord-Software-Solutions/RootRecord-Library.git
2026-09-30T20:32:06-10:00job:github_sync_all | 718c007..2ed91f5  HEAD -> main
2026-09-30T20:32:06-10:00job:github_sync_all | branch 'main' set up to track 'origin/main'.
2026-09-30T20:32:06-10:00job:github_sync_all | ↑ [library] 4 files → RootRecord-Software-Solutions/RootRecord-Library (main)
2026-09-30T20:32:06-10:00job:github_sync_all | — [website] no local changes
2026-09-30T20:32:06-10:00job:github_sync_all | ↓ [website] fetching origin/main
2026-09-30T20:32:06-10:00job:github_sync_all | From github.com:RootRecord-Software-Solutions/RootRecord-Website
2026-09-30T20:32:06-10:00job:worklog_scan RUN  bash "/home/rootrecord/RootRecord-Ecosystem/1 - Servers/1 - RootRecord-Pacific-Solar-Server/Reports/scripts/worklog_once.sh"
2026-09-30T20:32:11-10:00job:worklog_scan | OK wrote/updated /home/rootrecord/RootRecord-Ecosystem/2 - RootRecord-Database/Worklog/worklog_current.md
2026-09-30T20:32:11-10:00job:security_camera_frame_grab RUN  bash "/home/rootrecord/RootRecord-Ecosystem/1 - Servers/1 - RootRecord-Pacific-Solar-Server/Security/Cameras/grab_all.sh"
2026-09-30T20:32:28-10:00job:security_camera_frame_grab | 20:32:11  📷  a-eyes  ch1 → ch1-20261001T063211Z.jpg  (271.7 KB, 4.37s)
2026-09-30T20:32:28-10:00job:security_camera_frame_grab | 20:32:15  📷  a-eyes  ch2 → ch2-20261001T063215Z.jpg  (121.3 KB, 4.46s)
2026-09-30T20:32:28-10:00job:security_camera_frame_grab | 20:32:20  📷  a-eyes  ch3 → ch3-20261001T063220Z.jpg  (367.3 KB, 4.49s)
2026-09-30T20:32:28-10:00job:security_camera_frame_grab | 20:32:24  📷  a-eyes  ch4 → ch4-20261001T063224Z.jpg  (221.4 KB, 4.35s)
2026-09-30T20:32:28-10:00job:service_supervisor RUN  bash "/home/rootrecord/RootRecord-Ecosystem/1 - Servers/1 - RootRecord-Pacific-Solar-Server/Automations/scripts/supervise-services.sh"
2026-09-30T20:32:29-10:00job:service_supervisor | [supervisor] weather alive pid=764793 (act)
2026-09-30T20:32:29-10:00job:service_supervisor | [supervisor] relay alive pid=1581824 (act)
2026-09-30T20:32:29-10:00job:geology_collect RUN  nice -n 10 python3 "/home/rootrecord/RootRecord-Ecosystem/1 - Servers/1 - RootRecord-Pacific-Solar-Server/Geology/scripts/geology_collect.py" all
2026-09-30T20:32:31-10:00job:geology_collect | {"ok": true, "at": "2026-09-30T20:32:29-10:00", "what": "all", "dry_run": false, "sources": {"hawaii": {"ok": true, "count": 18, "new": 0, "new_m2": 0, "ms": 550}, "global": {"ok": true, "count": 37, "new": 0, "ms": 262}, "hvo_notices": {"ok": true, "count": 44, "new": 0, "ms": 701}, "hvo_status": {"ok": true, "volcanoes": 8, "kilauea": "WATCH", "mauna_loa": "NORMAL", "ms": 511}}}
2026-09-30T20:32:31-10:00job:system_net_sample RUN  nice -n 10 python3 "/home/rootrecord/RootRecord-Ecosystem/1 - Servers/1 - RootRecord-Pacific-Solar-Server/System/scripts/host_desks.py" net-sample
2026-09-30T20:32:31-10:00job:system_net_sample | {"ok": true, "file": "/home/rootrecord/RootRecord-Ecosystem/2 - RootRecord-Database/System/network/Daily/net-20260930.jsonl", "iface": "wlo1", "hour": {"seconds": 3685, "rx": 283402021, "tx": 105995280, "total": 389397301, "iface": "wlo1", "link": "wireless"}, "day": null}
2026-09-30T20:32:31-10:00job:discord_report_relay RUN  nice -n 10 python3 "/home/rootrecord/RootRecord-Ecosystem/1 - Servers/1 - RootRecord-Pacific-Solar-Server/Communications/Discord/scripts/report_relay.py"
2026-09-30T20:32:31-10:00job:discord_report_relay | same
2026-09-30T20:32:32-10:00ENERGY  status=live  B2=53.3%  B1=85.9%  solar=0 W  ac=105 W  usbc=0 W  src=/home/rootrecord/RootRecord-Ecosystem/2 - RootRecord-Database/Energy  LAP=100%/Full/AC
2026-09-30T20:32:47-10:00  ▸  SUMMARY=delta2 soc=53.01% solar=0W ac_out=83W usbc=0W src=ble db=ok
2026-09-30T20:32:47-10:00job:sys_stats_cycle RUN  bash "/home/rootrecord/RootRecord-Ecosystem/1 - Servers/1 - RootRecord-Pacific-Solar-Server/System/scripts/sys-sample.sh"
2026-09-30T20:32:47-10:00tunnel timeout — reconnecting
2026-09-30T20:32:48-10:00job:sys_stats_cycle | SYSTEM  cpu=22%  load=1.72  mem=59%  src=sqlite
2026-09-30T20:32:48-10:00job:sys_stats_cycle | OK wrote /home/rootrecord/RootRecord-Ecosystem/2 - RootRecord-Database/System/samples/sys-20260930-203247.json
2026-09-30T20:32:53-10:00tunnel timeout — reconnecting
2026-09-30T20:32:56-10:00tunnel connected  conn=0  edge=lax11
2026-09-30T20:33:36-10:00job:github_sync_all | ↑ [ecosystem] committed 7 local file(s)
2026-09-30T20:33:36-10:00job:github_sync_all | ↓ [ecosystem] fetching origin/main
2026-09-30T20:33:36-10:00job:github_sync_all | From github.com:RootRecord-Software-Solutions/RootRecord-Ecosystem
2026-09-30T20:33:36-10:00job:github_sync_all | * branch              main       -> FETCH_HEAD
2026-09-30T20:33:36-10:00job:github_sync_all | ↑ [ecosystem] local is ahead of GitHub
2026-09-30T20:33:36-10:00job:github_sync_all | To github.com:RootRecord-Software-Solutions/RootRecord-Ecosystem.git
2026-09-30T20:33:36-10:00job:github_sync_all | 522d3e0f..10869869  HEAD -> main
2026-09-30T20:33:36-10:00job:github_sync_all | branch 'main' set up to track 'origin/main'.
2026-09-30T20:33:36-10:00job:github_sync_all | ↑ [ecosystem] 7 files → RootRecord-Software-Solutions/RootRecord-Ecosystem (main)
2026-09-30T20:33:36-10:00job:github_sync_all | — [pacific] no local changes
2026-09-30T20:33:36-10:00job:github_sync_all | ↓ [pacific] fetching origin/main
2026-09-30T20:33:36-10:00job:github_sync_all | From github.com:RootRecord-Software-Solutions/RootRecord-Pacific-Solar-Server
2026-09-30T20:33:36-10:00job:github_sync_all | * branch            main       -> FETCH_HEAD
2026-09-30T20:33:36-10:00job:github_sync_all | — [pacific] local and GitHub already match
2026-09-30T20:33:36-10:00job:github_sync_all | — [pacific] nothing to push
2026-09-30T20:33:36-10:00job:github_sync_all | ↑ [database] committed 22 local file(s)
2026-09-30T20:33:36-10:00job:github_sync_all | ↓ [database] fetching origin/main
2026-09-30T20:33:36-10:00job:github_sync_all | From github.com:RootRecord-Software-Solutions/RootRecord-Database
2026-09-30T20:33:36-10:00job:github_sync_all | * branch              main       -> FETCH_HEAD
2026-09-30T20:33:36-10:00job:github_sync_all | ↑ [database] local is ahead of GitHub
2026-09-30T20:33:36-10:00job:github_sync_all | To github.com:RootRecord-Software-Solutions/RootRecord-Database.git
2026-09-30T20:33:36-10:00job:github_sync_all | 5b554068..3961f64c  HEAD -> main
2026-09-30T20:33:36-10:00job:github_sync_all | branch 'main' set up to track 'origin/main'.
2026-09-30T20:33:36-10:00job:github_sync_all | ↑ [database] 22 files → RootRecord-Software-Solutions/RootRecord-Database (main)
2026-09-30T20:33:36-10:00job:github_sync_all | — [library] no local changes
2026-09-30T20:33:36-10:00job:github_sync_all | ↓ [library] fetching origin/main
2026-09-30T20:33:36-10:00job:github_sync_all | From github.com:RootRecord-Software-Solutions/RootRecord-Library
2026-09-30T20:33:36-10:00job:github_sync_all | * branch            main       -> FETCH_HEAD
2026-09-30T20:33:36-10:00job:github_sync_all | — [library] local and GitHub already match
2026-09-30T20:33:36-10:00job:github_sync_all | — [library] nothing to push
2026-09-30T20:33:36-10:00job:github_sync_all | — [website] no local changes
2026-09-30T20:33:36-10:00job:github_sync_all | ↓ [website] fetching origin/main
2026-09-30T20:33:36-10:00job:github_sync_all | From github.com:RootRecord-Software-Solutions/RootRecord-Website
2026-09-30T20:33:36-10:00job:github_sync_all | * branch            main       -> FETCH_HEAD
2026-09-30T20:33:36-10:00job:github_sync_all | — [website] local and GitHub already match
2026-09-30T20:33:36-10:00job:github_sync_all | — [website] nothing to push
2026-09-30T20:33:36-10:00job:github_sync_all | — [website-personal] no local changes
2026-09-30T20:33:36-10:00job:github_sync_all | ↓ [website-personal] fetching origin/main
2026-09-30T20:33:36-10:00job:github_sync_all | From github.com:rootrecordsoftwaresolutions/RootRecord-Website
2026-09-30T20:33:36-10:00job:github_sync_all | * branch            main       -> FETCH_HEAD
2026-09-30T20:33:36-10:00job:worklog_scan RUN  bash "/home/rootrecord/RootRecord-Ecosystem/1 - Servers/1 - RootRecord-Pacific-Solar-Server/Reports/scripts/worklog_once.sh"
2026-09-30T20:33:40-10:00job:worklog_scan | OK wrote/updated /home/rootrecord/RootRecord-Ecosystem/2 - RootRecord-Database/Worklog/worklog_current.md
2026-09-30T20:33:40-10:00job:security_camera_frame_grab RUN  bash "/home/rootrecord/RootRecord-Ecosystem/1 - Servers/1 - RootRecord-Pacific-Solar-Server/Security/Cameras/grab_all.sh"
2026-09-30T20:33:58-10:00job:security_camera_frame_grab | 20:33:40  📷  a-eyes  ch1 → ch1-20261001T063340Z.jpg  (271.7 KB, 4.41s)
2026-09-30T20:33:58-10:00job:security_camera_frame_grab | 20:33:44  📷  a-eyes  ch2 → ch2-20261001T063344Z.jpg  (121.6 KB, 4.38s)
2026-09-30T20:33:58-10:00job:security_camera_frame_grab | 20:33:49  📷  a-eyes  ch3 → ch3-20261001T063349Z.jpg  (362.4 KB, 4.35s)
2026-09-30T20:33:58-10:00job:security_camera_frame_grab | 20:33:53  📷  a-eyes  ch4 → ch4-20261001T063353Z.jpg  (214.1 KB, 4.38s)
2026-09-30T20:33:58-10:00ENERGY  status=live  B2=53.0%  B1=85.9%  solar=0 W  ac=83 W  usbc=0 W  src=/home/rootrecord/RootRecord-Ecosystem/2 - RootRecord-Database/Energy  LAP=100%/Full/AC
2026-09-30T20:34:15-10:00  ▸  SUMMARY=river2pro soc=85.7% solar=0W ac_out=0W usbc=32W src=ble+cloud db=ok
2026-09-30T20:34:15-10:00job:sys_stats_cycle RUN  bash "/home/rootrecord/RootRecord-Ecosystem/1 - Servers/1 - RootRecord-Pacific-Solar-Server/System/scripts/sys-sample.sh"
2026-09-30T20:34:16-10:00job:sys_stats_cycle | SYSTEM  cpu=34%  load=1.91  mem=62%  src=sqlite
2026-09-30T20:34:16-10:00job:sys_stats_cycle | OK wrote /home/rootrecord/RootRecord-Ecosystem/2 - RootRecord-Database/System/samples/sys-20260930-203415.json
2026-09-30T20:35:06-10:00job:github_sync_all | — [ecosystem] no committable local changes
2026-09-30T20:35:06-10:00job:github_sync_all | ↓ [ecosystem] fetching origin/main
2026-09-30T20:35:06-10:00job:github_sync_all | From github.com:RootRecord-Software-Solutions/RootRecord-Ecosystem
2026-09-30T20:35:06-10:00job:github_sync_all | * branch              main       -> FETCH_HEAD
2026-09-30T20:35:06-10:00job:github_sync_all | — [ecosystem] local and GitHub already match
2026-09-30T20:35:06-10:00job:github_sync_all | — [ecosystem] nothing to push
2026-09-30T20:35:06-10:00job:github_sync_all | — [pacific] no local changes
2026-09-30T20:35:06-10:00job:github_sync_all | ↓ [pacific] fetching origin/main
2026-09-30T20:35:06-10:00job:github_sync_all | From github.com:RootRecord-Software-Solutions/RootRecord-Pacific-Solar-Server
2026-09-30T20:35:06-10:00job:github_sync_all | * branch            main       -> FETCH_HEAD
2026-09-30T20:35:06-10:00job:github_sync_all | — [pacific] local and GitHub already match
2026-09-30T20:35:06-10:00job:github_sync_all | — [pacific] nothing to push
2026-09-30T20:35:06-10:00job:github_sync_all | ↑ [database] committed 15 local file(s)
2026-09-30T20:35:06-10:00job:github_sync_all | ↓ [database] fetching origin/main
2026-09-30T20:35:06-10:00job:github_sync_all | From github.com:RootRecord-Software-Solutions/RootRecord-Database
2026-09-30T20:35:06-10:00job:github_sync_all | * branch              main       -> FETCH_HEAD
2026-09-30T20:35:06-10:00job:github_sync_all | ↑ [database] local is ahead of GitHub
2026-09-30T20:35:06-10:00job:github_sync_all | To github.com:RootRecord-Software-Solutions/RootRecord-Database.git
2026-09-30T20:35:06-10:00job:github_sync_all | 3961f64c..f4ae523e  HEAD -> main
2026-09-30T20:35:06-10:00job:github_sync_all | branch 'main' set up to track 'origin/main'.
2026-09-30T20:35:06-10:00job:github_sync_all | ↑ [database] 15 files → RootRecord-Software-Solutions/RootRecord-Database (main)
2026-09-30T20:35:06-10:00job:github_sync_all | — [library] no local changes
2026-09-30T20:35:06-10:00job:github_sync_all | ↓ [library] fetching origin/main
2026-09-30T20:35:06-10:00job:github_sync_all | From github.com:RootRecord-Software-Solutions/RootRecord-Library
2026-09-30T20:35:06-10:00job:github_sync_all | * branch            main       -> FETCH_HEAD
2026-09-30T20:35:06-10:00job:github_sync_all | — [library] local and GitHub already match
2026-09-30T20:35:06-10:00job:github_sync_all | — [library] nothing to push
2026-09-30T20:35:06-10:00job:github_sync_all | — [website] no local changes
2026-09-30T20:35:06-10:00job:github_sync_all | ↓ [website] fetching origin/main
2026-09-30T20:35:06-10:00job:github_sync_all | From github.com:RootRecord-Software-Solutions/RootRecord-Website
2026-09-30T20:35:06-10:00job:github_sync_all | * branch            main       -> FETCH_HEAD
2026-09-30T20:35:06-10:00job:github_sync_all | — [website] local and GitHub already match
2026-09-30T20:35:06-10:00job:github_sync_all | — [website] nothing to push
2026-09-30T20:35:06-10:00job:github_sync_all | — [website-personal] no local changes
2026-09-30T20:35:06-10:00job:github_sync_all | ↓ [website-personal] fetching origin/main
2026-09-30T20:35:06-10:00job:github_sync_all | From github.com:rootrecordsoftwaresolutions/RootRecord-Website
2026-09-30T20:35:06-10:00job:github_sync_all | * branch            main       -> FETCH_HEAD
2026-09-30T20:35:06-10:00job:github_sync_all | — [website-personal] local and GitHub already match
2026-09-30T20:35:06-10:00job:github_sync_all | — [website-personal] nothing to push
2026-09-30T20:35:06-10:00job:security_camera_frame_grab RUN  bash "/home/rootrecord/RootRecord-Ecosystem/1 - Servers/1 - RootRecord-Pacific-Solar-Server/Security/Cameras/grab_all.sh"
2026-09-30T20:35:23-10:00job:security_camera_frame_grab | 20:35:06  📷  a-eyes  ch1 → ch1-20261001T063506Z.jpg  (271.2 KB, 4.23s)
2026-09-30T20:35:23-10:00job:security_camera_frame_grab | 20:35:10  📷  a-eyes  ch2 → ch2-20261001T063510Z.jpg  (122.2 KB, 4.27s)
2026-09-30T20:35:23-10:00job:security_camera_frame_grab | 20:35:15  📷  a-eyes  ch3 → ch3-20261001T063515Z.jpg  (369.0 KB, 4.39s)
2026-09-30T20:35:23-10:00job:security_camera_frame_grab | 20:35:19  📷  a-eyes  ch4 → ch4-20261001T063519Z.jpg  (225.3 KB, 4.35s)
2026-09-30T20:35:24-10:00ENERGY  status=live  B2=53.0%  B1=85.7%  solar=0 W  ac=83 W  usbc=0 W  src=/home/rootrecord/RootRecord-Ecosystem/2 - RootRecord-Database/Energy  LAP=100%/Full/AC
2026-09-30T20:35:39-10:00  ▸  SUMMARY=delta2 soc=52.3% solar=0W ac_out=85W usbc=0W src=ble db=ok
2026-09-30T20:35:39-10:00job:sys_stats_cycle RUN  bash "/home/rootrecord/RootRecord-Ecosystem/1 - Servers/1 - RootRecord-Pacific-Solar-Server/System/scripts/sys-sample.sh"
2026-09-30T20:35:40-10:00job:sys_stats_cycle | SYSTEM  cpu=18%  load=1.62  mem=61%  src=sqlite
2026-09-30T20:35:40-10:00job:sys_stats_cycle | OK wrote /home/rootrecord/RootRecord-Ecosystem/2 - RootRecord-Database/System/samples/sys-20260930-203539.json
2026-09-30T20:36:29-10:00job:github_sync_all | — [ecosystem] no committable local changes
2026-09-30T20:36:29-10:00job:github_sync_all | ↓ [ecosystem] fetching origin/main
2026-09-30T20:36:29-10:00job:github_sync_all | From github.com:RootRecord-Software-Solutions/RootRecord-Ecosystem
2026-09-30T20:36:29-10:00job:github_sync_all | * branch              main       -> FETCH_HEAD
2026-09-30T20:36:29-10:00job:github_sync_all | — [ecosystem] local and GitHub already match
2026-09-30T20:36:29-10:00job:github_sync_all | — [ecosystem] nothing to push
2026-09-30T20:36:29-10:00job:github_sync_all | — [pacific] no local changes
2026-09-30T20:36:29-10:00job:github_sync_all | ↓ [pacific] fetching origin/main
2026-09-30T20:36:29-10:00job:github_sync_all | From github.com:RootRecord-Software-Solutions/RootRecord-Pacific-Solar-Server
2026-09-30T20:36:29-10:00job:github_sync_all | * branch            main       -> FETCH_HEAD
2026-09-30T20:36:29-10:00job:github_sync_all | — [pacific] local and GitHub already match
2026-09-30T20:36:29-10:00job:github_sync_all | — [pacific] nothing to push
2026-09-30T20:36:29-10:00job:github_sync_all | ↑ [database] committed 13 local file(s)
2026-09-30T20:36:29-10:00job:github_sync_all | ↓ [database] fetching origin/main
2026-09-30T20:36:29-10:00job:github_sync_all | From github.com:RootRecord-Software-Solutions/RootRecord-Database
2026-09-30T20:36:29-10:00job:github_sync_all | * branch              main       -> FETCH_HEAD
2026-09-30T20:36:29-10:00job:github_sync_all | ↑ [database] local is ahead of GitHub
2026-09-30T20:36:29-10:00job:github_sync_all | To github.com:RootRecord-Software-Solutions/RootRecord-Database.git
2026-09-30T20:36:29-10:00job:github_sync_all | f4ae523e..c48c9017  HEAD -> main
2026-09-30T20:36:29-10:00job:github_sync_all | branch 'main' set up to track 'origin/main'.
2026-09-30T20:36:29-10:00job:github_sync_all | ↑ [database] 13 files → RootRecord-Software-Solutions/RootRecord-Database (main)
2026-09-30T20:36:29-10:00job:github_sync_all | — [library] no local changes
2026-09-30T20:36:29-10:00job:github_sync_all | ↓ [library] fetching origin/main
2026-09-30T20:36:29-10:00job:github_sync_all | From github.com:RootRecord-Software-Solutions/RootRecord-Library
2026-09-30T20:36:29-10:00job:github_sync_all | * branch            main       -> FETCH_HEAD
2026-09-30T20:36:29-10:00job:github_sync_all | — [library] local and GitHub already match
2026-09-30T20:36:29-10:00job:github_sync_all | — [library] nothing to push
2026-09-30T20:36:29-10:00job:github_sync_all | — [website] no local changes
2026-09-30T20:36:29-10:00job:github_sync_all | ↓ [website] fetching origin/main
2026-09-30T20:36:29-10:00job:github_sync_all | From github.com:RootRecord-Software-Solutions/RootRecord-Website
2026-09-30T20:36:29-10:00job:github_sync_all | * branch            main       -> FETCH_HEAD
2026-09-30T20:36:29-10:00job:github_sync_all | — [website] local and GitHub already match
2026-09-30T20:36:29-10:00job:github_sync_all | — [website] nothing to push
2026-09-30T20:36:29-10:00job:github_sync_all | — [website-personal] no local changes
2026-09-30T20:36:29-10:00job:github_sync_all | ↓ [website-personal] fetching origin/main
2026-09-30T20:36:29-10:00job:github_sync_all | From github.com:rootrecordsoftwaresolutions/RootRecord-Website
2026-09-30T20:36:29-10:00job:github_sync_all | * branch            main       -> FETCH_HEAD
2026-09-30T20:36:29-10:00job:github_sync_all | — [website-personal] local and GitHub already match
2026-09-30T20:36:29-10:00job:github_sync_all | — [website-personal] nothing to push
2026-09-30T20:36:29-10:00job:worklog_scan RUN  bash "/home/rootrecord/RootRecord-Ecosystem/1 - Servers/1 - RootRecord-Pacific-Solar-Server/Reports/scripts/worklog_once.sh"
2026-09-30T20:36:33-10:00job:worklog_scan | OK wrote/updated /home/rootrecord/RootRecord-Ecosystem/2 - RootRecord-Database/Worklog/worklog_current.md
2026-09-30T20:36:33-10:00job:security_camera_frame_grab RUN  bash "/home/rootrecord/RootRecord-Ecosystem/1 - Servers/1 - RootRecord-Pacific-Solar-Server/Security/Cameras/grab_all.sh"
2026-09-30T20:36:51-10:00job:security_camera_frame_grab | 20:36:33  📷  a-eyes  ch1 → ch1-20261001T063633Z.jpg  (273.0 KB, 4.29s)
2026-09-30T20:36:51-10:00job:security_camera_frame_grab | 20:36:38  📷  a-eyes  ch2 → ch2-20261001T063638Z.jpg  (121.9 KB, 4.46s)
2026-09-30T20:36:51-10:00job:security_camera_frame_grab | 20:36:42  📷  a-eyes  ch3 → ch3-20261001T063642Z.jpg  (363.7 KB, 4.56s)
2026-09-30T20:36:51-10:00job:security_camera_frame_grab | 20:36:47  📷  a-eyes  ch4 → ch4-20261001T063647Z.jpg  (218.4 KB, 4.38s)
2026-09-30T20:36:51-10:00ENERGY  status=live  B2=52.3%  B1=85.7%  solar=0 W  ac=85 W  usbc=0 W  src=/home/rootrecord/RootRecord-Ecosystem/2 - RootRecord-Database/Energy  LAP=100%/Full/AC
2026-09-30T20:37:06-10:00  ▸  SUMMARY=delta2 soc=52% solar=0W ac_out=100W usbc=0W src=ble db=ok
2026-09-30T20:37:06-10:00job:sys_stats_cycle RUN  bash "/home/rootrecord/RootRecord-Ecosystem/1 - Servers/1 - RootRecord-Pacific-Solar-Server/System/scripts/sys-sample.sh"
2026-09-30T20:37:08-10:00job:sys_stats_cycle | SYSTEM  cpu=18%  load=2.08  mem=61%  src=sqlite
2026-09-30T20:37:08-10:00job:sys_stats_cycle | OK wrote /home/rootrecord/RootRecord-Ecosystem/2 - RootRecord-Database/System/samples/sys-20260930-203707.json
2026-09-30T20:38:06-10:00job:github_sync_all | ↑ [ecosystem] committed 1 local file(s)
2026-09-30T20:38:06-10:00job:github_sync_all | ↓ [ecosystem] fetching origin/main
2026-09-30T20:38:06-10:00job:github_sync_all | From github.com:RootRecord-Software-Solutions/RootRecord-Ecosystem
2026-09-30T20:38:06-10:00job:github_sync_all | * branch              main       -> FETCH_HEAD
2026-09-30T20:38:06-10:00job:github_sync_all | ↑ [ecosystem] local is ahead of GitHub
2026-09-30T20:38:06-10:00job:github_sync_all | To github.com:RootRecord-Software-Solutions/RootRecord-Ecosystem.git
2026-09-30T20:38:06-10:00job:github_sync_all | 10869869..8491b0c2  HEAD -> main
2026-09-30T20:38:06-10:00job:github_sync_all | branch 'main' set up to track 'origin/main'.
2026-09-30T20:38:06-10:00job:github_sync_all | ↑ [ecosystem] 1 files → RootRecord-Software-Solutions/RootRecord-Ecosystem (main)
2026-09-30T20:38:06-10:00job:github_sync_all | — [pacific] no local changes
2026-09-30T20:38:06-10:00job:github_sync_all | ↓ [pacific] fetching origin/main
2026-09-30T20:38:06-10:00job:github_sync_all | From github.com:RootRecord-Software-Solutions/RootRecord-Pacific-Solar-Server
2026-09-30T20:38:06-10:00job:github_sync_all | * branch            main       -> FETCH_HEAD
2026-09-30T20:38:06-10:00job:github_sync_all | — [pacific] local and GitHub already match
2026-09-30T20:38:06-10:00job:github_sync_all | — [pacific] nothing to push
2026-09-30T20:38:06-10:00job:github_sync_all | ↑ [database] committed 15 local file(s)
2026-09-30T20:38:06-10:00job:github_sync_all | ↓ [database] fetching origin/main
2026-09-30T20:38:06-10:00job:github_sync_all | From github.com:RootRecord-Software-Solutions/RootRecord-Database
2026-09-30T20:38:06-10:00job:github_sync_all | * branch              main       -> FETCH_HEAD
2026-09-30T20:38:06-10:00job:github_sync_all | ↑ [database] local is ahead of GitHub
2026-09-30T20:38:06-10:00job:github_sync_all | To github.com:RootRecord-Software-Solutions/RootRecord-Database.git
2026-09-30T20:38:06-10:00job:github_sync_all | c48c9017..76a9f59e  HEAD -> main
2026-09-30T20:38:06-10:00job:github_sync_all | branch 'main' set up to track 'origin/main'.
2026-09-30T20:38:06-10:00job:github_sync_all | ↑ [database] 15 files → RootRecord-Software-Solutions/RootRecord-Database (main)
2026-09-30T20:38:06-10:00job:github_sync_all | — [library] no local changes
2026-09-30T20:38:06-10:00job:github_sync_all | ↓ [library] fetching origin/main
2026-09-30T20:38:06-10:00job:github_sync_all | From github.com:RootRecord-Software-Solutions/RootRecord-Library
2026-09-30T20:38:06-10:00job:github_sync_all | * branch            main       -> FETCH_HEAD
2026-09-30T20:38:06-10:00job:github_sync_all | — [library] local and GitHub already match
2026-09-30T20:38:06-10:00job:github_sync_all | — [library] nothing to push
2026-09-30T20:38:06-10:00job:github_sync_all | — [website] no local changes
2026-09-30T20:38:06-10:00job:github_sync_all | ↓ [website] fetching origin/main
2026-09-30T20:38:06-10:00job:github_sync_all | From github.com:RootRecord-Software-Solutions/RootRecord-Website
2026-09-30T20:38:06-10:00job:github_sync_all | * branch            main       -> FETCH_HEAD
2026-09-30T20:38:06-10:00job:github_sync_all | — [website] local and GitHub already match
2026-09-30T20:38:06-10:00job:github_sync_all | — [website] nothing to push
2026-09-30T20:38:06-10:00job:github_sync_all | — [website-personal] no local changes
2026-09-30T20:38:06-10:00job:github_sync_all | ↓ [website-personal] fetching origin/main
2026-09-30T20:38:06-10:00job:github_sync_all | From github.com:rootrecordsoftwaresolutions/RootRecord-Website
2026-09-30T20:38:06-10:00job:github_sync_all | * branch            main       -> FETCH_HEAD
2026-09-30T20:38:06-10:00job:security_camera_frame_grab RUN  bash "/home/rootrecord/RootRecord-Ecosystem/1 - Servers/1 - RootRecord-Pacific-Solar-Server/Security/Cameras/grab_all.sh"
2026-09-30T20:38:23-10:00job:security_camera_frame_grab | 20:38:06  📷  a-eyes  ch1 → ch1-20261001T063806Z.jpg  (271.4 KB, 4.32s)
2026-09-30T20:38:23-10:00job:security_camera_frame_grab | 20:38:10  📷  a-eyes  ch2 → ch2-20261001T063810Z.jpg  (122.1 KB, 4.39s)
2026-09-30T20:38:23-10:00job:security_camera_frame_grab | 20:38:15  📷  a-eyes  ch3 → ch3-20261001T063815Z.jpg  (363.5 KB, 4.45s)
2026-09-30T20:38:23-10:00job:security_camera_frame_grab | 20:38:19  📷  a-eyes  ch4 → ch4-20261001T063819Z.jpg  (218.7 KB, 4.27s)
2026-09-30T20:38:23-10:00job:service_supervisor RUN  bash "/home/rootrecord/RootRecord-Ecosystem/1 - Servers/1 - RootRecord-Pacific-Solar-Server/Automations/scripts/supervise-services.sh"
2026-09-30T20:38:24-10:00job:service_supervisor | [supervisor] weather alive pid=764793 (act)
2026-09-30T20:38:24-10:00job:service_supervisor | [supervisor] relay alive pid=1581824 (act)
2026-09-30T20:38:24-10:00job:geology_collect RUN  nice -n 10 python3 "/home/rootrecord/RootRecord-Ecosystem/1 - Servers/1 - RootRecord-Pacific-Solar-Server/Geology/scripts/geology_collect.py" all
2026-09-30T20:38:26-10:00job:geology_collect | {"ok": true, "at": "2026-09-30T20:38:24-10:00", "what": "all", "dry_run": false, "sources": {"hawaii": {"ok": true, "count": 18, "new": 1, "new_m2": 0, "ms": 761}, "global": {"ok": true, "count": 37, "new": 0, "ms": 306}, "hvo_notices": {"ok": true, "count": 44, "new": 0, "ms": 910}, "hvo_status": {"ok": true, "volcanoes": 8, "kilauea": "WATCH", "mauna_loa": "NORMAL", "ms": 619}}}
2026-09-30T20:38:26-10:00job:system_net_sample RUN  nice -n 10 python3 "/home/rootrecord/RootRecord-Ecosystem/1 - Servers/1 - RootRecord-Pacific-Solar-Server/System/scripts/host_desks.py" net-sample
2026-09-30T20:38:27-10:00job:system_net_sample | {"ok": true, "file": "/home/rootrecord/RootRecord-Ecosystem/2 - RootRecord-Database/System/network/Daily/net-20260930.jsonl", "iface": "wlo1", "hour": {"seconds": 3718, "rx": 234993973, "tx": 104923450, "total": 339917423, "iface": "wlo1", "link": "wireless"}, "day": null}
2026-09-30T20:38:27-10:00job:discord_report_relay RUN  nice -n 10 python3 "/home/rootrecord/RootRecord-Ecosystem/1 - Servers/1 - RootRecord-Pacific-Solar-Server/Communications/Discord/scripts/report_relay.py"
2026-09-30T20:38:27-10:00job:discord_report_relay | same
2026-09-30T20:38:27-10:00ENERGY  status=live  B2=52%  B1=85.7%  solar=0 W  ac=100 W  usbc=0 W  src=/home/rootrecord/RootRecord-Ecosystem/2 - RootRecord-Database/Energy  LAP=100%/Full/AC
2026-09-30T20:38:44-10:00  ▸  SUMMARY=river2pro soc=85.42% solar=0W ac_out=0W usbc=23W src=ble+cloud db=ok
2026-09-30T20:38:44-10:00job:sys_stats_cycle RUN  bash "/home/rootrecord/RootRecord-Ecosystem/1 - Servers/1 - RootRecord-Pacific-Solar-Server/System/scripts/sys-sample.sh"
2026-09-30T20:38:45-10:00job:sys_stats_cycle | SYSTEM  cpu=16%  load=2.30  mem=66%  src=sqlite
2026-09-30T20:38:45-10:00job:sys_stats_cycle | OK wrote /home/rootrecord/RootRecord-Ecosystem/2 - RootRecord-Database/System/samples/sys-20260930-203844.json
2026-09-30T20:39:34-10:00job:github_sync_all | ↑ [ecosystem] committed 8 local file(s)
2026-09-30T20:39:34-10:00job:github_sync_all | ↓ [ecosystem] fetching origin/main
2026-09-30T20:39:34-10:00job:github_sync_all | From github.com:RootRecord-Software-Solutions/RootRecord-Ecosystem
2026-09-30T20:39:34-10:00job:github_sync_all | * branch              main       -> FETCH_HEAD
2026-09-30T20:39:34-10:00job:github_sync_all | ↑ [ecosystem] local is ahead of GitHub
2026-09-30T20:39:34-10:00job:github_sync_all | To github.com:RootRecord-Software-Solutions/RootRecord-Ecosystem.git
2026-09-30T20:39:34-10:00job:github_sync_all | 8491b0c2..3ecd402a  HEAD -> main
2026-09-30T20:39:34-10:00job:github_sync_all | branch 'main' set up to track 'origin/main'.
2026-09-30T20:39:34-10:00job:github_sync_all | ↑ [ecosystem] 8 files → RootRecord-Software-Solutions/RootRecord-Ecosystem (main)
2026-09-30T20:39:34-10:00job:github_sync_all | — [pacific] no local changes
2026-09-30T20:39:34-10:00job:github_sync_all | ↓ [pacific] fetching origin/main
2026-09-30T20:39:34-10:00job:github_sync_all | From github.com:RootRecord-Software-Solutions/RootRecord-Pacific-Solar-Server
2026-09-30T20:39:34-10:00job:github_sync_all | * branch            main       -> FETCH_HEAD
2026-09-30T20:39:34-10:00job:github_sync_all | — [pacific] local and GitHub already match
2026-09-30T20:39:34-10:00job:github_sync_all | — [pacific] nothing to push
2026-09-30T20:39:34-10:00job:github_sync_all | ↑ [database] committed 20 local file(s)
2026-09-30T20:39:34-10:00job:github_sync_all | ↓ [database] fetching origin/main
2026-09-30T20:39:34-10:00job:github_sync_all | From github.com:RootRecord-Software-Solutions/RootRecord-Database
2026-09-30T20:39:34-10:00job:github_sync_all | * branch              main       -> FETCH_HEAD
2026-09-30T20:39:34-10:00job:github_sync_all | ↑ [database] local is ahead of GitHub
2026-09-30T20:39:34-10:00job:github_sync_all | To github.com:RootRecord-Software-Solutions/RootRecord-Database.git
2026-09-30T20:39:34-10:00job:github_sync_all | 76a9f59e..ac66d76a  HEAD -> main
2026-09-30T20:39:34-10:00job:github_sync_all | branch 'main' set up to track 'origin/main'.
2026-09-30T20:39:34-10:00job:github_sync_all | ↑ [database] 20 files → RootRecord-Software-Solutions/RootRecord-Database (main)
2026-09-30T20:39:34-10:00job:github_sync_all | — [library] no local changes
2026-09-30T20:39:34-10:00job:github_sync_all | ↓ [library] fetching origin/main
2026-09-30T20:39:34-10:00job:github_sync_all | From github.com:RootRecord-Software-Solutions/RootRecord-Library
2026-09-30T20:39:34-10:00job:github_sync_all | * branch            main       -> FETCH_HEAD
2026-09-30T20:39:34-10:00job:github_sync_all | — [library] local and GitHub already match
2026-09-30T20:39:34-10:00job:github_sync_all | — [library] nothing to push
2026-09-30T20:39:34-10:00job:github_sync_all | — [website] no local changes
2026-09-30T20:39:34-10:00job:github_sync_all | ↓ [website] fetching origin/main
2026-09-30T20:39:34-10:00job:github_sync_all | From github.com:RootRecord-Software-Solutions/RootRecord-Website
2026-09-30T20:39:34-10:00job:github_sync_all | * branch            main       -> FETCH_HEAD
2026-09-30T20:39:34-10:00job:github_sync_all | — [website] local and GitHub already match
2026-09-30T20:39:34-10:00job:github_sync_all | — [website] nothing to push
2026-09-30T20:39:34-10:00job:github_sync_all | — [website-personal] no local changes
2026-09-30T20:39:34-10:00job:github_sync_all | ↓ [website-personal] fetching origin/main
2026-09-30T20:39:34-10:00job:github_sync_all | From github.com:rootrecordsoftwaresolutions/RootRecord-Website
2026-09-30T20:39:34-10:00job:github_sync_all | * branch            main       -> FETCH_HEAD
2026-09-30T20:39:34-10:00job:worklog_scan RUN  bash "/home/rootrecord/RootRecord-Ecosystem/1 - Servers/1 - RootRecord-Pacific-Solar-Server/Reports/scripts/worklog_once.sh"
2026-09-30T20:39:45-10:00job:worklog_scan | OK wrote/updated /home/rootrecord/RootRecord-Ecosystem/2 - RootRecord-Database/Worklog/worklog_current.md
2026-09-30T20:39:45-10:00job:security_camera_frame_grab RUN  bash "/home/rootrecord/RootRecord-Ecosystem/1 - Servers/1 - RootRecord-Pacific-Solar-Server/Security/Cameras/grab_all.sh"
2026-09-30T20:40:03-10:00job:security_camera_frame_grab | 20:39:45  📷  a-eyes  ch1 → ch1-20261001T063945Z.jpg  (272.5 KB, 4.35s)
2026-09-30T20:40:03-10:00job:security_camera_frame_grab | 20:39:49  📷  a-eyes  ch2 → ch2-20261001T063949Z.jpg  (122.1 KB, 4.44s)
2026-09-30T20:40:03-10:00job:security_camera_frame_grab | 20:39:54  📷  a-eyes  ch3 → ch3-20261001T063954Z.jpg  (363.6 KB, 4.50s)
2026-09-30T20:40:03-10:00job:security_camera_frame_grab | 20:39:58  📷  a-eyes  ch4 → ch4-20261001T063958Z.jpg  (218.0 KB, 4.43s)
2026-09-30T20:40:03-10:00ENERGY  status=live  B2=52%  B1=85.4%  solar=0 W  ac=100 W  usbc=0 W  src=/home/rootrecord/RootRecord-Ecosystem/2 - RootRecord-Database/Energy  LAP=100%/Full/AC
2026-09-30T20:40:19-10:00  ▸  SUMMARY=delta2 soc=51.29% solar=0W ac_out=90W usbc=0W src=ble db=ok
2026-09-30T20:40:19-10:00job:sys_stats_cycle RUN  bash "/home/rootrecord/RootRecord-Ecosystem/1 - Servers/1 - RootRecord-Pacific-Solar-Server/System/scripts/sys-sample.sh"
2026-09-30T20:40:20-10:00job:sys_stats_cycle | SYSTEM  cpu=23%  load=2.92  mem=73%  src=sqlite
2026-09-30T20:40:20-10:00job:sys_stats_cycle | OK wrote /home/rootrecord/RootRecord-Ecosystem/2 - RootRecord-Database/System/samples/sys-20260930-204019.json
2026-09-30T20:41:21-10:00job:github_sync_all | ↑ [ecosystem] committed 2 local file(s)
2026-09-30T20:41:21-10:00job:github_sync_all | ↓ [ecosystem] fetching origin/main
2026-09-30T20:41:21-10:00job:github_sync_all | From github.com:RootRecord-Software-Solutions/RootRecord-Ecosystem
2026-09-30T20:41:21-10:00job:github_sync_all | * branch              main       -> FETCH_HEAD
2026-09-30T20:41:21-10:00job:github_sync_all | ↑ [ecosystem] local is ahead of GitHub
2026-09-30T20:41:21-10:00job:github_sync_all | To github.com:RootRecord-Software-Solutions/RootRecord-Ecosystem.git
2026-09-30T20:41:21-10:00job:github_sync_all | 3ecd402a..3531a141  HEAD -> main
2026-09-30T20:41:21-10:00job:github_sync_all | branch 'main' set up to track 'origin/main'.
2026-09-30T20:41:21-10:00job:github_sync_all | ↑ [ecosystem] 2 files → RootRecord-Software-Solutions/RootRecord-Ecosystem (main)
2026-09-30T20:41:21-10:00job:github_sync_all | ↑ [pacific] committed 2 local file(s)
2026-09-30T20:41:21-10:00job:github_sync_all | ↓ [pacific] fetching origin/main
2026-09-30T20:41:21-10:00job:github_sync_all | From github.com:RootRecord-Software-Solutions/RootRecord-Pacific-Solar-Server
2026-09-30T20:41:21-10:00job:github_sync_all | * branch            main       -> FETCH_HEAD
2026-09-30T20:41:21-10:00job:github_sync_all | ↑ [pacific] local is ahead of GitHub
2026-09-30T20:41:21-10:00job:github_sync_all | To github.com:RootRecord-Software-Solutions/RootRecord-Pacific-Solar-Server.git
2026-09-30T20:41:21-10:00job:github_sync_all | d7953f1..6560932  HEAD -> main
2026-09-30T20:41:21-10:00job:github_sync_all | branch 'main' set up to track 'origin/main'.
2026-09-30T20:41:21-10:00job:github_sync_all | ↑ [pacific] 2 files → RootRecord-Software-Solutions/RootRecord-Pacific-Solar-Server (main)
2026-09-30T20:41:21-10:00job:github_sync_all | ↑ [database] committed 17 local file(s)
2026-09-30T20:41:21-10:00job:github_sync_all | ↓ [database] fetching origin/main
2026-09-30T20:41:21-10:00job:github_sync_all | From github.com:RootRecord-Software-Solutions/RootRecord-Database
2026-09-30T20:41:21-10:00job:github_sync_all | * branch              main       -> FETCH_HEAD
2026-09-30T20:41:21-10:00job:github_sync_all | ↑ [database] local is ahead of GitHub
2026-09-30T20:41:21-10:00job:github_sync_all | To github.com:RootRecord-Software-Solutions/RootRecord-Database.git
2026-09-30T20:41:21-10:00job:github_sync_all | ac66d76a..d19d80ee  HEAD -> main
2026-09-30T20:41:21-10:00job:github_sync_all | branch 'main' set up to track 'origin/main'.
2026-09-30T20:41:21-10:00job:github_sync_all | ↑ [database] 17 files → RootRecord-Software-Solutions/RootRecord-Database (main)
2026-09-30T20:41:21-10:00job:github_sync_all | — [library] no local changes
2026-09-30T20:41:21-10:00job:github_sync_all | ↓ [library] fetching origin/main
2026-09-30T20:41:21-10:00job:github_sync_all | From github.com:RootRecord-Software-Solutions/RootRecord-Library
2026-09-30T20:41:21-10:00job:github_sync_all | * branch            main       -> FETCH_HEAD
2026-09-30T20:41:21-10:00job:github_sync_all | — [library] local and GitHub already match
2026-09-30T20:41:21-10:00job:github_sync_all | — [library] nothing to push
2026-09-30T20:41:21-10:00job:github_sync_all | ↑ [website] committed 2 local file(s)
2026-09-30T20:41:21-10:00job:github_sync_all | ↓ [website] fetching origin/main
2026-09-30T20:41:21-10:00job:github_sync_all | From github.com:RootRecord-Software-Solutions/RootRecord-Website
2026-09-30T20:41:21-10:00job:github_sync_all | * branch            main       -> FETCH_HEAD
2026-09-30T20:41:21-10:00job:github_sync_all | ↑ [website] local is ahead of GitHub
2026-09-30T20:41:21-10:00job:github_sync_all | To github.com:RootRecord-Software-Solutions/RootRecord-Website.git
2026-09-30T20:41:21-10:00job:github_sync_all | d2d1c36..2de69c6  HEAD -> main
2026-09-30T20:41:21-10:00job:worklog_scan RUN  bash "/home/rootrecord/RootRecord-Ecosystem/1 - Servers/1 - RootRecord-Pacific-Solar-Server/Reports/scripts/worklog_once.sh"
2026-09-30T20:41:25-10:00job:worklog_scan | OK wrote/updated /home/rootrecord/RootRecord-Ecosystem/2 - RootRecord-Database/Worklog/worklog_current.md
2026-09-30T20:41:25-10:00job:security_camera_frame_grab RUN  bash "/home/rootrecord/RootRecord-Ecosystem/1 - Servers/1 - RootRecord-Pacific-Solar-Server/Security/Cameras/grab_all.sh"
2026-09-30T20:41:43-10:00job:security_camera_frame_grab | 20:41:25  📷  a-eyes  ch1 → ch1-20261001T064125Z.jpg  (272.4 KB, 4.44s)
2026-09-30T20:41:43-10:00job:security_camera_frame_grab | 20:41:30  📷  a-eyes  ch2 → ch2-20261001T064130Z.jpg  (122.5 KB, 4.44s)
2026-09-30T20:41:43-10:00job:security_camera_frame_grab | 20:41:34  📷  a-eyes  ch3 → ch3-20261001T064134Z.jpg  (363.6 KB, 4.50s)
2026-09-30T20:41:43-10:00job:security_camera_frame_grab | 20:41:39  📷  a-eyes  ch4 → ch4-20261001T064139Z.jpg  (238.9 KB, 4.34s)
2026-09-30T20:41:43-10:00ENERGY  status=live  B2=51.3%  B1=85.4%  solar=0 W  ac=90 W  usbc=0 W  src=/home/rootrecord/RootRecord-Ecosystem/2 - RootRecord-Database/Energy  LAP=100%/Full/AC
2026-09-30T20:41:58-10:00  ▸  SUMMARY=delta2 soc=50.89% solar=0W ac_out=107W usbc=0W src=ble db=ok
2026-09-30T20:41:58-10:00job:sys_stats_cycle RUN  bash "/home/rootrecord/RootRecord-Ecosystem/1 - Servers/1 - RootRecord-Pacific-Solar-Server/System/scripts/sys-sample.sh"
2026-09-30T20:41:59-10:00job:sys_stats_cycle | SYSTEM  cpu=15%  load=2.14  mem=64%  src=sqlite
2026-09-30T20:41:59-10:00job:sys_stats_cycle | OK wrote /home/rootrecord/RootRecord-Ecosystem/2 - RootRecord-Database/System/samples/sys-20260930-204159.json
2026-09-30T20:42:45-10:00job:github_sync_all | — [ecosystem] no committable local changes
2026-09-30T20:42:45-10:00job:github_sync_all | ↓ [ecosystem] fetching origin/main
2026-09-30T20:42:45-10:00job:github_sync_all | From github.com:RootRecord-Software-Solutions/RootRecord-Ecosystem
2026-09-30T20:42:45-10:00job:github_sync_all | * branch              main       -> FETCH_HEAD
2026-09-30T20:42:45-10:00job:github_sync_all | — [ecosystem] local and GitHub already match
2026-09-30T20:42:45-10:00job:github_sync_all | — [ecosystem] nothing to push
2026-09-30T20:42:45-10:00job:github_sync_all | — [pacific] no local changes
2026-09-30T20:42:45-10:00job:github_sync_all | ↓ [pacific] fetching origin/main
2026-09-30T20:42:45-10:00job:github_sync_all | From github.com:RootRecord-Software-Solutions/RootRecord-Pacific-Solar-Server
2026-09-30T20:42:45-10:00job:github_sync_all | * branch            main       -> FETCH_HEAD
2026-09-30T20:42:45-10:00job:github_sync_all | — [pacific] local and GitHub already match
2026-09-30T20:42:45-10:00job:github_sync_all | — [pacific] nothing to push
2026-09-30T20:42:45-10:00job:github_sync_all | ↑ [database] committed 16 local file(s)
2026-09-30T20:42:45-10:00job:github_sync_all | ↓ [database] fetching origin/main
2026-09-30T20:42:45-10:00job:github_sync_all | From github.com:RootRecord-Software-Solutions/RootRecord-Database
2026-09-30T20:42:45-10:00job:github_sync_all | * branch              main       -> FETCH_HEAD
2026-09-30T20:42:45-10:00job:github_sync_all | ↑ [database] local is ahead of GitHub
2026-09-30T20:42:45-10:00job:github_sync_all | To github.com:RootRecord-Software-Solutions/RootRecord-Database.git
2026-09-30T20:42:45-10:00job:github_sync_all | d19d80ee..04fd7145  HEAD -> main
2026-09-30T20:42:45-10:00job:github_sync_all | branch 'main' set up to track 'origin/main'.
2026-09-30T20:42:45-10:00job:github_sync_all | ↑ [database] 16 files → RootRecord-Software-Solutions/RootRecord-Database (main)
2026-09-30T20:42:45-10:00job:github_sync_all | — [library] no local changes
2026-09-30T20:42:45-10:00job:github_sync_all | ↓ [library] fetching origin/main
2026-09-30T20:42:45-10:00job:github_sync_all | From github.com:RootRecord-Software-Solutions/RootRecord-Library
2026-09-30T20:42:45-10:00job:github_sync_all | * branch            main       -> FETCH_HEAD
2026-09-30T20:42:45-10:00job:github_sync_all | — [library] local and GitHub already match
2026-09-30T20:42:45-10:00job:github_sync_all | — [library] nothing to push
2026-09-30T20:42:45-10:00job:github_sync_all | — [website] no local changes
2026-09-30T20:42:45-10:00job:github_sync_all | ↓ [website] fetching origin/main
2026-09-30T20:42:45-10:00job:github_sync_all | From github.com:RootRecord-Software-Solutions/RootRecord-Website
2026-09-30T20:42:45-10:00job:github_sync_all | * branch            main       -> FETCH_HEAD
2026-09-30T20:42:45-10:00job:github_sync_all | — [website] local and GitHub already match
2026-09-30T20:42:45-10:00job:github_sync_all | — [website] nothing to push
2026-09-30T20:42:45-10:00job:github_sync_all | — [website-personal] no local changes
2026-09-30T20:42:45-10:00job:github_sync_all | ↓ [website-personal] fetching origin/main
2026-09-30T20:42:45-10:00job:github_sync_all | From github.com:rootrecordsoftwaresolutions/RootRecord-Website
2026-09-30T20:42:45-10:00job:github_sync_all | * branch            main       -> FETCH_HEAD
2026-09-30T20:42:45-10:00job:github_sync_all | — [website-personal] local and GitHub already match
2026-09-30T20:42:45-10:00job:github_sync_all | — [website-personal] nothing to push
2026-09-30T20:42:45-10:00job:worklog_scan RUN  bash "/home/rootrecord/RootRecord-Ecosystem/1 - Servers/1 - RootRecord-Pacific-Solar-Server/Reports/scripts/worklog_once.sh"
2026-09-30T20:42:49-10:00job:worklog_scan | OK wrote/updated /home/rootrecord/RootRecord-Ecosystem/2 - RootRecord-Database/Worklog/worklog_current.md
2026-09-30T20:42:49-10:00job:security_camera_frame_grab RUN  bash "/home/rootrecord/RootRecord-Ecosystem/1 - Servers/1 - RootRecord-Pacific-Solar-Server/Security/Cameras/grab_all.sh"
2026-09-30T20:43:07-10:00job:security_camera_frame_grab | 20:42:49  📷  a-eyes  ch1 → ch1-20261001T064249Z.jpg  (273.2 KB, 4.42s)
2026-09-30T20:43:07-10:00job:security_camera_frame_grab | 20:42:53  📷  a-eyes  ch2 → ch2-20261001T064253Z.jpg  (124.2 KB, 4.39s)
2026-09-30T20:43:07-10:00job:security_camera_frame_grab | 20:42:58  📷  a-eyes  ch3 → ch3-20261001T064258Z.jpg  (368.5 KB, 4.55s)
2026-09-30T20:43:07-10:00job:security_camera_frame_grab | 20:43:02  📷  a-eyes  ch4 → ch4-20261001T064302Z.jpg  (234.2 KB, 4.48s)
2026-09-30T20:43:07-10:00ENERGY  status=live  B2=50.9%  B1=85.4%  solar=0 W  ac=107 W  usbc=0 W  src=/home/rootrecord/RootRecord-Ecosystem/2 - RootRecord-Database/Energy  LAP=100%/Full/AC
2026-09-30T20:43:24-10:00  ▸  SUMMARY=river2pro soc=85.11% solar=0W ac_out=0W usbc=29W src=ble+cloud db=ok
2026-09-30T20:43:24-10:00job:sys_stats_cycle RUN  bash "/home/rootrecord/RootRecord-Ecosystem/1 - Servers/1 - RootRecord-Pacific-Solar-Server/System/scripts/sys-sample.sh"
2026-09-30T20:43:25-10:00job:sys_stats_cycle | SYSTEM  cpu=22%  load=2.42  mem=58%  src=sqlite
2026-09-30T20:43:25-10:00job:sys_stats_cycle | OK wrote /home/rootrecord/RootRecord-Ecosystem/2 - RootRecord-Database/System/samples/sys-20260930-204324.json
2026-09-30T20:44:09-10:00job:github_sync_all | — [ecosystem] no committable local changes
2026-09-30T20:44:09-10:00job:github_sync_all | ↓ [ecosystem] fetching origin/main
2026-09-30T20:44:09-10:00job:github_sync_all | From github.com:RootRecord-Software-Solutions/RootRecord-Ecosystem
2026-09-30T20:44:09-10:00job:github_sync_all | * branch              main       -> FETCH_HEAD
2026-09-30T20:44:09-10:00job:github_sync_all | — [ecosystem] local and GitHub already match
2026-09-30T20:44:09-10:00job:github_sync_all | — [ecosystem] nothing to push
2026-09-30T20:44:09-10:00job:github_sync_all | — [pacific] no local changes
2026-09-30T20:44:09-10:00job:github_sync_all | ↓ [pacific] fetching origin/main
2026-09-30T20:44:09-10:00job:github_sync_all | From github.com:RootRecord-Software-Solutions/RootRecord-Pacific-Solar-Server
2026-09-30T20:44:09-10:00job:github_sync_all | * branch            main       -> FETCH_HEAD
2026-09-30T20:44:09-10:00job:github_sync_all | — [pacific] local and GitHub already match
2026-09-30T20:44:09-10:00job:github_sync_all | — [pacific] nothing to push
2026-09-30T20:44:09-10:00job:github_sync_all | ↑ [database] committed 15 local file(s)
2026-09-30T20:44:09-10:00job:github_sync_all | ↓ [database] fetching origin/main
2026-09-30T20:44:09-10:00job:github_sync_all | From github.com:RootRecord-Software-Solutions/RootRecord-Database
2026-09-30T20:44:09-10:00job:github_sync_all | * branch              main       -> FETCH_HEAD
2026-09-30T20:44:09-10:00job:github_sync_all | ↑ [database] local is ahead of GitHub
2026-09-30T20:44:09-10:00job:github_sync_all | To github.com:RootRecord-Software-Solutions/RootRecord-Database.git
2026-09-30T20:44:09-10:00job:github_sync_all | 04fd7145..9d9bdd88  HEAD -> main
2026-09-30T20:44:09-10:00job:github_sync_all | branch 'main' set up to track 'origin/main'.
2026-09-30T20:44:09-10:00job:github_sync_all | ↑ [database] 15 files → RootRecord-Software-Solutions/RootRecord-Database (main)
2026-09-30T20:44:09-10:00job:github_sync_all | — [library] no local changes
2026-09-30T20:44:09-10:00job:github_sync_all | ↓ [library] fetching origin/main
2026-09-30T20:44:09-10:00job:github_sync_all | From github.com:RootRecord-Software-Solutions/RootRecord-Library
2026-09-30T20:44:09-10:00job:github_sync_all | * branch            main       -> FETCH_HEAD
2026-09-30T20:44:09-10:00job:github_sync_all | — [library] local and GitHub already match
2026-09-30T20:44:09-10:00job:github_sync_all | — [library] nothing to push
2026-09-30T20:44:09-10:00job:github_sync_all | — [website] no local changes
2026-09-30T20:44:09-10:00job:github_sync_all | ↓ [website] fetching origin/main
2026-09-30T20:44:09-10:00job:github_sync_all | From github.com:RootRecord-Software-Solutions/RootRecord-Website
2026-09-30T20:44:09-10:00job:github_sync_all | * branch            main       -> FETCH_HEAD
2026-09-30T20:44:09-10:00job:github_sync_all | — [website] local and GitHub already match
2026-09-30T20:44:09-10:00job:github_sync_all | — [website] nothing to push
2026-09-30T20:44:09-10:00job:github_sync_all | — [website-personal] no local changes
2026-09-30T20:44:09-10:00job:github_sync_all | ↓ [website-personal] fetching origin/main
2026-09-30T20:44:09-10:00job:github_sync_all | From github.com:rootrecordsoftwaresolutions/RootRecord-Website
2026-09-30T20:44:09-10:00job:github_sync_all | * branch            main       -> FETCH_HEAD
2026-09-30T20:44:09-10:00job:github_sync_all | — [website-personal] local and GitHub already match
2026-09-30T20:44:09-10:00job:github_sync_all | — [website-personal] nothing to push
2026-09-30T20:44:09-10:00job:security_camera_frame_grab RUN  bash "/home/rootrecord/RootRecord-Ecosystem/1 - Servers/1 - RootRecord-Pacific-Solar-Server/Security/Cameras/grab_all.sh"
2026-09-30T20:44:27-10:00job:security_camera_frame_grab | 20:44:10  📷  a-eyes  ch1 → ch1-20261001T064410Z.jpg  (272.2 KB, 4.31s)
2026-09-30T20:44:27-10:00job:security_camera_frame_grab | 20:44:14  📷  a-eyes  ch2 → ch2-20261001T064414Z.jpg  (129.0 KB, 4.36s)
2026-09-30T20:44:27-10:00job:security_camera_frame_grab | 20:44:18  📷  a-eyes  ch3 → ch3-20261001T064418Z.jpg  (418.6 KB, 4.36s)
2026-09-30T20:44:27-10:00job:security_camera_frame_grab | 20:44:23  📷  a-eyes  ch4 → ch4-20261001T064423Z.jpg  (241.5 KB, 4.40s)
2026-09-30T20:44:27-10:00job:service_supervisor RUN  bash "/home/rootrecord/RootRecord-Ecosystem/1 - Servers/1 - RootRecord-Pacific-Solar-Server/Automations/scripts/supervise-services.sh"
2026-09-30T20:44:27-10:00job:service_supervisor | [supervisor] weather alive pid=764793 (act)
2026-09-30T20:44:27-10:00job:service_supervisor | [supervisor] relay alive pid=1581824 (act)
2026-09-30T20:44:27-10:00job:geology_collect RUN  nice -n 10 python3 "/home/rootrecord/RootRecord-Ecosystem/1 - Servers/1 - RootRecord-Pacific-Solar-Server/Geology/scripts/geology_collect.py" all
2026-09-30T20:44:30-10:00job:geology_collect | {"ok": true, "at": "2026-09-30T20:44:27-10:00", "what": "all", "dry_run": false, "sources": {"hawaii": {"ok": true, "count": 18, "new": 0, "new_m2": 0, "ms": 523}, "global": {"ok": true, "count": 37, "new": 0, "ms": 317}, "hvo_notices": {"ok": true, "count": 44, "new": 0, "ms": 777}, "hvo_status": {"ok": true, "volcanoes": 8, "kilauea": "WATCH", "mauna_loa": "NORMAL", "ms": 510}}}
2026-09-30T20:44:30-10:00job:system_net_sample RUN  nice -n 10 python3 "/home/rootrecord/RootRecord-Ecosystem/1 - Servers/1 - RootRecord-Pacific-Solar-Server/System/scripts/host_desks.py" net-sample
2026-09-30T20:44:30-10:00job:system_net_sample | {"ok": true, "file": "/home/rootrecord/RootRecord-Ecosystem/2 - RootRecord-Database/System/network/Daily/net-20260930.jsonl", "iface": "wlo1", "hour": {"seconds": 3747, "rx": 221558815, "tx": 97857033, "total": 319415848, "iface": "wlo1", "link": "wireless"}, "day": null}
2026-09-30T20:44:30-10:00job:discord_report_relay RUN  nice -n 10 python3 "/home/rootrecord/RootRecord-Ecosystem/1 - Servers/1 - RootRecord-Pacific-Solar-Server/Communications/Discord/scripts/report_relay.py"
2026-09-30T20:44:30-10:00job:discord_report_relay | same
2026-09-30T20:44:30-10:00ENERGY  status=live  B2=50.9%  B1=85.1%  solar=0 W  ac=107 W  usbc=0 W  src=/home/rootrecord/RootRecord-Ecosystem/2 - RootRecord-Database/Energy  LAP=100%/Full/AC
2026-09-30T20:44:46-10:00  ▸  SUMMARY=delta2 soc=50.28% solar=0W ac_out=85W usbc=0W src=ble db=ok
2026-09-30T20:44:46-10:00job:sys_stats_cycle RUN  bash "/home/rootrecord/RootRecord-Ecosystem/1 - Servers/1 - RootRecord-Pacific-Solar-Server/System/scripts/sys-sample.sh"
2026-09-30T20:44:47-10:00job:sys_stats_cycle | SYSTEM  cpu=20%  load=2.18  mem=58%  src=sqlite
2026-09-30T20:44:47-10:00job:sys_stats_cycle | OK wrote /home/rootrecord/RootRecord-Ecosystem/2 - RootRecord-Database/System/samples/sys-20260930-204446.json
2026-09-30T20:45:35-10:00job:github_sync_all | ↑ [ecosystem] committed 7 local file(s)
2026-09-30T20:45:35-10:00job:github_sync_all | ↓ [ecosystem] fetching origin/main
2026-09-30T20:45:35-10:00job:github_sync_all | From github.com:RootRecord-Software-Solutions/RootRecord-Ecosystem
2026-09-30T20:45:35-10:00job:github_sync_all | * branch              main       -> FETCH_HEAD
2026-09-30T20:45:35-10:00job:github_sync_all | ↑ [ecosystem] local is ahead of GitHub
2026-09-30T20:45:35-10:00job:github_sync_all | To github.com:RootRecord-Software-Solutions/RootRecord-Ecosystem.git
2026-09-30T20:45:35-10:00job:github_sync_all | 3531a141..50ebd139  HEAD -> main
2026-09-30T20:45:35-10:00job:github_sync_all | branch 'main' set up to track 'origin/main'.
2026-09-30T20:45:35-10:00job:github_sync_all | ↑ [ecosystem] 7 files → RootRecord-Software-Solutions/RootRecord-Ecosystem (main)
2026-09-30T20:45:35-10:00job:github_sync_all | — [pacific] no local changes
2026-09-30T20:45:35-10:00job:github_sync_all | ↓ [pacific] fetching origin/main
2026-09-30T20:45:35-10:00job:github_sync_all | From github.com:RootRecord-Software-Solutions/RootRecord-Pacific-Solar-Server
2026-09-30T20:45:35-10:00job:github_sync_all | * branch            main       -> FETCH_HEAD
2026-09-30T20:45:35-10:00job:github_sync_all | — [pacific] local and GitHub already match
2026-09-30T20:45:35-10:00job:github_sync_all | — [pacific] nothing to push
2026-09-30T20:45:35-10:00job:github_sync_all | ↑ [database] committed 19 local file(s)
2026-09-30T20:45:35-10:00job:github_sync_all | ↓ [database] fetching origin/main
2026-09-30T20:45:35-10:00job:github_sync_all | From github.com:RootRecord-Software-Solutions/RootRecord-Database
2026-09-30T20:45:35-10:00job:github_sync_all | * branch              main       -> FETCH_HEAD
2026-09-30T20:45:35-10:00job:github_sync_all | ↑ [database] local is ahead of GitHub
2026-09-30T20:45:35-10:00job:github_sync_all | To github.com:RootRecord-Software-Solutions/RootRecord-Database.git
2026-09-30T20:45:35-10:00job:github_sync_all | 9d9bdd88..820917ca  HEAD -> main
2026-09-30T20:45:35-10:00job:github_sync_all | branch 'main' set up to track 'origin/main'.
2026-09-30T20:45:35-10:00job:github_sync_all | ↑ [database] 19 files → RootRecord-Software-Solutions/RootRecord-Database (main)
2026-09-30T20:45:35-10:00job:github_sync_all | — [library] no local changes
2026-09-30T20:45:35-10:00job:github_sync_all | ↓ [library] fetching origin/main
2026-09-30T20:45:35-10:00job:github_sync_all | From github.com:RootRecord-Software-Solutions/RootRecord-Library
2026-09-30T20:45:35-10:00job:github_sync_all | * branch            main       -> FETCH_HEAD
2026-09-30T20:45:35-10:00job:github_sync_all | — [library] local and GitHub already match
2026-09-30T20:45:35-10:00job:github_sync_all | — [library] nothing to push
2026-09-30T20:45:35-10:00job:github_sync_all | — [website] no local changes
2026-09-30T20:45:35-10:00job:github_sync_all | ↓ [website] fetching origin/main
2026-09-30T20:45:35-10:00job:github_sync_all | From github.com:RootRecord-Software-Solutions/RootRecord-Website
2026-09-30T20:45:35-10:00job:github_sync_all | * branch            main       -> FETCH_HEAD
2026-09-30T20:45:35-10:00job:github_sync_all | — [website] local and GitHub already match
2026-09-30T20:45:35-10:00job:github_sync_all | — [website] nothing to push
2026-09-30T20:45:35-10:00job:github_sync_all | — [website-personal] no local changes
2026-09-30T20:45:35-10:00job:github_sync_all | ↓ [website-personal] fetching origin/main
2026-09-30T20:45:35-10:00job:github_sync_all | From github.com:rootrecordsoftwaresolutions/RootRecord-Website
2026-09-30T20:45:35-10:00job:github_sync_all | * branch            main       -> FETCH_HEAD
2026-09-30T20:45:35-10:00job:worklog_scan RUN  bash "/home/rootrecord/RootRecord-Ecosystem/1 - Servers/1 - RootRecord-Pacific-Solar-Server/Reports/scripts/worklog_once.sh"
2026-09-30T20:45:39-10:00job:worklog_scan | OK wrote/updated /home/rootrecord/RootRecord-Ecosystem/2 - RootRecord-Database/Worklog/worklog_current.md
2026-09-30T20:45:39-10:00job:security_camera_frame_grab RUN  bash "/home/rootrecord/RootRecord-Ecosystem/1 - Servers/1 - RootRecord-Pacific-Solar-Server/Security/Cameras/grab_all.sh"
2026-09-30T20:45:57-10:00job:security_camera_frame_grab | 20:45:39  📷  a-eyes  ch1 → ch1-20261001T064539Z.jpg  (273.2 KB, 4.27s)
2026-09-30T20:45:57-10:00job:security_camera_frame_grab | 20:45:43  📷  a-eyes  ch2 → ch2-20261001T064543Z.jpg  (126.1 KB, 4.70s)
2026-09-30T20:45:57-10:00job:security_camera_frame_grab | 20:45:48  📷  a-eyes  ch3 → ch3-20261001T064548Z.jpg  (340.8 KB, 4.41s)
2026-09-30T20:45:57-10:00job:security_camera_frame_grab | 20:45:52  📷  a-eyes  ch4 → ch4-20261001T064552Z.jpg  (238.3 KB, 4.44s)
2026-09-30T20:45:57-10:00ENERGY  status=live  B2=50.3%  B1=85.1%  solar=0 W  ac=85 W  usbc=0 W  src=/home/rootrecord/RootRecord-Ecosystem/2 - RootRecord-Database/Energy  LAP=100%/Full/AC
2026-09-30T20:46:14-10:00  ▸  SUMMARY=river2pro soc=84.91% solar=0W ac_out=0W usbc=26W src=ble+cloud db=ok
2026-09-30T20:46:14-10:00job:sys_stats_cycle RUN  bash "/home/rootrecord/RootRecord-Ecosystem/1 - Servers/1 - RootRecord-Pacific-Solar-Server/System/scripts/sys-sample.sh"
2026-09-30T20:46:15-10:00job:sys_stats_cycle | SYSTEM  cpu=19%  load=2.44  mem=57%  src=sqlite
2026-09-30T20:46:15-10:00job:sys_stats_cycle | OK wrote /home/rootrecord/RootRecord-Ecosystem/2 - RootRecord-Database/System/samples/sys-20260930-204615.json
2026-09-30T20:47:02-10:00job:github_sync_all | — [ecosystem] no committable local changes
2026-09-30T20:47:02-10:00job:github_sync_all | ↓ [ecosystem] fetching origin/main
2026-09-30T20:47:02-10:00job:github_sync_all | From github.com:RootRecord-Software-Solutions/RootRecord-Ecosystem
2026-09-30T20:47:02-10:00job:github_sync_all | * branch              main       -> FETCH_HEAD
2026-09-30T20:47:02-10:00job:github_sync_all | — [ecosystem] local and GitHub already match
2026-09-30T20:47:02-10:00job:github_sync_all | — [ecosystem] nothing to push
2026-09-30T20:47:02-10:00job:github_sync_all | — [pacific] no local changes
2026-09-30T20:47:02-10:00job:github_sync_all | ↓ [pacific] fetching origin/main
2026-09-30T20:47:02-10:00job:github_sync_all | From github.com:RootRecord-Software-Solutions/RootRecord-Pacific-Solar-Server
2026-09-30T20:47:02-10:00job:github_sync_all | * branch            main       -> FETCH_HEAD
2026-09-30T20:47:02-10:00job:github_sync_all | — [pacific] local and GitHub already match
2026-09-30T20:47:02-10:00job:github_sync_all | — [pacific] nothing to push
2026-09-30T20:47:02-10:00job:github_sync_all | ↑ [database] committed 17 local file(s)
2026-09-30T20:47:02-10:00job:github_sync_all | ↓ [database] fetching origin/main
2026-09-30T20:47:02-10:00job:github_sync_all | From github.com:RootRecord-Software-Solutions/RootRecord-Database
2026-09-30T20:47:02-10:00job:github_sync_all | * branch              main       -> FETCH_HEAD
2026-09-30T20:47:02-10:00job:github_sync_all | ↑ [database] local is ahead of GitHub
2026-09-30T20:47:02-10:00job:github_sync_all | To github.com:RootRecord-Software-Solutions/RootRecord-Database.git
2026-09-30T20:47:02-10:00job:github_sync_all | 820917ca..57f3b94a  HEAD -> main
2026-09-30T20:47:02-10:00job:github_sync_all | branch 'main' set up to track 'origin/main'.
2026-09-30T20:47:02-10:00job:github_sync_all | ↑ [database] 17 files → RootRecord-Software-Solutions/RootRecord-Database (main)
2026-09-30T20:47:02-10:00job:github_sync_all | — [library] no local changes
2026-09-30T20:47:02-10:00job:github_sync_all | ↓ [library] fetching origin/main
2026-09-30T20:47:02-10:00job:github_sync_all | From github.com:RootRecord-Software-Solutions/RootRecord-Library
2026-09-30T20:47:02-10:00job:github_sync_all | * branch            main       -> FETCH_HEAD
2026-09-30T20:47:02-10:00job:github_sync_all | — [library] local and GitHub already match
2026-09-30T20:47:02-10:00job:github_sync_all | — [library] nothing to push
2026-09-30T20:47:02-10:00job:github_sync_all | — [website] no local changes
2026-09-30T20:47:02-10:00job:github_sync_all | ↓ [website] fetching origin/main
2026-09-30T20:47:02-10:00job:github_sync_all | From github.com:RootRecord-Software-Solutions/RootRecord-Website
2026-09-30T20:47:02-10:00job:github_sync_all | * branch            main       -> FETCH_HEAD
2026-09-30T20:47:02-10:00job:github_sync_all | — [website] local and GitHub already match
2026-09-30T20:47:02-10:00job:github_sync_all | — [website] nothing to push
2026-09-30T20:47:02-10:00job:github_sync_all | — [website-personal] no local changes
2026-09-30T20:47:02-10:00job:github_sync_all | ↓ [website-personal] fetching origin/main
2026-09-30T20:47:02-10:00job:github_sync_all | From github.com:rootrecordsoftwaresolutions/RootRecord-Website
2026-09-30T20:47:02-10:00job:github_sync_all | * branch            main       -> FETCH_HEAD
2026-09-30T20:47:02-10:00job:github_sync_all | — [website-personal] local and GitHub already match
2026-09-30T20:47:02-10:00job:github_sync_all | — [website-personal] nothing to push
2026-09-30T20:47:02-10:00job:security_camera_frame_grab RUN  bash "/home/rootrecord/RootRecord-Ecosystem/1 - Servers/1 - RootRecord-Pacific-Solar-Server/Security/Cameras/grab_all.sh"
2026-09-30T20:47:20-10:00job:security_camera_frame_grab | 20:47:03  📷  a-eyes  ch1 → ch1-20261001T064703Z.jpg  (274.0 KB, 4.32s)
2026-09-30T20:47:20-10:00job:security_camera_frame_grab | 20:47:07  📷  a-eyes  ch2 → ch2-20261001T064707Z.jpg  (125.5 KB, 4.30s)
2026-09-30T20:47:20-10:00job:security_camera_frame_grab | 20:47:11  📷  a-eyes  ch3 → ch3-20261001T064711Z.jpg  (315.5 KB, 4.43s)
2026-09-30T20:47:20-10:00job:security_camera_frame_grab | 20:47:16  📷  a-eyes  ch4 → ch4-20261001T064716Z.jpg  (254.3 KB, 4.45s)
2026-09-30T20:47:20-10:00job:voice_nws_weather RUN  nice -n 10 python3 "/home/rootrecord/RootRecord-Ecosystem/1 - Servers/1 - RootRecord-Pacific-Solar-Server/Media/Voice/scripts/voice_reports.py" nws_weather
2026-09-30T20:47:38-10:00job:voice_nws_weather | {"ok": true, "report": "nws_weather", "md": "/home/rootrecord/RootRecord-Ecosystem/test-reports/Voice/nws_weather_current.md", "sentences": 4, "voice": {"ok": true, "mode": "stitch", "report": "nws_weather", "agent": "ava", "voice": "af_heart", "speed": 1.0, "wav": "/home/rootrecord/RootRecord-Ecosystem/2 - RootRecord-Database/Media/Audio/Voice/nws_weather_current.wav", "clips_used": 0, "live_sentences": 7, "model_loaded": true, "render_s": 16.06, "sample_rate": 24000, "channels": 1, "subtype": "PCM_16", "duration_s": 17.78, "peak_dbfs": -1.5, "rms_dbfs": -20.28, "lead_silence_ms": 113, "qc": "PASS", "wall_s": 16.24, "peak_rss_mb": 1463, "rc": 0}, "deliver": {"ok": true, "sent": false, "detail": "unchanged"}}
2026-09-30T20:47:38-10:00ENERGY  status=live  B2=50.3%  B1=84.9%  solar=0 W  ac=85 W  usbc=0 W  src=/home/rootrecord/RootRecord-Ecosystem/2 - RootRecord-Database/Energy  LAP=100%/Full/AC
2026-09-30T20:47:54-10:00  ▸  SUMMARY=river2pro soc=84.79% solar=0W ac_out=0W usbc=26W src=ble+cloud db=ok
2026-09-30T20:47:54-10:00job:sys_stats_cycle RUN  bash "/home/rootrecord/RootRecord-Ecosystem/1 - Servers/1 - RootRecord-Pacific-Solar-Server/System/scripts/sys-sample.sh"
2026-09-30T20:47:55-10:00job:sys_stats_cycle | SYSTEM  cpu=18%  load=3.90  mem=59%  src=sqlite
2026-09-30T20:47:55-10:00job:sys_stats_cycle | OK wrote /home/rootrecord/RootRecord-Ecosystem/2 - RootRecord-Database/System/samples/sys-20260930-204754.json
2026-09-30T20:48:45-10:00job:github_sync_all | ↑ [ecosystem] committed 4 local file(s)
2026-09-30T20:48:45-10:00job:github_sync_all | ↓ [ecosystem] fetching origin/main
2026-09-30T20:48:45-10:00job:github_sync_all | From github.com:RootRecord-Software-Solutions/RootRecord-Ecosystem
2026-09-30T20:48:45-10:00job:github_sync_all | * branch              main       -> FETCH_HEAD
2026-09-30T20:48:45-10:00job:github_sync_all | ↑ [ecosystem] local is ahead of GitHub
2026-09-30T20:48:45-10:00job:github_sync_all | To github.com:RootRecord-Software-Solutions/RootRecord-Ecosystem.git
2026-09-30T20:48:45-10:00job:github_sync_all | 50ebd139..0e9d326c  HEAD -> main
2026-09-30T20:48:45-10:00job:github_sync_all | branch 'main' set up to track 'origin/main'.
2026-09-30T20:48:45-10:00job:github_sync_all | ↑ [ecosystem] 4 files → RootRecord-Software-Solutions/RootRecord-Ecosystem (main)
2026-09-30T20:48:45-10:00job:github_sync_all | — [pacific] no local changes
2026-09-30T20:48:45-10:00job:github_sync_all | ↓ [pacific] fetching origin/main
2026-09-30T20:48:45-10:00job:github_sync_all | From github.com:RootRecord-Software-Solutions/RootRecord-Pacific-Solar-Server
2026-09-30T20:48:45-10:00job:github_sync_all | * branch            main       -> FETCH_HEAD
2026-09-30T20:48:45-10:00job:github_sync_all | — [pacific] local and GitHub already match
2026-09-30T20:48:45-10:00job:github_sync_all | — [pacific] nothing to push
2026-09-30T20:48:45-10:00job:github_sync_all | ↑ [database] committed 12 local file(s)
2026-09-30T20:48:45-10:00job:github_sync_all | ↓ [database] fetching origin/main
2026-09-30T20:48:45-10:00job:github_sync_all | From github.com:RootRecord-Software-Solutions/RootRecord-Database
2026-09-30T20:48:45-10:00job:github_sync_all | * branch              main       -> FETCH_HEAD
2026-09-30T20:48:45-10:00job:github_sync_all | ↑ [database] local is ahead of GitHub
2026-09-30T20:48:45-10:00job:github_sync_all | To github.com:RootRecord-Software-Solutions/RootRecord-Database.git
2026-09-30T20:48:45-10:00job:github_sync_all | 57f3b94a..077bb844  HEAD -> main
2026-09-30T20:48:45-10:00job:github_sync_all | branch 'main' set up to track 'origin/main'.
2026-09-30T20:48:45-10:00job:github_sync_all | ↑ [database] 12 files → RootRecord-Software-Solutions/RootRecord-Database (main)
2026-09-30T20:48:45-10:00job:github_sync_all | — [library] no local changes
2026-09-30T20:48:45-10:00job:github_sync_all | ↓ [library] fetching origin/main
2026-09-30T20:48:45-10:00job:github_sync_all | From github.com:RootRecord-Software-Solutions/RootRecord-Library
2026-09-30T20:48:45-10:00job:github_sync_all | * branch            main       -> FETCH_HEAD
2026-09-30T20:48:45-10:00job:github_sync_all | — [library] local and GitHub already match
2026-09-30T20:48:45-10:00job:github_sync_all | — [library] nothing to push
2026-09-30T20:48:45-10:00job:github_sync_all | — [website] no local changes
2026-09-30T20:48:45-10:00job:github_sync_all | ↓ [website] fetching origin/main
2026-09-30T20:48:45-10:00job:github_sync_all | From github.com:RootRecord-Software-Solutions/RootRecord-Website
2026-09-30T20:48:45-10:00job:github_sync_all | * branch            main       -> FETCH_HEAD
2026-09-30T20:48:45-10:00job:github_sync_all | — [website] local and GitHub already match
2026-09-30T20:48:45-10:00job:github_sync_all | — [website] nothing to push
2026-09-30T20:48:45-10:00job:github_sync_all | — [website-personal] no local changes
2026-09-30T20:48:45-10:00job:github_sync_all | ↓ [website-personal] fetching origin/main
2026-09-30T20:48:45-10:00job:github_sync_all | From github.com:rootrecordsoftwaresolutions/RootRecord-Website
2026-09-30T20:48:45-10:00job:github_sync_all | * branch            main       -> FETCH_HEAD
2026-09-30T20:48:45-10:00job:worklog_scan RUN  bash "/home/rootrecord/RootRecord-Ecosystem/1 - Servers/1 - RootRecord-Pacific-Solar-Server/Reports/scripts/worklog_once.sh"
2026-09-30T20:48:49-10:00job:worklog_scan | OK wrote/updated /home/rootrecord/RootRecord-Ecosystem/2 - RootRecord-Database/Worklog/worklog_current.md
2026-09-30T20:48:49-10:00job:security_camera_frame_grab RUN  bash "/home/rootrecord/RootRecord-Ecosystem/1 - Servers/1 - RootRecord-Pacific-Solar-Server/Security/Cameras/grab_all.sh"
2026-09-30T20:49:07-10:00job:security_camera_frame_grab | 20:48:49  📷  a-eyes  ch1 → ch1-20261001T064849Z.jpg  (271.8 KB, 4.35s)
2026-09-30T20:49:07-10:00job:security_camera_frame_grab | 20:48:53  📷  a-eyes  ch2 → ch2-20261001T064853Z.jpg  (144.1 KB, 4.44s)
2026-09-30T20:49:07-10:00job:security_camera_frame_grab | 20:48:58  📷  a-eyes  ch3 → ch3-20261001T064858Z.jpg  (345.7 KB, 4.31s)
2026-09-30T20:49:07-10:00job:security_camera_frame_grab | 20:49:02  📷  a-eyes  ch4 → ch4-20261001T064902Z.jpg  (295.4 KB, 4.44s)
2026-09-30T20:49:07-10:00ENERGY  status=live  B2=50.3%  B1=84.8%  solar=0 W  ac=85 W  usbc=0 W  src=/home/rootrecord/RootRecord-Ecosystem/2 - RootRecord-Database/Energy  LAP=100%/Full/AC
2026-09-30T20:49:24-10:00  ▸  SUMMARY=river2pro soc=84.7% solar=0W ac_out=0W usbc=26W src=ble+cloud db=ok
2026-09-30T20:49:24-10:00job:sys_stats_cycle RUN  bash "/home/rootrecord/RootRecord-Ecosystem/1 - Servers/1 - RootRecord-Pacific-Solar-Server/System/scripts/sys-sample.sh"
2026-09-30T20:49:26-10:00job:sys_stats_cycle | SYSTEM  cpu=24%  load=2.17  mem=61%  src=sqlite
2026-09-30T20:49:26-10:00job:sys_stats_cycle | OK wrote /home/rootrecord/RootRecord-Ecosystem/2 - RootRecord-Database/System/samples/sys-20260930-204925.json
2026-09-30T20:50:33-10:00job:github_sync_all | ↑ [ecosystem] committed 2 local file(s)
2026-09-30T20:50:33-10:00job:github_sync_all | ↓ [ecosystem] fetching origin/main
2026-09-30T20:50:33-10:00job:github_sync_all | From github.com:RootRecord-Software-Solutions/RootRecord-Ecosystem
2026-09-30T20:50:33-10:00job:github_sync_all | * branch              main       -> FETCH_HEAD
2026-09-30T20:50:33-10:00job:github_sync_all | ↑ [ecosystem] local is ahead of GitHub
2026-09-30T20:50:33-10:00job:github_sync_all | To github.com:RootRecord-Software-Solutions/RootRecord-Ecosystem.git
2026-09-30T20:50:33-10:00job:github_sync_all | 0e9d326c..5ab22972  HEAD -> main
2026-09-30T20:50:33-10:00job:github_sync_all | branch 'main' set up to track 'origin/main'.
2026-09-30T20:50:33-10:00job:github_sync_all | ↑ [ecosystem] 2 files → RootRecord-Software-Solutions/RootRecord-Ecosystem (main)
2026-09-30T20:50:33-10:00job:github_sync_all | ↑ [pacific] committed 2 local file(s)
2026-09-30T20:50:33-10:00job:github_sync_all | ↓ [pacific] fetching origin/main
2026-09-30T20:50:33-10:00job:github_sync_all | From github.com:RootRecord-Software-Solutions/RootRecord-Pacific-Solar-Server
2026-09-30T20:50:33-10:00job:github_sync_all | * branch            main       -> FETCH_HEAD
2026-09-30T20:50:33-10:00job:github_sync_all | ↑ [pacific] local is ahead of GitHub
2026-09-30T20:50:33-10:00job:github_sync_all | To github.com:RootRecord-Software-Solutions/RootRecord-Pacific-Solar-Server.git
2026-09-30T20:50:33-10:00job:github_sync_all | 6560932..6dc0f34  HEAD -> main
2026-09-30T20:50:33-10:00job:github_sync_all | branch 'main' set up to track 'origin/main'.
2026-09-30T20:50:33-10:00job:github_sync_all | ↑ [pacific] 2 files → RootRecord-Software-Solutions/RootRecord-Pacific-Solar-Server (main)
2026-09-30T20:50:33-10:00job:github_sync_all | ↑ [database] committed 16 local file(s)
2026-09-30T20:50:33-10:00job:github_sync_all | ↓ [database] fetching origin/main
2026-09-30T20:50:33-10:00job:github_sync_all | From github.com:RootRecord-Software-Solutions/RootRecord-Database
2026-09-30T20:50:33-10:00job:github_sync_all | * branch              main       -> FETCH_HEAD
2026-09-30T20:50:33-10:00job:github_sync_all | ↑ [database] local is ahead of GitHub
2026-09-30T20:50:33-10:00job:github_sync_all | To github.com:RootRecord-Software-Solutions/RootRecord-Database.git
2026-09-30T20:50:33-10:00job:github_sync_all | 077bb844..b642d609  HEAD -> main
2026-09-30T20:50:33-10:00job:github_sync_all | branch 'main' set up to track 'origin/main'.
2026-09-30T20:50:33-10:00job:github_sync_all | ↑ [database] 16 files → RootRecord-Software-Solutions/RootRecord-Database (main)
2026-09-30T20:50:33-10:00job:github_sync_all | — [library] no local changes
2026-09-30T20:50:33-10:00job:github_sync_all | ↓ [library] fetching origin/main
2026-09-30T20:50:33-10:00job:github_sync_all | From github.com:RootRecord-Software-Solutions/RootRecord-Library
2026-09-30T20:50:33-10:00job:github_sync_all | * branch            main       -> FETCH_HEAD
2026-09-30T20:50:33-10:00job:github_sync_all | — [library] local and GitHub already match
2026-09-30T20:50:33-10:00job:github_sync_all | — [library] nothing to push
2026-09-30T20:50:33-10:00job:github_sync_all | ↑ [website] committed 2 local file(s)
2026-09-30T20:50:33-10:00job:github_sync_all | ↓ [website] fetching origin/main
2026-09-30T20:50:33-10:00job:github_sync_all | From github.com:RootRecord-Software-Solutions/RootRecord-Website
2026-09-30T20:50:33-10:00job:github_sync_all | * branch            main       -> FETCH_HEAD
2026-09-30T20:50:33-10:00job:github_sync_all | ↑ [website] local is ahead of GitHub
2026-09-30T20:50:33-10:00job:github_sync_all | To github.com:RootRecord-Software-Solutions/RootRecord-Website.git
2026-09-30T20:50:33-10:00job:github_sync_all | 2de69c6..d1e575c  HEAD -> main
2026-09-30T20:50:33-10:00job:security_camera_frame_grab RUN  bash "/home/rootrecord/RootRecord-Ecosystem/1 - Servers/1 - RootRecord-Pacific-Solar-Server/Security/Cameras/grab_all.sh"
2026-09-30T20:50:50-10:00job:security_camera_frame_grab | 20:50:33  📷  a-eyes  ch1 → ch1-20261001T065033Z.jpg  (276.0 KB, 4.26s)
2026-09-30T20:50:50-10:00job:security_camera_frame_grab | 20:50:37  📷  a-eyes  ch2 → ch2-20261001T065037Z.jpg  (152.8 KB, 4.27s)
2026-09-30T20:50:50-10:00job:security_camera_frame_grab | 20:50:41  📷  a-eyes  ch3 → ch3-20261001T065041Z.jpg  (342.1 KB, 4.42s)
2026-09-30T20:50:50-10:00job:security_camera_frame_grab | 20:50:46  📷  a-eyes  ch4 → ch4-20261001T065046Z.jpg  (295.3 KB, 4.40s)
2026-09-30T20:50:50-10:00job:service_supervisor RUN  bash "/home/rootrecord/RootRecord-Ecosystem/1 - Servers/1 - RootRecord-Pacific-Solar-Server/Automations/scripts/supervise-services.sh"
2026-09-30T20:50:50-10:00job:service_supervisor | [supervisor] weather alive pid=764793 (act)
2026-09-30T20:50:50-10:00job:service_supervisor | [supervisor] relay alive pid=1581824 (act)
2026-09-30T20:50:50-10:00job:geology_collect RUN  nice -n 10 python3 "/home/rootrecord/RootRecord-Ecosystem/1 - Servers/1 - RootRecord-Pacific-Solar-Server/Geology/scripts/geology_collect.py" all
2026-09-30T20:50:58-10:00job:geology_collect | {"ok": true, "at": "2026-09-30T20:50:50-10:00", "what": "all", "dry_run": false, "sources": {"hawaii": {"ok": true, "count": 19, "new": 1, "new_m2": 1, "ms": 444}, "global": {"ok": true, "count": 37, "new": 0, "ms": 346}, "hvo_notices": {"ok": true, "count": 44, "new": 0, "ms": 2781}, "hvo_status": {"ok": true, "volcanoes": 8, "kilauea": "WATCH", "mauna_loa": "NORMAL", "ms": 3681}}}
2026-09-30T20:50:58-10:00job:system_net_sample RUN  nice -n 10 python3 "/home/rootrecord/RootRecord-Ecosystem/1 - Servers/1 - RootRecord-Pacific-Solar-Server/System/scripts/host_desks.py" net-sample
2026-09-30T20:50:58-10:00job:system_net_sample | {"ok": true, "file": "/home/rootrecord/RootRecord-Ecosystem/2 - RootRecord-Database/System/network/Daily/net-20260930.jsonl", "iface": "wlo1", "hour": {"seconds": 3840, "rx": 219956701, "tx": 89617631, "total": 309574332, "iface": "wlo1", "link": "wireless"}, "day": null}
2026-09-30T20:50:58-10:00job:discord_report_relay RUN  nice -n 10 python3 "/home/rootrecord/RootRecord-Ecosystem/1 - Servers/1 - RootRecord-Pacific-Solar-Server/Communications/Discord/scripts/report_relay.py"
2026-09-30T20:50:58-10:00job:discord_report_relay | same
2026-09-30T20:50:59-10:00ENERGY  status=live  B2=50.3%  B1=84.7%  solar=0 W  ac=85 W  usbc=0 W  src=/home/rootrecord/RootRecord-Ecosystem/2 - RootRecord-Database/Energy  LAP=100%/Full/AC
2026-09-30T20:51:14-10:00  ▸  SUMMARY=river2pro soc=84.58% solar=0W ac_out=0W usbc=29W src=ble+cloud db=ok
2026-09-30T20:51:14-10:00job:sys_stats_cycle RUN  bash "/home/rootrecord/RootRecord-Ecosystem/1 - Servers/1 - RootRecord-Pacific-Solar-Server/System/scripts/sys-sample.sh"
2026-09-30T20:51:15-10:00job:sys_stats_cycle | SYSTEM  cpu=16%  load=3.61  mem=60%  src=sqlite
2026-09-30T20:51:15-10:00job:sys_stats_cycle | OK wrote /home/rootrecord/RootRecord-Ecosystem/2 - RootRecord-Database/System/samples/sys-20260930-205114.json
2026-09-30T20:52:17-10:00job:github_sync_all | ↑ [ecosystem] committed 22 local file(s)
2026-09-30T20:52:17-10:00job:github_sync_all | ↓ [ecosystem] fetching origin/main
2026-09-30T20:52:17-10:00job:github_sync_all | From github.com:RootRecord-Software-Solutions/RootRecord-Ecosystem
2026-09-30T20:52:17-10:00job:github_sync_all | * branch              main       -> FETCH_HEAD
2026-09-30T20:52:17-10:00job:github_sync_all | ↑ [ecosystem] local is ahead of GitHub
2026-09-30T20:52:17-10:00job:github_sync_all | To github.com:RootRecord-Software-Solutions/RootRecord-Ecosystem.git
2026-09-30T20:52:17-10:00job:github_sync_all | 5ab22972..fd4538a2  HEAD -> main
2026-09-30T20:52:17-10:00job:github_sync_all | branch 'main' set up to track 'origin/main'.
2026-09-30T20:52:17-10:00job:github_sync_all | ↑ [ecosystem] 22 files → RootRecord-Software-Solutions/RootRecord-Ecosystem (main)
2026-09-30T20:52:17-10:00job:github_sync_all | ↑ [pacific] committed 6 local file(s)
2026-09-30T20:52:17-10:00job:github_sync_all | ↓ [pacific] fetching origin/main
2026-09-30T20:52:17-10:00job:github_sync_all | From github.com:RootRecord-Software-Solutions/RootRecord-Pacific-Solar-Server
2026-09-30T20:52:17-10:00job:github_sync_all | * branch            main       -> FETCH_HEAD
2026-09-30T20:52:17-10:00job:github_sync_all | ↑ [pacific] local is ahead of GitHub
2026-09-30T20:52:17-10:00job:github_sync_all | To github.com:RootRecord-Software-Solutions/RootRecord-Pacific-Solar-Server.git
2026-09-30T20:52:17-10:00job:github_sync_all | 6dc0f34..dd55282  HEAD -> main
2026-09-30T20:52:17-10:00job:github_sync_all | branch 'main' set up to track 'origin/main'.
2026-09-30T20:52:17-10:00job:github_sync_all | ↑ [pacific] 6 files → RootRecord-Software-Solutions/RootRecord-Pacific-Solar-Server (main)
2026-09-30T20:52:17-10:00job:github_sync_all | ↑ [database] committed 21 local file(s)
2026-09-30T20:52:17-10:00job:github_sync_all | ↓ [database] fetching origin/main
2026-09-30T20:52:17-10:00job:github_sync_all | From github.com:RootRecord-Software-Solutions/RootRecord-Database
2026-09-30T20:52:17-10:00job:github_sync_all | * branch              main       -> FETCH_HEAD
2026-09-30T20:52:17-10:00job:github_sync_all | ↑ [database] local is ahead of GitHub
2026-09-30T20:52:17-10:00job:github_sync_all | To github.com:RootRecord-Software-Solutions/RootRecord-Database.git
2026-09-30T20:52:17-10:00job:github_sync_all | b642d609..d05d25be  HEAD -> main
2026-09-30T20:52:17-10:00job:github_sync_all | branch 'main' set up to track 'origin/main'.
2026-09-30T20:52:17-10:00job:github_sync_all | ↑ [database] 21 files → RootRecord-Software-Solutions/RootRecord-Database (main)
2026-09-30T20:52:17-10:00job:github_sync_all | ↑ [library] committed 6 local file(s)
2026-09-30T20:52:17-10:00job:github_sync_all | ↓ [library] fetching origin/main
2026-09-30T20:52:17-10:00job:github_sync_all | From github.com:RootRecord-Software-Solutions/RootRecord-Library
2026-09-30T20:52:17-10:00job:github_sync_all | * branch            main       -> FETCH_HEAD
2026-09-30T20:52:17-10:00job:github_sync_all | ↑ [library] local is ahead of GitHub
2026-09-30T20:52:17-10:00job:github_sync_all | To github.com:RootRecord-Software-Solutions/RootRecord-Library.git
2026-09-30T20:52:17-10:00job:github_sync_all | 2ed91f5..03d9d45  HEAD -> main
2026-09-30T20:52:17-10:00job:github_sync_all | branch 'main' set up to track 'origin/main'.
2026-09-30T20:52:17-10:00job:github_sync_all | ↑ [library] 6 files → RootRecord-Software-Solutions/RootRecord-Library (main)
2026-09-30T20:52:17-10:00job:github_sync_all | — [website] no local changes
2026-09-30T20:52:17-10:00job:github_sync_all | ↓ [website] fetching origin/main
2026-09-30T20:52:17-10:00job:github_sync_all | From github.com:RootRecord-Software-Solutions/RootRecord-Website
2026-09-30T20:52:17-10:00job:github_sync_all | * branch            main       -> FETCH_HEAD
2026-09-30T20:52:17-10:00job:worklog_scan RUN  bash "/home/rootrecord/RootRecord-Ecosystem/1 - Servers/1 - RootRecord-Pacific-Solar-Server/Reports/scripts/worklog_once.sh"
2026-09-30T20:52:22-10:00job:worklog_scan | OK wrote/updated /home/rootrecord/RootRecord-Ecosystem/2 - RootRecord-Database/Worklog/worklog_current.md
2026-09-30T20:52:22-10:00job:security_camera_frame_grab RUN  bash "/home/rootrecord/RootRecord-Ecosystem/1 - Servers/1 - RootRecord-Pacific-Solar-Server/Security/Cameras/grab_all.sh"
2026-09-30T20:52:40-10:00job:security_camera_frame_grab | 20:52:22  📷  a-eyes  ch1 → ch1-20261001T065222Z.jpg  (279.1 KB, 4.42s)
2026-09-30T20:52:40-10:00job:security_camera_frame_grab | 20:52:27  📷  a-eyes  ch2 → ch2-20261001T065227Z.jpg  (153.3 KB, 4.38s)
2026-09-30T20:52:40-10:00job:security_camera_frame_grab | 20:52:31  📷  a-eyes  ch3 → ch3-20261001T065231Z.jpg  (330.0 KB, 4.36s)
2026-09-30T20:52:40-10:00job:security_camera_frame_grab | 20:52:36  📷  a-eyes  ch4 → ch4-20261001T065236Z.jpg  (310.2 KB, 4.06s)
2026-09-30T20:52:40-10:00ENERGY  status=live  B2=50.3%  B1=84.6%  solar=0 W  ac=85 W  usbc=0 W  src=/home/rootrecord/RootRecord-Ecosystem/2 - RootRecord-Database/Energy  LAP=100%/Full/AC
2026-09-30T20:52:55-10:00  ▸  SUMMARY=delta2 soc=48.37% solar=0W ac_out=84W usbc=0W src=ble db=ok
2026-09-30T20:52:55-10:00job:sys_stats_cycle RUN  bash "/home/rootrecord/RootRecord-Ecosystem/1 - Servers/1 - RootRecord-Pacific-Solar-Server/System/scripts/sys-sample.sh"
2026-09-30T20:52:56-10:00job:sys_stats_cycle | SYSTEM  cpu=21%  load=2.37  mem=60%  src=sqlite
2026-09-30T20:52:56-10:00job:sys_stats_cycle | OK wrote /home/rootrecord/RootRecord-Ecosystem/2 - RootRecord-Database/System/samples/sys-20260930-205256.json
2026-09-30T20:53:40-10:00job:github_sync_all | — [ecosystem] no committable local changes
2026-09-30T20:53:40-10:00job:github_sync_all | ↓ [ecosystem] fetching origin/main
2026-09-30T20:53:40-10:00job:github_sync_all | From github.com:RootRecord-Software-Solutions/RootRecord-Ecosystem
2026-09-30T20:53:40-10:00job:github_sync_all | * branch              main       -> FETCH_HEAD
2026-09-30T20:53:40-10:00job:github_sync_all | — [ecosystem] local and GitHub already match
2026-09-30T20:53:40-10:00job:github_sync_all | — [ecosystem] nothing to push
2026-09-30T20:53:40-10:00job:github_sync_all | — [pacific] no local changes
2026-09-30T20:53:40-10:00job:github_sync_all | ↓ [pacific] fetching origin/main
2026-09-30T20:53:40-10:00job:github_sync_all | From github.com:RootRecord-Software-Solutions/RootRecord-Pacific-Solar-Server
2026-09-30T20:53:40-10:00job:github_sync_all | * branch            main       -> FETCH_HEAD
2026-09-30T20:53:40-10:00job:github_sync_all | — [pacific] local and GitHub already match
2026-09-30T20:53:40-10:00job:github_sync_all | — [pacific] nothing to push
2026-09-30T20:53:40-10:00job:github_sync_all | ↑ [database] committed 15 local file(s)
2026-09-30T20:53:40-10:00job:github_sync_all | ↓ [database] fetching origin/main
2026-09-30T20:53:40-10:00job:github_sync_all | From github.com:RootRecord-Software-Solutions/RootRecord-Database
2026-09-30T20:53:40-10:00job:github_sync_all | * branch              main       -> FETCH_HEAD
2026-09-30T20:53:40-10:00job:github_sync_all | ↑ [database] local is ahead of GitHub
2026-09-30T20:53:40-10:00job:github_sync_all | To github.com:RootRecord-Software-Solutions/RootRecord-Database.git
2026-09-30T20:53:40-10:00job:github_sync_all | d05d25be..42c930a2  HEAD -> main
2026-09-30T20:53:40-10:00job:github_sync_all | branch 'main' set up to track 'origin/main'.
2026-09-30T20:53:40-10:00job:github_sync_all | ↑ [database] 15 files → RootRecord-Software-Solutions/RootRecord-Database (main)
2026-09-30T20:53:40-10:00job:github_sync_all | — [library] no local changes
2026-09-30T20:53:40-10:00job:github_sync_all | ↓ [library] fetching origin/main
2026-09-30T20:53:40-10:00job:github_sync_all | From github.com:RootRecord-Software-Solutions/RootRecord-Library
2026-09-30T20:53:40-10:00job:github_sync_all | * branch            main       -> FETCH_HEAD
2026-09-30T20:53:40-10:00job:github_sync_all | — [library] local and GitHub already match
2026-09-30T20:53:40-10:00job:github_sync_all | — [library] nothing to push
2026-09-30T20:53:40-10:00job:github_sync_all | — [website] no local changes
2026-09-30T20:53:40-10:00job:github_sync_all | ↓ [website] fetching origin/main
2026-09-30T20:53:40-10:00job:github_sync_all | From github.com:RootRecord-Software-Solutions/RootRecord-Website
2026-09-30T20:53:40-10:00job:github_sync_all | * branch            main       -> FETCH_HEAD
2026-09-30T20:53:40-10:00job:github_sync_all | — [website] local and GitHub already match
2026-09-30T20:53:40-10:00job:github_sync_all | — [website] nothing to push
2026-09-30T20:53:40-10:00job:github_sync_all | — [website-personal] no local changes
2026-09-30T20:53:40-10:00job:github_sync_all | ↓ [website-personal] fetching origin/main
2026-09-30T20:53:40-10:00job:github_sync_all | From github.com:rootrecordsoftwaresolutions/RootRecord-Website
2026-09-30T20:53:40-10:00job:github_sync_all | * branch            main       -> FETCH_HEAD
2026-09-30T20:53:40-10:00job:github_sync_all | — [website-personal] local and GitHub already match
2026-09-30T20:53:40-10:00job:github_sync_all | — [website-personal] nothing to push
2026-09-30T20:53:40-10:00job:worklog_scan RUN  bash "/home/rootrecord/RootRecord-Ecosystem/1 - Servers/1 - RootRecord-Pacific-Solar-Server/Reports/scripts/worklog_once.sh"
2026-09-30T20:53:43-10:00job:worklog_scan | OK wrote/updated /home/rootrecord/RootRecord-Ecosystem/2 - RootRecord-Database/Worklog/worklog_current.md
2026-09-30T20:53:43-10:00job:security_camera_frame_grab RUN  bash "/home/rootrecord/RootRecord-Ecosystem/1 - Servers/1 - RootRecord-Pacific-Solar-Server/Security/Cameras/grab_all.sh"
2026-09-30T20:54:01-10:00job:security_camera_frame_grab | 20:53:43  📷  a-eyes  ch1 → ch1-20261001T065343Z.jpg  (278.1 KB, 4.49s)
2026-09-30T20:54:01-10:00job:security_camera_frame_grab | 20:53:48  📷  a-eyes  ch2 → ch2-20261001T065348Z.jpg  (155.3 KB, 4.47s)
2026-09-30T20:54:01-10:00job:security_camera_frame_grab | 20:53:52  📷  a-eyes  ch3 → ch3-20261001T065352Z.jpg  (332.6 KB, 4.48s)
2026-09-30T20:54:01-10:00job:security_camera_frame_grab | 20:53:57  📷  a-eyes  ch4 → ch4-20261001T065357Z.jpg  (324.9 KB, 4.36s)
2026-09-30T20:54:01-10:00ENERGY  status=live  B2=48.4%  B1=84.6%  solar=0 W  ac=84 W  usbc=0 W  src=/home/rootrecord/RootRecord-Ecosystem/2 - RootRecord-Database/Energy  LAP=100%/Full/AC
2026-09-30T20:54:17-10:00  ▸  SUMMARY=delta2 soc=47.96% solar=0W ac_out=98W usbc=0W src=ble db=ok
2026-09-30T20:54:17-10:00job:sys_stats_cycle RUN  bash "/home/rootrecord/RootRecord-Ecosystem/1 - Servers/1 - RootRecord-Pacific-Solar-Server/System/scripts/sys-sample.sh"
2026-09-30T20:54:18-10:00job:sys_stats_cycle | SYSTEM  cpu=17%  load=1.97  mem=60%  src=sqlite
2026-09-30T20:54:18-10:00job:sys_stats_cycle | OK wrote /home/rootrecord/RootRecord-Ecosystem/2 - RootRecord-Database/System/samples/sys-20260930-205417.json
2026-09-30T20:55:07-10:00job:github_sync_all | — [ecosystem] no committable local changes
2026-09-30T20:55:07-10:00job:github_sync_all | ↓ [ecosystem] fetching origin/main
2026-09-30T20:55:07-10:00job:github_sync_all | From github.com:RootRecord-Software-Solutions/RootRecord-Ecosystem
2026-09-30T20:55:07-10:00job:github_sync_all | * branch              main       -> FETCH_HEAD
2026-09-30T20:55:07-10:00job:github_sync_all | — [ecosystem] local and GitHub already match
2026-09-30T20:55:07-10:00job:github_sync_all | — [ecosystem] nothing to push
2026-09-30T20:55:07-10:00job:github_sync_all | — [pacific] no local changes
2026-09-30T20:55:07-10:00job:github_sync_all | ↓ [pacific] fetching origin/main
2026-09-30T20:55:07-10:00job:github_sync_all | From github.com:RootRecord-Software-Solutions/RootRecord-Pacific-Solar-Server
2026-09-30T20:55:07-10:00job:github_sync_all | * branch            main       -> FETCH_HEAD
2026-09-30T20:55:07-10:00job:github_sync_all | — [pacific] local and GitHub already match
2026-09-30T20:55:07-10:00job:github_sync_all | — [pacific] nothing to push
2026-09-30T20:55:07-10:00job:github_sync_all | ↑ [database] committed 15 local file(s)
2026-09-30T20:55:07-10:00job:github_sync_all | ↓ [database] fetching origin/main
2026-09-30T20:55:07-10:00job:github_sync_all | From github.com:RootRecord-Software-Solutions/RootRecord-Database
2026-09-30T20:55:07-10:00job:github_sync_all | * branch              main       -> FETCH_HEAD
2026-09-30T20:55:07-10:00job:github_sync_all | ↑ [database] local is ahead of GitHub
2026-09-30T20:55:07-10:00job:github_sync_all | To github.com:RootRecord-Software-Solutions/RootRecord-Database.git
2026-09-30T20:55:07-10:00job:github_sync_all | 42c930a2..6d89cc6b  HEAD -> main
2026-09-30T20:55:07-10:00job:github_sync_all | branch 'main' set up to track 'origin/main'.
2026-09-30T20:55:07-10:00job:github_sync_all | ↑ [database] 15 files → RootRecord-Software-Solutions/RootRecord-Database (main)
2026-09-30T20:55:07-10:00job:github_sync_all | — [library] no local changes
2026-09-30T20:55:07-10:00job:github_sync_all | ↓ [library] fetching origin/main
2026-09-30T20:55:07-10:00job:github_sync_all | From github.com:RootRecord-Software-Solutions/RootRecord-Library
2026-09-30T20:55:07-10:00job:github_sync_all | * branch            main       -> FETCH_HEAD
2026-09-30T20:55:07-10:00job:github_sync_all | — [library] local and GitHub already match
2026-09-30T20:55:07-10:00job:github_sync_all | — [library] nothing to push
2026-09-30T20:55:07-10:00job:github_sync_all | — [website] no local changes
2026-09-30T20:55:07-10:00job:github_sync_all | ↓ [website] fetching origin/main
2026-09-30T20:55:07-10:00job:github_sync_all | From github.com:RootRecord-Software-Solutions/RootRecord-Website
2026-09-30T20:55:07-10:00job:github_sync_all | * branch            main       -> FETCH_HEAD
2026-09-30T20:55:07-10:00job:github_sync_all | — [website] local and GitHub already match
2026-09-30T20:55:07-10:00job:github_sync_all | — [website] nothing to push
2026-09-30T20:55:07-10:00job:github_sync_all | — [website-personal] no local changes
2026-09-30T20:55:07-10:00job:github_sync_all | ↓ [website-personal] fetching origin/main
2026-09-30T20:55:07-10:00job:github_sync_all | From github.com:rootrecordsoftwaresolutions/RootRecord-Website
2026-09-30T20:55:07-10:00job:github_sync_all | * branch            main       -> FETCH_HEAD
2026-09-30T20:55:07-10:00job:github_sync_all | — [website-personal] local and GitHub already match
2026-09-30T20:55:07-10:00job:github_sync_all | — [website-personal] nothing to push
2026-09-30T20:55:07-10:00job:security_camera_frame_grab RUN  bash "/home/rootrecord/RootRecord-Ecosystem/1 - Servers/1 - RootRecord-Pacific-Solar-Server/Security/Cameras/grab_all.sh"
2026-09-30T20:55:25-10:00job:security_camera_frame_grab | 20:55:07  📷  a-eyes  ch1 → ch1-20261001T065507Z.jpg  (280.1 KB, 4.32s)
2026-09-30T20:55:25-10:00job:security_camera_frame_grab | 20:55:12  📷  a-eyes  ch2 → ch2-20261001T065512Z.jpg  (143.8 KB, 4.36s)
2026-09-30T20:55:25-10:00job:security_camera_frame_grab | 20:55:16  📷  a-eyes  ch3 → ch3-20261001T065516Z.jpg  (339.9 KB, 4.46s)
2026-09-30T20:55:25-10:00job:security_camera_frame_grab | 20:55:20  📷  a-eyes  ch4 → ch4-20261001T065520Z.jpg  (310.6 KB, 4.42s)
2026-09-30T20:55:25-10:00ENERGY  status=live  B2=48.0%  B1=84.6%  solar=0 W  ac=98 W  usbc=0 W  src=/home/rootrecord/RootRecord-Ecosystem/2 - RootRecord-Database/Energy  LAP=100%/Full/AC
2026-09-30T20:55:42-10:00  ▸  SUMMARY=river2pro soc=84.29% solar=0W ac_out=0W usbc=26W src=ble+cloud db=ok
2026-09-30T20:55:42-10:00job:sys_stats_cycle RUN  bash "/home/rootrecord/RootRecord-Ecosystem/1 - Servers/1 - RootRecord-Pacific-Solar-Server/System/scripts/sys-sample.sh"
2026-09-30T20:55:43-10:00job:sys_stats_cycle | SYSTEM  cpu=22%  load=2.10  mem=61%  src=sqlite
2026-09-30T20:55:43-10:00job:sys_stats_cycle | OK wrote /home/rootrecord/RootRecord-Ecosystem/2 - RootRecord-Database/System/samples/sys-20260930-205542.json
2026-09-30T20:56:43-10:00job:github_sync_all | ↑ [ecosystem] committed 8 local file(s)
2026-09-30T20:56:43-10:00job:github_sync_all | ↓ [ecosystem] fetching origin/main
2026-09-30T20:56:43-10:00job:github_sync_all | From github.com:RootRecord-Software-Solutions/RootRecord-Ecosystem
2026-09-30T20:56:43-10:00job:github_sync_all | * branch              main       -> FETCH_HEAD
2026-09-30T20:56:43-10:00job:github_sync_all | ↑ [ecosystem] local is ahead of GitHub
2026-09-30T20:56:43-10:00job:github_sync_all | To github.com:RootRecord-Software-Solutions/RootRecord-Ecosystem.git
2026-09-30T20:56:43-10:00job:github_sync_all | fd4538a2..65ca6187  HEAD -> main
2026-09-30T20:56:43-10:00job:github_sync_all | branch 'main' set up to track 'origin/main'.
2026-09-30T20:56:43-10:00job:github_sync_all | ↑ [ecosystem] 8 files → RootRecord-Software-Solutions/RootRecord-Ecosystem (main)
2026-09-30T20:56:43-10:00job:github_sync_all | ↑ [pacific] committed 6 local file(s)
2026-09-30T20:56:43-10:00job:github_sync_all | ↓ [pacific] fetching origin/main
2026-09-30T20:56:43-10:00job:github_sync_all | From github.com:RootRecord-Software-Solutions/RootRecord-Pacific-Solar-Server
2026-09-30T20:56:43-10:00job:github_sync_all | * branch            main       -> FETCH_HEAD
2026-09-30T20:56:43-10:00job:github_sync_all | ↑ [pacific] local is ahead of GitHub
2026-09-30T20:56:43-10:00job:github_sync_all | To github.com:RootRecord-Software-Solutions/RootRecord-Pacific-Solar-Server.git
2026-09-30T20:56:43-10:00job:github_sync_all | dd55282..1a93453  HEAD -> main
2026-09-30T20:56:43-10:00job:github_sync_all | branch 'main' set up to track 'origin/main'.
2026-09-30T20:56:43-10:00job:github_sync_all | ↑ [pacific] 6 files → RootRecord-Software-Solutions/RootRecord-Pacific-Solar-Server (main)
2026-09-30T20:56:43-10:00job:github_sync_all | ↑ [database] committed 13 local file(s)
2026-09-30T20:56:43-10:00job:github_sync_all | ↓ [database] fetching origin/main
2026-09-30T20:56:43-10:00job:github_sync_all | From github.com:RootRecord-Software-Solutions/RootRecord-Database
2026-09-30T20:56:43-10:00job:github_sync_all | * branch              main       -> FETCH_HEAD
2026-09-30T20:56:43-10:00job:github_sync_all | ↑ [database] local is ahead of GitHub
2026-09-30T20:56:43-10:00job:github_sync_all | To github.com:RootRecord-Software-Solutions/RootRecord-Database.git
2026-09-30T20:56:43-10:00job:github_sync_all | 6d89cc6b..6e5fc2ed  HEAD -> main
2026-09-30T20:56:43-10:00job:github_sync_all | branch 'main' set up to track 'origin/main'.
2026-09-30T20:56:43-10:00job:github_sync_all | ↑ [database] 13 files → RootRecord-Software-Solutions/RootRecord-Database (main)
2026-09-30T20:56:43-10:00job:github_sync_all | — [library] no local changes
2026-09-30T20:56:43-10:00job:github_sync_all | ↓ [library] fetching origin/main
2026-09-30T20:56:43-10:00job:github_sync_all | From github.com:RootRecord-Software-Solutions/RootRecord-Library
2026-09-30T20:56:43-10:00job:github_sync_all | * branch            main       -> FETCH_HEAD
2026-09-30T20:56:43-10:00job:github_sync_all | — [library] local and GitHub already match
2026-09-30T20:56:43-10:00job:github_sync_all | — [library] nothing to push
2026-09-30T20:56:43-10:00job:github_sync_all | ↑ [website] committed 3 local file(s)
2026-09-30T20:56:43-10:00job:github_sync_all | ↓ [website] fetching origin/main
2026-09-30T20:56:43-10:00job:github_sync_all | From github.com:RootRecord-Software-Solutions/RootRecord-Website
2026-09-30T20:56:43-10:00job:github_sync_all | * branch            main       -> FETCH_HEAD
2026-09-30T20:56:43-10:00job:github_sync_all | ↑ [website] local is ahead of GitHub
2026-09-30T20:56:43-10:00job:github_sync_all | To github.com:RootRecord-Software-Solutions/RootRecord-Website.git
2026-09-30T20:56:43-10:00job:github_sync_all | d1e575c..ec3066e  HEAD -> main
2026-09-30T20:56:43-10:00job:worklog_scan RUN  bash "/home/rootrecord/RootRecord-Ecosystem/1 - Servers/1 - RootRecord-Pacific-Solar-Server/Reports/scripts/worklog_once.sh"
2026-09-30T20:56:47-10:00job:worklog_scan | OK wrote/updated /home/rootrecord/RootRecord-Ecosystem/2 - RootRecord-Database/Worklog/worklog_current.md
2026-09-30T20:56:47-10:00job:security_camera_frame_grab RUN  bash "/home/rootrecord/RootRecord-Ecosystem/1 - Servers/1 - RootRecord-Pacific-Solar-Server/Security/Cameras/grab_all.sh"
2026-09-30T20:57:04-10:00job:security_camera_frame_grab | 20:56:47  📷  a-eyes  ch1 → ch1-20261001T065647Z.jpg  (282.7 KB, 4.23s)
2026-09-30T20:57:04-10:00job:security_camera_frame_grab | 20:56:52  📷  a-eyes  ch2 → ch2-20261001T065652Z.jpg  (143.9 KB, 4.35s)
2026-09-30T20:57:04-10:00job:security_camera_frame_grab | 20:56:56  📷  a-eyes  ch3 → ch3-20261001T065656Z.jpg  (325.1 KB, 4.22s)
2026-09-30T20:57:04-10:00job:security_camera_frame_grab | 20:57:00  📷  a-eyes  ch4 → ch4-20261001T065700Z.jpg  (269.1 KB, 4.19s)
2026-09-30T20:57:04-10:00job:service_supervisor RUN  bash "/home/rootrecord/RootRecord-Ecosystem/1 - Servers/1 - RootRecord-Pacific-Solar-Server/Automations/scripts/supervise-services.sh"
2026-09-30T20:57:05-10:00job:service_supervisor | [supervisor] weather alive pid=764793 (act)
2026-09-30T20:57:05-10:00job:service_supervisor | [supervisor] relay alive pid=1581824 (act)
2026-09-30T20:57:05-10:00job:geology_collect RUN  nice -n 10 python3 "/home/rootrecord/RootRecord-Ecosystem/1 - Servers/1 - RootRecord-Pacific-Solar-Server/Geology/scripts/geology_collect.py" all
2026-09-30T20:57:12-10:00job:geology_collect | {"ok": true, "at": "2026-09-30T20:57:05-10:00", "what": "all", "dry_run": false, "sources": {"hawaii": {"ok": true, "count": 19, "new": 0, "new_m2": 0, "ms": 802}, "global": {"ok": true, "count": 36, "new": 0, "ms": 316}, "hvo_notices": {"ok": true, "count": 44, "new": 0, "ms": 5926}, "hvo_status": {"ok": true, "volcanoes": 8, "kilauea": "WATCH", "mauna_loa": "NORMAL", "ms": 613}}}
2026-09-30T20:57:12-10:00job:system_net_sample RUN  nice -n 10 python3 "/home/rootrecord/RootRecord-Ecosystem/1 - Servers/1 - RootRecord-Pacific-Solar-Server/System/scripts/host_desks.py" net-sample
2026-09-30T20:57:12-10:00job:system_net_sample | {"ok": true, "file": "/home/rootrecord/RootRecord-Ecosystem/2 - RootRecord-Database/System/network/Daily/net-20260930.jsonl", "iface": "wlo1", "hour": {"seconds": 3900, "rx": 237353512, "tx": 85464834, "total": 322818346, "iface": "wlo1", "link": "wireless"}, "day": null}
2026-09-30T20:57:13-10:00job:discord_report_relay RUN  nice -n 10 python3 "/home/rootrecord/RootRecord-Ecosystem/1 - Servers/1 - RootRecord-Pacific-Solar-Server/Communications/Discord/scripts/report_relay.py"
2026-09-30T20:57:13-10:00job:discord_report_relay | same
2026-09-30T20:57:13-10:00ENERGY  status=live  B2=48.0%  B1=84.3%  solar=0 W  ac=98 W  usbc=0 W  src=/home/rootrecord/RootRecord-Ecosystem/2 - RootRecord-Database/Energy  LAP=100%/Full/AC
2026-09-30T20:57:28-10:00  ▸  SUMMARY=delta2 soc=47.16% solar=0W ac_out=95W usbc=0W src=ble db=ok
2026-09-30T20:57:28-10:00job:sys_stats_cycle RUN  bash "/home/rootrecord/RootRecord-Ecosystem/1 - Servers/1 - RootRecord-Pacific-Solar-Server/System/scripts/sys-sample.sh"
2026-09-30T20:57:29-10:00job:sys_stats_cycle | SYSTEM  cpu=16%  load=1.79  mem=61%  src=sqlite
2026-09-30T20:57:29-10:00job:sys_stats_cycle | OK wrote /home/rootrecord/RootRecord-Ecosystem/2 - RootRecord-Database/System/samples/sys-20260930-205728.json
2026-09-30T20:58:23-10:00job:github_sync_all | ↑ [ecosystem] committed 20 local file(s)
2026-09-30T20:58:23-10:00job:github_sync_all | ↓ [ecosystem] fetching origin/main
2026-09-30T20:58:23-10:00job:github_sync_all | From github.com:RootRecord-Software-Solutions/RootRecord-Ecosystem
2026-09-30T20:58:23-10:00job:github_sync_all | * branch              main       -> FETCH_HEAD
2026-09-30T20:58:23-10:00job:github_sync_all | ↑ [ecosystem] local is ahead of GitHub
2026-09-30T20:58:23-10:00job:github_sync_all | To github.com:RootRecord-Software-Solutions/RootRecord-Ecosystem.git
2026-09-30T20:58:23-10:00job:github_sync_all | 65ca6187..b7394a03  HEAD -> main
2026-09-30T20:58:23-10:00job:github_sync_all | branch 'main' set up to track 'origin/main'.
2026-09-30T20:58:23-10:00job:github_sync_all | ↑ [ecosystem] 20 files → RootRecord-Software-Solutions/RootRecord-Ecosystem (main)
2026-09-30T20:58:23-10:00job:github_sync_all | ↑ [pacific] committed 7 local file(s)
2026-09-30T20:58:23-10:00job:github_sync_all | ↓ [pacific] fetching origin/main
2026-09-30T20:58:23-10:00job:github_sync_all | From github.com:RootRecord-Software-Solutions/RootRecord-Pacific-Solar-Server
2026-09-30T20:58:23-10:00job:github_sync_all | * branch            main       -> FETCH_HEAD
2026-09-30T20:58:23-10:00job:github_sync_all | ↑ [pacific] local is ahead of GitHub
2026-09-30T20:58:23-10:00job:github_sync_all | To github.com:RootRecord-Software-Solutions/RootRecord-Pacific-Solar-Server.git
2026-09-30T20:58:23-10:00job:github_sync_all | 1a93453..e4ae21e  HEAD -> main
2026-09-30T20:58:23-10:00job:github_sync_all | branch 'main' set up to track 'origin/main'.
2026-09-30T20:58:23-10:00job:github_sync_all | ↑ [pacific] 7 files → RootRecord-Software-Solutions/RootRecord-Pacific-Solar-Server (main)
2026-09-30T20:58:23-10:00job:github_sync_all | ↑ [database] committed 27 local file(s)
2026-09-30T20:58:23-10:00job:github_sync_all | ↓ [database] fetching origin/main
2026-09-30T20:58:23-10:00job:github_sync_all | From github.com:RootRecord-Software-Solutions/RootRecord-Database
2026-09-30T20:58:23-10:00job:github_sync_all | * branch              main       -> FETCH_HEAD
2026-09-30T20:58:23-10:00job:github_sync_all | ↑ [database] local is ahead of GitHub
2026-09-30T20:58:23-10:00job:github_sync_all | To github.com:RootRecord-Software-Solutions/RootRecord-Database.git
2026-09-30T20:58:23-10:00job:github_sync_all | 6e5fc2ed..82ad180e  HEAD -> main
2026-09-30T20:58:23-10:00job:github_sync_all | branch 'main' set up to track 'origin/main'.
2026-09-30T20:58:23-10:00job:github_sync_all | ↑ [database] 27 files → RootRecord-Software-Solutions/RootRecord-Database (main)
2026-09-30T20:58:23-10:00job:github_sync_all | — [library] no local changes
2026-09-30T20:58:23-10:00job:github_sync_all | ↓ [library] fetching origin/main
2026-09-30T20:58:23-10:00job:github_sync_all | From github.com:RootRecord-Software-Solutions/RootRecord-Library
2026-09-30T20:58:23-10:00job:github_sync_all | * branch            main       -> FETCH_HEAD
2026-09-30T20:58:23-10:00job:github_sync_all | — [library] local and GitHub already match
2026-09-30T20:58:23-10:00job:github_sync_all | — [library] nothing to push
2026-09-30T20:58:23-10:00job:github_sync_all | — [website] no local changes
2026-09-30T20:58:23-10:00job:github_sync_all | ↓ [website] fetching origin/main
2026-09-30T20:58:23-10:00job:github_sync_all | From github.com:RootRecord-Software-Solutions/RootRecord-Website
2026-09-30T20:58:23-10:00job:github_sync_all | * branch            main       -> FETCH_HEAD
2026-09-30T20:58:23-10:00job:github_sync_all | — [website] local and GitHub already match
2026-09-30T20:58:23-10:00job:github_sync_all | — [website] nothing to push
2026-09-30T20:58:23-10:00job:github_sync_all | — [website-personal] no local changes
2026-09-30T20:58:23-10:00job:worklog_scan RUN  bash "/home/rootrecord/RootRecord-Ecosystem/1 - Servers/1 - RootRecord-Pacific-Solar-Server/Reports/scripts/worklog_once.sh"
2026-09-30T20:58:28-10:00job:worklog_scan | OK wrote/updated /home/rootrecord/RootRecord-Ecosystem/2 - RootRecord-Database/Worklog/worklog_current.md
2026-09-30T20:58:28-10:00job:security_camera_frame_grab RUN  bash "/home/rootrecord/RootRecord-Ecosystem/1 - Servers/1 - RootRecord-Pacific-Solar-Server/Security/Cameras/grab_all.sh"
2026-09-30T20:58:45-10:00job:security_camera_frame_grab | 20:58:28  📷  a-eyes  ch1 → ch1-20261001T065828Z.jpg  (281.2 KB, 4.48s)
2026-09-30T20:58:45-10:00job:security_camera_frame_grab | 20:58:32  📷  a-eyes  ch2 → ch2-20261001T065832Z.jpg  (150.8 KB, 4.29s)
2026-09-30T20:58:45-10:00job:security_camera_frame_grab | 20:58:37  📷  a-eyes  ch3 → ch3-20261001T065837Z.jpg  (334.1 KB, 4.24s)
2026-09-30T20:58:45-10:00job:security_camera_frame_grab | 20:58:41  📷  a-eyes  ch4 → ch4-20261001T065841Z.jpg  (291.9 KB, 4.36s)
2026-09-30T20:58:46-10:00ENERGY  status=live  B2=47.2%  B1=84.3%  solar=0 W  ac=95 W  usbc=0 W  src=/home/rootrecord/RootRecord-Ecosystem/2 - RootRecord-Database/Energy  LAP=100%/Full/AC
2026-09-30T20:59:03-10:00  ▸  SUMMARY=river2pro soc=84.06% solar=0W ac_out=0W usbc=23W src=ble+cloud db=ok
2026-09-30T20:59:03-10:00job:sys_stats_cycle RUN  bash "/home/rootrecord/RootRecord-Ecosystem/1 - Servers/1 - RootRecord-Pacific-Solar-Server/System/scripts/sys-sample.sh"
2026-09-30T20:59:05-10:00job:sys_stats_cycle | SYSTEM  cpu=22%  load=2.64  mem=60%  src=sqlite
2026-09-30T20:59:05-10:00job:sys_stats_cycle | OK wrote /home/rootrecord/RootRecord-Ecosystem/2 - RootRecord-Database/System/samples/sys-20260930-205904.json
2026-09-30T20:59:54-10:00job:github_sync_all | — [ecosystem] no committable local changes
2026-09-30T20:59:54-10:00job:github_sync_all | ↓ [ecosystem] fetching origin/main
2026-09-30T20:59:54-10:00job:github_sync_all | From github.com:RootRecord-Software-Solutions/RootRecord-Ecosystem
2026-09-30T20:59:54-10:00job:github_sync_all | * branch              main       -> FETCH_HEAD
2026-09-30T20:59:54-10:00job:github_sync_all | — [ecosystem] local and GitHub already match
2026-09-30T20:59:54-10:00job:github_sync_all | — [ecosystem] nothing to push
2026-09-30T20:59:54-10:00job:github_sync_all | — [pacific] no local changes
2026-09-30T20:59:54-10:00job:github_sync_all | ↓ [pacific] fetching origin/main
2026-09-30T20:59:54-10:00job:github_sync_all | From github.com:RootRecord-Software-Solutions/RootRecord-Pacific-Solar-Server
2026-09-30T20:59:54-10:00job:github_sync_all | * branch            main       -> FETCH_HEAD
2026-09-30T20:59:54-10:00job:github_sync_all | — [pacific] local and GitHub already match
2026-09-30T20:59:54-10:00job:github_sync_all | — [pacific] nothing to push
2026-09-30T20:59:54-10:00job:github_sync_all | ↑ [database] committed 15 local file(s)
2026-09-30T20:59:54-10:00job:github_sync_all | ↓ [database] fetching origin/main
2026-09-30T20:59:54-10:00job:github_sync_all | From github.com:RootRecord-Software-Solutions/RootRecord-Database
2026-09-30T20:59:54-10:00job:github_sync_all | * branch              main       -> FETCH_HEAD
2026-09-30T20:59:54-10:00job:github_sync_all | ↑ [database] local is ahead of GitHub
2026-09-30T20:59:54-10:00job:github_sync_all | To github.com:RootRecord-Software-Solutions/RootRecord-Database.git
2026-09-30T20:59:54-10:00job:github_sync_all | 82ad180e..8c09c9f8  HEAD -> main
2026-09-30T20:59:54-10:00job:github_sync_all | branch 'main' set up to track 'origin/main'.
2026-09-30T20:59:54-10:00job:github_sync_all | ↑ [database] 15 files → RootRecord-Software-Solutions/RootRecord-Database (main)
2026-09-30T20:59:54-10:00job:github_sync_all | — [library] no local changes
2026-09-30T20:59:54-10:00job:github_sync_all | ↓ [library] fetching origin/main
2026-09-30T20:59:54-10:00job:github_sync_all | From github.com:RootRecord-Software-Solutions/RootRecord-Library
2026-09-30T20:59:54-10:00job:github_sync_all | * branch            main       -> FETCH_HEAD
2026-09-30T20:59:54-10:00job:github_sync_all | — [library] local and GitHub already match
2026-09-30T20:59:54-10:00job:github_sync_all | — [library] nothing to push
2026-09-30T20:59:54-10:00job:github_sync_all | — [website] no local changes
2026-09-30T20:59:54-10:00job:github_sync_all | ↓ [website] fetching origin/main
2026-09-30T20:59:54-10:00job:github_sync_all | From github.com:RootRecord-Software-Solutions/RootRecord-Website
2026-09-30T20:59:54-10:00job:github_sync_all | * branch            main       -> FETCH_HEAD
2026-09-30T20:59:54-10:00job:github_sync_all | — [website] local and GitHub already match
2026-09-30T20:59:54-10:00job:github_sync_all | — [website] nothing to push
2026-09-30T20:59:54-10:00job:github_sync_all | — [website-personal] no local changes
2026-09-30T20:59:54-10:00job:github_sync_all | ↓ [website-personal] fetching origin/main
2026-09-30T20:59:54-10:00job:github_sync_all | From github.com:rootrecordsoftwaresolutions/RootRecord-Website
2026-09-30T20:59:54-10:00job:github_sync_all | * branch            main       -> FETCH_HEAD
2026-09-30T20:59:54-10:00job:github_sync_all | — [website-personal] local and GitHub already match
2026-09-30T20:59:54-10:00job:github_sync_all | — [website-personal] nothing to push
2026-09-30T20:59:54-10:00job:worklog_scan RUN  bash "/home/rootrecord/RootRecord-Ecosystem/1 - Servers/1 - RootRecord-Pacific-Solar-Server/Reports/scripts/worklog_once.sh"
2026-09-30T20:59:58-10:00job:worklog_scan | OK wrote/updated /home/rootrecord/RootRecord-Ecosystem/2 - RootRecord-Database/Worklog/worklog_current.md
2026-09-30T20:59:58-10:00job:security_camera_frame_grab RUN  bash "/home/rootrecord/RootRecord-Ecosystem/1 - Servers/1 - RootRecord-Pacific-Solar-Server/Security/Cameras/grab_all.sh"
2026-09-30T21:00:15-10:00job:security_camera_frame_grab | 20:59:58  📷  a-eyes  ch1 → ch1-20261001T065958Z.jpg  (284.0 KB, 4.44s)
2026-09-30T21:00:15-10:00job:security_camera_frame_grab | 21:00:02  📷  a-eyes  ch2 → ch2-20261001T070002Z.jpg  (139.4 KB, 4.46s)
2026-09-30T21:00:15-10:00job:security_camera_frame_grab | 21:00:07  📷  a-eyes  ch3 → ch3-20261001T070007Z.jpg  (317.1 KB, 4.27s)
2026-09-30T21:00:15-10:00job:security_camera_frame_grab | 21:00:11  📷  a-eyes  ch4 → ch4-20261001T070011Z.jpg  (266.1 KB, 4.36s)
2026-09-30T21:00:16-10:00ENERGY  status=live  B2=47.2%  B1=84.1%  solar=0 W  ac=95 W  usbc=0 W  src=/home/rootrecord/RootRecord-Ecosystem/2 - RootRecord-Database/Energy  LAP=100%/Full/AC
2026-09-30T21:00:32-10:00  ▸  SUMMARY=river2pro soc=83.99% solar=0W ac_out=0W usbc=29W src=ble+cloud db=ok
2026-09-30T21:00:32-10:00job:sys_stats_cycle RUN  bash "/home/rootrecord/RootRecord-Ecosystem/1 - Servers/1 - RootRecord-Pacific-Solar-Server/System/scripts/sys-sample.sh"
2026-09-30T21:00:33-10:00job:sys_stats_cycle | SYSTEM  cpu=24%  load=2.56  mem=62%  src=sqlite
2026-09-30T21:00:33-10:00job:sys_stats_cycle | OK wrote /home/rootrecord/RootRecord-Ecosystem/2 - RootRecord-Database/System/samples/sys-20260930-210033.json
2026-09-30T21:01:29-10:00job:github_sync_all | — [ecosystem] no committable local changes
2026-09-30T21:01:29-10:00job:github_sync_all | ↓ [ecosystem] fetching origin/main
2026-09-30T21:01:29-10:00job:github_sync_all | From github.com:RootRecord-Software-Solutions/RootRecord-Ecosystem
2026-09-30T21:01:29-10:00job:github_sync_all | * branch              main       -> FETCH_HEAD
2026-09-30T21:01:29-10:00job:github_sync_all | — [ecosystem] local and GitHub already match
2026-09-30T21:01:29-10:00job:github_sync_all | — [ecosystem] nothing to push
2026-09-30T21:01:29-10:00job:github_sync_all | — [pacific] no local changes
2026-09-30T21:01:29-10:00job:github_sync_all | ↓ [pacific] fetching origin/main
2026-09-30T21:01:29-10:00job:github_sync_all | From github.com:RootRecord-Software-Solutions/RootRecord-Pacific-Solar-Server
2026-09-30T21:01:29-10:00job:github_sync_all | * branch            main       -> FETCH_HEAD
2026-09-30T21:01:29-10:00job:github_sync_all | — [pacific] local and GitHub already match
2026-09-30T21:01:29-10:00job:github_sync_all | — [pacific] nothing to push
2026-09-30T21:01:29-10:00job:github_sync_all | ↑ [database] committed 18 local file(s)
2026-09-30T21:01:29-10:00job:github_sync_all | ↓ [database] fetching origin/main
2026-09-30T21:01:29-10:00job:github_sync_all | From github.com:RootRecord-Software-Solutions/RootRecord-Database
2026-09-30T21:01:29-10:00job:github_sync_all | * branch              main       -> FETCH_HEAD
2026-09-30T21:01:29-10:00job:github_sync_all | ↑ [database] local is ahead of GitHub
2026-09-30T21:01:29-10:00job:github_sync_all | To github.com:RootRecord-Software-Solutions/RootRecord-Database.git
2026-09-30T21:01:29-10:00job:github_sync_all | 8c09c9f8..03bff60a  HEAD -> main
2026-09-30T21:01:29-10:00job:github_sync_all | branch 'main' set up to track 'origin/main'.
2026-09-30T21:01:29-10:00job:github_sync_all | ↑ [database] 18 files → RootRecord-Software-Solutions/RootRecord-Database (main)
2026-09-30T21:01:29-10:00job:github_sync_all | — [library] no local changes
2026-09-30T21:01:29-10:00job:github_sync_all | ↓ [library] fetching origin/main
2026-09-30T21:01:29-10:00job:github_sync_all | From github.com:RootRecord-Software-Solutions/RootRecord-Library
2026-09-30T21:01:29-10:00job:github_sync_all | * branch            main       -> FETCH_HEAD
2026-09-30T21:01:29-10:00job:github_sync_all | — [library] local and GitHub already match
2026-09-30T21:01:29-10:00job:github_sync_all | — [library] nothing to push
2026-09-30T21:01:29-10:00job:github_sync_all | — [website] no local changes
2026-09-30T21:01:29-10:00job:github_sync_all | ↓ [website] fetching origin/main
2026-09-30T21:01:29-10:00job:github_sync_all | From github.com:RootRecord-Software-Solutions/RootRecord-Website
2026-09-30T21:01:29-10:00job:github_sync_all | * branch            main       -> FETCH_HEAD
2026-09-30T21:01:29-10:00job:github_sync_all | — [website] local and GitHub already match
2026-09-30T21:01:29-10:00job:github_sync_all | — [website] nothing to push
2026-09-30T21:01:29-10:00job:github_sync_all | — [website-personal] no local changes
2026-09-30T21:01:29-10:00job:github_sync_all | ↓ [website-personal] fetching origin/main
2026-09-30T21:01:29-10:00job:github_sync_all | From github.com:rootrecordsoftwaresolutions/RootRecord-Website
2026-09-30T21:01:29-10:00job:github_sync_all | * branch            main       -> FETCH_HEAD
2026-09-30T21:01:29-10:00job:github_sync_all | — [website-personal] local and GitHub already match
2026-09-30T21:01:29-10:00job:github_sync_all | — [website-personal] nothing to push
2026-09-30T21:01:29-10:00job:security_camera_frame_grab RUN  bash "/home/rootrecord/RootRecord-Ecosystem/1 - Servers/1 - RootRecord-Pacific-Solar-Server/Security/Cameras/grab_all.sh"
2026-09-30T21:01:47-10:00job:security_camera_frame_grab | 21:01:29  📷  a-eyes  ch1 → ch1-20261001T070129Z.jpg  (282.7 KB, 4.11s)
2026-09-30T21:01:47-10:00job:security_camera_frame_grab | 21:01:33  📷  a-eyes  ch2 → ch2-20261001T070133Z.jpg  (136.5 KB, 4.65s)
2026-09-30T21:01:47-10:00job:security_camera_frame_grab | 21:01:38  📷  a-eyes  ch3 → ch3-20261001T070138Z.jpg  (317.5 KB, 4.66s)
2026-09-30T21:01:47-10:00job:security_camera_frame_grab | 21:01:43  📷  a-eyes  ch4 → ch4-20261001T070143Z.jpg  (243.4 KB, 4.40s)
2026-09-30T21:01:47-10:00job:voice_system_perf RUN  nice -n 10 python3 "/home/rootrecord/RootRecord-Ecosystem/1 - Servers/1 - RootRecord-Pacific-Solar-Server/Media/Voice/scripts/system_perf.py"
2026-09-30T21:02:12-10:00job:voice_system_perf | {"ok": true, "report": "system_perf", "md": "/home/rootrecord/RootRecord-Ecosystem/test-reports/Voice/system_perf_current.md", "cpu_pct": 24.6, "mem_pct": 59.1, "voice_rc": 0, "voice": {"ok": true, "mode": "stitch", "report": "system_perf", "agent": "bruce", "voice": "am_echo", "speed": 1.0, "wav": "/home/rootrecord/RootRecord-Ecosystem/2 - RootRecord-Database/Media/Audio/Voice/system_perf_current.wav", "clips_used": 0, "live_sentences": 11, "model_loaded": true, "render_s": 18.73, "sample_rate": 24000, "channels": 1, "subtype": "PCM_16", "duration_s": 30.246, "peak_dbfs": -1.5, "rms_dbfs": -20.19, "lead_silence_ms": 113, "qc": "PASS", "wall_s": 18.89, "peak_rss_mb": 1534}, "deliver": {"ok": true, "sent": true, "persona": "bruce", "chat": "-1004406495175", "message_id": 202, "transcript": true, "report": true, "photo": false, "plan": {"voice": true, "transcript": true, "report": true}}}
2026-09-30T21:02:12-10:00job:voice_energy_report RUN  nice -n 10 python3 "/home/rootrecord/RootRecord-Ecosystem/1 - Servers/1 - RootRecord-Pacific-Solar-Server/Media/Voice/scripts/voice_reports.py" energy_report
2026-09-30T21:03:31-10:00job:voice_energy_report | {"ok": true, "report": "energy_report", "md": "/home/rootrecord/RootRecord-Ecosystem/test-reports/Voice/energy_report_current.md", "sentences": 4, "voice": {"ok": true, "skipped": true, "detail": "blended into the hourly solar desk; this run refreshes the camera look"}}
2026-09-30T21:03:31-10:00job:voice_remaining_tasks RUN  nice -n 10 python3 "/home/rootrecord/RootRecord-Ecosystem/1 - Servers/1 - RootRecord-Pacific-Solar-Server/Media/Voice/scripts/voice_reports.py" remaining_tasks
2026-09-30T21:03:46-10:00job:voice_remaining_tasks | {"ok": true, "report": "remaining_tasks", "md": "/home/rootrecord/RootRecord-Ecosystem/test-reports/Voice/remaining_tasks_current.md", "sentences": 3, "voice": {"ok": true, "mode": "stitch", "report": "remaining_tasks", "agent": "bruce", "voice": "am_echo", "speed": 1.0, "wav": "/home/rootrecord/RootRecord-Ecosystem/2 - RootRecord-Database/Media/Audio/Voice/remaining_tasks_current.wav", "clips_used": 0, "live_sentences": 3, "model_loaded": true, "render_s": 10.35, "sample_rate": 24000, "channels": 1, "subtype": "PCM_16", "duration_s": 8.454, "peak_dbfs": -3.09, "rms_dbfs": -20.11, "lead_silence_ms": 114, "qc": "PASS", "wall_s": 10.51, "peak_rss_mb": 1266, "rc": 0}, "deliver": {"ok": true, "sent": true, "persona": "bruce", "chat": "-1004406495175", "message_id": 205, "transcript": true, "report": true, "photo": false, "plan": {"voice": true, "transcript": true, "report": true}}}
2026-09-30T21:03:46-10:00job:voice_earthquake_report RUN  nice -n 10 python3 "/home/rootrecord/RootRecord-Ecosystem/1 - Servers/1 - RootRecord-Pacific-Solar-Server/Media/Voice/scripts/voice_reports.py" earthquake_report
2026-09-30T21:04:11-10:00job:voice_earthquake_report | {"ok": true, "report": "earthquake_report", "md": "/home/rootrecord/RootRecord-Ecosystem/test-reports/Voice/earthquake_report_current.md", "sentences": 8, "voice": {"ok": true, "mode": "stitch", "report": "earthquake_report", "agent": "carly", "voice": "af_nova", "speed": 1.0, "wav": "/home/rootrecord/RootRecord-Ecosystem/2 - RootRecord-Database/Media/Audio/Voice/earthquake_report_current.wav", "clips_used": 0, "live_sentences": 7, "model_loaded": true, "render_s": 18.58, "sample_rate": 24000, "channels": 1, "subtype": "PCM_16", "duration_s": 31.648, "peak_dbfs": -1.5, "rms_dbfs": -20.38, "lead_silence_ms": 111, "qc": "PASS", "wall_s": 18.72, "peak_rss_mb": 1588, "rc": 0}, "deliver": {"ok": true, "sent": true, "persona": "carly", "chat": "-1004406495175", "message_id": 208, "transcript": true, "report": true, "photo": false, "plan": {"voice": true, "transcript": true, "report": true}}}
2026-09-30T21:04:11-10:00job:voice_kilauea_report RUN  nice -n 10 python3 "/home/rootrecord/RootRecord-Ecosystem/1 - Servers/1 - RootRecord-Pacific-Solar-Server/Media/Voice/scripts/voice_reports.py" kilauea_report
2026-09-30T21:04:37-10:00job:voice_kilauea_report | {"ok": true, "report": "kilauea_report", "md": "/home/rootrecord/RootRecord-Ecosystem/test-reports/Voice/kilauea_report_current.md", "sentences": 7, "voice": {"ok": true, "mode": "stitch", "report": "kilauea_report", "agent": "carly", "voice": "af_nova", "speed": 1.0, "wav": "/home/rootrecord/RootRecord-Ecosystem/2 - RootRecord-Database/Media/Audio/Voice/kilauea_report_current.wav", "clips_used": 0, "live_sentences": 8, "model_loaded": true, "render_s": 20.18, "sample_rate": 24000, "channels": 1, "subtype": "PCM_16", "duration_s": 33.313, "peak_dbfs": -1.82, "rms_dbfs": -20.34, "lead_silence_ms": 114, "qc": "PASS", "wall_s": 20.37, "peak_rss_mb": 1586, "rc": 0}, "deliver": {"ok": true, "sent": true, "persona": "carly", "chat": "-1004406495175", "message_id": 211, "transcript": true, "report": true, "photo": false, "plan": {"voice": true, "transcript": true, "report": true}}}
2026-09-30T21:04:37-10:00job:voice_solar_desk RUN  nice -n 10 python3 "/home/rootrecord/RootRecord-Ecosystem/1 - Servers/1 - RootRecord-Pacific-Solar-Server/Media/Voice/scripts/voice_reports.py" solar_desk
2026-09-30T21:05:00-10:00job:voice_solar_desk | {"ok": true, "report": "solar_desk", "md": "/home/rootrecord/RootRecord-Ecosystem/test-reports/Voice/solar_desk_current.md", "sentences": 6, "voice": {"ok": true, "mode": "stitch", "report": "solar_desk", "agent": "bruce", "voice": "am_echo", "speed": 1.0, "wav": "/home/rootrecord/RootRecord-Ecosystem/2 - RootRecord-Database/Media/Audio/Voice/solar_desk_current.wav", "clips_used": 0, "live_sentences": 6, "model_loaded": true, "render_s": 14.18, "sample_rate": 24000, "channels": 1, "subtype": "PCM_16", "duration_s": 26.054, "peak_dbfs": -1.5, "rms_dbfs": -20.28, "lead_silence_ms": 113, "qc": "PASS", "wall_s": 14.32, "peak_rss_mb": 1542, "rc": 0}, "deliver": {"ok": true, "sent": true, "persona": "bruce", "chat": "-1004406495175", "message_id": 214, "transcript": true, "report": true, "photo": true, "plan": {"voice": true, "transcript": true, "report": true}}}
2026-09-30T21:05:00-10:00job:voice_security_desk RUN  nice -n 10 python3 "/home/rootrecord/RootRecord-Ecosystem/1 - Servers/1 - RootRecord-Pacific-Solar-Server/Media/Voice/scripts/voice_reports.py" security_desk
2026-09-30T21:06:29-10:00job:voice_security_desk | {"ok": true, "report": "security_desk", "md": "/home/rootrecord/RootRecord-Ecosystem/test-reports/Voice/security_desk_current.md", "sentences": 6, "voice": {"ok": true, "mode": "stitch", "report": "security_desk", "agent": "carly", "voice": "af_nova", "speed": 1.0, "wav": "/home/rootrecord/RootRecord-Ecosystem/2 - RootRecord-Database/Media/Audio/Voice/security_desk_current.wav", "clips_used": 0, "live_sentences": 5, "model_loaded": true, "render_s": 11.68, "sample_rate": 24000, "channels": 1, "subtype": "PCM_16", "duration_s": 16.396, "peak_dbfs": -2.36, "rms_dbfs": -20.29, "lead_silence_ms": 111, "qc": "PASS", "wall_s": 11.83, "peak_rss_mb": 1393, "rc": 0}, "deliver": {"ok": true, "sent": true, "persona": "carly", "chat": "-1004406495175", "message_id": 218, "transcript": true, "report": true, "photo": false, "plan": {"voice": true, "transcript": true, "report": true}}}
2026-09-30T21:06:29-10:00job:voice_bandwidth_desk RUN  nice -n 10 python3 "/home/rootrecord/RootRecord-Ecosystem/1 - Servers/1 - RootRecord-Pacific-Solar-Server/Media/Voice/scripts/voice_reports.py" bandwidth_desk
2026-09-30T21:07:45-10:00job:voice_bandwidth_desk | {"ok": true, "report": "bandwidth_desk", "md": "/home/rootrecord/RootRecord-Ecosystem/test-reports/Voice/bandwidth_desk_current.md", "sentences": 4, "voice": {"ok": true, "mode": "stitch", "report": "bandwidth_desk", "agent": "carly", "voice": "af_nova", "speed": 1.0, "wav": "/home/rootrecord/RootRecord-Ecosystem/2 - RootRecord-Database/Media/Audio/Voice/bandwidth_desk_current.wav", "clips_used": 0, "live_sentences": 3, "model_loaded": true, "render_s": 10.8, "sample_rate": 24000, "channels": 1, "subtype": "PCM_16", "duration_s": 14.496, "peak_dbfs": -1.5, "rms_dbfs": -21.31, "lead_silence_ms": 111, "qc": "PASS", "wall_s": 10.96, "peak_rss_mb": 1433, "rc": 0}, "deliver": {"ok": true, "sent": true, "persona": "carly", "chat": "-1004406495175", "message_id": 221, "transcript": true, "report": true, "photo": false, "plan": {"voice": true, "transcript": true, "report": true}}}
2026-09-30T21:07:45-10:00job:voice_late_report RUN  nice -n 10 python3 "/home/rootrecord/RootRecord-Ecosystem/1 - Servers/1 - RootRecord-Pacific-Solar-Server/Media/Voice/scripts/voice_reports.py" late_report
2026-09-30T21:08:05-10:00job:voice_late_report | {"ok": true, "report": "late_report", "md": "/home/rootrecord/RootRecord-Ecosystem/test-reports/Voice/late_report_current.md", "sentences": 8, "voice": {"ok": true, "mode": "stitch", "report": "late_report", "agent": "ava", "voice": "af_heart", "speed": 1.0, "wav": "/home/rootrecord/RootRecord-Ecosystem/2 - RootRecord-Database/Media/Audio/Voice/late_report_current.wav", "clips_used": 0, "live_sentences": 9, "model_loaded": true, "render_s": 14.31, "sample_rate": 24000, "channels": 1, "subtype": "PCM_16", "duration_s": 23.657, "peak_dbfs": -1.5, "rms_dbfs": -20.21, "lead_silence_ms": 115, "qc": "PASS", "wall_s": 14.45, "peak_rss_mb": 1529, "rc": 0}, "deliver": {"ok": true, "sent": true, "persona": "ava", "chat": "-1004406495175", "message_id": 224, "transcript": true, "report": true, "photo": false, "plan": {"voice": true, "transcript": true, "report": true}}}
2026-09-30T21:08:05-10:00job:voice_hurricane_desk RUN  nice -n 10 python3 "/home/rootrecord/RootRecord-Ecosystem/1 - Servers/1 - RootRecord-Pacific-Solar-Server/Media/Voice/scripts/voice_reports.py" hurricane_desk
2026-09-30T21:08:49-10:00job:voice_hurricane_desk | {"ok": true, "report": "hurricane_desk", "md": "/home/rootrecord/RootRecord-Ecosystem/test-reports/Voice/hurricane_desk_current.md", "sentences": 3, "voice": {"ok": true, "mode": "stitch", "report": "hurricane_desk", "agent": "carly", "voice": "af_nova", "speed": 1.0, "wav": "/home/rootrecord/RootRecord-Ecosystem/2 - RootRecord-Database/Media/Audio/Voice/hurricane_desk_current.wav", "clips_used": 0, "live_sentences": 9, "model_loaded": true, "render_s": 18.06, "sample_rate": 24000, "channels": 1, "subtype": "PCM_16", "duration_s": 30.902, "peak_dbfs": -1.5, "rms_dbfs": -20.62, "lead_silence_ms": 100, "qc": "PASS", "wall_s": 18.22, "peak_rss_mb": 1600, "rc": 0}, "deliver": {"ok": true, "sent": true, "persona": "carly", "chat": "-1004406495175", "message_id": 227, "transcript": true, "report": true, "photo": false, "plan": {"voice": true, "transcript": true, "report": true}}}
2026-09-30T21:08:49-10:00job:automations_log_hourly_archive RUN  bash "/home/rootrecord/RootRecord-Ecosystem/1 - Servers/1 - RootRecord-Pacific-Solar-Server/Automations/scripts/archive_automations_log_hourly.sh"
