2026-09-30T02:01:14-10:00job:automations_log_hourly_archive OK
2026-09-30T02:01:14-10:00job:security_timelapse_hourly_compile RUN  bash "/home/rootrecord/RootRecord-Ecosystem/1 - Servers/1 - RootRecord-Pacific-Solar-Server/Security/Cameras/timelapse_hourly.sh"
2026-09-30T02:01:15-10:00job:security_timelapse_hourly_compile | 02:01:15  🎬  a-eyes-timelapse  hour 01 is outside the 05:00-19:00 window, skipping
2026-09-30T02:01:15-10:00ENERGY  status=live  B2=1%  B1=28.4%  solar=0 W  ac=57 W  usbc=0 W  src=/home/rootrecord/RootRecord-Ecosystem/2 - RootRecord-Database/Energy  LAP=100%/Full/AC
2026-09-30T02:01:30-10:00  ▸  SUMMARY=river2pro soc=27.5% solar=0W ac_out=61W usbc=17W src=ble db=ok
2026-09-30T02:01:30-10:00job:sys_stats_cycle RUN  bash "/home/rootrecord/RootRecord-Ecosystem/1 - Servers/1 - RootRecord-Pacific-Solar-Server/System/scripts/sys-sample.sh"
2026-09-30T02:01:30-10:00job:sys_stats_cycle | SYSTEM  cpu=6%  load=1.95  mem=63%  src=sqlite
2026-09-30T02:01:30-10:00job:sys_stats_cycle | OK wrote /home/rootrecord/RootRecord-Ecosystem/2 - RootRecord-Database/System/samples/sys-20260930-020130.json
2026-09-30T02:02:06-10:00job:github_sync_all | — [ecosystem] no committable local changes
2026-09-30T02:02:06-10:00job:github_sync_all | ↓ [ecosystem] fetching origin/main
2026-09-30T02:02:06-10:00job:github_sync_all | From github.com:RootRecord-Software-Solutions/RootRecord-Ecosystem
2026-09-30T02:02:06-10:00job:github_sync_all | * branch            main       -> FETCH_HEAD
2026-09-30T02:02:06-10:00job:github_sync_all | — [ecosystem] local and GitHub already match
2026-09-30T02:02:06-10:00job:github_sync_all | — [ecosystem] nothing to push
2026-09-30T02:02:06-10:00job:github_sync_all | ↑ [pacific] committed 3 local file(s)
2026-09-30T02:02:06-10:00job:github_sync_all | ↓ [pacific] fetching origin/main
2026-09-30T02:02:06-10:00job:github_sync_all | From github.com:RootRecord-Software-Solutions/RootRecord-Pacific-Solar-Server
2026-09-30T02:02:06-10:00job:github_sync_all | * branch            main       -> FETCH_HEAD
2026-09-30T02:02:06-10:00job:github_sync_all | ↑ [pacific] local is ahead of GitHub
2026-09-30T02:02:06-10:00job:github_sync_all | To github.com:RootRecord-Software-Solutions/RootRecord-Pacific-Solar-Server.git
2026-09-30T02:02:06-10:00job:github_sync_all | 5790a81..f1e56d2  HEAD -> main
2026-09-30T02:02:06-10:00job:github_sync_all | branch 'main' set up to track 'origin/main'.
2026-09-30T02:02:06-10:00job:github_sync_all | ↑ [pacific] 3 files → RootRecord-Software-Solutions/RootRecord-Pacific-Solar-Server (main)
2026-09-30T02:02:06-10:00job:github_sync_all | ↑ [database] committed 20 local file(s)
2026-09-30T02:02:06-10:00job:github_sync_all | ↓ [database] fetching origin/main
2026-09-30T02:02:06-10:00job:github_sync_all | From github.com:RootRecord-Software-Solutions/RootRecord-Database
2026-09-30T02:02:06-10:00job:github_sync_all | * branch            main       -> FETCH_HEAD
2026-09-30T02:02:06-10:00job:github_sync_all | ↑ [database] local is ahead of GitHub
2026-09-30T02:02:06-10:00job:github_sync_all | To github.com:RootRecord-Software-Solutions/RootRecord-Database.git
2026-09-30T02:02:06-10:00job:github_sync_all | 63a323d..82994fb  HEAD -> main
2026-09-30T02:02:06-10:00job:github_sync_all | branch 'main' set up to track 'origin/main'.
2026-09-30T02:02:06-10:00job:github_sync_all | ↑ [database] 20 files → RootRecord-Software-Solutions/RootRecord-Database (main)
2026-09-30T02:02:06-10:00job:github_sync_all | — [library] no local changes
2026-09-30T02:02:06-10:00job:github_sync_all | ↓ [library] fetching origin/main
2026-09-30T02:02:06-10:00job:github_sync_all | From github.com:RootRecord-Software-Solutions/RootRecord-Library
2026-09-30T02:02:06-10:00job:github_sync_all | * branch            main       -> FETCH_HEAD
2026-09-30T02:02:06-10:00job:github_sync_all | — [library] local and GitHub already match
2026-09-30T02:02:06-10:00job:github_sync_all | — [library] nothing to push
2026-09-30T02:02:06-10:00job:github_sync_all | — [skills] no local changes
2026-09-30T02:02:06-10:00job:github_sync_all | ↓ [skills] fetching origin/main
2026-09-30T02:02:06-10:00job:github_sync_all | From github.com:rootrecordsoftwaresolutions/Solar-Pacific-RootRecord-Server
2026-09-30T02:02:06-10:00job:github_sync_all | * branch            main       -> FETCH_HEAD
2026-09-30T02:02:06-10:00job:github_sync_all | — [skills] local and GitHub already match
2026-09-30T02:02:06-10:00job:github_sync_all | — [skills] nothing to push
2026-09-30T02:02:06-10:00job:security_camera_frame_grab RUN  bash "/home/rootrecord/RootRecord-Ecosystem/1 - Servers/1 - RootRecord-Pacific-Solar-Server/Security/Cameras/grab_all.sh"
2026-09-30T02:02:21-10:00job:security_camera_frame_grab | 02:02:06  📷  a-eyes  ch1 → ch1-20260930T120206Z.jpg  (338.6 KB, 4.46s)
2026-09-30T02:02:21-10:00job:security_camera_frame_grab | 02:02:11  📷  a-eyes  ch2 → ch2-20260930T120211Z.jpg  (331.9 KB, 4.32s)
2026-09-30T02:02:21-10:00job:security_camera_frame_grab | 02:02:15  📷  a-eyes  ch3 → ch3-20260930T120215Z.jpg  (366.0 KB, 4.28s)
2026-09-30T02:02:21-10:00job:security_camera_frame_grab | 02:02:19  📷  a-eyes  ch4 → ch4-20260930T120219Z.jpg  (12.8 KB, 1.59s)
2026-09-30T02:02:21-10:00job:service_supervisor RUN  bash "/home/rootrecord/RootRecord-Ecosystem/1 - Servers/1 - RootRecord-Pacific-Solar-Server/Automations/scripts/supervise-services.sh"
2026-09-30T02:02:21-10:00job:service_supervisor | [supervisor] weather alive pid=5397 (act)
2026-09-30T02:02:21-10:00job:service_supervisor | [supervisor] relay alive pid=4374 (act)
2026-09-30T02:02:21-10:00ENERGY  status=live  B2=1%  B1=27.5%  solar=0 W  ac=57 W  usbc=0 W  src=/home/rootrecord/RootRecord-Ecosystem/2 - RootRecord-Database/Energy  LAP=100%/Full/AC
2026-09-30T02:02:32-10:00  ✗  ecoflow_read_cycle  WAITING
2026-09-30T02:02:32-10:00job:sys_stats_cycle RUN  bash "/home/rootrecord/RootRecord-Ecosystem/1 - Servers/1 - RootRecord-Pacific-Solar-Server/System/scripts/sys-sample.sh"
2026-09-30T02:02:33-10:00job:sys_stats_cycle | SYSTEM  cpu=6%  load=2.78  mem=64%  src=sqlite
2026-09-30T02:02:33-10:00job:sys_stats_cycle | OK wrote /home/rootrecord/RootRecord-Ecosystem/2 - RootRecord-Database/System/samples/sys-20260930-020232.json
2026-09-30T02:03:10-10:00job:github_sync_all | ↑ [ecosystem] committed 13 local file(s)
2026-09-30T02:03:10-10:00job:github_sync_all | ↓ [ecosystem] fetching origin/main
2026-09-30T02:03:10-10:00job:github_sync_all | From github.com:RootRecord-Software-Solutions/RootRecord-Ecosystem
2026-09-30T02:03:10-10:00job:github_sync_all | * branch            main       -> FETCH_HEAD
2026-09-30T02:03:10-10:00job:github_sync_all | ↑ [ecosystem] local is ahead of GitHub
2026-09-30T02:03:10-10:00job:github_sync_all | To github.com:RootRecord-Software-Solutions/RootRecord-Ecosystem.git
2026-09-30T02:03:10-10:00job:github_sync_all | 7f519c8..4758911  HEAD -> main
2026-09-30T02:03:10-10:00job:github_sync_all | branch 'main' set up to track 'origin/main'.
2026-09-30T02:03:10-10:00job:github_sync_all | ↑ [ecosystem] 13 files → RootRecord-Software-Solutions/RootRecord-Ecosystem (main)
2026-09-30T02:03:10-10:00job:github_sync_all | ↑ [pacific] committed 10 local file(s)
2026-09-30T02:03:10-10:00job:github_sync_all | ↓ [pacific] fetching origin/main
2026-09-30T02:03:10-10:00job:github_sync_all | From github.com:RootRecord-Software-Solutions/RootRecord-Pacific-Solar-Server
2026-09-30T02:03:10-10:00job:github_sync_all | * branch            main       -> FETCH_HEAD
2026-09-30T02:03:10-10:00job:github_sync_all | ↑ [pacific] local is ahead of GitHub
2026-09-30T02:03:10-10:00job:github_sync_all | To github.com:RootRecord-Software-Solutions/RootRecord-Pacific-Solar-Server.git
2026-09-30T02:03:10-10:00job:github_sync_all | f1e56d2..ba0e701  HEAD -> main
2026-09-30T02:03:10-10:00job:github_sync_all | branch 'main' set up to track 'origin/main'.
2026-09-30T02:03:10-10:00job:github_sync_all | ↑ [pacific] 10 files → RootRecord-Software-Solutions/RootRecord-Pacific-Solar-Server (main)
2026-09-30T02:03:10-10:00job:github_sync_all | ↑ [database] committed 12 local file(s)
2026-09-30T02:03:10-10:00job:github_sync_all | ↓ [database] fetching origin/main
2026-09-30T02:03:10-10:00job:github_sync_all | From github.com:RootRecord-Software-Solutions/RootRecord-Database
2026-09-30T02:03:10-10:00job:github_sync_all | * branch            main       -> FETCH_HEAD
2026-09-30T02:03:10-10:00job:github_sync_all | ↑ [database] local is ahead of GitHub
2026-09-30T02:03:10-10:00job:github_sync_all | To github.com:RootRecord-Software-Solutions/RootRecord-Database.git
2026-09-30T02:03:10-10:00job:github_sync_all | 82994fb..4a8041e  HEAD -> main
2026-09-30T02:03:10-10:00job:github_sync_all | branch 'main' set up to track 'origin/main'.
2026-09-30T02:03:10-10:00job:github_sync_all | ↑ [database] 12 files → RootRecord-Software-Solutions/RootRecord-Database (main)
2026-09-30T02:03:10-10:00job:github_sync_all | — [library] no local changes
2026-09-30T02:03:10-10:00job:github_sync_all | ↓ [library] fetching origin/main
2026-09-30T02:03:10-10:00job:github_sync_all | From github.com:RootRecord-Software-Solutions/RootRecord-Library
2026-09-30T02:03:10-10:00job:github_sync_all | * branch            main       -> FETCH_HEAD
2026-09-30T02:03:10-10:00job:github_sync_all | — [library] local and GitHub already match
2026-09-30T02:03:10-10:00job:github_sync_all | — [library] nothing to push
2026-09-30T02:03:10-10:00job:github_sync_all | — [skills] no local changes
2026-09-30T02:03:10-10:00job:github_sync_all | ↓ [skills] fetching origin/main
2026-09-30T02:03:10-10:00job:github_sync_all | From github.com:rootrecordsoftwaresolutions/Solar-Pacific-RootRecord-Server
2026-09-30T02:03:10-10:00job:github_sync_all | * branch            main       -> FETCH_HEAD
2026-09-30T02:03:10-10:00job:github_sync_all | — [skills] local and GitHub already match
2026-09-30T02:03:10-10:00job:github_sync_all | — [skills] nothing to push
2026-09-30T02:03:10-10:00job:worklog_scan RUN  bash "/home/rootrecord/RootRecord-Ecosystem/1 - Servers/1 - RootRecord-Pacific-Solar-Server/Reports/scripts/worklog_once.sh"
2026-09-30T02:03:14-10:00job:worklog_scan | OK wrote/updated /home/rootrecord/RootRecord-Ecosystem/2 - RootRecord-Database/Worklog/worklog_current.md
2026-09-30T02:03:14-10:00job:security_camera_frame_grab RUN  bash "/home/rootrecord/RootRecord-Ecosystem/1 - Servers/1 - RootRecord-Pacific-Solar-Server/Security/Cameras/grab_all.sh"
2026-09-30T02:03:29-10:00job:security_camera_frame_grab | 02:03:14  📷  a-eyes  ch1 → ch1-20260930T120314Z.jpg  (335.2 KB, 4.46s)
2026-09-30T02:03:29-10:00job:security_camera_frame_grab | 02:03:19  📷  a-eyes  ch2 → ch2-20260930T120319Z.jpg  (355.0 KB, 4.41s)
2026-09-30T02:03:29-10:00job:security_camera_frame_grab | 02:03:23  📷  a-eyes  ch3 → ch3-20260930T120323Z.jpg  (344.9 KB, 4.26s)
2026-09-30T02:03:29-10:00job:security_camera_frame_grab | 02:03:27  📷  a-eyes  ch4 → ch4-20260930T120327Z.jpg  (12.7 KB, 1.68s)
2026-09-30T02:03:29-10:00ENERGY  status=live  B2=1%  B1=27.5%  solar=0 W  ac=57 W  usbc=0 W  src=/home/rootrecord/RootRecord-Ecosystem/2 - RootRecord-Database/Energy  LAP=100%/Full/AC
2026-09-30T02:03:44-10:00  ▸  SUMMARY=river2pro soc=27.07% solar=0W ac_out=55W usbc=14W src=ble db=ok
2026-09-30T02:03:44-10:00job:sys_stats_cycle RUN  bash "/home/rootrecord/RootRecord-Ecosystem/1 - Servers/1 - RootRecord-Pacific-Solar-Server/System/scripts/sys-sample.sh"
2026-09-30T02:03:45-10:00job:sys_stats_cycle | SYSTEM  cpu=5%  load=1.63  mem=64%  src=sqlite
2026-09-30T02:03:45-10:00job:sys_stats_cycle | OK wrote /home/rootrecord/RootRecord-Ecosystem/2 - RootRecord-Database/System/samples/sys-20260930-020345.json
2026-09-30T02:04:22-10:00job:github_sync_all | ↑ [ecosystem] committed 1 local file(s)
2026-09-30T02:04:22-10:00job:github_sync_all | ↓ [ecosystem] fetching origin/main
2026-09-30T02:04:22-10:00job:github_sync_all | From github.com:RootRecord-Software-Solutions/RootRecord-Ecosystem
2026-09-30T02:04:22-10:00job:github_sync_all | * branch            main       -> FETCH_HEAD
2026-09-30T02:04:22-10:00job:github_sync_all | ↑ [ecosystem] local is ahead of GitHub
2026-09-30T02:04:22-10:00job:github_sync_all | To github.com:RootRecord-Software-Solutions/RootRecord-Ecosystem.git
2026-09-30T02:04:22-10:00job:github_sync_all | 4758911..c899e58  HEAD -> main
2026-09-30T02:04:22-10:00job:github_sync_all | branch 'main' set up to track 'origin/main'.
2026-09-30T02:04:22-10:00job:github_sync_all | ↑ [ecosystem] 1 files → RootRecord-Software-Solutions/RootRecord-Ecosystem (main)
2026-09-30T02:04:22-10:00job:github_sync_all | — [pacific] no local changes
2026-09-30T02:04:22-10:00job:github_sync_all | ↓ [pacific] fetching origin/main
2026-09-30T02:04:22-10:00job:github_sync_all | From github.com:RootRecord-Software-Solutions/RootRecord-Pacific-Solar-Server
2026-09-30T02:04:22-10:00job:github_sync_all | * branch            main       -> FETCH_HEAD
2026-09-30T02:04:22-10:00job:github_sync_all | — [pacific] local and GitHub already match
2026-09-30T02:04:22-10:00job:github_sync_all | — [pacific] nothing to push
2026-09-30T02:04:22-10:00job:github_sync_all | ↑ [database] committed 15 local file(s)
2026-09-30T02:04:22-10:00job:github_sync_all | ↓ [database] fetching origin/main
2026-09-30T02:04:22-10:00job:github_sync_all | From github.com:RootRecord-Software-Solutions/RootRecord-Database
2026-09-30T02:04:22-10:00job:github_sync_all | * branch            main       -> FETCH_HEAD
2026-09-30T02:04:22-10:00job:github_sync_all | ↑ [database] local is ahead of GitHub
2026-09-30T02:04:22-10:00job:github_sync_all | To github.com:RootRecord-Software-Solutions/RootRecord-Database.git
2026-09-30T02:04:22-10:00job:github_sync_all | 4a8041e..46a1276  HEAD -> main
2026-09-30T02:04:22-10:00job:github_sync_all | branch 'main' set up to track 'origin/main'.
2026-09-30T02:04:22-10:00job:github_sync_all | ↑ [database] 15 files → RootRecord-Software-Solutions/RootRecord-Database (main)
2026-09-30T02:04:22-10:00job:github_sync_all | — [library] no local changes
2026-09-30T02:04:22-10:00job:github_sync_all | ↓ [library] fetching origin/main
2026-09-30T02:04:22-10:00job:github_sync_all | From github.com:RootRecord-Software-Solutions/RootRecord-Library
2026-09-30T02:04:22-10:00job:github_sync_all | * branch            main       -> FETCH_HEAD
2026-09-30T02:04:22-10:00job:github_sync_all | — [library] local and GitHub already match
2026-09-30T02:04:22-10:00job:github_sync_all | — [library] nothing to push
2026-09-30T02:04:22-10:00job:github_sync_all | — [skills] no local changes
2026-09-30T02:04:22-10:00job:github_sync_all | ↓ [skills] fetching origin/main
2026-09-30T02:04:22-10:00job:github_sync_all | From github.com:rootrecordsoftwaresolutions/Solar-Pacific-RootRecord-Server
2026-09-30T02:04:22-10:00job:github_sync_all | * branch            main       -> FETCH_HEAD
2026-09-30T02:04:22-10:00job:github_sync_all | — [skills] local and GitHub already match
2026-09-30T02:04:22-10:00job:github_sync_all | — [skills] nothing to push
2026-09-30T02:04:22-10:00job:security_camera_frame_grab RUN  bash "/home/rootrecord/RootRecord-Ecosystem/1 - Servers/1 - RootRecord-Pacific-Solar-Server/Security/Cameras/grab_all.sh"
2026-09-30T02:04:37-10:00job:security_camera_frame_grab | 02:04:22  📷  a-eyes  ch1 → ch1-20260930T120422Z.jpg  (335.7 KB, 4.23s)
2026-09-30T02:04:37-10:00job:security_camera_frame_grab | 02:04:27  📷  a-eyes  ch2 → ch2-20260930T120427Z.jpg  (334.6 KB, 4.27s)
2026-09-30T02:04:37-10:00job:security_camera_frame_grab | 02:04:31  📷  a-eyes  ch3 → ch3-20260930T120431Z.jpg  (377.6 KB, 4.38s)
2026-09-30T02:04:37-10:00job:security_camera_frame_grab | 02:04:35  📷  a-eyes  ch4 → ch4-20260930T120435Z.jpg  (12.7 KB, 1.50s)
2026-09-30T02:04:37-10:00ENERGY  status=live  B2=1%  B1=27.1%  solar=0 W  ac=57 W  usbc=0 W  src=/home/rootrecord/RootRecord-Ecosystem/2 - RootRecord-Database/Energy  LAP=100%/Full/AC
2026-09-30T02:04:52-10:00  ▸  SUMMARY=river2pro soc=26.85% solar=0W ac_out=37W usbc=14W src=ble db=ok
2026-09-30T02:04:52-10:00job:sys_stats_cycle RUN  bash "/home/rootrecord/RootRecord-Ecosystem/1 - Servers/1 - RootRecord-Pacific-Solar-Server/System/scripts/sys-sample.sh"
2026-09-30T02:04:52-10:00job:sys_stats_cycle | SYSTEM  cpu=4%  load=1.94  mem=65%  src=sqlite
2026-09-30T02:04:52-10:00job:sys_stats_cycle | OK wrote /home/rootrecord/RootRecord-Ecosystem/2 - RootRecord-Database/System/samples/sys-20260930-020452.json
2026-09-30T02:05:30-10:00job:github_sync_all | ↑ [ecosystem] committed 5 local file(s)
2026-09-30T02:05:30-10:00job:github_sync_all | ↓ [ecosystem] fetching origin/main
2026-09-30T02:05:30-10:00job:github_sync_all | From github.com:RootRecord-Software-Solutions/RootRecord-Ecosystem
2026-09-30T02:05:30-10:00job:github_sync_all | * branch            main       -> FETCH_HEAD
2026-09-30T02:05:30-10:00job:github_sync_all | ↑ [ecosystem] local is ahead of GitHub
2026-09-30T02:05:30-10:00job:github_sync_all | To github.com:RootRecord-Software-Solutions/RootRecord-Ecosystem.git
2026-09-30T02:05:30-10:00job:github_sync_all | c899e58..df955b3  HEAD -> main
2026-09-30T02:05:30-10:00job:github_sync_all | branch 'main' set up to track 'origin/main'.
2026-09-30T02:05:30-10:00job:github_sync_all | ↑ [ecosystem] 5 files → RootRecord-Software-Solutions/RootRecord-Ecosystem (main)
2026-09-30T02:05:30-10:00job:github_sync_all | ↑ [pacific] committed 5 local file(s)
2026-09-30T02:05:30-10:00job:github_sync_all | ↓ [pacific] fetching origin/main
2026-09-30T02:05:30-10:00job:github_sync_all | From github.com:RootRecord-Software-Solutions/RootRecord-Pacific-Solar-Server
2026-09-30T02:05:30-10:00job:github_sync_all | * branch            main       -> FETCH_HEAD
2026-09-30T02:05:30-10:00job:github_sync_all | ↑ [pacific] local is ahead of GitHub
2026-09-30T02:05:30-10:00job:github_sync_all | To github.com:RootRecord-Software-Solutions/RootRecord-Pacific-Solar-Server.git
2026-09-30T02:05:30-10:00job:github_sync_all | ba0e701..c6503f3  HEAD -> main
2026-09-30T02:05:30-10:00job:github_sync_all | branch 'main' set up to track 'origin/main'.
2026-09-30T02:05:30-10:00job:github_sync_all | ↑ [pacific] 5 files → RootRecord-Software-Solutions/RootRecord-Pacific-Solar-Server (main)
2026-09-30T02:05:30-10:00job:github_sync_all | ↑ [database] committed 12 local file(s)
2026-09-30T02:05:30-10:00job:github_sync_all | ↓ [database] fetching origin/main
2026-09-30T02:05:30-10:00job:github_sync_all | From github.com:RootRecord-Software-Solutions/RootRecord-Database
2026-09-30T02:05:30-10:00job:github_sync_all | * branch            main       -> FETCH_HEAD
2026-09-30T02:05:30-10:00job:github_sync_all | ↑ [database] local is ahead of GitHub
2026-09-30T02:05:30-10:00job:github_sync_all | To github.com:RootRecord-Software-Solutions/RootRecord-Database.git
2026-09-30T02:05:30-10:00job:github_sync_all | 46a1276..2320e70  HEAD -> main
2026-09-30T02:05:30-10:00job:github_sync_all | branch 'main' set up to track 'origin/main'.
2026-09-30T02:05:30-10:00job:github_sync_all | ↑ [database] 12 files → RootRecord-Software-Solutions/RootRecord-Database (main)
2026-09-30T02:05:30-10:00job:github_sync_all | — [library] no local changes
2026-09-30T02:05:30-10:00job:github_sync_all | ↓ [library] fetching origin/main
2026-09-30T02:05:30-10:00job:github_sync_all | From github.com:RootRecord-Software-Solutions/RootRecord-Library
2026-09-30T02:05:30-10:00job:github_sync_all | * branch            main       -> FETCH_HEAD
2026-09-30T02:05:30-10:00job:github_sync_all | — [library] local and GitHub already match
2026-09-30T02:05:30-10:00job:github_sync_all | — [library] nothing to push
2026-09-30T02:05:30-10:00job:github_sync_all | — [skills] no local changes
2026-09-30T02:05:30-10:00job:github_sync_all | ↓ [skills] fetching origin/main
2026-09-30T02:05:30-10:00job:github_sync_all | From github.com:rootrecordsoftwaresolutions/Solar-Pacific-RootRecord-Server
2026-09-30T02:05:30-10:00job:github_sync_all | * branch            main       -> FETCH_HEAD
2026-09-30T02:05:30-10:00job:github_sync_all | — [skills] local and GitHub already match
2026-09-30T02:05:30-10:00job:github_sync_all | — [skills] nothing to push
2026-09-30T02:05:30-10:00job:worklog_scan RUN  bash "/home/rootrecord/RootRecord-Ecosystem/1 - Servers/1 - RootRecord-Pacific-Solar-Server/Reports/scripts/worklog_once.sh"
2026-09-30T02:05:33-10:00job:worklog_scan | OK wrote/updated /home/rootrecord/RootRecord-Ecosystem/2 - RootRecord-Database/Worklog/worklog_current.md
2026-09-30T02:05:33-10:00job:security_camera_frame_grab RUN  bash "/home/rootrecord/RootRecord-Ecosystem/1 - Servers/1 - RootRecord-Pacific-Solar-Server/Security/Cameras/grab_all.sh"
2026-09-30T02:05:48-10:00job:security_camera_frame_grab | 02:05:33  📷  a-eyes  ch1 → ch1-20260930T120533Z.jpg  (337.7 KB, 4.51s)
2026-09-30T02:05:48-10:00job:security_camera_frame_grab | 02:05:38  📷  a-eyes  ch2 → ch2-20260930T120538Z.jpg  (325.8 KB, 4.47s)
2026-09-30T02:05:48-10:00job:security_camera_frame_grab | 02:05:42  📷  a-eyes  ch3 → ch3-20260930T120542Z.jpg  (373.0 KB, 4.40s)
2026-09-30T02:05:48-10:00job:security_camera_frame_grab | 02:05:47  📷  a-eyes  ch4 → ch4-20260930T120547Z.jpg  (12.7 KB, 1.44s)
2026-09-30T02:05:49-10:00ENERGY  status=live  B2=1%  B1=26.9%  solar=0 W  ac=57 W  usbc=0 W  src=/home/rootrecord/RootRecord-Ecosystem/2 - RootRecord-Database/Energy  LAP=100%/Full/AC
2026-09-30T02:06:03-10:00  ▸  SUMMARY=river2pro soc=26.61% solar=0W ac_out=46W usbc=17W src=ble db=ok
2026-09-30T02:06:03-10:00job:sys_stats_cycle RUN  bash "/home/rootrecord/RootRecord-Ecosystem/1 - Servers/1 - RootRecord-Pacific-Solar-Server/System/scripts/sys-sample.sh"
2026-09-30T02:06:04-10:00job:sys_stats_cycle | SYSTEM  cpu=9%  load=1.44  mem=65%  src=sqlite
2026-09-30T02:06:04-10:00job:sys_stats_cycle | OK wrote /home/rootrecord/RootRecord-Ecosystem/2 - RootRecord-Database/System/samples/sys-20260930-020604.json
2026-09-30T02:06:47-10:00job:github_sync_all | ↑ [ecosystem] committed 4 local file(s)
2026-09-30T02:06:47-10:00job:github_sync_all | ↓ [ecosystem] fetching origin/main
2026-09-30T02:06:47-10:00job:github_sync_all | From github.com:RootRecord-Software-Solutions/RootRecord-Ecosystem
2026-09-30T02:06:47-10:00job:github_sync_all | * branch            main       -> FETCH_HEAD
2026-09-30T02:06:47-10:00job:github_sync_all | ↑ [ecosystem] local is ahead of GitHub
2026-09-30T02:06:47-10:00job:github_sync_all | To github.com:RootRecord-Software-Solutions/RootRecord-Ecosystem.git
2026-09-30T02:06:47-10:00job:github_sync_all | df955b3..fdd6beb  HEAD -> main
2026-09-30T02:06:47-10:00job:github_sync_all | branch 'main' set up to track 'origin/main'.
2026-09-30T02:06:47-10:00job:github_sync_all | ↑ [ecosystem] 4 files → RootRecord-Software-Solutions/RootRecord-Ecosystem (main)
2026-09-30T02:06:47-10:00job:github_sync_all | — [pacific] no local changes
2026-09-30T02:06:47-10:00job:github_sync_all | ↓ [pacific] fetching origin/main
2026-09-30T02:06:47-10:00job:github_sync_all | From github.com:RootRecord-Software-Solutions/RootRecord-Pacific-Solar-Server
2026-09-30T02:06:47-10:00job:github_sync_all | * branch            main       -> FETCH_HEAD
2026-09-30T02:06:47-10:00job:github_sync_all | — [pacific] local and GitHub already match
2026-09-30T02:06:47-10:00job:github_sync_all | — [pacific] nothing to push
2026-09-30T02:06:47-10:00job:github_sync_all | ↑ [database] committed 17 local file(s)
2026-09-30T02:06:47-10:00job:github_sync_all | ↓ [database] fetching origin/main
2026-09-30T02:06:47-10:00job:github_sync_all | From github.com:RootRecord-Software-Solutions/RootRecord-Database
2026-09-30T02:06:47-10:00job:github_sync_all | * branch            main       -> FETCH_HEAD
2026-09-30T02:06:47-10:00job:github_sync_all | ↑ [database] local is ahead of GitHub
2026-09-30T02:06:47-10:00job:github_sync_all | To github.com:RootRecord-Software-Solutions/RootRecord-Database.git
2026-09-30T02:06:47-10:00job:github_sync_all | 2320e70..d4db9dd  HEAD -> main
2026-09-30T02:06:47-10:00job:github_sync_all | branch 'main' set up to track 'origin/main'.
2026-09-30T02:06:47-10:00job:github_sync_all | ↑ [database] 17 files → RootRecord-Software-Solutions/RootRecord-Database (main)
2026-09-30T02:06:47-10:00job:github_sync_all | ↑ [library] committed 3 local file(s)
2026-09-30T02:06:47-10:00job:github_sync_all | ↓ [library] fetching origin/main
2026-09-30T02:06:47-10:00job:github_sync_all | From github.com:RootRecord-Software-Solutions/RootRecord-Library
2026-09-30T02:06:47-10:00job:github_sync_all | * branch            main       -> FETCH_HEAD
2026-09-30T02:06:47-10:00job:github_sync_all | ↑ [library] local is ahead of GitHub
2026-09-30T02:06:47-10:00job:github_sync_all | To github.com:RootRecord-Software-Solutions/RootRecord-Library.git
2026-09-30T02:06:47-10:00job:github_sync_all | fe9e995..a12763a  HEAD -> main
2026-09-30T02:06:47-10:00job:github_sync_all | branch 'main' set up to track 'origin/main'.
2026-09-30T02:06:47-10:00job:github_sync_all | ↑ [library] 3 files → RootRecord-Software-Solutions/RootRecord-Library (main)
2026-09-30T02:06:47-10:00job:github_sync_all | ↑ [skills] committed 1 local file(s)
2026-09-30T02:06:47-10:00job:github_sync_all | ↓ [skills] fetching origin/main
2026-09-30T02:06:47-10:00job:github_sync_all | From github.com:rootrecordsoftwaresolutions/Solar-Pacific-RootRecord-Server
2026-09-30T02:06:47-10:00job:github_sync_all | * branch            main       -> FETCH_HEAD
2026-09-30T02:06:47-10:00job:github_sync_all | ↑ [skills] local is ahead of GitHub
2026-09-30T02:06:47-10:00job:github_sync_all | To github.com:rootrecordsoftwaresolutions/Solar-Pacific-RootRecord-Server.git
2026-09-30T02:06:47-10:00job:github_sync_all | 87ec9ac..40fa2c5  HEAD -> main
2026-09-30T02:06:47-10:00job:security_camera_frame_grab RUN  bash "/home/rootrecord/RootRecord-Ecosystem/1 - Servers/1 - RootRecord-Pacific-Solar-Server/Security/Cameras/grab_all.sh"
2026-09-30T02:07:02-10:00job:security_camera_frame_grab | 02:06:47  📷  a-eyes  ch1 → ch1-20260930T120647Z.jpg  (336.5 KB, 4.34s)
2026-09-30T02:07:02-10:00job:security_camera_frame_grab | 02:06:51  📷  a-eyes  ch2 → ch2-20260930T120651Z.jpg  (333.6 KB, 4.47s)
2026-09-30T02:07:02-10:00job:security_camera_frame_grab | 02:06:56  📷  a-eyes  ch3 → ch3-20260930T120656Z.jpg  (314.4 KB, 4.38s)
2026-09-30T02:07:02-10:00job:security_camera_frame_grab | 02:07:00  📷  a-eyes  ch4 → ch4-20260930T120700Z.jpg  (12.6 KB, 1.53s)
2026-09-30T02:07:02-10:00ENERGY  status=live  B2=1%  B1=26.6%  solar=0 W  ac=57 W  usbc=0 W  src=/home/rootrecord/RootRecord-Ecosystem/2 - RootRecord-Database/Energy  LAP=100%/Full/AC
2026-09-30T02:07:12-10:00  ✗  ecoflow_read_cycle  WAITING
2026-09-30T02:07:12-10:00job:sys_stats_cycle RUN  bash "/home/rootrecord/RootRecord-Ecosystem/1 - Servers/1 - RootRecord-Pacific-Solar-Server/System/scripts/sys-sample.sh"
2026-09-30T02:07:13-10:00job:sys_stats_cycle | SYSTEM  cpu=7%  load=1.00  mem=65%  src=sqlite
2026-09-30T02:07:13-10:00job:sys_stats_cycle | OK wrote /home/rootrecord/RootRecord-Ecosystem/2 - RootRecord-Database/System/samples/sys-20260930-020713.json
2026-09-30T02:07:54-10:00job:github_sync_all | — [ecosystem] no committable local changes
2026-09-30T02:07:54-10:00job:github_sync_all | ↓ [ecosystem] fetching origin/main
2026-09-30T02:07:54-10:00job:github_sync_all | From github.com:RootRecord-Software-Solutions/RootRecord-Ecosystem
2026-09-30T02:07:54-10:00job:github_sync_all | * branch            main       -> FETCH_HEAD
2026-09-30T02:07:54-10:00job:github_sync_all | — [ecosystem] local and GitHub already match
2026-09-30T02:07:54-10:00job:github_sync_all | — [ecosystem] nothing to push
2026-09-30T02:07:54-10:00job:github_sync_all | — [pacific] no local changes
2026-09-30T02:07:54-10:00job:github_sync_all | ↓ [pacific] fetching origin/main
2026-09-30T02:07:54-10:00job:github_sync_all | From github.com:RootRecord-Software-Solutions/RootRecord-Pacific-Solar-Server
2026-09-30T02:07:54-10:00job:github_sync_all | * branch            main       -> FETCH_HEAD
2026-09-30T02:07:54-10:00job:github_sync_all | — [pacific] local and GitHub already match
2026-09-30T02:07:54-10:00job:github_sync_all | — [pacific] nothing to push
2026-09-30T02:07:54-10:00job:github_sync_all | ↑ [database] committed 9 local file(s)
2026-09-30T02:07:54-10:00job:github_sync_all | ↓ [database] fetching origin/main
2026-09-30T02:07:54-10:00job:github_sync_all | From github.com:RootRecord-Software-Solutions/RootRecord-Database
2026-09-30T02:07:54-10:00job:github_sync_all | * branch            main       -> FETCH_HEAD
2026-09-30T02:07:54-10:00job:github_sync_all | ↑ [database] local is ahead of GitHub
2026-09-30T02:07:54-10:00job:github_sync_all | To github.com:RootRecord-Software-Solutions/RootRecord-Database.git
2026-09-30T02:07:54-10:00job:github_sync_all | d4db9dd..16909a5  HEAD -> main
2026-09-30T02:07:54-10:00job:github_sync_all | branch 'main' set up to track 'origin/main'.
2026-09-30T02:07:54-10:00job:github_sync_all | ↑ [database] 9 files → RootRecord-Software-Solutions/RootRecord-Database (main)
2026-09-30T02:07:54-10:00job:github_sync_all | — [library] no local changes
2026-09-30T02:07:54-10:00job:github_sync_all | ↓ [library] fetching origin/main
2026-09-30T02:07:54-10:00job:github_sync_all | From github.com:RootRecord-Software-Solutions/RootRecord-Library
2026-09-30T02:07:54-10:00job:github_sync_all | * branch            main       -> FETCH_HEAD
2026-09-30T02:07:54-10:00job:github_sync_all | — [library] local and GitHub already match
2026-09-30T02:07:54-10:00job:github_sync_all | — [library] nothing to push
2026-09-30T02:07:54-10:00job:github_sync_all | ↑ [skills] committed 1 local file(s)
2026-09-30T02:07:54-10:00job:github_sync_all | ↓ [skills] fetching origin/main
2026-09-30T02:07:54-10:00job:github_sync_all | From github.com:rootrecordsoftwaresolutions/Solar-Pacific-RootRecord-Server
2026-09-30T02:07:54-10:00job:github_sync_all | * branch            main       -> FETCH_HEAD
2026-09-30T02:07:54-10:00job:github_sync_all | ↑ [skills] local is ahead of GitHub
2026-09-30T02:07:54-10:00job:github_sync_all | To github.com:rootrecordsoftwaresolutions/Solar-Pacific-RootRecord-Server.git
2026-09-30T02:07:54-10:00job:github_sync_all | 40fa2c5..ae2e41d  HEAD -> main
2026-09-30T02:07:54-10:00job:github_sync_all | branch 'main' set up to track 'origin/main'.
2026-09-30T02:07:54-10:00job:github_sync_all | ↑ [skills] 1 files → rootrecordsoftwaresolutions/Solar-Pacific-RootRecord-Server (main)
2026-09-30T02:07:54-10:00job:worklog_scan RUN  bash "/home/rootrecord/RootRecord-Ecosystem/1 - Servers/1 - RootRecord-Pacific-Solar-Server/Reports/scripts/worklog_once.sh"
2026-09-30T02:07:57-10:00job:worklog_scan | OK wrote/updated /home/rootrecord/RootRecord-Ecosystem/2 - RootRecord-Database/Worklog/worklog_current.md
2026-09-30T02:07:57-10:00job:security_camera_frame_grab RUN  bash "/home/rootrecord/RootRecord-Ecosystem/1 - Servers/1 - RootRecord-Pacific-Solar-Server/Security/Cameras/grab_all.sh"
2026-09-30T02:08:12-10:00job:security_camera_frame_grab | 02:07:57  📷  a-eyes  ch1 → ch1-20260930T120757Z.jpg  (336.3 KB, 4.25s)
2026-09-30T02:08:12-10:00job:security_camera_frame_grab | 02:08:01  📷  a-eyes  ch2 → ch2-20260930T120801Z.jpg  (330.1 KB, 4.37s)
2026-09-30T02:08:12-10:00job:security_camera_frame_grab | 02:08:06  📷  a-eyes  ch3 → ch3-20260930T120806Z.jpg  (331.2 KB, 4.49s)
2026-09-30T02:08:12-10:00job:security_camera_frame_grab | 02:08:10  📷  a-eyes  ch4 → ch4-20260930T120810Z.jpg  (12.6 KB, 1.54s)
2026-09-30T02:08:12-10:00job:service_supervisor RUN  bash "/home/rootrecord/RootRecord-Ecosystem/1 - Servers/1 - RootRecord-Pacific-Solar-Server/Automations/scripts/supervise-services.sh"
2026-09-30T02:08:12-10:00job:service_supervisor | [supervisor] weather alive pid=5397 (act)
2026-09-30T02:08:12-10:00job:service_supervisor | [supervisor] relay alive pid=4374 (act)
2026-09-30T02:08:12-10:00ENERGY  status=live  B2=1%  B1=26.6%  solar=0 W  ac=57 W  usbc=0 W  src=/home/rootrecord/RootRecord-Ecosystem/2 - RootRecord-Database/Energy  LAP=100%/Full/AC
2026-09-30T02:08:23-10:00  ✗  ecoflow_read_cycle  WAITING
2026-09-30T02:08:23-10:00job:sys_stats_cycle RUN  bash "/home/rootrecord/RootRecord-Ecosystem/1 - Servers/1 - RootRecord-Pacific-Solar-Server/System/scripts/sys-sample.sh"
2026-09-30T02:08:23-10:00job:sys_stats_cycle | SYSTEM  cpu=5%  load=1.25  mem=65%  src=sqlite
2026-09-30T02:08:23-10:00job:sys_stats_cycle | OK wrote /home/rootrecord/RootRecord-Ecosystem/2 - RootRecord-Database/System/samples/sys-20260930-020823.json
2026-09-30T02:08:56-10:00job:github_sync_all | — [ecosystem] no committable local changes
2026-09-30T02:08:56-10:00job:github_sync_all | ↓ [ecosystem] fetching origin/main
2026-09-30T02:08:56-10:00job:github_sync_all | From github.com:RootRecord-Software-Solutions/RootRecord-Ecosystem
2026-09-30T02:08:56-10:00job:github_sync_all | * branch            main       -> FETCH_HEAD
2026-09-30T02:08:56-10:00job:github_sync_all | — [ecosystem] local and GitHub already match
2026-09-30T02:08:56-10:00job:github_sync_all | — [ecosystem] nothing to push
2026-09-30T02:08:56-10:00job:github_sync_all | — [pacific] no local changes
2026-09-30T02:08:56-10:00job:github_sync_all | ↓ [pacific] fetching origin/main
2026-09-30T02:08:56-10:00job:github_sync_all | From github.com:RootRecord-Software-Solutions/RootRecord-Pacific-Solar-Server
2026-09-30T02:08:56-10:00job:github_sync_all | * branch            main       -> FETCH_HEAD
2026-09-30T02:08:56-10:00job:github_sync_all | — [pacific] local and GitHub already match
2026-09-30T02:08:56-10:00job:github_sync_all | — [pacific] nothing to push
2026-09-30T02:08:56-10:00job:github_sync_all | ↑ [database] committed 13 local file(s)
2026-09-30T02:08:56-10:00job:github_sync_all | ↓ [database] fetching origin/main
2026-09-30T02:08:56-10:00job:github_sync_all | From github.com:RootRecord-Software-Solutions/RootRecord-Database
2026-09-30T02:08:56-10:00job:github_sync_all | * branch            main       -> FETCH_HEAD
2026-09-30T02:08:56-10:00job:github_sync_all | ↑ [database] local is ahead of GitHub
2026-09-30T02:08:56-10:00job:github_sync_all | To github.com:RootRecord-Software-Solutions/RootRecord-Database.git
2026-09-30T02:08:56-10:00job:github_sync_all | 16909a5..43e01fa  HEAD -> main
2026-09-30T02:08:56-10:00job:github_sync_all | branch 'main' set up to track 'origin/main'.
2026-09-30T02:08:56-10:00job:github_sync_all | ↑ [database] 13 files → RootRecord-Software-Solutions/RootRecord-Database (main)
2026-09-30T02:08:56-10:00job:github_sync_all | — [library] no local changes
2026-09-30T02:08:56-10:00job:github_sync_all | ↓ [library] fetching origin/main
2026-09-30T02:08:56-10:00job:github_sync_all | From github.com:RootRecord-Software-Solutions/RootRecord-Library
2026-09-30T02:08:56-10:00job:github_sync_all | * branch            main       -> FETCH_HEAD
2026-09-30T02:08:56-10:00job:github_sync_all | — [library] local and GitHub already match
2026-09-30T02:08:56-10:00job:github_sync_all | — [library] nothing to push
2026-09-30T02:08:56-10:00job:github_sync_all | — [skills] no local changes
2026-09-30T02:08:56-10:00job:github_sync_all | ↓ [skills] fetching origin/main
2026-09-30T02:08:56-10:00job:github_sync_all | From github.com:rootrecordsoftwaresolutions/Solar-Pacific-RootRecord-Server
2026-09-30T02:08:56-10:00job:github_sync_all | * branch            main       -> FETCH_HEAD
2026-09-30T02:08:56-10:00job:github_sync_all | — [skills] local and GitHub already match
2026-09-30T02:08:56-10:00job:github_sync_all | — [skills] nothing to push
2026-09-30T02:08:56-10:00job:security_camera_frame_grab RUN  bash "/home/rootrecord/RootRecord-Ecosystem/1 - Servers/1 - RootRecord-Pacific-Solar-Server/Security/Cameras/grab_all.sh"
2026-09-30T02:09:11-10:00job:security_camera_frame_grab | 02:08:56  📷  a-eyes  ch1 → ch1-20260930T120856Z.jpg  (333.7 KB, 4.45s)
2026-09-30T02:09:11-10:00job:security_camera_frame_grab | 02:09:00  📷  a-eyes  ch2 → ch2-20260930T120900Z.jpg  (303.1 KB, 4.42s)
2026-09-30T02:09:11-10:00job:security_camera_frame_grab | 02:09:05  📷  a-eyes  ch3 → ch3-20260930T120905Z.jpg  (397.4 KB, 4.17s)
2026-09-30T02:09:11-10:00job:security_camera_frame_grab | 02:09:09  📷  a-eyes  ch4 → ch4-20260930T120909Z.jpg  (12.7 KB, 1.51s)
2026-09-30T02:09:22-10:00  ✗  ecoflow_read_cycle  WAITING
2026-09-30T02:09:22-10:00job:sys_stats_cycle RUN  bash "/home/rootrecord/RootRecord-Ecosystem/1 - Servers/1 - RootRecord-Pacific-Solar-Server/System/scripts/sys-sample.sh"
2026-09-30T02:09:22-10:00job:sys_stats_cycle | SYSTEM  cpu=5%  load=1.32  mem=65%  src=sqlite
2026-09-30T02:09:22-10:00job:sys_stats_cycle | OK wrote /home/rootrecord/RootRecord-Ecosystem/2 - RootRecord-Database/System/samples/sys-20260930-020922.json
2026-09-30T02:10:05-10:00job:github_sync_all | ↑ [ecosystem] committed 1 local file(s)
2026-09-30T02:10:05-10:00job:github_sync_all | ↓ [ecosystem] fetching origin/main
2026-09-30T02:10:05-10:00job:github_sync_all | From github.com:RootRecord-Software-Solutions/RootRecord-Ecosystem
2026-09-30T02:10:05-10:00job:github_sync_all | * branch            main       -> FETCH_HEAD
2026-09-30T02:10:05-10:00job:github_sync_all | ↑ [ecosystem] local is ahead of GitHub
2026-09-30T02:10:05-10:00job:github_sync_all | To github.com:RootRecord-Software-Solutions/RootRecord-Ecosystem.git
2026-09-30T02:10:05-10:00job:github_sync_all | fdd6beb..dc1095d  HEAD -> main
2026-09-30T02:10:05-10:00job:github_sync_all | branch 'main' set up to track 'origin/main'.
2026-09-30T02:10:05-10:00job:github_sync_all | ↑ [ecosystem] 1 files → RootRecord-Software-Solutions/RootRecord-Ecosystem (main)
2026-09-30T02:10:05-10:00job:github_sync_all | ↑ [pacific] committed 1 local file(s)
2026-09-30T02:10:05-10:00job:github_sync_all | ↓ [pacific] fetching origin/main
2026-09-30T02:10:05-10:00job:github_sync_all | From github.com:RootRecord-Software-Solutions/RootRecord-Pacific-Solar-Server
2026-09-30T02:10:05-10:00job:github_sync_all | * branch            main       -> FETCH_HEAD
2026-09-30T02:10:05-10:00job:github_sync_all | ↑ [pacific] local is ahead of GitHub
2026-09-30T02:10:05-10:00job:github_sync_all | To github.com:RootRecord-Software-Solutions/RootRecord-Pacific-Solar-Server.git
2026-09-30T02:10:05-10:00job:github_sync_all | c6503f3..fca36fa  HEAD -> main
2026-09-30T02:10:05-10:00job:github_sync_all | branch 'main' set up to track 'origin/main'.
2026-09-30T02:10:05-10:00job:github_sync_all | ↑ [pacific] 1 files → RootRecord-Software-Solutions/RootRecord-Pacific-Solar-Server (main)
2026-09-30T02:10:05-10:00job:github_sync_all | ↑ [database] committed 9 local file(s)
2026-09-30T02:10:05-10:00job:github_sync_all | ↓ [database] fetching origin/main
2026-09-30T02:10:05-10:00job:github_sync_all | From github.com:RootRecord-Software-Solutions/RootRecord-Database
2026-09-30T02:10:05-10:00job:github_sync_all | * branch            main       -> FETCH_HEAD
2026-09-30T02:10:05-10:00job:github_sync_all | ↑ [database] local is ahead of GitHub
2026-09-30T02:10:05-10:00job:github_sync_all | To github.com:RootRecord-Software-Solutions/RootRecord-Database.git
2026-09-30T02:10:05-10:00job:github_sync_all | 43e01fa..94a7957  HEAD -> main
2026-09-30T02:10:05-10:00job:github_sync_all | branch 'main' set up to track 'origin/main'.
2026-09-30T02:10:05-10:00job:github_sync_all | ↑ [database] 9 files → RootRecord-Software-Solutions/RootRecord-Database (main)
2026-09-30T02:10:05-10:00job:github_sync_all | — [library] no local changes
2026-09-30T02:10:05-10:00job:github_sync_all | ↓ [library] fetching origin/main
2026-09-30T02:10:05-10:00job:github_sync_all | From github.com:RootRecord-Software-Solutions/RootRecord-Library
2026-09-30T02:10:05-10:00job:github_sync_all | * branch            main       -> FETCH_HEAD
2026-09-30T02:10:05-10:00job:github_sync_all | — [library] local and GitHub already match
2026-09-30T02:10:05-10:00job:github_sync_all | — [library] nothing to push
2026-09-30T02:10:05-10:00job:github_sync_all | ↑ [skills] committed 3 local file(s)
2026-09-30T02:10:05-10:00job:github_sync_all | ↓ [skills] fetching origin/main
2026-09-30T02:10:05-10:00job:github_sync_all | From github.com:rootrecordsoftwaresolutions/Solar-Pacific-RootRecord-Server
2026-09-30T02:10:05-10:00job:github_sync_all | * branch            main       -> FETCH_HEAD
2026-09-30T02:10:05-10:00job:github_sync_all | ↑ [skills] local is ahead of GitHub
2026-09-30T02:10:05-10:00job:github_sync_all | To github.com:rootrecordsoftwaresolutions/Solar-Pacific-RootRecord-Server.git
2026-09-30T02:10:05-10:00job:github_sync_all | ae2e41d..65656eb  HEAD -> main
2026-09-30T02:10:05-10:00job:worklog_scan RUN  bash "/home/rootrecord/RootRecord-Ecosystem/1 - Servers/1 - RootRecord-Pacific-Solar-Server/Reports/scripts/worklog_once.sh"
2026-09-30T02:10:11-10:00job:worklog_scan | OK wrote/updated /home/rootrecord/RootRecord-Ecosystem/2 - RootRecord-Database/Worklog/worklog_current.md
2026-09-30T02:10:11-10:00job:security_camera_frame_grab RUN  bash "/home/rootrecord/RootRecord-Ecosystem/1 - Servers/1 - RootRecord-Pacific-Solar-Server/Security/Cameras/grab_all.sh"
2026-09-30T02:10:25-10:00job:security_camera_frame_grab | 02:10:11  📷  a-eyes  ch1 → ch1-20260930T121011Z.jpg  (336.4 KB, 4.23s)
2026-09-30T02:10:25-10:00job:security_camera_frame_grab | 02:10:15  📷  a-eyes  ch2 → ch2-20260930T121015Z.jpg  (329.1 KB, 4.47s)
2026-09-30T02:10:25-10:00job:security_camera_frame_grab | 02:10:19  📷  a-eyes  ch3 → ch3-20260930T121019Z.jpg  (375.3 KB, 4.28s)
2026-09-30T02:10:25-10:00job:security_camera_frame_grab | 02:10:24  📷  a-eyes  ch4 → ch4-20260930T121024Z.jpg  (12.6 KB, 1.42s)
2026-09-30T02:10:25-10:00ENERGY  status=live  B2=1%  B1=26.6%  solar=0 W  ac=57 W  usbc=0 W  src=/home/rootrecord/RootRecord-Ecosystem/2 - RootRecord-Database/Energy  LAP=100%/Full/AC
2026-09-30T02:10:40-10:00  ▸  SUMMARY=river2pro soc=25.68% solar=0W ac_out=38W usbc=17W src=ble db=ok
2026-09-30T02:10:40-10:00job:sys_stats_cycle RUN  bash "/home/rootrecord/RootRecord-Ecosystem/1 - Servers/1 - RootRecord-Pacific-Solar-Server/System/scripts/sys-sample.sh"
2026-09-30T02:10:41-10:00job:sys_stats_cycle | SYSTEM  cpu=12%  load=1.39  mem=65%  src=sqlite
2026-09-30T02:10:41-10:00job:sys_stats_cycle | OK wrote /home/rootrecord/RootRecord-Ecosystem/2 - RootRecord-Database/System/samples/sys-20260930-021041.json
2026-09-30T02:11:14-10:00job:github_sync_all | — [ecosystem] no committable local changes
2026-09-30T02:11:14-10:00job:github_sync_all | ↓ [ecosystem] fetching origin/main
2026-09-30T02:11:14-10:00job:github_sync_all | From github.com:RootRecord-Software-Solutions/RootRecord-Ecosystem
2026-09-30T02:11:14-10:00job:github_sync_all | * branch            main       -> FETCH_HEAD
2026-09-30T02:11:14-10:00job:github_sync_all | — [ecosystem] local and GitHub already match
2026-09-30T02:11:14-10:00job:github_sync_all | — [ecosystem] nothing to push
2026-09-30T02:11:14-10:00job:github_sync_all | — [pacific] no local changes
2026-09-30T02:11:14-10:00job:github_sync_all | ↓ [pacific] fetching origin/main
2026-09-30T02:11:14-10:00job:github_sync_all | From github.com:RootRecord-Software-Solutions/RootRecord-Pacific-Solar-Server
2026-09-30T02:11:14-10:00job:github_sync_all | * branch            main       -> FETCH_HEAD
2026-09-30T02:11:14-10:00job:github_sync_all | — [pacific] local and GitHub already match
2026-09-30T02:11:14-10:00job:github_sync_all | — [pacific] nothing to push
2026-09-30T02:11:14-10:00job:github_sync_all | ↑ [database] committed 17 local file(s)
2026-09-30T02:11:14-10:00job:github_sync_all | ↓ [database] fetching origin/main
2026-09-30T02:11:14-10:00job:github_sync_all | From github.com:RootRecord-Software-Solutions/RootRecord-Database
2026-09-30T02:11:14-10:00job:github_sync_all | * branch            main       -> FETCH_HEAD
2026-09-30T02:11:14-10:00job:github_sync_all | ↑ [database] local is ahead of GitHub
2026-09-30T02:11:14-10:00job:github_sync_all | To github.com:RootRecord-Software-Solutions/RootRecord-Database.git
2026-09-30T02:11:14-10:00job:github_sync_all | 94a7957..e358956  HEAD -> main
2026-09-30T02:11:14-10:00job:github_sync_all | branch 'main' set up to track 'origin/main'.
2026-09-30T02:11:14-10:00job:github_sync_all | ↑ [database] 17 files → RootRecord-Software-Solutions/RootRecord-Database (main)
2026-09-30T02:11:14-10:00job:github_sync_all | — [library] no local changes
2026-09-30T02:11:14-10:00job:github_sync_all | ↓ [library] fetching origin/main
2026-09-30T02:11:14-10:00job:github_sync_all | From github.com:RootRecord-Software-Solutions/RootRecord-Library
2026-09-30T02:11:14-10:00job:github_sync_all | * branch            main       -> FETCH_HEAD
2026-09-30T02:11:14-10:00job:github_sync_all | — [library] local and GitHub already match
2026-09-30T02:11:14-10:00job:github_sync_all | — [library] nothing to push
2026-09-30T02:11:14-10:00job:github_sync_all | — [skills] no local changes
2026-09-30T02:11:14-10:00job:github_sync_all | ↓ [skills] fetching origin/main
2026-09-30T02:11:14-10:00job:github_sync_all | From github.com:rootrecordsoftwaresolutions/Solar-Pacific-RootRecord-Server
2026-09-30T02:11:14-10:00job:github_sync_all | * branch            main       -> FETCH_HEAD
2026-09-30T02:11:14-10:00job:github_sync_all | — [skills] local and GitHub already match
2026-09-30T02:11:14-10:00job:github_sync_all | — [skills] nothing to push
2026-09-30T02:11:14-10:00job:security_camera_frame_grab RUN  bash "/home/rootrecord/RootRecord-Ecosystem/1 - Servers/1 - RootRecord-Pacific-Solar-Server/Security/Cameras/grab_all.sh"
2026-09-30T02:11:30-10:00job:security_camera_frame_grab | 02:11:14  📷  a-eyes  ch1 → ch1-20260930T121114Z.jpg  (336.3 KB, 4.43s)
2026-09-30T02:11:30-10:00job:security_camera_frame_grab | 02:11:19  📷  a-eyes  ch2 → ch2-20260930T121119Z.jpg  (329.0 KB, 4.38s)
2026-09-30T02:11:30-10:00job:security_camera_frame_grab | 02:11:23  📷  a-eyes  ch3 → ch3-20260930T121123Z.jpg  (338.7 KB, 4.45s)
2026-09-30T02:11:30-10:00job:security_camera_frame_grab | 02:11:28  📷  a-eyes  ch4 → ch4-20260930T121128Z.jpg  (12.5 KB, 1.82s)
2026-09-30T02:11:30-10:00ENERGY  status=live  B2=1%  B1=25.7%  solar=0 W  ac=57 W  usbc=0 W  src=/home/rootrecord/RootRecord-Ecosystem/2 - RootRecord-Database/Energy  LAP=100%/Full/AC
2026-09-30T02:11:40-10:00  ✗  ecoflow_read_cycle  WAITING
2026-09-30T02:11:40-10:00job:sys_stats_cycle RUN  bash "/home/rootrecord/RootRecord-Ecosystem/1 - Servers/1 - RootRecord-Pacific-Solar-Server/System/scripts/sys-sample.sh"
2026-09-30T02:11:41-10:00job:sys_stats_cycle | SYSTEM  cpu=27%  load=1.58  mem=66%  src=sqlite
2026-09-30T02:11:41-10:00job:sys_stats_cycle | OK wrote /home/rootrecord/RootRecord-Ecosystem/2 - RootRecord-Database/System/samples/sys-20260930-021141.json
2026-09-30T02:12:17-10:00job:github_sync_all | — [ecosystem] no committable local changes
2026-09-30T02:12:17-10:00job:github_sync_all | ↓ [ecosystem] fetching origin/main
2026-09-30T02:12:17-10:00job:github_sync_all | From github.com:RootRecord-Software-Solutions/RootRecord-Ecosystem
2026-09-30T02:12:17-10:00job:github_sync_all | * branch            main       -> FETCH_HEAD
2026-09-30T02:12:17-10:00job:github_sync_all | — [ecosystem] local and GitHub already match
2026-09-30T02:12:17-10:00job:github_sync_all | — [ecosystem] nothing to push
2026-09-30T02:12:17-10:00job:github_sync_all | — [pacific] no local changes
2026-09-30T02:12:17-10:00job:github_sync_all | ↓ [pacific] fetching origin/main
2026-09-30T02:12:17-10:00job:github_sync_all | From github.com:RootRecord-Software-Solutions/RootRecord-Pacific-Solar-Server
2026-09-30T02:12:17-10:00job:github_sync_all | * branch            main       -> FETCH_HEAD
2026-09-30T02:12:17-10:00job:github_sync_all | — [pacific] local and GitHub already match
2026-09-30T02:12:17-10:00job:github_sync_all | — [pacific] nothing to push
2026-09-30T02:12:17-10:00job:github_sync_all | ↑ [database] committed 9 local file(s)
2026-09-30T02:12:17-10:00job:github_sync_all | ↓ [database] fetching origin/main
2026-09-30T02:12:17-10:00job:github_sync_all | From github.com:RootRecord-Software-Solutions/RootRecord-Database
2026-09-30T02:12:17-10:00job:github_sync_all | * branch            main       -> FETCH_HEAD
2026-09-30T02:12:17-10:00job:github_sync_all | ↑ [database] local is ahead of GitHub
2026-09-30T02:12:17-10:00job:github_sync_all | To github.com:RootRecord-Software-Solutions/RootRecord-Database.git
2026-09-30T02:12:17-10:00job:github_sync_all | e358956..ed7d08a  HEAD -> main
2026-09-30T02:12:17-10:00job:github_sync_all | branch 'main' set up to track 'origin/main'.
2026-09-30T02:12:17-10:00job:github_sync_all | ↑ [database] 9 files → RootRecord-Software-Solutions/RootRecord-Database (main)
2026-09-30T02:12:17-10:00job:github_sync_all | — [library] no local changes
2026-09-30T02:12:17-10:00job:github_sync_all | ↓ [library] fetching origin/main
2026-09-30T02:12:17-10:00job:github_sync_all | From github.com:RootRecord-Software-Solutions/RootRecord-Library
2026-09-30T02:12:17-10:00job:github_sync_all | * branch            main       -> FETCH_HEAD
2026-09-30T02:12:17-10:00job:github_sync_all | — [library] local and GitHub already match
2026-09-30T02:12:17-10:00job:github_sync_all | — [library] nothing to push
2026-09-30T02:12:17-10:00job:github_sync_all | ↑ [skills] committed 4 local file(s)
2026-09-30T02:12:17-10:00job:github_sync_all | ↓ [skills] fetching origin/main
2026-09-30T02:12:17-10:00job:github_sync_all | From github.com:rootrecordsoftwaresolutions/Solar-Pacific-RootRecord-Server
2026-09-30T02:12:17-10:00job:github_sync_all | * branch            main       -> FETCH_HEAD
2026-09-30T02:12:17-10:00job:github_sync_all | ↑ [skills] local is ahead of GitHub
2026-09-30T02:12:17-10:00job:github_sync_all | To github.com:rootrecordsoftwaresolutions/Solar-Pacific-RootRecord-Server.git
2026-09-30T02:12:17-10:00job:github_sync_all | 65656eb..2312a5f  HEAD -> main
2026-09-30T02:12:17-10:00job:github_sync_all | branch 'main' set up to track 'origin/main'.
2026-09-30T02:12:17-10:00job:github_sync_all | ↑ [skills] 4 files → rootrecordsoftwaresolutions/Solar-Pacific-RootRecord-Server (main)
2026-09-30T02:12:17-10:00job:worklog_scan RUN  bash "/home/rootrecord/RootRecord-Ecosystem/1 - Servers/1 - RootRecord-Pacific-Solar-Server/Reports/scripts/worklog_once.sh"
2026-09-30T02:12:22-10:00job:worklog_scan | OK wrote/updated /home/rootrecord/RootRecord-Ecosystem/2 - RootRecord-Database/Worklog/worklog_current.md
2026-09-30T02:12:22-10:00job:security_camera_frame_grab RUN  bash "/home/rootrecord/RootRecord-Ecosystem/1 - Servers/1 - RootRecord-Pacific-Solar-Server/Security/Cameras/grab_all.sh"
2026-09-30T02:12:37-10:00job:security_camera_frame_grab | 02:12:22  📷  a-eyes  ch1 → ch1-20260930T121222Z.jpg  (336.6 KB, 4.46s)
2026-09-30T02:12:37-10:00job:security_camera_frame_grab | 02:12:26  📷  a-eyes  ch2 → ch2-20260930T121226Z.jpg  (328.5 KB, 4.38s)
2026-09-30T02:12:37-10:00job:security_camera_frame_grab | 02:12:31  📷  a-eyes  ch3 → ch3-20260930T121231Z.jpg  (381.8 KB, 4.31s)
2026-09-30T02:12:37-10:00job:security_camera_frame_grab | 02:12:35  📷  a-eyes  ch4 → ch4-20260930T121235Z.jpg  (12.6 KB, 1.65s)
2026-09-30T02:12:37-10:00ENERGY  status=live  B2=1%  B1=25.7%  solar=0 W  ac=57 W  usbc=0 W  src=/home/rootrecord/RootRecord-Ecosystem/2 - RootRecord-Database/Energy  LAP=100%/Full/AC
2026-09-30T02:12:52-10:00  ▸  SUMMARY=river2pro soc=25.24% solar=0W ac_out=43W usbc=20W src=ble db=ok
2026-09-30T02:12:52-10:00job:sys_stats_cycle RUN  bash "/home/rootrecord/RootRecord-Ecosystem/1 - Servers/1 - RootRecord-Pacific-Solar-Server/System/scripts/sys-sample.sh"
2026-09-30T02:12:53-10:00job:sys_stats_cycle | SYSTEM  cpu=23%  load=2.66  mem=66%  src=sqlite
2026-09-30T02:12:53-10:00job:sys_stats_cycle | OK wrote /home/rootrecord/RootRecord-Ecosystem/2 - RootRecord-Database/System/samples/sys-20260930-021252.json
2026-09-30T02:13:28-10:00job:github_sync_all | — [ecosystem] no committable local changes
2026-09-30T02:13:28-10:00job:github_sync_all | ↓ [ecosystem] fetching origin/main
2026-09-30T02:13:28-10:00job:github_sync_all | From github.com:RootRecord-Software-Solutions/RootRecord-Ecosystem
2026-09-30T02:13:28-10:00job:github_sync_all | * branch            main       -> FETCH_HEAD
2026-09-30T02:13:28-10:00job:github_sync_all | — [ecosystem] local and GitHub already match
2026-09-30T02:13:28-10:00job:github_sync_all | — [ecosystem] nothing to push
2026-09-30T02:13:28-10:00job:github_sync_all | — [pacific] no local changes
2026-09-30T02:13:28-10:00job:github_sync_all | ↓ [pacific] fetching origin/main
2026-09-30T02:13:28-10:00job:github_sync_all | From github.com:RootRecord-Software-Solutions/RootRecord-Pacific-Solar-Server
2026-09-30T02:13:28-10:00job:github_sync_all | * branch            main       -> FETCH_HEAD
2026-09-30T02:13:28-10:00job:github_sync_all | — [pacific] local and GitHub already match
2026-09-30T02:13:28-10:00job:github_sync_all | — [pacific] nothing to push
2026-09-30T02:13:28-10:00job:github_sync_all | ↑ [database] committed 16 local file(s)
2026-09-30T02:13:28-10:00job:github_sync_all | ↓ [database] fetching origin/main
2026-09-30T02:13:28-10:00job:github_sync_all | From github.com:RootRecord-Software-Solutions/RootRecord-Database
2026-09-30T02:13:28-10:00job:github_sync_all | * branch            main       -> FETCH_HEAD
2026-09-30T02:13:28-10:00job:github_sync_all | ↑ [database] local is ahead of GitHub
2026-09-30T02:13:28-10:00job:github_sync_all | To github.com:RootRecord-Software-Solutions/RootRecord-Database.git
2026-09-30T02:13:28-10:00job:github_sync_all | ed7d08a..eb51fef  HEAD -> main
2026-09-30T02:13:28-10:00job:github_sync_all | branch 'main' set up to track 'origin/main'.
2026-09-30T02:13:28-10:00job:github_sync_all | ↑ [database] 16 files → RootRecord-Software-Solutions/RootRecord-Database (main)
2026-09-30T02:13:28-10:00job:github_sync_all | — [library] no local changes
2026-09-30T02:13:28-10:00job:github_sync_all | ↓ [library] fetching origin/main
2026-09-30T02:13:28-10:00job:github_sync_all | From github.com:RootRecord-Software-Solutions/RootRecord-Library
2026-09-30T02:13:28-10:00job:github_sync_all | * branch            main       -> FETCH_HEAD
2026-09-30T02:13:28-10:00job:github_sync_all | — [library] local and GitHub already match
2026-09-30T02:13:28-10:00job:github_sync_all | — [library] nothing to push
2026-09-30T02:13:28-10:00job:github_sync_all | ↑ [skills] committed 4 local file(s)
2026-09-30T02:13:28-10:00job:github_sync_all | ↓ [skills] fetching origin/main
2026-09-30T02:13:28-10:00job:github_sync_all | From github.com:rootrecordsoftwaresolutions/Solar-Pacific-RootRecord-Server
2026-09-30T02:13:28-10:00job:github_sync_all | * branch            main       -> FETCH_HEAD
2026-09-30T02:13:28-10:00job:github_sync_all | ↑ [skills] local is ahead of GitHub
2026-09-30T02:13:28-10:00job:github_sync_all | To github.com:rootrecordsoftwaresolutions/Solar-Pacific-RootRecord-Server.git
2026-09-30T02:13:28-10:00job:github_sync_all | 2312a5f..7887ae4  HEAD -> main
2026-09-30T02:13:28-10:00job:github_sync_all | branch 'main' set up to track 'origin/main'.
2026-09-30T02:13:28-10:00job:github_sync_all | ↑ [skills] 4 files → rootrecordsoftwaresolutions/Solar-Pacific-RootRecord-Server (main)
2026-09-30T02:13:28-10:00job:security_camera_frame_grab RUN  bash "/home/rootrecord/RootRecord-Ecosystem/1 - Servers/1 - RootRecord-Pacific-Solar-Server/Security/Cameras/grab_all.sh"
2026-09-30T02:13:44-10:00job:security_camera_frame_grab | 02:13:29  📷  a-eyes  ch1 → ch1-20260930T121329Z.jpg  (336.0 KB, 4.41s)
2026-09-30T02:13:44-10:00job:security_camera_frame_grab | 02:13:33  📷  a-eyes  ch2 → ch2-20260930T121333Z.jpg  (327.0 KB, 4.38s)
2026-09-30T02:13:44-10:00job:security_camera_frame_grab | 02:13:37  📷  a-eyes  ch3 → ch3-20260930T121337Z.jpg  (370.8 KB, 4.55s)
2026-09-30T02:13:44-10:00job:security_camera_frame_grab | 02:13:42  📷  a-eyes  ch4 → ch4-20260930T121342Z.jpg  (12.6 KB, 1.60s)
2026-09-30T02:13:44-10:00job:service_supervisor RUN  bash "/home/rootrecord/RootRecord-Ecosystem/1 - Servers/1 - RootRecord-Pacific-Solar-Server/Automations/scripts/supervise-services.sh"
2026-09-30T02:13:44-10:00job:service_supervisor | [supervisor] weather alive pid=5397 (act)
2026-09-30T02:13:44-10:00job:service_supervisor | [supervisor] relay alive pid=4374 (act)
2026-09-30T02:13:44-10:00ENERGY  status=live  B2=1%  B1=25.2%  solar=0 W  ac=57 W  usbc=0 W  src=/home/rootrecord/RootRecord-Ecosystem/2 - RootRecord-Database/Energy  LAP=100%/Full/AC
2026-09-30T02:13:55-10:00  ✗  ecoflow_read_cycle  WAITING
2026-09-30T02:13:55-10:00job:sys_stats_cycle RUN  bash "/home/rootrecord/RootRecord-Ecosystem/1 - Servers/1 - RootRecord-Pacific-Solar-Server/System/scripts/sys-sample.sh"
2026-09-30T02:13:56-10:00job:sys_stats_cycle | SYSTEM  cpu=7%  load=2.82  mem=66%  src=sqlite
2026-09-30T02:13:56-10:00job:sys_stats_cycle | OK wrote /home/rootrecord/RootRecord-Ecosystem/2 - RootRecord-Database/System/samples/sys-20260930-021355.json
2026-09-30T02:14:29-10:00job:github_sync_all | — [ecosystem] no committable local changes
2026-09-30T02:14:29-10:00job:github_sync_all | ↓ [ecosystem] fetching origin/main
2026-09-30T02:14:29-10:00job:github_sync_all | From github.com:RootRecord-Software-Solutions/RootRecord-Ecosystem
2026-09-30T02:14:29-10:00job:github_sync_all | * branch            main       -> FETCH_HEAD
2026-09-30T02:14:29-10:00job:github_sync_all | — [ecosystem] local and GitHub already match
2026-09-30T02:14:29-10:00job:github_sync_all | — [ecosystem] nothing to push
2026-09-30T02:14:29-10:00job:github_sync_all | — [pacific] no local changes
2026-09-30T02:14:29-10:00job:github_sync_all | ↓ [pacific] fetching origin/main
2026-09-30T02:14:29-10:00job:github_sync_all | From github.com:RootRecord-Software-Solutions/RootRecord-Pacific-Solar-Server
2026-09-30T02:14:29-10:00job:github_sync_all | * branch            main       -> FETCH_HEAD
2026-09-30T02:14:29-10:00job:github_sync_all | — [pacific] local and GitHub already match
2026-09-30T02:14:29-10:00job:github_sync_all | — [pacific] nothing to push
2026-09-30T02:14:29-10:00job:github_sync_all | ↑ [database] committed 9 local file(s)
2026-09-30T02:14:29-10:00job:github_sync_all | ↓ [database] fetching origin/main
2026-09-30T02:14:29-10:00job:github_sync_all | From github.com:RootRecord-Software-Solutions/RootRecord-Database
2026-09-30T02:14:29-10:00job:github_sync_all | * branch            main       -> FETCH_HEAD
2026-09-30T02:14:29-10:00job:github_sync_all | ↑ [database] local is ahead of GitHub
2026-09-30T02:14:29-10:00job:github_sync_all | To github.com:RootRecord-Software-Solutions/RootRecord-Database.git
2026-09-30T02:14:29-10:00job:github_sync_all | eb51fef..bcdc183  HEAD -> main
2026-09-30T02:14:29-10:00job:github_sync_all | branch 'main' set up to track 'origin/main'.
2026-09-30T02:14:29-10:00job:github_sync_all | ↑ [database] 9 files → RootRecord-Software-Solutions/RootRecord-Database (main)
2026-09-30T02:14:29-10:00job:github_sync_all | — [library] no local changes
2026-09-30T02:14:29-10:00job:github_sync_all | ↓ [library] fetching origin/main
2026-09-30T02:14:29-10:00job:github_sync_all | From github.com:RootRecord-Software-Solutions/RootRecord-Library
2026-09-30T02:14:29-10:00job:github_sync_all | * branch            main       -> FETCH_HEAD
2026-09-30T02:14:29-10:00job:github_sync_all | — [library] local and GitHub already match
2026-09-30T02:14:29-10:00job:github_sync_all | — [library] nothing to push
2026-09-30T02:14:29-10:00job:github_sync_all | — [skills] no local changes
2026-09-30T02:14:29-10:00job:github_sync_all | ↓ [skills] fetching origin/main
2026-09-30T02:14:29-10:00job:github_sync_all | From github.com:rootrecordsoftwaresolutions/Solar-Pacific-RootRecord-Server
2026-09-30T02:14:29-10:00job:github_sync_all | * branch            main       -> FETCH_HEAD
2026-09-30T02:14:29-10:00job:github_sync_all | — [skills] local and GitHub already match
2026-09-30T02:14:29-10:00job:github_sync_all | — [skills] nothing to push
2026-09-30T02:14:29-10:00job:worklog_scan RUN  bash "/home/rootrecord/RootRecord-Ecosystem/1 - Servers/1 - RootRecord-Pacific-Solar-Server/Reports/scripts/worklog_once.sh"
2026-09-30T02:14:33-10:00job:worklog_scan | OK wrote/updated /home/rootrecord/RootRecord-Ecosystem/2 - RootRecord-Database/Worklog/worklog_current.md
2026-09-30T02:14:33-10:00job:security_camera_frame_grab RUN  bash "/home/rootrecord/RootRecord-Ecosystem/1 - Servers/1 - RootRecord-Pacific-Solar-Server/Security/Cameras/grab_all.sh"
2026-09-30T02:14:48-10:00job:security_camera_frame_grab | 02:14:33  📷  a-eyes  ch1 → ch1-20260930T121433Z.jpg  (336.6 KB, 4.23s)
2026-09-30T02:14:48-10:00job:security_camera_frame_grab | 02:14:37  📷  a-eyes  ch2 → ch2-20260930T121437Z.jpg  (326.4 KB, 4.34s)
2026-09-30T02:14:48-10:00job:security_camera_frame_grab | 02:14:42  📷  a-eyes  ch3 → ch3-20260930T121442Z.jpg  (373.4 KB, 4.41s)
2026-09-30T02:14:48-10:00job:security_camera_frame_grab | 02:14:46  📷  a-eyes  ch4 → ch4-20260930T121446Z.jpg  (12.5 KB, 1.58s)
2026-09-30T02:14:48-10:00ENERGY  status=live  B2=1%  B1=25.2%  solar=0 W  ac=57 W  usbc=0 W  src=/home/rootrecord/RootRecord-Ecosystem/2 - RootRecord-Database/Energy  LAP=100%/Full/AC
2026-09-30T02:15:03-10:00  ▸  SUMMARY=river2pro soc=24.79% solar=0W ac_out=41W usbc=17W src=ble db=ok
2026-09-30T02:15:03-10:00job:sys_stats_cycle RUN  bash "/home/rootrecord/RootRecord-Ecosystem/1 - Servers/1 - RootRecord-Pacific-Solar-Server/System/scripts/sys-sample.sh"
2026-09-30T02:15:04-10:00job:sys_stats_cycle | SYSTEM  cpu=5%  load=3.15  mem=67%  src=sqlite
2026-09-30T02:15:04-10:00job:sys_stats_cycle | OK wrote /home/rootrecord/RootRecord-Ecosystem/2 - RootRecord-Database/System/samples/sys-20260930-021503.json
2026-09-30T02:15:43-10:00job:github_sync_all | ↑ [ecosystem] committed 4 local file(s)
2026-09-30T02:15:43-10:00job:github_sync_all | ↓ [ecosystem] fetching origin/main
2026-09-30T02:15:43-10:00job:github_sync_all | From github.com:RootRecord-Software-Solutions/RootRecord-Ecosystem
2026-09-30T02:15:43-10:00job:github_sync_all | * branch            main       -> FETCH_HEAD
2026-09-30T02:15:43-10:00job:github_sync_all | ↑ [ecosystem] local is ahead of GitHub
2026-09-30T02:15:43-10:00job:github_sync_all | To github.com:RootRecord-Software-Solutions/RootRecord-Ecosystem.git
2026-09-30T02:15:43-10:00job:github_sync_all | dc1095d..e11e9ca  HEAD -> main
2026-09-30T02:15:43-10:00job:github_sync_all | branch 'main' set up to track 'origin/main'.
2026-09-30T02:15:43-10:00job:github_sync_all | ↑ [ecosystem] 4 files → RootRecord-Software-Solutions/RootRecord-Ecosystem (main)
2026-09-30T02:15:43-10:00job:github_sync_all | ↑ [pacific] committed 4 local file(s)
2026-09-30T02:15:43-10:00job:github_sync_all | ↓ [pacific] fetching origin/main
2026-09-30T02:15:43-10:00job:github_sync_all | From github.com:RootRecord-Software-Solutions/RootRecord-Pacific-Solar-Server
2026-09-30T02:15:43-10:00job:github_sync_all | * branch            main       -> FETCH_HEAD
2026-09-30T02:15:43-10:00job:github_sync_all | ↑ [pacific] local is ahead of GitHub
2026-09-30T02:15:43-10:00job:github_sync_all | To github.com:RootRecord-Software-Solutions/RootRecord-Pacific-Solar-Server.git
2026-09-30T02:15:43-10:00job:github_sync_all | fca36fa..4ac1744  HEAD -> main
2026-09-30T02:15:43-10:00job:github_sync_all | branch 'main' set up to track 'origin/main'.
2026-09-30T02:15:43-10:00job:github_sync_all | ↑ [pacific] 4 files → RootRecord-Software-Solutions/RootRecord-Pacific-Solar-Server (main)
2026-09-30T02:15:43-10:00job:github_sync_all | ↑ [database] committed 18 local file(s)
2026-09-30T02:15:43-10:00job:github_sync_all | ↓ [database] fetching origin/main
2026-09-30T02:15:43-10:00job:github_sync_all | From github.com:RootRecord-Software-Solutions/RootRecord-Database
2026-09-30T02:15:43-10:00job:github_sync_all | * branch            main       -> FETCH_HEAD
2026-09-30T02:15:43-10:00job:github_sync_all | ↑ [database] local is ahead of GitHub
2026-09-30T02:15:43-10:00job:github_sync_all | To github.com:RootRecord-Software-Solutions/RootRecord-Database.git
2026-09-30T02:15:43-10:00job:github_sync_all | bcdc183..edd5ebb  HEAD -> main
2026-09-30T02:15:43-10:00job:github_sync_all | branch 'main' set up to track 'origin/main'.
2026-09-30T02:15:43-10:00job:github_sync_all | ↑ [database] 18 files → RootRecord-Software-Solutions/RootRecord-Database (main)
2026-09-30T02:15:43-10:00job:github_sync_all | — [library] no local changes
2026-09-30T02:15:43-10:00job:github_sync_all | ↓ [library] fetching origin/main
2026-09-30T02:15:43-10:00job:github_sync_all | From github.com:RootRecord-Software-Solutions/RootRecord-Library
2026-09-30T02:15:43-10:00job:github_sync_all | * branch            main       -> FETCH_HEAD
2026-09-30T02:15:43-10:00job:github_sync_all | — [library] local and GitHub already match
2026-09-30T02:15:43-10:00job:github_sync_all | — [library] nothing to push
2026-09-30T02:15:43-10:00job:github_sync_all | — [skills] no local changes
2026-09-30T02:15:43-10:00job:github_sync_all | ↓ [skills] fetching origin/main
2026-09-30T02:15:43-10:00job:github_sync_all | From github.com:rootrecordsoftwaresolutions/Solar-Pacific-RootRecord-Server
2026-09-30T02:15:43-10:00job:github_sync_all | * branch            main       -> FETCH_HEAD
2026-09-30T02:15:43-10:00job:github_sync_all | — [skills] local and GitHub already match
2026-09-30T02:15:43-10:00job:github_sync_all | — [skills] nothing to push
2026-09-30T02:15:43-10:00job:security_camera_frame_grab RUN  bash "/home/rootrecord/RootRecord-Ecosystem/1 - Servers/1 - RootRecord-Pacific-Solar-Server/Security/Cameras/grab_all.sh"
2026-09-30T02:15:57-10:00job:security_camera_frame_grab | 02:15:43  📷  a-eyes  ch1 → ch1-20260930T121543Z.jpg  (336.7 KB, 4.33s)
2026-09-30T02:15:57-10:00job:security_camera_frame_grab | 02:15:47  📷  a-eyes  ch2 → ch2-20260930T121547Z.jpg  (325.4 KB, 4.37s)
2026-09-30T02:15:57-10:00job:security_camera_frame_grab | 02:15:51  📷  a-eyes  ch3 → ch3-20260930T121551Z.jpg  (378.5 KB, 4.35s)
2026-09-30T02:15:57-10:00job:security_camera_frame_grab | 02:15:56  📷  a-eyes  ch4 → ch4-20260930T121556Z.jpg  (12.6 KB, 1.56s)
2026-09-30T02:15:58-10:00ENERGY  status=live  B2=1%  B1=24.8%  solar=0 W  ac=57 W  usbc=0 W  src=/home/rootrecord/RootRecord-Ecosystem/2 - RootRecord-Database/Energy  LAP=100%/Full/AC
2026-09-30T02:16:13-10:00  ▸  SUMMARY=river2pro soc=24.56% solar=0W ac_out=38W usbc=17W src=ble db=ok
2026-09-30T02:16:13-10:00job:sys_stats_cycle RUN  bash "/home/rootrecord/RootRecord-Ecosystem/1 - Servers/1 - RootRecord-Pacific-Solar-Server/System/scripts/sys-sample.sh"
2026-09-30T02:16:13-10:00job:sys_stats_cycle | SYSTEM  cpu=9%  load=3.05  mem=67%  src=sqlite
2026-09-30T02:16:13-10:00job:sys_stats_cycle | OK wrote /home/rootrecord/RootRecord-Ecosystem/2 - RootRecord-Database/System/samples/sys-20260930-021613.json
2026-09-30T02:16:55-10:00job:github_sync_all | ↑ [ecosystem] committed 6 local file(s)
2026-09-30T02:16:55-10:00job:github_sync_all | ↓ [ecosystem] fetching origin/main
2026-09-30T02:16:55-10:00job:github_sync_all | From github.com:RootRecord-Software-Solutions/RootRecord-Ecosystem
2026-09-30T02:16:55-10:00job:github_sync_all | * branch            main       -> FETCH_HEAD
2026-09-30T02:16:55-10:00job:github_sync_all | ↑ [ecosystem] local is ahead of GitHub
2026-09-30T02:16:55-10:00job:github_sync_all | To github.com:RootRecord-Software-Solutions/RootRecord-Ecosystem.git
2026-09-30T02:16:55-10:00job:github_sync_all | e11e9ca..64c97c4  HEAD -> main
2026-09-30T02:16:55-10:00job:github_sync_all | branch 'main' set up to track 'origin/main'.
2026-09-30T02:16:55-10:00job:github_sync_all | ↑ [ecosystem] 6 files → RootRecord-Software-Solutions/RootRecord-Ecosystem (main)
2026-09-30T02:16:55-10:00job:github_sync_all | ↑ [pacific] committed 5 local file(s)
2026-09-30T02:16:55-10:00job:github_sync_all | ↓ [pacific] fetching origin/main
2026-09-30T02:16:55-10:00job:github_sync_all | From github.com:RootRecord-Software-Solutions/RootRecord-Pacific-Solar-Server
2026-09-30T02:16:55-10:00job:github_sync_all | * branch            main       -> FETCH_HEAD
2026-09-30T02:16:55-10:00job:github_sync_all | ↑ [pacific] local is ahead of GitHub
2026-09-30T02:16:55-10:00job:github_sync_all | To github.com:RootRecord-Software-Solutions/RootRecord-Pacific-Solar-Server.git
2026-09-30T02:16:55-10:00job:github_sync_all | 4ac1744..1617b29  HEAD -> main
2026-09-30T02:16:55-10:00job:github_sync_all | branch 'main' set up to track 'origin/main'.
2026-09-30T02:16:55-10:00job:github_sync_all | ↑ [pacific] 5 files → RootRecord-Software-Solutions/RootRecord-Pacific-Solar-Server (main)
2026-09-30T02:16:55-10:00job:github_sync_all | ↑ [database] committed 12 local file(s)
2026-09-30T02:16:55-10:00job:github_sync_all | ↓ [database] fetching origin/main
2026-09-30T02:16:55-10:00job:github_sync_all | From github.com:RootRecord-Software-Solutions/RootRecord-Database
2026-09-30T02:16:55-10:00job:github_sync_all | * branch            main       -> FETCH_HEAD
2026-09-30T02:16:55-10:00job:github_sync_all | ↑ [database] local is ahead of GitHub
2026-09-30T02:16:55-10:00job:github_sync_all | To github.com:RootRecord-Software-Solutions/RootRecord-Database.git
2026-09-30T02:16:55-10:00job:github_sync_all | edd5ebb..baa6d12  HEAD -> main
2026-09-30T02:16:55-10:00job:github_sync_all | branch 'main' set up to track 'origin/main'.
2026-09-30T02:16:55-10:00job:github_sync_all | ↑ [database] 12 files → RootRecord-Software-Solutions/RootRecord-Database (main)
2026-09-30T02:16:55-10:00job:github_sync_all | — [library] no local changes
2026-09-30T02:16:55-10:00job:github_sync_all | ↓ [library] fetching origin/main
2026-09-30T02:16:55-10:00job:github_sync_all | From github.com:RootRecord-Software-Solutions/RootRecord-Library
2026-09-30T02:16:55-10:00job:github_sync_all | * branch            main       -> FETCH_HEAD
2026-09-30T02:16:55-10:00job:github_sync_all | — [library] local and GitHub already match
2026-09-30T02:16:55-10:00job:github_sync_all | — [library] nothing to push
2026-09-30T02:16:55-10:00job:github_sync_all | ↑ [skills] committed 2 local file(s)
2026-09-30T02:16:55-10:00job:github_sync_all | ↓ [skills] fetching origin/main
2026-09-30T02:16:55-10:00job:github_sync_all | From github.com:rootrecordsoftwaresolutions/Solar-Pacific-RootRecord-Server
2026-09-30T02:16:55-10:00job:github_sync_all | * branch            main       -> FETCH_HEAD
2026-09-30T02:16:55-10:00job:github_sync_all | ↑ [skills] local is ahead of GitHub
2026-09-30T02:16:55-10:00job:github_sync_all | To github.com:rootrecordsoftwaresolutions/Solar-Pacific-RootRecord-Server.git
2026-09-30T02:16:55-10:00job:github_sync_all | 7887ae4..6483586  HEAD -> main
2026-09-30T02:16:55-10:00job:worklog_scan RUN  bash "/home/rootrecord/RootRecord-Ecosystem/1 - Servers/1 - RootRecord-Pacific-Solar-Server/Reports/scripts/worklog_once.sh"
2026-09-30T02:17:00-10:00job:worklog_scan | OK wrote/updated /home/rootrecord/RootRecord-Ecosystem/2 - RootRecord-Database/Worklog/worklog_current.md
2026-09-30T02:17:00-10:00job:security_camera_frame_grab RUN  bash "/home/rootrecord/RootRecord-Ecosystem/1 - Servers/1 - RootRecord-Pacific-Solar-Server/Security/Cameras/grab_all.sh"
2026-09-30T02:17:15-10:00job:security_camera_frame_grab | 02:17:00  📷  a-eyes  ch1 → ch1-20260930T121700Z.jpg  (336.0 KB, 4.45s)
2026-09-30T02:17:15-10:00job:security_camera_frame_grab | 02:17:04  📷  a-eyes  ch2 → ch2-20260930T121704Z.jpg  (327.1 KB, 4.59s)
2026-09-30T02:17:15-10:00job:security_camera_frame_grab | 02:17:09  📷  a-eyes  ch3 → ch3-20260930T121709Z.jpg  (376.0 KB, 4.27s)
2026-09-30T02:17:15-10:00job:security_camera_frame_grab | 02:17:13  📷  a-eyes  ch4 → ch4-20260930T121713Z.jpg  (12.5 KB, 1.59s)
2026-09-30T02:17:15-10:00ENERGY  status=live  B2=1%  B1=24.6%  solar=0 W  ac=57 W  usbc=0 W  src=/home/rootrecord/RootRecord-Ecosystem/2 - RootRecord-Database/Energy  LAP=100%/Full/AC
2026-09-30T02:17:30-10:00  ▸  SUMMARY=river2pro soc=24.31% solar=0W ac_out=35W usbc=17W src=ble db=ok
2026-09-30T02:17:30-10:00job:sys_stats_cycle RUN  bash "/home/rootrecord/RootRecord-Ecosystem/1 - Servers/1 - RootRecord-Pacific-Solar-Server/System/scripts/sys-sample.sh"
2026-09-30T02:17:31-10:00job:sys_stats_cycle | SYSTEM  cpu=9%  load=1.92  mem=65%  src=sqlite
2026-09-30T02:17:31-10:00job:sys_stats_cycle | OK wrote /home/rootrecord/RootRecord-Ecosystem/2 - RootRecord-Database/System/samples/sys-20260930-021730.json
2026-09-30T02:18:13-10:00job:github_sync_all | ↑ [ecosystem] committed 8 local file(s)
2026-09-30T02:18:13-10:00job:github_sync_all | ↓ [ecosystem] fetching origin/main
2026-09-30T02:18:13-10:00job:github_sync_all | From github.com:RootRecord-Software-Solutions/RootRecord-Ecosystem
2026-09-30T02:18:13-10:00job:github_sync_all | * branch            main       -> FETCH_HEAD
2026-09-30T02:18:13-10:00job:github_sync_all | ↑ [ecosystem] local is ahead of GitHub
2026-09-30T02:18:13-10:00job:github_sync_all | To github.com:RootRecord-Software-Solutions/RootRecord-Ecosystem.git
2026-09-30T02:18:13-10:00job:github_sync_all | 64c97c4..fc3450d  HEAD -> main
2026-09-30T02:18:13-10:00job:github_sync_all | branch 'main' set up to track 'origin/main'.
2026-09-30T02:18:13-10:00job:github_sync_all | ↑ [ecosystem] 8 files → RootRecord-Software-Solutions/RootRecord-Ecosystem (main)
2026-09-30T02:18:13-10:00job:github_sync_all | ↑ [pacific] committed 8 local file(s)
2026-09-30T02:18:13-10:00job:github_sync_all | ↓ [pacific] fetching origin/main
2026-09-30T02:18:13-10:00job:github_sync_all | From github.com:RootRecord-Software-Solutions/RootRecord-Pacific-Solar-Server
2026-09-30T02:18:13-10:00job:github_sync_all | * branch            main       -> FETCH_HEAD
2026-09-30T02:18:13-10:00job:github_sync_all | ↑ [pacific] local is ahead of GitHub
2026-09-30T02:18:13-10:00job:github_sync_all | To github.com:RootRecord-Software-Solutions/RootRecord-Pacific-Solar-Server.git
2026-09-30T02:18:13-10:00job:github_sync_all | 1617b29..68cc0c0  HEAD -> main
2026-09-30T02:18:13-10:00job:github_sync_all | branch 'main' set up to track 'origin/main'.
2026-09-30T02:18:13-10:00job:github_sync_all | ↑ [pacific] 8 files → RootRecord-Software-Solutions/RootRecord-Pacific-Solar-Server (main)
2026-09-30T02:18:13-10:00job:github_sync_all | ↑ [database] committed 16 local file(s)
2026-09-30T02:18:13-10:00job:github_sync_all | ↓ [database] fetching origin/main
2026-09-30T02:18:13-10:00job:github_sync_all | From github.com:RootRecord-Software-Solutions/RootRecord-Database
2026-09-30T02:18:13-10:00job:github_sync_all | * branch            main       -> FETCH_HEAD
2026-09-30T02:18:13-10:00job:github_sync_all | ↑ [database] local is ahead of GitHub
2026-09-30T02:18:13-10:00job:github_sync_all | To github.com:RootRecord-Software-Solutions/RootRecord-Database.git
2026-09-30T02:18:13-10:00job:github_sync_all | baa6d12..d8a4ea8  HEAD -> main
2026-09-30T02:18:13-10:00job:github_sync_all | branch 'main' set up to track 'origin/main'.
2026-09-30T02:18:13-10:00job:github_sync_all | ↑ [database] 16 files → RootRecord-Software-Solutions/RootRecord-Database (main)
2026-09-30T02:18:13-10:00job:github_sync_all | — [library] no local changes
2026-09-30T02:18:13-10:00job:github_sync_all | ↓ [library] fetching origin/main
2026-09-30T02:18:13-10:00job:github_sync_all | From github.com:RootRecord-Software-Solutions/RootRecord-Library
2026-09-30T02:18:13-10:00job:github_sync_all | * branch            main       -> FETCH_HEAD
2026-09-30T02:18:13-10:00job:github_sync_all | — [library] local and GitHub already match
2026-09-30T02:18:13-10:00job:github_sync_all | — [library] nothing to push
2026-09-30T02:18:13-10:00job:github_sync_all | — [skills] no local changes
2026-09-30T02:18:13-10:00job:github_sync_all | ↓ [skills] fetching origin/main
2026-09-30T02:18:13-10:00job:github_sync_all | From github.com:rootrecordsoftwaresolutions/Solar-Pacific-RootRecord-Server
2026-09-30T02:18:13-10:00job:github_sync_all | * branch            main       -> FETCH_HEAD
2026-09-30T02:18:13-10:00job:github_sync_all | — [skills] local and GitHub already match
2026-09-30T02:18:13-10:00job:github_sync_all | — [skills] nothing to push
2026-09-30T02:18:13-10:00job:security_camera_frame_grab RUN  bash "/home/rootrecord/RootRecord-Ecosystem/1 - Servers/1 - RootRecord-Pacific-Solar-Server/Security/Cameras/grab_all.sh"
2026-09-30T02:18:28-10:00job:security_camera_frame_grab | 02:18:13  📷  a-eyes  ch1 → ch1-20260930T121813Z.jpg  (337.6 KB, 4.33s)
2026-09-30T02:18:28-10:00job:security_camera_frame_grab | 02:18:18  📷  a-eyes  ch2 → ch2-20260930T121818Z.jpg  (328.2 KB, 4.50s)
2026-09-30T02:18:28-10:00job:security_camera_frame_grab | 02:18:22  📷  a-eyes  ch3 → ch3-20260930T121822Z.jpg  (393.0 KB, 4.28s)
2026-09-30T02:18:28-10:00job:security_camera_frame_grab | 02:18:26  📷  a-eyes  ch4 → ch4-20260930T121826Z.jpg  (12.5 KB, 1.51s)
2026-09-30T02:18:28-10:00ENERGY  status=live  B2=1%  B1=24.3%  solar=0 W  ac=57 W  usbc=0 W  src=/home/rootrecord/RootRecord-Ecosystem/2 - RootRecord-Database/Energy  LAP=100%/Full/AC
2026-09-30T02:18:43-10:00  ▸  SUMMARY=river2pro soc=24.08% solar=0W ac_out=40W usbc=17W src=ble db=ok
2026-09-30T02:18:43-10:00job:sys_stats_cycle RUN  bash "/home/rootrecord/RootRecord-Ecosystem/1 - Servers/1 - RootRecord-Pacific-Solar-Server/System/scripts/sys-sample.sh"
2026-09-30T02:18:44-10:00job:sys_stats_cycle | SYSTEM  cpu=6%  load=1.11  mem=65%  src=sqlite
2026-09-30T02:18:44-10:00job:sys_stats_cycle | OK wrote /home/rootrecord/RootRecord-Ecosystem/2 - RootRecord-Database/System/samples/sys-20260930-021843.json
2026-09-30T02:19:18-10:00job:github_sync_all | — [ecosystem] no committable local changes
2026-09-30T02:19:18-10:00job:github_sync_all | ↓ [ecosystem] fetching origin/main
2026-09-30T02:19:18-10:00job:github_sync_all | From github.com:RootRecord-Software-Solutions/RootRecord-Ecosystem
2026-09-30T02:19:18-10:00job:github_sync_all | * branch            main       -> FETCH_HEAD
2026-09-30T02:19:18-10:00job:github_sync_all | — [ecosystem] local and GitHub already match
2026-09-30T02:19:18-10:00job:github_sync_all | — [ecosystem] nothing to push
2026-09-30T02:19:18-10:00job:github_sync_all | — [pacific] no local changes
2026-09-30T02:19:18-10:00job:github_sync_all | ↓ [pacific] fetching origin/main
2026-09-30T02:19:18-10:00job:github_sync_all | From github.com:RootRecord-Software-Solutions/RootRecord-Pacific-Solar-Server
2026-09-30T02:19:18-10:00job:github_sync_all | * branch            main       -> FETCH_HEAD
2026-09-30T02:19:18-10:00job:github_sync_all | — [pacific] local and GitHub already match
2026-09-30T02:19:18-10:00job:github_sync_all | — [pacific] nothing to push
2026-09-30T02:19:18-10:00job:github_sync_all | ↑ [database] committed 12 local file(s)
2026-09-30T02:19:18-10:00job:github_sync_all | ↓ [database] fetching origin/main
2026-09-30T02:19:18-10:00job:github_sync_all | From github.com:RootRecord-Software-Solutions/RootRecord-Database
2026-09-30T02:19:18-10:00job:github_sync_all | * branch            main       -> FETCH_HEAD
2026-09-30T02:19:18-10:00job:github_sync_all | ↑ [database] local is ahead of GitHub
2026-09-30T02:19:18-10:00job:github_sync_all | To github.com:RootRecord-Software-Solutions/RootRecord-Database.git
2026-09-30T02:19:18-10:00job:github_sync_all | d8a4ea8..b4429a2  HEAD -> main
2026-09-30T02:19:18-10:00job:github_sync_all | branch 'main' set up to track 'origin/main'.
2026-09-30T02:19:18-10:00job:github_sync_all | ↑ [database] 12 files → RootRecord-Software-Solutions/RootRecord-Database (main)
2026-09-30T02:19:18-10:00job:github_sync_all | — [library] no local changes
2026-09-30T02:19:18-10:00job:github_sync_all | ↓ [library] fetching origin/main
2026-09-30T02:19:18-10:00job:github_sync_all | From github.com:RootRecord-Software-Solutions/RootRecord-Library
2026-09-30T02:19:18-10:00job:github_sync_all | * branch            main       -> FETCH_HEAD
2026-09-30T02:19:18-10:00job:github_sync_all | — [library] local and GitHub already match
2026-09-30T02:19:18-10:00job:github_sync_all | — [library] nothing to push
2026-09-30T02:19:18-10:00job:github_sync_all | — [skills] no local changes
2026-09-30T02:19:18-10:00job:github_sync_all | ↓ [skills] fetching origin/main
2026-09-30T02:19:18-10:00job:github_sync_all | From github.com:rootrecordsoftwaresolutions/Solar-Pacific-RootRecord-Server
2026-09-30T02:19:18-10:00job:github_sync_all | * branch            main       -> FETCH_HEAD
2026-09-30T02:19:18-10:00job:github_sync_all | — [skills] local and GitHub already match
2026-09-30T02:19:18-10:00job:github_sync_all | — [skills] nothing to push
2026-09-30T02:19:18-10:00job:worklog_scan RUN  bash "/home/rootrecord/RootRecord-Ecosystem/1 - Servers/1 - RootRecord-Pacific-Solar-Server/Reports/scripts/worklog_once.sh"
2026-09-30T02:19:25-10:00job:worklog_scan | OK wrote/updated /home/rootrecord/RootRecord-Ecosystem/2 - RootRecord-Database/Worklog/worklog_current.md
2026-09-30T02:19:25-10:00job:security_camera_frame_grab RUN  bash "/home/rootrecord/RootRecord-Ecosystem/1 - Servers/1 - RootRecord-Pacific-Solar-Server/Security/Cameras/grab_all.sh"
2026-09-30T02:19:40-10:00job:security_camera_frame_grab | 02:19:25  📷  a-eyes  ch1 → ch1-20260930T121925Z.jpg  (337.1 KB, 4.55s)
2026-09-30T02:19:40-10:00job:security_camera_frame_grab | 02:19:30  📷  a-eyes  ch2 → ch2-20260930T121930Z.jpg  (326.8 KB, 4.72s)
2026-09-30T02:19:40-10:00job:security_camera_frame_grab | 02:19:34  📷  a-eyes  ch3 → ch3-20260930T121934Z.jpg  (380.7 KB, 4.39s)
2026-09-30T02:19:40-10:00job:security_camera_frame_grab | 02:19:39  📷  a-eyes  ch4 → ch4-20260930T121939Z.jpg  (12.6 KB, 1.57s)
2026-09-30T02:19:40-10:00job:service_supervisor RUN  bash "/home/rootrecord/RootRecord-Ecosystem/1 - Servers/1 - RootRecord-Pacific-Solar-Server/Automations/scripts/supervise-services.sh"
2026-09-30T02:19:40-10:00job:service_supervisor | [supervisor] weather alive pid=5397 304140 304463 305661 305866 308654 309134 309348 309668 313159 (act)
2026-09-30T02:19:40-10:00job:service_supervisor | [supervisor] relay alive pid=4374 (act)
2026-09-30T02:19:41-10:00ENERGY  status=live  B2=1%  B1=24.1%  solar=0 W  ac=57 W  usbc=0 W  src=/home/rootrecord/RootRecord-Ecosystem/2 - RootRecord-Database/Energy  LAP=100%/Full/AC
2026-09-30T02:19:51-10:00  ✗  ecoflow_read_cycle  WAITING
2026-09-30T02:19:51-10:00job:sys_stats_cycle RUN  bash "/home/rootrecord/RootRecord-Ecosystem/1 - Servers/1 - RootRecord-Pacific-Solar-Server/System/scripts/sys-sample.sh"
2026-09-30T02:19:52-10:00job:sys_stats_cycle | SYSTEM  cpu=4%  load=0.75  mem=65%  src=sqlite
2026-09-30T02:19:52-10:00job:sys_stats_cycle | OK wrote /home/rootrecord/RootRecord-Ecosystem/2 - RootRecord-Database/System/samples/sys-20260930-021952.json
2026-09-30T02:20:25-10:00job:github_sync_all | — [ecosystem] no committable local changes
2026-09-30T02:20:25-10:00job:github_sync_all | ↓ [ecosystem] fetching origin/main
2026-09-30T02:20:25-10:00job:github_sync_all | From github.com:RootRecord-Software-Solutions/RootRecord-Ecosystem
2026-09-30T02:20:25-10:00job:github_sync_all | * branch            main       -> FETCH_HEAD
2026-09-30T02:20:25-10:00job:github_sync_all | — [ecosystem] local and GitHub already match
2026-09-30T02:20:25-10:00job:github_sync_all | — [ecosystem] nothing to push
2026-09-30T02:20:25-10:00job:github_sync_all | — [pacific] no local changes
2026-09-30T02:20:25-10:00job:github_sync_all | ↓ [pacific] fetching origin/main
2026-09-30T02:20:25-10:00job:github_sync_all | From github.com:RootRecord-Software-Solutions/RootRecord-Pacific-Solar-Server
2026-09-30T02:20:25-10:00job:github_sync_all | * branch            main       -> FETCH_HEAD
2026-09-30T02:20:25-10:00job:github_sync_all | — [pacific] local and GitHub already match
2026-09-30T02:20:25-10:00job:github_sync_all | — [pacific] nothing to push
2026-09-30T02:20:25-10:00job:github_sync_all | ↑ [database] committed 13 local file(s)
2026-09-30T02:20:25-10:00job:github_sync_all | ↓ [database] fetching origin/main
2026-09-30T02:20:25-10:00job:github_sync_all | From github.com:RootRecord-Software-Solutions/RootRecord-Database
2026-09-30T02:20:25-10:00job:github_sync_all | * branch            main       -> FETCH_HEAD
2026-09-30T02:20:25-10:00job:github_sync_all | ↑ [database] local is ahead of GitHub
2026-09-30T02:20:25-10:00job:github_sync_all | To github.com:RootRecord-Software-Solutions/RootRecord-Database.git
2026-09-30T02:20:25-10:00job:github_sync_all | b4429a2..cad20dc  HEAD -> main
2026-09-30T02:20:25-10:00job:github_sync_all | branch 'main' set up to track 'origin/main'.
2026-09-30T02:20:25-10:00job:github_sync_all | ↑ [database] 13 files → RootRecord-Software-Solutions/RootRecord-Database (main)
2026-09-30T02:20:25-10:00job:github_sync_all | — [library] no local changes
2026-09-30T02:20:25-10:00job:github_sync_all | ↓ [library] fetching origin/main
2026-09-30T02:20:25-10:00job:github_sync_all | From github.com:RootRecord-Software-Solutions/RootRecord-Library
2026-09-30T02:20:25-10:00job:github_sync_all | * branch            main       -> FETCH_HEAD
2026-09-30T02:20:25-10:00job:github_sync_all | — [library] local and GitHub already match
2026-09-30T02:20:25-10:00job:github_sync_all | — [library] nothing to push
2026-09-30T02:20:25-10:00job:github_sync_all | — [skills] no local changes
2026-09-30T02:20:25-10:00job:github_sync_all | ↓ [skills] fetching origin/main
2026-09-30T02:20:25-10:00job:github_sync_all | From github.com:rootrecordsoftwaresolutions/Solar-Pacific-RootRecord-Server
2026-09-30T02:20:25-10:00job:github_sync_all | * branch            main       -> FETCH_HEAD
2026-09-30T02:20:25-10:00job:github_sync_all | — [skills] local and GitHub already match
2026-09-30T02:20:25-10:00job:github_sync_all | — [skills] nothing to push
2026-09-30T02:20:25-10:00job:security_camera_frame_grab RUN  bash "/home/rootrecord/RootRecord-Ecosystem/1 - Servers/1 - RootRecord-Pacific-Solar-Server/Security/Cameras/grab_all.sh"
2026-09-30T02:20:40-10:00job:security_camera_frame_grab | 02:20:25  📷  a-eyes  ch1 → ch1-20260930T122025Z.jpg  (337.7 KB, 4.39s)
2026-09-30T02:20:40-10:00job:security_camera_frame_grab | 02:20:29  📷  a-eyes  ch2 → ch2-20260930T122029Z.jpg  (326.1 KB, 4.24s)
2026-09-30T02:20:40-10:00job:security_camera_frame_grab | 02:20:34  📷  a-eyes  ch3 → ch3-20260930T122034Z.jpg  (383.0 KB, 4.38s)
2026-09-30T02:20:40-10:00job:security_camera_frame_grab | 02:20:38  📷  a-eyes  ch4 → ch4-20260930T122038Z.jpg  (12.7 KB, 1.64s)
2026-09-30T02:20:50-10:00  ✗  ecoflow_read_cycle  WAITING
2026-09-30T02:20:50-10:00job:sys_stats_cycle RUN  bash "/home/rootrecord/RootRecord-Ecosystem/1 - Servers/1 - RootRecord-Pacific-Solar-Server/System/scripts/sys-sample.sh"
2026-09-30T02:20:51-10:00job:sys_stats_cycle | SYSTEM  cpu=29%  load=0.90  mem=66%  src=sqlite
2026-09-30T02:20:51-10:00job:sys_stats_cycle | OK wrote /home/rootrecord/RootRecord-Ecosystem/2 - RootRecord-Database/System/samples/sys-20260930-022051.json
2026-09-30T02:21:25-10:00job:github_sync_all | — [ecosystem] no committable local changes
2026-09-30T02:21:25-10:00job:github_sync_all | ↓ [ecosystem] fetching origin/main
2026-09-30T02:21:25-10:00job:github_sync_all | From github.com:RootRecord-Software-Solutions/RootRecord-Ecosystem
2026-09-30T02:21:25-10:00job:github_sync_all | * branch            main       -> FETCH_HEAD
2026-09-30T02:21:25-10:00job:github_sync_all | — [ecosystem] local and GitHub already match
2026-09-30T02:21:25-10:00job:github_sync_all | — [ecosystem] nothing to push
2026-09-30T02:21:25-10:00job:github_sync_all | — [pacific] no local changes
2026-09-30T02:21:25-10:00job:github_sync_all | ↓ [pacific] fetching origin/main
2026-09-30T02:21:25-10:00job:github_sync_all | From github.com:RootRecord-Software-Solutions/RootRecord-Pacific-Solar-Server
2026-09-30T02:21:25-10:00job:github_sync_all | * branch            main       -> FETCH_HEAD
2026-09-30T02:21:25-10:00job:github_sync_all | — [pacific] local and GitHub already match
2026-09-30T02:21:25-10:00job:github_sync_all | — [pacific] nothing to push
2026-09-30T02:21:25-10:00job:github_sync_all | ↑ [database] committed 10 local file(s)
2026-09-30T02:21:25-10:00job:github_sync_all | ↓ [database] fetching origin/main
2026-09-30T02:21:25-10:00job:github_sync_all | From github.com:RootRecord-Software-Solutions/RootRecord-Database
2026-09-30T02:21:25-10:00job:github_sync_all | * branch            main       -> FETCH_HEAD
2026-09-30T02:21:25-10:00job:github_sync_all | ↑ [database] local is ahead of GitHub
2026-09-30T02:21:25-10:00job:github_sync_all | To github.com:RootRecord-Software-Solutions/RootRecord-Database.git
2026-09-30T02:21:25-10:00job:github_sync_all | cad20dc..642e277  HEAD -> main
2026-09-30T02:21:25-10:00job:github_sync_all | branch 'main' set up to track 'origin/main'.
2026-09-30T02:21:25-10:00job:github_sync_all | ↑ [database] 10 files → RootRecord-Software-Solutions/RootRecord-Database (main)
2026-09-30T02:21:25-10:00job:github_sync_all | — [library] no local changes
2026-09-30T02:21:25-10:00job:github_sync_all | ↓ [library] fetching origin/main
2026-09-30T02:21:25-10:00job:github_sync_all | From github.com:RootRecord-Software-Solutions/RootRecord-Library
2026-09-30T02:21:25-10:00job:github_sync_all | * branch            main       -> FETCH_HEAD
2026-09-30T02:21:25-10:00job:github_sync_all | — [library] local and GitHub already match
2026-09-30T02:21:25-10:00job:github_sync_all | — [library] nothing to push
2026-09-30T02:21:25-10:00job:github_sync_all | — [skills] no local changes
2026-09-30T02:21:25-10:00job:github_sync_all | ↓ [skills] fetching origin/main
2026-09-30T02:21:25-10:00job:github_sync_all | From github.com:rootrecordsoftwaresolutions/Solar-Pacific-RootRecord-Server
2026-09-30T02:21:25-10:00job:github_sync_all | * branch            main       -> FETCH_HEAD
2026-09-30T02:21:25-10:00job:github_sync_all | — [skills] local and GitHub already match
2026-09-30T02:21:25-10:00job:github_sync_all | — [skills] nothing to push
2026-09-30T02:21:25-10:00job:worklog_scan RUN  bash "/home/rootrecord/RootRecord-Ecosystem/1 - Servers/1 - RootRecord-Pacific-Solar-Server/Reports/scripts/worklog_once.sh"
2026-09-30T02:21:29-10:00job:worklog_scan | OK wrote/updated /home/rootrecord/RootRecord-Ecosystem/2 - RootRecord-Database/Worklog/worklog_current.md
2026-09-30T02:21:29-10:00job:security_camera_frame_grab RUN  bash "/home/rootrecord/RootRecord-Ecosystem/1 - Servers/1 - RootRecord-Pacific-Solar-Server/Security/Cameras/grab_all.sh"
2026-09-30T02:21:44-10:00job:security_camera_frame_grab | 02:21:29  📷  a-eyes  ch1 → ch1-20260930T122129Z.jpg  (337.1 KB, 4.23s)
2026-09-30T02:21:44-10:00job:security_camera_frame_grab | 02:21:33  📷  a-eyes  ch2 → ch2-20260930T122133Z.jpg  (321.5 KB, 4.35s)
2026-09-30T02:21:44-10:00job:security_camera_frame_grab | 02:21:38  📷  a-eyes  ch3 → ch3-20260930T122138Z.jpg  (384.7 KB, 4.28s)
2026-09-30T02:21:44-10:00job:security_camera_frame_grab | 02:21:42  📷  a-eyes  ch4 → ch4-20260930T122142Z.jpg  (12.6 KB, 1.70s)
2026-09-30T02:21:44-10:00ENERGY  status=live  B2=1%  B1=24.1%  solar=0 W  ac=57 W  usbc=0 W  src=/home/rootrecord/RootRecord-Ecosystem/2 - RootRecord-Database/Energy  LAP=100%/Full/AC
2026-09-30T02:21:55-10:00  ✗  ecoflow_read_cycle  WAITING
2026-09-30T02:21:55-10:00job:sys_stats_cycle RUN  bash "/home/rootrecord/RootRecord-Ecosystem/1 - Servers/1 - RootRecord-Pacific-Solar-Server/System/scripts/sys-sample.sh"
2026-09-30T02:21:55-10:00job:sys_stats_cycle | SYSTEM  cpu=5%  load=1.02  mem=65%  src=sqlite
2026-09-30T02:21:55-10:00job:sys_stats_cycle | OK wrote /home/rootrecord/RootRecord-Ecosystem/2 - RootRecord-Database/System/samples/sys-20260930-022155.json
2026-09-30T02:22:36-10:00job:github_sync_all | — [ecosystem] no committable local changes
2026-09-30T02:22:36-10:00job:github_sync_all | ↓ [ecosystem] fetching origin/main
2026-09-30T02:22:36-10:00job:github_sync_all | From github.com:RootRecord-Software-Solutions/RootRecord-Ecosystem
2026-09-30T02:22:36-10:00job:github_sync_all | * branch            main       -> FETCH_HEAD
2026-09-30T02:22:36-10:00job:github_sync_all | — [ecosystem] local and GitHub already match
2026-09-30T02:22:36-10:00job:github_sync_all | — [ecosystem] nothing to push
2026-09-30T02:22:36-10:00job:github_sync_all | ↑ [pacific] committed 2 local file(s)
2026-09-30T02:22:36-10:00job:github_sync_all | ↓ [pacific] fetching origin/main
2026-09-30T02:22:36-10:00job:github_sync_all | From github.com:RootRecord-Software-Solutions/RootRecord-Pacific-Solar-Server
2026-09-30T02:22:36-10:00job:github_sync_all | * branch            main       -> FETCH_HEAD
2026-09-30T02:22:36-10:00job:github_sync_all | ↑ [pacific] local is ahead of GitHub
2026-09-30T02:22:36-10:00job:github_sync_all | To github.com:RootRecord-Software-Solutions/RootRecord-Pacific-Solar-Server.git
2026-09-30T02:22:36-10:00job:github_sync_all | 68cc0c0..200dcab  HEAD -> main
2026-09-30T02:22:36-10:00job:github_sync_all | branch 'main' set up to track 'origin/main'.
2026-09-30T02:22:36-10:00job:github_sync_all | ↑ [pacific] 2 files → RootRecord-Software-Solutions/RootRecord-Pacific-Solar-Server (main)
2026-09-30T02:22:36-10:00job:github_sync_all | ↑ [database] committed 13 local file(s)
2026-09-30T02:22:36-10:00job:github_sync_all | ↓ [database] fetching origin/main
2026-09-30T02:22:36-10:00job:github_sync_all | From github.com:RootRecord-Software-Solutions/RootRecord-Database
2026-09-30T02:22:36-10:00job:github_sync_all | * branch            main       -> FETCH_HEAD
2026-09-30T02:22:36-10:00job:github_sync_all | ↑ [database] local is ahead of GitHub
2026-09-30T02:22:36-10:00job:github_sync_all | To github.com:RootRecord-Software-Solutions/RootRecord-Database.git
2026-09-30T02:22:36-10:00job:github_sync_all | 642e277..67d12f3  HEAD -> main
2026-09-30T02:22:36-10:00job:github_sync_all | branch 'main' set up to track 'origin/main'.
2026-09-30T02:22:36-10:00job:github_sync_all | ↑ [database] 13 files → RootRecord-Software-Solutions/RootRecord-Database (main)
2026-09-30T02:22:36-10:00job:github_sync_all | — [library] no local changes
2026-09-30T02:22:36-10:00job:github_sync_all | ↓ [library] fetching origin/main
2026-09-30T02:22:36-10:00job:github_sync_all | From github.com:RootRecord-Software-Solutions/RootRecord-Library
2026-09-30T02:22:36-10:00job:github_sync_all | * branch            main       -> FETCH_HEAD
2026-09-30T02:22:36-10:00job:github_sync_all | — [library] local and GitHub already match
2026-09-30T02:22:36-10:00job:github_sync_all | — [library] nothing to push
2026-09-30T02:22:36-10:00job:github_sync_all | — [skills] no local changes
2026-09-30T02:22:36-10:00job:github_sync_all | ↓ [skills] fetching origin/main
2026-09-30T02:22:36-10:00job:github_sync_all | From github.com:rootrecordsoftwaresolutions/Solar-Pacific-RootRecord-Server
2026-09-30T02:22:36-10:00job:github_sync_all | * branch            main       -> FETCH_HEAD
2026-09-30T02:22:36-10:00job:github_sync_all | — [skills] local and GitHub already match
2026-09-30T02:22:36-10:00job:github_sync_all | — [skills] nothing to push
2026-09-30T02:22:36-10:00job:security_camera_frame_grab RUN  bash "/home/rootrecord/RootRecord-Ecosystem/1 - Servers/1 - RootRecord-Pacific-Solar-Server/Security/Cameras/grab_all.sh"
2026-09-30T02:22:51-10:00job:security_camera_frame_grab | 02:22:36  📷  a-eyes  ch1 → ch1-20260930T122236Z.jpg  (334.9 KB, 4.23s)
2026-09-30T02:22:51-10:00job:security_camera_frame_grab | 02:22:40  📷  a-eyes  ch2 → ch2-20260930T122240Z.jpg  (313.5 KB, 4.37s)
2026-09-30T02:22:51-10:00job:security_camera_frame_grab | 02:22:44  📷  a-eyes  ch3 → ch3-20260930T122244Z.jpg  (384.5 KB, 4.58s)
2026-09-30T02:22:51-10:00job:security_camera_frame_grab | 02:22:49  📷  a-eyes  ch4 → ch4-20260930T122249Z.jpg  (12.7 KB, 1.59s)
2026-09-30T02:22:51-10:00ENERGY  status=live  B2=1%  B1=24.1%  solar=0 W  ac=57 W  usbc=0 W  src=/home/rootrecord/RootRecord-Ecosystem/2 - RootRecord-Database/Energy  LAP=100%/Full/AC
2026-09-30T02:23:01-10:00  ✗  ecoflow_read_cycle  WAITING
2026-09-30T02:23:01-10:00job:sys_stats_cycle RUN  bash "/home/rootrecord/RootRecord-Ecosystem/1 - Servers/1 - RootRecord-Pacific-Solar-Server/System/scripts/sys-sample.sh"
2026-09-30T02:23:02-10:00job:sys_stats_cycle | SYSTEM  cpu=3%  load=0.52  mem=67%  src=sqlite
2026-09-30T02:23:02-10:00job:sys_stats_cycle | OK wrote /home/rootrecord/RootRecord-Ecosystem/2 - RootRecord-Database/System/samples/sys-20260930-022302.json
2026-09-30T02:23:39-10:00job:github_sync_all | ↑ [ecosystem] committed 2 local file(s)
2026-09-30T02:23:39-10:00job:github_sync_all | ↓ [ecosystem] fetching origin/main
2026-09-30T02:23:39-10:00job:github_sync_all | From github.com:RootRecord-Software-Solutions/RootRecord-Ecosystem
2026-09-30T02:23:39-10:00job:github_sync_all | * branch            main       -> FETCH_HEAD
2026-09-30T02:23:39-10:00job:github_sync_all | ↑ [ecosystem] local is ahead of GitHub
2026-09-30T02:23:39-10:00job:github_sync_all | To github.com:RootRecord-Software-Solutions/RootRecord-Ecosystem.git
2026-09-30T02:23:39-10:00job:github_sync_all | fc3450d..ee33eb2  HEAD -> main
2026-09-30T02:23:39-10:00job:github_sync_all | branch 'main' set up to track 'origin/main'.
2026-09-30T02:23:39-10:00job:github_sync_all | ↑ [ecosystem] 2 files → RootRecord-Software-Solutions/RootRecord-Ecosystem (main)
2026-09-30T02:23:39-10:00job:github_sync_all | — [pacific] no local changes
2026-09-30T02:23:39-10:00job:github_sync_all | ↓ [pacific] fetching origin/main
2026-09-30T02:23:39-10:00job:github_sync_all | From github.com:RootRecord-Software-Solutions/RootRecord-Pacific-Solar-Server
2026-09-30T02:23:39-10:00job:github_sync_all | * branch            main       -> FETCH_HEAD
2026-09-30T02:23:39-10:00job:github_sync_all | — [pacific] local and GitHub already match
2026-09-30T02:23:39-10:00job:github_sync_all | — [pacific] nothing to push
2026-09-30T02:23:39-10:00job:github_sync_all | ↑ [database] committed 9 local file(s)
2026-09-30T02:23:39-10:00job:github_sync_all | ↓ [database] fetching origin/main
2026-09-30T02:23:39-10:00job:github_sync_all | From github.com:RootRecord-Software-Solutions/RootRecord-Database
2026-09-30T02:23:39-10:00job:github_sync_all | * branch            main       -> FETCH_HEAD
2026-09-30T02:23:39-10:00job:github_sync_all | ↑ [database] local is ahead of GitHub
2026-09-30T02:23:39-10:00job:github_sync_all | To github.com:RootRecord-Software-Solutions/RootRecord-Database.git
2026-09-30T02:23:39-10:00job:github_sync_all | 67d12f3..47057ab  HEAD -> main
2026-09-30T02:23:39-10:00job:github_sync_all | branch 'main' set up to track 'origin/main'.
2026-09-30T02:23:39-10:00job:github_sync_all | ↑ [database] 9 files → RootRecord-Software-Solutions/RootRecord-Database (main)
2026-09-30T02:23:39-10:00job:github_sync_all | — [library] no local changes
2026-09-30T02:23:39-10:00job:github_sync_all | ↓ [library] fetching origin/main
2026-09-30T02:23:39-10:00job:github_sync_all | From github.com:RootRecord-Software-Solutions/RootRecord-Library
2026-09-30T02:23:39-10:00job:github_sync_all | * branch            main       -> FETCH_HEAD
2026-09-30T02:23:39-10:00job:github_sync_all | — [library] local and GitHub already match
2026-09-30T02:23:39-10:00job:github_sync_all | — [library] nothing to push
2026-09-30T02:23:39-10:00job:github_sync_all | — [skills] no local changes
2026-09-30T02:23:39-10:00job:github_sync_all | ↓ [skills] fetching origin/main
2026-09-30T02:23:39-10:00job:github_sync_all | From github.com:rootrecordsoftwaresolutions/Solar-Pacific-RootRecord-Server
2026-09-30T02:23:39-10:00job:github_sync_all | * branch            main       -> FETCH_HEAD
2026-09-30T02:23:39-10:00job:github_sync_all | — [skills] local and GitHub already match
2026-09-30T02:23:39-10:00job:github_sync_all | — [skills] nothing to push
2026-09-30T02:23:39-10:00job:worklog_scan RUN  bash "/home/rootrecord/RootRecord-Ecosystem/1 - Servers/1 - RootRecord-Pacific-Solar-Server/Reports/scripts/worklog_once.sh"
2026-09-30T02:23:44-10:00job:worklog_scan | OK wrote/updated /home/rootrecord/RootRecord-Ecosystem/2 - RootRecord-Database/Worklog/worklog_current.md
2026-09-30T02:23:44-10:00job:security_camera_frame_grab RUN  bash "/home/rootrecord/RootRecord-Ecosystem/1 - Servers/1 - RootRecord-Pacific-Solar-Server/Security/Cameras/grab_all.sh"
2026-09-30T02:23:59-10:00job:security_camera_frame_grab | 02:23:44  📷  a-eyes  ch1 → ch1-20260930T122344Z.jpg  (335.3 KB, 4.36s)
2026-09-30T02:23:59-10:00job:security_camera_frame_grab | 02:23:48  📷  a-eyes  ch2 → ch2-20260930T122348Z.jpg  (311.7 KB, 4.36s)
2026-09-30T02:23:59-10:00job:security_camera_frame_grab | 02:23:53  📷  a-eyes  ch3 → ch3-20260930T122353Z.jpg  (386.3 KB, 4.29s)
2026-09-30T02:23:59-10:00job:security_camera_frame_grab | 02:23:57  📷  a-eyes  ch4 → ch4-20260930T122357Z.jpg  (12.7 KB, 1.50s)
2026-09-30T02:23:59-10:00ENERGY  status=live  B2=1%  B1=24.1%  solar=0 W  ac=57 W  usbc=0 W  src=/home/rootrecord/RootRecord-Ecosystem/2 - RootRecord-Database/Energy  LAP=100%/Full/AC
2026-09-30T02:24:13-10:00  ▸  SUMMARY=river2pro soc=23.04% solar=0W ac_out=37W usbc=14W src=ble db=ok
2026-09-30T02:24:13-10:00job:sys_stats_cycle RUN  bash "/home/rootrecord/RootRecord-Ecosystem/1 - Servers/1 - RootRecord-Pacific-Solar-Server/System/scripts/sys-sample.sh"
2026-09-30T02:24:14-10:00job:sys_stats_cycle | SYSTEM  cpu=3%  load=0.71  mem=67%  src=sqlite
2026-09-30T02:24:14-10:00job:sys_stats_cycle | OK wrote /home/rootrecord/RootRecord-Ecosystem/2 - RootRecord-Database/System/samples/sys-20260930-022414.json
2026-09-30T02:24:50-10:00job:github_sync_all | — [ecosystem] no committable local changes
2026-09-30T02:24:50-10:00job:github_sync_all | ↓ [ecosystem] fetching origin/main
2026-09-30T02:24:50-10:00job:github_sync_all | From github.com:RootRecord-Software-Solutions/RootRecord-Ecosystem
2026-09-30T02:24:50-10:00job:github_sync_all | * branch            main       -> FETCH_HEAD
2026-09-30T02:24:50-10:00job:github_sync_all | — [ecosystem] local and GitHub already match
2026-09-30T02:24:50-10:00job:github_sync_all | — [ecosystem] nothing to push
2026-09-30T02:24:50-10:00job:github_sync_all | — [pacific] no local changes
2026-09-30T02:24:50-10:00job:github_sync_all | ↓ [pacific] fetching origin/main
2026-09-30T02:24:50-10:00job:github_sync_all | From github.com:RootRecord-Software-Solutions/RootRecord-Pacific-Solar-Server
2026-09-30T02:24:50-10:00job:github_sync_all | * branch            main       -> FETCH_HEAD
2026-09-30T02:24:50-10:00job:github_sync_all | — [pacific] local and GitHub already match
2026-09-30T02:24:50-10:00job:github_sync_all | — [pacific] nothing to push
2026-09-30T02:24:50-10:00job:github_sync_all | ↑ [database] committed 16 local file(s)
2026-09-30T02:24:50-10:00job:github_sync_all | ↓ [database] fetching origin/main
2026-09-30T02:24:50-10:00job:github_sync_all | From github.com:RootRecord-Software-Solutions/RootRecord-Database
2026-09-30T02:24:50-10:00job:github_sync_all | * branch            main       -> FETCH_HEAD
2026-09-30T02:24:50-10:00job:github_sync_all | ↑ [database] local is ahead of GitHub
2026-09-30T02:24:50-10:00job:github_sync_all | To github.com:RootRecord-Software-Solutions/RootRecord-Database.git
2026-09-30T02:24:50-10:00job:github_sync_all | 47057ab..49a9314  HEAD -> main
2026-09-30T02:24:50-10:00job:github_sync_all | branch 'main' set up to track 'origin/main'.
2026-09-30T02:24:50-10:00job:github_sync_all | ↑ [database] 16 files → RootRecord-Software-Solutions/RootRecord-Database (main)
2026-09-30T02:24:50-10:00job:github_sync_all | — [library] no local changes
2026-09-30T02:24:50-10:00job:github_sync_all | ↓ [library] fetching origin/main
2026-09-30T02:24:50-10:00job:github_sync_all | From github.com:RootRecord-Software-Solutions/RootRecord-Library
2026-09-30T02:24:50-10:00job:github_sync_all | * branch            main       -> FETCH_HEAD
2026-09-30T02:24:50-10:00job:github_sync_all | — [library] local and GitHub already match
2026-09-30T02:24:50-10:00job:github_sync_all | — [library] nothing to push
2026-09-30T02:24:50-10:00job:github_sync_all | — [skills] no local changes
2026-09-30T02:24:50-10:00job:github_sync_all | ↓ [skills] fetching origin/main
2026-09-30T02:24:50-10:00job:github_sync_all | From github.com:rootrecordsoftwaresolutions/Solar-Pacific-RootRecord-Server
2026-09-30T02:24:50-10:00job:github_sync_all | * branch            main       -> FETCH_HEAD
2026-09-30T02:24:50-10:00job:github_sync_all | — [skills] local and GitHub already match
2026-09-30T02:24:50-10:00job:github_sync_all | — [skills] nothing to push
2026-09-30T02:24:50-10:00job:security_camera_frame_grab RUN  bash "/home/rootrecord/RootRecord-Ecosystem/1 - Servers/1 - RootRecord-Pacific-Solar-Server/Security/Cameras/grab_all.sh"
2026-09-30T02:25:05-10:00job:security_camera_frame_grab | 02:24:50  📷  a-eyes  ch1 → ch1-20260930T122450Z.jpg  (335.5 KB, 4.45s)
2026-09-30T02:25:05-10:00job:security_camera_frame_grab | 02:24:55  📷  a-eyes  ch2 → ch2-20260930T122455Z.jpg  (320.5 KB, 4.30s)
2026-09-30T02:25:05-10:00job:security_camera_frame_grab | 02:24:59  📷  a-eyes  ch3 → ch3-20260930T122459Z.jpg  (385.0 KB, 4.54s)
2026-09-30T02:25:05-10:00job:security_camera_frame_grab | 02:25:04  📷  a-eyes  ch4 → ch4-20260930T122504Z.jpg  (12.7 KB, 1.49s)
2026-09-30T02:25:05-10:00job:service_supervisor RUN  bash "/home/rootrecord/RootRecord-Ecosystem/1 - Servers/1 - RootRecord-Pacific-Solar-Server/Automations/scripts/supervise-services.sh"
2026-09-30T02:25:05-10:00job:service_supervisor | [supervisor] weather alive pid=304140 304463 305661 305866 308654 309134 309348 309668 313159 342702 (act)
2026-09-30T02:25:05-10:00job:service_supervisor | [supervisor] relay alive pid=4374 (act)
2026-09-30T02:25:05-10:00ENERGY  status=live  B2=1%  B1=23.0%  solar=0 W  ac=57 W  usbc=0 W  src=/home/rootrecord/RootRecord-Ecosystem/2 - RootRecord-Database/Energy  LAP=100%/Full/AC
2026-09-30T02:25:20-10:00  ▸  SUMMARY=river2pro soc=22.83% solar=0W ac_out=40W usbc=17W src=ble db=ok
2026-09-30T02:25:20-10:00job:sys_stats_cycle RUN  bash "/home/rootrecord/RootRecord-Ecosystem/1 - Servers/1 - RootRecord-Pacific-Solar-Server/System/scripts/sys-sample.sh"
2026-09-30T02:25:21-10:00job:sys_stats_cycle | SYSTEM  cpu=7%  load=0.69  mem=65%  src=sqlite
2026-09-30T02:25:21-10:00job:sys_stats_cycle | OK wrote /home/rootrecord/RootRecord-Ecosystem/2 - RootRecord-Database/System/samples/sys-20260930-022520.json
2026-09-30T02:25:53-10:00job:github_sync_all | — [ecosystem] no committable local changes
2026-09-30T02:25:53-10:00job:github_sync_all | ↓ [ecosystem] fetching origin/main
2026-09-30T02:25:53-10:00job:github_sync_all | From github.com:RootRecord-Software-Solutions/RootRecord-Ecosystem
2026-09-30T02:25:53-10:00job:github_sync_all | * branch            main       -> FETCH_HEAD
2026-09-30T02:25:53-10:00job:github_sync_all | — [ecosystem] local and GitHub already match
2026-09-30T02:25:53-10:00job:github_sync_all | — [ecosystem] nothing to push
2026-09-30T02:25:53-10:00job:github_sync_all | — [pacific] no local changes
2026-09-30T02:25:53-10:00job:github_sync_all | ↓ [pacific] fetching origin/main
2026-09-30T02:25:53-10:00job:github_sync_all | From github.com:RootRecord-Software-Solutions/RootRecord-Pacific-Solar-Server
2026-09-30T02:25:53-10:00job:github_sync_all | * branch            main       -> FETCH_HEAD
2026-09-30T02:25:53-10:00job:github_sync_all | — [pacific] local and GitHub already match
2026-09-30T02:25:53-10:00job:github_sync_all | — [pacific] nothing to push
2026-09-30T02:25:53-10:00job:github_sync_all | ↑ [database] committed 13 local file(s)
2026-09-30T02:25:53-10:00job:github_sync_all | ↓ [database] fetching origin/main
2026-09-30T02:25:53-10:00job:github_sync_all | From github.com:RootRecord-Software-Solutions/RootRecord-Database
2026-09-30T02:25:53-10:00job:github_sync_all | * branch            main       -> FETCH_HEAD
2026-09-30T02:25:53-10:00job:github_sync_all | ↑ [database] local is ahead of GitHub
2026-09-30T02:25:53-10:00job:github_sync_all | To github.com:RootRecord-Software-Solutions/RootRecord-Database.git
2026-09-30T02:25:53-10:00job:github_sync_all | 49a9314..ed78e24  HEAD -> main
2026-09-30T02:25:53-10:00job:github_sync_all | branch 'main' set up to track 'origin/main'.
2026-09-30T02:25:53-10:00job:github_sync_all | ↑ [database] 13 files → RootRecord-Software-Solutions/RootRecord-Database (main)
2026-09-30T02:25:53-10:00job:github_sync_all | — [library] no local changes
2026-09-30T02:25:53-10:00job:github_sync_all | ↓ [library] fetching origin/main
2026-09-30T02:25:53-10:00job:github_sync_all | From github.com:RootRecord-Software-Solutions/RootRecord-Library
2026-09-30T02:25:53-10:00job:github_sync_all | * branch            main       -> FETCH_HEAD
2026-09-30T02:25:53-10:00job:github_sync_all | — [library] local and GitHub already match
2026-09-30T02:25:53-10:00job:github_sync_all | — [library] nothing to push
2026-09-30T02:25:53-10:00job:github_sync_all | — [skills] no local changes
2026-09-30T02:25:53-10:00job:github_sync_all | ↓ [skills] fetching origin/main
2026-09-30T02:25:53-10:00job:github_sync_all | From github.com:rootrecordsoftwaresolutions/Solar-Pacific-RootRecord-Server
2026-09-30T02:25:53-10:00job:github_sync_all | * branch            main       -> FETCH_HEAD
2026-09-30T02:25:53-10:00job:github_sync_all | — [skills] local and GitHub already match
2026-09-30T02:25:53-10:00job:github_sync_all | — [skills] nothing to push
2026-09-30T02:25:53-10:00job:worklog_scan RUN  bash "/home/rootrecord/RootRecord-Ecosystem/1 - Servers/1 - RootRecord-Pacific-Solar-Server/Reports/scripts/worklog_once.sh"
2026-09-30T02:25:57-10:00job:worklog_scan | OK wrote/updated /home/rootrecord/RootRecord-Ecosystem/2 - RootRecord-Database/Worklog/worklog_current.md
2026-09-30T02:25:57-10:00job:security_camera_frame_grab RUN  bash "/home/rootrecord/RootRecord-Ecosystem/1 - Servers/1 - RootRecord-Pacific-Solar-Server/Security/Cameras/grab_all.sh"
2026-09-30T02:26:12-10:00job:security_camera_frame_grab | 02:25:57  📷  a-eyes  ch1 → ch1-20260930T122557Z.jpg  (335.0 KB, 4.45s)
2026-09-30T02:26:12-10:00job:security_camera_frame_grab | 02:26:01  📷  a-eyes  ch2 → ch2-20260930T122601Z.jpg  (311.2 KB, 4.27s)
2026-09-30T02:26:12-10:00job:security_camera_frame_grab | 02:26:06  📷  a-eyes  ch3 → ch3-20260930T122606Z.jpg  (386.7 KB, 4.38s)
2026-09-30T02:26:12-10:00job:security_camera_frame_grab | 02:26:10  📷  a-eyes  ch4 → ch4-20260930T122610Z.jpg  (12.7 KB, 1.64s)
2026-09-30T02:26:12-10:00ENERGY  status=live  B2=1%  B1=22.8%  solar=0 W  ac=57 W  usbc=0 W  src=/home/rootrecord/RootRecord-Ecosystem/2 - RootRecord-Database/Energy  LAP=100%/Full/AC
2026-09-30T02:26:23-10:00  ✗  ecoflow_read_cycle  WAITING
2026-09-30T02:26:23-10:00job:sys_stats_cycle RUN  bash "/home/rootrecord/RootRecord-Ecosystem/1 - Servers/1 - RootRecord-Pacific-Solar-Server/System/scripts/sys-sample.sh"
2026-09-30T02:26:24-10:00job:sys_stats_cycle | SYSTEM  cpu=28%  load=0.71  mem=66%  src=sqlite
2026-09-30T02:26:24-10:00job:sys_stats_cycle | OK wrote /home/rootrecord/RootRecord-Ecosystem/2 - RootRecord-Database/System/samples/sys-20260930-022623.json
2026-09-30T02:26:55-10:00job:github_sync_all | — [ecosystem] no committable local changes
2026-09-30T02:26:55-10:00job:github_sync_all | ↓ [ecosystem] fetching origin/main
2026-09-30T02:26:55-10:00job:github_sync_all | From github.com:RootRecord-Software-Solutions/RootRecord-Ecosystem
2026-09-30T02:26:55-10:00job:github_sync_all | * branch            main       -> FETCH_HEAD
2026-09-30T02:26:55-10:00job:github_sync_all | — [ecosystem] local and GitHub already match
2026-09-30T02:26:55-10:00job:github_sync_all | — [ecosystem] nothing to push
2026-09-30T02:26:55-10:00job:github_sync_all | — [pacific] no local changes
2026-09-30T02:26:55-10:00job:github_sync_all | ↓ [pacific] fetching origin/main
2026-09-30T02:26:55-10:00job:github_sync_all | From github.com:RootRecord-Software-Solutions/RootRecord-Pacific-Solar-Server
2026-09-30T02:26:55-10:00job:github_sync_all | * branch            main       -> FETCH_HEAD
2026-09-30T02:26:55-10:00job:github_sync_all | — [pacific] local and GitHub already match
2026-09-30T02:26:55-10:00job:github_sync_all | — [pacific] nothing to push
2026-09-30T02:26:55-10:00job:github_sync_all | ↑ [database] committed 13 local file(s)
2026-09-30T02:26:55-10:00job:github_sync_all | ↓ [database] fetching origin/main
2026-09-30T02:26:55-10:00job:github_sync_all | From github.com:RootRecord-Software-Solutions/RootRecord-Database
2026-09-30T02:26:55-10:00job:github_sync_all | * branch            main       -> FETCH_HEAD
2026-09-30T02:26:55-10:00job:github_sync_all | ↑ [database] local is ahead of GitHub
2026-09-30T02:26:55-10:00job:github_sync_all | To github.com:RootRecord-Software-Solutions/RootRecord-Database.git
2026-09-30T02:26:55-10:00job:github_sync_all | ed78e24..af622f0  HEAD -> main
2026-09-30T02:26:55-10:00job:github_sync_all | branch 'main' set up to track 'origin/main'.
2026-09-30T02:26:55-10:00job:github_sync_all | ↑ [database] 13 files → RootRecord-Software-Solutions/RootRecord-Database (main)
2026-09-30T02:26:55-10:00job:github_sync_all | — [library] no local changes
2026-09-30T02:26:55-10:00job:github_sync_all | ↓ [library] fetching origin/main
2026-09-30T02:26:55-10:00job:github_sync_all | From github.com:RootRecord-Software-Solutions/RootRecord-Library
2026-09-30T02:26:55-10:00job:github_sync_all | * branch            main       -> FETCH_HEAD
2026-09-30T02:26:55-10:00job:github_sync_all | — [library] local and GitHub already match
2026-09-30T02:26:55-10:00job:github_sync_all | — [library] nothing to push
2026-09-30T02:26:55-10:00job:github_sync_all | — [skills] no local changes
2026-09-30T02:26:55-10:00job:github_sync_all | ↓ [skills] fetching origin/main
2026-09-30T02:26:55-10:00job:github_sync_all | From github.com:rootrecordsoftwaresolutions/Solar-Pacific-RootRecord-Server
2026-09-30T02:26:55-10:00job:github_sync_all | * branch            main       -> FETCH_HEAD
2026-09-30T02:26:55-10:00job:github_sync_all | — [skills] local and GitHub already match
2026-09-30T02:26:55-10:00job:github_sync_all | — [skills] nothing to push
2026-09-30T02:26:55-10:00job:security_camera_frame_grab RUN  bash "/home/rootrecord/RootRecord-Ecosystem/1 - Servers/1 - RootRecord-Pacific-Solar-Server/Security/Cameras/grab_all.sh"
2026-09-30T02:27:10-10:00job:security_camera_frame_grab | 02:26:55  📷  a-eyes  ch1 → ch1-20260930T122655Z.jpg  (336.6 KB, 4.33s)
2026-09-30T02:27:10-10:00job:security_camera_frame_grab | 02:26:59  📷  a-eyes  ch2 → ch2-20260930T122659Z.jpg  (314.7 KB, 4.46s)
2026-09-30T02:27:10-10:00job:security_camera_frame_grab | 02:27:04  📷  a-eyes  ch3 → ch3-20260930T122704Z.jpg  (384.9 KB, 4.52s)
2026-09-30T02:27:10-10:00job:security_camera_frame_grab | 02:27:08  📷  a-eyes  ch4 → ch4-20260930T122708Z.jpg  (12.7 KB, 1.76s)
2026-09-30T02:27:21-10:00  ✗  ecoflow_read_cycle  WAITING
2026-09-30T02:27:21-10:00job:sys_stats_cycle RUN  bash "/home/rootrecord/RootRecord-Ecosystem/1 - Servers/1 - RootRecord-Pacific-Solar-Server/System/scripts/sys-sample.sh"
2026-09-30T02:27:22-10:00job:sys_stats_cycle | SYSTEM  cpu=3%  load=0.75  mem=66%  src=sqlite
2026-09-30T02:27:22-10:00job:sys_stats_cycle | OK wrote /home/rootrecord/RootRecord-Ecosystem/2 - RootRecord-Database/System/samples/sys-20260930-022721.json
2026-09-30T02:27:54-10:00job:github_sync_all | — [ecosystem] no committable local changes
2026-09-30T02:27:54-10:00job:github_sync_all | ↓ [ecosystem] fetching origin/main
2026-09-30T02:27:54-10:00job:github_sync_all | From github.com:RootRecord-Software-Solutions/RootRecord-Ecosystem
2026-09-30T02:27:54-10:00job:github_sync_all | * branch            main       -> FETCH_HEAD
2026-09-30T02:27:54-10:00job:github_sync_all | — [ecosystem] local and GitHub already match
2026-09-30T02:27:54-10:00job:github_sync_all | — [ecosystem] nothing to push
2026-09-30T02:27:54-10:00job:github_sync_all | — [pacific] no local changes
2026-09-30T02:27:54-10:00job:github_sync_all | ↓ [pacific] fetching origin/main
2026-09-30T02:27:54-10:00job:github_sync_all | From github.com:RootRecord-Software-Solutions/RootRecord-Pacific-Solar-Server
2026-09-30T02:27:54-10:00job:github_sync_all | * branch            main       -> FETCH_HEAD
2026-09-30T02:27:54-10:00job:github_sync_all | — [pacific] local and GitHub already match
2026-09-30T02:27:54-10:00job:github_sync_all | — [pacific] nothing to push
2026-09-30T02:27:54-10:00job:github_sync_all | ↑ [database] committed 9 local file(s)
2026-09-30T02:27:54-10:00job:github_sync_all | ↓ [database] fetching origin/main
2026-09-30T02:27:54-10:00job:github_sync_all | From github.com:RootRecord-Software-Solutions/RootRecord-Database
2026-09-30T02:27:54-10:00job:github_sync_all | * branch            main       -> FETCH_HEAD
2026-09-30T02:27:54-10:00job:github_sync_all | ↑ [database] local is ahead of GitHub
2026-09-30T02:27:54-10:00job:github_sync_all | To github.com:RootRecord-Software-Solutions/RootRecord-Database.git
2026-09-30T02:27:54-10:00job:github_sync_all | af622f0..bd232b5  HEAD -> main
2026-09-30T02:27:54-10:00job:github_sync_all | branch 'main' set up to track 'origin/main'.
2026-09-30T02:27:54-10:00job:github_sync_all | ↑ [database] 9 files → RootRecord-Software-Solutions/RootRecord-Database (main)
2026-09-30T02:27:54-10:00job:github_sync_all | — [library] no local changes
2026-09-30T02:27:54-10:00job:github_sync_all | ↓ [library] fetching origin/main
2026-09-30T02:27:54-10:00job:github_sync_all | From github.com:RootRecord-Software-Solutions/RootRecord-Library
2026-09-30T02:27:54-10:00job:github_sync_all | * branch            main       -> FETCH_HEAD
2026-09-30T02:27:54-10:00job:github_sync_all | — [library] local and GitHub already match
2026-09-30T02:27:54-10:00job:github_sync_all | — [library] nothing to push
2026-09-30T02:27:54-10:00job:github_sync_all | — [skills] no local changes
2026-09-30T02:27:54-10:00job:github_sync_all | ↓ [skills] fetching origin/main
2026-09-30T02:27:54-10:00job:github_sync_all | From github.com:rootrecordsoftwaresolutions/Solar-Pacific-RootRecord-Server
2026-09-30T02:27:54-10:00job:github_sync_all | * branch            main       -> FETCH_HEAD
2026-09-30T02:27:54-10:00job:github_sync_all | — [skills] local and GitHub already match
2026-09-30T02:27:54-10:00job:github_sync_all | — [skills] nothing to push
2026-09-30T02:27:54-10:00job:worklog_scan RUN  bash "/home/rootrecord/RootRecord-Ecosystem/1 - Servers/1 - RootRecord-Pacific-Solar-Server/Reports/scripts/worklog_once.sh"
2026-09-30T02:27:59-10:00job:worklog_scan | OK wrote/updated /home/rootrecord/RootRecord-Ecosystem/2 - RootRecord-Database/Worklog/worklog_current.md
2026-09-30T02:27:59-10:00job:security_camera_frame_grab RUN  bash "/home/rootrecord/RootRecord-Ecosystem/1 - Servers/1 - RootRecord-Pacific-Solar-Server/Security/Cameras/grab_all.sh"
2026-09-30T02:28:14-10:00job:security_camera_frame_grab | 02:27:59  📷  a-eyes  ch1 → ch1-20260930T122759Z.jpg  (336.2 KB, 4.36s)
2026-09-30T02:28:14-10:00job:security_camera_frame_grab | 02:28:03  📷  a-eyes  ch2 → ch2-20260930T122803Z.jpg  (313.5 KB, 4.28s)
2026-09-30T02:28:14-10:00job:security_camera_frame_grab | 02:28:08  📷  a-eyes  ch3 → ch3-20260930T122808Z.jpg  (383.8 KB, 4.46s)
2026-09-30T02:28:14-10:00job:security_camera_frame_grab | 02:28:12  📷  a-eyes  ch4 → ch4-20260930T122812Z.jpg  (12.6 KB, 1.56s)
2026-09-30T02:28:14-10:00ENERGY  status=live  B2=1%  B1=22.8%  solar=0 W  ac=57 W  usbc=0 W  src=/home/rootrecord/RootRecord-Ecosystem/2 - RootRecord-Database/Energy  LAP=100%/Full/AC
2026-09-30T02:28:25-10:00  ✗  ecoflow_read_cycle  WAITING
2026-09-30T02:28:25-10:00job:sys_stats_cycle RUN  bash "/home/rootrecord/RootRecord-Ecosystem/1 - Servers/1 - RootRecord-Pacific-Solar-Server/System/scripts/sys-sample.sh"
2026-09-30T02:28:25-10:00job:sys_stats_cycle | SYSTEM  cpu=7%  load=0.93  mem=66%  src=sqlite
2026-09-30T02:28:25-10:00job:sys_stats_cycle | OK wrote /home/rootrecord/RootRecord-Ecosystem/2 - RootRecord-Database/System/samples/sys-20260930-022825.json
2026-09-30T02:28:58-10:00job:github_sync_all | — [ecosystem] no committable local changes
2026-09-30T02:28:58-10:00job:github_sync_all | ↓ [ecosystem] fetching origin/main
2026-09-30T02:28:58-10:00job:github_sync_all | From github.com:RootRecord-Software-Solutions/RootRecord-Ecosystem
2026-09-30T02:28:58-10:00job:github_sync_all | * branch            main       -> FETCH_HEAD
2026-09-30T02:28:58-10:00job:github_sync_all | — [ecosystem] local and GitHub already match
2026-09-30T02:28:58-10:00job:github_sync_all | — [ecosystem] nothing to push
2026-09-30T02:28:58-10:00job:github_sync_all | — [pacific] no local changes
2026-09-30T02:28:58-10:00job:github_sync_all | ↓ [pacific] fetching origin/main
2026-09-30T02:28:58-10:00job:github_sync_all | From github.com:RootRecord-Software-Solutions/RootRecord-Pacific-Solar-Server
2026-09-30T02:28:58-10:00job:github_sync_all | * branch            main       -> FETCH_HEAD
2026-09-30T02:28:58-10:00job:github_sync_all | — [pacific] local and GitHub already match
2026-09-30T02:28:58-10:00job:github_sync_all | — [pacific] nothing to push
2026-09-30T02:28:58-10:00job:github_sync_all | ↑ [database] committed 13 local file(s)
2026-09-30T02:28:58-10:00job:github_sync_all | ↓ [database] fetching origin/main
2026-09-30T02:28:58-10:00job:github_sync_all | From github.com:RootRecord-Software-Solutions/RootRecord-Database
2026-09-30T02:28:58-10:00job:github_sync_all | * branch            main       -> FETCH_HEAD
2026-09-30T02:28:58-10:00job:github_sync_all | ↑ [database] local is ahead of GitHub
2026-09-30T02:28:58-10:00job:github_sync_all | To github.com:RootRecord-Software-Solutions/RootRecord-Database.git
2026-09-30T02:28:58-10:00job:github_sync_all | bd232b5..72f646a  HEAD -> main
2026-09-30T02:28:58-10:00job:github_sync_all | branch 'main' set up to track 'origin/main'.
2026-09-30T02:28:58-10:00job:github_sync_all | ↑ [database] 13 files → RootRecord-Software-Solutions/RootRecord-Database (main)
2026-09-30T02:28:58-10:00job:github_sync_all | — [library] no local changes
2026-09-30T02:28:58-10:00job:github_sync_all | ↓ [library] fetching origin/main
2026-09-30T02:28:58-10:00job:github_sync_all | From github.com:RootRecord-Software-Solutions/RootRecord-Library
2026-09-30T02:28:58-10:00job:github_sync_all | * branch            main       -> FETCH_HEAD
2026-09-30T02:28:58-10:00job:github_sync_all | — [library] local and GitHub already match
2026-09-30T02:28:58-10:00job:github_sync_all | — [library] nothing to push
2026-09-30T02:28:58-10:00job:github_sync_all | — [skills] no local changes
2026-09-30T02:28:58-10:00job:github_sync_all | ↓ [skills] fetching origin/main
2026-09-30T02:28:58-10:00job:github_sync_all | From github.com:rootrecordsoftwaresolutions/Solar-Pacific-RootRecord-Server
2026-09-30T02:28:58-10:00job:github_sync_all | * branch            main       -> FETCH_HEAD
2026-09-30T02:28:58-10:00job:github_sync_all | — [skills] local and GitHub already match
2026-09-30T02:28:58-10:00job:github_sync_all | — [skills] nothing to push
2026-09-30T02:28:58-10:00job:security_camera_frame_grab RUN  bash "/home/rootrecord/RootRecord-Ecosystem/1 - Servers/1 - RootRecord-Pacific-Solar-Server/Security/Cameras/grab_all.sh"
2026-09-30T02:29:13-10:00job:security_camera_frame_grab | 02:28:58  📷  a-eyes  ch1 → ch1-20260930T122858Z.jpg  (336.2 KB, 4.24s)
2026-09-30T02:29:13-10:00job:security_camera_frame_grab | 02:29:02  📷  a-eyes  ch2 → ch2-20260930T122902Z.jpg  (312.9 KB, 4.58s)
2026-09-30T02:29:13-10:00job:security_camera_frame_grab | 02:29:07  📷  a-eyes  ch3 → ch3-20260930T122907Z.jpg  (385.4 KB, 4.43s)
2026-09-30T02:29:13-10:00job:security_camera_frame_grab | 02:29:11  📷  a-eyes  ch4 → ch4-20260930T122911Z.jpg  (12.6 KB, 1.56s)
2026-09-30T02:29:24-10:00  ✗  ecoflow_read_cycle  WAITING
2026-09-30T02:29:24-10:00job:sys_stats_cycle RUN  bash "/home/rootrecord/RootRecord-Ecosystem/1 - Servers/1 - RootRecord-Pacific-Solar-Server/System/scripts/sys-sample.sh"
2026-09-30T02:29:24-10:00job:sys_stats_cycle | SYSTEM  cpu=6%  load=0.73  mem=65%  src=sqlite
2026-09-30T02:29:24-10:00job:sys_stats_cycle | OK wrote /home/rootrecord/RootRecord-Ecosystem/2 - RootRecord-Database/System/samples/sys-20260930-022924.json
2026-09-30T02:29:57-10:00job:github_sync_all | — [ecosystem] no committable local changes
2026-09-30T02:29:57-10:00job:github_sync_all | ↓ [ecosystem] fetching origin/main
2026-09-30T02:29:57-10:00job:github_sync_all | From github.com:RootRecord-Software-Solutions/RootRecord-Ecosystem
2026-09-30T02:29:57-10:00job:github_sync_all | * branch            main       -> FETCH_HEAD
2026-09-30T02:29:57-10:00job:github_sync_all | — [ecosystem] local and GitHub already match
2026-09-30T02:29:57-10:00job:github_sync_all | — [ecosystem] nothing to push
2026-09-30T02:29:57-10:00job:github_sync_all | — [pacific] no local changes
2026-09-30T02:29:57-10:00job:github_sync_all | ↓ [pacific] fetching origin/main
2026-09-30T02:29:57-10:00job:github_sync_all | From github.com:RootRecord-Software-Solutions/RootRecord-Pacific-Solar-Server
2026-09-30T02:29:57-10:00job:github_sync_all | * branch            main       -> FETCH_HEAD
2026-09-30T02:29:57-10:00job:github_sync_all | — [pacific] local and GitHub already match
2026-09-30T02:29:57-10:00job:github_sync_all | — [pacific] nothing to push
2026-09-30T02:29:57-10:00job:github_sync_all | ↑ [database] committed 9 local file(s)
2026-09-30T02:29:57-10:00job:github_sync_all | ↓ [database] fetching origin/main
2026-09-30T02:29:57-10:00job:github_sync_all | From github.com:RootRecord-Software-Solutions/RootRecord-Database
2026-09-30T02:29:57-10:00job:github_sync_all | * branch            main       -> FETCH_HEAD
2026-09-30T02:29:57-10:00job:github_sync_all | ↑ [database] local is ahead of GitHub
2026-09-30T02:29:57-10:00job:github_sync_all | To github.com:RootRecord-Software-Solutions/RootRecord-Database.git
2026-09-30T02:29:57-10:00job:github_sync_all | 72f646a..59e5b45  HEAD -> main
2026-09-30T02:29:57-10:00job:github_sync_all | branch 'main' set up to track 'origin/main'.
2026-09-30T02:29:57-10:00job:github_sync_all | ↑ [database] 9 files → RootRecord-Software-Solutions/RootRecord-Database (main)
2026-09-30T02:29:57-10:00job:github_sync_all | — [library] no local changes
2026-09-30T02:29:57-10:00job:github_sync_all | ↓ [library] fetching origin/main
2026-09-30T02:29:57-10:00job:github_sync_all | From github.com:RootRecord-Software-Solutions/RootRecord-Library
2026-09-30T02:29:57-10:00job:github_sync_all | * branch            main       -> FETCH_HEAD
2026-09-30T02:29:57-10:00job:github_sync_all | — [library] local and GitHub already match
2026-09-30T02:29:57-10:00job:github_sync_all | — [library] nothing to push
2026-09-30T02:29:57-10:00job:github_sync_all | — [skills] no local changes
2026-09-30T02:29:57-10:00job:github_sync_all | ↓ [skills] fetching origin/main
2026-09-30T02:29:57-10:00job:github_sync_all | From github.com:rootrecordsoftwaresolutions/Solar-Pacific-RootRecord-Server
2026-09-30T02:29:57-10:00job:github_sync_all | * branch            main       -> FETCH_HEAD
2026-09-30T02:29:57-10:00job:github_sync_all | — [skills] local and GitHub already match
2026-09-30T02:29:57-10:00job:github_sync_all | — [skills] nothing to push
2026-09-30T02:29:57-10:00job:worklog_scan RUN  bash "/home/rootrecord/RootRecord-Ecosystem/1 - Servers/1 - RootRecord-Pacific-Solar-Server/Reports/scripts/worklog_once.sh"
2026-09-30T02:30:01-10:00job:worklog_scan | OK wrote/updated /home/rootrecord/RootRecord-Ecosystem/2 - RootRecord-Database/Worklog/worklog_current.md
2026-09-30T02:30:01-10:00job:security_camera_frame_grab RUN  bash "/home/rootrecord/RootRecord-Ecosystem/1 - Servers/1 - RootRecord-Pacific-Solar-Server/Security/Cameras/grab_all.sh"
2026-09-30T02:30:16-10:00job:security_camera_frame_grab | 02:30:02  📷  a-eyes  ch1 → ch1-20260930T123002Z.jpg  (336.3 KB, 4.30s)
2026-09-30T02:30:16-10:00job:security_camera_frame_grab | 02:30:06  📷  a-eyes  ch2 → ch2-20260930T123006Z.jpg  (314.8 KB, 4.48s)
2026-09-30T02:30:16-10:00job:security_camera_frame_grab | 02:30:10  📷  a-eyes  ch3 → ch3-20260930T123010Z.jpg  (382.6 KB, 4.52s)
2026-09-30T02:30:16-10:00job:security_camera_frame_grab | 02:30:15  📷  a-eyes  ch4 → ch4-20260930T123015Z.jpg  (12.7 KB, 1.56s)
2026-09-30T02:30:16-10:00job:service_supervisor RUN  bash "/home/rootrecord/RootRecord-Ecosystem/1 - Servers/1 - RootRecord-Pacific-Solar-Server/Automations/scripts/supervise-services.sh"
2026-09-30T02:30:17-10:00job:service_supervisor | [supervisor] weather alive pid=304140 304463 305661 305866 308654 309134 309348 309668 313159 342702 (act)
2026-09-30T02:30:17-10:00job:service_supervisor | [supervisor] relay alive pid=4374 (act)
2026-09-30T02:30:17-10:00ENERGY  status=live  B2=1%  B1=22.8%  solar=0 W  ac=57 W  usbc=0 W  src=/home/rootrecord/RootRecord-Ecosystem/2 - RootRecord-Database/Energy  LAP=100%/Full/AC
2026-09-30T02:30:32-10:00  ▸  SUMMARY=river2pro soc=21.85% solar=0W ac_out=32W usbc=17W src=ble db=ok
2026-09-30T02:30:32-10:00job:sys_stats_cycle RUN  bash "/home/rootrecord/RootRecord-Ecosystem/1 - Servers/1 - RootRecord-Pacific-Solar-Server/System/scripts/sys-sample.sh"
2026-09-30T02:30:32-10:00job:sys_stats_cycle | SYSTEM  cpu=29%  load=0.76  mem=65%  src=sqlite
2026-09-30T02:30:32-10:00job:sys_stats_cycle | OK wrote /home/rootrecord/RootRecord-Ecosystem/2 - RootRecord-Database/System/samples/sys-20260930-023032.json
2026-09-30T02:31:09-10:00job:github_sync_all | — [ecosystem] no committable local changes
2026-09-30T02:31:09-10:00job:github_sync_all | ↓ [ecosystem] fetching origin/main
2026-09-30T02:31:09-10:00job:github_sync_all | From github.com:RootRecord-Software-Solutions/RootRecord-Ecosystem
2026-09-30T02:31:09-10:00job:github_sync_all | * branch            main       -> FETCH_HEAD
2026-09-30T02:31:09-10:00job:github_sync_all | — [ecosystem] local and GitHub already match
2026-09-30T02:31:09-10:00job:github_sync_all | — [ecosystem] nothing to push
2026-09-30T02:31:09-10:00job:github_sync_all | — [pacific] no local changes
2026-09-30T02:31:09-10:00job:github_sync_all | ↓ [pacific] fetching origin/main
2026-09-30T02:31:09-10:00job:github_sync_all | From github.com:RootRecord-Software-Solutions/RootRecord-Pacific-Solar-Server
2026-09-30T02:31:09-10:00job:github_sync_all | * branch            main       -> FETCH_HEAD
2026-09-30T02:31:09-10:00job:github_sync_all | — [pacific] local and GitHub already match
2026-09-30T02:31:09-10:00job:github_sync_all | — [pacific] nothing to push
2026-09-30T02:31:09-10:00job:github_sync_all | ↑ [database] committed 18 local file(s)
2026-09-30T02:31:09-10:00job:github_sync_all | ↓ [database] fetching origin/main
2026-09-30T02:31:09-10:00job:github_sync_all | From github.com:RootRecord-Software-Solutions/RootRecord-Database
2026-09-30T02:31:09-10:00job:github_sync_all | * branch            main       -> FETCH_HEAD
2026-09-30T02:31:09-10:00job:github_sync_all | ↑ [database] local is ahead of GitHub
2026-09-30T02:31:09-10:00job:github_sync_all | To github.com:RootRecord-Software-Solutions/RootRecord-Database.git
2026-09-30T02:31:09-10:00job:github_sync_all | 59e5b45..5cbecb3  HEAD -> main
2026-09-30T02:31:09-10:00job:github_sync_all | branch 'main' set up to track 'origin/main'.
2026-09-30T02:31:09-10:00job:github_sync_all | ↑ [database] 18 files → RootRecord-Software-Solutions/RootRecord-Database (main)
2026-09-30T02:31:09-10:00job:github_sync_all | — [library] no local changes
2026-09-30T02:31:09-10:00job:github_sync_all | ↓ [library] fetching origin/main
2026-09-30T02:31:09-10:00job:github_sync_all | From github.com:RootRecord-Software-Solutions/RootRecord-Library
2026-09-30T02:31:09-10:00job:github_sync_all | * branch            main       -> FETCH_HEAD
2026-09-30T02:31:09-10:00job:github_sync_all | — [library] local and GitHub already match
2026-09-30T02:31:09-10:00job:github_sync_all | — [library] nothing to push
2026-09-30T02:31:09-10:00job:github_sync_all | — [skills] no local changes
2026-09-30T02:31:09-10:00job:github_sync_all | ↓ [skills] fetching origin/main
2026-09-30T02:31:09-10:00job:github_sync_all | From github.com:rootrecordsoftwaresolutions/Solar-Pacific-RootRecord-Server
2026-09-30T02:31:09-10:00job:github_sync_all | * branch            main       -> FETCH_HEAD
2026-09-30T02:31:09-10:00job:github_sync_all | — [skills] local and GitHub already match
2026-09-30T02:31:09-10:00job:github_sync_all | — [skills] nothing to push
2026-09-30T02:31:09-10:00job:security_camera_frame_grab RUN  bash "/home/rootrecord/RootRecord-Ecosystem/1 - Servers/1 - RootRecord-Pacific-Solar-Server/Security/Cameras/grab_all.sh"
2026-09-30T02:31:25-10:00job:security_camera_frame_grab | 02:31:09  📷  a-eyes  ch1 → ch1-20260930T123109Z.jpg  (332.7 KB, 4.65s)
2026-09-30T02:31:25-10:00job:security_camera_frame_grab | 02:31:14  📷  a-eyes  ch2 → ch2-20260930T123114Z.jpg  (314.0 KB, 4.47s)
2026-09-30T02:31:25-10:00job:security_camera_frame_grab | 02:31:18  📷  a-eyes  ch3 → ch3-20260930T123118Z.jpg  (384.0 KB, 4.48s)
2026-09-30T02:31:25-10:00job:security_camera_frame_grab | 02:31:23  📷  a-eyes  ch4 → ch4-20260930T123123Z.jpg  (12.5 KB, 1.60s)
2026-09-30T02:31:25-10:00ENERGY  status=live  B2=1%  B1=21.9%  solar=0 W  ac=57 W  usbc=0 W  src=/home/rootrecord/RootRecord-Ecosystem/2 - RootRecord-Database/Energy  LAP=100%/Full/AC
2026-09-30T02:31:40-10:00  ▸  SUMMARY=river2pro soc=21.63% solar=0W ac_out=38W usbc=20W src=ble db=ok
2026-09-30T02:31:40-10:00job:sys_stats_cycle RUN  bash "/home/rootrecord/RootRecord-Ecosystem/1 - Servers/1 - RootRecord-Pacific-Solar-Server/System/scripts/sys-sample.sh"
2026-09-30T02:31:40-10:00job:sys_stats_cycle | SYSTEM  cpu=6%  load=0.86  mem=67%  src=sqlite
2026-09-30T02:31:40-10:00job:sys_stats_cycle | OK wrote /home/rootrecord/RootRecord-Ecosystem/2 - RootRecord-Database/System/samples/sys-20260930-023140.json
2026-09-30T02:32:20-10:00job:github_sync_all | ↑ [ecosystem] committed 3 local file(s)
2026-09-30T02:32:20-10:00job:github_sync_all | ↓ [ecosystem] fetching origin/main
2026-09-30T02:32:20-10:00job:github_sync_all | From github.com:RootRecord-Software-Solutions/RootRecord-Ecosystem
2026-09-30T02:32:20-10:00job:github_sync_all | * branch            main       -> FETCH_HEAD
2026-09-30T02:32:20-10:00job:github_sync_all | ↑ [ecosystem] local is ahead of GitHub
2026-09-30T02:32:20-10:00job:github_sync_all | To github.com:RootRecord-Software-Solutions/RootRecord-Ecosystem.git
2026-09-30T02:32:20-10:00job:github_sync_all | ee33eb2..8803f85  HEAD -> main
2026-09-30T02:32:20-10:00job:github_sync_all | branch 'main' set up to track 'origin/main'.
2026-09-30T02:32:20-10:00job:github_sync_all | ↑ [ecosystem] 3 files → RootRecord-Software-Solutions/RootRecord-Ecosystem (main)
2026-09-30T02:32:20-10:00job:github_sync_all | ↑ [pacific] committed 3 local file(s)
2026-09-30T02:32:20-10:00job:github_sync_all | ↓ [pacific] fetching origin/main
2026-09-30T02:32:20-10:00job:github_sync_all | From github.com:RootRecord-Software-Solutions/RootRecord-Pacific-Solar-Server
2026-09-30T02:32:20-10:00job:github_sync_all | * branch            main       -> FETCH_HEAD
2026-09-30T02:32:20-10:00job:github_sync_all | ↑ [pacific] local is ahead of GitHub
2026-09-30T02:32:20-10:00job:github_sync_all | To github.com:RootRecord-Software-Solutions/RootRecord-Pacific-Solar-Server.git
2026-09-30T02:32:20-10:00job:github_sync_all | 200dcab..3e046a5  HEAD -> main
2026-09-30T02:32:20-10:00job:github_sync_all | branch 'main' set up to track 'origin/main'.
2026-09-30T02:32:20-10:00job:github_sync_all | ↑ [pacific] 3 files → RootRecord-Software-Solutions/RootRecord-Pacific-Solar-Server (main)
2026-09-30T02:32:20-10:00job:github_sync_all | ↑ [database] committed 12 local file(s)
2026-09-30T02:32:20-10:00job:github_sync_all | ↓ [database] fetching origin/main
2026-09-30T02:32:20-10:00job:github_sync_all | From github.com:RootRecord-Software-Solutions/RootRecord-Database
2026-09-30T02:32:20-10:00job:github_sync_all | * branch            main       -> FETCH_HEAD
2026-09-30T02:32:20-10:00job:github_sync_all | ↑ [database] local is ahead of GitHub
2026-09-30T02:32:20-10:00job:github_sync_all | To github.com:RootRecord-Software-Solutions/RootRecord-Database.git
2026-09-30T02:32:20-10:00job:github_sync_all | 5cbecb3..0751716  HEAD -> main
2026-09-30T02:32:20-10:00job:github_sync_all | branch 'main' set up to track 'origin/main'.
2026-09-30T02:32:20-10:00job:github_sync_all | ↑ [database] 12 files → RootRecord-Software-Solutions/RootRecord-Database (main)
2026-09-30T02:32:20-10:00job:github_sync_all | — [library] no local changes
2026-09-30T02:32:20-10:00job:github_sync_all | ↓ [library] fetching origin/main
2026-09-30T02:32:20-10:00job:github_sync_all | From github.com:RootRecord-Software-Solutions/RootRecord-Library
2026-09-30T02:32:20-10:00job:github_sync_all | * branch            main       -> FETCH_HEAD
2026-09-30T02:32:20-10:00job:github_sync_all | — [library] local and GitHub already match
2026-09-30T02:32:20-10:00job:github_sync_all | — [library] nothing to push
2026-09-30T02:32:20-10:00job:github_sync_all | — [skills] no local changes
2026-09-30T02:32:20-10:00job:github_sync_all | ↓ [skills] fetching origin/main
2026-09-30T02:32:20-10:00job:github_sync_all | From github.com:rootrecordsoftwaresolutions/Solar-Pacific-RootRecord-Server
2026-09-30T02:32:20-10:00job:github_sync_all | * branch            main       -> FETCH_HEAD
2026-09-30T02:32:20-10:00job:github_sync_all | — [skills] local and GitHub already match
2026-09-30T02:32:20-10:00job:github_sync_all | — [skills] nothing to push
2026-09-30T02:32:20-10:00job:worklog_scan RUN  bash "/home/rootrecord/RootRecord-Ecosystem/1 - Servers/1 - RootRecord-Pacific-Solar-Server/Reports/scripts/worklog_once.sh"
2026-09-30T02:32:24-10:00job:worklog_scan | OK wrote/updated /home/rootrecord/RootRecord-Ecosystem/2 - RootRecord-Database/Worklog/worklog_current.md
2026-09-30T02:32:24-10:00job:security_camera_frame_grab RUN  bash "/home/rootrecord/RootRecord-Ecosystem/1 - Servers/1 - RootRecord-Pacific-Solar-Server/Security/Cameras/grab_all.sh"
2026-09-30T02:32:38-10:00job:security_camera_frame_grab | 02:32:24  📷  a-eyes  ch1 → ch1-20260930T123224Z.jpg  (335.7 KB, 4.41s)
2026-09-30T02:32:38-10:00job:security_camera_frame_grab | 02:32:28  📷  a-eyes  ch2 → ch2-20260930T123228Z.jpg  (317.4 KB, 4.33s)
2026-09-30T02:32:38-10:00job:security_camera_frame_grab | 02:32:32  📷  a-eyes  ch3 → ch3-20260930T123232Z.jpg  (387.0 KB, 4.49s)
2026-09-30T02:32:38-10:00job:security_camera_frame_grab | 02:32:37  📷  a-eyes  ch4 → ch4-20260930T123237Z.jpg  (12.6 KB, 1.59s)
2026-09-30T02:32:39-10:00ENERGY  status=live  B2=1%  B1=21.6%  solar=0 W  ac=57 W  usbc=0 W  src=/home/rootrecord/RootRecord-Ecosystem/2 - RootRecord-Database/Energy  LAP=100%/Full/AC
2026-09-30T02:32:54-10:00  ▸  SUMMARY=river2pro soc=21.39% solar=0W ac_out=42W usbc=17W src=ble db=ok
2026-09-30T02:32:54-10:00job:sys_stats_cycle RUN  bash "/home/rootrecord/RootRecord-Ecosystem/1 - Servers/1 - RootRecord-Pacific-Solar-Server/System/scripts/sys-sample.sh"
2026-09-30T02:32:55-10:00job:sys_stats_cycle | SYSTEM  cpu=8%  load=1.09  mem=68%  src=sqlite
2026-09-30T02:32:55-10:00job:sys_stats_cycle | OK wrote /home/rootrecord/RootRecord-Ecosystem/2 - RootRecord-Database/System/samples/sys-20260930-023254.json
2026-09-30T02:33:38-10:00job:github_sync_all | ↑ [ecosystem] committed 3 local file(s)
2026-09-30T02:33:38-10:00job:github_sync_all | ↓ [ecosystem] fetching origin/main
2026-09-30T02:33:38-10:00job:github_sync_all | From github.com:RootRecord-Software-Solutions/RootRecord-Ecosystem
2026-09-30T02:33:38-10:00job:github_sync_all | * branch            main       -> FETCH_HEAD
2026-09-30T02:33:38-10:00job:github_sync_all | ↑ [ecosystem] local is ahead of GitHub
2026-09-30T02:33:38-10:00job:github_sync_all | To github.com:RootRecord-Software-Solutions/RootRecord-Ecosystem.git
2026-09-30T02:33:38-10:00job:github_sync_all | 8803f85..22b7eb1  HEAD -> main
2026-09-30T02:33:38-10:00job:github_sync_all | branch 'main' set up to track 'origin/main'.
2026-09-30T02:33:38-10:00job:github_sync_all | ↑ [ecosystem] 3 files → RootRecord-Software-Solutions/RootRecord-Ecosystem (main)
2026-09-30T02:33:38-10:00job:github_sync_all | ↑ [pacific] committed 4 local file(s)
2026-09-30T02:33:38-10:00job:github_sync_all | ↓ [pacific] fetching origin/main
2026-09-30T02:33:38-10:00job:github_sync_all | From github.com:RootRecord-Software-Solutions/RootRecord-Pacific-Solar-Server
2026-09-30T02:33:38-10:00job:github_sync_all | * branch            main       -> FETCH_HEAD
2026-09-30T02:33:38-10:00job:github_sync_all | ↑ [pacific] local is ahead of GitHub
2026-09-30T02:33:38-10:00job:github_sync_all | To github.com:RootRecord-Software-Solutions/RootRecord-Pacific-Solar-Server.git
2026-09-30T02:33:38-10:00job:github_sync_all | 3e046a5..c22804f  HEAD -> main
2026-09-30T02:33:38-10:00job:github_sync_all | branch 'main' set up to track 'origin/main'.
2026-09-30T02:33:38-10:00job:github_sync_all | ↑ [pacific] 4 files → RootRecord-Software-Solutions/RootRecord-Pacific-Solar-Server (main)
2026-09-30T02:33:38-10:00job:github_sync_all | ↑ [database] committed 16 local file(s)
2026-09-30T02:33:38-10:00job:github_sync_all | ↓ [database] fetching origin/main
2026-09-30T02:33:38-10:00job:github_sync_all | From github.com:RootRecord-Software-Solutions/RootRecord-Database
2026-09-30T02:33:38-10:00job:github_sync_all | * branch            main       -> FETCH_HEAD
2026-09-30T02:33:38-10:00job:github_sync_all | ↑ [database] local is ahead of GitHub
2026-09-30T02:33:38-10:00job:github_sync_all | To github.com:RootRecord-Software-Solutions/RootRecord-Database.git
2026-09-30T02:33:38-10:00job:github_sync_all | 0751716..415b714  HEAD -> main
2026-09-30T02:33:38-10:00job:github_sync_all | branch 'main' set up to track 'origin/main'.
2026-09-30T02:33:38-10:00job:github_sync_all | ↑ [database] 16 files → RootRecord-Software-Solutions/RootRecord-Database (main)
2026-09-30T02:33:38-10:00job:github_sync_all | — [library] no local changes
2026-09-30T02:33:38-10:00job:github_sync_all | ↓ [library] fetching origin/main
2026-09-30T02:33:38-10:00job:github_sync_all | From github.com:RootRecord-Software-Solutions/RootRecord-Library
2026-09-30T02:33:38-10:00job:github_sync_all | * branch            main       -> FETCH_HEAD
2026-09-30T02:33:38-10:00job:github_sync_all | — [library] local and GitHub already match
2026-09-30T02:33:38-10:00job:github_sync_all | — [library] nothing to push
2026-09-30T02:33:38-10:00job:github_sync_all | — [skills] no local changes
2026-09-30T02:33:38-10:00job:github_sync_all | ↓ [skills] fetching origin/main
2026-09-30T02:33:38-10:00job:github_sync_all | From github.com:rootrecordsoftwaresolutions/Solar-Pacific-RootRecord-Server
2026-09-30T02:33:38-10:00job:github_sync_all | * branch            main       -> FETCH_HEAD
2026-09-30T02:33:38-10:00job:github_sync_all | — [skills] local and GitHub already match
2026-09-30T02:33:38-10:00job:github_sync_all | — [skills] nothing to push
2026-09-30T02:33:38-10:00job:security_camera_frame_grab RUN  bash "/home/rootrecord/RootRecord-Ecosystem/1 - Servers/1 - RootRecord-Pacific-Solar-Server/Security/Cameras/grab_all.sh"
2026-09-30T02:33:53-10:00job:security_camera_frame_grab | 02:33:39  📷  a-eyes  ch1 → ch1-20260930T123339Z.jpg  (331.4 KB, 4.44s)
2026-09-30T02:33:53-10:00job:security_camera_frame_grab | 02:33:43  📷  a-eyes  ch2 → ch2-20260930T123343Z.jpg  (314.2 KB, 4.28s)
2026-09-30T02:33:53-10:00job:security_camera_frame_grab | 02:33:47  📷  a-eyes  ch3 → ch3-20260930T123347Z.jpg  (386.1 KB, 4.31s)
2026-09-30T02:33:53-10:00job:security_camera_frame_grab | 02:33:52  📷  a-eyes  ch4 → ch4-20260930T123352Z.jpg  (12.6 KB, 1.66s)
2026-09-30T02:33:54-10:00ENERGY  status=live  B2=1%  B1=21.4%  solar=0 W  ac=57 W  usbc=0 W  src=/home/rootrecord/RootRecord-Ecosystem/2 - RootRecord-Database/Energy  LAP=100%/Full/AC
2026-09-30T02:34:04-10:00  ✗  ecoflow_read_cycle  WAITING
2026-09-30T02:34:04-10:00job:sys_stats_cycle RUN  bash "/home/rootrecord/RootRecord-Ecosystem/1 - Servers/1 - RootRecord-Pacific-Solar-Server/System/scripts/sys-sample.sh"
2026-09-30T02:34:05-10:00job:sys_stats_cycle | SYSTEM  cpu=3%  load=0.64  mem=68%  src=sqlite
2026-09-30T02:34:05-10:00job:sys_stats_cycle | OK wrote /home/rootrecord/RootRecord-Ecosystem/2 - RootRecord-Database/System/samples/sys-20260930-023405.json
2026-09-30T02:34:46-10:00job:github_sync_all | ↑ [ecosystem] committed 3 local file(s)
2026-09-30T02:34:46-10:00job:github_sync_all | ↓ [ecosystem] fetching origin/main
2026-09-30T02:34:46-10:00job:github_sync_all | From github.com:RootRecord-Software-Solutions/RootRecord-Ecosystem
2026-09-30T02:34:46-10:00job:github_sync_all | * branch            main       -> FETCH_HEAD
2026-09-30T02:34:46-10:00job:github_sync_all | ↑ [ecosystem] local is ahead of GitHub
2026-09-30T02:34:46-10:00job:github_sync_all | To github.com:RootRecord-Software-Solutions/RootRecord-Ecosystem.git
2026-09-30T02:34:46-10:00job:github_sync_all | 22b7eb1..787783c  HEAD -> main
2026-09-30T02:34:46-10:00job:github_sync_all | branch 'main' set up to track 'origin/main'.
2026-09-30T02:34:46-10:00job:github_sync_all | ↑ [ecosystem] 3 files → RootRecord-Software-Solutions/RootRecord-Ecosystem (main)
2026-09-30T02:34:46-10:00job:github_sync_all | ↑ [pacific] committed 2 local file(s)
2026-09-30T02:34:46-10:00job:github_sync_all | ↓ [pacific] fetching origin/main
2026-09-30T02:34:46-10:00job:github_sync_all | From github.com:RootRecord-Software-Solutions/RootRecord-Pacific-Solar-Server
2026-09-30T02:34:46-10:00job:github_sync_all | * branch            main       -> FETCH_HEAD
2026-09-30T02:34:46-10:00job:github_sync_all | ↑ [pacific] local is ahead of GitHub
2026-09-30T02:34:46-10:00job:github_sync_all | To github.com:RootRecord-Software-Solutions/RootRecord-Pacific-Solar-Server.git
2026-09-30T02:34:46-10:00job:github_sync_all | c22804f..5ba5772  HEAD -> main
2026-09-30T02:34:46-10:00job:github_sync_all | branch 'main' set up to track 'origin/main'.
2026-09-30T02:34:46-10:00job:github_sync_all | ↑ [pacific] 2 files → RootRecord-Software-Solutions/RootRecord-Pacific-Solar-Server (main)
2026-09-30T02:34:46-10:00job:github_sync_all | ↑ [database] committed 9 local file(s)
2026-09-30T02:34:46-10:00job:github_sync_all | ↓ [database] fetching origin/main
2026-09-30T02:34:46-10:00job:github_sync_all | From github.com:RootRecord-Software-Solutions/RootRecord-Database
2026-09-30T02:34:46-10:00job:github_sync_all | * branch            main       -> FETCH_HEAD
2026-09-30T02:34:46-10:00job:github_sync_all | ↑ [database] local is ahead of GitHub
2026-09-30T02:34:46-10:00job:github_sync_all | To github.com:RootRecord-Software-Solutions/RootRecord-Database.git
2026-09-30T02:34:46-10:00job:github_sync_all | 415b714..93ae5f2  HEAD -> main
2026-09-30T02:34:46-10:00job:github_sync_all | branch 'main' set up to track 'origin/main'.
2026-09-30T02:34:46-10:00job:github_sync_all | ↑ [database] 9 files → RootRecord-Software-Solutions/RootRecord-Database (main)
2026-09-30T02:34:46-10:00job:github_sync_all | — [library] no local changes
2026-09-30T02:34:46-10:00job:github_sync_all | ↓ [library] fetching origin/main
2026-09-30T02:34:46-10:00job:github_sync_all | From github.com:RootRecord-Software-Solutions/RootRecord-Library
2026-09-30T02:34:46-10:00job:github_sync_all | * branch            main       -> FETCH_HEAD
2026-09-30T02:34:46-10:00job:github_sync_all | — [library] local and GitHub already match
2026-09-30T02:34:46-10:00job:github_sync_all | — [library] nothing to push
2026-09-30T02:34:46-10:00job:github_sync_all | — [skills] no local changes
2026-09-30T02:34:46-10:00job:github_sync_all | ↓ [skills] fetching origin/main
2026-09-30T02:34:46-10:00job:github_sync_all | From github.com:rootrecordsoftwaresolutions/Solar-Pacific-RootRecord-Server
2026-09-30T02:34:46-10:00job:github_sync_all | * branch            main       -> FETCH_HEAD
2026-09-30T02:34:46-10:00job:github_sync_all | — [skills] local and GitHub already match
2026-09-30T02:34:46-10:00job:github_sync_all | — [skills] nothing to push
2026-09-30T02:34:46-10:00job:worklog_scan RUN  bash "/home/rootrecord/RootRecord-Ecosystem/1 - Servers/1 - RootRecord-Pacific-Solar-Server/Reports/scripts/worklog_once.sh"
2026-09-30T02:34:53-10:00job:worklog_scan | OK wrote/updated /home/rootrecord/RootRecord-Ecosystem/2 - RootRecord-Database/Worklog/worklog_current.md
2026-09-30T02:34:53-10:00job:security_camera_frame_grab RUN  bash "/home/rootrecord/RootRecord-Ecosystem/1 - Servers/1 - RootRecord-Pacific-Solar-Server/Security/Cameras/grab_all.sh"
2026-09-30T02:35:08-10:00job:security_camera_frame_grab | 02:34:53  📷  a-eyes  ch1 → ch1-20260930T123453Z.jpg  (336.5 KB, 4.39s)
2026-09-30T02:35:08-10:00job:security_camera_frame_grab | 02:34:57  📷  a-eyes  ch2 → ch2-20260930T123457Z.jpg  (312.1 KB, 4.48s)
2026-09-30T02:35:08-10:00job:security_camera_frame_grab | 02:35:02  📷  a-eyes  ch3 → ch3-20260930T123502Z.jpg  (388.2 KB, 4.38s)
2026-09-30T02:35:08-10:00job:security_camera_frame_grab | 02:35:06  📷  a-eyes  ch4 → ch4-20260930T123506Z.jpg  (12.7 KB, 1.48s)
2026-09-30T02:35:08-10:00ENERGY  status=live  B2=1%  B1=21.4%  solar=0 W  ac=57 W  usbc=0 W  src=/home/rootrecord/RootRecord-Ecosystem/2 - RootRecord-Database/Energy  LAP=100%/Full/AC
2026-09-30T02:35:23-10:00  ▸  SUMMARY=river2pro soc=20.93% solar=0W ac_out=56W usbc=14W src=ble db=ok
2026-09-30T02:35:23-10:00job:sys_stats_cycle RUN  bash "/home/rootrecord/RootRecord-Ecosystem/1 - Servers/1 - RootRecord-Pacific-Solar-Server/System/scripts/sys-sample.sh"
2026-09-30T02:35:24-10:00job:sys_stats_cycle | SYSTEM  cpu=45%  load=2.48  mem=67%  src=sqlite
2026-09-30T02:35:24-10:00job:sys_stats_cycle | OK wrote /home/rootrecord/RootRecord-Ecosystem/2 - RootRecord-Database/System/samples/sys-20260930-023523.json
2026-09-30T02:35:57-10:00job:github_sync_all | — [ecosystem] no committable local changes
2026-09-30T02:35:57-10:00job:github_sync_all | ↓ [ecosystem] fetching origin/main
2026-09-30T02:35:57-10:00job:github_sync_all | From github.com:RootRecord-Software-Solutions/RootRecord-Ecosystem
2026-09-30T02:35:57-10:00job:github_sync_all | * branch            main       -> FETCH_HEAD
2026-09-30T02:35:57-10:00job:github_sync_all | — [ecosystem] local and GitHub already match
2026-09-30T02:35:57-10:00job:github_sync_all | — [ecosystem] nothing to push
2026-09-30T02:35:57-10:00job:github_sync_all | — [pacific] no local changes
2026-09-30T02:35:57-10:00job:github_sync_all | ↓ [pacific] fetching origin/main
2026-09-30T02:35:57-10:00job:github_sync_all | From github.com:RootRecord-Software-Solutions/RootRecord-Pacific-Solar-Server
2026-09-30T02:35:57-10:00job:github_sync_all | * branch            main       -> FETCH_HEAD
2026-09-30T02:35:57-10:00job:github_sync_all | — [pacific] local and GitHub already match
2026-09-30T02:35:57-10:00job:github_sync_all | — [pacific] nothing to push
2026-09-30T02:35:57-10:00job:github_sync_all | ↑ [database] committed 17 local file(s)
2026-09-30T02:35:57-10:00job:github_sync_all | ↓ [database] fetching origin/main
2026-09-30T02:35:57-10:00job:github_sync_all | From github.com:RootRecord-Software-Solutions/RootRecord-Database
2026-09-30T02:35:57-10:00job:github_sync_all | * branch            main       -> FETCH_HEAD
2026-09-30T02:35:57-10:00job:github_sync_all | ↑ [database] local is ahead of GitHub
2026-09-30T02:35:57-10:00job:github_sync_all | To github.com:RootRecord-Software-Solutions/RootRecord-Database.git
2026-09-30T02:35:57-10:00job:github_sync_all | 93ae5f2..bd947cc  HEAD -> main
2026-09-30T02:35:57-10:00job:github_sync_all | branch 'main' set up to track 'origin/main'.
2026-09-30T02:35:57-10:00job:github_sync_all | ↑ [database] 17 files → RootRecord-Software-Solutions/RootRecord-Database (main)
2026-09-30T02:35:57-10:00job:github_sync_all | — [library] no local changes
2026-09-30T02:35:57-10:00job:github_sync_all | ↓ [library] fetching origin/main
2026-09-30T02:35:57-10:00job:github_sync_all | From github.com:RootRecord-Software-Solutions/RootRecord-Library
2026-09-30T02:35:57-10:00job:github_sync_all | * branch            main       -> FETCH_HEAD
2026-09-30T02:35:57-10:00job:github_sync_all | — [library] local and GitHub already match
2026-09-30T02:35:57-10:00job:github_sync_all | — [library] nothing to push
2026-09-30T02:35:57-10:00job:github_sync_all | — [skills] no local changes
2026-09-30T02:35:57-10:00job:github_sync_all | ↓ [skills] fetching origin/main
2026-09-30T02:35:57-10:00job:github_sync_all | From github.com:rootrecordsoftwaresolutions/Solar-Pacific-RootRecord-Server
2026-09-30T02:35:57-10:00job:github_sync_all | * branch            main       -> FETCH_HEAD
2026-09-30T02:35:57-10:00job:github_sync_all | — [skills] local and GitHub already match
2026-09-30T02:35:57-10:00job:github_sync_all | — [skills] nothing to push
2026-09-30T02:35:57-10:00job:security_camera_frame_grab RUN  bash "/home/rootrecord/RootRecord-Ecosystem/1 - Servers/1 - RootRecord-Pacific-Solar-Server/Security/Cameras/grab_all.sh"
2026-09-30T02:36:12-10:00job:security_camera_frame_grab | 02:35:58  📷  a-eyes  ch1 → ch1-20260930T123558Z.jpg  (338.0 KB, 4.22s)
2026-09-30T02:36:12-10:00job:security_camera_frame_grab | 02:36:02  📷  a-eyes  ch2 → ch2-20260930T123602Z.jpg  (312.1 KB, 4.38s)
2026-09-30T02:36:12-10:00job:security_camera_frame_grab | 02:36:06  📷  a-eyes  ch3 → ch3-20260930T123606Z.jpg  (389.6 KB, 4.57s)
2026-09-30T02:36:12-10:00job:security_camera_frame_grab | 02:36:11  📷  a-eyes  ch4 → ch4-20260930T123611Z.jpg  (12.7 KB, 1.50s)
2026-09-30T02:36:12-10:00job:service_supervisor RUN  bash "/home/rootrecord/RootRecord-Ecosystem/1 - Servers/1 - RootRecord-Pacific-Solar-Server/Automations/scripts/supervise-services.sh"
2026-09-30T02:36:12-10:00job:service_supervisor | [supervisor] weather alive pid=304140 304463 305661 305866 308654 309134 309348 309668 313159 342702 (act)
2026-09-30T02:36:12-10:00job:service_supervisor | [supervisor] relay alive pid=4374 (act)
2026-09-30T02:36:13-10:00ENERGY  status=live  B2=1%  B1=20.9%  solar=0 W  ac=57 W  usbc=0 W  src=/home/rootrecord/RootRecord-Ecosystem/2 - RootRecord-Database/Energy  LAP=100%/Full/AC
2026-09-30T02:36:23-10:00  ✗  ecoflow_read_cycle  WAITING
2026-09-30T02:36:23-10:00job:sys_stats_cycle RUN  bash "/home/rootrecord/RootRecord-Ecosystem/1 - Servers/1 - RootRecord-Pacific-Solar-Server/System/scripts/sys-sample.sh"
2026-09-30T02:36:24-10:00job:sys_stats_cycle | SYSTEM  cpu=19%  load=1.51  mem=67%  src=sqlite
2026-09-30T02:36:24-10:00job:sys_stats_cycle | OK wrote /home/rootrecord/RootRecord-Ecosystem/2 - RootRecord-Database/System/samples/sys-20260930-023624.json
2026-09-30T02:36:56-10:00job:github_sync_all | — [ecosystem] no committable local changes
2026-09-30T02:36:56-10:00job:github_sync_all | ↓ [ecosystem] fetching origin/main
2026-09-30T02:36:56-10:00job:github_sync_all | From github.com:RootRecord-Software-Solutions/RootRecord-Ecosystem
2026-09-30T02:36:56-10:00job:github_sync_all | * branch            main       -> FETCH_HEAD
2026-09-30T02:36:56-10:00job:github_sync_all | — [ecosystem] local and GitHub already match
2026-09-30T02:36:56-10:00job:github_sync_all | — [ecosystem] nothing to push
2026-09-30T02:36:56-10:00job:github_sync_all | — [pacific] no local changes
2026-09-30T02:36:56-10:00job:github_sync_all | ↓ [pacific] fetching origin/main
2026-09-30T02:36:56-10:00job:github_sync_all | From github.com:RootRecord-Software-Solutions/RootRecord-Pacific-Solar-Server
2026-09-30T02:36:56-10:00job:github_sync_all | * branch            main       -> FETCH_HEAD
2026-09-30T02:36:56-10:00job:github_sync_all | — [pacific] local and GitHub already match
2026-09-30T02:36:56-10:00job:github_sync_all | — [pacific] nothing to push
2026-09-30T02:36:56-10:00job:github_sync_all | ↑ [database] committed 9 local file(s)
2026-09-30T02:36:56-10:00job:github_sync_all | ↓ [database] fetching origin/main
2026-09-30T02:36:56-10:00job:github_sync_all | From github.com:RootRecord-Software-Solutions/RootRecord-Database
2026-09-30T02:36:56-10:00job:github_sync_all | * branch            main       -> FETCH_HEAD
2026-09-30T02:36:56-10:00job:github_sync_all | ↑ [database] local is ahead of GitHub
2026-09-30T02:36:56-10:00job:github_sync_all | To github.com:RootRecord-Software-Solutions/RootRecord-Database.git
2026-09-30T02:36:56-10:00job:github_sync_all | bd947cc..5dc1bb3  HEAD -> main
2026-09-30T02:36:56-10:00job:github_sync_all | branch 'main' set up to track 'origin/main'.
2026-09-30T02:36:56-10:00job:github_sync_all | ↑ [database] 9 files → RootRecord-Software-Solutions/RootRecord-Database (main)
2026-09-30T02:36:56-10:00job:github_sync_all | — [library] no local changes
2026-09-30T02:36:56-10:00job:github_sync_all | ↓ [library] fetching origin/main
2026-09-30T02:36:56-10:00job:github_sync_all | From github.com:RootRecord-Software-Solutions/RootRecord-Library
2026-09-30T02:36:56-10:00job:github_sync_all | * branch            main       -> FETCH_HEAD
2026-09-30T02:36:56-10:00job:github_sync_all | — [library] local and GitHub already match
2026-09-30T02:36:56-10:00job:github_sync_all | — [library] nothing to push
2026-09-30T02:36:56-10:00job:github_sync_all | — [skills] no local changes
2026-09-30T02:36:56-10:00job:github_sync_all | ↓ [skills] fetching origin/main
2026-09-30T02:36:56-10:00job:github_sync_all | From github.com:rootrecordsoftwaresolutions/Solar-Pacific-RootRecord-Server
2026-09-30T02:36:56-10:00job:github_sync_all | * branch            main       -> FETCH_HEAD
2026-09-30T02:36:56-10:00job:github_sync_all | — [skills] local and GitHub already match
2026-09-30T02:36:56-10:00job:github_sync_all | — [skills] nothing to push
2026-09-30T02:36:56-10:00job:worklog_scan RUN  bash "/home/rootrecord/RootRecord-Ecosystem/1 - Servers/1 - RootRecord-Pacific-Solar-Server/Reports/scripts/worklog_once.sh"
2026-09-30T02:37:01-10:00job:worklog_scan | OK wrote/updated /home/rootrecord/RootRecord-Ecosystem/2 - RootRecord-Database/Worklog/worklog_current.md
2026-09-30T02:37:01-10:00job:security_camera_frame_grab RUN  bash "/home/rootrecord/RootRecord-Ecosystem/1 - Servers/1 - RootRecord-Pacific-Solar-Server/Security/Cameras/grab_all.sh"
2026-09-30T02:37:16-10:00job:security_camera_frame_grab | 02:37:01  📷  a-eyes  ch1 → ch1-20260930T123701Z.jpg  (337.2 KB, 4.37s)
2026-09-30T02:37:16-10:00job:security_camera_frame_grab | 02:37:05  📷  a-eyes  ch2 → ch2-20260930T123705Z.jpg  (313.6 KB, 4.27s)
2026-09-30T02:37:16-10:00job:security_camera_frame_grab | 02:37:10  📷  a-eyes  ch3 → ch3-20260930T123710Z.jpg  (388.3 KB, 4.39s)
2026-09-30T02:37:16-10:00job:security_camera_frame_grab | 02:37:14  📷  a-eyes  ch4 → ch4-20260930T123714Z.jpg  (12.6 KB, 1.68s)
2026-09-30T02:37:16-10:00ENERGY  status=live  B2=1%  B1=20.9%  solar=0 W  ac=57 W  usbc=0 W  src=/home/rootrecord/RootRecord-Ecosystem/2 - RootRecord-Database/Energy  LAP=100%/Full/AC
2026-09-30T02:37:31-10:00  ▸  SUMMARY=river2pro soc=20.52% solar=0W ac_out=43W usbc=14W src=ble db=ok
2026-09-30T02:37:31-10:00job:sys_stats_cycle RUN  bash "/home/rootrecord/RootRecord-Ecosystem/1 - Servers/1 - RootRecord-Pacific-Solar-Server/System/scripts/sys-sample.sh"
2026-09-30T02:37:32-10:00job:sys_stats_cycle | SYSTEM  cpu=3%  load=0.67  mem=68%  src=sqlite
2026-09-30T02:37:32-10:00job:sys_stats_cycle | OK wrote /home/rootrecord/RootRecord-Ecosystem/2 - RootRecord-Database/System/samples/sys-20260930-023731.json
2026-09-30T02:38:17-10:00job:github_sync_all | ↑ [ecosystem] committed 2 local file(s)
2026-09-30T02:38:17-10:00job:github_sync_all | ↓ [ecosystem] fetching origin/main
2026-09-30T02:38:17-10:00job:github_sync_all | From github.com:RootRecord-Software-Solutions/RootRecord-Ecosystem
2026-09-30T02:38:17-10:00job:github_sync_all | * branch            main       -> FETCH_HEAD
2026-09-30T02:38:17-10:00job:github_sync_all | ↑ [ecosystem] local is ahead of GitHub
2026-09-30T02:38:17-10:00job:github_sync_all | To github.com:RootRecord-Software-Solutions/RootRecord-Ecosystem.git
2026-09-30T02:38:17-10:00job:github_sync_all | 787783c..0790e48  HEAD -> main
2026-09-30T02:38:17-10:00job:github_sync_all | branch 'main' set up to track 'origin/main'.
2026-09-30T02:38:17-10:00job:github_sync_all | ↑ [ecosystem] 2 files → RootRecord-Software-Solutions/RootRecord-Ecosystem (main)
2026-09-30T02:38:17-10:00job:github_sync_all | ↑ [pacific] committed 2 local file(s)
2026-09-30T02:38:17-10:00job:github_sync_all | ↓ [pacific] fetching origin/main
2026-09-30T02:38:17-10:00job:github_sync_all | From github.com:RootRecord-Software-Solutions/RootRecord-Pacific-Solar-Server
2026-09-30T02:38:17-10:00job:github_sync_all | * branch            main       -> FETCH_HEAD
2026-09-30T02:38:17-10:00job:github_sync_all | ↑ [pacific] local is ahead of GitHub
2026-09-30T02:38:17-10:00job:github_sync_all | To github.com:RootRecord-Software-Solutions/RootRecord-Pacific-Solar-Server.git
2026-09-30T02:38:17-10:00job:github_sync_all | 5ba5772..a5bb120  HEAD -> main
2026-09-30T02:38:17-10:00job:github_sync_all | branch 'main' set up to track 'origin/main'.
2026-09-30T02:38:17-10:00job:github_sync_all | ↑ [pacific] 2 files → RootRecord-Software-Solutions/RootRecord-Pacific-Solar-Server (main)
2026-09-30T02:38:17-10:00job:github_sync_all | ↑ [database] committed 15 local file(s)
2026-09-30T02:38:17-10:00job:github_sync_all | ↓ [database] fetching origin/main
2026-09-30T02:38:17-10:00job:github_sync_all | From github.com:RootRecord-Software-Solutions/RootRecord-Database
2026-09-30T02:38:17-10:00job:github_sync_all | * branch            main       -> FETCH_HEAD
2026-09-30T02:38:17-10:00job:github_sync_all | ↑ [database] local is ahead of GitHub
2026-09-30T02:38:17-10:00job:github_sync_all | To github.com:RootRecord-Software-Solutions/RootRecord-Database.git
2026-09-30T02:38:17-10:00job:github_sync_all | 5dc1bb3..e1d687b  HEAD -> main
2026-09-30T02:38:17-10:00job:github_sync_all | branch 'main' set up to track 'origin/main'.
2026-09-30T02:38:17-10:00job:github_sync_all | ↑ [database] 15 files → RootRecord-Software-Solutions/RootRecord-Database (main)
2026-09-30T02:38:17-10:00job:github_sync_all | ↑ [library] committed 1 local file(s)
2026-09-30T02:38:17-10:00job:github_sync_all | ↓ [library] fetching origin/main
2026-09-30T02:38:17-10:00job:github_sync_all | From github.com:RootRecord-Software-Solutions/RootRecord-Library
2026-09-30T02:38:17-10:00job:github_sync_all | * branch            main       -> FETCH_HEAD
2026-09-30T02:38:17-10:00job:github_sync_all | ↑ [library] local is ahead of GitHub
2026-09-30T02:38:17-10:00job:github_sync_all | To github.com:RootRecord-Software-Solutions/RootRecord-Library.git
2026-09-30T02:38:17-10:00job:github_sync_all | a12763a..a0648af  HEAD -> main
2026-09-30T02:38:17-10:00job:github_sync_all | branch 'main' set up to track 'origin/main'.
2026-09-30T02:38:17-10:00job:github_sync_all | ↑ [library] 1 files → RootRecord-Software-Solutions/RootRecord-Library (main)
2026-09-30T02:38:17-10:00job:github_sync_all | — [skills] no local changes
2026-09-30T02:38:17-10:00job:github_sync_all | ↓ [skills] fetching origin/main
2026-09-30T02:38:17-10:00job:github_sync_all | From github.com:rootrecordsoftwaresolutions/Solar-Pacific-RootRecord-Server
2026-09-30T02:38:17-10:00job:github_sync_all | * branch            main       -> FETCH_HEAD
2026-09-30T02:38:17-10:00job:security_camera_frame_grab RUN  bash "/home/rootrecord/RootRecord-Ecosystem/1 - Servers/1 - RootRecord-Pacific-Solar-Server/Security/Cameras/grab_all.sh"
2026-09-30T02:38:32-10:00job:security_camera_frame_grab | 02:38:17  📷  a-eyes  ch1 → ch1-20260930T123817Z.jpg  (337.2 KB, 4.51s)
2026-09-30T02:38:32-10:00job:security_camera_frame_grab | 02:38:22  📷  a-eyes  ch2 → ch2-20260930T123822Z.jpg  (313.4 KB, 4.38s)
2026-09-30T02:38:32-10:00job:security_camera_frame_grab | 02:38:26  📷  a-eyes  ch3 → ch3-20260930T123826Z.jpg  (383.0 KB, 4.46s)
2026-09-30T02:38:32-10:00job:security_camera_frame_grab | 02:38:31  📷  a-eyes  ch4 → ch4-20260930T123831Z.jpg  (12.7 KB, 1.61s)
2026-09-30T02:38:33-10:00ENERGY  status=live  B2=1%  B1=20.5%  solar=0 W  ac=57 W  usbc=0 W  src=/home/rootrecord/RootRecord-Ecosystem/2 - RootRecord-Database/Energy  LAP=100%/Full/AC
2026-09-30T02:38:43-10:00  ✗  ecoflow_read_cycle  WAITING
2026-09-30T02:38:43-10:00job:sys_stats_cycle RUN  bash "/home/rootrecord/RootRecord-Ecosystem/1 - Servers/1 - RootRecord-Pacific-Solar-Server/System/scripts/sys-sample.sh"
2026-09-30T02:38:44-10:00job:sys_stats_cycle | SYSTEM  cpu=5%  load=0.81  mem=68%  src=sqlite
2026-09-30T02:38:44-10:00job:sys_stats_cycle | OK wrote /home/rootrecord/RootRecord-Ecosystem/2 - RootRecord-Database/System/samples/sys-20260930-023844.json
2026-09-30T02:39:26-10:00job:github_sync_all | ↑ [ecosystem] committed 7 local file(s)
2026-09-30T02:39:26-10:00job:github_sync_all | ↓ [ecosystem] fetching origin/main
2026-09-30T02:39:26-10:00job:github_sync_all | From github.com:RootRecord-Software-Solutions/RootRecord-Ecosystem
2026-09-30T02:39:26-10:00job:github_sync_all | * branch            main       -> FETCH_HEAD
2026-09-30T02:39:26-10:00job:github_sync_all | ↑ [ecosystem] local is ahead of GitHub
2026-09-30T02:39:26-10:00job:github_sync_all | To github.com:RootRecord-Software-Solutions/RootRecord-Ecosystem.git
2026-09-30T02:39:26-10:00job:github_sync_all | 0790e48..3edbb8e  HEAD -> main
2026-09-30T02:39:26-10:00job:github_sync_all | branch 'main' set up to track 'origin/main'.
2026-09-30T02:39:26-10:00job:github_sync_all | ↑ [ecosystem] 7 files → RootRecord-Software-Solutions/RootRecord-Ecosystem (main)
2026-09-30T02:39:26-10:00job:github_sync_all | ↑ [pacific] committed 1 local file(s)
2026-09-30T02:39:26-10:00job:github_sync_all | ↓ [pacific] fetching origin/main
2026-09-30T02:39:26-10:00job:github_sync_all | From github.com:RootRecord-Software-Solutions/RootRecord-Pacific-Solar-Server
2026-09-30T02:39:26-10:00job:github_sync_all | * branch            main       -> FETCH_HEAD
2026-09-30T02:39:26-10:00job:github_sync_all | ↑ [pacific] local is ahead of GitHub
2026-09-30T02:39:26-10:00job:github_sync_all | To github.com:RootRecord-Software-Solutions/RootRecord-Pacific-Solar-Server.git
2026-09-30T02:39:26-10:00job:github_sync_all | a5bb120..b145e33  HEAD -> main
2026-09-30T02:39:26-10:00job:github_sync_all | branch 'main' set up to track 'origin/main'.
2026-09-30T02:39:26-10:00job:github_sync_all | ↑ [pacific] 1 files → RootRecord-Software-Solutions/RootRecord-Pacific-Solar-Server (main)
2026-09-30T02:39:26-10:00job:github_sync_all | ↑ [database] committed 9 local file(s)
2026-09-30T02:39:26-10:00job:github_sync_all | ↓ [database] fetching origin/main
2026-09-30T02:39:26-10:00job:github_sync_all | From github.com:RootRecord-Software-Solutions/RootRecord-Database
2026-09-30T02:39:26-10:00job:github_sync_all | * branch            main       -> FETCH_HEAD
2026-09-30T02:39:26-10:00job:github_sync_all | ↑ [database] local is ahead of GitHub
2026-09-30T02:39:26-10:00job:github_sync_all | To github.com:RootRecord-Software-Solutions/RootRecord-Database.git
2026-09-30T02:39:26-10:00job:github_sync_all | e1d687b..6d1911e  HEAD -> main
2026-09-30T02:39:26-10:00job:github_sync_all | branch 'main' set up to track 'origin/main'.
2026-09-30T02:39:26-10:00job:github_sync_all | ↑ [database] 9 files → RootRecord-Software-Solutions/RootRecord-Database (main)
2026-09-30T02:39:26-10:00job:github_sync_all | ↑ [library] committed 11 local file(s)
2026-09-30T02:39:26-10:00job:github_sync_all | ↓ [library] fetching origin/main
2026-09-30T02:39:26-10:00job:github_sync_all | From github.com:RootRecord-Software-Solutions/RootRecord-Library
2026-09-30T02:39:26-10:00job:github_sync_all | * branch            main       -> FETCH_HEAD
2026-09-30T02:39:26-10:00job:github_sync_all | ↑ [library] local is ahead of GitHub
2026-09-30T02:39:26-10:00job:github_sync_all | To github.com:RootRecord-Software-Solutions/RootRecord-Library.git
2026-09-30T02:39:26-10:00job:github_sync_all | a0648af..92b38a5  HEAD -> main
2026-09-30T02:39:26-10:00job:github_sync_all | branch 'main' set up to track 'origin/main'.
2026-09-30T02:39:26-10:00job:github_sync_all | ↑ [library] 11 files → RootRecord-Software-Solutions/RootRecord-Library (main)
2026-09-30T02:39:26-10:00job:github_sync_all | — [skills] no local changes
2026-09-30T02:39:26-10:00job:github_sync_all | ↓ [skills] fetching origin/main
2026-09-30T02:39:26-10:00job:github_sync_all | From github.com:rootrecordsoftwaresolutions/Solar-Pacific-RootRecord-Server
2026-09-30T02:39:26-10:00job:github_sync_all | * branch            main       -> FETCH_HEAD
2026-09-30T02:39:26-10:00job:worklog_scan RUN  bash "/home/rootrecord/RootRecord-Ecosystem/1 - Servers/1 - RootRecord-Pacific-Solar-Server/Reports/scripts/worklog_once.sh"
2026-09-30T02:39:30-10:00job:worklog_scan | OK wrote/updated /home/rootrecord/RootRecord-Ecosystem/2 - RootRecord-Database/Worklog/worklog_current.md
2026-09-30T02:39:30-10:00job:security_camera_frame_grab RUN  bash "/home/rootrecord/RootRecord-Ecosystem/1 - Servers/1 - RootRecord-Pacific-Solar-Server/Security/Cameras/grab_all.sh"
2026-09-30T02:39:45-10:00job:security_camera_frame_grab | 02:39:30  📷  a-eyes  ch1 → ch1-20260930T123930Z.jpg  (340.1 KB, 4.29s)
2026-09-30T02:39:45-10:00job:security_camera_frame_grab | 02:39:35  📷  a-eyes  ch2 → ch2-20260930T123935Z.jpg  (313.9 KB, 4.37s)
2026-09-30T02:39:45-10:00job:security_camera_frame_grab | 02:39:39  📷  a-eyes  ch3 → ch3-20260930T123939Z.jpg  (384.2 KB, 4.36s)
2026-09-30T02:39:45-10:00job:security_camera_frame_grab | 02:39:43  📷  a-eyes  ch4 → ch4-20260930T123943Z.jpg  (12.7 KB, 1.60s)
2026-09-30T02:39:45-10:00ENERGY  status=live  B2=1%  B1=20.5%  solar=0 W  ac=57 W  usbc=0 W  src=/home/rootrecord/RootRecord-Ecosystem/2 - RootRecord-Database/Energy  LAP=100%/Full/AC
2026-09-30T02:40:00-10:00  ▸  SUMMARY=river2pro soc=20.04% solar=0W ac_out=46W usbc=14W src=ble db=ok
2026-09-30T02:40:00-10:00job:sys_stats_cycle RUN  bash "/home/rootrecord/RootRecord-Ecosystem/1 - Servers/1 - RootRecord-Pacific-Solar-Server/System/scripts/sys-sample.sh"
2026-09-30T02:40:01-10:00job:sys_stats_cycle | SYSTEM  cpu=2%  load=1.11  mem=68%  src=sqlite
2026-09-30T02:40:01-10:00job:sys_stats_cycle | OK wrote /home/rootrecord/RootRecord-Ecosystem/2 - RootRecord-Database/System/samples/sys-20260930-024001.json
2026-09-30T02:40:44-10:00job:github_sync_all | ↑ [ecosystem] committed 9 local file(s)
2026-09-30T02:40:44-10:00job:github_sync_all | ↓ [ecosystem] fetching origin/main
2026-09-30T02:40:44-10:00job:github_sync_all | From github.com:RootRecord-Software-Solutions/RootRecord-Ecosystem
2026-09-30T02:40:44-10:00job:github_sync_all | * branch            main       -> FETCH_HEAD
2026-09-30T02:40:44-10:00job:github_sync_all | ↑ [ecosystem] local is ahead of GitHub
2026-09-30T02:40:44-10:00job:github_sync_all | To github.com:RootRecord-Software-Solutions/RootRecord-Ecosystem.git
2026-09-30T02:40:44-10:00job:github_sync_all | 3edbb8e..5686738  HEAD -> main
2026-09-30T02:40:44-10:00job:github_sync_all | branch 'main' set up to track 'origin/main'.
2026-09-30T02:40:44-10:00job:github_sync_all | ↑ [ecosystem] 9 files → RootRecord-Software-Solutions/RootRecord-Ecosystem (main)
2026-09-30T02:40:44-10:00job:github_sync_all | — [pacific] no local changes
2026-09-30T02:40:44-10:00job:github_sync_all | ↓ [pacific] fetching origin/main
2026-09-30T02:40:44-10:00job:github_sync_all | From github.com:RootRecord-Software-Solutions/RootRecord-Pacific-Solar-Server
2026-09-30T02:40:44-10:00job:github_sync_all | * branch            main       -> FETCH_HEAD
2026-09-30T02:40:44-10:00job:github_sync_all | — [pacific] local and GitHub already match
2026-09-30T02:40:44-10:00job:github_sync_all | — [pacific] nothing to push
2026-09-30T02:40:44-10:00job:github_sync_all | ↑ [database] committed 16 local file(s)
2026-09-30T02:40:44-10:00job:github_sync_all | ↓ [database] fetching origin/main
2026-09-30T02:40:44-10:00job:github_sync_all | From github.com:RootRecord-Software-Solutions/RootRecord-Database
2026-09-30T02:40:44-10:00job:github_sync_all | * branch            main       -> FETCH_HEAD
2026-09-30T02:40:44-10:00job:github_sync_all | ↑ [database] local is ahead of GitHub
2026-09-30T02:40:44-10:00job:github_sync_all | To github.com:RootRecord-Software-Solutions/RootRecord-Database.git
2026-09-30T02:40:44-10:00job:github_sync_all | 6d1911e..16005a7  HEAD -> main
2026-09-30T02:40:44-10:00job:github_sync_all | branch 'main' set up to track 'origin/main'.
2026-09-30T02:40:44-10:00job:github_sync_all | ↑ [database] 16 files → RootRecord-Software-Solutions/RootRecord-Database (main)
2026-09-30T02:40:44-10:00job:github_sync_all | ↑ [library] committed 4 local file(s)
2026-09-30T02:40:44-10:00job:github_sync_all | ↓ [library] fetching origin/main
2026-09-30T02:40:44-10:00job:github_sync_all | From github.com:RootRecord-Software-Solutions/RootRecord-Library
2026-09-30T02:40:44-10:00job:github_sync_all | * branch            main       -> FETCH_HEAD
2026-09-30T02:40:44-10:00job:github_sync_all | ↑ [library] local is ahead of GitHub
2026-09-30T02:40:44-10:00job:github_sync_all | To github.com:RootRecord-Software-Solutions/RootRecord-Library.git
2026-09-30T02:40:44-10:00job:github_sync_all | 92b38a5..01d21e2  HEAD -> main
2026-09-30T02:40:44-10:00job:github_sync_all | branch 'main' set up to track 'origin/main'.
2026-09-30T02:40:44-10:00job:github_sync_all | ↑ [library] 4 files → RootRecord-Software-Solutions/RootRecord-Library (main)
2026-09-30T02:40:44-10:00job:github_sync_all | — [skills] no local changes
2026-09-30T02:40:44-10:00job:github_sync_all | ↓ [skills] fetching origin/main
2026-09-30T02:40:44-10:00job:github_sync_all | From github.com:rootrecordsoftwaresolutions/Solar-Pacific-RootRecord-Server
2026-09-30T02:40:44-10:00job:github_sync_all | * branch            main       -> FETCH_HEAD
2026-09-30T02:40:44-10:00job:github_sync_all | — [skills] local and GitHub already match
2026-09-30T02:40:44-10:00job:github_sync_all | — [skills] nothing to push
2026-09-30T02:40:44-10:00job:security_camera_frame_grab RUN  bash "/home/rootrecord/RootRecord-Ecosystem/1 - Servers/1 - RootRecord-Pacific-Solar-Server/Security/Cameras/grab_all.sh"
2026-09-30T02:40:59-10:00job:security_camera_frame_grab | 02:40:44  📷  a-eyes  ch1 → ch1-20260930T124044Z.jpg  (339.2 KB, 4.44s)
2026-09-30T02:40:59-10:00job:security_camera_frame_grab | 02:40:48  📷  a-eyes  ch2 → ch2-20260930T124048Z.jpg  (314.9 KB, 4.48s)
2026-09-30T02:40:59-10:00job:security_camera_frame_grab | 02:40:53  📷  a-eyes  ch3 → ch3-20260930T124053Z.jpg  (382.0 KB, 4.47s)
2026-09-30T02:40:59-10:00job:security_camera_frame_grab | 02:40:57  📷  a-eyes  ch4 → ch4-20260930T124057Z.jpg  (12.7 KB, 1.50s)
2026-09-30T02:40:59-10:00ENERGY  status=live  B2=1%  B1=20.0%  solar=0 W  ac=57 W  usbc=0 W  src=/home/rootrecord/RootRecord-Ecosystem/2 - RootRecord-Database/Energy  LAP=100%/Full/AC
2026-09-30T02:41:14-10:00  ▸  SUMMARY=river2pro soc=19.81% solar=0W ac_out=38W usbc=14W src=ble db=ok
2026-09-30T02:41:14-10:00job:sys_stats_cycle RUN  bash "/home/rootrecord/RootRecord-Ecosystem/1 - Servers/1 - RootRecord-Pacific-Solar-Server/System/scripts/sys-sample.sh"
2026-09-30T02:41:14-10:00job:sys_stats_cycle | SYSTEM  cpu=6%  load=1.71  mem=67%  src=sqlite
2026-09-30T02:41:14-10:00job:sys_stats_cycle | OK wrote /home/rootrecord/RootRecord-Ecosystem/2 - RootRecord-Database/System/samples/sys-20260930-024114.json
2026-09-30T02:41:49-10:00job:github_sync_all | — [ecosystem] no committable local changes
2026-09-30T02:41:49-10:00job:github_sync_all | ↓ [ecosystem] fetching origin/main
2026-09-30T02:41:49-10:00job:github_sync_all | From github.com:RootRecord-Software-Solutions/RootRecord-Ecosystem
2026-09-30T02:41:49-10:00job:github_sync_all | * branch            main       -> FETCH_HEAD
2026-09-30T02:41:49-10:00job:github_sync_all | — [ecosystem] local and GitHub already match
2026-09-30T02:41:49-10:00job:github_sync_all | — [ecosystem] nothing to push
2026-09-30T02:41:49-10:00job:github_sync_all | — [pacific] no local changes
2026-09-30T02:41:49-10:00job:github_sync_all | ↓ [pacific] fetching origin/main
2026-09-30T02:41:49-10:00job:github_sync_all | From github.com:RootRecord-Software-Solutions/RootRecord-Pacific-Solar-Server
2026-09-30T02:41:49-10:00job:github_sync_all | * branch            main       -> FETCH_HEAD
2026-09-30T02:41:49-10:00job:github_sync_all | — [pacific] local and GitHub already match
2026-09-30T02:41:49-10:00job:github_sync_all | — [pacific] nothing to push
2026-09-30T02:41:49-10:00job:github_sync_all | ↑ [database] committed 12 local file(s)
2026-09-30T02:41:49-10:00job:github_sync_all | ↓ [database] fetching origin/main
2026-09-30T02:41:49-10:00job:github_sync_all | From github.com:RootRecord-Software-Solutions/RootRecord-Database
2026-09-30T02:41:49-10:00job:github_sync_all | * branch            main       -> FETCH_HEAD
2026-09-30T02:41:49-10:00job:github_sync_all | ↑ [database] local is ahead of GitHub
2026-09-30T02:41:49-10:00job:github_sync_all | To github.com:RootRecord-Software-Solutions/RootRecord-Database.git
2026-09-30T02:41:49-10:00job:github_sync_all | 16005a7..34fa70f  HEAD -> main
2026-09-30T02:41:49-10:00job:github_sync_all | branch 'main' set up to track 'origin/main'.
2026-09-30T02:41:49-10:00job:github_sync_all | ↑ [database] 12 files → RootRecord-Software-Solutions/RootRecord-Database (main)
2026-09-30T02:41:49-10:00job:github_sync_all | — [library] no local changes
2026-09-30T02:41:49-10:00job:github_sync_all | ↓ [library] fetching origin/main
2026-09-30T02:41:49-10:00job:github_sync_all | From github.com:RootRecord-Software-Solutions/RootRecord-Library
2026-09-30T02:41:49-10:00job:github_sync_all | * branch            main       -> FETCH_HEAD
2026-09-30T02:41:49-10:00job:github_sync_all | — [library] local and GitHub already match
2026-09-30T02:41:49-10:00job:github_sync_all | — [library] nothing to push
2026-09-30T02:41:49-10:00job:github_sync_all | — [skills] no local changes
2026-09-30T02:41:49-10:00job:github_sync_all | ↓ [skills] fetching origin/main
2026-09-30T02:41:49-10:00job:github_sync_all | From github.com:rootrecordsoftwaresolutions/Solar-Pacific-RootRecord-Server
2026-09-30T02:41:49-10:00job:github_sync_all | * branch            main       -> FETCH_HEAD
2026-09-30T02:41:49-10:00job:github_sync_all | — [skills] local and GitHub already match
2026-09-30T02:41:49-10:00job:github_sync_all | — [skills] nothing to push
2026-09-30T02:41:49-10:00job:worklog_scan RUN  bash "/home/rootrecord/RootRecord-Ecosystem/1 - Servers/1 - RootRecord-Pacific-Solar-Server/Reports/scripts/worklog_once.sh"
2026-09-30T02:41:56-10:00job:worklog_scan | OK wrote/updated /home/rootrecord/RootRecord-Ecosystem/2 - RootRecord-Database/Worklog/worklog_current.md
2026-09-30T02:41:56-10:00job:security_camera_frame_grab RUN  bash "/home/rootrecord/RootRecord-Ecosystem/1 - Servers/1 - RootRecord-Pacific-Solar-Server/Security/Cameras/grab_all.sh"
2026-09-30T02:42:11-10:00job:security_camera_frame_grab | 02:41:56  📷  a-eyes  ch1 → ch1-20260930T124156Z.jpg  (337.6 KB, 4.30s)
2026-09-30T02:42:11-10:00job:security_camera_frame_grab | 02:42:00  📷  a-eyes  ch2 → ch2-20260930T124200Z.jpg  (313.7 KB, 4.38s)
2026-09-30T02:42:11-10:00job:security_camera_frame_grab | 02:42:05  📷  a-eyes  ch3 → ch3-20260930T124205Z.jpg  (386.4 KB, 4.27s)
2026-09-30T02:42:11-10:00job:security_camera_frame_grab | 02:42:09  📷  a-eyes  ch4 → ch4-20260930T124209Z.jpg  (12.6 KB, 1.49s)
2026-09-30T02:42:11-10:00job:service_supervisor RUN  bash "/home/rootrecord/RootRecord-Ecosystem/1 - Servers/1 - RootRecord-Pacific-Solar-Server/Automations/scripts/supervise-services.sh"
2026-09-30T02:42:11-10:00job:service_supervisor | [supervisor] weather alive pid=304140 304463 305661 305866 308654 309134 309348 309668 313159 342702 392716 (act)
2026-09-30T02:42:11-10:00job:service_supervisor | [supervisor] relay alive pid=4374 (act)
2026-09-30T02:42:11-10:00ENERGY  status=live  B2=1%  B1=19.8%  solar=0 W  ac=57 W  usbc=0 W  src=/home/rootrecord/RootRecord-Ecosystem/2 - RootRecord-Database/Energy  LAP=100%/Full/AC
2026-09-30T02:42:22-10:00  ✗  ecoflow_read_cycle  WAITING
2026-09-30T02:42:22-10:00job:sys_stats_cycle RUN  bash "/home/rootrecord/RootRecord-Ecosystem/1 - Servers/1 - RootRecord-Pacific-Solar-Server/System/scripts/sys-sample.sh"
2026-09-30T02:42:22-10:00job:sys_stats_cycle | SYSTEM  cpu=4%  load=1.87  mem=67%  src=sqlite
2026-09-30T02:42:22-10:00job:sys_stats_cycle | OK wrote /home/rootrecord/RootRecord-Ecosystem/2 - RootRecord-Database/System/samples/sys-20260930-024222.json
2026-09-30T02:43:04-10:00job:github_sync_all | ↑ [ecosystem] committed 1 local file(s)
2026-09-30T02:43:04-10:00job:github_sync_all | ↓ [ecosystem] fetching origin/main
2026-09-30T02:43:04-10:00job:github_sync_all | From github.com:RootRecord-Software-Solutions/RootRecord-Ecosystem
2026-09-30T02:43:04-10:00job:github_sync_all | * branch            main       -> FETCH_HEAD
2026-09-30T02:43:04-10:00job:github_sync_all | ↑ [ecosystem] local is ahead of GitHub
2026-09-30T02:43:04-10:00job:github_sync_all | To github.com:RootRecord-Software-Solutions/RootRecord-Ecosystem.git
2026-09-30T02:43:04-10:00job:github_sync_all | 5686738..5842dce  HEAD -> main
2026-09-30T02:43:04-10:00job:github_sync_all | branch 'main' set up to track 'origin/main'.
2026-09-30T02:43:04-10:00job:github_sync_all | ↑ [ecosystem] 1 files → RootRecord-Software-Solutions/RootRecord-Ecosystem (main)
2026-09-30T02:43:04-10:00job:github_sync_all | ↑ [pacific] committed 1 local file(s)
2026-09-30T02:43:04-10:00job:github_sync_all | ↓ [pacific] fetching origin/main
2026-09-30T02:43:04-10:00job:github_sync_all | From github.com:RootRecord-Software-Solutions/RootRecord-Pacific-Solar-Server
2026-09-30T02:43:04-10:00job:github_sync_all | * branch            main       -> FETCH_HEAD
2026-09-30T02:43:04-10:00job:github_sync_all | ↑ [pacific] local is ahead of GitHub
2026-09-30T02:43:04-10:00job:github_sync_all | To github.com:RootRecord-Software-Solutions/RootRecord-Pacific-Solar-Server.git
2026-09-30T02:43:04-10:00job:github_sync_all | b145e33..821f550  HEAD -> main
2026-09-30T02:43:04-10:00job:github_sync_all | branch 'main' set up to track 'origin/main'.
2026-09-30T02:43:04-10:00job:github_sync_all | ↑ [pacific] 1 files → RootRecord-Software-Solutions/RootRecord-Pacific-Solar-Server (main)
2026-09-30T02:43:04-10:00job:github_sync_all | ↑ [database] committed 13 local file(s)
2026-09-30T02:43:04-10:00job:github_sync_all | ↓ [database] fetching origin/main
2026-09-30T02:43:04-10:00job:github_sync_all | From github.com:RootRecord-Software-Solutions/RootRecord-Database
2026-09-30T02:43:04-10:00job:github_sync_all | * branch            main       -> FETCH_HEAD
2026-09-30T02:43:04-10:00job:github_sync_all | ↑ [database] local is ahead of GitHub
2026-09-30T02:43:04-10:00job:github_sync_all | To github.com:RootRecord-Software-Solutions/RootRecord-Database.git
2026-09-30T02:43:04-10:00job:github_sync_all | 34fa70f..03917a7  HEAD -> main
2026-09-30T02:43:04-10:00job:github_sync_all | branch 'main' set up to track 'origin/main'.
2026-09-30T02:43:04-10:00job:github_sync_all | ↑ [database] 13 files → RootRecord-Software-Solutions/RootRecord-Database (main)
2026-09-30T02:43:04-10:00job:github_sync_all | — [library] no local changes
2026-09-30T02:43:04-10:00job:github_sync_all | ↓ [library] fetching origin/main
2026-09-30T02:43:04-10:00job:github_sync_all | From github.com:RootRecord-Software-Solutions/RootRecord-Library
2026-09-30T02:43:04-10:00job:github_sync_all | * branch            main       -> FETCH_HEAD
2026-09-30T02:43:04-10:00job:github_sync_all | — [library] local and GitHub already match
2026-09-30T02:43:04-10:00job:github_sync_all | — [library] nothing to push
2026-09-30T02:43:04-10:00job:github_sync_all | — [skills] no local changes
2026-09-30T02:43:04-10:00job:github_sync_all | ↓ [skills] fetching origin/main
2026-09-30T02:43:04-10:00job:github_sync_all | From github.com:rootrecordsoftwaresolutions/Solar-Pacific-RootRecord-Server
2026-09-30T02:43:04-10:00job:github_sync_all | * branch            main       -> FETCH_HEAD
2026-09-30T02:43:04-10:00job:github_sync_all | — [skills] local and GitHub already match
2026-09-30T02:43:04-10:00job:github_sync_all | — [skills] nothing to push
2026-09-30T02:43:04-10:00job:security_camera_frame_grab RUN  bash "/home/rootrecord/RootRecord-Ecosystem/1 - Servers/1 - RootRecord-Pacific-Solar-Server/Security/Cameras/grab_all.sh"
2026-09-30T02:43:20-10:00job:security_camera_frame_grab | 02:43:05  📷  a-eyes  ch1 → ch1-20260930T124305Z.jpg  (337.7 KB, 4.43s)
2026-09-30T02:43:20-10:00job:security_camera_frame_grab | 02:43:09  📷  a-eyes  ch2 → ch2-20260930T124309Z.jpg  (317.0 KB, 4.69s)
2026-09-30T02:43:20-10:00job:security_camera_frame_grab | 02:43:14  📷  a-eyes  ch3 → ch3-20260930T124314Z.jpg  (389.3 KB, 4.39s)
2026-09-30T02:43:20-10:00job:security_camera_frame_grab | 02:43:18  📷  a-eyes  ch4 → ch4-20260930T124318Z.jpg  (12.6 KB, 1.47s)
2026-09-30T02:43:20-10:00ENERGY  status=live  B2=1%  B1=19.8%  solar=0 W  ac=57 W  usbc=0 W  src=/home/rootrecord/RootRecord-Ecosystem/2 - RootRecord-Database/Energy  LAP=100%/Full/AC
2026-09-30T02:43:30-10:00  ✗  ecoflow_read_cycle  WAITING
2026-09-30T02:43:30-10:00job:sys_stats_cycle RUN  bash "/home/rootrecord/RootRecord-Ecosystem/1 - Servers/1 - RootRecord-Pacific-Solar-Server/System/scripts/sys-sample.sh"
2026-09-30T02:43:31-10:00job:sys_stats_cycle | SYSTEM  cpu=5%  load=1.53  mem=67%  src=sqlite
2026-09-30T02:43:31-10:00job:sys_stats_cycle | OK wrote /home/rootrecord/RootRecord-Ecosystem/2 - RootRecord-Database/System/samples/sys-20260930-024331.json
2026-09-30T02:44:10-10:00job:github_sync_all | — [ecosystem] no committable local changes
2026-09-30T02:44:10-10:00job:github_sync_all | ↓ [ecosystem] fetching origin/main
2026-09-30T02:44:10-10:00job:github_sync_all | From github.com:RootRecord-Software-Solutions/RootRecord-Ecosystem
2026-09-30T02:44:10-10:00job:github_sync_all | * branch            main       -> FETCH_HEAD
2026-09-30T02:44:10-10:00job:github_sync_all | — [ecosystem] local and GitHub already match
2026-09-30T02:44:10-10:00job:github_sync_all | — [ecosystem] nothing to push
2026-09-30T02:44:10-10:00job:github_sync_all | — [pacific] no local changes
2026-09-30T02:44:10-10:00job:github_sync_all | ↓ [pacific] fetching origin/main
2026-09-30T02:44:10-10:00job:github_sync_all | From github.com:RootRecord-Software-Solutions/RootRecord-Pacific-Solar-Server
2026-09-30T02:44:10-10:00job:github_sync_all | * branch            main       -> FETCH_HEAD
2026-09-30T02:44:10-10:00job:github_sync_all | — [pacific] local and GitHub already match
2026-09-30T02:44:10-10:00job:github_sync_all | — [pacific] nothing to push
2026-09-30T02:44:10-10:00job:github_sync_all | ↑ [database] committed 9 local file(s)
2026-09-30T02:44:10-10:00job:github_sync_all | ↓ [database] fetching origin/main
2026-09-30T02:44:10-10:00job:github_sync_all | From github.com:RootRecord-Software-Solutions/RootRecord-Database
2026-09-30T02:44:10-10:00job:github_sync_all | * branch            main       -> FETCH_HEAD
2026-09-30T02:44:10-10:00job:github_sync_all | ↑ [database] local is ahead of GitHub
2026-09-30T02:44:10-10:00job:github_sync_all | To github.com:RootRecord-Software-Solutions/RootRecord-Database.git
2026-09-30T02:44:10-10:00job:github_sync_all | 03917a7..278e027  HEAD -> main
2026-09-30T02:44:10-10:00job:github_sync_all | branch 'main' set up to track 'origin/main'.
2026-09-30T02:44:10-10:00job:github_sync_all | ↑ [database] 9 files → RootRecord-Software-Solutions/RootRecord-Database (main)
2026-09-30T02:44:10-10:00job:github_sync_all | — [library] no local changes
2026-09-30T02:44:10-10:00job:github_sync_all | ↓ [library] fetching origin/main
2026-09-30T02:44:10-10:00job:github_sync_all | From github.com:RootRecord-Software-Solutions/RootRecord-Library
2026-09-30T02:44:10-10:00job:github_sync_all | * branch            main       -> FETCH_HEAD
2026-09-30T02:44:10-10:00job:github_sync_all | — [library] local and GitHub already match
2026-09-30T02:44:10-10:00job:github_sync_all | — [library] nothing to push
2026-09-30T02:44:10-10:00job:github_sync_all | — [skills] no local changes
2026-09-30T02:44:10-10:00job:github_sync_all | ↓ [skills] fetching origin/main
2026-09-30T02:44:10-10:00job:github_sync_all | From github.com:rootrecordsoftwaresolutions/Solar-Pacific-RootRecord-Server
2026-09-30T02:44:10-10:00job:github_sync_all | * branch            main       -> FETCH_HEAD
2026-09-30T02:44:10-10:00job:github_sync_all | — [skills] local and GitHub already match
2026-09-30T02:44:10-10:00job:github_sync_all | — [skills] nothing to push
2026-09-30T02:44:10-10:00job:worklog_scan RUN  bash "/home/rootrecord/RootRecord-Ecosystem/1 - Servers/1 - RootRecord-Pacific-Solar-Server/Reports/scripts/worklog_once.sh"
2026-09-30T02:44:17-10:00job:worklog_scan | OK wrote/updated /home/rootrecord/RootRecord-Ecosystem/2 - RootRecord-Database/Worklog/worklog_current.md
2026-09-30T02:44:17-10:00job:security_camera_frame_grab RUN  bash "/home/rootrecord/RootRecord-Ecosystem/1 - Servers/1 - RootRecord-Pacific-Solar-Server/Security/Cameras/grab_all.sh"
2026-09-30T02:44:32-10:00job:security_camera_frame_grab | 02:44:17  📷  a-eyes  ch1 → ch1-20260930T124417Z.jpg  (335.2 KB, 4.45s)
2026-09-30T02:44:32-10:00job:security_camera_frame_grab | 02:44:22  📷  a-eyes  ch2 → ch2-20260930T124422Z.jpg  (322.9 KB, 4.37s)
2026-09-30T02:44:32-10:00job:security_camera_frame_grab | 02:44:26  📷  a-eyes  ch3 → ch3-20260930T124426Z.jpg  (335.0 KB, 4.51s)
2026-09-30T02:44:32-10:00job:security_camera_frame_grab | 02:44:31  📷  a-eyes  ch4 → ch4-20260930T124431Z.jpg  (12.5 KB, 1.68s)
2026-09-30T02:44:33-10:00ENERGY  status=live  B2=1%  B1=19.8%  solar=0 W  ac=57 W  usbc=0 W  src=/home/rootrecord/RootRecord-Ecosystem/2 - RootRecord-Database/Energy  LAP=100%/Full/AC
2026-09-30T02:44:43-10:00  ✗  ecoflow_read_cycle  WAITING
2026-09-30T02:44:43-10:00job:sys_stats_cycle RUN  bash "/home/rootrecord/RootRecord-Ecosystem/1 - Servers/1 - RootRecord-Pacific-Solar-Server/System/scripts/sys-sample.sh"
2026-09-30T02:44:44-10:00job:sys_stats_cycle | SYSTEM  cpu=5%  load=1.36  mem=67%  src=sqlite
2026-09-30T02:44:44-10:00job:sys_stats_cycle | OK wrote /home/rootrecord/RootRecord-Ecosystem/2 - RootRecord-Database/System/samples/sys-20260930-024443.json
2026-09-30T02:45:18-10:00job:github_sync_all | — [ecosystem] no committable local changes
2026-09-30T02:45:18-10:00job:github_sync_all | ↓ [ecosystem] fetching origin/main
2026-09-30T02:45:18-10:00job:github_sync_all | From github.com:RootRecord-Software-Solutions/RootRecord-Ecosystem
2026-09-30T02:45:18-10:00job:github_sync_all | * branch            main       -> FETCH_HEAD
2026-09-30T02:45:18-10:00job:github_sync_all | — [ecosystem] local and GitHub already match
2026-09-30T02:45:18-10:00job:github_sync_all | — [ecosystem] nothing to push
2026-09-30T02:45:18-10:00job:github_sync_all | — [pacific] no local changes
2026-09-30T02:45:18-10:00job:github_sync_all | ↓ [pacific] fetching origin/main
2026-09-30T02:45:18-10:00job:github_sync_all | From github.com:RootRecord-Software-Solutions/RootRecord-Pacific-Solar-Server
2026-09-30T02:45:18-10:00job:github_sync_all | * branch            main       -> FETCH_HEAD
2026-09-30T02:45:18-10:00job:github_sync_all | — [pacific] local and GitHub already match
2026-09-30T02:45:18-10:00job:github_sync_all | — [pacific] nothing to push
2026-09-30T02:45:18-10:00job:github_sync_all | ↑ [database] committed 13 local file(s)
2026-09-30T02:45:18-10:00job:github_sync_all | ↓ [database] fetching origin/main
2026-09-30T02:45:18-10:00job:github_sync_all | From github.com:RootRecord-Software-Solutions/RootRecord-Database
2026-09-30T02:45:18-10:00job:github_sync_all | * branch            main       -> FETCH_HEAD
2026-09-30T02:45:18-10:00job:github_sync_all | ↑ [database] local is ahead of GitHub
2026-09-30T02:45:18-10:00job:github_sync_all | To github.com:RootRecord-Software-Solutions/RootRecord-Database.git
2026-09-30T02:45:18-10:00job:github_sync_all | 278e027..6c6909d  HEAD -> main
2026-09-30T02:45:18-10:00job:github_sync_all | branch 'main' set up to track 'origin/main'.
2026-09-30T02:45:18-10:00job:github_sync_all | ↑ [database] 13 files → RootRecord-Software-Solutions/RootRecord-Database (main)
2026-09-30T02:45:18-10:00job:github_sync_all | — [library] no local changes
2026-09-30T02:45:18-10:00job:github_sync_all | ↓ [library] fetching origin/main
2026-09-30T02:45:18-10:00job:github_sync_all | From github.com:RootRecord-Software-Solutions/RootRecord-Library
2026-09-30T02:45:18-10:00job:github_sync_all | * branch            main       -> FETCH_HEAD
2026-09-30T02:45:18-10:00job:github_sync_all | — [library] local and GitHub already match
2026-09-30T02:45:18-10:00job:github_sync_all | — [library] nothing to push
2026-09-30T02:45:18-10:00job:github_sync_all | — [skills] no local changes
2026-09-30T02:45:18-10:00job:github_sync_all | ↓ [skills] fetching origin/main
2026-09-30T02:45:18-10:00job:github_sync_all | From github.com:rootrecordsoftwaresolutions/Solar-Pacific-RootRecord-Server
2026-09-30T02:45:18-10:00job:github_sync_all | * branch            main       -> FETCH_HEAD
2026-09-30T02:45:18-10:00job:github_sync_all | — [skills] local and GitHub already match
2026-09-30T02:45:18-10:00job:github_sync_all | — [skills] nothing to push
2026-09-30T02:45:18-10:00job:security_camera_frame_grab RUN  bash "/home/rootrecord/RootRecord-Ecosystem/1 - Servers/1 - RootRecord-Pacific-Solar-Server/Security/Cameras/grab_all.sh"
2026-09-30T02:45:33-10:00job:security_camera_frame_grab | 02:45:18  📷  a-eyes  ch1 → ch1-20260930T124518Z.jpg  (338.9 KB, 4.56s)
2026-09-30T02:45:33-10:00job:security_camera_frame_grab | 02:45:23  📷  a-eyes  ch2 → ch2-20260930T124523Z.jpg  (295.3 KB, 4.37s)
2026-09-30T02:45:33-10:00job:security_camera_frame_grab | 02:45:27  📷  a-eyes  ch3 → ch3-20260930T124527Z.jpg  (326.8 KB, 4.63s)
2026-09-30T02:45:33-10:00job:security_camera_frame_grab | 02:45:32  📷  a-eyes  ch4 → ch4-20260930T124532Z.jpg  (12.7 KB, 1.46s)
2026-09-30T02:45:34-10:00ENERGY  status=live  B2=1%  B1=19.8%  solar=0 W  ac=57 W  usbc=0 W  src=/home/rootrecord/RootRecord-Ecosystem/2 - RootRecord-Database/Energy  LAP=100%/Full/AC
2026-09-30T02:45:44-10:00  ✗  ecoflow_read_cycle  WAITING
2026-09-30T02:45:44-10:00job:sys_stats_cycle RUN  bash "/home/rootrecord/RootRecord-Ecosystem/1 - Servers/1 - RootRecord-Pacific-Solar-Server/System/scripts/sys-sample.sh"
2026-09-30T02:45:45-10:00job:sys_stats_cycle | SYSTEM  cpu=7%  load=1.64  mem=67%  src=sqlite
2026-09-30T02:45:45-10:00job:sys_stats_cycle | OK wrote /home/rootrecord/RootRecord-Ecosystem/2 - RootRecord-Database/System/samples/sys-20260930-024545.json
2026-09-30T02:46:22-10:00job:github_sync_all | — [ecosystem] no committable local changes
2026-09-30T02:46:22-10:00job:github_sync_all | ↓ [ecosystem] fetching origin/main
2026-09-30T02:46:22-10:00job:github_sync_all | From github.com:RootRecord-Software-Solutions/RootRecord-Ecosystem
2026-09-30T02:46:22-10:00job:github_sync_all | * branch            main       -> FETCH_HEAD
2026-09-30T02:46:22-10:00job:github_sync_all | — [ecosystem] local and GitHub already match
2026-09-30T02:46:22-10:00job:github_sync_all | — [ecosystem] nothing to push
2026-09-30T02:46:22-10:00job:github_sync_all | — [pacific] no local changes
2026-09-30T02:46:22-10:00job:github_sync_all | ↓ [pacific] fetching origin/main
2026-09-30T02:46:22-10:00job:github_sync_all | From github.com:RootRecord-Software-Solutions/RootRecord-Pacific-Solar-Server
2026-09-30T02:46:22-10:00job:github_sync_all | * branch            main       -> FETCH_HEAD
2026-09-30T02:46:22-10:00job:github_sync_all | — [pacific] local and GitHub already match
2026-09-30T02:46:22-10:00job:github_sync_all | — [pacific] nothing to push
2026-09-30T02:46:22-10:00job:github_sync_all | ↑ [database] committed 11 local file(s)
2026-09-30T02:46:22-10:00job:github_sync_all | ↓ [database] fetching origin/main
2026-09-30T02:46:22-10:00job:github_sync_all | From github.com:RootRecord-Software-Solutions/RootRecord-Database
2026-09-30T02:46:22-10:00job:github_sync_all | * branch            main       -> FETCH_HEAD
2026-09-30T02:46:22-10:00job:github_sync_all | ↑ [database] local is ahead of GitHub
2026-09-30T02:46:22-10:00job:github_sync_all | To github.com:RootRecord-Software-Solutions/RootRecord-Database.git
2026-09-30T02:46:22-10:00job:github_sync_all | 6c6909d..1e5163b  HEAD -> main
2026-09-30T02:46:22-10:00job:github_sync_all | branch 'main' set up to track 'origin/main'.
2026-09-30T02:46:22-10:00job:github_sync_all | ↑ [database] 11 files → RootRecord-Software-Solutions/RootRecord-Database (main)
2026-09-30T02:46:22-10:00job:github_sync_all | — [library] no local changes
2026-09-30T02:46:22-10:00job:github_sync_all | ↓ [library] fetching origin/main
2026-09-30T02:46:22-10:00job:github_sync_all | From github.com:RootRecord-Software-Solutions/RootRecord-Library
2026-09-30T02:46:22-10:00job:github_sync_all | * branch            main       -> FETCH_HEAD
2026-09-30T02:46:22-10:00job:github_sync_all | — [library] local and GitHub already match
2026-09-30T02:46:22-10:00job:github_sync_all | — [library] nothing to push
2026-09-30T02:46:22-10:00job:github_sync_all | — [skills] no local changes
2026-09-30T02:46:22-10:00job:github_sync_all | ↓ [skills] fetching origin/main
2026-09-30T02:46:22-10:00job:github_sync_all | From github.com:rootrecordsoftwaresolutions/Solar-Pacific-RootRecord-Server
2026-09-30T02:46:22-10:00job:github_sync_all | * branch            main       -> FETCH_HEAD
2026-09-30T02:46:22-10:00job:github_sync_all | — [skills] local and GitHub already match
2026-09-30T02:46:22-10:00job:github_sync_all | — [skills] nothing to push
2026-09-30T02:46:22-10:00job:worklog_scan RUN  bash "/home/rootrecord/RootRecord-Ecosystem/1 - Servers/1 - RootRecord-Pacific-Solar-Server/Reports/scripts/worklog_once.sh"
2026-09-30T02:46:27-10:00job:worklog_scan | OK wrote/updated /home/rootrecord/RootRecord-Ecosystem/2 - RootRecord-Database/Worklog/worklog_current.md
2026-09-30T02:46:27-10:00job:security_camera_frame_grab RUN  bash "/home/rootrecord/RootRecord-Ecosystem/1 - Servers/1 - RootRecord-Pacific-Solar-Server/Security/Cameras/grab_all.sh"
2026-09-30T02:46:42-10:00job:security_camera_frame_grab | 02:46:27  📷  a-eyes  ch1 → ch1-20260930T124627Z.jpg  (340.2 KB, 4.40s)
2026-09-30T02:46:42-10:00job:security_camera_frame_grab | 02:46:31  📷  a-eyes  ch2 → ch2-20260930T124631Z.jpg  (281.3 KB, 4.58s)
2026-09-30T02:46:42-10:00job:security_camera_frame_grab | 02:46:36  📷  a-eyes  ch3 → ch3-20260930T124636Z.jpg  (325.1 KB, 4.38s)
2026-09-30T02:46:42-10:00job:security_camera_frame_grab | 02:46:40  📷  a-eyes  ch4 → ch4-20260930T124640Z.jpg  (12.6 KB, 1.59s)
2026-09-30T02:46:42-10:00ENERGY  status=live  B2=1%  B1=19.8%  solar=0 W  ac=57 W  usbc=0 W  src=/home/rootrecord/RootRecord-Ecosystem/2 - RootRecord-Database/Energy  LAP=100%/Full/AC
2026-09-30T02:46:52-10:00  ✗  ecoflow_read_cycle  WAITING
2026-09-30T02:46:52-10:00job:sys_stats_cycle RUN  bash "/home/rootrecord/RootRecord-Ecosystem/1 - Servers/1 - RootRecord-Pacific-Solar-Server/System/scripts/sys-sample.sh"
2026-09-30T02:46:53-10:00job:sys_stats_cycle | SYSTEM  cpu=21%  load=1.07  mem=67%  src=sqlite
2026-09-30T02:46:53-10:00job:sys_stats_cycle | OK wrote /home/rootrecord/RootRecord-Ecosystem/2 - RootRecord-Database/System/samples/sys-20260930-024653.json
2026-09-30T02:47:31-10:00job:github_sync_all | — [ecosystem] no committable local changes
2026-09-30T02:47:31-10:00job:github_sync_all | ↓ [ecosystem] fetching origin/main
2026-09-30T02:47:31-10:00job:github_sync_all | From github.com:RootRecord-Software-Solutions/RootRecord-Ecosystem
2026-09-30T02:47:31-10:00job:github_sync_all | * branch            main       -> FETCH_HEAD
2026-09-30T02:47:31-10:00job:github_sync_all | — [ecosystem] local and GitHub already match
2026-09-30T02:47:31-10:00job:github_sync_all | — [ecosystem] nothing to push
2026-09-30T02:47:31-10:00job:github_sync_all | — [pacific] no local changes
2026-09-30T02:47:31-10:00job:github_sync_all | ↓ [pacific] fetching origin/main
2026-09-30T02:47:31-10:00job:github_sync_all | From github.com:RootRecord-Software-Solutions/RootRecord-Pacific-Solar-Server
2026-09-30T02:47:31-10:00job:github_sync_all | * branch            main       -> FETCH_HEAD
2026-09-30T02:47:31-10:00job:github_sync_all | — [pacific] local and GitHub already match
2026-09-30T02:47:31-10:00job:github_sync_all | — [pacific] nothing to push
2026-09-30T02:47:31-10:00job:github_sync_all | ↑ [database] committed 12 local file(s)
2026-09-30T02:47:31-10:00job:github_sync_all | ↓ [database] fetching origin/main
2026-09-30T02:47:31-10:00job:github_sync_all | From github.com:RootRecord-Software-Solutions/RootRecord-Database
2026-09-30T02:47:31-10:00job:github_sync_all | * branch            main       -> FETCH_HEAD
2026-09-30T02:47:31-10:00job:github_sync_all | ↑ [database] local is ahead of GitHub
2026-09-30T02:47:31-10:00job:github_sync_all | To github.com:RootRecord-Software-Solutions/RootRecord-Database.git
2026-09-30T02:47:31-10:00job:github_sync_all | 1e5163b..0681cc2  HEAD -> main
2026-09-30T02:47:31-10:00job:github_sync_all | branch 'main' set up to track 'origin/main'.
2026-09-30T02:47:31-10:00job:github_sync_all | ↑ [database] 12 files → RootRecord-Software-Solutions/RootRecord-Database (main)
2026-09-30T02:47:31-10:00job:github_sync_all | — [library] no local changes
2026-09-30T02:47:31-10:00job:github_sync_all | ↓ [library] fetching origin/main
2026-09-30T02:47:31-10:00job:github_sync_all | From github.com:RootRecord-Software-Solutions/RootRecord-Library
2026-09-30T02:47:31-10:00job:github_sync_all | * branch            main       -> FETCH_HEAD
2026-09-30T02:47:31-10:00job:github_sync_all | — [library] local and GitHub already match
2026-09-30T02:47:31-10:00job:github_sync_all | — [library] nothing to push
2026-09-30T02:47:31-10:00job:github_sync_all | — [skills] no local changes
2026-09-30T02:47:31-10:00job:github_sync_all | ↓ [skills] fetching origin/main
2026-09-30T02:47:31-10:00job:github_sync_all | From github.com:rootrecordsoftwaresolutions/Solar-Pacific-RootRecord-Server
2026-09-30T02:47:31-10:00job:github_sync_all | * branch            main       -> FETCH_HEAD
2026-09-30T02:47:31-10:00job:github_sync_all | — [skills] local and GitHub already match
2026-09-30T02:47:31-10:00job:github_sync_all | — [skills] nothing to push
2026-09-30T02:47:31-10:00job:security_camera_frame_grab RUN  bash "/home/rootrecord/RootRecord-Ecosystem/1 - Servers/1 - RootRecord-Pacific-Solar-Server/Security/Cameras/grab_all.sh"
2026-09-30T02:47:46-10:00job:security_camera_frame_grab | 02:47:31  📷  a-eyes  ch1 → ch1-20260930T124731Z.jpg  (340.9 KB, 4.54s)
2026-09-30T02:47:46-10:00job:security_camera_frame_grab | 02:47:35  📷  a-eyes  ch2 → ch2-20260930T124735Z.jpg  (287.4 KB, 4.37s)
2026-09-30T02:47:46-10:00job:security_camera_frame_grab | 02:47:40  📷  a-eyes  ch3 → ch3-20260930T124740Z.jpg  (343.0 KB, 4.37s)
2026-09-30T02:47:46-10:00job:security_camera_frame_grab | 02:47:44  📷  a-eyes  ch4 → ch4-20260930T124744Z.jpg  (12.6 KB, 1.89s)
2026-09-30T02:47:46-10:00job:service_supervisor RUN  bash "/home/rootrecord/RootRecord-Ecosystem/1 - Servers/1 - RootRecord-Pacific-Solar-Server/Automations/scripts/supervise-services.sh"
2026-09-30T02:47:46-10:00job:service_supervisor | [supervisor] weather alive pid=304140 304463 305661 305866 308654 309134 309348 309668 313159 342702 392716 (act)
2026-09-30T02:47:46-10:00job:service_supervisor | [supervisor] relay alive pid=4374 (act)
2026-09-30T02:47:47-10:00ENERGY  status=live  B2=1%  B1=19.8%  solar=0 W  ac=57 W  usbc=0 W  src=/home/rootrecord/RootRecord-Ecosystem/2 - RootRecord-Database/Energy  LAP=100%/Full/AC
2026-09-30T02:48:01-10:00  ▸  SUMMARY=river2pro soc=18.53% solar=0W ac_out=34W usbc=17W src=ble db=ok
2026-09-30T02:48:01-10:00job:sys_stats_cycle RUN  bash "/home/rootrecord/RootRecord-Ecosystem/1 - Servers/1 - RootRecord-Pacific-Solar-Server/System/scripts/sys-sample.sh"
2026-09-30T02:48:02-10:00job:sys_stats_cycle | SYSTEM  cpu=5%  load=0.80  mem=68%  src=sqlite
2026-09-30T02:48:02-10:00job:sys_stats_cycle | OK wrote /home/rootrecord/RootRecord-Ecosystem/2 - RootRecord-Database/System/samples/sys-20260930-024802.json
2026-09-30T02:48:57-10:00job:github_sync_all FAIL code=127
2026-09-30T02:48:57-10:00job:github_sync_all ! /home/rootrecord/RootRecord-Ecosystem/1 - Servers/1 - RootRecord-Pacific-Solar-Server/Github/scripts/sync-all.sh: line 30: info:: command not found
2026-09-30T02:48:57-10:00job:worklog_scan RUN  bash "/home/rootrecord/RootRecord-Ecosystem/1 - Servers/1 - RootRecord-Pacific-Solar-Server/Reports/scripts/worklog_once.sh"
2026-09-30T02:49:09-10:00job:worklog_scan | OK wrote/updated /home/rootrecord/RootRecord-Ecosystem/2 - RootRecord-Database/Worklog/worklog_current.md
2026-09-30T02:49:09-10:00job:security_camera_frame_grab RUN  bash "/home/rootrecord/RootRecord-Ecosystem/1 - Servers/1 - RootRecord-Pacific-Solar-Server/Security/Cameras/grab_all.sh"
2026-09-30T02:49:24-10:00job:security_camera_frame_grab | 02:49:09  📷  a-eyes  ch1 → ch1-20260930T124909Z.jpg  (346.7 KB, 4.30s)
2026-09-30T02:49:24-10:00job:security_camera_frame_grab | 02:49:13  📷  a-eyes  ch2 → ch2-20260930T124913Z.jpg  (331.9 KB, 4.36s)
2026-09-30T02:49:24-10:00job:security_camera_frame_grab | 02:49:18  📷  a-eyes  ch3 → ch3-20260930T124918Z.jpg  (333.4 KB, 4.38s)
2026-09-30T02:49:24-10:00job:security_camera_frame_grab | 02:49:22  📷  a-eyes  ch4 → ch4-20260930T124922Z.jpg  (12.6 KB, 1.61s)
2026-09-30T02:49:24-10:00ENERGY  status=live  B2=1%  B1=18.5%  solar=0 W  ac=57 W  usbc=0 W  src=/home/rootrecord/RootRecord-Ecosystem/2 - RootRecord-Database/Energy  LAP=100%/Full/AC
2026-09-30T02:49:35-10:00  ✗  ecoflow_read_cycle  WAITING
2026-09-30T02:49:35-10:00job:sys_stats_cycle RUN  bash "/home/rootrecord/RootRecord-Ecosystem/1 - Servers/1 - RootRecord-Pacific-Solar-Server/System/scripts/sys-sample.sh"
2026-09-30T02:49:35-10:00job:sys_stats_cycle | SYSTEM  cpu=6%  load=1.69  mem=70%  src=sqlite
2026-09-30T02:49:35-10:00job:sys_stats_cycle | OK wrote /home/rootrecord/RootRecord-Ecosystem/2 - RootRecord-Database/System/samples/sys-20260930-024935.json
2026-09-30T02:50:37-10:00job:github_sync_all | ↑ [ecosystem] committed 369 local file(s)
2026-09-30T02:50:37-10:00job:github_sync_all | ↓ [ecosystem] fetching origin/main
2026-09-30T02:50:37-10:00job:github_sync_all | From github.com:RootRecord-Software-Solutions/RootRecord-Ecosystem
2026-09-30T02:50:37-10:00job:github_sync_all | * branch            main       -> FETCH_HEAD
2026-09-30T02:50:37-10:00job:github_sync_all | ↑ [ecosystem] local is ahead of GitHub
2026-09-30T02:50:37-10:00job:github_sync_all | To github.com:RootRecord-Software-Solutions/RootRecord-Ecosystem.git
2026-09-30T02:50:37-10:00job:github_sync_all | 5842dce..b6dd485  HEAD -> main
2026-09-30T02:50:37-10:00job:github_sync_all | branch 'main' set up to track 'origin/main'.
2026-09-30T02:50:37-10:00job:github_sync_all | ↑ [ecosystem] 369 files → RootRecord-Software-Solutions/RootRecord-Ecosystem (main)
2026-09-30T02:50:37-10:00job:github_sync_all | ↑ [pacific] committed 341 local file(s)
2026-09-30T02:50:37-10:00job:github_sync_all | ↓ [pacific] fetching origin/main
2026-09-30T02:50:37-10:00job:github_sync_all | From github.com:RootRecord-Software-Solutions/RootRecord-Pacific-Solar-Server
2026-09-30T02:50:37-10:00job:github_sync_all | * branch            main       -> FETCH_HEAD
2026-09-30T02:50:37-10:00job:github_sync_all | ↑ [pacific] local is ahead of GitHub
2026-09-30T02:50:37-10:00job:github_sync_all | To github.com:RootRecord-Software-Solutions/RootRecord-Pacific-Solar-Server.git
2026-09-30T02:50:37-10:00job:github_sync_all | 821f550..10fa40f  HEAD -> main
2026-09-30T02:50:37-10:00job:github_sync_all | branch 'main' set up to track 'origin/main'.
2026-09-30T02:50:37-10:00job:github_sync_all | ↑ [pacific] 341 files → RootRecord-Software-Solutions/RootRecord-Pacific-Solar-Server (main)
2026-09-30T02:50:37-10:00job:github_sync_all | ↑ [database] committed 13 local file(s)
2026-09-30T02:50:37-10:00job:github_sync_all | ↓ [database] fetching origin/main
2026-09-30T02:50:37-10:00job:github_sync_all | From github.com:RootRecord-Software-Solutions/RootRecord-Database
2026-09-30T02:50:37-10:00job:github_sync_all | * branch            main       -> FETCH_HEAD
2026-09-30T02:50:37-10:00job:github_sync_all | ↑ [database] local is ahead of GitHub
2026-09-30T02:50:37-10:00job:github_sync_all | To github.com:RootRecord-Software-Solutions/RootRecord-Database.git
2026-09-30T02:50:37-10:00job:github_sync_all | cbb7033..27b2d60  HEAD -> main
2026-09-30T02:50:37-10:00job:github_sync_all | branch 'main' set up to track 'origin/main'.
2026-09-30T02:50:37-10:00job:github_sync_all | ↑ [database] 13 files → RootRecord-Software-Solutions/RootRecord-Database (main)
2026-09-30T02:50:37-10:00job:github_sync_all | ↑ [library] committed 26 local file(s)
2026-09-30T02:50:37-10:00job:github_sync_all | ↓ [library] fetching origin/main
2026-09-30T02:50:37-10:00job:github_sync_all | From github.com:RootRecord-Software-Solutions/RootRecord-Library
2026-09-30T02:50:37-10:00job:github_sync_all | * branch            main       -> FETCH_HEAD
2026-09-30T02:50:37-10:00job:github_sync_all | ↑ [library] local is ahead of GitHub
2026-09-30T02:50:37-10:00job:github_sync_all | To github.com:RootRecord-Software-Solutions/RootRecord-Library.git
2026-09-30T02:50:37-10:00job:github_sync_all | e2e7f3a..6111218  HEAD -> main
2026-09-30T02:50:37-10:00job:github_sync_all | branch 'main' set up to track 'origin/main'.
2026-09-30T02:50:37-10:00job:github_sync_all | ↑ [library] 26 files → RootRecord-Software-Solutions/RootRecord-Library (main)
2026-09-30T02:50:37-10:00job:github_sync_all | — [skills] no local changes
2026-09-30T02:50:37-10:00job:github_sync_all | ↓ [skills] fetching origin/main
2026-09-30T02:50:37-10:00job:github_sync_all | From github.com:rootrecordsoftwaresolutions/Solar-Pacific-RootRecord-Server
2026-09-30T02:50:37-10:00job:github_sync_all | * branch            main       -> FETCH_HEAD
2026-09-30T02:50:37-10:00job:worklog_scan RUN  bash "/home/rootrecord/RootRecord-Ecosystem/1 - Servers/1 - RootRecord-Pacific-Solar-Server/Reports/scripts/worklog_once.sh"
2026-09-30T02:50:47-10:00job:worklog_scan | OK wrote/updated /home/rootrecord/RootRecord-Ecosystem/2 - RootRecord-Database/Worklog/worklog_current.md
2026-09-30T02:50:47-10:00job:security_camera_frame_grab RUN  bash "/home/rootrecord/RootRecord-Ecosystem/1 - Servers/1 - RootRecord-Pacific-Solar-Server/Security/Cameras/grab_all.sh"
2026-09-30T02:51:02-10:00job:security_camera_frame_grab | 02:50:47  📷  a-eyes  ch1 → ch1-20260930T125047Z.jpg  (343.4 KB, 4.17s)
2026-09-30T02:51:02-10:00job:security_camera_frame_grab | 02:50:51  📷  a-eyes  ch2 → ch2-20260930T125051Z.jpg  (296.2 KB, 4.47s)
2026-09-30T02:51:02-10:00job:security_camera_frame_grab | 02:50:56  📷  a-eyes  ch3 → ch3-20260930T125056Z.jpg  (326.8 KB, 4.38s)
2026-09-30T02:51:02-10:00job:security_camera_frame_grab | 02:51:00  📷  a-eyes  ch4 → ch4-20260930T125100Z.jpg  (12.6 KB, 1.47s)
2026-09-30T02:51:02-10:00ENERGY  status=live  B2=1%  B1=18.5%  solar=0 W  ac=57 W  usbc=0 W  src=/home/rootrecord/RootRecord-Ecosystem/2 - RootRecord-Database/Energy  LAP=100%/Full/AC
2026-09-30T02:51:13-10:00  ✗  ecoflow_read_cycle  WAITING
2026-09-30T02:51:13-10:00job:sys_stats_cycle RUN  bash "/home/rootrecord/RootRecord-Ecosystem/1 - Servers/1 - RootRecord-Pacific-Solar-Server/System/scripts/sys-sample.sh"
2026-09-30T02:51:14-10:00job:sys_stats_cycle | SYSTEM  cpu=46%  load=1.10  mem=69%  src=sqlite
2026-09-30T02:51:14-10:00job:sys_stats_cycle | OK wrote /home/rootrecord/RootRecord-Ecosystem/2 - RootRecord-Database/System/samples/sys-20260930-025113.json
2026-09-30T02:51:55-10:00job:github_sync_all | ↑ [ecosystem] committed 28 local file(s)
2026-09-30T02:51:55-10:00job:github_sync_all | ↓ [ecosystem] fetching origin/main
2026-09-30T02:51:55-10:00job:github_sync_all | From github.com:RootRecord-Software-Solutions/RootRecord-Ecosystem
2026-09-30T02:51:55-10:00job:github_sync_all | * branch            main       -> FETCH_HEAD
2026-09-30T02:51:55-10:00job:github_sync_all | ↑ [ecosystem] local is ahead of GitHub
2026-09-30T02:51:55-10:00job:github_sync_all | To github.com:RootRecord-Software-Solutions/RootRecord-Ecosystem.git
2026-09-30T02:51:55-10:00job:github_sync_all | b6dd485..34d3d28  HEAD -> main
2026-09-30T02:51:55-10:00job:github_sync_all | branch 'main' set up to track 'origin/main'.
2026-09-30T02:51:55-10:00job:github_sync_all | ↑ [ecosystem] 28 files → RootRecord-Software-Solutions/RootRecord-Ecosystem (main)
2026-09-30T02:51:55-10:00job:github_sync_all | ↑ [pacific] committed 3 local file(s)
2026-09-30T02:51:55-10:00job:github_sync_all | ↓ [pacific] fetching origin/main
2026-09-30T02:51:55-10:00job:github_sync_all | From github.com:RootRecord-Software-Solutions/RootRecord-Pacific-Solar-Server
2026-09-30T02:51:55-10:00job:github_sync_all | * branch            main       -> FETCH_HEAD
2026-09-30T02:51:55-10:00job:github_sync_all | ↑ [pacific] local is ahead of GitHub
2026-09-30T02:51:55-10:00job:github_sync_all | To github.com:RootRecord-Software-Solutions/RootRecord-Pacific-Solar-Server.git
2026-09-30T02:51:55-10:00job:github_sync_all | 10fa40f..8f36917  HEAD -> main
2026-09-30T02:51:55-10:00job:github_sync_all | branch 'main' set up to track 'origin/main'.
2026-09-30T02:51:55-10:00job:github_sync_all | ↑ [pacific] 3 files → RootRecord-Software-Solutions/RootRecord-Pacific-Solar-Server (main)
2026-09-30T02:51:55-10:00job:github_sync_all | ↑ [database] committed 13 local file(s)
2026-09-30T02:51:55-10:00job:github_sync_all | ↓ [database] fetching origin/main
2026-09-30T02:51:55-10:00job:github_sync_all | From github.com:RootRecord-Software-Solutions/RootRecord-Database
2026-09-30T02:51:55-10:00job:github_sync_all | * branch            main       -> FETCH_HEAD
2026-09-30T02:51:55-10:00job:github_sync_all | ↑ [database] local is ahead of GitHub
2026-09-30T02:51:55-10:00job:github_sync_all | To github.com:RootRecord-Software-Solutions/RootRecord-Database.git
2026-09-30T02:51:55-10:00job:github_sync_all | 27b2d60..4f7b8a6  HEAD -> main
2026-09-30T02:51:55-10:00job:github_sync_all | branch 'main' set up to track 'origin/main'.
2026-09-30T02:51:55-10:00job:github_sync_all | ↑ [database] 13 files → RootRecord-Software-Solutions/RootRecord-Database (main)
2026-09-30T02:51:55-10:00job:github_sync_all | — [library] no local changes
2026-09-30T02:51:55-10:00job:github_sync_all | ↓ [library] fetching origin/main
2026-09-30T02:51:55-10:00job:github_sync_all | From github.com:RootRecord-Software-Solutions/RootRecord-Library
2026-09-30T02:51:55-10:00job:github_sync_all | * branch            main       -> FETCH_HEAD
2026-09-30T02:51:55-10:00job:github_sync_all | — [library] local and GitHub already match
2026-09-30T02:51:55-10:00job:github_sync_all | — [library] nothing to push
2026-09-30T02:51:55-10:00job:github_sync_all | — [skills] no local changes
2026-09-30T02:51:55-10:00job:github_sync_all | ↓ [skills] fetching origin/main
2026-09-30T02:51:55-10:00job:github_sync_all | From github.com:rootrecordsoftwaresolutions/Solar-Pacific-RootRecord-Server
2026-09-30T02:51:55-10:00job:github_sync_all | * branch            main       -> FETCH_HEAD
2026-09-30T02:51:55-10:00job:github_sync_all | — [skills] local and GitHub already match
2026-09-30T02:51:55-10:00job:github_sync_all | — [skills] nothing to push
2026-09-30T02:51:55-10:00job:worklog_scan RUN  bash "/home/rootrecord/RootRecord-Ecosystem/1 - Servers/1 - RootRecord-Pacific-Solar-Server/Reports/scripts/worklog_once.sh"
2026-09-30T02:51:59-10:00job:worklog_scan | OK wrote/updated /home/rootrecord/RootRecord-Ecosystem/2 - RootRecord-Database/Worklog/worklog_current.md
2026-09-30T02:51:59-10:00job:security_camera_frame_grab RUN  bash "/home/rootrecord/RootRecord-Ecosystem/1 - Servers/1 - RootRecord-Pacific-Solar-Server/Security/Cameras/grab_all.sh"
2026-09-30T02:52:14-10:00job:security_camera_frame_grab | 02:51:59  📷  a-eyes  ch1 → ch1-20260930T125159Z.jpg  (344.8 KB, 4.25s)
2026-09-30T02:52:14-10:00job:security_camera_frame_grab | 02:52:04  📷  a-eyes  ch2 → ch2-20260930T125204Z.jpg  (319.4 KB, 4.37s)
2026-09-30T02:52:14-10:00job:security_camera_frame_grab | 02:52:08  📷  a-eyes  ch3 → ch3-20260930T125208Z.jpg  (324.1 KB, 4.48s)
2026-09-30T02:52:14-10:00job:security_camera_frame_grab | 02:52:12  📷  a-eyes  ch4 → ch4-20260930T125212Z.jpg  (12.6 KB, 1.63s)
2026-09-30T02:52:14-10:00ENERGY  status=live  B2=1%  B1=18.5%  solar=0 W  ac=57 W  usbc=0 W  src=/home/rootrecord/RootRecord-Ecosystem/2 - RootRecord-Database/Energy  LAP=100%/Full/AC
2026-09-30T02:52:25-10:00  ✗  ecoflow_read_cycle  WAITING
2026-09-30T02:52:25-10:00job:sys_stats_cycle RUN  bash "/home/rootrecord/RootRecord-Ecosystem/1 - Servers/1 - RootRecord-Pacific-Solar-Server/System/scripts/sys-sample.sh"
2026-09-30T02:52:26-10:00job:sys_stats_cycle | SYSTEM  cpu=4%  load=0.74  mem=70%  src=sqlite
2026-09-30T02:52:26-10:00job:sys_stats_cycle | OK wrote /home/rootrecord/RootRecord-Ecosystem/2 - RootRecord-Database/System/samples/sys-20260930-025225.json
2026-09-30T02:52:47-10:00tunnel timeout — reconnecting
2026-09-30T02:52:48-10:00tunnel timeout — reconnecting
2026-09-30T02:52:59-10:00tunnel connected  conn=3  edge=lax08
2026-09-30T02:53:08-10:00job:github_sync_all | — [ecosystem] no committable local changes
2026-09-30T02:53:08-10:00job:github_sync_all | ↓ [ecosystem] fetching origin/main
2026-09-30T02:53:08-10:00job:github_sync_all | From github.com:RootRecord-Software-Solutions/RootRecord-Ecosystem
2026-09-30T02:53:08-10:00job:github_sync_all | * branch            main       -> FETCH_HEAD
2026-09-30T02:53:08-10:00job:github_sync_all | — [ecosystem] local and GitHub already match
2026-09-30T02:53:08-10:00job:github_sync_all | — [ecosystem] nothing to push
2026-09-30T02:53:08-10:00job:github_sync_all | — [pacific] no local changes
2026-09-30T02:53:08-10:00job:github_sync_all | ↓ [pacific] fetching origin/main
2026-09-30T02:53:08-10:00job:github_sync_all | From github.com:RootRecord-Software-Solutions/RootRecord-Pacific-Solar-Server
2026-09-30T02:53:08-10:00job:github_sync_all | * branch            main       -> FETCH_HEAD
2026-09-30T02:53:08-10:00job:github_sync_all | — [pacific] local and GitHub already match
2026-09-30T02:53:08-10:00job:github_sync_all | — [pacific] nothing to push
2026-09-30T02:53:08-10:00job:github_sync_all | ↑ [database] committed 12 local file(s)
2026-09-30T02:53:08-10:00job:github_sync_all | ↓ [database] fetching origin/main
2026-09-30T02:53:08-10:00job:github_sync_all | From github.com:RootRecord-Software-Solutions/RootRecord-Database
2026-09-30T02:53:08-10:00job:github_sync_all | * branch            main       -> FETCH_HEAD
2026-09-30T02:53:08-10:00job:github_sync_all | ↑ [database] local is ahead of GitHub
2026-09-30T02:53:08-10:00job:github_sync_all | To github.com:RootRecord-Software-Solutions/RootRecord-Database.git
2026-09-30T02:53:08-10:00job:github_sync_all | 4f7b8a6..b754c54  HEAD -> main
2026-09-30T02:53:08-10:00job:github_sync_all | branch 'main' set up to track 'origin/main'.
2026-09-30T02:53:08-10:00job:github_sync_all | ↑ [database] 12 files → RootRecord-Software-Solutions/RootRecord-Database (main)
2026-09-30T02:53:08-10:00job:github_sync_all | — [library] no local changes
2026-09-30T02:53:08-10:00job:github_sync_all | ↓ [library] fetching origin/main
2026-09-30T02:53:08-10:00job:github_sync_all | From github.com:RootRecord-Software-Solutions/RootRecord-Library
2026-09-30T02:53:08-10:00job:github_sync_all | * branch            main       -> FETCH_HEAD
2026-09-30T02:53:08-10:00job:github_sync_all | — [library] local and GitHub already match
2026-09-30T02:53:08-10:00job:github_sync_all | — [library] nothing to push
2026-09-30T02:53:08-10:00job:github_sync_all | — [skills] no local changes
2026-09-30T02:53:08-10:00job:github_sync_all | ↓ [skills] fetching origin/main
2026-09-30T02:53:08-10:00job:github_sync_all | From github.com:rootrecordsoftwaresolutions/Solar-Pacific-RootRecord-Server
2026-09-30T02:53:08-10:00job:github_sync_all | * branch            main       -> FETCH_HEAD
2026-09-30T02:53:08-10:00job:github_sync_all | — [skills] local and GitHub already match
2026-09-30T02:53:08-10:00job:github_sync_all | — [skills] nothing to push
2026-09-30T02:53:08-10:00job:security_camera_frame_grab RUN  bash "/home/rootrecord/RootRecord-Ecosystem/1 - Servers/1 - RootRecord-Pacific-Solar-Server/Security/Cameras/grab_all.sh"
2026-09-30T02:53:23-10:00job:security_camera_frame_grab | 02:53:08  📷  a-eyes  ch1 → ch1-20260930T125308Z.jpg  (345.5 KB, 4.33s)
2026-09-30T02:53:23-10:00job:security_camera_frame_grab | 02:53:13  📷  a-eyes  ch2 → ch2-20260930T125313Z.jpg  (323.3 KB, 4.38s)
2026-09-30T02:53:23-10:00job:security_camera_frame_grab | 02:53:17  📷  a-eyes  ch3 → ch3-20260930T125317Z.jpg  (331.6 KB, 4.48s)
2026-09-30T02:53:23-10:00job:security_camera_frame_grab | 02:53:22  📷  a-eyes  ch4 → ch4-20260930T125322Z.jpg  (12.7 KB, 1.60s)
2026-09-30T02:53:23-10:00job:service_supervisor RUN  bash "/home/rootrecord/RootRecord-Ecosystem/1 - Servers/1 - RootRecord-Pacific-Solar-Server/Automations/scripts/supervise-services.sh"
2026-09-30T02:53:23-10:00job:service_supervisor | [supervisor] weather alive pid=304140 304463 305661 305866 308654 309134 309348 309668 313159 342702 392716 (act)
2026-09-30T02:53:23-10:00job:service_supervisor | [supervisor] relay alive pid=4374 (act)
2026-09-30T02:53:24-10:00ENERGY  status=live  B2=1%  B1=18.5%  solar=0 W  ac=57 W  usbc=0 W  src=/home/rootrecord/RootRecord-Ecosystem/2 - RootRecord-Database/Energy  LAP=100%/Full/AC
2026-09-30T02:53:34-10:00  ✗  ecoflow_read_cycle  WAITING
2026-09-30T02:53:34-10:00job:sys_stats_cycle RUN  bash "/home/rootrecord/RootRecord-Ecosystem/1 - Servers/1 - RootRecord-Pacific-Solar-Server/System/scripts/sys-sample.sh"
2026-09-30T02:53:35-10:00job:sys_stats_cycle | SYSTEM  cpu=5%  load=0.37  mem=69%  src=sqlite
2026-09-30T02:53:35-10:00job:sys_stats_cycle | OK wrote /home/rootrecord/RootRecord-Ecosystem/2 - RootRecord-Database/System/samples/sys-20260930-025335.json
2026-09-30T02:54:20-10:00job:github_sync_all | ↑ [ecosystem] committed 1 local file(s)
2026-09-30T02:54:20-10:00job:github_sync_all | ↓ [ecosystem] fetching origin/main
2026-09-30T02:54:20-10:00job:github_sync_all | From github.com:RootRecord-Software-Solutions/RootRecord-Ecosystem
2026-09-30T02:54:20-10:00job:github_sync_all | * branch            main       -> FETCH_HEAD
2026-09-30T02:54:20-10:00job:github_sync_all | ↑ [ecosystem] local is ahead of GitHub
2026-09-30T02:54:20-10:00job:github_sync_all | To github.com:RootRecord-Software-Solutions/RootRecord-Ecosystem.git
2026-09-30T02:54:20-10:00job:github_sync_all | 34d3d28..8eb828c  HEAD -> main
2026-09-30T02:54:20-10:00job:github_sync_all | branch 'main' set up to track 'origin/main'.
2026-09-30T02:54:20-10:00job:github_sync_all | ↑ [ecosystem] 1 files → RootRecord-Software-Solutions/RootRecord-Ecosystem (main)
2026-09-30T02:54:20-10:00job:github_sync_all | — [pacific] no local changes
2026-09-30T02:54:20-10:00job:github_sync_all | ↓ [pacific] fetching origin/main
2026-09-30T02:54:20-10:00job:github_sync_all | From github.com:RootRecord-Software-Solutions/RootRecord-Pacific-Solar-Server
2026-09-30T02:54:20-10:00job:github_sync_all | * branch            main       -> FETCH_HEAD
2026-09-30T02:54:20-10:00job:github_sync_all | — [pacific] local and GitHub already match
2026-09-30T02:54:20-10:00job:github_sync_all | — [pacific] nothing to push
2026-09-30T02:54:20-10:00job:github_sync_all | ↑ [database] committed 9 local file(s)
2026-09-30T02:54:20-10:00job:github_sync_all | ↓ [database] fetching origin/main
2026-09-30T02:54:20-10:00job:github_sync_all | From github.com:RootRecord-Software-Solutions/RootRecord-Database
2026-09-30T02:54:20-10:00job:github_sync_all | * branch            main       -> FETCH_HEAD
2026-09-30T02:54:20-10:00job:github_sync_all | ↑ [database] local is ahead of GitHub
2026-09-30T02:54:20-10:00job:github_sync_all | To github.com:RootRecord-Software-Solutions/RootRecord-Database.git
2026-09-30T02:54:20-10:00job:github_sync_all | b754c54..718a8c2  HEAD -> main
2026-09-30T02:54:20-10:00job:github_sync_all | branch 'main' set up to track 'origin/main'.
2026-09-30T02:54:20-10:00job:github_sync_all | ↑ [database] 9 files → RootRecord-Software-Solutions/RootRecord-Database (main)
2026-09-30T02:54:20-10:00job:github_sync_all | ↑ [library] committed 1 local file(s)
2026-09-30T02:54:20-10:00job:github_sync_all | ↓ [library] fetching origin/main
2026-09-30T02:54:20-10:00job:github_sync_all | From github.com:RootRecord-Software-Solutions/RootRecord-Library
2026-09-30T02:54:20-10:00job:github_sync_all | * branch            main       -> FETCH_HEAD
2026-09-30T02:54:20-10:00job:github_sync_all | ↑ [library] local is ahead of GitHub
2026-09-30T02:54:20-10:00job:github_sync_all | To github.com:RootRecord-Software-Solutions/RootRecord-Library.git
2026-09-30T02:54:20-10:00job:github_sync_all | 6111218..3dce99a  HEAD -> main
2026-09-30T02:54:20-10:00job:github_sync_all | branch 'main' set up to track 'origin/main'.
2026-09-30T02:54:20-10:00job:github_sync_all | ↑ [library] 1 files → RootRecord-Software-Solutions/RootRecord-Library (main)
2026-09-30T02:54:20-10:00job:github_sync_all | — [skills] no local changes
2026-09-30T02:54:20-10:00job:github_sync_all | ↓ [skills] fetching origin/main
2026-09-30T02:54:20-10:00job:github_sync_all | From github.com:rootrecordsoftwaresolutions/Solar-Pacific-RootRecord-Server
2026-09-30T02:54:20-10:00job:github_sync_all | * branch            main       -> FETCH_HEAD
2026-09-30T02:54:20-10:00job:github_sync_all | — [skills] local and GitHub already match
2026-09-30T02:54:20-10:00job:github_sync_all | — [skills] nothing to push
2026-09-30T02:54:20-10:00job:worklog_scan RUN  bash "/home/rootrecord/RootRecord-Ecosystem/1 - Servers/1 - RootRecord-Pacific-Solar-Server/Reports/scripts/worklog_once.sh"
2026-09-30T02:54:25-10:00job:worklog_scan | OK wrote/updated /home/rootrecord/RootRecord-Ecosystem/2 - RootRecord-Database/Worklog/worklog_current.md
2026-09-30T02:54:25-10:00job:security_camera_frame_grab RUN  bash "/home/rootrecord/RootRecord-Ecosystem/1 - Servers/1 - RootRecord-Pacific-Solar-Server/Security/Cameras/grab_all.sh"
2026-09-30T02:54:40-10:00job:security_camera_frame_grab | 02:54:25  📷  a-eyes  ch1 → ch1-20260930T125425Z.jpg  (346.9 KB, 4.35s)
2026-09-30T02:54:40-10:00job:security_camera_frame_grab | 02:54:30  📷  a-eyes  ch2 → ch2-20260930T125430Z.jpg  (327.7 KB, 4.37s)
2026-09-30T02:54:40-10:00job:security_camera_frame_grab | 02:54:34  📷  a-eyes  ch3 → ch3-20260930T125434Z.jpg  (308.3 KB, 4.37s)
2026-09-30T02:54:40-10:00job:security_camera_frame_grab | 02:54:39  📷  a-eyes  ch4 → ch4-20260930T125439Z.jpg  (12.6 KB, 1.45s)
2026-09-30T02:54:40-10:00ENERGY  status=live  B2=1%  B1=18.5%  solar=0 W  ac=57 W  usbc=0 W  src=/home/rootrecord/RootRecord-Ecosystem/2 - RootRecord-Database/Energy  LAP=100%/Full/AC
2026-09-30T02:54:51-10:00  ✗  ecoflow_read_cycle  WAITING
2026-09-30T02:54:51-10:00job:sys_stats_cycle RUN  bash "/home/rootrecord/RootRecord-Ecosystem/1 - Servers/1 - RootRecord-Pacific-Solar-Server/System/scripts/sys-sample.sh"
2026-09-30T02:54:52-10:00job:sys_stats_cycle | SYSTEM  cpu=8%  load=0.53  mem=72%  src=sqlite
2026-09-30T02:54:52-10:00job:sys_stats_cycle | OK wrote /home/rootrecord/RootRecord-Ecosystem/2 - RootRecord-Database/System/samples/sys-20260930-025451.json
2026-09-30T02:55:29-10:00job:github_sync_all | — [ecosystem] no committable local changes
2026-09-30T02:55:29-10:00job:github_sync_all | ↓ [ecosystem] fetching origin/main
2026-09-30T02:55:29-10:00job:github_sync_all | From github.com:RootRecord-Software-Solutions/RootRecord-Ecosystem
2026-09-30T02:55:29-10:00job:github_sync_all | * branch            main       -> FETCH_HEAD
2026-09-30T02:55:29-10:00job:github_sync_all | — [ecosystem] local and GitHub already match
2026-09-30T02:55:29-10:00job:github_sync_all | — [ecosystem] nothing to push
2026-09-30T02:55:29-10:00job:github_sync_all | — [pacific] no local changes
2026-09-30T02:55:29-10:00job:github_sync_all | ↓ [pacific] fetching origin/main
2026-09-30T02:55:29-10:00job:github_sync_all | From github.com:RootRecord-Software-Solutions/RootRecord-Pacific-Solar-Server
2026-09-30T02:55:29-10:00job:github_sync_all | * branch            main       -> FETCH_HEAD
2026-09-30T02:55:29-10:00job:github_sync_all | — [pacific] local and GitHub already match
2026-09-30T02:55:29-10:00job:github_sync_all | — [pacific] nothing to push
2026-09-30T02:55:29-10:00job:github_sync_all | ↑ [database] committed 12 local file(s)
2026-09-30T02:55:29-10:00job:github_sync_all | ↓ [database] fetching origin/main
2026-09-30T02:55:29-10:00job:github_sync_all | From github.com:RootRecord-Software-Solutions/RootRecord-Database
2026-09-30T02:55:29-10:00job:github_sync_all | * branch            main       -> FETCH_HEAD
2026-09-30T02:55:29-10:00job:github_sync_all | ↑ [database] local is ahead of GitHub
2026-09-30T02:55:29-10:00job:github_sync_all | To github.com:RootRecord-Software-Solutions/RootRecord-Database.git
2026-09-30T02:55:29-10:00job:github_sync_all | 718a8c2..47d07df  HEAD -> main
2026-09-30T02:55:29-10:00job:github_sync_all | branch 'main' set up to track 'origin/main'.
2026-09-30T02:55:29-10:00job:github_sync_all | ↑ [database] 12 files → RootRecord-Software-Solutions/RootRecord-Database (main)
2026-09-30T02:55:29-10:00job:github_sync_all | — [library] no local changes
2026-09-30T02:55:29-10:00job:github_sync_all | ↓ [library] fetching origin/main
2026-09-30T02:55:29-10:00job:github_sync_all | From github.com:RootRecord-Software-Solutions/RootRecord-Library
2026-09-30T02:55:29-10:00job:github_sync_all | * branch            main       -> FETCH_HEAD
2026-09-30T02:55:29-10:00job:github_sync_all | — [library] local and GitHub already match
2026-09-30T02:55:29-10:00job:github_sync_all | — [library] nothing to push
2026-09-30T02:55:29-10:00job:github_sync_all | — [skills] no local changes
2026-09-30T02:55:29-10:00job:github_sync_all | ↓ [skills] fetching origin/main
2026-09-30T02:55:29-10:00job:github_sync_all | From github.com:rootrecordsoftwaresolutions/Solar-Pacific-RootRecord-Server
2026-09-30T02:55:29-10:00job:github_sync_all | * branch            main       -> FETCH_HEAD
2026-09-30T02:55:29-10:00job:github_sync_all | — [skills] local and GitHub already match
2026-09-30T02:55:29-10:00job:github_sync_all | — [skills] nothing to push
2026-09-30T02:55:29-10:00job:security_camera_frame_grab RUN  bash "/home/rootrecord/RootRecord-Ecosystem/1 - Servers/1 - RootRecord-Pacific-Solar-Server/Security/Cameras/grab_all.sh"
2026-09-30T02:55:44-10:00job:security_camera_frame_grab | 02:55:29  📷  a-eyes  ch1 → ch1-20260930T125529Z.jpg  (346.3 KB, 4.45s)
2026-09-30T02:55:44-10:00job:security_camera_frame_grab | 02:55:33  📷  a-eyes  ch2 → ch2-20260930T125533Z.jpg  (320.6 KB, 4.77s)
2026-09-30T02:55:44-10:00job:security_camera_frame_grab | 02:55:38  📷  a-eyes  ch3 → ch3-20260930T125538Z.jpg  (385.0 KB, 4.68s)
2026-09-30T02:55:44-10:00job:security_camera_frame_grab | 02:55:43  📷  a-eyes  ch4 → ch4-20260930T125543Z.jpg  (12.7 KB, 1.52s)
2026-09-30T02:55:45-10:00ENERGY  status=live  B2=1%  B1=18.5%  solar=0 W  ac=57 W  usbc=0 W  src=/home/rootrecord/RootRecord-Ecosystem/2 - RootRecord-Database/Energy  LAP=100%/Full/AC
2026-09-30T02:56:00-10:00  ▸  SUMMARY=river2pro soc=17.07% solar=0W ac_out=37W usbc=14W src=ble db=ok
2026-09-30T02:56:00-10:00job:sys_stats_cycle RUN  bash "/home/rootrecord/RootRecord-Ecosystem/1 - Servers/1 - RootRecord-Pacific-Solar-Server/System/scripts/sys-sample.sh"
2026-09-30T02:56:00-10:00job:sys_stats_cycle | SYSTEM  cpu=6%  load=0.50  mem=72%  src=sqlite
2026-09-30T02:56:00-10:00job:sys_stats_cycle | OK wrote /home/rootrecord/RootRecord-Ecosystem/2 - RootRecord-Database/System/samples/sys-20260930-025600.json
2026-09-30T02:56:37-10:00job:github_sync_all | — [ecosystem] no committable local changes
2026-09-30T02:56:37-10:00job:github_sync_all | ↓ [ecosystem] fetching origin/main
2026-09-30T02:56:37-10:00job:github_sync_all | From github.com:RootRecord-Software-Solutions/RootRecord-Ecosystem
2026-09-30T02:56:37-10:00job:github_sync_all | * branch            main       -> FETCH_HEAD
2026-09-30T02:56:37-10:00job:github_sync_all | — [ecosystem] local and GitHub already match
2026-09-30T02:56:37-10:00job:github_sync_all | — [ecosystem] nothing to push
2026-09-30T02:56:37-10:00job:github_sync_all | — [pacific] no local changes
2026-09-30T02:56:37-10:00job:github_sync_all | ↓ [pacific] fetching origin/main
2026-09-30T02:56:37-10:00job:github_sync_all | From github.com:RootRecord-Software-Solutions/RootRecord-Pacific-Solar-Server
2026-09-30T02:56:37-10:00job:github_sync_all | * branch            main       -> FETCH_HEAD
2026-09-30T02:56:37-10:00job:github_sync_all | — [pacific] local and GitHub already match
2026-09-30T02:56:37-10:00job:github_sync_all | — [pacific] nothing to push
2026-09-30T02:56:37-10:00job:github_sync_all | ↑ [database] committed 13 local file(s)
2026-09-30T02:56:37-10:00job:github_sync_all | ↓ [database] fetching origin/main
2026-09-30T02:56:37-10:00job:github_sync_all | From github.com:RootRecord-Software-Solutions/RootRecord-Database
2026-09-30T02:56:37-10:00job:github_sync_all | * branch            main       -> FETCH_HEAD
2026-09-30T02:56:37-10:00job:github_sync_all | ↑ [database] local is ahead of GitHub
2026-09-30T02:56:37-10:00job:github_sync_all | To github.com:RootRecord-Software-Solutions/RootRecord-Database.git
2026-09-30T02:56:37-10:00job:github_sync_all | 47d07df..11818a6  HEAD -> main
2026-09-30T02:56:37-10:00job:github_sync_all | branch 'main' set up to track 'origin/main'.
2026-09-30T02:56:37-10:00job:github_sync_all | ↑ [database] 13 files → RootRecord-Software-Solutions/RootRecord-Database (main)
2026-09-30T02:56:37-10:00job:github_sync_all | — [library] no local changes
2026-09-30T02:56:37-10:00job:github_sync_all | ↓ [library] fetching origin/main
2026-09-30T02:56:37-10:00job:github_sync_all | From github.com:RootRecord-Software-Solutions/RootRecord-Library
2026-09-30T02:56:37-10:00job:github_sync_all | * branch            main       -> FETCH_HEAD
2026-09-30T02:56:37-10:00job:github_sync_all | — [library] local and GitHub already match
2026-09-30T02:56:37-10:00job:github_sync_all | — [library] nothing to push
2026-09-30T02:56:37-10:00job:github_sync_all | — [skills] no local changes
2026-09-30T02:56:37-10:00job:github_sync_all | ↓ [skills] fetching origin/main
2026-09-30T02:56:37-10:00job:github_sync_all | From github.com:rootrecordsoftwaresolutions/Solar-Pacific-RootRecord-Server
2026-09-30T02:56:37-10:00job:github_sync_all | * branch            main       -> FETCH_HEAD
2026-09-30T02:56:37-10:00job:github_sync_all | — [skills] local and GitHub already match
2026-09-30T02:56:37-10:00job:github_sync_all | — [skills] nothing to push
2026-09-30T02:56:37-10:00job:worklog_scan RUN  bash "/home/rootrecord/RootRecord-Ecosystem/1 - Servers/1 - RootRecord-Pacific-Solar-Server/Reports/scripts/worklog_once.sh"
2026-09-30T02:56:40-10:00job:worklog_scan | OK wrote/updated /home/rootrecord/RootRecord-Ecosystem/2 - RootRecord-Database/Worklog/worklog_current.md
2026-09-30T02:56:40-10:00job:security_camera_frame_grab RUN  bash "/home/rootrecord/RootRecord-Ecosystem/1 - Servers/1 - RootRecord-Pacific-Solar-Server/Security/Cameras/grab_all.sh"
2026-09-30T02:56:55-10:00job:security_camera_frame_grab | 02:56:41  📷  a-eyes  ch1 → ch1-20260930T125641Z.jpg  (343.1 KB, 4.27s)
2026-09-30T02:56:55-10:00job:security_camera_frame_grab | 02:56:45  📷  a-eyes  ch2 → ch2-20260930T125645Z.jpg  (321.0 KB, 4.39s)
2026-09-30T02:56:55-10:00job:security_camera_frame_grab | 02:56:49  📷  a-eyes  ch3 → ch3-20260930T125649Z.jpg  (394.6 KB, 4.47s)
2026-09-30T02:56:55-10:00job:security_camera_frame_grab | 02:56:54  📷  a-eyes  ch4 → ch4-20260930T125654Z.jpg  (12.7 KB, 1.42s)
2026-09-30T02:56:55-10:00ENERGY  status=live  B2=1%  B1=17.1%  solar=0 W  ac=57 W  usbc=0 W  src=/home/rootrecord/RootRecord-Ecosystem/2 - RootRecord-Database/Energy  LAP=100%/Full/AC
2026-09-30T02:57:10-10:00  ▸  SUMMARY=river2pro soc=16.86% solar=0W ac_out=48W usbc=14W src=ble db=ok
2026-09-30T02:57:10-10:00job:sys_stats_cycle RUN  bash "/home/rootrecord/RootRecord-Ecosystem/1 - Servers/1 - RootRecord-Pacific-Solar-Server/System/scripts/sys-sample.sh"
2026-09-30T02:57:11-10:00job:sys_stats_cycle | SYSTEM  cpu=4%  load=0.41  mem=71%  src=sqlite
2026-09-30T02:57:11-10:00job:sys_stats_cycle | OK wrote /home/rootrecord/RootRecord-Ecosystem/2 - RootRecord-Database/System/samples/sys-20260930-025711.json
2026-09-30T02:57:47-10:00job:github_sync_all | — [ecosystem] no committable local changes
2026-09-30T02:57:47-10:00job:github_sync_all | ↓ [ecosystem] fetching origin/main
2026-09-30T02:57:47-10:00job:github_sync_all | From github.com:RootRecord-Software-Solutions/RootRecord-Ecosystem
2026-09-30T02:57:47-10:00job:github_sync_all | * branch            main       -> FETCH_HEAD
2026-09-30T02:57:47-10:00job:github_sync_all | — [ecosystem] local and GitHub already match
2026-09-30T02:57:47-10:00job:github_sync_all | — [ecosystem] nothing to push
2026-09-30T02:57:47-10:00job:github_sync_all | — [pacific] no local changes
2026-09-30T02:57:47-10:00job:github_sync_all | ↓ [pacific] fetching origin/main
2026-09-30T02:57:47-10:00job:github_sync_all | From github.com:RootRecord-Software-Solutions/RootRecord-Pacific-Solar-Server
2026-09-30T02:57:47-10:00job:github_sync_all | * branch            main       -> FETCH_HEAD
2026-09-30T02:57:47-10:00job:github_sync_all | — [pacific] local and GitHub already match
2026-09-30T02:57:47-10:00job:github_sync_all | — [pacific] nothing to push
2026-09-30T02:57:47-10:00job:github_sync_all | ↑ [database] committed 15 local file(s)
2026-09-30T02:57:47-10:00job:github_sync_all | ↓ [database] fetching origin/main
2026-09-30T02:57:47-10:00job:github_sync_all | From github.com:RootRecord-Software-Solutions/RootRecord-Database
2026-09-30T02:57:47-10:00job:github_sync_all | * branch            main       -> FETCH_HEAD
2026-09-30T02:57:47-10:00job:github_sync_all | ↑ [database] local is ahead of GitHub
2026-09-30T02:57:47-10:00job:github_sync_all | To github.com:RootRecord-Software-Solutions/RootRecord-Database.git
2026-09-30T02:57:47-10:00job:github_sync_all | 11818a6..aad0621  HEAD -> main
2026-09-30T02:57:47-10:00job:github_sync_all | branch 'main' set up to track 'origin/main'.
2026-09-30T02:57:47-10:00job:github_sync_all | ↑ [database] 15 files → RootRecord-Software-Solutions/RootRecord-Database (main)
2026-09-30T02:57:47-10:00job:github_sync_all | — [library] no local changes
2026-09-30T02:57:47-10:00job:github_sync_all | ↓ [library] fetching origin/main
2026-09-30T02:57:47-10:00job:github_sync_all | From github.com:RootRecord-Software-Solutions/RootRecord-Library
2026-09-30T02:57:47-10:00job:github_sync_all | * branch            main       -> FETCH_HEAD
2026-09-30T02:57:47-10:00job:github_sync_all | — [library] local and GitHub already match
2026-09-30T02:57:47-10:00job:github_sync_all | — [library] nothing to push
2026-09-30T02:57:47-10:00job:github_sync_all | — [skills] no local changes
2026-09-30T02:57:47-10:00job:github_sync_all | ↓ [skills] fetching origin/main
2026-09-30T02:57:47-10:00job:github_sync_all | From github.com:rootrecordsoftwaresolutions/Solar-Pacific-RootRecord-Server
2026-09-30T02:57:47-10:00job:github_sync_all | * branch            main       -> FETCH_HEAD
2026-09-30T02:57:47-10:00job:github_sync_all | — [skills] local and GitHub already match
2026-09-30T02:57:47-10:00job:github_sync_all | — [skills] nothing to push
2026-09-30T02:57:47-10:00job:security_camera_frame_grab RUN  bash "/home/rootrecord/RootRecord-Ecosystem/1 - Servers/1 - RootRecord-Pacific-Solar-Server/Security/Cameras/grab_all.sh"
2026-09-30T02:58:02-10:00job:security_camera_frame_grab | 02:57:47  📷  a-eyes  ch1 → ch1-20260930T125747Z.jpg  (343.0 KB, 4.52s)
2026-09-30T02:58:02-10:00job:security_camera_frame_grab | 02:57:51  📷  a-eyes  ch2 → ch2-20260930T125751Z.jpg  (307.5 KB, 4.39s)
2026-09-30T02:58:02-10:00job:security_camera_frame_grab | 02:57:56  📷  a-eyes  ch3 → ch3-20260930T125756Z.jpg  (330.2 KB, 4.48s)
2026-09-30T02:58:02-10:00job:security_camera_frame_grab | 02:58:00  📷  a-eyes  ch4 → ch4-20260930T125800Z.jpg  (12.6 KB, 1.60s)
2026-09-30T02:58:02-10:00ENERGY  status=live  B2=1%  B1=16.9%  solar=0 W  ac=57 W  usbc=0 W  src=/home/rootrecord/RootRecord-Ecosystem/2 - RootRecord-Database/Energy  LAP=100%/Full/AC
2026-09-30T02:58:13-10:00  ✗  ecoflow_read_cycle  WAITING
2026-09-30T02:58:13-10:00job:sys_stats_cycle RUN  bash "/home/rootrecord/RootRecord-Ecosystem/1 - Servers/1 - RootRecord-Pacific-Solar-Server/System/scripts/sys-sample.sh"
2026-09-30T02:58:13-10:00job:sys_stats_cycle | SYSTEM  cpu=6%  load=0.55  mem=72%  src=sqlite
2026-09-30T02:58:13-10:00job:sys_stats_cycle | OK wrote /home/rootrecord/RootRecord-Ecosystem/2 - RootRecord-Database/System/samples/sys-20260930-025813.json
2026-09-30T02:58:49-10:00job:github_sync_all | — [ecosystem] no committable local changes
2026-09-30T02:58:49-10:00job:github_sync_all | ↓ [ecosystem] fetching origin/main
2026-09-30T02:58:49-10:00job:github_sync_all | From github.com:RootRecord-Software-Solutions/RootRecord-Ecosystem
2026-09-30T02:58:49-10:00job:github_sync_all | * branch            main       -> FETCH_HEAD
2026-09-30T02:58:49-10:00job:github_sync_all | — [ecosystem] local and GitHub already match
2026-09-30T02:58:49-10:00job:github_sync_all | — [ecosystem] nothing to push
2026-09-30T02:58:49-10:00job:github_sync_all | — [pacific] no local changes
2026-09-30T02:58:49-10:00job:github_sync_all | ↓ [pacific] fetching origin/main
2026-09-30T02:58:49-10:00job:github_sync_all | From github.com:RootRecord-Software-Solutions/RootRecord-Pacific-Solar-Server
2026-09-30T02:58:49-10:00job:github_sync_all | * branch            main       -> FETCH_HEAD
2026-09-30T02:58:49-10:00job:github_sync_all | — [pacific] local and GitHub already match
2026-09-30T02:58:49-10:00job:github_sync_all | — [pacific] nothing to push
2026-09-30T02:58:49-10:00job:github_sync_all | ↑ [database] committed 9 local file(s)
2026-09-30T02:58:49-10:00job:github_sync_all | ↓ [database] fetching origin/main
2026-09-30T02:58:49-10:00job:github_sync_all | From github.com:RootRecord-Software-Solutions/RootRecord-Database
2026-09-30T02:58:49-10:00job:github_sync_all | * branch            main       -> FETCH_HEAD
2026-09-30T02:58:49-10:00job:github_sync_all | ↑ [database] local is ahead of GitHub
2026-09-30T02:58:49-10:00job:github_sync_all | To github.com:RootRecord-Software-Solutions/RootRecord-Database.git
2026-09-30T02:58:49-10:00job:github_sync_all | aad0621..3a082cc  HEAD -> main
2026-09-30T02:58:49-10:00job:github_sync_all | branch 'main' set up to track 'origin/main'.
2026-09-30T02:58:49-10:00job:github_sync_all | ↑ [database] 9 files → RootRecord-Software-Solutions/RootRecord-Database (main)
2026-09-30T02:58:49-10:00job:github_sync_all | — [library] no local changes
2026-09-30T02:58:49-10:00job:github_sync_all | ↓ [library] fetching origin/main
2026-09-30T02:58:49-10:00job:github_sync_all | From github.com:RootRecord-Software-Solutions/RootRecord-Library
2026-09-30T02:58:49-10:00job:github_sync_all | * branch            main       -> FETCH_HEAD
2026-09-30T02:58:49-10:00job:github_sync_all | — [library] local and GitHub already match
2026-09-30T02:58:49-10:00job:github_sync_all | — [library] nothing to push
2026-09-30T02:58:49-10:00job:github_sync_all | — [skills] no local changes
2026-09-30T02:58:49-10:00job:github_sync_all | ↓ [skills] fetching origin/main
2026-09-30T02:58:49-10:00job:github_sync_all | From github.com:rootrecordsoftwaresolutions/Solar-Pacific-RootRecord-Server
2026-09-30T02:58:49-10:00job:github_sync_all | * branch            main       -> FETCH_HEAD
2026-09-30T02:58:49-10:00job:github_sync_all | — [skills] local and GitHub already match
2026-09-30T02:58:49-10:00job:github_sync_all | — [skills] nothing to push
2026-09-30T02:58:49-10:00job:worklog_scan RUN  bash "/home/rootrecord/RootRecord-Ecosystem/1 - Servers/1 - RootRecord-Pacific-Solar-Server/Reports/scripts/worklog_once.sh"
2026-09-30T02:58:56-10:00job:worklog_scan | OK wrote/updated /home/rootrecord/RootRecord-Ecosystem/2 - RootRecord-Database/Worklog/worklog_current.md
2026-09-30T02:58:56-10:00job:security_camera_frame_grab RUN  bash "/home/rootrecord/RootRecord-Ecosystem/1 - Servers/1 - RootRecord-Pacific-Solar-Server/Security/Cameras/grab_all.sh"
2026-09-30T02:59:11-10:00job:security_camera_frame_grab | 02:58:56  📷  a-eyes  ch1 → ch1-20260930T125856Z.jpg  (342.6 KB, 4.34s)
2026-09-30T02:59:11-10:00job:security_camera_frame_grab | 02:59:01  📷  a-eyes  ch2 → ch2-20260930T125901Z.jpg  (330.2 KB, 4.39s)
2026-09-30T02:59:11-10:00job:security_camera_frame_grab | 02:59:05  📷  a-eyes  ch3 → ch3-20260930T125905Z.jpg  (347.2 KB, 4.46s)
2026-09-30T02:59:11-10:00job:security_camera_frame_grab | 02:59:10  📷  a-eyes  ch4 → ch4-20260930T125910Z.jpg  (12.6 KB, 1.49s)
2026-09-30T02:59:11-10:00job:service_supervisor RUN  bash "/home/rootrecord/RootRecord-Ecosystem/1 - Servers/1 - RootRecord-Pacific-Solar-Server/Automations/scripts/supervise-services.sh"
2026-09-30T02:59:11-10:00job:service_supervisor | [supervisor] weather alive pid=304140 304463 305661 305866 308654 309134 309348 309668 313159 342702 392716 (act)
2026-09-30T02:59:11-10:00job:service_supervisor | [supervisor] relay alive pid=4374 (act)
2026-09-30T02:59:12-10:00ENERGY  status=live  B2=1%  B1=16.9%  solar=0 W  ac=57 W  usbc=0 W  src=/home/rootrecord/RootRecord-Ecosystem/2 - RootRecord-Database/Energy  LAP=100%/Full/AC
2026-09-30T02:59:22-10:00  ✗  ecoflow_read_cycle  WAITING
2026-09-30T02:59:22-10:00job:sys_stats_cycle RUN  bash "/home/rootrecord/RootRecord-Ecosystem/1 - Servers/1 - RootRecord-Pacific-Solar-Server/System/scripts/sys-sample.sh"
2026-09-30T02:59:23-10:00job:sys_stats_cycle | SYSTEM  cpu=32%  load=0.84  mem=74%  src=sqlite
2026-09-30T02:59:23-10:00job:sys_stats_cycle | OK wrote /home/rootrecord/RootRecord-Ecosystem/2 - RootRecord-Database/System/samples/sys-20260930-025923.json
2026-09-30T03:00:01-10:00job:github_sync_all | ↑ [ecosystem] committed 1 local file(s)
2026-09-30T03:00:01-10:00job:github_sync_all | ↓ [ecosystem] fetching origin/main
2026-09-30T03:00:01-10:00job:github_sync_all | From github.com:RootRecord-Software-Solutions/RootRecord-Ecosystem
2026-09-30T03:00:01-10:00job:github_sync_all | * branch            main       -> FETCH_HEAD
2026-09-30T03:00:01-10:00job:github_sync_all | ↑ [ecosystem] local is ahead of GitHub
2026-09-30T03:00:01-10:00job:github_sync_all | To github.com:RootRecord-Software-Solutions/RootRecord-Ecosystem.git
2026-09-30T03:00:01-10:00job:github_sync_all | 8eb828c..d36a825  HEAD -> main
2026-09-30T03:00:01-10:00job:github_sync_all | branch 'main' set up to track 'origin/main'.
2026-09-30T03:00:01-10:00job:github_sync_all | ↑ [ecosystem] 1 files → RootRecord-Software-Solutions/RootRecord-Ecosystem (main)
2026-09-30T03:00:01-10:00job:github_sync_all | ↑ [pacific] committed 1 local file(s)
2026-09-30T03:00:01-10:00job:github_sync_all | ↓ [pacific] fetching origin/main
2026-09-30T03:00:01-10:00job:github_sync_all | From github.com:RootRecord-Software-Solutions/RootRecord-Pacific-Solar-Server
2026-09-30T03:00:01-10:00job:github_sync_all | * branch            main       -> FETCH_HEAD
2026-09-30T03:00:01-10:00job:github_sync_all | ↑ [pacific] local is ahead of GitHub
2026-09-30T03:00:01-10:00job:github_sync_all | To github.com:RootRecord-Software-Solutions/RootRecord-Pacific-Solar-Server.git
2026-09-30T03:00:01-10:00job:github_sync_all | 8f36917..0a6868d  HEAD -> main
2026-09-30T03:00:01-10:00job:github_sync_all | branch 'main' set up to track 'origin/main'.
2026-09-30T03:00:01-10:00job:github_sync_all | ↑ [pacific] 1 files → RootRecord-Software-Solutions/RootRecord-Pacific-Solar-Server (main)
2026-09-30T03:00:01-10:00job:github_sync_all | ↑ [database] committed 12 local file(s)
2026-09-30T03:00:01-10:00job:github_sync_all | ↓ [database] fetching origin/main
2026-09-30T03:00:01-10:00job:github_sync_all | From github.com:RootRecord-Software-Solutions/RootRecord-Database
2026-09-30T03:00:01-10:00job:github_sync_all | * branch            main       -> FETCH_HEAD
2026-09-30T03:00:01-10:00job:github_sync_all | ↑ [database] local is ahead of GitHub
2026-09-30T03:00:01-10:00job:github_sync_all | To github.com:RootRecord-Software-Solutions/RootRecord-Database.git
2026-09-30T03:00:01-10:00job:github_sync_all | 3a082cc..2938f83  HEAD -> main
2026-09-30T03:00:01-10:00job:github_sync_all | branch 'main' set up to track 'origin/main'.
2026-09-30T03:00:01-10:00job:github_sync_all | ↑ [database] 12 files → RootRecord-Software-Solutions/RootRecord-Database (main)
2026-09-30T03:00:01-10:00job:github_sync_all | — [library] no local changes
2026-09-30T03:00:01-10:00job:github_sync_all | ↓ [library] fetching origin/main
2026-09-30T03:00:01-10:00job:github_sync_all | From github.com:RootRecord-Software-Solutions/RootRecord-Library
2026-09-30T03:00:01-10:00job:github_sync_all | * branch            main       -> FETCH_HEAD
2026-09-30T03:00:01-10:00job:github_sync_all | — [library] local and GitHub already match
2026-09-30T03:00:01-10:00job:github_sync_all | — [library] nothing to push
2026-09-30T03:00:01-10:00job:github_sync_all | — [skills] no local changes
2026-09-30T03:00:01-10:00job:github_sync_all | ↓ [skills] fetching origin/main
2026-09-30T03:00:01-10:00job:github_sync_all | From github.com:rootrecordsoftwaresolutions/Solar-Pacific-RootRecord-Server
2026-09-30T03:00:01-10:00job:github_sync_all | * branch            main       -> FETCH_HEAD
2026-09-30T03:00:01-10:00job:github_sync_all | — [skills] local and GitHub already match
2026-09-30T03:00:01-10:00job:github_sync_all | — [skills] nothing to push
2026-09-30T03:00:01-10:00job:security_camera_frame_grab RUN  bash "/home/rootrecord/RootRecord-Ecosystem/1 - Servers/1 - RootRecord-Pacific-Solar-Server/Security/Cameras/grab_all.sh"
2026-09-30T03:00:16-10:00job:security_camera_frame_grab | 03:00:01  📷  a-eyes  ch1 → ch1-20260930T130001Z.jpg  (345.3 KB, 4.44s)
2026-09-30T03:00:16-10:00job:security_camera_frame_grab | 03:00:06  📷  a-eyes  ch2 → ch2-20260930T130006Z.jpg  (322.6 KB, 4.37s)
2026-09-30T03:00:16-10:00job:security_camera_frame_grab | 03:00:10  📷  a-eyes  ch3 → ch3-20260930T130010Z.jpg  (384.2 KB, 4.30s)
2026-09-30T03:00:16-10:00job:security_camera_frame_grab | 03:00:15  📷  a-eyes  ch4 → ch4-20260930T130015Z.jpg  (12.7 KB, 1.49s)
2026-09-30T03:00:16-10:00ENERGY  status=live  B2=1%  B1=16.9%  solar=0 W  ac=57 W  usbc=0 W  src=/home/rootrecord/RootRecord-Ecosystem/2 - RootRecord-Database/Energy  LAP=100%/Full/AC
2026-09-30T03:00:31-10:00  ▸  SUMMARY=river2pro soc=16.23% solar=0W ac_out=36W usbc=14W src=ble db=ok
2026-09-30T03:00:31-10:00job:sys_stats_cycle RUN  bash "/home/rootrecord/RootRecord-Ecosystem/1 - Servers/1 - RootRecord-Pacific-Solar-Server/System/scripts/sys-sample.sh"
2026-09-30T03:00:32-10:00job:sys_stats_cycle | SYSTEM  cpu=24%  load=0.93  mem=70%  src=sqlite
2026-09-30T03:00:32-10:00job:sys_stats_cycle | OK wrote /home/rootrecord/RootRecord-Ecosystem/2 - RootRecord-Database/System/samples/sys-20260930-030032.json
2026-09-30T03:01:08-10:00job:github_sync_all | — [ecosystem] no committable local changes
2026-09-30T03:01:08-10:00job:github_sync_all | ↓ [ecosystem] fetching origin/main
2026-09-30T03:01:08-10:00job:github_sync_all | From github.com:RootRecord-Software-Solutions/RootRecord-Ecosystem
2026-09-30T03:01:08-10:00job:github_sync_all | * branch            main       -> FETCH_HEAD
2026-09-30T03:01:08-10:00job:github_sync_all | — [ecosystem] local and GitHub already match
2026-09-30T03:01:08-10:00job:github_sync_all | — [ecosystem] nothing to push
2026-09-30T03:01:08-10:00job:github_sync_all | — [pacific] no local changes
2026-09-30T03:01:08-10:00job:github_sync_all | ↓ [pacific] fetching origin/main
2026-09-30T03:01:08-10:00job:github_sync_all | From github.com:RootRecord-Software-Solutions/RootRecord-Pacific-Solar-Server
2026-09-30T03:01:08-10:00job:github_sync_all | * branch            main       -> FETCH_HEAD
2026-09-30T03:01:08-10:00job:github_sync_all | — [pacific] local and GitHub already match
2026-09-30T03:01:08-10:00job:github_sync_all | — [pacific] nothing to push
2026-09-30T03:01:08-10:00job:github_sync_all | ↑ [database] committed 15 local file(s)
2026-09-30T03:01:08-10:00job:github_sync_all | ↓ [database] fetching origin/main
2026-09-30T03:01:08-10:00job:github_sync_all | From github.com:RootRecord-Software-Solutions/RootRecord-Database
2026-09-30T03:01:08-10:00job:github_sync_all | * branch            main       -> FETCH_HEAD
2026-09-30T03:01:08-10:00job:github_sync_all | ↑ [database] local is ahead of GitHub
2026-09-30T03:01:08-10:00job:github_sync_all | To github.com:RootRecord-Software-Solutions/RootRecord-Database.git
2026-09-30T03:01:08-10:00job:github_sync_all | 2938f83..f578e78  HEAD -> main
2026-09-30T03:01:08-10:00job:github_sync_all | branch 'main' set up to track 'origin/main'.
2026-09-30T03:01:08-10:00job:github_sync_all | ↑ [database] 15 files → RootRecord-Software-Solutions/RootRecord-Database (main)
2026-09-30T03:01:08-10:00job:github_sync_all | — [library] no local changes
2026-09-30T03:01:08-10:00job:github_sync_all | ↓ [library] fetching origin/main
2026-09-30T03:01:08-10:00job:github_sync_all | From github.com:RootRecord-Software-Solutions/RootRecord-Library
2026-09-30T03:01:08-10:00job:github_sync_all | * branch            main       -> FETCH_HEAD
2026-09-30T03:01:08-10:00job:github_sync_all | — [library] local and GitHub already match
2026-09-30T03:01:08-10:00job:github_sync_all | — [library] nothing to push
2026-09-30T03:01:08-10:00job:github_sync_all | — [skills] no local changes
2026-09-30T03:01:08-10:00job:github_sync_all | ↓ [skills] fetching origin/main
2026-09-30T03:01:08-10:00job:github_sync_all | From github.com:rootrecordsoftwaresolutions/Solar-Pacific-RootRecord-Server
2026-09-30T03:01:08-10:00job:github_sync_all | * branch            main       -> FETCH_HEAD
2026-09-30T03:01:08-10:00job:github_sync_all | — [skills] local and GitHub already match
2026-09-30T03:01:08-10:00job:github_sync_all | — [skills] nothing to push
2026-09-30T03:01:08-10:00job:worklog_scan RUN  bash "/home/rootrecord/RootRecord-Ecosystem/1 - Servers/1 - RootRecord-Pacific-Solar-Server/Reports/scripts/worklog_once.sh"
2026-09-30T03:01:14-10:00job:worklog_scan | OK wrote/updated /home/rootrecord/RootRecord-Ecosystem/2 - RootRecord-Database/Worklog/worklog_current.md
2026-09-30T03:01:14-10:00job:security_camera_frame_grab RUN  bash "/home/rootrecord/RootRecord-Ecosystem/1 - Servers/1 - RootRecord-Pacific-Solar-Server/Security/Cameras/grab_all.sh"
2026-09-30T03:01:29-10:00job:security_camera_frame_grab | 03:01:14  📷  a-eyes  ch1 → ch1-20260930T130114Z.jpg  (344.5 KB, 4.34s)
2026-09-30T03:01:29-10:00job:security_camera_frame_grab | 03:01:19  📷  a-eyes  ch2 → ch2-20260930T130119Z.jpg  (315.9 KB, 4.43s)
2026-09-30T03:01:29-10:00job:security_camera_frame_grab | 03:01:23  📷  a-eyes  ch3 → ch3-20260930T130123Z.jpg  (389.1 KB, 4.31s)
2026-09-30T03:01:29-10:00job:security_camera_frame_grab | 03:01:28  📷  a-eyes  ch4 → ch4-20260930T130128Z.jpg  (12.6 KB, 1.70s)
2026-09-30T03:01:29-10:00job:automations_log_hourly_archive RUN  bash "/home/rootrecord/RootRecord-Ecosystem/1 - Servers/1 - RootRecord-Pacific-Solar-Server/Automations/scripts/archive_automations_log_hourly.sh"
