2026-09-30T14:01:58-10:00job:automations_log_hourly_archive OK
2026-09-30T14:01:58-10:00job:security_timelapse_hourly_compile RUN  bash "/home/rootrecord/RootRecord-Ecosystem/1 - Servers/1 - RootRecord-Pacific-Solar-Server/Security/Cameras/timelapse_hourly.sh"
2026-09-30T14:02:14-10:00job:security_timelapse_hourly_compile | 14:02:14  🎬  a-eyes-timelapse  hour 13 → hour_13.mp4  (49 frames, 12.86s)
2026-09-30T14:02:14-10:00job:security_timelapse_hourly_compile | 14:02:14  🎬  a-eyes-timelapse  hour 13 frames archived → /home/rootrecord/RootRecord-Ecosystem/2 - RootRecord-Database/Media/Timelapses/_archive/20260930/hour_13
2026-09-30T14:02:14-10:00ENERGY  status=live  B2=18.0%  B1=62.2%  solar=92 W  ac=82 W  usbc=15 W  src=/home/rootrecord/RootRecord-Ecosystem/2 - RootRecord-Database/Energy  LAP=100%/Full/AC
2026-09-30T14:02:29-10:00  ▸  SUMMARY=delta2 soc=19.4% solar=84W ac_out=— usbc=20W src=ble db=ok
2026-09-30T14:02:29-10:00job:sys_stats_cycle RUN  bash "/home/rootrecord/RootRecord-Ecosystem/1 - Servers/1 - RootRecord-Pacific-Solar-Server/System/scripts/sys-sample.sh"
2026-09-30T14:02:30-10:00job:sys_stats_cycle | SYSTEM  cpu=8%  load=1.51  mem=61%  src=sqlite
2026-09-30T14:02:30-10:00job:sys_stats_cycle | OK wrote /home/rootrecord/RootRecord-Ecosystem/2 - RootRecord-Database/System/samples/sys-20260930-140229.json
2026-09-30T14:03:03-10:00job:github_sync_all | — [ecosystem] no committable local changes
2026-09-30T14:03:03-10:00job:github_sync_all | ↓ [ecosystem] fetching origin/main
2026-09-30T14:03:03-10:00job:github_sync_all | From github.com:RootRecord-Software-Solutions/RootRecord-Ecosystem
2026-09-30T14:03:03-10:00job:github_sync_all | * branch            main       -> FETCH_HEAD
2026-09-30T14:03:03-10:00job:github_sync_all | — [ecosystem] local and GitHub already match
2026-09-30T14:03:03-10:00job:github_sync_all | — [ecosystem] nothing to push
2026-09-30T14:03:03-10:00job:github_sync_all | — [pacific] no local changes
2026-09-30T14:03:03-10:00job:github_sync_all | ↓ [pacific] fetching origin/main
2026-09-30T14:03:03-10:00job:github_sync_all | From github.com:RootRecord-Software-Solutions/RootRecord-Pacific-Solar-Server
2026-09-30T14:03:03-10:00job:github_sync_all | * branch            main       -> FETCH_HEAD
2026-09-30T14:03:03-10:00job:github_sync_all | — [pacific] local and GitHub already match
2026-09-30T14:03:03-10:00job:github_sync_all | — [pacific] nothing to push
2026-09-30T14:03:03-10:00job:github_sync_all | ↑ [database] committed 20 local file(s)
2026-09-30T14:03:03-10:00job:github_sync_all | ↓ [database] fetching origin/main
2026-09-30T14:03:03-10:00job:github_sync_all | From github.com:RootRecord-Software-Solutions/RootRecord-Database
2026-09-30T14:03:03-10:00job:github_sync_all | * branch              main       -> FETCH_HEAD
2026-09-30T14:03:03-10:00job:github_sync_all | ↑ [database] local is ahead of GitHub
2026-09-30T14:03:03-10:00job:github_sync_all | To github.com:RootRecord-Software-Solutions/RootRecord-Database.git
2026-09-30T14:03:03-10:00job:github_sync_all | 4b75a913..00342dde  HEAD -> main
2026-09-30T14:03:03-10:00job:github_sync_all | branch 'main' set up to track 'origin/main'.
2026-09-30T14:03:03-10:00job:github_sync_all | ↑ [database] 20 files → RootRecord-Software-Solutions/RootRecord-Database (main)
2026-09-30T14:03:03-10:00job:github_sync_all | — [library] no local changes
2026-09-30T14:03:03-10:00job:github_sync_all | ↓ [library] fetching origin/main
2026-09-30T14:03:03-10:00job:github_sync_all | From github.com:RootRecord-Software-Solutions/RootRecord-Library
2026-09-30T14:03:03-10:00job:github_sync_all | * branch            main       -> FETCH_HEAD
2026-09-30T14:03:03-10:00job:github_sync_all | — [library] local and GitHub already match
2026-09-30T14:03:03-10:00job:github_sync_all | — [library] nothing to push
2026-09-30T14:03:03-10:00job:github_sync_all | — [skills] no local changes
2026-09-30T14:03:03-10:00job:github_sync_all | ↓ [skills] fetching origin/main
2026-09-30T14:03:03-10:00job:github_sync_all | From github.com:rootrecordsoftwaresolutions/Solar-Pacific-RootRecord-Server
2026-09-30T14:03:03-10:00job:github_sync_all | * branch            main       -> FETCH_HEAD
2026-09-30T14:03:03-10:00job:github_sync_all | — [skills] local and GitHub already match
2026-09-30T14:03:03-10:00job:github_sync_all | — [skills] nothing to push
2026-09-30T14:03:03-10:00job:worklog_scan RUN  bash "/home/rootrecord/RootRecord-Ecosystem/1 - Servers/1 - RootRecord-Pacific-Solar-Server/Reports/scripts/worklog_once.sh"
2026-09-30T14:03:07-10:00job:worklog_scan | OK wrote/updated /home/rootrecord/RootRecord-Ecosystem/2 - RootRecord-Database/Worklog/worklog_current.md
2026-09-30T14:03:07-10:00job:security_camera_frame_grab RUN  bash "/home/rootrecord/RootRecord-Ecosystem/1 - Servers/1 - RootRecord-Pacific-Solar-Server/Security/Cameras/grab_all.sh"
2026-09-30T14:03:22-10:00job:security_camera_frame_grab | 14:03:07  📷  a-eyes  ch1 → ch1-20261001T000307Z.jpg  (494.5 KB, 4.47s)
2026-09-30T14:03:22-10:00job:security_camera_frame_grab | 14:03:11  📷  a-eyes  ch2 → ch2-20261001T000311Z.jpg  (284.8 KB, 4.35s)
2026-09-30T14:03:22-10:00job:security_camera_frame_grab | 14:03:16  📷  a-eyes  ch3 → ch3-20261001T000316Z.jpg  (413.4 KB, 4.22s)
2026-09-30T14:03:22-10:00job:security_camera_frame_grab | 14:03:20  📷  a-eyes  ch4 → ch4-20261001T000320Z.jpg  (11.8 KB, 1.55s)
2026-09-30T14:03:22-10:00ENERGY  status=live  B2=19.4%  B1=62.2%  solar=84 W  ac=82 W  usbc=20 W  src=/home/rootrecord/RootRecord-Ecosystem/2 - RootRecord-Database/Energy  LAP=100%/Full/AC
2026-09-30T14:03:37-10:00  ▸  SUMMARY=delta2 soc=19.5% solar=83W ac_out=— usbc=13W src=ble db=ok
2026-09-30T14:03:37-10:00job:sys_stats_cycle RUN  bash "/home/rootrecord/RootRecord-Ecosystem/1 - Servers/1 - RootRecord-Pacific-Solar-Server/System/scripts/sys-sample.sh"
2026-09-30T14:03:39-10:00job:sys_stats_cycle | SYSTEM  cpu=45%  load=1.21  mem=60%  src=sqlite
2026-09-30T14:03:39-10:00job:sys_stats_cycle | OK wrote /home/rootrecord/RootRecord-Ecosystem/2 - RootRecord-Database/System/samples/sys-20260930-140338.json
2026-09-30T14:04:21-10:00job:github_sync_all | ↑ [ecosystem] committed 4 local file(s)
2026-09-30T14:04:21-10:00job:github_sync_all | ↓ [ecosystem] fetching origin/main
2026-09-30T14:04:21-10:00job:github_sync_all | From github.com:RootRecord-Software-Solutions/RootRecord-Ecosystem
2026-09-30T14:04:21-10:00job:github_sync_all | * branch            main       -> FETCH_HEAD
2026-09-30T14:04:21-10:00job:github_sync_all | ↑ [ecosystem] local is ahead of GitHub
2026-09-30T14:04:21-10:00job:github_sync_all | To github.com:RootRecord-Software-Solutions/RootRecord-Ecosystem.git
2026-09-30T14:04:21-10:00job:github_sync_all | 0ca4f71..47edd88  HEAD -> main
2026-09-30T14:04:21-10:00job:github_sync_all | branch 'main' set up to track 'origin/main'.
2026-09-30T14:04:21-10:00job:github_sync_all | ↑ [ecosystem] 4 files → RootRecord-Software-Solutions/RootRecord-Ecosystem (main)
2026-09-30T14:04:21-10:00job:github_sync_all | ↑ [pacific] committed 4 local file(s)
2026-09-30T14:04:21-10:00job:github_sync_all | ↓ [pacific] fetching origin/main
2026-09-30T14:04:21-10:00job:github_sync_all | From github.com:RootRecord-Software-Solutions/RootRecord-Pacific-Solar-Server
2026-09-30T14:04:21-10:00job:github_sync_all | * branch            main       -> FETCH_HEAD
2026-09-30T14:04:21-10:00job:github_sync_all | ↑ [pacific] local is ahead of GitHub
2026-09-30T14:04:21-10:00job:github_sync_all | To github.com:RootRecord-Software-Solutions/RootRecord-Pacific-Solar-Server.git
2026-09-30T14:04:21-10:00job:github_sync_all | 599be56..b33ffa1  HEAD -> main
2026-09-30T14:04:21-10:00job:github_sync_all | branch 'main' set up to track 'origin/main'.
2026-09-30T14:04:21-10:00job:github_sync_all | ↑ [pacific] 4 files → RootRecord-Software-Solutions/RootRecord-Pacific-Solar-Server (main)
2026-09-30T14:04:21-10:00job:github_sync_all | ↑ [database] committed 15 local file(s)
2026-09-30T14:04:21-10:00job:github_sync_all | ↓ [database] fetching origin/main
2026-09-30T14:04:21-10:00job:github_sync_all | From github.com:RootRecord-Software-Solutions/RootRecord-Database
2026-09-30T14:04:21-10:00job:github_sync_all | * branch              main       -> FETCH_HEAD
2026-09-30T14:04:21-10:00job:github_sync_all | ↑ [database] local is ahead of GitHub
2026-09-30T14:04:21-10:00job:github_sync_all | To github.com:RootRecord-Software-Solutions/RootRecord-Database.git
2026-09-30T14:04:21-10:00job:github_sync_all | 00342dde..1193ce3c  HEAD -> main
2026-09-30T14:04:21-10:00job:github_sync_all | branch 'main' set up to track 'origin/main'.
2026-09-30T14:04:21-10:00job:github_sync_all | ↑ [database] 15 files → RootRecord-Software-Solutions/RootRecord-Database (main)
2026-09-30T14:04:21-10:00job:github_sync_all | ↑ [library] committed 5 local file(s)
2026-09-30T14:04:21-10:00job:github_sync_all | ↓ [library] fetching origin/main
2026-09-30T14:04:21-10:00job:github_sync_all | From github.com:RootRecord-Software-Solutions/RootRecord-Library
2026-09-30T14:04:21-10:00job:github_sync_all | * branch            main       -> FETCH_HEAD
2026-09-30T14:04:21-10:00job:github_sync_all | ↑ [library] local is ahead of GitHub
2026-09-30T14:04:21-10:00job:github_sync_all | To github.com:RootRecord-Software-Solutions/RootRecord-Library.git
2026-09-30T14:04:21-10:00job:github_sync_all | 41fdffc..003041c  HEAD -> main
2026-09-30T14:04:21-10:00job:github_sync_all | branch 'main' set up to track 'origin/main'.
2026-09-30T14:04:21-10:00job:github_sync_all | ↑ [library] 5 files → RootRecord-Software-Solutions/RootRecord-Library (main)
2026-09-30T14:04:21-10:00job:github_sync_all | — [skills] no local changes
2026-09-30T14:04:21-10:00job:github_sync_all | ↓ [skills] fetching origin/main
2026-09-30T14:04:21-10:00job:github_sync_all | From github.com:rootrecordsoftwaresolutions/Solar-Pacific-RootRecord-Server
2026-09-30T14:04:21-10:00job:github_sync_all | * branch            main       -> FETCH_HEAD
2026-09-30T14:04:21-10:00job:security_camera_frame_grab RUN  bash "/home/rootrecord/RootRecord-Ecosystem/1 - Servers/1 - RootRecord-Pacific-Solar-Server/Security/Cameras/grab_all.sh"
2026-09-30T14:04:36-10:00job:security_camera_frame_grab | 14:04:21  📷  a-eyes  ch1 → ch1-20261001T000421Z.jpg  (532.0 KB, 4.37s)
2026-09-30T14:04:36-10:00job:security_camera_frame_grab | 14:04:25  📷  a-eyes  ch2 → ch2-20261001T000425Z.jpg  (290.2 KB, 4.46s)
2026-09-30T14:04:36-10:00job:security_camera_frame_grab | 14:04:30  📷  a-eyes  ch3 → ch3-20261001T000430Z.jpg  (408.6 KB, 4.29s)
2026-09-30T14:04:36-10:00job:security_camera_frame_grab | 14:04:34  📷  a-eyes  ch4 → ch4-20261001T000434Z.jpg  (11.7 KB, 1.57s)
2026-09-30T14:04:36-10:00ENERGY  status=live  B2=19.5%  B1=62.2%  solar=83 W  ac=82 W  usbc=13 W  src=/home/rootrecord/RootRecord-Ecosystem/2 - RootRecord-Database/Energy  LAP=100%/Full/AC
2026-09-30T14:04:51-10:00  ▸  SUMMARY=river2pro soc=61.12% solar=— ac_out=94W usbc=0W src=ble db=ok
2026-09-30T14:04:51-10:00job:sys_stats_cycle RUN  bash "/home/rootrecord/RootRecord-Ecosystem/1 - Servers/1 - RootRecord-Pacific-Solar-Server/System/scripts/sys-sample.sh"
2026-09-30T14:04:52-10:00job:sys_stats_cycle | SYSTEM  cpu=5%  load=0.89  mem=62%  src=sqlite
2026-09-30T14:04:52-10:00job:sys_stats_cycle | OK wrote /home/rootrecord/RootRecord-Ecosystem/2 - RootRecord-Database/System/samples/sys-20260930-140452.json
2026-09-30T14:05:33-10:00job:github_sync_all | ↑ [ecosystem] committed 19 local file(s)
2026-09-30T14:05:33-10:00job:github_sync_all | ↓ [ecosystem] fetching origin/main
2026-09-30T14:05:33-10:00job:github_sync_all | From github.com:RootRecord-Software-Solutions/RootRecord-Ecosystem
2026-09-30T14:05:33-10:00job:github_sync_all | * branch            main       -> FETCH_HEAD
2026-09-30T14:05:33-10:00job:github_sync_all | ↑ [ecosystem] local is ahead of GitHub
2026-09-30T14:05:33-10:00job:github_sync_all | To github.com:RootRecord-Software-Solutions/RootRecord-Ecosystem.git
2026-09-30T14:05:33-10:00job:github_sync_all | 47edd88..0455216  HEAD -> main
2026-09-30T14:05:33-10:00job:github_sync_all | branch 'main' set up to track 'origin/main'.
2026-09-30T14:05:33-10:00job:github_sync_all | ↑ [ecosystem] 19 files → RootRecord-Software-Solutions/RootRecord-Ecosystem (main)
2026-09-30T14:05:33-10:00job:github_sync_all | ↑ [pacific] committed 6 local file(s)
2026-09-30T14:05:33-10:00job:github_sync_all | ↓ [pacific] fetching origin/main
2026-09-30T14:05:33-10:00job:github_sync_all | From github.com:RootRecord-Software-Solutions/RootRecord-Pacific-Solar-Server
2026-09-30T14:05:33-10:00job:github_sync_all | * branch            main       -> FETCH_HEAD
2026-09-30T14:05:33-10:00job:github_sync_all | ↑ [pacific] local is ahead of GitHub
2026-09-30T14:05:33-10:00job:github_sync_all | To github.com:RootRecord-Software-Solutions/RootRecord-Pacific-Solar-Server.git
2026-09-30T14:05:33-10:00job:github_sync_all | b33ffa1..faea0e5  HEAD -> main
2026-09-30T14:05:33-10:00job:github_sync_all | branch 'main' set up to track 'origin/main'.
2026-09-30T14:05:33-10:00job:github_sync_all | ↑ [pacific] 6 files → RootRecord-Software-Solutions/RootRecord-Pacific-Solar-Server (main)
2026-09-30T14:05:33-10:00job:github_sync_all | ↑ [database] committed 13 local file(s)
2026-09-30T14:05:33-10:00job:github_sync_all | ↓ [database] fetching origin/main
2026-09-30T14:05:33-10:00job:github_sync_all | From github.com:RootRecord-Software-Solutions/RootRecord-Database
2026-09-30T14:05:33-10:00job:github_sync_all | * branch              main       -> FETCH_HEAD
2026-09-30T14:05:33-10:00job:github_sync_all | ↑ [database] local is ahead of GitHub
2026-09-30T14:05:33-10:00job:github_sync_all | To github.com:RootRecord-Software-Solutions/RootRecord-Database.git
2026-09-30T14:05:33-10:00job:github_sync_all | 1193ce3c..d4373808  HEAD -> main
2026-09-30T14:05:33-10:00job:github_sync_all | branch 'main' set up to track 'origin/main'.
2026-09-30T14:05:33-10:00job:github_sync_all | ↑ [database] 13 files → RootRecord-Software-Solutions/RootRecord-Database (main)
2026-09-30T14:05:33-10:00job:github_sync_all | ↑ [library] committed 7 local file(s)
2026-09-30T14:05:33-10:00job:github_sync_all | ↓ [library] fetching origin/main
2026-09-30T14:05:33-10:00job:github_sync_all | From github.com:RootRecord-Software-Solutions/RootRecord-Library
2026-09-30T14:05:33-10:00job:github_sync_all | * branch            main       -> FETCH_HEAD
2026-09-30T14:05:33-10:00job:github_sync_all | ↑ [library] local is ahead of GitHub
2026-09-30T14:05:33-10:00job:github_sync_all | To github.com:RootRecord-Software-Solutions/RootRecord-Library.git
2026-09-30T14:05:33-10:00job:github_sync_all | 003041c..1470484  HEAD -> main
2026-09-30T14:05:33-10:00job:github_sync_all | branch 'main' set up to track 'origin/main'.
2026-09-30T14:05:33-10:00job:github_sync_all | ↑ [library] 7 files → RootRecord-Software-Solutions/RootRecord-Library (main)
2026-09-30T14:05:33-10:00job:github_sync_all | — [skills] no local changes
2026-09-30T14:05:33-10:00job:github_sync_all | ↓ [skills] fetching origin/main
2026-09-30T14:05:33-10:00job:github_sync_all | From github.com:rootrecordsoftwaresolutions/Solar-Pacific-RootRecord-Server
2026-09-30T14:05:33-10:00job:github_sync_all | * branch            main       -> FETCH_HEAD
2026-09-30T14:05:33-10:00job:worklog_scan RUN  bash "/home/rootrecord/RootRecord-Ecosystem/1 - Servers/1 - RootRecord-Pacific-Solar-Server/Reports/scripts/worklog_once.sh"
2026-09-30T14:05:42-10:00job:worklog_scan | OK wrote/updated /home/rootrecord/RootRecord-Ecosystem/2 - RootRecord-Database/Worklog/worklog_current.md
2026-09-30T14:05:42-10:00job:security_camera_frame_grab RUN  bash "/home/rootrecord/RootRecord-Ecosystem/1 - Servers/1 - RootRecord-Pacific-Solar-Server/Security/Cameras/grab_all.sh"
2026-09-30T14:05:57-10:00job:security_camera_frame_grab | 14:05:42  📷  a-eyes  ch1 → ch1-20261001T000542Z.jpg  (488.7 KB, 4.55s)
2026-09-30T14:05:57-10:00job:security_camera_frame_grab | 14:05:47  📷  a-eyes  ch2 → ch2-20261001T000547Z.jpg  (283.7 KB, 4.45s)
2026-09-30T14:05:57-10:00job:security_camera_frame_grab | 14:05:51  📷  a-eyes  ch3 → ch3-20261001T000551Z.jpg  (401.7 KB, 4.27s)
2026-09-30T14:05:57-10:00job:security_camera_frame_grab | 14:05:56  📷  a-eyes  ch4 → ch4-20261001T000556Z.jpg  (11.9 KB, 1.69s)
2026-09-30T14:05:58-10:00ENERGY  status=live  B2=19.5%  B1=61.1%  solar=83 W  ac=94 W  usbc=13 W  src=/home/rootrecord/RootRecord-Ecosystem/2 - RootRecord-Database/Energy  LAP=100%/Full/AC
2026-09-30T14:06:13-10:00  ▸  SUMMARY=river2pro soc=60.7% solar=0W ac_out=79W usbc=0W src=ble db=ok
2026-09-30T14:06:13-10:00job:sys_stats_cycle RUN  bash "/home/rootrecord/RootRecord-Ecosystem/1 - Servers/1 - RootRecord-Pacific-Solar-Server/System/scripts/sys-sample.sh"
2026-09-30T14:06:14-10:00job:sys_stats_cycle | SYSTEM  cpu=6%  load=1.01  mem=61%  src=sqlite
2026-09-30T14:06:14-10:00job:sys_stats_cycle | OK wrote /home/rootrecord/RootRecord-Ecosystem/2 - RootRecord-Database/System/samples/sys-20260930-140613.json
2026-09-30T14:06:57-10:00job:github_sync_all | ↑ [ecosystem] committed 7 local file(s)
2026-09-30T14:06:57-10:00job:github_sync_all | ↓ [ecosystem] fetching origin/main
2026-09-30T14:06:57-10:00job:github_sync_all | From github.com:RootRecord-Software-Solutions/RootRecord-Ecosystem
2026-09-30T14:06:57-10:00job:github_sync_all | * branch            main       -> FETCH_HEAD
2026-09-30T14:06:57-10:00job:github_sync_all | ↑ [ecosystem] local is ahead of GitHub
2026-09-30T14:06:57-10:00job:github_sync_all | To github.com:RootRecord-Software-Solutions/RootRecord-Ecosystem.git
2026-09-30T14:06:57-10:00job:github_sync_all | 0455216..da803bc  HEAD -> main
2026-09-30T14:06:57-10:00job:github_sync_all | branch 'main' set up to track 'origin/main'.
2026-09-30T14:06:57-10:00job:github_sync_all | ↑ [ecosystem] 7 files → RootRecord-Software-Solutions/RootRecord-Ecosystem (main)
2026-09-30T14:06:57-10:00job:github_sync_all | ↑ [pacific] committed 2 local file(s)
2026-09-30T14:06:57-10:00job:github_sync_all | ↓ [pacific] fetching origin/main
2026-09-30T14:06:57-10:00job:github_sync_all | From github.com:RootRecord-Software-Solutions/RootRecord-Pacific-Solar-Server
2026-09-30T14:06:57-10:00job:github_sync_all | * branch            main       -> FETCH_HEAD
2026-09-30T14:06:57-10:00job:github_sync_all | ↑ [pacific] local is ahead of GitHub
2026-09-30T14:06:57-10:00job:github_sync_all | To github.com:RootRecord-Software-Solutions/RootRecord-Pacific-Solar-Server.git
2026-09-30T14:06:57-10:00job:github_sync_all | faea0e5..fe58b4c  HEAD -> main
2026-09-30T14:06:57-10:00job:github_sync_all | branch 'main' set up to track 'origin/main'.
2026-09-30T14:06:57-10:00job:github_sync_all | ↑ [pacific] 2 files → RootRecord-Software-Solutions/RootRecord-Pacific-Solar-Server (main)
2026-09-30T14:06:57-10:00job:github_sync_all | ↑ [database] committed 22 local file(s)
2026-09-30T14:06:57-10:00job:github_sync_all | ↓ [database] fetching origin/main
2026-09-30T14:06:57-10:00job:github_sync_all | From github.com:RootRecord-Software-Solutions/RootRecord-Database
2026-09-30T14:06:57-10:00job:github_sync_all | * branch              main       -> FETCH_HEAD
2026-09-30T14:06:57-10:00job:github_sync_all | ↑ [database] local is ahead of GitHub
2026-09-30T14:06:57-10:00job:github_sync_all | To github.com:RootRecord-Software-Solutions/RootRecord-Database.git
2026-09-30T14:06:57-10:00job:github_sync_all | d4373808..e5c288ba  HEAD -> main
2026-09-30T14:06:57-10:00job:github_sync_all | branch 'main' set up to track 'origin/main'.
2026-09-30T14:06:57-10:00job:github_sync_all | ↑ [database] 22 files → RootRecord-Software-Solutions/RootRecord-Database (main)
2026-09-30T14:06:57-10:00job:github_sync_all | ↑ [library] committed 4 local file(s)
2026-09-30T14:06:57-10:00job:github_sync_all | ↓ [library] fetching origin/main
2026-09-30T14:06:57-10:00job:github_sync_all | From github.com:RootRecord-Software-Solutions/RootRecord-Library
2026-09-30T14:06:57-10:00job:github_sync_all | * branch            main       -> FETCH_HEAD
2026-09-30T14:06:57-10:00job:github_sync_all | ↑ [library] local is ahead of GitHub
2026-09-30T14:06:57-10:00job:github_sync_all | To github.com:RootRecord-Software-Solutions/RootRecord-Library.git
2026-09-30T14:06:57-10:00job:github_sync_all | 1470484..a884ff3  HEAD -> main
2026-09-30T14:06:57-10:00job:github_sync_all | branch 'main' set up to track 'origin/main'.
2026-09-30T14:06:57-10:00job:github_sync_all | ↑ [library] 4 files → RootRecord-Software-Solutions/RootRecord-Library (main)
2026-09-30T14:06:57-10:00job:github_sync_all | — [skills] no local changes
2026-09-30T14:06:57-10:00job:github_sync_all | ↓ [skills] fetching origin/main
2026-09-30T14:06:57-10:00job:github_sync_all | From github.com:rootrecordsoftwaresolutions/Solar-Pacific-RootRecord-Server
2026-09-30T14:06:57-10:00job:github_sync_all | * branch            main       -> FETCH_HEAD
2026-09-30T14:06:57-10:00job:security_camera_frame_grab RUN  bash "/home/rootrecord/RootRecord-Ecosystem/1 - Servers/1 - RootRecord-Pacific-Solar-Server/Security/Cameras/grab_all.sh"
2026-09-30T14:07:11-10:00job:security_camera_frame_grab | 14:06:57  📷  a-eyes  ch1 → ch1-20261001T000657Z.jpg  (466.5 KB, 4.30s)
2026-09-30T14:07:11-10:00job:security_camera_frame_grab | 14:07:01  📷  a-eyes  ch2 → ch2-20261001T000701Z.jpg  (273.6 KB, 4.38s)
2026-09-30T14:07:11-10:00job:security_camera_frame_grab | 14:07:05  📷  a-eyes  ch3 → ch3-20261001T000705Z.jpg  (389.2 KB, 4.38s)
2026-09-30T14:07:11-10:00job:security_camera_frame_grab | 14:07:10  📷  a-eyes  ch4 → ch4-20261001T000710Z.jpg  (11.8 KB, 1.59s)
2026-09-30T14:07:11-10:00job:service_supervisor RUN  bash "/home/rootrecord/RootRecord-Ecosystem/1 - Servers/1 - RootRecord-Pacific-Solar-Server/Automations/scripts/supervise-services.sh"
2026-09-30T14:07:12-10:00job:service_supervisor | [supervisor] weather alive pid=304140 304463 305661 305866 308654 309134 309348 309668 313159 392716 736568 775116 (act)
2026-09-30T14:07:12-10:00job:service_supervisor | [supervisor] relay alive pid=1105254 (act)
2026-09-30T14:07:12-10:00ENERGY  status=live  B2=19.5%  B1=60.7%  solar=83 W  ac=79 W  usbc=13 W  src=/home/rootrecord/RootRecord-Ecosystem/2 - RootRecord-Database/Energy  LAP=100%/Full/AC
2026-09-30T14:07:27-10:00  ▸  SUMMARY=delta2 soc=19.8% solar=58W ac_out=— usbc=16W src=ble db=ok
2026-09-30T14:07:27-10:00job:sys_stats_cycle RUN  bash "/home/rootrecord/RootRecord-Ecosystem/1 - Servers/1 - RootRecord-Pacific-Solar-Server/System/scripts/sys-sample.sh"
2026-09-30T14:07:28-10:00job:sys_stats_cycle | SYSTEM  cpu=8%  load=0.92  mem=61%  src=sqlite
2026-09-30T14:07:28-10:00job:sys_stats_cycle | OK wrote /home/rootrecord/RootRecord-Ecosystem/2 - RootRecord-Database/System/samples/sys-20260930-140727.json
2026-09-30T14:08:02-10:00job:github_sync_all | ↑ [ecosystem] committed 1 local file(s)
2026-09-30T14:08:02-10:00job:github_sync_all | ↓ [ecosystem] fetching origin/main
2026-09-30T14:08:02-10:00job:github_sync_all | From github.com:RootRecord-Software-Solutions/RootRecord-Ecosystem
2026-09-30T14:08:02-10:00job:github_sync_all | * branch            main       -> FETCH_HEAD
2026-09-30T14:08:02-10:00job:github_sync_all | ↑ [ecosystem] local is ahead of GitHub
2026-09-30T14:08:02-10:00job:github_sync_all | To github.com:RootRecord-Software-Solutions/RootRecord-Ecosystem.git
2026-09-30T14:08:02-10:00job:github_sync_all | da803bc..e6352ef  HEAD -> main
2026-09-30T14:08:02-10:00job:github_sync_all | branch 'main' set up to track 'origin/main'.
2026-09-30T14:08:02-10:00job:github_sync_all | ↑ [ecosystem] 1 files → RootRecord-Software-Solutions/RootRecord-Ecosystem (main)
2026-09-30T14:08:02-10:00job:github_sync_all | — [pacific] no local changes
2026-09-30T14:08:02-10:00job:github_sync_all | ↓ [pacific] fetching origin/main
2026-09-30T14:08:02-10:00job:github_sync_all | From github.com:RootRecord-Software-Solutions/RootRecord-Pacific-Solar-Server
2026-09-30T14:08:02-10:00job:github_sync_all | * branch            main       -> FETCH_HEAD
2026-09-30T14:08:02-10:00job:github_sync_all | — [pacific] local and GitHub already match
2026-09-30T14:08:02-10:00job:github_sync_all | — [pacific] nothing to push
2026-09-30T14:08:02-10:00job:github_sync_all | ↑ [database] committed 12 local file(s)
2026-09-30T14:08:02-10:00job:github_sync_all | ↓ [database] fetching origin/main
2026-09-30T14:08:02-10:00job:github_sync_all | From github.com:RootRecord-Software-Solutions/RootRecord-Database
2026-09-30T14:08:02-10:00job:github_sync_all | * branch              main       -> FETCH_HEAD
2026-09-30T14:08:02-10:00job:github_sync_all | ↑ [database] local is ahead of GitHub
2026-09-30T14:08:02-10:00job:github_sync_all | To github.com:RootRecord-Software-Solutions/RootRecord-Database.git
2026-09-30T14:08:02-10:00job:github_sync_all | e5c288ba..bf5a8821  HEAD -> main
2026-09-30T14:08:02-10:00job:github_sync_all | branch 'main' set up to track 'origin/main'.
2026-09-30T14:08:02-10:00job:github_sync_all | ↑ [database] 12 files → RootRecord-Software-Solutions/RootRecord-Database (main)
2026-09-30T14:08:02-10:00job:github_sync_all | — [library] no local changes
2026-09-30T14:08:02-10:00job:github_sync_all | ↓ [library] fetching origin/main
2026-09-30T14:08:02-10:00job:github_sync_all | From github.com:RootRecord-Software-Solutions/RootRecord-Library
2026-09-30T14:08:02-10:00job:github_sync_all | * branch            main       -> FETCH_HEAD
2026-09-30T14:08:02-10:00job:github_sync_all | — [library] local and GitHub already match
2026-09-30T14:08:02-10:00job:github_sync_all | — [library] nothing to push
2026-09-30T14:08:02-10:00job:github_sync_all | — [skills] no local changes
2026-09-30T14:08:02-10:00job:github_sync_all | ↓ [skills] fetching origin/main
2026-09-30T14:08:02-10:00job:github_sync_all | From github.com:rootrecordsoftwaresolutions/Solar-Pacific-RootRecord-Server
2026-09-30T14:08:02-10:00job:github_sync_all | * branch            main       -> FETCH_HEAD
2026-09-30T14:08:02-10:00job:github_sync_all | — [skills] local and GitHub already match
2026-09-30T14:08:02-10:00job:github_sync_all | — [skills] nothing to push
2026-09-30T14:08:02-10:00job:worklog_scan RUN  bash "/home/rootrecord/RootRecord-Ecosystem/1 - Servers/1 - RootRecord-Pacific-Solar-Server/Reports/scripts/worklog_once.sh"
2026-09-30T14:08:07-10:00job:worklog_scan | OK wrote/updated /home/rootrecord/RootRecord-Ecosystem/2 - RootRecord-Database/Worklog/worklog_current.md
2026-09-30T14:08:07-10:00job:security_camera_frame_grab RUN  bash "/home/rootrecord/RootRecord-Ecosystem/1 - Servers/1 - RootRecord-Pacific-Solar-Server/Security/Cameras/grab_all.sh"
2026-09-30T14:08:22-10:00job:security_camera_frame_grab | 14:08:07  📷  a-eyes  ch1 → ch1-20261001T000807Z.jpg  (501.8 KB, 4.45s)
2026-09-30T14:08:22-10:00job:security_camera_frame_grab | 14:08:12  📷  a-eyes  ch2 → ch2-20261001T000812Z.jpg  (276.8 KB, 4.35s)
2026-09-30T14:08:22-10:00job:security_camera_frame_grab | 14:08:16  📷  a-eyes  ch3 → ch3-20261001T000816Z.jpg  (405.5 KB, 4.38s)
2026-09-30T14:08:22-10:00job:security_camera_frame_grab | 14:08:20  📷  a-eyes  ch4 → ch4-20261001T000820Z.jpg  (11.8 KB, 2.00s)
2026-09-30T14:08:23-10:00ENERGY  status=live  B2=19.8%  B1=60.7%  solar=58 W  ac=79 W  usbc=16 W  src=/home/rootrecord/RootRecord-Ecosystem/2 - RootRecord-Database/Energy  LAP=100%/Full/AC
2026-09-30T14:08:38-10:00  ▸  SUMMARY=delta2 soc=19.91% solar=43W ac_out=— usbc=11W src=ble db=ok
2026-09-30T14:08:38-10:00job:sys_stats_cycle RUN  bash "/home/rootrecord/RootRecord-Ecosystem/1 - Servers/1 - RootRecord-Pacific-Solar-Server/System/scripts/sys-sample.sh"
2026-09-30T14:08:39-10:00job:sys_stats_cycle | SYSTEM  cpu=9%  load=0.80  mem=61%  src=sqlite
2026-09-30T14:08:39-10:00job:sys_stats_cycle | OK wrote /home/rootrecord/RootRecord-Ecosystem/2 - RootRecord-Database/System/samples/sys-20260930-140838.json
2026-09-30T14:09:12-10:00job:github_sync_all | — [ecosystem] no committable local changes
2026-09-30T14:09:12-10:00job:github_sync_all | ↓ [ecosystem] fetching origin/main
2026-09-30T14:09:12-10:00job:github_sync_all | From github.com:RootRecord-Software-Solutions/RootRecord-Ecosystem
2026-09-30T14:09:12-10:00job:github_sync_all | * branch            main       -> FETCH_HEAD
2026-09-30T14:09:12-10:00job:github_sync_all | — [ecosystem] local and GitHub already match
2026-09-30T14:09:12-10:00job:github_sync_all | — [ecosystem] nothing to push
2026-09-30T14:09:12-10:00job:github_sync_all | — [pacific] no local changes
2026-09-30T14:09:12-10:00job:github_sync_all | ↓ [pacific] fetching origin/main
2026-09-30T14:09:12-10:00job:github_sync_all | From github.com:RootRecord-Software-Solutions/RootRecord-Pacific-Solar-Server
2026-09-30T14:09:12-10:00job:github_sync_all | * branch            main       -> FETCH_HEAD
2026-09-30T14:09:12-10:00job:github_sync_all | — [pacific] local and GitHub already match
2026-09-30T14:09:12-10:00job:github_sync_all | — [pacific] nothing to push
2026-09-30T14:09:12-10:00job:github_sync_all | ↑ [database] committed 15 local file(s)
2026-09-30T14:09:12-10:00job:github_sync_all | ↓ [database] fetching origin/main
2026-09-30T14:09:12-10:00job:github_sync_all | From github.com:RootRecord-Software-Solutions/RootRecord-Database
2026-09-30T14:09:12-10:00job:github_sync_all | * branch              main       -> FETCH_HEAD
2026-09-30T14:09:12-10:00job:github_sync_all | ↑ [database] local is ahead of GitHub
2026-09-30T14:09:12-10:00job:github_sync_all | To github.com:RootRecord-Software-Solutions/RootRecord-Database.git
2026-09-30T14:09:12-10:00job:github_sync_all | bf5a8821..9a381eab  HEAD -> main
2026-09-30T14:09:12-10:00job:github_sync_all | branch 'main' set up to track 'origin/main'.
2026-09-30T14:09:12-10:00job:github_sync_all | ↑ [database] 15 files → RootRecord-Software-Solutions/RootRecord-Database (main)
2026-09-30T14:09:12-10:00job:github_sync_all | — [library] no local changes
2026-09-30T14:09:12-10:00job:github_sync_all | ↓ [library] fetching origin/main
2026-09-30T14:09:12-10:00job:github_sync_all | From github.com:RootRecord-Software-Solutions/RootRecord-Library
2026-09-30T14:09:12-10:00job:github_sync_all | * branch            main       -> FETCH_HEAD
2026-09-30T14:09:12-10:00job:github_sync_all | — [library] local and GitHub already match
2026-09-30T14:09:12-10:00job:github_sync_all | — [library] nothing to push
2026-09-30T14:09:12-10:00job:github_sync_all | — [skills] no local changes
2026-09-30T14:09:12-10:00job:github_sync_all | ↓ [skills] fetching origin/main
2026-09-30T14:09:12-10:00job:github_sync_all | From github.com:rootrecordsoftwaresolutions/Solar-Pacific-RootRecord-Server
2026-09-30T14:09:12-10:00job:github_sync_all | * branch            main       -> FETCH_HEAD
2026-09-30T14:09:12-10:00job:github_sync_all | — [skills] local and GitHub already match
2026-09-30T14:09:12-10:00job:github_sync_all | — [skills] nothing to push
2026-09-30T14:09:12-10:00job:security_camera_frame_grab RUN  bash "/home/rootrecord/RootRecord-Ecosystem/1 - Servers/1 - RootRecord-Pacific-Solar-Server/Security/Cameras/grab_all.sh"
2026-09-30T14:09:27-10:00job:security_camera_frame_grab | 14:09:12  📷  a-eyes  ch1 → ch1-20261001T000912Z.jpg  (501.9 KB, 4.57s)
2026-09-30T14:09:27-10:00job:security_camera_frame_grab | 14:09:16  📷  a-eyes  ch2 → ch2-20261001T000916Z.jpg  (277.6 KB, 4.52s)
2026-09-30T14:09:27-10:00job:security_camera_frame_grab | 14:09:21  📷  a-eyes  ch3 → ch3-20261001T000921Z.jpg  (405.4 KB, 4.38s)
2026-09-30T14:09:27-10:00job:security_camera_frame_grab | 14:09:25  📷  a-eyes  ch4 → ch4-20261001T000925Z.jpg  (11.9 KB, 1.60s)
2026-09-30T14:09:27-10:00ENERGY  status=live  B2=19.9%  B1=60.7%  solar=43 W  ac=79 W  usbc=11 W  src=/home/rootrecord/RootRecord-Ecosystem/2 - RootRecord-Database/Energy  LAP=100%/Full/AC
2026-09-30T14:09:42-10:00  ▸  SUMMARY=river2pro soc=59.67% solar=0W ac_out=87W usbc=0W src=ble db=ok
2026-09-30T14:09:42-10:00job:sys_stats_cycle RUN  bash "/home/rootrecord/RootRecord-Ecosystem/1 - Servers/1 - RootRecord-Pacific-Solar-Server/System/scripts/sys-sample.sh"
2026-09-30T14:09:43-10:00job:sys_stats_cycle | SYSTEM  cpu=3%  load=1.57  mem=61%  src=sqlite
2026-09-30T14:09:43-10:00job:sys_stats_cycle | OK wrote /home/rootrecord/RootRecord-Ecosystem/2 - RootRecord-Database/System/samples/sys-20260930-140943.json
2026-09-30T14:10:15-10:00job:github_sync_all | — [ecosystem] no committable local changes
2026-09-30T14:10:15-10:00job:github_sync_all | ↓ [ecosystem] fetching origin/main
2026-09-30T14:10:15-10:00job:github_sync_all | From github.com:RootRecord-Software-Solutions/RootRecord-Ecosystem
2026-09-30T14:10:15-10:00job:github_sync_all | * branch            main       -> FETCH_HEAD
2026-09-30T14:10:15-10:00job:github_sync_all | — [ecosystem] local and GitHub already match
2026-09-30T14:10:15-10:00job:github_sync_all | — [ecosystem] nothing to push
2026-09-30T14:10:15-10:00job:github_sync_all | — [pacific] no local changes
2026-09-30T14:10:15-10:00job:github_sync_all | ↓ [pacific] fetching origin/main
2026-09-30T14:10:15-10:00job:github_sync_all | From github.com:RootRecord-Software-Solutions/RootRecord-Pacific-Solar-Server
2026-09-30T14:10:15-10:00job:github_sync_all | * branch            main       -> FETCH_HEAD
2026-09-30T14:10:15-10:00job:github_sync_all | — [pacific] local and GitHub already match
2026-09-30T14:10:15-10:00job:github_sync_all | — [pacific] nothing to push
2026-09-30T14:10:15-10:00job:github_sync_all | ↑ [database] committed 12 local file(s)
2026-09-30T14:10:15-10:00job:github_sync_all | ↓ [database] fetching origin/main
2026-09-30T14:10:15-10:00job:github_sync_all | From github.com:RootRecord-Software-Solutions/RootRecord-Database
2026-09-30T14:10:15-10:00job:github_sync_all | * branch              main       -> FETCH_HEAD
2026-09-30T14:10:15-10:00job:github_sync_all | ↑ [database] local is ahead of GitHub
2026-09-30T14:10:15-10:00job:github_sync_all | To github.com:RootRecord-Software-Solutions/RootRecord-Database.git
2026-09-30T14:10:15-10:00job:github_sync_all | 9a381eab..2f260978  HEAD -> main
2026-09-30T14:10:15-10:00job:github_sync_all | branch 'main' set up to track 'origin/main'.
2026-09-30T14:10:15-10:00job:github_sync_all | ↑ [database] 12 files → RootRecord-Software-Solutions/RootRecord-Database (main)
2026-09-30T14:10:15-10:00job:github_sync_all | — [library] no local changes
2026-09-30T14:10:15-10:00job:github_sync_all | ↓ [library] fetching origin/main
2026-09-30T14:10:15-10:00job:github_sync_all | From github.com:RootRecord-Software-Solutions/RootRecord-Library
2026-09-30T14:10:15-10:00job:github_sync_all | * branch            main       -> FETCH_HEAD
2026-09-30T14:10:15-10:00job:github_sync_all | — [library] local and GitHub already match
2026-09-30T14:10:15-10:00job:github_sync_all | — [library] nothing to push
2026-09-30T14:10:15-10:00job:github_sync_all | — [skills] no local changes
2026-09-30T14:10:15-10:00job:github_sync_all | ↓ [skills] fetching origin/main
2026-09-30T14:10:15-10:00job:github_sync_all | From github.com:rootrecordsoftwaresolutions/Solar-Pacific-RootRecord-Server
2026-09-30T14:10:15-10:00job:github_sync_all | * branch            main       -> FETCH_HEAD
2026-09-30T14:10:15-10:00job:github_sync_all | — [skills] local and GitHub already match
2026-09-30T14:10:15-10:00job:github_sync_all | — [skills] nothing to push
2026-09-30T14:10:15-10:00job:worklog_scan RUN  bash "/home/rootrecord/RootRecord-Ecosystem/1 - Servers/1 - RootRecord-Pacific-Solar-Server/Reports/scripts/worklog_once.sh"
2026-09-30T14:10:19-10:00job:worklog_scan | OK wrote/updated /home/rootrecord/RootRecord-Ecosystem/2 - RootRecord-Database/Worklog/worklog_current.md
2026-09-30T14:10:19-10:00job:security_camera_frame_grab RUN  bash "/home/rootrecord/RootRecord-Ecosystem/1 - Servers/1 - RootRecord-Pacific-Solar-Server/Security/Cameras/grab_all.sh"
2026-09-30T14:10:35-10:00job:security_camera_frame_grab | 14:10:19  📷  a-eyes  ch1 → ch1-20261001T001019Z.jpg  (455.8 KB, 4.69s)
2026-09-30T14:10:35-10:00job:security_camera_frame_grab | 14:10:24  📷  a-eyes  ch2 → ch2-20261001T001024Z.jpg  (269.0 KB, 4.48s)
2026-09-30T14:10:35-10:00job:security_camera_frame_grab | 14:10:28  📷  a-eyes  ch3 → ch3-20261001T001028Z.jpg  (395.9 KB, 4.38s)
2026-09-30T14:10:35-10:00job:security_camera_frame_grab | 14:10:33  📷  a-eyes  ch4 → ch4-20261001T001033Z.jpg  (11.7 KB, 1.81s)
2026-09-30T14:10:35-10:00ENERGY  status=live  B2=19.9%  B1=59.7%  solar=43 W  ac=87 W  usbc=11 W  src=/home/rootrecord/RootRecord-Ecosystem/2 - RootRecord-Database/Energy  LAP=100%/Full/AC
2026-09-30T14:10:50-10:00  ▸  SUMMARY=river2pro soc=59.35% solar=0W ac_out=105W usbc=0W src=ble db=ok
2026-09-30T14:10:50-10:00job:sys_stats_cycle RUN  bash "/home/rootrecord/RootRecord-Ecosystem/1 - Servers/1 - RootRecord-Pacific-Solar-Server/System/scripts/sys-sample.sh"
2026-09-30T14:10:51-10:00job:sys_stats_cycle | SYSTEM  cpu=5%  load=1.81  mem=61%  src=sqlite
2026-09-30T14:10:51-10:00job:sys_stats_cycle | OK wrote /home/rootrecord/RootRecord-Ecosystem/2 - RootRecord-Database/System/samples/sys-20260930-141050.json
2026-09-30T14:11:23-10:00job:github_sync_all | — [ecosystem] no committable local changes
2026-09-30T14:11:23-10:00job:github_sync_all | ↓ [ecosystem] fetching origin/main
2026-09-30T14:11:23-10:00job:github_sync_all | From github.com:RootRecord-Software-Solutions/RootRecord-Ecosystem
2026-09-30T14:11:23-10:00job:github_sync_all | * branch            main       -> FETCH_HEAD
2026-09-30T14:11:23-10:00job:github_sync_all | — [ecosystem] local and GitHub already match
2026-09-30T14:11:23-10:00job:github_sync_all | — [ecosystem] nothing to push
2026-09-30T14:11:23-10:00job:github_sync_all | — [pacific] no local changes
2026-09-30T14:11:23-10:00job:github_sync_all | ↓ [pacific] fetching origin/main
2026-09-30T14:11:23-10:00job:github_sync_all | From github.com:RootRecord-Software-Solutions/RootRecord-Pacific-Solar-Server
2026-09-30T14:11:23-10:00job:github_sync_all | * branch            main       -> FETCH_HEAD
2026-09-30T14:11:23-10:00job:github_sync_all | — [pacific] local and GitHub already match
2026-09-30T14:11:23-10:00job:github_sync_all | — [pacific] nothing to push
2026-09-30T14:11:23-10:00job:github_sync_all | ↑ [database] committed 16 local file(s)
2026-09-30T14:11:23-10:00job:github_sync_all | ↓ [database] fetching origin/main
2026-09-30T14:11:23-10:00job:github_sync_all | From github.com:RootRecord-Software-Solutions/RootRecord-Database
2026-09-30T14:11:23-10:00job:github_sync_all | * branch              main       -> FETCH_HEAD
2026-09-30T14:11:23-10:00job:github_sync_all | ↑ [database] local is ahead of GitHub
2026-09-30T14:11:23-10:00job:github_sync_all | To github.com:RootRecord-Software-Solutions/RootRecord-Database.git
2026-09-30T14:11:23-10:00job:github_sync_all | 2f260978..cdebe1c3  HEAD -> main
2026-09-30T14:11:23-10:00job:github_sync_all | branch 'main' set up to track 'origin/main'.
2026-09-30T14:11:23-10:00job:github_sync_all | ↑ [database] 16 files → RootRecord-Software-Solutions/RootRecord-Database (main)
2026-09-30T14:11:23-10:00job:github_sync_all | — [library] no local changes
2026-09-30T14:11:23-10:00job:github_sync_all | ↓ [library] fetching origin/main
2026-09-30T14:11:23-10:00job:github_sync_all | From github.com:RootRecord-Software-Solutions/RootRecord-Library
2026-09-30T14:11:23-10:00job:github_sync_all | * branch            main       -> FETCH_HEAD
2026-09-30T14:11:23-10:00job:github_sync_all | — [library] local and GitHub already match
2026-09-30T14:11:23-10:00job:github_sync_all | — [library] nothing to push
2026-09-30T14:11:23-10:00job:github_sync_all | — [skills] no local changes
2026-09-30T14:11:23-10:00job:github_sync_all | ↓ [skills] fetching origin/main
2026-09-30T14:11:23-10:00job:github_sync_all | From github.com:rootrecordsoftwaresolutions/Solar-Pacific-RootRecord-Server
2026-09-30T14:11:23-10:00job:github_sync_all | * branch            main       -> FETCH_HEAD
2026-09-30T14:11:23-10:00job:github_sync_all | — [skills] local and GitHub already match
2026-09-30T14:11:23-10:00job:github_sync_all | — [skills] nothing to push
2026-09-30T14:11:23-10:00job:security_camera_frame_grab RUN  bash "/home/rootrecord/RootRecord-Ecosystem/1 - Servers/1 - RootRecord-Pacific-Solar-Server/Security/Cameras/grab_all.sh"
2026-09-30T14:11:38-10:00job:security_camera_frame_grab | 14:11:23  📷  a-eyes  ch1 → ch1-20261001T001123Z.jpg  (467.5 KB, 4.43s)
2026-09-30T14:11:38-10:00job:security_camera_frame_grab | 14:11:27  📷  a-eyes  ch2 → ch2-20261001T001127Z.jpg  (270.0 KB, 4.48s)
2026-09-30T14:11:38-10:00job:security_camera_frame_grab | 14:11:32  📷  a-eyes  ch3 → ch3-20261001T001132Z.jpg  (402.2 KB, 4.40s)
2026-09-30T14:11:38-10:00job:security_camera_frame_grab | 14:11:36  📷  a-eyes  ch4 → ch4-20261001T001136Z.jpg  (11.7 KB, 1.60s)
2026-09-30T14:11:38-10:00ENERGY  status=live  B2=19.9%  B1=59.4%  solar=43 W  ac=105 W  usbc=11 W  src=/home/rootrecord/RootRecord-Ecosystem/2 - RootRecord-Database/Energy  LAP=100%/Full/AC
2026-09-30T14:11:54-10:00  ▸  SUMMARY=river2pro soc=59.07% solar=0W ac_out=94W usbc=0W src=ble db=ok
2026-09-30T14:11:54-10:00job:sys_stats_cycle RUN  bash "/home/rootrecord/RootRecord-Ecosystem/1 - Servers/1 - RootRecord-Pacific-Solar-Server/System/scripts/sys-sample.sh"
2026-09-30T14:11:55-10:00job:sys_stats_cycle | SYSTEM  cpu=8%  load=0.98  mem=61%  src=sqlite
2026-09-30T14:11:55-10:00job:sys_stats_cycle | OK wrote /home/rootrecord/RootRecord-Ecosystem/2 - RootRecord-Database/System/samples/sys-20260930-141154.json
2026-09-30T14:12:27-10:00job:github_sync_all | — [ecosystem] no committable local changes
2026-09-30T14:12:27-10:00job:github_sync_all | ↓ [ecosystem] fetching origin/main
2026-09-30T14:12:27-10:00job:github_sync_all | From github.com:RootRecord-Software-Solutions/RootRecord-Ecosystem
2026-09-30T14:12:27-10:00job:github_sync_all | * branch            main       -> FETCH_HEAD
2026-09-30T14:12:27-10:00job:github_sync_all | — [ecosystem] local and GitHub already match
2026-09-30T14:12:27-10:00job:github_sync_all | — [ecosystem] nothing to push
2026-09-30T14:12:27-10:00job:github_sync_all | — [pacific] no local changes
2026-09-30T14:12:27-10:00job:github_sync_all | ↓ [pacific] fetching origin/main
2026-09-30T14:12:27-10:00job:github_sync_all | From github.com:RootRecord-Software-Solutions/RootRecord-Pacific-Solar-Server
2026-09-30T14:12:27-10:00job:github_sync_all | * branch            main       -> FETCH_HEAD
2026-09-30T14:12:27-10:00job:github_sync_all | — [pacific] local and GitHub already match
2026-09-30T14:12:27-10:00job:github_sync_all | — [pacific] nothing to push
2026-09-30T14:12:27-10:00job:github_sync_all | ↑ [database] committed 12 local file(s)
2026-09-30T14:12:27-10:00job:github_sync_all | ↓ [database] fetching origin/main
2026-09-30T14:12:27-10:00job:github_sync_all | From github.com:RootRecord-Software-Solutions/RootRecord-Database
2026-09-30T14:12:27-10:00job:github_sync_all | * branch              main       -> FETCH_HEAD
2026-09-30T14:12:27-10:00job:github_sync_all | ↑ [database] local is ahead of GitHub
2026-09-30T14:12:27-10:00job:github_sync_all | To github.com:RootRecord-Software-Solutions/RootRecord-Database.git
2026-09-30T14:12:27-10:00job:github_sync_all | cdebe1c3..e91e43b5  HEAD -> main
2026-09-30T14:12:27-10:00job:github_sync_all | branch 'main' set up to track 'origin/main'.
2026-09-30T14:12:27-10:00job:github_sync_all | ↑ [database] 12 files → RootRecord-Software-Solutions/RootRecord-Database (main)
2026-09-30T14:12:27-10:00job:github_sync_all | — [library] no local changes
2026-09-30T14:12:27-10:00job:github_sync_all | ↓ [library] fetching origin/main
2026-09-30T14:12:27-10:00job:github_sync_all | From github.com:RootRecord-Software-Solutions/RootRecord-Library
2026-09-30T14:12:27-10:00job:github_sync_all | * branch            main       -> FETCH_HEAD
2026-09-30T14:12:27-10:00job:github_sync_all | — [library] local and GitHub already match
2026-09-30T14:12:27-10:00job:github_sync_all | — [library] nothing to push
2026-09-30T14:12:27-10:00job:github_sync_all | — [skills] no local changes
2026-09-30T14:12:27-10:00job:github_sync_all | ↓ [skills] fetching origin/main
2026-09-30T14:12:27-10:00job:github_sync_all | From github.com:rootrecordsoftwaresolutions/Solar-Pacific-RootRecord-Server
2026-09-30T14:12:27-10:00job:github_sync_all | * branch            main       -> FETCH_HEAD
2026-09-30T14:12:27-10:00job:github_sync_all | — [skills] local and GitHub already match
2026-09-30T14:12:27-10:00job:github_sync_all | — [skills] nothing to push
2026-09-30T14:12:27-10:00job:worklog_scan RUN  bash "/home/rootrecord/RootRecord-Ecosystem/1 - Servers/1 - RootRecord-Pacific-Solar-Server/Reports/scripts/worklog_once.sh"
2026-09-30T14:12:35-10:00job:worklog_scan | OK wrote/updated /home/rootrecord/RootRecord-Ecosystem/2 - RootRecord-Database/Worklog/worklog_current.md
2026-09-30T14:12:35-10:00job:security_camera_frame_grab RUN  bash "/home/rootrecord/RootRecord-Ecosystem/1 - Servers/1 - RootRecord-Pacific-Solar-Server/Security/Cameras/grab_all.sh"
2026-09-30T14:12:50-10:00job:security_camera_frame_grab | 14:12:35  📷  a-eyes  ch1 → ch1-20261001T001235Z.jpg  (517.1 KB, 4.48s)
2026-09-30T14:12:50-10:00job:security_camera_frame_grab | 14:12:39  📷  a-eyes  ch2 → ch2-20261001T001239Z.jpg  (283.6 KB, 4.48s)
2026-09-30T14:12:50-10:00job:security_camera_frame_grab | 14:12:44  📷  a-eyes  ch3 → ch3-20261001T001244Z.jpg  (386.0 KB, 4.41s)
2026-09-30T14:12:50-10:00job:security_camera_frame_grab | 14:12:48  📷  a-eyes  ch4 → ch4-20261001T001248Z.jpg  (11.8 KB, 1.67s)
2026-09-30T14:12:50-10:00job:service_supervisor RUN  bash "/home/rootrecord/RootRecord-Ecosystem/1 - Servers/1 - RootRecord-Pacific-Solar-Server/Automations/scripts/supervise-services.sh"
2026-09-30T14:12:50-10:00job:service_supervisor | [supervisor] weather alive pid=304140 304463 305661 305866 308654 309134 309348 309668 313159 392716 736568 775116 (act)
2026-09-30T14:12:50-10:00job:service_supervisor | [supervisor] relay alive pid=1105254 (act)
2026-09-30T14:12:50-10:00ENERGY  status=live  B2=19.9%  B1=59.1%  solar=43 W  ac=94 W  usbc=11 W  src=/home/rootrecord/RootRecord-Ecosystem/2 - RootRecord-Database/Energy  LAP=100%/Full/AC
2026-09-30T14:13:06-10:00  ▸  SUMMARY=delta2 soc=19.91% solar=74W ac_out=— usbc=13W src=ble db=ok
2026-09-30T14:13:06-10:00job:sys_stats_cycle RUN  bash "/home/rootrecord/RootRecord-Ecosystem/1 - Servers/1 - RootRecord-Pacific-Solar-Server/System/scripts/sys-sample.sh"
2026-09-30T14:13:06-10:00job:sys_stats_cycle | SYSTEM  cpu=5%  load=0.90  mem=61%  src=sqlite
2026-09-30T14:13:06-10:00job:sys_stats_cycle | OK wrote /home/rootrecord/RootRecord-Ecosystem/2 - RootRecord-Database/System/samples/sys-20260930-141306.json
2026-09-30T14:13:40-10:00job:github_sync_all | — [ecosystem] no committable local changes
2026-09-30T14:13:40-10:00job:github_sync_all | ↓ [ecosystem] fetching origin/main
2026-09-30T14:13:40-10:00job:github_sync_all | From github.com:RootRecord-Software-Solutions/RootRecord-Ecosystem
2026-09-30T14:13:40-10:00job:github_sync_all | * branch            main       -> FETCH_HEAD
2026-09-30T14:13:40-10:00job:github_sync_all | — [ecosystem] local and GitHub already match
2026-09-30T14:13:40-10:00job:github_sync_all | — [ecosystem] nothing to push
2026-09-30T14:13:40-10:00job:github_sync_all | — [pacific] no local changes
2026-09-30T14:13:40-10:00job:github_sync_all | ↓ [pacific] fetching origin/main
2026-09-30T14:13:40-10:00job:github_sync_all | From github.com:RootRecord-Software-Solutions/RootRecord-Pacific-Solar-Server
2026-09-30T14:13:40-10:00job:github_sync_all | * branch            main       -> FETCH_HEAD
2026-09-30T14:13:40-10:00job:github_sync_all | — [pacific] local and GitHub already match
2026-09-30T14:13:40-10:00job:github_sync_all | — [pacific] nothing to push
2026-09-30T14:13:40-10:00job:github_sync_all | ↑ [database] committed 15 local file(s)
2026-09-30T14:13:40-10:00job:github_sync_all | ↓ [database] fetching origin/main
2026-09-30T14:13:40-10:00job:github_sync_all | From github.com:RootRecord-Software-Solutions/RootRecord-Database
2026-09-30T14:13:40-10:00job:github_sync_all | * branch              main       -> FETCH_HEAD
2026-09-30T14:13:40-10:00job:github_sync_all | ↑ [database] local is ahead of GitHub
2026-09-30T14:13:40-10:00job:github_sync_all | To github.com:RootRecord-Software-Solutions/RootRecord-Database.git
2026-09-30T14:13:40-10:00job:github_sync_all | e91e43b5..589385d7  HEAD -> main
2026-09-30T14:13:40-10:00job:github_sync_all | branch 'main' set up to track 'origin/main'.
2026-09-30T14:13:40-10:00job:github_sync_all | ↑ [database] 15 files → RootRecord-Software-Solutions/RootRecord-Database (main)
2026-09-30T14:13:40-10:00job:github_sync_all | — [library] no local changes
2026-09-30T14:13:40-10:00job:github_sync_all | ↓ [library] fetching origin/main
2026-09-30T14:13:40-10:00job:github_sync_all | From github.com:RootRecord-Software-Solutions/RootRecord-Library
2026-09-30T14:13:40-10:00job:github_sync_all | * branch            main       -> FETCH_HEAD
2026-09-30T14:13:40-10:00job:github_sync_all | — [library] local and GitHub already match
2026-09-30T14:13:40-10:00job:github_sync_all | — [library] nothing to push
2026-09-30T14:13:40-10:00job:github_sync_all | — [skills] no local changes
2026-09-30T14:13:40-10:00job:github_sync_all | ↓ [skills] fetching origin/main
2026-09-30T14:13:40-10:00job:github_sync_all | From github.com:rootrecordsoftwaresolutions/Solar-Pacific-RootRecord-Server
2026-09-30T14:13:40-10:00job:github_sync_all | * branch            main       -> FETCH_HEAD
2026-09-30T14:13:40-10:00job:github_sync_all | — [skills] local and GitHub already match
2026-09-30T14:13:40-10:00job:github_sync_all | — [skills] nothing to push
2026-09-30T14:13:40-10:00job:security_camera_frame_grab RUN  bash "/home/rootrecord/RootRecord-Ecosystem/1 - Servers/1 - RootRecord-Pacific-Solar-Server/Security/Cameras/grab_all.sh"
2026-09-30T14:13:55-10:00job:security_camera_frame_grab | 14:13:40  📷  a-eyes  ch1 → ch1-20261001T001340Z.jpg  (492.4 KB, 4.34s)
2026-09-30T14:13:55-10:00job:security_camera_frame_grab | 14:13:44  📷  a-eyes  ch2 → ch2-20261001T001344Z.jpg  (285.2 KB, 4.28s)
2026-09-30T14:13:55-10:00job:security_camera_frame_grab | 14:13:49  📷  a-eyes  ch3 → ch3-20261001T001349Z.jpg  (387.9 KB, 4.44s)
2026-09-30T14:13:55-10:00job:security_camera_frame_grab | 14:13:53  📷  a-eyes  ch4 → ch4-20261001T001353Z.jpg  (11.8 KB, 1.61s)
2026-09-30T14:13:55-10:00ENERGY  status=live  B2=19.9%  B1=59.1%  solar=74 W  ac=94 W  usbc=13 W  src=/home/rootrecord/RootRecord-Ecosystem/2 - RootRecord-Database/Energy  LAP=100%/Full/AC
2026-09-30T14:14:11-10:00  ▸  SUMMARY=river2pro soc=58.37% solar=0W ac_out=91W usbc=0W src=ble db=ok
2026-09-30T14:14:11-10:00job:sys_stats_cycle RUN  bash "/home/rootrecord/RootRecord-Ecosystem/1 - Servers/1 - RootRecord-Pacific-Solar-Server/System/scripts/sys-sample.sh"
2026-09-30T14:14:11-10:00job:sys_stats_cycle | SYSTEM  cpu=4%  load=0.92  mem=61%  src=sqlite
2026-09-30T14:14:11-10:00job:sys_stats_cycle | OK wrote /home/rootrecord/RootRecord-Ecosystem/2 - RootRecord-Database/System/samples/sys-20260930-141411.json
2026-09-30T14:14:45-10:00job:github_sync_all | — [ecosystem] no committable local changes
2026-09-30T14:14:45-10:00job:github_sync_all | ↓ [ecosystem] fetching origin/main
2026-09-30T14:14:45-10:00job:github_sync_all | From github.com:RootRecord-Software-Solutions/RootRecord-Ecosystem
2026-09-30T14:14:45-10:00job:github_sync_all | * branch            main       -> FETCH_HEAD
2026-09-30T14:14:45-10:00job:github_sync_all | — [ecosystem] local and GitHub already match
2026-09-30T14:14:45-10:00job:github_sync_all | — [ecosystem] nothing to push
2026-09-30T14:14:45-10:00job:github_sync_all | — [pacific] no local changes
2026-09-30T14:14:45-10:00job:github_sync_all | ↓ [pacific] fetching origin/main
2026-09-30T14:14:45-10:00job:github_sync_all | From github.com:RootRecord-Software-Solutions/RootRecord-Pacific-Solar-Server
2026-09-30T14:14:45-10:00job:github_sync_all | * branch            main       -> FETCH_HEAD
2026-09-30T14:14:45-10:00job:github_sync_all | — [pacific] local and GitHub already match
2026-09-30T14:14:45-10:00job:github_sync_all | — [pacific] nothing to push
2026-09-30T14:14:45-10:00job:github_sync_all | ↑ [database] committed 12 local file(s)
2026-09-30T14:14:45-10:00job:github_sync_all | ↓ [database] fetching origin/main
2026-09-30T14:14:45-10:00job:github_sync_all | From github.com:RootRecord-Software-Solutions/RootRecord-Database
2026-09-30T14:14:45-10:00job:github_sync_all | * branch              main       -> FETCH_HEAD
2026-09-30T14:14:45-10:00job:github_sync_all | ↑ [database] local is ahead of GitHub
2026-09-30T14:14:45-10:00job:github_sync_all | To github.com:RootRecord-Software-Solutions/RootRecord-Database.git
2026-09-30T14:14:45-10:00job:github_sync_all | 589385d7..31f3972d  HEAD -> main
2026-09-30T14:14:45-10:00job:github_sync_all | branch 'main' set up to track 'origin/main'.
2026-09-30T14:14:45-10:00job:github_sync_all | ↑ [database] 12 files → RootRecord-Software-Solutions/RootRecord-Database (main)
2026-09-30T14:14:45-10:00job:github_sync_all | — [library] no local changes
2026-09-30T14:14:45-10:00job:github_sync_all | ↓ [library] fetching origin/main
2026-09-30T14:14:45-10:00job:github_sync_all | From github.com:RootRecord-Software-Solutions/RootRecord-Library
2026-09-30T14:14:45-10:00job:github_sync_all | * branch            main       -> FETCH_HEAD
2026-09-30T14:14:45-10:00job:github_sync_all | — [library] local and GitHub already match
2026-09-30T14:14:45-10:00job:github_sync_all | — [library] nothing to push
2026-09-30T14:14:45-10:00job:github_sync_all | — [skills] no local changes
2026-09-30T14:14:45-10:00job:github_sync_all | ↓ [skills] fetching origin/main
2026-09-30T14:14:45-10:00job:github_sync_all | From github.com:rootrecordsoftwaresolutions/Solar-Pacific-RootRecord-Server
2026-09-30T14:14:45-10:00job:github_sync_all | * branch            main       -> FETCH_HEAD
2026-09-30T14:14:45-10:00job:github_sync_all | — [skills] local and GitHub already match
2026-09-30T14:14:45-10:00job:github_sync_all | — [skills] nothing to push
2026-09-30T14:14:45-10:00job:worklog_scan RUN  bash "/home/rootrecord/RootRecord-Ecosystem/1 - Servers/1 - RootRecord-Pacific-Solar-Server/Reports/scripts/worklog_once.sh"
2026-09-30T14:14:51-10:00job:worklog_scan | OK wrote/updated /home/rootrecord/RootRecord-Ecosystem/2 - RootRecord-Database/Worklog/worklog_current.md
2026-09-30T14:14:51-10:00job:security_camera_frame_grab RUN  bash "/home/rootrecord/RootRecord-Ecosystem/1 - Servers/1 - RootRecord-Pacific-Solar-Server/Security/Cameras/grab_all.sh"
2026-09-30T14:15:06-10:00job:security_camera_frame_grab | 14:14:51  📷  a-eyes  ch1 → ch1-20261001T001451Z.jpg  (526.2 KB, 4.45s)
2026-09-30T14:15:06-10:00job:security_camera_frame_grab | 14:14:56  📷  a-eyes  ch2 → ch2-20261001T001456Z.jpg  (292.9 KB, 4.27s)
2026-09-30T14:15:06-10:00job:security_camera_frame_grab | 14:15:00  📷  a-eyes  ch3 → ch3-20261001T001500Z.jpg  (371.1 KB, 4.40s)
2026-09-30T14:15:06-10:00job:security_camera_frame_grab | 14:15:04  📷  a-eyes  ch4 → ch4-20261001T001504Z.jpg  (11.8 KB, 1.58s)
2026-09-30T14:15:06-10:00ENERGY  status=live  B2=19.9%  B1=58.4%  solar=74 W  ac=91 W  usbc=13 W  src=/home/rootrecord/RootRecord-Ecosystem/2 - RootRecord-Database/Energy  LAP=100%/Full/AC
2026-09-30T14:15:22-10:00  ▸  SUMMARY=river2pro soc=58.03% solar=0W ac_out=80W usbc=0W src=ble db=ok
2026-09-30T14:15:22-10:00job:sys_stats_cycle RUN  bash "/home/rootrecord/RootRecord-Ecosystem/1 - Servers/1 - RootRecord-Pacific-Solar-Server/System/scripts/sys-sample.sh"
2026-09-30T14:15:23-10:00job:sys_stats_cycle | SYSTEM  cpu=4%  load=0.73  mem=62%  src=sqlite
2026-09-30T14:15:23-10:00job:sys_stats_cycle | OK wrote /home/rootrecord/RootRecord-Ecosystem/2 - RootRecord-Database/System/samples/sys-20260930-141522.json
2026-09-30T14:15:56-10:00job:github_sync_all | — [ecosystem] no committable local changes
2026-09-30T14:15:56-10:00job:github_sync_all | ↓ [ecosystem] fetching origin/main
2026-09-30T14:15:56-10:00job:github_sync_all | From github.com:RootRecord-Software-Solutions/RootRecord-Ecosystem
2026-09-30T14:15:56-10:00job:github_sync_all | * branch            main       -> FETCH_HEAD
2026-09-30T14:15:56-10:00job:github_sync_all | — [ecosystem] local and GitHub already match
2026-09-30T14:15:56-10:00job:github_sync_all | — [ecosystem] nothing to push
2026-09-30T14:15:56-10:00job:github_sync_all | — [pacific] no local changes
2026-09-30T14:15:56-10:00job:github_sync_all | ↓ [pacific] fetching origin/main
2026-09-30T14:15:56-10:00job:github_sync_all | From github.com:RootRecord-Software-Solutions/RootRecord-Pacific-Solar-Server
2026-09-30T14:15:56-10:00job:github_sync_all | * branch            main       -> FETCH_HEAD
2026-09-30T14:15:56-10:00job:github_sync_all | — [pacific] local and GitHub already match
2026-09-30T14:15:56-10:00job:github_sync_all | — [pacific] nothing to push
2026-09-30T14:15:56-10:00job:github_sync_all | ↑ [database] committed 17 local file(s)
2026-09-30T14:15:56-10:00job:github_sync_all | ↓ [database] fetching origin/main
2026-09-30T14:15:56-10:00job:github_sync_all | From github.com:RootRecord-Software-Solutions/RootRecord-Database
2026-09-30T14:15:56-10:00job:github_sync_all | * branch              main       -> FETCH_HEAD
2026-09-30T14:15:56-10:00job:github_sync_all | ↑ [database] local is ahead of GitHub
2026-09-30T14:15:56-10:00job:github_sync_all | To github.com:RootRecord-Software-Solutions/RootRecord-Database.git
2026-09-30T14:15:56-10:00job:github_sync_all | 31f3972d..a8db4689  HEAD -> main
2026-09-30T14:15:56-10:00job:github_sync_all | branch 'main' set up to track 'origin/main'.
2026-09-30T14:15:56-10:00job:github_sync_all | ↑ [database] 17 files → RootRecord-Software-Solutions/RootRecord-Database (main)
2026-09-30T14:15:56-10:00job:github_sync_all | — [library] no local changes
2026-09-30T14:15:56-10:00job:github_sync_all | ↓ [library] fetching origin/main
2026-09-30T14:15:56-10:00job:github_sync_all | From github.com:RootRecord-Software-Solutions/RootRecord-Library
2026-09-30T14:15:56-10:00job:github_sync_all | * branch            main       -> FETCH_HEAD
2026-09-30T14:15:56-10:00job:github_sync_all | — [library] local and GitHub already match
2026-09-30T14:15:56-10:00job:github_sync_all | — [library] nothing to push
2026-09-30T14:15:56-10:00job:github_sync_all | — [skills] no local changes
2026-09-30T14:15:56-10:00job:github_sync_all | ↓ [skills] fetching origin/main
2026-09-30T14:15:56-10:00job:github_sync_all | From github.com:rootrecordsoftwaresolutions/Solar-Pacific-RootRecord-Server
2026-09-30T14:15:56-10:00job:github_sync_all | * branch            main       -> FETCH_HEAD
2026-09-30T14:15:56-10:00job:github_sync_all | — [skills] local and GitHub already match
2026-09-30T14:15:56-10:00job:github_sync_all | — [skills] nothing to push
2026-09-30T14:15:56-10:00job:security_camera_frame_grab RUN  bash "/home/rootrecord/RootRecord-Ecosystem/1 - Servers/1 - RootRecord-Pacific-Solar-Server/Security/Cameras/grab_all.sh"
2026-09-30T14:16:12-10:00job:security_camera_frame_grab | 14:15:56  📷  a-eyes  ch1 → ch1-20261001T001556Z.jpg  (513.5 KB, 4.38s)
2026-09-30T14:16:12-10:00job:security_camera_frame_grab | 14:16:01  📷  a-eyes  ch2 → ch2-20261001T001601Z.jpg  (297.3 KB, 4.76s)
2026-09-30T14:16:12-10:00job:security_camera_frame_grab | 14:16:05  📷  a-eyes  ch3 → ch3-20261001T001605Z.jpg  (379.9 KB, 4.41s)
2026-09-30T14:16:12-10:00job:security_camera_frame_grab | 14:16:10  📷  a-eyes  ch4 → ch4-20261001T001610Z.jpg  (11.7 KB, 1.66s)
2026-09-30T14:16:12-10:00ENERGY  status=live  B2=19.9%  B1=58.0%  solar=74 W  ac=80 W  usbc=13 W  src=/home/rootrecord/RootRecord-Ecosystem/2 - RootRecord-Database/Energy  LAP=100%/Full/AC
2026-09-30T14:16:27-10:00  ▸  SUMMARY=delta2 soc=20.31% solar=86W ac_out=— usbc=19W src=ble db=ok
2026-09-30T14:16:27-10:00job:sys_stats_cycle RUN  bash "/home/rootrecord/RootRecord-Ecosystem/1 - Servers/1 - RootRecord-Pacific-Solar-Server/System/scripts/sys-sample.sh"
2026-09-30T14:16:28-10:00job:sys_stats_cycle | SYSTEM  cpu=22%  load=2.75  mem=62%  src=sqlite
2026-09-30T14:16:28-10:00job:sys_stats_cycle | OK wrote /home/rootrecord/RootRecord-Ecosystem/2 - RootRecord-Database/System/samples/sys-20260930-141628.json
2026-09-30T14:17:00-10:00job:github_sync_all | — [ecosystem] no committable local changes
2026-09-30T14:17:00-10:00job:github_sync_all | ↓ [ecosystem] fetching origin/main
2026-09-30T14:17:00-10:00job:github_sync_all | From github.com:RootRecord-Software-Solutions/RootRecord-Ecosystem
2026-09-30T14:17:00-10:00job:github_sync_all | * branch            main       -> FETCH_HEAD
2026-09-30T14:17:00-10:00job:github_sync_all | — [ecosystem] local and GitHub already match
2026-09-30T14:17:00-10:00job:github_sync_all | — [ecosystem] nothing to push
2026-09-30T14:17:00-10:00job:github_sync_all | — [pacific] no local changes
2026-09-30T14:17:00-10:00job:github_sync_all | ↓ [pacific] fetching origin/main
2026-09-30T14:17:00-10:00job:github_sync_all | From github.com:RootRecord-Software-Solutions/RootRecord-Pacific-Solar-Server
2026-09-30T14:17:00-10:00job:github_sync_all | * branch            main       -> FETCH_HEAD
2026-09-30T14:17:00-10:00job:github_sync_all | — [pacific] local and GitHub already match
2026-09-30T14:17:00-10:00job:github_sync_all | — [pacific] nothing to push
2026-09-30T14:17:00-10:00job:github_sync_all | ↑ [database] committed 12 local file(s)
2026-09-30T14:17:00-10:00job:github_sync_all | ↓ [database] fetching origin/main
2026-09-30T14:17:00-10:00job:github_sync_all | From github.com:RootRecord-Software-Solutions/RootRecord-Database
2026-09-30T14:17:00-10:00job:github_sync_all | * branch              main       -> FETCH_HEAD
2026-09-30T14:17:00-10:00job:github_sync_all | ↑ [database] local is ahead of GitHub
2026-09-30T14:17:00-10:00job:github_sync_all | To github.com:RootRecord-Software-Solutions/RootRecord-Database.git
2026-09-30T14:17:00-10:00job:github_sync_all | a8db4689..32cf954c  HEAD -> main
2026-09-30T14:17:00-10:00job:github_sync_all | branch 'main' set up to track 'origin/main'.
2026-09-30T14:17:00-10:00job:github_sync_all | ↑ [database] 12 files → RootRecord-Software-Solutions/RootRecord-Database (main)
2026-09-30T14:17:00-10:00job:github_sync_all | — [library] no local changes
2026-09-30T14:17:00-10:00job:github_sync_all | ↓ [library] fetching origin/main
2026-09-30T14:17:00-10:00job:github_sync_all | From github.com:RootRecord-Software-Solutions/RootRecord-Library
2026-09-30T14:17:00-10:00job:github_sync_all | * branch            main       -> FETCH_HEAD
2026-09-30T14:17:00-10:00job:github_sync_all | — [library] local and GitHub already match
2026-09-30T14:17:00-10:00job:github_sync_all | — [library] nothing to push
2026-09-30T14:17:00-10:00job:github_sync_all | — [skills] no local changes
2026-09-30T14:17:00-10:00job:github_sync_all | ↓ [skills] fetching origin/main
2026-09-30T14:17:00-10:00job:github_sync_all | From github.com:rootrecordsoftwaresolutions/Solar-Pacific-RootRecord-Server
2026-09-30T14:17:00-10:00job:github_sync_all | * branch            main       -> FETCH_HEAD
2026-09-30T14:17:00-10:00job:github_sync_all | — [skills] local and GitHub already match
2026-09-30T14:17:00-10:00job:github_sync_all | — [skills] nothing to push
2026-09-30T14:17:00-10:00job:worklog_scan RUN  bash "/home/rootrecord/RootRecord-Ecosystem/1 - Servers/1 - RootRecord-Pacific-Solar-Server/Reports/scripts/worklog_once.sh"
2026-09-30T14:17:04-10:00job:worklog_scan | OK wrote/updated /home/rootrecord/RootRecord-Ecosystem/2 - RootRecord-Database/Worklog/worklog_current.md
2026-09-30T14:17:04-10:00job:security_camera_frame_grab RUN  bash "/home/rootrecord/RootRecord-Ecosystem/1 - Servers/1 - RootRecord-Pacific-Solar-Server/Security/Cameras/grab_all.sh"
2026-09-30T14:17:19-10:00job:security_camera_frame_grab | 14:17:04  📷  a-eyes  ch1 → ch1-20261001T001704Z.jpg  (505.7 KB, 4.46s)
2026-09-30T14:17:19-10:00job:security_camera_frame_grab | 14:17:08  📷  a-eyes  ch2 → ch2-20261001T001708Z.jpg  (298.3 KB, 4.36s)
2026-09-30T14:17:19-10:00job:security_camera_frame_grab | 14:17:13  📷  a-eyes  ch3 → ch3-20261001T001713Z.jpg  (381.3 KB, 4.58s)
2026-09-30T14:17:19-10:00job:security_camera_frame_grab | 14:17:17  📷  a-eyes  ch4 → ch4-20261001T001717Z.jpg  (11.7 KB, 1.61s)
2026-09-30T14:17:19-10:00ENERGY  status=live  B2=20.3%  B1=58.0%  solar=86 W  ac=80 W  usbc=19 W  src=/home/rootrecord/RootRecord-Ecosystem/2 - RootRecord-Database/Energy  LAP=100%/Full/AC
2026-09-30T14:17:34-10:00  ▸  SUMMARY=river2pro soc=57.35% solar=0W ac_out=103W usbc=0W src=ble db=ok
2026-09-30T14:17:34-10:00job:sys_stats_cycle RUN  bash "/home/rootrecord/RootRecord-Ecosystem/1 - Servers/1 - RootRecord-Pacific-Solar-Server/System/scripts/sys-sample.sh"
2026-09-30T14:17:35-10:00job:sys_stats_cycle | SYSTEM  cpu=4%  load=1.75  mem=61%  src=sqlite
2026-09-30T14:17:35-10:00job:sys_stats_cycle | OK wrote /home/rootrecord/RootRecord-Ecosystem/2 - RootRecord-Database/System/samples/sys-20260930-141735.json
2026-09-30T14:18:09-10:00job:github_sync_all | — [ecosystem] no committable local changes
2026-09-30T14:18:09-10:00job:github_sync_all | ↓ [ecosystem] fetching origin/main
2026-09-30T14:18:09-10:00job:github_sync_all | From github.com:RootRecord-Software-Solutions/RootRecord-Ecosystem
2026-09-30T14:18:09-10:00job:github_sync_all | * branch            main       -> FETCH_HEAD
2026-09-30T14:18:09-10:00job:github_sync_all | — [ecosystem] local and GitHub already match
2026-09-30T14:18:09-10:00job:github_sync_all | — [ecosystem] nothing to push
2026-09-30T14:18:09-10:00job:github_sync_all | — [pacific] no local changes
2026-09-30T14:18:09-10:00job:github_sync_all | ↓ [pacific] fetching origin/main
2026-09-30T14:18:09-10:00job:github_sync_all | From github.com:RootRecord-Software-Solutions/RootRecord-Pacific-Solar-Server
2026-09-30T14:18:09-10:00job:github_sync_all | * branch            main       -> FETCH_HEAD
2026-09-30T14:18:09-10:00job:github_sync_all | — [pacific] local and GitHub already match
2026-09-30T14:18:09-10:00job:github_sync_all | — [pacific] nothing to push
2026-09-30T14:18:09-10:00job:github_sync_all | ↑ [database] committed 15 local file(s)
2026-09-30T14:18:09-10:00job:github_sync_all | ↓ [database] fetching origin/main
2026-09-30T14:18:09-10:00job:github_sync_all | From github.com:RootRecord-Software-Solutions/RootRecord-Database
2026-09-30T14:18:09-10:00job:github_sync_all | * branch              main       -> FETCH_HEAD
2026-09-30T14:18:09-10:00job:github_sync_all | ↑ [database] local is ahead of GitHub
2026-09-30T14:18:09-10:00job:github_sync_all | To github.com:RootRecord-Software-Solutions/RootRecord-Database.git
2026-09-30T14:18:09-10:00job:github_sync_all | 32cf954c..d71378e3  HEAD -> main
2026-09-30T14:18:09-10:00job:github_sync_all | branch 'main' set up to track 'origin/main'.
2026-09-30T14:18:09-10:00job:github_sync_all | ↑ [database] 15 files → RootRecord-Software-Solutions/RootRecord-Database (main)
2026-09-30T14:18:09-10:00job:github_sync_all | — [library] no local changes
2026-09-30T14:18:09-10:00job:github_sync_all | ↓ [library] fetching origin/main
2026-09-30T14:18:09-10:00job:github_sync_all | From github.com:RootRecord-Software-Solutions/RootRecord-Library
2026-09-30T14:18:09-10:00job:github_sync_all | * branch            main       -> FETCH_HEAD
2026-09-30T14:18:09-10:00job:github_sync_all | — [library] local and GitHub already match
2026-09-30T14:18:09-10:00job:github_sync_all | — [library] nothing to push
2026-09-30T14:18:09-10:00job:github_sync_all | — [skills] no local changes
2026-09-30T14:18:09-10:00job:github_sync_all | ↓ [skills] fetching origin/main
2026-09-30T14:18:09-10:00job:github_sync_all | From github.com:rootrecordsoftwaresolutions/Solar-Pacific-RootRecord-Server
2026-09-30T14:18:09-10:00job:github_sync_all | * branch            main       -> FETCH_HEAD
2026-09-30T14:18:09-10:00job:github_sync_all | — [skills] local and GitHub already match
2026-09-30T14:18:09-10:00job:github_sync_all | — [skills] nothing to push
2026-09-30T14:18:09-10:00job:security_camera_frame_grab RUN  bash "/home/rootrecord/RootRecord-Ecosystem/1 - Servers/1 - RootRecord-Pacific-Solar-Server/Security/Cameras/grab_all.sh"
2026-09-30T14:18:24-10:00job:security_camera_frame_grab | 14:18:09  📷  a-eyes  ch1 → ch1-20261001T001809Z.jpg  (504.3 KB, 4.44s)
2026-09-30T14:18:24-10:00job:security_camera_frame_grab | 14:18:13  📷  a-eyes  ch2 → ch2-20261001T001813Z.jpg  (293.3 KB, 4.36s)
2026-09-30T14:18:24-10:00job:security_camera_frame_grab | 14:18:18  📷  a-eyes  ch3 → ch3-20261001T001818Z.jpg  (365.2 KB, 4.38s)
2026-09-30T14:18:24-10:00job:security_camera_frame_grab | 14:18:22  📷  a-eyes  ch4 → ch4-20261001T001822Z.jpg  (11.8 KB, 1.54s)
2026-09-30T14:18:24-10:00job:service_supervisor RUN  bash "/home/rootrecord/RootRecord-Ecosystem/1 - Servers/1 - RootRecord-Pacific-Solar-Server/Automations/scripts/supervise-services.sh"
2026-09-30T14:18:24-10:00job:service_supervisor | [supervisor] weather alive pid=304140 304463 305661 305866 308654 309134 309348 309668 313159 392716 736568 775116 (act)
2026-09-30T14:18:24-10:00job:service_supervisor | [supervisor] relay alive pid=1105254 (act)
2026-09-30T14:18:24-10:00ENERGY  status=live  B2=20.3%  B1=57.4%  solar=86 W  ac=103 W  usbc=19 W  src=/home/rootrecord/RootRecord-Ecosystem/2 - RootRecord-Database/Energy  LAP=100%/Full/AC
2026-09-30T14:18:39-10:00  ▸  SUMMARY=delta2 soc=20.51% solar=86W ac_out=— usbc=20W src=ble db=ok
2026-09-30T14:18:39-10:00job:sys_stats_cycle RUN  bash "/home/rootrecord/RootRecord-Ecosystem/1 - Servers/1 - RootRecord-Pacific-Solar-Server/System/scripts/sys-sample.sh"
2026-09-30T14:18:40-10:00job:sys_stats_cycle | SYSTEM  cpu=42%  load=0.92  mem=62%  src=sqlite
2026-09-30T14:18:40-10:00job:sys_stats_cycle | OK wrote /home/rootrecord/RootRecord-Ecosystem/2 - RootRecord-Database/System/samples/sys-20260930-141840.json
2026-09-30T14:19:14-10:00job:github_sync_all | — [ecosystem] no committable local changes
2026-09-30T14:19:14-10:00job:github_sync_all | ↓ [ecosystem] fetching origin/main
2026-09-30T14:19:14-10:00job:github_sync_all | From github.com:RootRecord-Software-Solutions/RootRecord-Ecosystem
2026-09-30T14:19:14-10:00job:github_sync_all | * branch            main       -> FETCH_HEAD
2026-09-30T14:19:14-10:00job:github_sync_all | — [ecosystem] local and GitHub already match
2026-09-30T14:19:14-10:00job:github_sync_all | — [ecosystem] nothing to push
2026-09-30T14:19:14-10:00job:github_sync_all | — [pacific] no local changes
2026-09-30T14:19:14-10:00job:github_sync_all | ↓ [pacific] fetching origin/main
2026-09-30T14:19:14-10:00job:github_sync_all | From github.com:RootRecord-Software-Solutions/RootRecord-Pacific-Solar-Server
2026-09-30T14:19:14-10:00job:github_sync_all | * branch            main       -> FETCH_HEAD
2026-09-30T14:19:14-10:00job:github_sync_all | — [pacific] local and GitHub already match
2026-09-30T14:19:14-10:00job:github_sync_all | — [pacific] nothing to push
2026-09-30T14:19:14-10:00job:github_sync_all | ↑ [database] committed 12 local file(s)
2026-09-30T14:19:14-10:00job:github_sync_all | ↓ [database] fetching origin/main
2026-09-30T14:19:14-10:00job:github_sync_all | From github.com:RootRecord-Software-Solutions/RootRecord-Database
2026-09-30T14:19:14-10:00job:github_sync_all | * branch              main       -> FETCH_HEAD
2026-09-30T14:19:14-10:00job:github_sync_all | ↑ [database] local is ahead of GitHub
2026-09-30T14:19:14-10:00job:github_sync_all | To github.com:RootRecord-Software-Solutions/RootRecord-Database.git
2026-09-30T14:19:14-10:00job:github_sync_all | d71378e3..812332e0  HEAD -> main
2026-09-30T14:19:14-10:00job:github_sync_all | branch 'main' set up to track 'origin/main'.
2026-09-30T14:19:14-10:00job:github_sync_all | ↑ [database] 12 files → RootRecord-Software-Solutions/RootRecord-Database (main)
2026-09-30T14:19:14-10:00job:github_sync_all | — [library] no local changes
2026-09-30T14:19:14-10:00job:github_sync_all | ↓ [library] fetching origin/main
2026-09-30T14:19:14-10:00job:github_sync_all | From github.com:RootRecord-Software-Solutions/RootRecord-Library
2026-09-30T14:19:14-10:00job:github_sync_all | * branch            main       -> FETCH_HEAD
2026-09-30T14:19:14-10:00job:github_sync_all | — [library] local and GitHub already match
2026-09-30T14:19:14-10:00job:github_sync_all | — [library] nothing to push
2026-09-30T14:19:14-10:00job:github_sync_all | — [skills] no local changes
2026-09-30T14:19:14-10:00job:github_sync_all | ↓ [skills] fetching origin/main
2026-09-30T14:19:14-10:00job:github_sync_all | From github.com:rootrecordsoftwaresolutions/Solar-Pacific-RootRecord-Server
2026-09-30T14:19:14-10:00job:github_sync_all | * branch            main       -> FETCH_HEAD
2026-09-30T14:19:14-10:00job:github_sync_all | — [skills] local and GitHub already match
2026-09-30T14:19:14-10:00job:github_sync_all | — [skills] nothing to push
2026-09-30T14:19:14-10:00job:worklog_scan RUN  bash "/home/rootrecord/RootRecord-Ecosystem/1 - Servers/1 - RootRecord-Pacific-Solar-Server/Reports/scripts/worklog_once.sh"
2026-09-30T14:19:18-10:00job:worklog_scan | OK wrote/updated /home/rootrecord/RootRecord-Ecosystem/2 - RootRecord-Database/Worklog/worklog_current.md
2026-09-30T14:19:18-10:00job:security_camera_frame_grab RUN  bash "/home/rootrecord/RootRecord-Ecosystem/1 - Servers/1 - RootRecord-Pacific-Solar-Server/Security/Cameras/grab_all.sh"
2026-09-30T14:19:34-10:00job:security_camera_frame_grab | 14:19:18  📷  a-eyes  ch1 → ch1-20261001T001918Z.jpg  (513.7 KB, 4.58s)
2026-09-30T14:19:34-10:00job:security_camera_frame_grab | 14:19:23  📷  a-eyes  ch2 → ch2-20261001T001923Z.jpg  (295.6 KB, 4.42s)
2026-09-30T14:19:34-10:00job:security_camera_frame_grab | 14:19:27  📷  a-eyes  ch3 → ch3-20261001T001927Z.jpg  (368.1 KB, 4.52s)
2026-09-30T14:19:34-10:00job:security_camera_frame_grab | 14:19:32  📷  a-eyes  ch4 → ch4-20261001T001932Z.jpg  (11.8 KB, 2.41s)
2026-09-30T14:19:36-10:00ENERGY  status=live  B2=20.5%  B1=57.4%  solar=86 W  ac=103 W  usbc=20 W  src=/home/rootrecord/RootRecord-Ecosystem/2 - RootRecord-Database/Energy  LAP=100%/Full/AC
2026-09-30T14:19:51-10:00  ▸  SUMMARY=river2pro soc=56.67% solar=0W ac_out=86W usbc=0W src=ble db=ok
2026-09-30T14:19:51-10:00job:sys_stats_cycle RUN  bash "/home/rootrecord/RootRecord-Ecosystem/1 - Servers/1 - RootRecord-Pacific-Solar-Server/System/scripts/sys-sample.sh"
2026-09-30T14:19:52-10:00job:sys_stats_cycle | SYSTEM  cpu=4%  load=1.25  mem=61%  src=sqlite
2026-09-30T14:19:52-10:00job:sys_stats_cycle | OK wrote /home/rootrecord/RootRecord-Ecosystem/2 - RootRecord-Database/System/samples/sys-20260930-141951.json
2026-09-30T14:20:26-10:00job:github_sync_all | — [ecosystem] no committable local changes
2026-09-30T14:20:26-10:00job:github_sync_all | ↓ [ecosystem] fetching origin/main
2026-09-30T14:20:26-10:00job:github_sync_all | From github.com:RootRecord-Software-Solutions/RootRecord-Ecosystem
2026-09-30T14:20:26-10:00job:github_sync_all | * branch            main       -> FETCH_HEAD
2026-09-30T14:20:26-10:00job:github_sync_all | — [ecosystem] local and GitHub already match
2026-09-30T14:20:26-10:00job:github_sync_all | — [ecosystem] nothing to push
2026-09-30T14:20:26-10:00job:github_sync_all | — [pacific] no local changes
2026-09-30T14:20:26-10:00job:github_sync_all | ↓ [pacific] fetching origin/main
2026-09-30T14:20:26-10:00job:github_sync_all | From github.com:RootRecord-Software-Solutions/RootRecord-Pacific-Solar-Server
2026-09-30T14:20:26-10:00job:github_sync_all | * branch            main       -> FETCH_HEAD
2026-09-30T14:20:26-10:00job:github_sync_all | — [pacific] local and GitHub already match
2026-09-30T14:20:26-10:00job:github_sync_all | — [pacific] nothing to push
2026-09-30T14:20:26-10:00job:github_sync_all | ↑ [database] committed 15 local file(s)
2026-09-30T14:20:26-10:00job:github_sync_all | ↓ [database] fetching origin/main
2026-09-30T14:20:26-10:00job:github_sync_all | From github.com:RootRecord-Software-Solutions/RootRecord-Database
2026-09-30T14:20:26-10:00job:github_sync_all | * branch              main       -> FETCH_HEAD
2026-09-30T14:20:26-10:00job:github_sync_all | ↑ [database] local is ahead of GitHub
2026-09-30T14:20:26-10:00job:github_sync_all | To github.com:RootRecord-Software-Solutions/RootRecord-Database.git
2026-09-30T14:20:26-10:00job:github_sync_all | 812332e0..61a13698  HEAD -> main
2026-09-30T14:20:26-10:00job:github_sync_all | branch 'main' set up to track 'origin/main'.
2026-09-30T14:20:26-10:00job:github_sync_all | ↑ [database] 15 files → RootRecord-Software-Solutions/RootRecord-Database (main)
2026-09-30T14:20:26-10:00job:github_sync_all | — [library] no local changes
2026-09-30T14:20:26-10:00job:github_sync_all | ↓ [library] fetching origin/main
2026-09-30T14:20:26-10:00job:github_sync_all | From github.com:RootRecord-Software-Solutions/RootRecord-Library
2026-09-30T14:20:26-10:00job:github_sync_all | * branch            main       -> FETCH_HEAD
2026-09-30T14:20:26-10:00job:github_sync_all | — [library] local and GitHub already match
2026-09-30T14:20:26-10:00job:github_sync_all | — [library] nothing to push
2026-09-30T14:20:26-10:00job:github_sync_all | — [skills] no local changes
2026-09-30T14:20:26-10:00job:github_sync_all | ↓ [skills] fetching origin/main
2026-09-30T14:20:26-10:00job:github_sync_all | From github.com:rootrecordsoftwaresolutions/Solar-Pacific-RootRecord-Server
2026-09-30T14:20:26-10:00job:github_sync_all | * branch            main       -> FETCH_HEAD
2026-09-30T14:20:26-10:00job:github_sync_all | — [skills] local and GitHub already match
2026-09-30T14:20:26-10:00job:github_sync_all | — [skills] nothing to push
2026-09-30T14:20:26-10:00job:security_camera_frame_grab RUN  bash "/home/rootrecord/RootRecord-Ecosystem/1 - Servers/1 - RootRecord-Pacific-Solar-Server/Security/Cameras/grab_all.sh"
2026-09-30T14:20:41-10:00job:security_camera_frame_grab | 14:20:26  📷  a-eyes  ch1 → ch1-20261001T002026Z.jpg  (497.4 KB, 4.43s)
2026-09-30T14:20:41-10:00job:security_camera_frame_grab | 14:20:31  📷  a-eyes  ch2 → ch2-20261001T002031Z.jpg  (290.7 KB, 4.49s)
2026-09-30T14:20:41-10:00job:security_camera_frame_grab | 14:20:35  📷  a-eyes  ch3 → ch3-20261001T002035Z.jpg  (366.1 KB, 4.62s)
2026-09-30T14:20:41-10:00job:security_camera_frame_grab | 14:20:40  📷  a-eyes  ch4 → ch4-20261001T002040Z.jpg  (11.9 KB, 1.54s)
2026-09-30T14:20:42-10:00ENERGY  status=live  B2=20.5%  B1=56.7%  solar=86 W  ac=86 W  usbc=20 W  src=/home/rootrecord/RootRecord-Ecosystem/2 - RootRecord-Database/Energy  LAP=100%/Full/AC
2026-09-30T14:20:57-10:00  ▸  SUMMARY=delta2 soc=20.81% solar=73W ac_out=— usbc=11W src=ble db=ok
2026-09-30T14:20:57-10:00job:sys_stats_cycle RUN  bash "/home/rootrecord/RootRecord-Ecosystem/1 - Servers/1 - RootRecord-Pacific-Solar-Server/System/scripts/sys-sample.sh"
2026-09-30T14:20:58-10:00job:sys_stats_cycle | SYSTEM  cpu=5%  load=0.88  mem=62%  src=sqlite
2026-09-30T14:20:58-10:00job:sys_stats_cycle | OK wrote /home/rootrecord/RootRecord-Ecosystem/2 - RootRecord-Database/System/samples/sys-20260930-142057.json
2026-09-30T14:21:30-10:00job:github_sync_all | — [ecosystem] no committable local changes
2026-09-30T14:21:30-10:00job:github_sync_all | ↓ [ecosystem] fetching origin/main
2026-09-30T14:21:30-10:00job:github_sync_all | From github.com:RootRecord-Software-Solutions/RootRecord-Ecosystem
2026-09-30T14:21:30-10:00job:github_sync_all | * branch            main       -> FETCH_HEAD
2026-09-30T14:21:30-10:00job:github_sync_all | — [ecosystem] local and GitHub already match
2026-09-30T14:21:30-10:00job:github_sync_all | — [ecosystem] nothing to push
2026-09-30T14:21:30-10:00job:github_sync_all | — [pacific] no local changes
2026-09-30T14:21:30-10:00job:github_sync_all | ↓ [pacific] fetching origin/main
2026-09-30T14:21:30-10:00job:github_sync_all | From github.com:RootRecord-Software-Solutions/RootRecord-Pacific-Solar-Server
2026-09-30T14:21:30-10:00job:github_sync_all | * branch            main       -> FETCH_HEAD
2026-09-30T14:21:30-10:00job:github_sync_all | — [pacific] local and GitHub already match
2026-09-30T14:21:30-10:00job:github_sync_all | — [pacific] nothing to push
2026-09-30T14:21:30-10:00job:github_sync_all | ↑ [database] committed 13 local file(s)
2026-09-30T14:21:30-10:00job:github_sync_all | ↓ [database] fetching origin/main
2026-09-30T14:21:30-10:00job:github_sync_all | From github.com:RootRecord-Software-Solutions/RootRecord-Database
2026-09-30T14:21:30-10:00job:github_sync_all | * branch              main       -> FETCH_HEAD
2026-09-30T14:21:30-10:00job:github_sync_all | ↑ [database] local is ahead of GitHub
2026-09-30T14:21:30-10:00job:github_sync_all | To github.com:RootRecord-Software-Solutions/RootRecord-Database.git
2026-09-30T14:21:30-10:00job:github_sync_all | 61a13698..51416e64  HEAD -> main
2026-09-30T14:21:30-10:00job:github_sync_all | branch 'main' set up to track 'origin/main'.
2026-09-30T14:21:30-10:00job:github_sync_all | ↑ [database] 13 files → RootRecord-Software-Solutions/RootRecord-Database (main)
2026-09-30T14:21:30-10:00job:github_sync_all | — [library] no local changes
2026-09-30T14:21:30-10:00job:github_sync_all | ↓ [library] fetching origin/main
2026-09-30T14:21:30-10:00job:github_sync_all | From github.com:RootRecord-Software-Solutions/RootRecord-Library
2026-09-30T14:21:30-10:00job:github_sync_all | * branch            main       -> FETCH_HEAD
2026-09-30T14:21:30-10:00job:github_sync_all | — [library] local and GitHub already match
2026-09-30T14:21:30-10:00job:github_sync_all | — [library] nothing to push
2026-09-30T14:21:30-10:00job:github_sync_all | — [skills] no local changes
2026-09-30T14:21:30-10:00job:github_sync_all | ↓ [skills] fetching origin/main
2026-09-30T14:21:30-10:00job:github_sync_all | From github.com:rootrecordsoftwaresolutions/Solar-Pacific-RootRecord-Server
2026-09-30T14:21:30-10:00job:github_sync_all | * branch            main       -> FETCH_HEAD
2026-09-30T14:21:30-10:00job:github_sync_all | — [skills] local and GitHub already match
2026-09-30T14:21:30-10:00job:github_sync_all | — [skills] nothing to push
2026-09-30T14:21:30-10:00job:worklog_scan RUN  bash "/home/rootrecord/RootRecord-Ecosystem/1 - Servers/1 - RootRecord-Pacific-Solar-Server/Reports/scripts/worklog_once.sh"
2026-09-30T14:21:39-10:00job:worklog_scan | OK wrote/updated /home/rootrecord/RootRecord-Ecosystem/2 - RootRecord-Database/Worklog/worklog_current.md
2026-09-30T14:21:39-10:00job:security_camera_frame_grab RUN  bash "/home/rootrecord/RootRecord-Ecosystem/1 - Servers/1 - RootRecord-Pacific-Solar-Server/Security/Cameras/grab_all.sh"
2026-09-30T14:21:54-10:00job:security_camera_frame_grab | 14:21:39  📷  a-eyes  ch1 → ch1-20261001T002139Z.jpg  (503.5 KB, 4.31s)
2026-09-30T14:21:54-10:00job:security_camera_frame_grab | 14:21:44  📷  a-eyes  ch2 → ch2-20261001T002144Z.jpg  (284.0 KB, 4.30s)
2026-09-30T14:21:54-10:00job:security_camera_frame_grab | 14:21:48  📷  a-eyes  ch3 → ch3-20261001T002148Z.jpg  (365.0 KB, 4.21s)
2026-09-30T14:21:54-10:00job:security_camera_frame_grab | 14:21:52  📷  a-eyes  ch4 → ch4-20261001T002152Z.jpg  (11.8 KB, 1.57s)
2026-09-30T14:21:54-10:00ENERGY  status=live  B2=20.8%  B1=56.7%  solar=73 W  ac=86 W  usbc=11 W  src=/home/rootrecord/RootRecord-Ecosystem/2 - RootRecord-Database/Energy  LAP=100%/Full/AC
2026-09-30T14:22:09-10:00  ▸  SUMMARY=delta2 soc=20.81% solar=41W ac_out=— usbc=16W src=ble db=ok
2026-09-30T14:22:09-10:00job:sys_stats_cycle RUN  bash "/home/rootrecord/RootRecord-Ecosystem/1 - Servers/1 - RootRecord-Pacific-Solar-Server/System/scripts/sys-sample.sh"
2026-09-30T14:22:10-10:00job:sys_stats_cycle | SYSTEM  cpu=7%  load=1.00  mem=63%  src=sqlite
2026-09-30T14:22:10-10:00job:sys_stats_cycle | OK wrote /home/rootrecord/RootRecord-Ecosystem/2 - RootRecord-Database/System/samples/sys-20260930-142209.json
2026-09-30T14:22:41-10:00job:github_sync_all | — [ecosystem] no committable local changes
2026-09-30T14:22:41-10:00job:github_sync_all | ↓ [ecosystem] fetching origin/main
2026-09-30T14:22:41-10:00job:github_sync_all | From github.com:RootRecord-Software-Solutions/RootRecord-Ecosystem
2026-09-30T14:22:41-10:00job:github_sync_all | * branch            main       -> FETCH_HEAD
2026-09-30T14:22:41-10:00job:github_sync_all | — [ecosystem] local and GitHub already match
2026-09-30T14:22:41-10:00job:github_sync_all | — [ecosystem] nothing to push
2026-09-30T14:22:41-10:00job:github_sync_all | — [pacific] no local changes
2026-09-30T14:22:41-10:00job:github_sync_all | ↓ [pacific] fetching origin/main
2026-09-30T14:22:41-10:00job:github_sync_all | From github.com:RootRecord-Software-Solutions/RootRecord-Pacific-Solar-Server
2026-09-30T14:22:41-10:00job:github_sync_all | * branch            main       -> FETCH_HEAD
2026-09-30T14:22:41-10:00job:github_sync_all | — [pacific] local and GitHub already match
2026-09-30T14:22:41-10:00job:github_sync_all | — [pacific] nothing to push
2026-09-30T14:22:41-10:00job:github_sync_all | ↑ [database] committed 16 local file(s)
2026-09-30T14:22:41-10:00job:github_sync_all | ↓ [database] fetching origin/main
2026-09-30T14:22:41-10:00job:github_sync_all | From github.com:RootRecord-Software-Solutions/RootRecord-Database
2026-09-30T14:22:41-10:00job:github_sync_all | * branch              main       -> FETCH_HEAD
2026-09-30T14:22:41-10:00job:github_sync_all | ↑ [database] local is ahead of GitHub
2026-09-30T14:22:41-10:00job:github_sync_all | To github.com:RootRecord-Software-Solutions/RootRecord-Database.git
2026-09-30T14:22:41-10:00job:github_sync_all | 51416e64..55d2da1a  HEAD -> main
2026-09-30T14:22:41-10:00job:github_sync_all | branch 'main' set up to track 'origin/main'.
2026-09-30T14:22:41-10:00job:github_sync_all | ↑ [database] 16 files → RootRecord-Software-Solutions/RootRecord-Database (main)
2026-09-30T14:22:41-10:00job:github_sync_all | — [library] no local changes
2026-09-30T14:22:41-10:00job:github_sync_all | ↓ [library] fetching origin/main
2026-09-30T14:22:41-10:00job:github_sync_all | From github.com:RootRecord-Software-Solutions/RootRecord-Library
2026-09-30T14:22:41-10:00job:github_sync_all | * branch            main       -> FETCH_HEAD
2026-09-30T14:22:41-10:00job:github_sync_all | — [library] local and GitHub already match
2026-09-30T14:22:41-10:00job:github_sync_all | — [library] nothing to push
2026-09-30T14:22:41-10:00job:github_sync_all | — [skills] no local changes
2026-09-30T14:22:41-10:00job:github_sync_all | ↓ [skills] fetching origin/main
2026-09-30T14:22:41-10:00job:github_sync_all | From github.com:rootrecordsoftwaresolutions/Solar-Pacific-RootRecord-Server
2026-09-30T14:22:41-10:00job:github_sync_all | * branch            main       -> FETCH_HEAD
2026-09-30T14:22:41-10:00job:github_sync_all | — [skills] local and GitHub already match
2026-09-30T14:22:41-10:00job:github_sync_all | — [skills] nothing to push
2026-09-30T14:22:41-10:00job:security_camera_frame_grab RUN  bash "/home/rootrecord/RootRecord-Ecosystem/1 - Servers/1 - RootRecord-Pacific-Solar-Server/Security/Cameras/grab_all.sh"
2026-09-30T14:22:56-10:00job:security_camera_frame_grab | 14:22:41  📷  a-eyes  ch1 → ch1-20261001T002241Z.jpg  (504.1 KB, 4.33s)
2026-09-30T14:22:56-10:00job:security_camera_frame_grab | 14:22:45  📷  a-eyes  ch2 → ch2-20261001T002245Z.jpg  (277.0 KB, 4.57s)
2026-09-30T14:22:56-10:00job:security_camera_frame_grab | 14:22:50  📷  a-eyes  ch3 → ch3-20261001T002250Z.jpg  (366.2 KB, 4.48s)
2026-09-30T14:22:56-10:00job:security_camera_frame_grab | 14:22:54  📷  a-eyes  ch4 → ch4-20261001T002254Z.jpg  (11.9 KB, 1.53s)
2026-09-30T14:22:56-10:00ENERGY  status=live  B2=20.8%  B1=56.7%  solar=41 W  ac=86 W  usbc=16 W  src=/home/rootrecord/RootRecord-Ecosystem/2 - RootRecord-Database/Energy  LAP=100%/Full/AC
2026-09-30T14:23:11-10:00  ▸  SUMMARY=river2pro soc=55.67% solar=0W ac_out=106W usbc=0W src=ble db=ok
2026-09-30T14:23:11-10:00job:sys_stats_cycle RUN  bash "/home/rootrecord/RootRecord-Ecosystem/1 - Servers/1 - RootRecord-Pacific-Solar-Server/System/scripts/sys-sample.sh"
2026-09-30T14:23:12-10:00job:sys_stats_cycle | SYSTEM  cpu=11%  load=0.94  mem=63%  src=sqlite
2026-09-30T14:23:12-10:00job:sys_stats_cycle | OK wrote /home/rootrecord/RootRecord-Ecosystem/2 - RootRecord-Database/System/samples/sys-20260930-142312.json
2026-09-30T14:23:45-10:00job:github_sync_all | — [ecosystem] no committable local changes
2026-09-30T14:23:45-10:00job:github_sync_all | ↓ [ecosystem] fetching origin/main
2026-09-30T14:23:45-10:00job:github_sync_all | From github.com:RootRecord-Software-Solutions/RootRecord-Ecosystem
2026-09-30T14:23:45-10:00job:github_sync_all | * branch            main       -> FETCH_HEAD
2026-09-30T14:23:45-10:00job:github_sync_all | — [ecosystem] local and GitHub already match
2026-09-30T14:23:45-10:00job:github_sync_all | — [ecosystem] nothing to push
2026-09-30T14:23:45-10:00job:github_sync_all | — [pacific] no local changes
2026-09-30T14:23:45-10:00job:github_sync_all | ↓ [pacific] fetching origin/main
2026-09-30T14:23:45-10:00job:github_sync_all | From github.com:RootRecord-Software-Solutions/RootRecord-Pacific-Solar-Server
2026-09-30T14:23:45-10:00job:github_sync_all | * branch            main       -> FETCH_HEAD
2026-09-30T14:23:45-10:00job:github_sync_all | — [pacific] local and GitHub already match
2026-09-30T14:23:45-10:00job:github_sync_all | — [pacific] nothing to push
2026-09-30T14:23:45-10:00job:github_sync_all | ↑ [database] committed 12 local file(s)
2026-09-30T14:23:45-10:00job:github_sync_all | ↓ [database] fetching origin/main
2026-09-30T14:23:45-10:00job:github_sync_all | From github.com:RootRecord-Software-Solutions/RootRecord-Database
2026-09-30T14:23:45-10:00job:github_sync_all | * branch              main       -> FETCH_HEAD
2026-09-30T14:23:45-10:00job:github_sync_all | ↑ [database] local is ahead of GitHub
2026-09-30T14:23:45-10:00job:github_sync_all | To github.com:RootRecord-Software-Solutions/RootRecord-Database.git
2026-09-30T14:23:45-10:00job:github_sync_all | 55d2da1a..a49932b3  HEAD -> main
2026-09-30T14:23:45-10:00job:github_sync_all | branch 'main' set up to track 'origin/main'.
2026-09-30T14:23:45-10:00job:github_sync_all | ↑ [database] 12 files → RootRecord-Software-Solutions/RootRecord-Database (main)
2026-09-30T14:23:45-10:00job:github_sync_all | — [library] no local changes
2026-09-30T14:23:45-10:00job:github_sync_all | ↓ [library] fetching origin/main
2026-09-30T14:23:45-10:00job:github_sync_all | From github.com:RootRecord-Software-Solutions/RootRecord-Library
2026-09-30T14:23:45-10:00job:github_sync_all | * branch            main       -> FETCH_HEAD
2026-09-30T14:23:45-10:00job:github_sync_all | — [library] local and GitHub already match
2026-09-30T14:23:45-10:00job:github_sync_all | — [library] nothing to push
2026-09-30T14:23:45-10:00job:github_sync_all | — [skills] no local changes
2026-09-30T14:23:45-10:00job:github_sync_all | ↓ [skills] fetching origin/main
2026-09-30T14:23:45-10:00job:github_sync_all | From github.com:rootrecordsoftwaresolutions/Solar-Pacific-RootRecord-Server
2026-09-30T14:23:45-10:00job:github_sync_all | * branch            main       -> FETCH_HEAD
2026-09-30T14:23:45-10:00job:github_sync_all | — [skills] local and GitHub already match
2026-09-30T14:23:45-10:00job:github_sync_all | — [skills] nothing to push
2026-09-30T14:23:45-10:00job:worklog_scan RUN  bash "/home/rootrecord/RootRecord-Ecosystem/1 - Servers/1 - RootRecord-Pacific-Solar-Server/Reports/scripts/worklog_once.sh"
2026-09-30T14:23:51-10:00job:worklog_scan | OK wrote/updated /home/rootrecord/RootRecord-Ecosystem/2 - RootRecord-Database/Worklog/worklog_current.md
2026-09-30T14:23:51-10:00job:security_camera_frame_grab RUN  bash "/home/rootrecord/RootRecord-Ecosystem/1 - Servers/1 - RootRecord-Pacific-Solar-Server/Security/Cameras/grab_all.sh"
2026-09-30T14:24:06-10:00job:security_camera_frame_grab | 14:23:51  📷  a-eyes  ch1 → ch1-20261001T002351Z.jpg  (517.4 KB, 4.27s)
2026-09-30T14:24:06-10:00job:security_camera_frame_grab | 14:23:55  📷  a-eyes  ch2 → ch2-20261001T002355Z.jpg  (276.5 KB, 4.47s)
2026-09-30T14:24:06-10:00job:security_camera_frame_grab | 14:24:00  📷  a-eyes  ch3 → ch3-20261001T002400Z.jpg  (364.9 KB, 4.21s)
2026-09-30T14:24:06-10:00job:security_camera_frame_grab | 14:24:04  📷  a-eyes  ch4 → ch4-20261001T002404Z.jpg  (11.8 KB, 1.49s)
2026-09-30T14:24:06-10:00job:service_supervisor RUN  bash "/home/rootrecord/RootRecord-Ecosystem/1 - Servers/1 - RootRecord-Pacific-Solar-Server/Automations/scripts/supervise-services.sh"
2026-09-30T14:24:06-10:00job:service_supervisor | [supervisor] weather alive pid=304140 304463 305661 305866 308654 309134 309348 309668 313159 392716 736568 775116 (act)
2026-09-30T14:24:06-10:00job:service_supervisor | [supervisor] relay alive pid=1105254 (act)
2026-09-30T14:24:06-10:00ENERGY  status=live  B2=20.8%  B1=55.7%  solar=41 W  ac=106 W  usbc=16 W  src=/home/rootrecord/RootRecord-Ecosystem/2 - RootRecord-Database/Energy  LAP=100%/Full/AC
2026-09-30T14:24:21-10:00  ▸  SUMMARY=river2pro soc=55.33% solar=0W ac_out=79W usbc=0W src=ble db=ok
2026-09-30T14:24:21-10:00job:sys_stats_cycle RUN  bash "/home/rootrecord/RootRecord-Ecosystem/1 - Servers/1 - RootRecord-Pacific-Solar-Server/System/scripts/sys-sample.sh"
2026-09-30T14:24:22-10:00job:sys_stats_cycle | SYSTEM  cpu=5%  load=2.08  mem=64%  src=sqlite
2026-09-30T14:24:22-10:00job:sys_stats_cycle | OK wrote /home/rootrecord/RootRecord-Ecosystem/2 - RootRecord-Database/System/samples/sys-20260930-142421.json
2026-09-30T14:24:57-10:00job:github_sync_all | — [ecosystem] no committable local changes
2026-09-30T14:24:57-10:00job:github_sync_all | ↓ [ecosystem] fetching origin/main
2026-09-30T14:24:57-10:00job:github_sync_all | From github.com:RootRecord-Software-Solutions/RootRecord-Ecosystem
2026-09-30T14:24:57-10:00job:github_sync_all | * branch            main       -> FETCH_HEAD
2026-09-30T14:24:57-10:00job:github_sync_all | — [ecosystem] local and GitHub already match
2026-09-30T14:24:57-10:00job:github_sync_all | — [ecosystem] nothing to push
2026-09-30T14:24:57-10:00job:github_sync_all | — [pacific] no local changes
2026-09-30T14:24:57-10:00job:github_sync_all | ↓ [pacific] fetching origin/main
2026-09-30T14:24:57-10:00job:github_sync_all | From github.com:RootRecord-Software-Solutions/RootRecord-Pacific-Solar-Server
2026-09-30T14:24:57-10:00job:github_sync_all | * branch            main       -> FETCH_HEAD
2026-09-30T14:24:57-10:00job:github_sync_all | — [pacific] local and GitHub already match
2026-09-30T14:24:57-10:00job:github_sync_all | — [pacific] nothing to push
2026-09-30T14:24:57-10:00job:github_sync_all | ↑ [database] committed 15 local file(s)
2026-09-30T14:24:57-10:00job:github_sync_all | ↓ [database] fetching origin/main
2026-09-30T14:24:57-10:00job:github_sync_all | From github.com:RootRecord-Software-Solutions/RootRecord-Database
2026-09-30T14:24:57-10:00job:github_sync_all | * branch              main       -> FETCH_HEAD
2026-09-30T14:24:57-10:00job:github_sync_all | ↑ [database] local is ahead of GitHub
2026-09-30T14:24:57-10:00job:github_sync_all | To github.com:RootRecord-Software-Solutions/RootRecord-Database.git
2026-09-30T14:24:57-10:00job:github_sync_all | a49932b3..ca452a14  HEAD -> main
2026-09-30T14:24:57-10:00job:github_sync_all | branch 'main' set up to track 'origin/main'.
2026-09-30T14:24:57-10:00job:github_sync_all | ↑ [database] 15 files → RootRecord-Software-Solutions/RootRecord-Database (main)
2026-09-30T14:24:57-10:00job:github_sync_all | — [library] no local changes
2026-09-30T14:24:57-10:00job:github_sync_all | ↓ [library] fetching origin/main
2026-09-30T14:24:57-10:00job:github_sync_all | From github.com:RootRecord-Software-Solutions/RootRecord-Library
2026-09-30T14:24:57-10:00job:github_sync_all | * branch            main       -> FETCH_HEAD
2026-09-30T14:24:57-10:00job:github_sync_all | — [library] local and GitHub already match
2026-09-30T14:24:57-10:00job:github_sync_all | — [library] nothing to push
2026-09-30T14:24:57-10:00job:github_sync_all | — [skills] no local changes
2026-09-30T14:24:57-10:00job:github_sync_all | ↓ [skills] fetching origin/main
2026-09-30T14:24:57-10:00job:github_sync_all | From github.com:rootrecordsoftwaresolutions/Solar-Pacific-RootRecord-Server
2026-09-30T14:24:57-10:00job:github_sync_all | * branch            main       -> FETCH_HEAD
2026-09-30T14:24:57-10:00job:github_sync_all | — [skills] local and GitHub already match
2026-09-30T14:24:57-10:00job:github_sync_all | — [skills] nothing to push
2026-09-30T14:24:57-10:00job:security_camera_frame_grab RUN  bash "/home/rootrecord/RootRecord-Ecosystem/1 - Servers/1 - RootRecord-Pacific-Solar-Server/Security/Cameras/grab_all.sh"
2026-09-30T14:25:11-10:00job:security_camera_frame_grab | 14:24:57  📷  a-eyes  ch1 → ch1-20261001T002457Z.jpg  (501.3 KB, 4.42s)
2026-09-30T14:25:11-10:00job:security_camera_frame_grab | 14:25:01  📷  a-eyes  ch2 → ch2-20261001T002501Z.jpg  (269.9 KB, 4.26s)
2026-09-30T14:25:11-10:00job:security_camera_frame_grab | 14:25:06  📷  a-eyes  ch3 → ch3-20261001T002506Z.jpg  (376.6 KB, 4.36s)
2026-09-30T14:25:11-10:00job:security_camera_frame_grab | 14:25:10  📷  a-eyes  ch4 → ch4-20261001T002510Z.jpg  (11.7 KB, 1.43s)
2026-09-30T14:25:13-10:00ENERGY  status=live  B2=20.8%  B1=55.3%  solar=41 W  ac=79 W  usbc=16 W  src=/home/rootrecord/RootRecord-Ecosystem/2 - RootRecord-Database/Energy  LAP=100%/Full/AC
2026-09-30T14:25:28-10:00  ▸  SUMMARY=delta2 soc=21.01% solar=57W ac_out=— usbc=19W src=ble db=ok
2026-09-30T14:25:28-10:00job:sys_stats_cycle RUN  bash "/home/rootrecord/RootRecord-Ecosystem/1 - Servers/1 - RootRecord-Pacific-Solar-Server/System/scripts/sys-sample.sh"
2026-09-30T14:25:28-10:00job:sys_stats_cycle | SYSTEM  cpu=7%  load=1.18  mem=64%  src=sqlite
2026-09-30T14:25:28-10:00job:sys_stats_cycle | OK wrote /home/rootrecord/RootRecord-Ecosystem/2 - RootRecord-Database/System/samples/sys-20260930-142528.json
2026-09-30T14:26:01-10:00job:github_sync_all | — [ecosystem] no committable local changes
2026-09-30T14:26:01-10:00job:github_sync_all | ↓ [ecosystem] fetching origin/main
2026-09-30T14:26:01-10:00job:github_sync_all | From github.com:RootRecord-Software-Solutions/RootRecord-Ecosystem
2026-09-30T14:26:01-10:00job:github_sync_all | * branch            main       -> FETCH_HEAD
2026-09-30T14:26:01-10:00job:github_sync_all | — [ecosystem] local and GitHub already match
2026-09-30T14:26:01-10:00job:github_sync_all | — [ecosystem] nothing to push
2026-09-30T14:26:01-10:00job:github_sync_all | — [pacific] no local changes
2026-09-30T14:26:01-10:00job:github_sync_all | ↓ [pacific] fetching origin/main
2026-09-30T14:26:01-10:00job:github_sync_all | From github.com:RootRecord-Software-Solutions/RootRecord-Pacific-Solar-Server
2026-09-30T14:26:01-10:00job:github_sync_all | * branch            main       -> FETCH_HEAD
2026-09-30T14:26:01-10:00job:github_sync_all | — [pacific] local and GitHub already match
2026-09-30T14:26:01-10:00job:github_sync_all | — [pacific] nothing to push
2026-09-30T14:26:01-10:00job:github_sync_all | ↑ [database] committed 13 local file(s)
2026-09-30T14:26:01-10:00job:github_sync_all | ↓ [database] fetching origin/main
2026-09-30T14:26:01-10:00job:github_sync_all | From github.com:RootRecord-Software-Solutions/RootRecord-Database
2026-09-30T14:26:01-10:00job:github_sync_all | * branch              main       -> FETCH_HEAD
2026-09-30T14:26:01-10:00job:github_sync_all | ↑ [database] local is ahead of GitHub
2026-09-30T14:26:01-10:00job:github_sync_all | To github.com:RootRecord-Software-Solutions/RootRecord-Database.git
2026-09-30T14:26:01-10:00job:github_sync_all | ca452a14..b05b23f7  HEAD -> main
2026-09-30T14:26:01-10:00job:github_sync_all | branch 'main' set up to track 'origin/main'.
2026-09-30T14:26:01-10:00job:github_sync_all | ↑ [database] 13 files → RootRecord-Software-Solutions/RootRecord-Database (main)
2026-09-30T14:26:01-10:00job:github_sync_all | — [library] no local changes
2026-09-30T14:26:01-10:00job:github_sync_all | ↓ [library] fetching origin/main
2026-09-30T14:26:01-10:00job:github_sync_all | From github.com:RootRecord-Software-Solutions/RootRecord-Library
2026-09-30T14:26:01-10:00job:github_sync_all | * branch            main       -> FETCH_HEAD
2026-09-30T14:26:01-10:00job:github_sync_all | — [library] local and GitHub already match
2026-09-30T14:26:01-10:00job:github_sync_all | — [library] nothing to push
2026-09-30T14:26:01-10:00job:github_sync_all | — [skills] no local changes
2026-09-30T14:26:01-10:00job:github_sync_all | ↓ [skills] fetching origin/main
2026-09-30T14:26:01-10:00job:github_sync_all | From github.com:rootrecordsoftwaresolutions/Solar-Pacific-RootRecord-Server
2026-09-30T14:26:01-10:00job:github_sync_all | * branch            main       -> FETCH_HEAD
2026-09-30T14:26:01-10:00job:github_sync_all | — [skills] local and GitHub already match
2026-09-30T14:26:01-10:00job:github_sync_all | — [skills] nothing to push
2026-09-30T14:26:01-10:00job:worklog_scan RUN  bash "/home/rootrecord/RootRecord-Ecosystem/1 - Servers/1 - RootRecord-Pacific-Solar-Server/Reports/scripts/worklog_once.sh"
2026-09-30T14:26:05-10:00job:worklog_scan | OK wrote/updated /home/rootrecord/RootRecord-Ecosystem/2 - RootRecord-Database/Worklog/worklog_current.md
2026-09-30T14:26:05-10:00job:security_camera_frame_grab RUN  bash "/home/rootrecord/RootRecord-Ecosystem/1 - Servers/1 - RootRecord-Pacific-Solar-Server/Security/Cameras/grab_all.sh"
2026-09-30T14:26:20-10:00job:security_camera_frame_grab | 14:26:05  📷  a-eyes  ch1 → ch1-20261001T002605Z.jpg  (508.6 KB, 4.38s)
2026-09-30T14:26:20-10:00job:security_camera_frame_grab | 14:26:09  📷  a-eyes  ch2 → ch2-20261001T002609Z.jpg  (270.1 KB, 4.39s)
2026-09-30T14:26:20-10:00job:security_camera_frame_grab | 14:26:14  📷  a-eyes  ch3 → ch3-20261001T002614Z.jpg  (383.0 KB, 4.35s)
2026-09-30T14:26:20-10:00job:security_camera_frame_grab | 14:26:18  📷  a-eyes  ch4 → ch4-20261001T002618Z.jpg  (11.9 KB, 1.61s)
2026-09-30T14:26:20-10:00ENERGY  status=live  B2=21.0%  B1=55.3%  solar=57 W  ac=79 W  usbc=19 W  src=/home/rootrecord/RootRecord-Ecosystem/2 - RootRecord-Database/Energy  LAP=100%/Full/AC
2026-09-30T14:26:35-10:00  ▸  SUMMARY=delta2 soc=21.01% solar=59W ac_out=— usbc=13W src=ble db=ok
2026-09-30T14:26:35-10:00job:sys_stats_cycle RUN  bash "/home/rootrecord/RootRecord-Ecosystem/1 - Servers/1 - RootRecord-Pacific-Solar-Server/System/scripts/sys-sample.sh"
2026-09-30T14:26:36-10:00job:sys_stats_cycle | SYSTEM  cpu=8%  load=1.64  mem=66%  src=sqlite
2026-09-30T14:26:36-10:00job:sys_stats_cycle | OK wrote /home/rootrecord/RootRecord-Ecosystem/2 - RootRecord-Database/System/samples/sys-20260930-142635.json
2026-09-30T14:27:10-10:00job:github_sync_all | — [ecosystem] no committable local changes
2026-09-30T14:27:10-10:00job:github_sync_all | ↓ [ecosystem] fetching origin/main
2026-09-30T14:27:10-10:00job:github_sync_all | From github.com:RootRecord-Software-Solutions/RootRecord-Ecosystem
2026-09-30T14:27:10-10:00job:github_sync_all | * branch            main       -> FETCH_HEAD
2026-09-30T14:27:10-10:00job:github_sync_all | — [ecosystem] local and GitHub already match
2026-09-30T14:27:10-10:00job:github_sync_all | — [ecosystem] nothing to push
2026-09-30T14:27:10-10:00job:github_sync_all | — [pacific] no local changes
2026-09-30T14:27:10-10:00job:github_sync_all | ↓ [pacific] fetching origin/main
2026-09-30T14:27:10-10:00job:github_sync_all | From github.com:RootRecord-Software-Solutions/RootRecord-Pacific-Solar-Server
2026-09-30T14:27:10-10:00job:github_sync_all | * branch            main       -> FETCH_HEAD
2026-09-30T14:27:10-10:00job:github_sync_all | — [pacific] local and GitHub already match
2026-09-30T14:27:10-10:00job:github_sync_all | — [pacific] nothing to push
2026-09-30T14:27:10-10:00job:github_sync_all | ↑ [database] committed 15 local file(s)
2026-09-30T14:27:10-10:00job:github_sync_all | ↓ [database] fetching origin/main
2026-09-30T14:27:10-10:00job:github_sync_all | From github.com:RootRecord-Software-Solutions/RootRecord-Database
2026-09-30T14:27:10-10:00job:github_sync_all | * branch              main       -> FETCH_HEAD
2026-09-30T14:27:10-10:00job:github_sync_all | ↑ [database] local is ahead of GitHub
2026-09-30T14:27:10-10:00job:github_sync_all | To github.com:RootRecord-Software-Solutions/RootRecord-Database.git
2026-09-30T14:27:10-10:00job:github_sync_all | b05b23f7..c68b9eb6  HEAD -> main
2026-09-30T14:27:10-10:00job:github_sync_all | branch 'main' set up to track 'origin/main'.
2026-09-30T14:27:10-10:00job:github_sync_all | ↑ [database] 15 files → RootRecord-Software-Solutions/RootRecord-Database (main)
2026-09-30T14:27:10-10:00job:github_sync_all | — [library] no local changes
2026-09-30T14:27:10-10:00job:github_sync_all | ↓ [library] fetching origin/main
2026-09-30T14:27:10-10:00job:github_sync_all | From github.com:RootRecord-Software-Solutions/RootRecord-Library
2026-09-30T14:27:10-10:00job:github_sync_all | * branch            main       -> FETCH_HEAD
2026-09-30T14:27:10-10:00job:github_sync_all | — [library] local and GitHub already match
2026-09-30T14:27:10-10:00job:github_sync_all | — [library] nothing to push
2026-09-30T14:27:10-10:00job:github_sync_all | — [skills] no local changes
2026-09-30T14:27:10-10:00job:github_sync_all | ↓ [skills] fetching origin/main
2026-09-30T14:27:10-10:00job:github_sync_all | From github.com:rootrecordsoftwaresolutions/Solar-Pacific-RootRecord-Server
2026-09-30T14:27:10-10:00job:github_sync_all | * branch            main       -> FETCH_HEAD
2026-09-30T14:27:10-10:00job:github_sync_all | — [skills] local and GitHub already match
2026-09-30T14:27:10-10:00job:github_sync_all | — [skills] nothing to push
2026-09-30T14:27:10-10:00job:security_camera_frame_grab RUN  bash "/home/rootrecord/RootRecord-Ecosystem/1 - Servers/1 - RootRecord-Pacific-Solar-Server/Security/Cameras/grab_all.sh"
2026-09-30T14:27:26-10:00job:security_camera_frame_grab | 14:27:10  📷  a-eyes  ch1 → ch1-20261001T002710Z.jpg  (512.0 KB, 4.53s)
2026-09-30T14:27:26-10:00job:security_camera_frame_grab | 14:27:15  📷  a-eyes  ch2 → ch2-20261001T002715Z.jpg  (269.4 KB, 4.55s)
2026-09-30T14:27:26-10:00job:security_camera_frame_grab | 14:27:20  📷  a-eyes  ch3 → ch3-20261001T002720Z.jpg  (386.3 KB, 4.50s)
2026-09-30T14:27:26-10:00job:security_camera_frame_grab | 14:27:24  📷  a-eyes  ch4 → ch4-20261001T002724Z.jpg  (11.9 KB, 1.50s)
2026-09-30T14:27:26-10:00ENERGY  status=live  B2=21.0%  B1=55.3%  solar=59 W  ac=79 W  usbc=13 W  src=/home/rootrecord/RootRecord-Ecosystem/2 - RootRecord-Database/Energy  LAP=100%/Full/AC
2026-09-30T14:27:41-10:00  ▸  SUMMARY=river2pro soc=54.33% solar=0W ac_out=82W usbc=0W src=ble db=ok
2026-09-30T14:27:41-10:00job:sys_stats_cycle RUN  bash "/home/rootrecord/RootRecord-Ecosystem/1 - Servers/1 - RootRecord-Pacific-Solar-Server/System/scripts/sys-sample.sh"
2026-09-30T14:27:42-10:00job:sys_stats_cycle | SYSTEM  cpu=6%  load=1.05  mem=64%  src=sqlite
2026-09-30T14:27:42-10:00job:sys_stats_cycle | OK wrote /home/rootrecord/RootRecord-Ecosystem/2 - RootRecord-Database/System/samples/sys-20260930-142741.json
2026-09-30T14:28:15-10:00job:github_sync_all | — [ecosystem] no committable local changes
2026-09-30T14:28:15-10:00job:github_sync_all | ↓ [ecosystem] fetching origin/main
2026-09-30T14:28:15-10:00job:github_sync_all | From github.com:RootRecord-Software-Solutions/RootRecord-Ecosystem
2026-09-30T14:28:15-10:00job:github_sync_all | * branch            main       -> FETCH_HEAD
2026-09-30T14:28:15-10:00job:github_sync_all | — [ecosystem] local and GitHub already match
2026-09-30T14:28:15-10:00job:github_sync_all | — [ecosystem] nothing to push
2026-09-30T14:28:15-10:00job:github_sync_all | — [pacific] no local changes
2026-09-30T14:28:15-10:00job:github_sync_all | ↓ [pacific] fetching origin/main
2026-09-30T14:28:15-10:00job:github_sync_all | From github.com:RootRecord-Software-Solutions/RootRecord-Pacific-Solar-Server
2026-09-30T14:28:15-10:00job:github_sync_all | * branch            main       -> FETCH_HEAD
2026-09-30T14:28:15-10:00job:github_sync_all | — [pacific] local and GitHub already match
2026-09-30T14:28:15-10:00job:github_sync_all | — [pacific] nothing to push
2026-09-30T14:28:15-10:00job:github_sync_all | ↑ [database] committed 12 local file(s)
2026-09-30T14:28:15-10:00job:github_sync_all | ↓ [database] fetching origin/main
2026-09-30T14:28:15-10:00job:github_sync_all | From github.com:RootRecord-Software-Solutions/RootRecord-Database
2026-09-30T14:28:15-10:00job:github_sync_all | * branch              main       -> FETCH_HEAD
2026-09-30T14:28:15-10:00job:github_sync_all | ↑ [database] local is ahead of GitHub
2026-09-30T14:28:15-10:00job:github_sync_all | To github.com:RootRecord-Software-Solutions/RootRecord-Database.git
2026-09-30T14:28:15-10:00job:github_sync_all | c68b9eb6..60b2e90f  HEAD -> main
2026-09-30T14:28:15-10:00job:github_sync_all | branch 'main' set up to track 'origin/main'.
2026-09-30T14:28:15-10:00job:github_sync_all | ↑ [database] 12 files → RootRecord-Software-Solutions/RootRecord-Database (main)
2026-09-30T14:28:15-10:00job:github_sync_all | — [library] no local changes
2026-09-30T14:28:15-10:00job:github_sync_all | ↓ [library] fetching origin/main
2026-09-30T14:28:15-10:00job:github_sync_all | From github.com:RootRecord-Software-Solutions/RootRecord-Library
2026-09-30T14:28:15-10:00job:github_sync_all | * branch            main       -> FETCH_HEAD
2026-09-30T14:28:15-10:00job:github_sync_all | — [library] local and GitHub already match
2026-09-30T14:28:15-10:00job:github_sync_all | — [library] nothing to push
2026-09-30T14:28:15-10:00job:github_sync_all | — [skills] no local changes
2026-09-30T14:28:15-10:00job:github_sync_all | ↓ [skills] fetching origin/main
2026-09-30T14:28:15-10:00job:github_sync_all | From github.com:rootrecordsoftwaresolutions/Solar-Pacific-RootRecord-Server
2026-09-30T14:28:15-10:00job:github_sync_all | * branch            main       -> FETCH_HEAD
2026-09-30T14:28:15-10:00job:github_sync_all | — [skills] local and GitHub already match
2026-09-30T14:28:15-10:00job:github_sync_all | — [skills] nothing to push
2026-09-30T14:28:15-10:00job:worklog_scan RUN  bash "/home/rootrecord/RootRecord-Ecosystem/1 - Servers/1 - RootRecord-Pacific-Solar-Server/Reports/scripts/worklog_once.sh"
2026-09-30T14:28:19-10:00job:worklog_scan | OK wrote/updated /home/rootrecord/RootRecord-Ecosystem/2 - RootRecord-Database/Worklog/worklog_current.md
2026-09-30T14:28:19-10:00job:security_camera_frame_grab RUN  bash "/home/rootrecord/RootRecord-Ecosystem/1 - Servers/1 - RootRecord-Pacific-Solar-Server/Security/Cameras/grab_all.sh"
2026-09-30T14:28:34-10:00job:security_camera_frame_grab | 14:28:19  📷  a-eyes  ch1 → ch1-20261001T002819Z.jpg  (524.1 KB, 4.33s)
2026-09-30T14:28:34-10:00job:security_camera_frame_grab | 14:28:24  📷  a-eyes  ch2 → ch2-20261001T002824Z.jpg  (272.9 KB, 4.40s)
2026-09-30T14:28:34-10:00job:security_camera_frame_grab | 14:28:28  📷  a-eyes  ch3 → ch3-20261001T002828Z.jpg  (384.5 KB, 4.40s)
2026-09-30T14:28:34-10:00job:security_camera_frame_grab | 14:28:33  📷  a-eyes  ch4 → ch4-20261001T002833Z.jpg  (11.9 KB, 1.64s)
2026-09-30T14:28:35-10:00ENERGY  status=live  B2=21.0%  B1=54.3%  solar=59 W  ac=82 W  usbc=13 W  src=/home/rootrecord/RootRecord-Ecosystem/2 - RootRecord-Database/Energy  LAP=100%/Full/AC
2026-09-30T14:28:49-10:00  ▸  SUMMARY=river2pro soc=53.99% solar=0W ac_out=92W usbc=0W src=ble db=ok
2026-09-30T14:28:49-10:00job:sys_stats_cycle RUN  bash "/home/rootrecord/RootRecord-Ecosystem/1 - Servers/1 - RootRecord-Pacific-Solar-Server/System/scripts/sys-sample.sh"
2026-09-30T14:28:50-10:00job:sys_stats_cycle | SYSTEM  cpu=9%  load=1.49  mem=65%  src=sqlite
2026-09-30T14:28:50-10:00job:sys_stats_cycle | OK wrote /home/rootrecord/RootRecord-Ecosystem/2 - RootRecord-Database/System/samples/sys-20260930-142850.json
2026-09-30T14:29:24-10:00job:github_sync_all | — [ecosystem] no committable local changes
2026-09-30T14:29:24-10:00job:github_sync_all | ↓ [ecosystem] fetching origin/main
2026-09-30T14:29:24-10:00job:github_sync_all | From github.com:RootRecord-Software-Solutions/RootRecord-Ecosystem
2026-09-30T14:29:24-10:00job:github_sync_all | * branch            main       -> FETCH_HEAD
2026-09-30T14:29:24-10:00job:github_sync_all | — [ecosystem] local and GitHub already match
2026-09-30T14:29:24-10:00job:github_sync_all | — [ecosystem] nothing to push
2026-09-30T14:29:24-10:00job:github_sync_all | — [pacific] no local changes
2026-09-30T14:29:24-10:00job:github_sync_all | ↓ [pacific] fetching origin/main
2026-09-30T14:29:24-10:00job:github_sync_all | From github.com:RootRecord-Software-Solutions/RootRecord-Pacific-Solar-Server
2026-09-30T14:29:24-10:00job:github_sync_all | * branch            main       -> FETCH_HEAD
2026-09-30T14:29:24-10:00job:github_sync_all | — [pacific] local and GitHub already match
2026-09-30T14:29:24-10:00job:github_sync_all | — [pacific] nothing to push
2026-09-30T14:29:24-10:00job:github_sync_all | ↑ [database] committed 15 local file(s)
2026-09-30T14:29:24-10:00job:github_sync_all | ↓ [database] fetching origin/main
2026-09-30T14:29:24-10:00job:github_sync_all | From github.com:RootRecord-Software-Solutions/RootRecord-Database
2026-09-30T14:29:24-10:00job:github_sync_all | * branch              main       -> FETCH_HEAD
2026-09-30T14:29:24-10:00job:github_sync_all | ↑ [database] local is ahead of GitHub
2026-09-30T14:29:24-10:00job:github_sync_all | To github.com:RootRecord-Software-Solutions/RootRecord-Database.git
2026-09-30T14:29:24-10:00job:github_sync_all | 60b2e90f..831e8f4c  HEAD -> main
2026-09-30T14:29:24-10:00job:github_sync_all | branch 'main' set up to track 'origin/main'.
2026-09-30T14:29:24-10:00job:github_sync_all | ↑ [database] 15 files → RootRecord-Software-Solutions/RootRecord-Database (main)
2026-09-30T14:29:24-10:00job:github_sync_all | — [library] no local changes
2026-09-30T14:29:24-10:00job:github_sync_all | ↓ [library] fetching origin/main
2026-09-30T14:29:24-10:00job:github_sync_all | From github.com:RootRecord-Software-Solutions/RootRecord-Library
2026-09-30T14:29:24-10:00job:github_sync_all | * branch            main       -> FETCH_HEAD
2026-09-30T14:29:24-10:00job:github_sync_all | — [library] local and GitHub already match
2026-09-30T14:29:24-10:00job:github_sync_all | — [library] nothing to push
2026-09-30T14:29:24-10:00job:github_sync_all | — [skills] no local changes
2026-09-30T14:29:24-10:00job:github_sync_all | ↓ [skills] fetching origin/main
2026-09-30T14:29:24-10:00job:github_sync_all | From github.com:rootrecordsoftwaresolutions/Solar-Pacific-RootRecord-Server
2026-09-30T14:29:24-10:00job:github_sync_all | * branch            main       -> FETCH_HEAD
2026-09-30T14:29:24-10:00job:github_sync_all | — [skills] local and GitHub already match
2026-09-30T14:29:24-10:00job:github_sync_all | — [skills] nothing to push
2026-09-30T14:29:24-10:00job:security_camera_frame_grab RUN  bash "/home/rootrecord/RootRecord-Ecosystem/1 - Servers/1 - RootRecord-Pacific-Solar-Server/Security/Cameras/grab_all.sh"
2026-09-30T14:29:39-10:00job:security_camera_frame_grab | 14:29:24  📷  a-eyes  ch1 → ch1-20261001T002924Z.jpg  (531.8 KB, 4.43s)
2026-09-30T14:29:39-10:00job:security_camera_frame_grab | 14:29:29  📷  a-eyes  ch2 → ch2-20261001T002929Z.jpg  (283.8 KB, 4.36s)
2026-09-30T14:29:39-10:00job:security_camera_frame_grab | 14:29:33  📷  a-eyes  ch3 → ch3-20261001T002933Z.jpg  (394.3 KB, 4.48s)
2026-09-30T14:29:39-10:00job:security_camera_frame_grab | 14:29:38  📷  a-eyes  ch4 → ch4-20261001T002938Z.jpg  (11.9 KB, 1.56s)
2026-09-30T14:29:39-10:00job:service_supervisor RUN  bash "/home/rootrecord/RootRecord-Ecosystem/1 - Servers/1 - RootRecord-Pacific-Solar-Server/Automations/scripts/supervise-services.sh"
2026-09-30T14:29:39-10:00job:service_supervisor | [supervisor] weather alive pid=304140 304463 305661 305866 308654 309134 309348 309668 313159 392716 736568 775116 (act)
2026-09-30T14:29:39-10:00job:service_supervisor | [supervisor] relay alive pid=1105254 (act)
2026-09-30T14:29:40-10:00ENERGY  status=live  B2=21.0%  B1=54.0%  solar=59 W  ac=92 W  usbc=13 W  src=/home/rootrecord/RootRecord-Ecosystem/2 - RootRecord-Database/Energy  LAP=100%/Full/AC
2026-09-30T14:29:54-10:00  ▸  SUMMARY=delta2 soc=21.21% solar=62W ac_out=— usbc=13W src=ble db=ok
2026-09-30T14:29:54-10:00job:sys_stats_cycle RUN  bash "/home/rootrecord/RootRecord-Ecosystem/1 - Servers/1 - RootRecord-Pacific-Solar-Server/System/scripts/sys-sample.sh"
2026-09-30T14:29:55-10:00job:sys_stats_cycle | SYSTEM  cpu=4%  load=0.86  mem=66%  src=sqlite
2026-09-30T14:29:55-10:00job:sys_stats_cycle | OK wrote /home/rootrecord/RootRecord-Ecosystem/2 - RootRecord-Database/System/samples/sys-20260930-142955.json
2026-09-30T14:30:27-10:00job:github_sync_all | — [ecosystem] no committable local changes
2026-09-30T14:30:27-10:00job:github_sync_all | ↓ [ecosystem] fetching origin/main
2026-09-30T14:30:27-10:00job:github_sync_all | From github.com:RootRecord-Software-Solutions/RootRecord-Ecosystem
2026-09-30T14:30:27-10:00job:github_sync_all | * branch            main       -> FETCH_HEAD
2026-09-30T14:30:27-10:00job:github_sync_all | — [ecosystem] local and GitHub already match
2026-09-30T14:30:27-10:00job:github_sync_all | — [ecosystem] nothing to push
2026-09-30T14:30:27-10:00job:github_sync_all | — [pacific] no local changes
2026-09-30T14:30:27-10:00job:github_sync_all | ↓ [pacific] fetching origin/main
2026-09-30T14:30:27-10:00job:github_sync_all | From github.com:RootRecord-Software-Solutions/RootRecord-Pacific-Solar-Server
2026-09-30T14:30:27-10:00job:github_sync_all | * branch            main       -> FETCH_HEAD
2026-09-30T14:30:27-10:00job:github_sync_all | — [pacific] local and GitHub already match
2026-09-30T14:30:27-10:00job:github_sync_all | — [pacific] nothing to push
2026-09-30T14:30:27-10:00job:github_sync_all | ↑ [database] committed 12 local file(s)
2026-09-30T14:30:27-10:00job:github_sync_all | ↓ [database] fetching origin/main
2026-09-30T14:30:27-10:00job:github_sync_all | From github.com:RootRecord-Software-Solutions/RootRecord-Database
2026-09-30T14:30:27-10:00job:github_sync_all | * branch              main       -> FETCH_HEAD
2026-09-30T14:30:27-10:00job:github_sync_all | ↑ [database] local is ahead of GitHub
2026-09-30T14:30:27-10:00job:github_sync_all | To github.com:RootRecord-Software-Solutions/RootRecord-Database.git
2026-09-30T14:30:27-10:00job:github_sync_all | 831e8f4c..27e06a39  HEAD -> main
2026-09-30T14:30:27-10:00job:github_sync_all | branch 'main' set up to track 'origin/main'.
2026-09-30T14:30:27-10:00job:github_sync_all | ↑ [database] 12 files → RootRecord-Software-Solutions/RootRecord-Database (main)
2026-09-30T14:30:27-10:00job:github_sync_all | — [library] no local changes
2026-09-30T14:30:27-10:00job:github_sync_all | ↓ [library] fetching origin/main
2026-09-30T14:30:27-10:00job:github_sync_all | From github.com:RootRecord-Software-Solutions/RootRecord-Library
2026-09-30T14:30:27-10:00job:github_sync_all | * branch            main       -> FETCH_HEAD
2026-09-30T14:30:27-10:00job:github_sync_all | — [library] local and GitHub already match
2026-09-30T14:30:27-10:00job:github_sync_all | — [library] nothing to push
2026-09-30T14:30:27-10:00job:github_sync_all | — [skills] no local changes
2026-09-30T14:30:27-10:00job:github_sync_all | ↓ [skills] fetching origin/main
2026-09-30T14:30:27-10:00job:github_sync_all | From github.com:rootrecordsoftwaresolutions/Solar-Pacific-RootRecord-Server
2026-09-30T14:30:27-10:00job:github_sync_all | * branch            main       -> FETCH_HEAD
2026-09-30T14:30:27-10:00job:github_sync_all | — [skills] local and GitHub already match
2026-09-30T14:30:27-10:00job:github_sync_all | — [skills] nothing to push
2026-09-30T14:30:27-10:00job:worklog_scan RUN  bash "/home/rootrecord/RootRecord-Ecosystem/1 - Servers/1 - RootRecord-Pacific-Solar-Server/Reports/scripts/worklog_once.sh"
2026-09-30T14:30:36-10:00job:worklog_scan | OK wrote/updated /home/rootrecord/RootRecord-Ecosystem/2 - RootRecord-Database/Worklog/worklog_current.md
2026-09-30T14:30:36-10:00job:security_camera_frame_grab RUN  bash "/home/rootrecord/RootRecord-Ecosystem/1 - Servers/1 - RootRecord-Pacific-Solar-Server/Security/Cameras/grab_all.sh"
2026-09-30T14:30:50-10:00job:security_camera_frame_grab | 14:30:36  📷  a-eyes  ch1 → ch1-20261001T003036Z.jpg  (541.8 KB, 4.45s)
2026-09-30T14:30:50-10:00job:security_camera_frame_grab | 14:30:40  📷  a-eyes  ch2 → ch2-20261001T003040Z.jpg  (294.1 KB, 4.40s)
2026-09-30T14:30:50-10:00job:security_camera_frame_grab | 14:30:45  📷  a-eyes  ch3 → ch3-20261001T003045Z.jpg  (401.0 KB, 4.23s)
2026-09-30T14:30:50-10:00job:security_camera_frame_grab | 14:30:49  📷  a-eyes  ch4 → ch4-20261001T003049Z.jpg  (11.9 KB, 1.59s)
2026-09-30T14:30:51-10:00ENERGY  status=live  B2=21.2%  B1=54.0%  solar=62 W  ac=92 W  usbc=13 W  src=/home/rootrecord/RootRecord-Ecosystem/2 - RootRecord-Database/Energy  LAP=100%/Full/AC
2026-09-30T14:31:05-10:00  ▸  SUMMARY=delta2 soc=21.31% solar=63W ac_out=— usbc=13W src=ble db=ok
2026-09-30T14:31:05-10:00job:sys_stats_cycle RUN  bash "/home/rootrecord/RootRecord-Ecosystem/1 - Servers/1 - RootRecord-Pacific-Solar-Server/System/scripts/sys-sample.sh"
2026-09-30T14:31:06-10:00job:sys_stats_cycle | SYSTEM  cpu=6%  load=1.21  mem=66%  src=sqlite
2026-09-30T14:31:06-10:00job:sys_stats_cycle | OK wrote /home/rootrecord/RootRecord-Ecosystem/2 - RootRecord-Database/System/samples/sys-20260930-143106.json
2026-09-30T14:31:40-10:00job:github_sync_all | — [ecosystem] no committable local changes
2026-09-30T14:31:40-10:00job:github_sync_all | ↓ [ecosystem] fetching origin/main
2026-09-30T14:31:40-10:00job:github_sync_all | From github.com:RootRecord-Software-Solutions/RootRecord-Ecosystem
2026-09-30T14:31:40-10:00job:github_sync_all | * branch            main       -> FETCH_HEAD
2026-09-30T14:31:40-10:00job:github_sync_all | — [ecosystem] local and GitHub already match
2026-09-30T14:31:40-10:00job:github_sync_all | — [ecosystem] nothing to push
2026-09-30T14:31:40-10:00job:github_sync_all | — [pacific] no local changes
2026-09-30T14:31:40-10:00job:github_sync_all | ↓ [pacific] fetching origin/main
2026-09-30T14:31:40-10:00job:github_sync_all | From github.com:RootRecord-Software-Solutions/RootRecord-Pacific-Solar-Server
2026-09-30T14:31:40-10:00job:github_sync_all | * branch            main       -> FETCH_HEAD
2026-09-30T14:31:40-10:00job:github_sync_all | — [pacific] local and GitHub already match
2026-09-30T14:31:40-10:00job:github_sync_all | — [pacific] nothing to push
2026-09-30T14:31:40-10:00job:github_sync_all | ↑ [database] committed 18 local file(s)
2026-09-30T14:31:40-10:00job:github_sync_all | ↓ [database] fetching origin/main
2026-09-30T14:31:40-10:00job:github_sync_all | From github.com:RootRecord-Software-Solutions/RootRecord-Database
2026-09-30T14:31:40-10:00job:github_sync_all | * branch              main       -> FETCH_HEAD
2026-09-30T14:31:40-10:00job:github_sync_all | ↑ [database] local is ahead of GitHub
2026-09-30T14:31:40-10:00job:github_sync_all | To github.com:RootRecord-Software-Solutions/RootRecord-Database.git
2026-09-30T14:31:40-10:00job:github_sync_all | 27e06a39..c16ebdc3  HEAD -> main
2026-09-30T14:31:40-10:00job:github_sync_all | branch 'main' set up to track 'origin/main'.
2026-09-30T14:31:40-10:00job:github_sync_all | ↑ [database] 18 files → RootRecord-Software-Solutions/RootRecord-Database (main)
2026-09-30T14:31:40-10:00job:github_sync_all | — [library] no local changes
2026-09-30T14:31:40-10:00job:github_sync_all | ↓ [library] fetching origin/main
2026-09-30T14:31:40-10:00job:github_sync_all | From github.com:RootRecord-Software-Solutions/RootRecord-Library
2026-09-30T14:31:40-10:00job:github_sync_all | * branch            main       -> FETCH_HEAD
2026-09-30T14:31:40-10:00job:github_sync_all | — [library] local and GitHub already match
2026-09-30T14:31:40-10:00job:github_sync_all | — [library] nothing to push
2026-09-30T14:31:40-10:00job:github_sync_all | — [skills] no local changes
2026-09-30T14:31:40-10:00job:github_sync_all | ↓ [skills] fetching origin/main
2026-09-30T14:31:40-10:00job:github_sync_all | From github.com:rootrecordsoftwaresolutions/Solar-Pacific-RootRecord-Server
2026-09-30T14:31:40-10:00job:github_sync_all | * branch            main       -> FETCH_HEAD
2026-09-30T14:31:40-10:00job:github_sync_all | — [skills] local and GitHub already match
2026-09-30T14:31:40-10:00job:github_sync_all | — [skills] nothing to push
2026-09-30T14:31:40-10:00job:security_camera_frame_grab RUN  bash "/home/rootrecord/RootRecord-Ecosystem/1 - Servers/1 - RootRecord-Pacific-Solar-Server/Security/Cameras/grab_all.sh"
2026-09-30T14:31:55-10:00job:security_camera_frame_grab | 14:31:40  📷  a-eyes  ch1 → ch1-20261001T003140Z.jpg  (548.5 KB, 4.54s)
2026-09-30T14:31:55-10:00job:security_camera_frame_grab | 14:31:45  📷  a-eyes  ch2 → ch2-20261001T003145Z.jpg  (300.4 KB, 4.37s)
2026-09-30T14:31:55-10:00job:security_camera_frame_grab | 14:31:49  📷  a-eyes  ch3 → ch3-20261001T003149Z.jpg  (401.8 KB, 4.34s)
2026-09-30T14:31:55-10:00job:security_camera_frame_grab | 14:31:54  📷  a-eyes  ch4 → ch4-20261001T003154Z.jpg  (11.8 KB, 1.55s)
2026-09-30T14:31:56-10:00ENERGY  status=live  B2=21.3%  B1=54.0%  solar=63 W  ac=92 W  usbc=13 W  src=/home/rootrecord/RootRecord-Ecosystem/2 - RootRecord-Database/Energy  LAP=100%/Full/AC
2026-09-30T14:32:11-10:00  ▸  SUMMARY=river2pro soc=53% solar=0W ac_out=81W usbc=0W src=ble db=ok
2026-09-30T14:32:11-10:00job:sys_stats_cycle RUN  bash "/home/rootrecord/RootRecord-Ecosystem/1 - Servers/1 - RootRecord-Pacific-Solar-Server/System/scripts/sys-sample.sh"
2026-09-30T14:32:12-10:00job:sys_stats_cycle | SYSTEM  cpu=8%  load=1.40  mem=64%  src=sqlite
2026-09-30T14:32:12-10:00job:sys_stats_cycle | OK wrote /home/rootrecord/RootRecord-Ecosystem/2 - RootRecord-Database/System/samples/sys-20260930-143211.json
2026-09-30T14:32:45-10:00job:github_sync_all | — [ecosystem] no committable local changes
2026-09-30T14:32:45-10:00job:github_sync_all | ↓ [ecosystem] fetching origin/main
2026-09-30T14:32:45-10:00job:github_sync_all | From github.com:RootRecord-Software-Solutions/RootRecord-Ecosystem
2026-09-30T14:32:45-10:00job:github_sync_all | * branch            main       -> FETCH_HEAD
2026-09-30T14:32:45-10:00job:github_sync_all | — [ecosystem] local and GitHub already match
2026-09-30T14:32:45-10:00job:github_sync_all | — [ecosystem] nothing to push
2026-09-30T14:32:45-10:00job:github_sync_all | — [pacific] no local changes
2026-09-30T14:32:45-10:00job:github_sync_all | ↓ [pacific] fetching origin/main
2026-09-30T14:32:45-10:00job:github_sync_all | From github.com:RootRecord-Software-Solutions/RootRecord-Pacific-Solar-Server
2026-09-30T14:32:45-10:00job:github_sync_all | * branch            main       -> FETCH_HEAD
2026-09-30T14:32:45-10:00job:github_sync_all | — [pacific] local and GitHub already match
2026-09-30T14:32:45-10:00job:github_sync_all | — [pacific] nothing to push
2026-09-30T14:32:45-10:00job:github_sync_all | ↑ [database] committed 12 local file(s)
2026-09-30T14:32:45-10:00job:github_sync_all | ↓ [database] fetching origin/main
2026-09-30T14:32:45-10:00job:github_sync_all | From github.com:RootRecord-Software-Solutions/RootRecord-Database
2026-09-30T14:32:45-10:00job:github_sync_all | * branch              main       -> FETCH_HEAD
2026-09-30T14:32:45-10:00job:github_sync_all | ↑ [database] local is ahead of GitHub
2026-09-30T14:32:45-10:00job:github_sync_all | To github.com:RootRecord-Software-Solutions/RootRecord-Database.git
2026-09-30T14:32:45-10:00job:github_sync_all | c16ebdc3..f8d0e2ff  HEAD -> main
2026-09-30T14:32:45-10:00job:github_sync_all | branch 'main' set up to track 'origin/main'.
2026-09-30T14:32:45-10:00job:github_sync_all | ↑ [database] 12 files → RootRecord-Software-Solutions/RootRecord-Database (main)
2026-09-30T14:32:45-10:00job:github_sync_all | — [library] no local changes
2026-09-30T14:32:45-10:00job:github_sync_all | ↓ [library] fetching origin/main
2026-09-30T14:32:45-10:00job:github_sync_all | From github.com:RootRecord-Software-Solutions/RootRecord-Library
2026-09-30T14:32:45-10:00job:github_sync_all | * branch            main       -> FETCH_HEAD
2026-09-30T14:32:45-10:00job:github_sync_all | — [library] local and GitHub already match
2026-09-30T14:32:45-10:00job:github_sync_all | — [library] nothing to push
2026-09-30T14:32:45-10:00job:github_sync_all | — [skills] no local changes
2026-09-30T14:32:45-10:00job:github_sync_all | ↓ [skills] fetching origin/main
2026-09-30T14:32:45-10:00job:github_sync_all | From github.com:rootrecordsoftwaresolutions/Solar-Pacific-RootRecord-Server
2026-09-30T14:32:45-10:00job:github_sync_all | * branch            main       -> FETCH_HEAD
2026-09-30T14:32:45-10:00job:github_sync_all | — [skills] local and GitHub already match
2026-09-30T14:32:45-10:00job:github_sync_all | — [skills] nothing to push
2026-09-30T14:32:45-10:00job:worklog_scan RUN  bash "/home/rootrecord/RootRecord-Ecosystem/1 - Servers/1 - RootRecord-Pacific-Solar-Server/Reports/scripts/worklog_once.sh"
2026-09-30T14:32:50-10:00job:worklog_scan | OK wrote/updated /home/rootrecord/RootRecord-Ecosystem/2 - RootRecord-Database/Worklog/worklog_current.md
2026-09-30T14:32:50-10:00job:security_camera_frame_grab RUN  bash "/home/rootrecord/RootRecord-Ecosystem/1 - Servers/1 - RootRecord-Pacific-Solar-Server/Security/Cameras/grab_all.sh"
2026-09-30T14:33:05-10:00job:security_camera_frame_grab | 14:32:50  📷  a-eyes  ch1 → ch1-20261001T003250Z.jpg  (552.5 KB, 4.26s)
2026-09-30T14:33:05-10:00job:security_camera_frame_grab | 14:32:54  📷  a-eyes  ch2 → ch2-20261001T003254Z.jpg  (308.7 KB, 4.42s)
2026-09-30T14:33:05-10:00job:security_camera_frame_grab | 14:32:59  📷  a-eyes  ch3 → ch3-20261001T003259Z.jpg  (403.7 KB, 4.43s)
2026-09-30T14:33:05-10:00job:security_camera_frame_grab | 14:33:03  📷  a-eyes  ch4 → ch4-20261001T003303Z.jpg  (11.9 KB, 1.60s)
2026-09-30T14:33:05-10:00ENERGY  status=live  B2=21.3%  B1=53%  solar=63 W  ac=81 W  usbc=13 W  src=/home/rootrecord/RootRecord-Ecosystem/2 - RootRecord-Database/Energy  LAP=100%/Full/AC
2026-09-30T14:33:20-10:00  ▸  SUMMARY=river2pro soc=52.66% solar=0W ac_out=95W usbc=0W src=ble db=ok
2026-09-30T14:33:20-10:00job:sys_stats_cycle RUN  bash "/home/rootrecord/RootRecord-Ecosystem/1 - Servers/1 - RootRecord-Pacific-Solar-Server/System/scripts/sys-sample.sh"
2026-09-30T14:33:21-10:00job:sys_stats_cycle | SYSTEM  cpu=12%  load=1.48  mem=65%  src=sqlite
2026-09-30T14:33:21-10:00job:sys_stats_cycle | OK wrote /home/rootrecord/RootRecord-Ecosystem/2 - RootRecord-Database/System/samples/sys-20260930-143320.json
2026-09-30T14:33:53-10:00job:github_sync_all | — [ecosystem] no committable local changes
2026-09-30T14:33:53-10:00job:github_sync_all | ↓ [ecosystem] fetching origin/main
2026-09-30T14:33:53-10:00job:github_sync_all | From github.com:RootRecord-Software-Solutions/RootRecord-Ecosystem
2026-09-30T14:33:53-10:00job:github_sync_all | * branch            main       -> FETCH_HEAD
2026-09-30T14:33:53-10:00job:github_sync_all | — [ecosystem] local and GitHub already match
2026-09-30T14:33:53-10:00job:github_sync_all | — [ecosystem] nothing to push
2026-09-30T14:33:53-10:00job:github_sync_all | — [pacific] no local changes
2026-09-30T14:33:53-10:00job:github_sync_all | ↓ [pacific] fetching origin/main
2026-09-30T14:33:53-10:00job:github_sync_all | From github.com:RootRecord-Software-Solutions/RootRecord-Pacific-Solar-Server
2026-09-30T14:33:53-10:00job:github_sync_all | * branch            main       -> FETCH_HEAD
2026-09-30T14:33:53-10:00job:github_sync_all | — [pacific] local and GitHub already match
2026-09-30T14:33:53-10:00job:github_sync_all | — [pacific] nothing to push
2026-09-30T14:33:53-10:00job:github_sync_all | ↑ [database] committed 16 local file(s)
2026-09-30T14:33:53-10:00job:github_sync_all | ↓ [database] fetching origin/main
2026-09-30T14:33:53-10:00job:github_sync_all | From github.com:RootRecord-Software-Solutions/RootRecord-Database
2026-09-30T14:33:53-10:00job:github_sync_all | * branch              main       -> FETCH_HEAD
2026-09-30T14:33:53-10:00job:github_sync_all | ↑ [database] local is ahead of GitHub
2026-09-30T14:33:53-10:00job:github_sync_all | To github.com:RootRecord-Software-Solutions/RootRecord-Database.git
2026-09-30T14:33:53-10:00job:github_sync_all | f8d0e2ff..6409f011  HEAD -> main
2026-09-30T14:33:53-10:00job:github_sync_all | branch 'main' set up to track 'origin/main'.
2026-09-30T14:33:53-10:00job:github_sync_all | ↑ [database] 16 files → RootRecord-Software-Solutions/RootRecord-Database (main)
2026-09-30T14:33:53-10:00job:github_sync_all | — [library] no local changes
2026-09-30T14:33:53-10:00job:github_sync_all | ↓ [library] fetching origin/main
2026-09-30T14:33:53-10:00job:github_sync_all | From github.com:RootRecord-Software-Solutions/RootRecord-Library
2026-09-30T14:33:53-10:00job:github_sync_all | * branch            main       -> FETCH_HEAD
2026-09-30T14:33:53-10:00job:github_sync_all | — [library] local and GitHub already match
2026-09-30T14:33:53-10:00job:github_sync_all | — [library] nothing to push
2026-09-30T14:33:53-10:00job:github_sync_all | — [skills] no local changes
2026-09-30T14:33:53-10:00job:github_sync_all | ↓ [skills] fetching origin/main
2026-09-30T14:33:53-10:00job:github_sync_all | From github.com:rootrecordsoftwaresolutions/Solar-Pacific-RootRecord-Server
2026-09-30T14:33:53-10:00job:github_sync_all | * branch            main       -> FETCH_HEAD
2026-09-30T14:33:53-10:00job:github_sync_all | — [skills] local and GitHub already match
2026-09-30T14:33:53-10:00job:github_sync_all | — [skills] nothing to push
2026-09-30T14:33:53-10:00job:security_camera_frame_grab RUN  bash "/home/rootrecord/RootRecord-Ecosystem/1 - Servers/1 - RootRecord-Pacific-Solar-Server/Security/Cameras/grab_all.sh"
2026-09-30T14:34:08-10:00job:security_camera_frame_grab | 14:33:54  📷  a-eyes  ch1 → ch1-20261001T003354Z.jpg  (554.1 KB, 4.39s)
2026-09-30T14:34:08-10:00job:security_camera_frame_grab | 14:33:58  📷  a-eyes  ch2 → ch2-20261001T003358Z.jpg  (306.7 KB, 4.37s)
2026-09-30T14:34:08-10:00job:security_camera_frame_grab | 14:34:02  📷  a-eyes  ch3 → ch3-20261001T003402Z.jpg  (398.8 KB, 4.40s)
2026-09-30T14:34:08-10:00job:security_camera_frame_grab | 14:34:07  📷  a-eyes  ch4 → ch4-20261001T003407Z.jpg  (11.8 KB, 1.57s)
2026-09-30T14:34:09-10:00ENERGY  status=live  B2=21.3%  B1=52.7%  solar=63 W  ac=95 W  usbc=13 W  src=/home/rootrecord/RootRecord-Ecosystem/2 - RootRecord-Database/Energy  LAP=100%/Full/AC
2026-09-30T14:34:24-10:00  ▸  SUMMARY=river2pro soc=52.33% solar=0W ac_out=79W usbc=0W src=ble db=ok
2026-09-30T14:34:24-10:00job:sys_stats_cycle RUN  bash "/home/rootrecord/RootRecord-Ecosystem/1 - Servers/1 - RootRecord-Pacific-Solar-Server/System/scripts/sys-sample.sh"
2026-09-30T14:34:25-10:00job:sys_stats_cycle | SYSTEM  cpu=9%  load=1.49  mem=65%  src=sqlite
2026-09-30T14:34:25-10:00job:sys_stats_cycle | OK wrote /home/rootrecord/RootRecord-Ecosystem/2 - RootRecord-Database/System/samples/sys-20260930-143424.json
2026-09-30T14:34:59-10:00job:github_sync_all | — [ecosystem] no committable local changes
2026-09-30T14:34:59-10:00job:github_sync_all | ↓ [ecosystem] fetching origin/main
2026-09-30T14:34:59-10:00job:github_sync_all | From github.com:RootRecord-Software-Solutions/RootRecord-Ecosystem
2026-09-30T14:34:59-10:00job:github_sync_all | * branch            main       -> FETCH_HEAD
2026-09-30T14:34:59-10:00job:github_sync_all | — [ecosystem] local and GitHub already match
2026-09-30T14:34:59-10:00job:github_sync_all | — [ecosystem] nothing to push
2026-09-30T14:34:59-10:00job:github_sync_all | — [pacific] no local changes
2026-09-30T14:34:59-10:00job:github_sync_all | ↓ [pacific] fetching origin/main
2026-09-30T14:34:59-10:00job:github_sync_all | From github.com:RootRecord-Software-Solutions/RootRecord-Pacific-Solar-Server
2026-09-30T14:34:59-10:00job:github_sync_all | * branch            main       -> FETCH_HEAD
2026-09-30T14:34:59-10:00job:github_sync_all | — [pacific] local and GitHub already match
2026-09-30T14:34:59-10:00job:github_sync_all | — [pacific] nothing to push
2026-09-30T14:34:59-10:00job:github_sync_all | ↑ [database] committed 12 local file(s)
2026-09-30T14:34:59-10:00job:github_sync_all | ↓ [database] fetching origin/main
2026-09-30T14:34:59-10:00job:github_sync_all | From github.com:RootRecord-Software-Solutions/RootRecord-Database
2026-09-30T14:34:59-10:00job:github_sync_all | * branch              main       -> FETCH_HEAD
2026-09-30T14:34:59-10:00job:github_sync_all | ↑ [database] local is ahead of GitHub
2026-09-30T14:34:59-10:00job:github_sync_all | To github.com:RootRecord-Software-Solutions/RootRecord-Database.git
2026-09-30T14:34:59-10:00job:github_sync_all | 6409f011..5c297d11  HEAD -> main
2026-09-30T14:34:59-10:00job:github_sync_all | branch 'main' set up to track 'origin/main'.
2026-09-30T14:34:59-10:00job:github_sync_all | ↑ [database] 12 files → RootRecord-Software-Solutions/RootRecord-Database (main)
2026-09-30T14:34:59-10:00job:github_sync_all | — [library] no local changes
2026-09-30T14:34:59-10:00job:github_sync_all | ↓ [library] fetching origin/main
2026-09-30T14:34:59-10:00job:github_sync_all | From github.com:RootRecord-Software-Solutions/RootRecord-Library
2026-09-30T14:34:59-10:00job:github_sync_all | * branch            main       -> FETCH_HEAD
2026-09-30T14:34:59-10:00job:github_sync_all | — [library] local and GitHub already match
2026-09-30T14:34:59-10:00job:github_sync_all | — [library] nothing to push
2026-09-30T14:34:59-10:00job:github_sync_all | — [skills] no local changes
2026-09-30T14:34:59-10:00job:github_sync_all | ↓ [skills] fetching origin/main
2026-09-30T14:34:59-10:00job:github_sync_all | From github.com:rootrecordsoftwaresolutions/Solar-Pacific-RootRecord-Server
2026-09-30T14:34:59-10:00job:github_sync_all | * branch            main       -> FETCH_HEAD
2026-09-30T14:34:59-10:00job:github_sync_all | — [skills] local and GitHub already match
2026-09-30T14:34:59-10:00job:github_sync_all | — [skills] nothing to push
2026-09-30T14:34:59-10:00job:worklog_scan RUN  bash "/home/rootrecord/RootRecord-Ecosystem/1 - Servers/1 - RootRecord-Pacific-Solar-Server/Reports/scripts/worklog_once.sh"
2026-09-30T14:35:04-10:00job:worklog_scan | OK wrote/updated /home/rootrecord/RootRecord-Ecosystem/2 - RootRecord-Database/Worklog/worklog_current.md
2026-09-30T14:35:04-10:00job:security_camera_frame_grab RUN  bash "/home/rootrecord/RootRecord-Ecosystem/1 - Servers/1 - RootRecord-Pacific-Solar-Server/Security/Cameras/grab_all.sh"
2026-09-30T14:35:21-10:00job:security_camera_frame_grab | 14:35:04  📷  a-eyes  ch1 → ch1-20261001T003504Z.jpg  (519.0 KB, 6.03s)
2026-09-30T14:35:21-10:00job:security_camera_frame_grab | 14:35:10  📷  a-eyes  ch2 → ch2-20261001T003510Z.jpg  (301.0 KB, 4.33s)
2026-09-30T14:35:21-10:00job:security_camera_frame_grab | 14:35:15  📷  a-eyes  ch3 → ch3-20261001T003515Z.jpg  (392.2 KB, 4.26s)
2026-09-30T14:35:21-10:00job:security_camera_frame_grab | 14:35:19  📷  a-eyes  ch4 → ch4-20261001T003519Z.jpg  (11.9 KB, 1.57s)
2026-09-30T14:35:21-10:00job:service_supervisor RUN  bash "/home/rootrecord/RootRecord-Ecosystem/1 - Servers/1 - RootRecord-Pacific-Solar-Server/Automations/scripts/supervise-services.sh"
2026-09-30T14:35:21-10:00job:service_supervisor | [supervisor] weather alive pid=304140 304463 305661 305866 308654 309134 309348 309668 313159 392716 736568 775116 (act)
2026-09-30T14:35:21-10:00job:service_supervisor | [supervisor] relay alive pid=1105254 (act)
2026-09-30T14:35:21-10:00ENERGY  status=live  B2=21.3%  B1=52.3%  solar=63 W  ac=79 W  usbc=13 W  src=/home/rootrecord/RootRecord-Ecosystem/2 - RootRecord-Database/Energy  LAP=100%/Full/AC
2026-09-30T14:35:36-10:00  ▸  SUMMARY=delta2 soc=21.62% solar=61W ac_out=— usbc=17W src=ble db=ok
2026-09-30T14:35:36-10:00job:sys_stats_cycle RUN  bash "/home/rootrecord/RootRecord-Ecosystem/1 - Servers/1 - RootRecord-Pacific-Solar-Server/System/scripts/sys-sample.sh"
2026-09-30T14:35:37-10:00job:sys_stats_cycle | SYSTEM  cpu=7%  load=1.66  mem=66%  src=sqlite
2026-09-30T14:35:37-10:00job:sys_stats_cycle | OK wrote /home/rootrecord/RootRecord-Ecosystem/2 - RootRecord-Database/System/samples/sys-20260930-143536.json
2026-09-30T14:36:15-10:00job:github_sync_all | — [ecosystem] no committable local changes
2026-09-30T14:36:15-10:00job:github_sync_all | ↓ [ecosystem] fetching origin/main
2026-09-30T14:36:15-10:00job:github_sync_all | From github.com:RootRecord-Software-Solutions/RootRecord-Ecosystem
2026-09-30T14:36:15-10:00job:github_sync_all | * branch            main       -> FETCH_HEAD
2026-09-30T14:36:15-10:00job:github_sync_all | — [ecosystem] local and GitHub already match
2026-09-30T14:36:15-10:00job:github_sync_all | — [ecosystem] nothing to push
2026-09-30T14:36:15-10:00job:github_sync_all | — [pacific] no local changes
2026-09-30T14:36:15-10:00job:github_sync_all | ↓ [pacific] fetching origin/main
2026-09-30T14:36:15-10:00job:github_sync_all | From github.com:RootRecord-Software-Solutions/RootRecord-Pacific-Solar-Server
2026-09-30T14:36:15-10:00job:github_sync_all | * branch            main       -> FETCH_HEAD
2026-09-30T14:36:15-10:00job:github_sync_all | — [pacific] local and GitHub already match
2026-09-30T14:36:15-10:00job:github_sync_all | — [pacific] nothing to push
2026-09-30T14:36:15-10:00job:github_sync_all | ↑ [database] committed 16 local file(s)
2026-09-30T14:36:15-10:00job:github_sync_all | ↓ [database] fetching origin/main
2026-09-30T14:36:15-10:00job:github_sync_all | From github.com:RootRecord-Software-Solutions/RootRecord-Database
2026-09-30T14:36:15-10:00job:github_sync_all | * branch              main       -> FETCH_HEAD
2026-09-30T14:36:15-10:00job:github_sync_all | ↑ [database] local is ahead of GitHub
2026-09-30T14:36:15-10:00job:github_sync_all | To github.com:RootRecord-Software-Solutions/RootRecord-Database.git
2026-09-30T14:36:15-10:00job:github_sync_all | 5c297d11..08a69abf  HEAD -> main
2026-09-30T14:36:15-10:00job:github_sync_all | branch 'main' set up to track 'origin/main'.
2026-09-30T14:36:15-10:00job:github_sync_all | ↑ [database] 16 files → RootRecord-Software-Solutions/RootRecord-Database (main)
2026-09-30T14:36:15-10:00job:github_sync_all | ↑ [library] committed 3 local file(s)
2026-09-30T14:36:15-10:00job:github_sync_all | ↓ [library] fetching origin/main
2026-09-30T14:36:15-10:00job:github_sync_all | From github.com:RootRecord-Software-Solutions/RootRecord-Library
2026-09-30T14:36:15-10:00job:github_sync_all | * branch            main       -> FETCH_HEAD
2026-09-30T14:36:15-10:00job:github_sync_all | ↑ [library] local is ahead of GitHub
2026-09-30T14:36:15-10:00job:github_sync_all | To github.com:RootRecord-Software-Solutions/RootRecord-Library.git
2026-09-30T14:36:15-10:00job:github_sync_all | a884ff3..c3d5b6a  HEAD -> main
2026-09-30T14:36:15-10:00job:github_sync_all | branch 'main' set up to track 'origin/main'.
2026-09-30T14:36:15-10:00job:github_sync_all | ↑ [library] 3 files → RootRecord-Software-Solutions/RootRecord-Library (main)
2026-09-30T14:36:15-10:00job:github_sync_all | — [skills] no local changes
2026-09-30T14:36:15-10:00job:github_sync_all | ↓ [skills] fetching origin/main
2026-09-30T14:36:15-10:00job:github_sync_all | From github.com:rootrecordsoftwaresolutions/Solar-Pacific-RootRecord-Server
2026-09-30T14:36:15-10:00job:github_sync_all | * branch            main       -> FETCH_HEAD
2026-09-30T14:36:15-10:00job:github_sync_all | — [skills] local and GitHub already match
2026-09-30T14:36:15-10:00job:github_sync_all | — [skills] nothing to push
2026-09-30T14:36:15-10:00job:security_camera_frame_grab RUN  bash "/home/rootrecord/RootRecord-Ecosystem/1 - Servers/1 - RootRecord-Pacific-Solar-Server/Security/Cameras/grab_all.sh"
2026-09-30T14:36:30-10:00job:security_camera_frame_grab | 14:36:15  📷  a-eyes  ch1 → ch1-20261001T003615Z.jpg  (480.6 KB, 4.34s)
2026-09-30T14:36:30-10:00job:security_camera_frame_grab | 14:36:19  📷  a-eyes  ch2 → ch2-20261001T003619Z.jpg  (295.0 KB, 4.37s)
2026-09-30T14:36:30-10:00job:security_camera_frame_grab | 14:36:24  📷  a-eyes  ch3 → ch3-20261001T003624Z.jpg  (388.4 KB, 4.30s)
2026-09-30T14:36:30-10:00job:security_camera_frame_grab | 14:36:28  📷  a-eyes  ch4 → ch4-20261001T003628Z.jpg  (11.9 KB, 1.55s)
2026-09-30T14:36:30-10:00ENERGY  status=live  B2=21.6%  B1=52.3%  solar=61 W  ac=79 W  usbc=17 W  src=/home/rootrecord/RootRecord-Ecosystem/2 - RootRecord-Database/Energy  LAP=100%/Full/AC
2026-09-30T14:36:45-10:00  ▸  SUMMARY=delta2 soc=21.72% solar=59W ac_out=— usbc=14W src=ble db=ok
2026-09-30T14:36:45-10:00job:sys_stats_cycle RUN  bash "/home/rootrecord/RootRecord-Ecosystem/1 - Servers/1 - RootRecord-Pacific-Solar-Server/System/scripts/sys-sample.sh"
2026-09-30T14:36:46-10:00job:sys_stats_cycle | SYSTEM  cpu=6%  load=1.78  mem=65%  src=sqlite
2026-09-30T14:36:46-10:00job:sys_stats_cycle | OK wrote /home/rootrecord/RootRecord-Ecosystem/2 - RootRecord-Database/System/samples/sys-20260930-143645.json
2026-09-30T14:37:24-10:00job:github_sync_all | ↑ [ecosystem] committed 11 local file(s)
2026-09-30T14:37:24-10:00job:github_sync_all | ↓ [ecosystem] fetching origin/main
2026-09-30T14:37:24-10:00job:github_sync_all | From github.com:RootRecord-Software-Solutions/RootRecord-Ecosystem
2026-09-30T14:37:24-10:00job:github_sync_all | * branch            main       -> FETCH_HEAD
2026-09-30T14:37:24-10:00job:github_sync_all | ↑ [ecosystem] local is ahead of GitHub
2026-09-30T14:37:24-10:00job:github_sync_all | To github.com:RootRecord-Software-Solutions/RootRecord-Ecosystem.git
2026-09-30T14:37:24-10:00job:github_sync_all | e6352ef..3335252  HEAD -> main
2026-09-30T14:37:24-10:00job:github_sync_all | branch 'main' set up to track 'origin/main'.
2026-09-30T14:37:24-10:00job:github_sync_all | ↑ [ecosystem] 11 files → RootRecord-Software-Solutions/RootRecord-Ecosystem (main)
2026-09-30T14:37:24-10:00job:github_sync_all | — [pacific] no local changes
2026-09-30T14:37:24-10:00job:github_sync_all | ↓ [pacific] fetching origin/main
2026-09-30T14:37:24-10:00job:github_sync_all | From github.com:RootRecord-Software-Solutions/RootRecord-Pacific-Solar-Server
2026-09-30T14:37:24-10:00job:github_sync_all | * branch            main       -> FETCH_HEAD
2026-09-30T14:37:24-10:00job:github_sync_all | — [pacific] local and GitHub already match
2026-09-30T14:37:24-10:00job:github_sync_all | — [pacific] nothing to push
2026-09-30T14:37:24-10:00job:github_sync_all | ↑ [database] committed 12 local file(s)
2026-09-30T14:37:24-10:00job:github_sync_all | ↓ [database] fetching origin/main
2026-09-30T14:37:24-10:00job:github_sync_all | From github.com:RootRecord-Software-Solutions/RootRecord-Database
2026-09-30T14:37:24-10:00job:github_sync_all | * branch              main       -> FETCH_HEAD
2026-09-30T14:37:24-10:00job:github_sync_all | ↑ [database] local is ahead of GitHub
2026-09-30T14:37:24-10:00job:github_sync_all | To github.com:RootRecord-Software-Solutions/RootRecord-Database.git
2026-09-30T14:37:24-10:00job:github_sync_all | 08a69abf..f5af1dc7  HEAD -> main
2026-09-30T14:37:24-10:00job:github_sync_all | branch 'main' set up to track 'origin/main'.
2026-09-30T14:37:24-10:00job:github_sync_all | ↑ [database] 12 files → RootRecord-Software-Solutions/RootRecord-Database (main)
2026-09-30T14:37:24-10:00job:github_sync_all | ↑ [library] committed 13 local file(s)
2026-09-30T14:37:24-10:00job:github_sync_all | ↓ [library] fetching origin/main
2026-09-30T14:37:24-10:00job:github_sync_all | From github.com:RootRecord-Software-Solutions/RootRecord-Library
2026-09-30T14:37:24-10:00job:github_sync_all | * branch            main       -> FETCH_HEAD
2026-09-30T14:37:24-10:00job:github_sync_all | ↑ [library] local is ahead of GitHub
2026-09-30T14:37:24-10:00job:github_sync_all | To github.com:RootRecord-Software-Solutions/RootRecord-Library.git
2026-09-30T14:37:24-10:00job:github_sync_all | c3d5b6a..0958064  HEAD -> main
2026-09-30T14:37:24-10:00job:github_sync_all | branch 'main' set up to track 'origin/main'.
2026-09-30T14:37:24-10:00job:github_sync_all | ↑ [library] 13 files → RootRecord-Software-Solutions/RootRecord-Library (main)
2026-09-30T14:37:24-10:00job:github_sync_all | — [skills] no local changes
2026-09-30T14:37:24-10:00job:github_sync_all | ↓ [skills] fetching origin/main
2026-09-30T14:37:24-10:00job:github_sync_all | From github.com:rootrecordsoftwaresolutions/Solar-Pacific-RootRecord-Server
2026-09-30T14:37:24-10:00job:github_sync_all | * branch            main       -> FETCH_HEAD
2026-09-30T14:37:24-10:00job:github_sync_all | — [skills] local and GitHub already match
2026-09-30T14:37:24-10:00job:github_sync_all | — [skills] nothing to push
2026-09-30T14:37:24-10:00job:worklog_scan RUN  bash "/home/rootrecord/RootRecord-Ecosystem/1 - Servers/1 - RootRecord-Pacific-Solar-Server/Reports/scripts/worklog_once.sh"
2026-09-30T14:37:32-10:00job:worklog_scan | OK wrote/updated /home/rootrecord/RootRecord-Ecosystem/2 - RootRecord-Database/Worklog/worklog_current.md
2026-09-30T14:37:32-10:00job:security_camera_frame_grab RUN  bash "/home/rootrecord/RootRecord-Ecosystem/1 - Servers/1 - RootRecord-Pacific-Solar-Server/Security/Cameras/grab_all.sh"
2026-09-30T14:37:47-10:00job:security_camera_frame_grab | 14:37:32  📷  a-eyes  ch1 → ch1-20261001T003732Z.jpg  (505.5 KB, 4.52s)
2026-09-30T14:37:47-10:00job:security_camera_frame_grab | 14:37:37  📷  a-eyes  ch2 → ch2-20261001T003737Z.jpg  (298.3 KB, 4.47s)
2026-09-30T14:37:47-10:00job:security_camera_frame_grab | 14:37:41  📷  a-eyes  ch3 → ch3-20261001T003741Z.jpg  (396.3 KB, 4.43s)
2026-09-30T14:37:47-10:00job:security_camera_frame_grab | 14:37:46  📷  a-eyes  ch4 → ch4-20261001T003746Z.jpg  (11.9 KB, 1.48s)
2026-09-30T14:37:47-10:00ENERGY  status=live  B2=21.7%  B1=52.3%  solar=59 W  ac=79 W  usbc=14 W  src=/home/rootrecord/RootRecord-Ecosystem/2 - RootRecord-Database/Energy  LAP=100%/Full/AC
2026-09-30T14:38:03-10:00  ▸  SUMMARY=river2pro soc=51.24% solar=0W ac_out=82W usbc=0W src=ble db=ok
2026-09-30T14:38:03-10:00job:sys_stats_cycle RUN  bash "/home/rootrecord/RootRecord-Ecosystem/1 - Servers/1 - RootRecord-Pacific-Solar-Server/System/scripts/sys-sample.sh"
2026-09-30T14:38:04-10:00job:sys_stats_cycle | SYSTEM  cpu=9%  load=1.18  mem=66%  src=sqlite
2026-09-30T14:38:04-10:00job:sys_stats_cycle | OK wrote /home/rootrecord/RootRecord-Ecosystem/2 - RootRecord-Database/System/samples/sys-20260930-143804.json
2026-09-30T14:38:44-10:00job:github_sync_all | ↑ [ecosystem] committed 6 local file(s)
2026-09-30T14:38:44-10:00job:github_sync_all | ↓ [ecosystem] fetching origin/main
2026-09-30T14:38:44-10:00job:github_sync_all | From github.com:RootRecord-Software-Solutions/RootRecord-Ecosystem
2026-09-30T14:38:44-10:00job:github_sync_all | * branch            main       -> FETCH_HEAD
2026-09-30T14:38:44-10:00job:github_sync_all | ↑ [ecosystem] local is ahead of GitHub
2026-09-30T14:38:44-10:00job:github_sync_all | To github.com:RootRecord-Software-Solutions/RootRecord-Ecosystem.git
2026-09-30T14:38:44-10:00job:github_sync_all | 3335252..74aff36  HEAD -> main
2026-09-30T14:38:44-10:00job:github_sync_all | branch 'main' set up to track 'origin/main'.
2026-09-30T14:38:44-10:00job:github_sync_all | ↑ [ecosystem] 6 files → RootRecord-Software-Solutions/RootRecord-Ecosystem (main)
2026-09-30T14:38:44-10:00job:github_sync_all | ↑ [pacific] committed 1 local file(s)
2026-09-30T14:38:44-10:00job:github_sync_all | ↓ [pacific] fetching origin/main
2026-09-30T14:38:44-10:00job:github_sync_all | From github.com:RootRecord-Software-Solutions/RootRecord-Pacific-Solar-Server
2026-09-30T14:38:44-10:00job:github_sync_all | * branch            main       -> FETCH_HEAD
2026-09-30T14:38:44-10:00job:github_sync_all | ↑ [pacific] local is ahead of GitHub
2026-09-30T14:38:44-10:00job:github_sync_all | To github.com:RootRecord-Software-Solutions/RootRecord-Pacific-Solar-Server.git
2026-09-30T14:38:44-10:00job:github_sync_all | fe58b4c..bafcd90  HEAD -> main
2026-09-30T14:38:44-10:00job:github_sync_all | branch 'main' set up to track 'origin/main'.
2026-09-30T14:38:44-10:00job:github_sync_all | ↑ [pacific] 1 files → RootRecord-Software-Solutions/RootRecord-Pacific-Solar-Server (main)
2026-09-30T14:38:44-10:00job:github_sync_all | ↑ [database] committed 16 local file(s)
2026-09-30T14:38:44-10:00job:github_sync_all | ↓ [database] fetching origin/main
2026-09-30T14:38:44-10:00job:github_sync_all | From github.com:RootRecord-Software-Solutions/RootRecord-Database
2026-09-30T14:38:44-10:00job:github_sync_all | * branch              main       -> FETCH_HEAD
2026-09-30T14:38:44-10:00job:github_sync_all | ↑ [database] local is ahead of GitHub
2026-09-30T14:38:44-10:00job:github_sync_all | To github.com:RootRecord-Software-Solutions/RootRecord-Database.git
2026-09-30T14:38:44-10:00job:github_sync_all | f5af1dc7..d2d9341b  HEAD -> main
2026-09-30T14:38:44-10:00job:github_sync_all | branch 'main' set up to track 'origin/main'.
2026-09-30T14:38:44-10:00job:github_sync_all | ↑ [database] 16 files → RootRecord-Software-Solutions/RootRecord-Database (main)
2026-09-30T14:38:44-10:00job:github_sync_all | — [library] no local changes
2026-09-30T14:38:44-10:00job:github_sync_all | ↓ [library] fetching origin/main
2026-09-30T14:38:44-10:00job:github_sync_all | From github.com:RootRecord-Software-Solutions/RootRecord-Library
2026-09-30T14:38:44-10:00job:github_sync_all | * branch            main       -> FETCH_HEAD
2026-09-30T14:38:44-10:00job:github_sync_all | — [library] local and GitHub already match
2026-09-30T14:38:44-10:00job:github_sync_all | — [library] nothing to push
2026-09-30T14:38:44-10:00job:github_sync_all | — [skills] no local changes
2026-09-30T14:38:44-10:00job:github_sync_all | ↓ [skills] fetching origin/main
2026-09-30T14:38:44-10:00job:github_sync_all | From github.com:rootrecordsoftwaresolutions/Solar-Pacific-RootRecord-Server
2026-09-30T14:38:44-10:00job:github_sync_all | * branch            main       -> FETCH_HEAD
2026-09-30T14:38:44-10:00job:github_sync_all | — [skills] local and GitHub already match
2026-09-30T14:38:44-10:00job:github_sync_all | — [skills] nothing to push
2026-09-30T14:38:44-10:00job:security_camera_frame_grab RUN  bash "/home/rootrecord/RootRecord-Ecosystem/1 - Servers/1 - RootRecord-Pacific-Solar-Server/Security/Cameras/grab_all.sh"
2026-09-30T14:38:58-10:00job:security_camera_frame_grab | 14:38:44  📷  a-eyes  ch1 → ch1-20261001T003844Z.jpg  (512.8 KB, 4.26s)
2026-09-30T14:38:58-10:00job:security_camera_frame_grab | 14:38:48  📷  a-eyes  ch2 → ch2-20261001T003848Z.jpg  (310.3 KB, 4.26s)
2026-09-30T14:38:58-10:00job:security_camera_frame_grab | 14:38:52  📷  a-eyes  ch3 → ch3-20261001T003852Z.jpg  (405.0 KB, 4.26s)
2026-09-30T14:38:58-10:00job:security_camera_frame_grab | 14:38:57  📷  a-eyes  ch4 → ch4-20261001T003857Z.jpg  (11.9 KB, 1.56s)
2026-09-30T14:38:59-10:00ENERGY  status=live  B2=21.7%  B1=51.2%  solar=59 W  ac=82 W  usbc=14 W  src=/home/rootrecord/RootRecord-Ecosystem/2 - RootRecord-Database/Energy  LAP=100%/Full/AC
2026-09-30T14:39:13-10:00  ▸  SUMMARY=river2pro soc=50.88% solar=0W ac_out=86W usbc=0W src=ble db=ok
2026-09-30T14:39:13-10:00job:sys_stats_cycle RUN  bash "/home/rootrecord/RootRecord-Ecosystem/1 - Servers/1 - RootRecord-Pacific-Solar-Server/System/scripts/sys-sample.sh"
2026-09-30T14:39:14-10:00job:sys_stats_cycle | SYSTEM  cpu=8%  load=1.34  mem=66%  src=sqlite
2026-09-30T14:39:14-10:00job:sys_stats_cycle | OK wrote /home/rootrecord/RootRecord-Ecosystem/2 - RootRecord-Database/System/samples/sys-20260930-143914.json
2026-09-30T14:39:59-10:00job:github_sync_all | ↑ [ecosystem] committed 2 local file(s)
2026-09-30T14:39:59-10:00job:github_sync_all | ↓ [ecosystem] fetching origin/main
2026-09-30T14:39:59-10:00job:github_sync_all | From github.com:RootRecord-Software-Solutions/RootRecord-Ecosystem
2026-09-30T14:39:59-10:00job:github_sync_all | * branch            main       -> FETCH_HEAD
2026-09-30T14:39:59-10:00job:github_sync_all | ↑ [ecosystem] local is ahead of GitHub
2026-09-30T14:39:59-10:00job:github_sync_all | To github.com:RootRecord-Software-Solutions/RootRecord-Ecosystem.git
2026-09-30T14:39:59-10:00job:github_sync_all | 74aff36..4fe30a1  HEAD -> main
2026-09-30T14:39:59-10:00job:github_sync_all | branch 'main' set up to track 'origin/main'.
2026-09-30T14:39:59-10:00job:github_sync_all | ↑ [ecosystem] 2 files → RootRecord-Software-Solutions/RootRecord-Ecosystem (main)
2026-09-30T14:39:59-10:00job:github_sync_all | ↑ [pacific] committed 1 local file(s)
2026-09-30T14:39:59-10:00job:github_sync_all | ↓ [pacific] fetching origin/main
2026-09-30T14:39:59-10:00job:github_sync_all | From github.com:RootRecord-Software-Solutions/RootRecord-Pacific-Solar-Server
2026-09-30T14:39:59-10:00job:github_sync_all | * branch            main       -> FETCH_HEAD
2026-09-30T14:39:59-10:00job:github_sync_all | ↑ [pacific] local is ahead of GitHub
2026-09-30T14:39:59-10:00job:github_sync_all | To github.com:RootRecord-Software-Solutions/RootRecord-Pacific-Solar-Server.git
2026-09-30T14:39:59-10:00job:github_sync_all | bafcd90..bf41e8a  HEAD -> main
2026-09-30T14:39:59-10:00job:github_sync_all | branch 'main' set up to track 'origin/main'.
2026-09-30T14:39:59-10:00job:github_sync_all | ↑ [pacific] 1 files → RootRecord-Software-Solutions/RootRecord-Pacific-Solar-Server (main)
2026-09-30T14:39:59-10:00job:github_sync_all | ↑ [database] committed 12 local file(s)
2026-09-30T14:39:59-10:00job:github_sync_all | ↓ [database] fetching origin/main
2026-09-30T14:39:59-10:00job:github_sync_all | From github.com:RootRecord-Software-Solutions/RootRecord-Database
2026-09-30T14:39:59-10:00job:github_sync_all | * branch              main       -> FETCH_HEAD
2026-09-30T14:39:59-10:00job:github_sync_all | ↑ [database] local is ahead of GitHub
2026-09-30T14:39:59-10:00job:github_sync_all | To github.com:RootRecord-Software-Solutions/RootRecord-Database.git
2026-09-30T14:39:59-10:00job:github_sync_all | d2d9341b..bfc74a21  HEAD -> main
2026-09-30T14:39:59-10:00job:github_sync_all | branch 'main' set up to track 'origin/main'.
2026-09-30T14:39:59-10:00job:github_sync_all | ↑ [database] 12 files → RootRecord-Software-Solutions/RootRecord-Database (main)
2026-09-30T14:39:59-10:00job:github_sync_all | ↑ [library] committed 1 local file(s)
2026-09-30T14:39:59-10:00job:github_sync_all | ↓ [library] fetching origin/main
2026-09-30T14:39:59-10:00job:github_sync_all | From github.com:RootRecord-Software-Solutions/RootRecord-Library
2026-09-30T14:39:59-10:00job:github_sync_all | * branch            main       -> FETCH_HEAD
2026-09-30T14:39:59-10:00job:github_sync_all | ↑ [library] local is ahead of GitHub
2026-09-30T14:39:59-10:00job:github_sync_all | To github.com:RootRecord-Software-Solutions/RootRecord-Library.git
2026-09-30T14:39:59-10:00job:github_sync_all | 0958064..c407012  HEAD -> main
2026-09-30T14:39:59-10:00job:github_sync_all | branch 'main' set up to track 'origin/main'.
2026-09-30T14:39:59-10:00job:github_sync_all | ↑ [library] 1 files → RootRecord-Software-Solutions/RootRecord-Library (main)
2026-09-30T14:39:59-10:00job:github_sync_all | — [skills] no local changes
2026-09-30T14:39:59-10:00job:github_sync_all | ↓ [skills] fetching origin/main
2026-09-30T14:39:59-10:00job:github_sync_all | From github.com:rootrecordsoftwaresolutions/Solar-Pacific-RootRecord-Server
2026-09-30T14:39:59-10:00job:github_sync_all | * branch            main       -> FETCH_HEAD
2026-09-30T14:39:59-10:00job:worklog_scan RUN  bash "/home/rootrecord/RootRecord-Ecosystem/1 - Servers/1 - RootRecord-Pacific-Solar-Server/Reports/scripts/worklog_once.sh"
2026-09-30T14:40:05-10:00job:worklog_scan | OK wrote/updated /home/rootrecord/RootRecord-Ecosystem/2 - RootRecord-Database/Worklog/worklog_current.md
2026-09-30T14:40:05-10:00job:security_camera_frame_grab RUN  bash "/home/rootrecord/RootRecord-Ecosystem/1 - Servers/1 - RootRecord-Pacific-Solar-Server/Security/Cameras/grab_all.sh"
2026-09-30T14:40:20-10:00job:security_camera_frame_grab | 14:40:05  📷  a-eyes  ch1 → ch1-20261001T004005Z.jpg  (503.5 KB, 4.42s)
2026-09-30T14:40:20-10:00job:security_camera_frame_grab | 14:40:09  📷  a-eyes  ch2 → ch2-20261001T004009Z.jpg  (332.6 KB, 4.52s)
2026-09-30T14:40:20-10:00job:security_camera_frame_grab | 14:40:14  📷  a-eyes  ch3 → ch3-20261001T004014Z.jpg  (405.5 KB, 4.53s)
2026-09-30T14:40:20-10:00job:security_camera_frame_grab | 14:40:18  📷  a-eyes  ch4 → ch4-20261001T004018Z.jpg  (11.9 KB, 1.76s)
2026-09-30T14:40:20-10:00ENERGY  status=live  B2=21.7%  B1=50.9%  solar=59 W  ac=86 W  usbc=14 W  src=/home/rootrecord/RootRecord-Ecosystem/2 - RootRecord-Database/Energy  LAP=100%/Full/AC
2026-09-30T14:40:35-10:00  ▸  SUMMARY=delta2 soc=21.92% solar=58W ac_out=— usbc=11W src=ble db=ok
2026-09-30T14:40:35-10:00job:sys_stats_cycle RUN  bash "/home/rootrecord/RootRecord-Ecosystem/1 - Servers/1 - RootRecord-Pacific-Solar-Server/System/scripts/sys-sample.sh"
2026-09-30T14:40:36-10:00job:sys_stats_cycle | SYSTEM  cpu=4%  load=0.85  mem=66%  src=sqlite
2026-09-30T14:40:36-10:00job:sys_stats_cycle | OK wrote /home/rootrecord/RootRecord-Ecosystem/2 - RootRecord-Database/System/samples/sys-20260930-144035.json
2026-09-30T14:41:09-10:00job:github_sync_all | — [ecosystem] no committable local changes
2026-09-30T14:41:09-10:00job:github_sync_all | ↓ [ecosystem] fetching origin/main
2026-09-30T14:41:09-10:00job:github_sync_all | From github.com:RootRecord-Software-Solutions/RootRecord-Ecosystem
2026-09-30T14:41:09-10:00job:github_sync_all | * branch            main       -> FETCH_HEAD
2026-09-30T14:41:09-10:00job:github_sync_all | — [ecosystem] local and GitHub already match
2026-09-30T14:41:09-10:00job:github_sync_all | — [ecosystem] nothing to push
2026-09-30T14:41:09-10:00job:github_sync_all | — [pacific] no local changes
2026-09-30T14:41:09-10:00job:github_sync_all | ↓ [pacific] fetching origin/main
2026-09-30T14:41:09-10:00job:github_sync_all | From github.com:RootRecord-Software-Solutions/RootRecord-Pacific-Solar-Server
2026-09-30T14:41:09-10:00job:github_sync_all | * branch            main       -> FETCH_HEAD
2026-09-30T14:41:09-10:00job:github_sync_all | — [pacific] local and GitHub already match
2026-09-30T14:41:09-10:00job:github_sync_all | — [pacific] nothing to push
2026-09-30T14:41:09-10:00job:github_sync_all | ↑ [database] committed 16 local file(s)
2026-09-30T14:41:09-10:00job:github_sync_all | ↓ [database] fetching origin/main
2026-09-30T14:41:09-10:00job:github_sync_all | From github.com:RootRecord-Software-Solutions/RootRecord-Database
2026-09-30T14:41:09-10:00job:github_sync_all | * branch              main       -> FETCH_HEAD
2026-09-30T14:41:09-10:00job:github_sync_all | ↑ [database] local is ahead of GitHub
2026-09-30T14:41:09-10:00job:github_sync_all | To github.com:RootRecord-Software-Solutions/RootRecord-Database.git
2026-09-30T14:41:09-10:00job:github_sync_all | bfc74a21..633a7d2a  HEAD -> main
2026-09-30T14:41:09-10:00job:github_sync_all | branch 'main' set up to track 'origin/main'.
2026-09-30T14:41:09-10:00job:github_sync_all | ↑ [database] 16 files → RootRecord-Software-Solutions/RootRecord-Database (main)
2026-09-30T14:41:09-10:00job:github_sync_all | — [library] no local changes
2026-09-30T14:41:09-10:00job:github_sync_all | ↓ [library] fetching origin/main
2026-09-30T14:41:09-10:00job:github_sync_all | From github.com:RootRecord-Software-Solutions/RootRecord-Library
2026-09-30T14:41:09-10:00job:github_sync_all | * branch            main       -> FETCH_HEAD
2026-09-30T14:41:09-10:00job:github_sync_all | — [library] local and GitHub already match
2026-09-30T14:41:09-10:00job:github_sync_all | — [library] nothing to push
2026-09-30T14:41:09-10:00job:github_sync_all | — [skills] no local changes
2026-09-30T14:41:09-10:00job:github_sync_all | ↓ [skills] fetching origin/main
2026-09-30T14:41:09-10:00job:github_sync_all | From github.com:rootrecordsoftwaresolutions/Solar-Pacific-RootRecord-Server
2026-09-30T14:41:09-10:00job:github_sync_all | * branch            main       -> FETCH_HEAD
2026-09-30T14:41:09-10:00job:github_sync_all | — [skills] local and GitHub already match
2026-09-30T14:41:09-10:00job:github_sync_all | — [skills] nothing to push
2026-09-30T14:41:09-10:00job:security_camera_frame_grab RUN  bash "/home/rootrecord/RootRecord-Ecosystem/1 - Servers/1 - RootRecord-Pacific-Solar-Server/Security/Cameras/grab_all.sh"
2026-09-30T14:41:23-10:00job:security_camera_frame_grab | 14:41:09  📷  a-eyes  ch1 → ch1-20261001T004109Z.jpg  (520.2 KB, 4.21s)
2026-09-30T14:41:23-10:00job:security_camera_frame_grab | 14:41:13  📷  a-eyes  ch2 → ch2-20261001T004113Z.jpg  (331.9 KB, 4.34s)
2026-09-30T14:41:23-10:00job:security_camera_frame_grab | 14:41:18  📷  a-eyes  ch3 → ch3-20261001T004118Z.jpg  (388.7 KB, 4.31s)
2026-09-30T14:41:23-10:00job:security_camera_frame_grab | 14:41:22  📷  a-eyes  ch4 → ch4-20261001T004122Z.jpg  (11.8 KB, 1.50s)
2026-09-30T14:41:23-10:00job:service_supervisor RUN  bash "/home/rootrecord/RootRecord-Ecosystem/1 - Servers/1 - RootRecord-Pacific-Solar-Server/Automations/scripts/supervise-services.sh"
2026-09-30T14:41:24-10:00job:service_supervisor | [supervisor] weather alive pid=304140 304463 305661 305866 308654 309134 309348 309668 313159 392716 736568 775116 (act)
2026-09-30T14:41:24-10:00job:service_supervisor | [supervisor] relay alive pid=1105254 (act)
2026-09-30T14:41:24-10:00ENERGY  status=live  B2=21.9%  B1=50.9%  solar=58 W  ac=86 W  usbc=11 W  src=/home/rootrecord/RootRecord-Ecosystem/2 - RootRecord-Database/Energy  LAP=100%/Full/AC
2026-09-30T14:41:38-10:00  ▸  SUMMARY=delta2 soc=22.02% solar=57W ac_out=— usbc=16W src=ble db=ok
2026-09-30T14:41:38-10:00job:sys_stats_cycle RUN  bash "/home/rootrecord/RootRecord-Ecosystem/1 - Servers/1 - RootRecord-Pacific-Solar-Server/System/scripts/sys-sample.sh"
2026-09-30T14:41:39-10:00job:sys_stats_cycle | SYSTEM  cpu=12%  load=0.55  mem=66%  src=sqlite
2026-09-30T14:41:39-10:00job:sys_stats_cycle | OK wrote /home/rootrecord/RootRecord-Ecosystem/2 - RootRecord-Database/System/samples/sys-20260930-144139.json
2026-09-30T14:42:18-10:00job:github_sync_all | ↑ [ecosystem] committed 3 local file(s)
2026-09-30T14:42:18-10:00job:github_sync_all | ↓ [ecosystem] fetching origin/main
2026-09-30T14:42:18-10:00job:github_sync_all | From github.com:RootRecord-Software-Solutions/RootRecord-Ecosystem
2026-09-30T14:42:18-10:00job:github_sync_all | * branch            main       -> FETCH_HEAD
2026-09-30T14:42:18-10:00job:github_sync_all | ↑ [ecosystem] local is ahead of GitHub
2026-09-30T14:42:18-10:00job:github_sync_all | To github.com:RootRecord-Software-Solutions/RootRecord-Ecosystem.git
2026-09-30T14:42:18-10:00job:github_sync_all | 4fe30a1..3df92c0  HEAD -> main
2026-09-30T14:42:18-10:00job:github_sync_all | branch 'main' set up to track 'origin/main'.
2026-09-30T14:42:18-10:00job:github_sync_all | ↑ [ecosystem] 3 files → RootRecord-Software-Solutions/RootRecord-Ecosystem (main)
2026-09-30T14:42:18-10:00job:github_sync_all | ↑ [pacific] committed 3 local file(s)
2026-09-30T14:42:18-10:00job:github_sync_all | ↓ [pacific] fetching origin/main
2026-09-30T14:42:18-10:00job:github_sync_all | From github.com:RootRecord-Software-Solutions/RootRecord-Pacific-Solar-Server
2026-09-30T14:42:18-10:00job:github_sync_all | * branch            main       -> FETCH_HEAD
2026-09-30T14:42:18-10:00job:github_sync_all | ↑ [pacific] local is ahead of GitHub
2026-09-30T14:42:18-10:00job:github_sync_all | To github.com:RootRecord-Software-Solutions/RootRecord-Pacific-Solar-Server.git
2026-09-30T14:42:18-10:00job:github_sync_all | bf41e8a..f38fa04  HEAD -> main
2026-09-30T14:42:18-10:00job:github_sync_all | branch 'main' set up to track 'origin/main'.
2026-09-30T14:42:18-10:00job:github_sync_all | ↑ [pacific] 3 files → RootRecord-Software-Solutions/RootRecord-Pacific-Solar-Server (main)
2026-09-30T14:42:18-10:00job:github_sync_all | ↑ [database] committed 12 local file(s)
2026-09-30T14:42:18-10:00job:github_sync_all | ↓ [database] fetching origin/main
2026-09-30T14:42:18-10:00job:github_sync_all | From github.com:RootRecord-Software-Solutions/RootRecord-Database
2026-09-30T14:42:18-10:00job:github_sync_all | * branch              main       -> FETCH_HEAD
2026-09-30T14:42:18-10:00job:github_sync_all | ↑ [database] local is ahead of GitHub
2026-09-30T14:42:18-10:00job:github_sync_all | To github.com:RootRecord-Software-Solutions/RootRecord-Database.git
2026-09-30T14:42:18-10:00job:github_sync_all | 633a7d2a..bd8c1524  HEAD -> main
2026-09-30T14:42:18-10:00job:github_sync_all | branch 'main' set up to track 'origin/main'.
2026-09-30T14:42:18-10:00job:github_sync_all | ↑ [database] 12 files → RootRecord-Software-Solutions/RootRecord-Database (main)
2026-09-30T14:42:18-10:00job:github_sync_all | — [library] no local changes
2026-09-30T14:42:18-10:00job:github_sync_all | ↓ [library] fetching origin/main
2026-09-30T14:42:18-10:00job:github_sync_all | From github.com:RootRecord-Software-Solutions/RootRecord-Library
2026-09-30T14:42:18-10:00job:github_sync_all | * branch            main       -> FETCH_HEAD
2026-09-30T14:42:18-10:00job:github_sync_all | — [library] local and GitHub already match
2026-09-30T14:42:18-10:00job:github_sync_all | — [library] nothing to push
2026-09-30T14:42:18-10:00job:github_sync_all | — [skills] no local changes
2026-09-30T14:42:18-10:00job:github_sync_all | ↓ [skills] fetching origin/main
2026-09-30T14:42:18-10:00job:github_sync_all | From github.com:rootrecordsoftwaresolutions/Solar-Pacific-RootRecord-Server
2026-09-30T14:42:18-10:00job:github_sync_all | * branch            main       -> FETCH_HEAD
2026-09-30T14:42:18-10:00job:github_sync_all | — [skills] local and GitHub already match
2026-09-30T14:42:18-10:00job:github_sync_all | — [skills] nothing to push
2026-09-30T14:42:18-10:00job:worklog_scan RUN  bash "/home/rootrecord/RootRecord-Ecosystem/1 - Servers/1 - RootRecord-Pacific-Solar-Server/Reports/scripts/worklog_once.sh"
2026-09-30T14:42:23-10:00job:worklog_scan | OK wrote/updated /home/rootrecord/RootRecord-Ecosystem/2 - RootRecord-Database/Worklog/worklog_current.md
2026-09-30T14:42:23-10:00job:security_camera_frame_grab RUN  bash "/home/rootrecord/RootRecord-Ecosystem/1 - Servers/1 - RootRecord-Pacific-Solar-Server/Security/Cameras/grab_all.sh"
2026-09-30T14:42:38-10:00job:security_camera_frame_grab | 14:42:23  📷  a-eyes  ch1 → ch1-20261001T004223Z.jpg  (501.1 KB, 4.47s)
2026-09-30T14:42:38-10:00job:security_camera_frame_grab | 14:42:27  📷  a-eyes  ch2 → ch2-20261001T004227Z.jpg  (326.0 KB, 4.44s)
2026-09-30T14:42:38-10:00job:security_camera_frame_grab | 14:42:32  📷  a-eyes  ch3 → ch3-20261001T004232Z.jpg  (387.6 KB, 4.41s)
2026-09-30T14:42:38-10:00job:security_camera_frame_grab | 14:42:36  📷  a-eyes  ch4 → ch4-20261001T004236Z.jpg  (11.9 KB, 1.58s)
2026-09-30T14:42:38-10:00ENERGY  status=live  B2=22.0%  B1=50.9%  solar=57 W  ac=86 W  usbc=16 W  src=/home/rootrecord/RootRecord-Ecosystem/2 - RootRecord-Database/Energy  LAP=100%/Full/AC
2026-09-30T14:42:53-10:00  ▸  SUMMARY=river2pro soc=49.77% solar=0W ac_out=100W usbc=0W src=ble db=ok
2026-09-30T14:42:53-10:00job:sys_stats_cycle RUN  bash "/home/rootrecord/RootRecord-Ecosystem/1 - Servers/1 - RootRecord-Pacific-Solar-Server/System/scripts/sys-sample.sh"
2026-09-30T14:42:54-10:00job:sys_stats_cycle | SYSTEM  cpu=6%  load=0.79  mem=67%  src=sqlite
2026-09-30T14:42:54-10:00job:sys_stats_cycle | OK wrote /home/rootrecord/RootRecord-Ecosystem/2 - RootRecord-Database/System/samples/sys-20260930-144254.json
2026-09-30T14:43:34-10:00job:github_sync_all | ↑ [ecosystem] committed 5 local file(s)
2026-09-30T14:43:34-10:00job:github_sync_all | ↓ [ecosystem] fetching origin/main
2026-09-30T14:43:34-10:00job:github_sync_all | From github.com:RootRecord-Software-Solutions/RootRecord-Ecosystem
2026-09-30T14:43:34-10:00job:github_sync_all | * branch            main       -> FETCH_HEAD
2026-09-30T14:43:34-10:00job:github_sync_all | ↑ [ecosystem] local is ahead of GitHub
2026-09-30T14:43:34-10:00job:github_sync_all | To github.com:RootRecord-Software-Solutions/RootRecord-Ecosystem.git
2026-09-30T14:43:34-10:00job:github_sync_all | 3df92c0..104f9ff  HEAD -> main
2026-09-30T14:43:34-10:00job:github_sync_all | branch 'main' set up to track 'origin/main'.
2026-09-30T14:43:34-10:00job:github_sync_all | ↑ [ecosystem] 5 files → RootRecord-Software-Solutions/RootRecord-Ecosystem (main)
2026-09-30T14:43:34-10:00job:github_sync_all | ↑ [pacific] committed 5 local file(s)
2026-09-30T14:43:34-10:00job:github_sync_all | ↓ [pacific] fetching origin/main
2026-09-30T14:43:34-10:00job:github_sync_all | From github.com:RootRecord-Software-Solutions/RootRecord-Pacific-Solar-Server
2026-09-30T14:43:34-10:00job:github_sync_all | * branch            main       -> FETCH_HEAD
2026-09-30T14:43:34-10:00job:github_sync_all | ↑ [pacific] local is ahead of GitHub
2026-09-30T14:43:34-10:00job:github_sync_all | To github.com:RootRecord-Software-Solutions/RootRecord-Pacific-Solar-Server.git
2026-09-30T14:43:34-10:00job:github_sync_all | f38fa04..d6707e9  HEAD -> main
2026-09-30T14:43:34-10:00job:github_sync_all | branch 'main' set up to track 'origin/main'.
2026-09-30T14:43:34-10:00job:github_sync_all | ↑ [pacific] 5 files → RootRecord-Software-Solutions/RootRecord-Pacific-Solar-Server (main)
2026-09-30T14:43:34-10:00job:github_sync_all | ↑ [database] committed 15 local file(s)
2026-09-30T14:43:34-10:00job:github_sync_all | ↓ [database] fetching origin/main
2026-09-30T14:43:34-10:00job:github_sync_all | From github.com:RootRecord-Software-Solutions/RootRecord-Database
2026-09-30T14:43:34-10:00job:github_sync_all | * branch              main       -> FETCH_HEAD
2026-09-30T14:43:34-10:00job:github_sync_all | ↑ [database] local is ahead of GitHub
2026-09-30T14:43:34-10:00job:github_sync_all | To github.com:RootRecord-Software-Solutions/RootRecord-Database.git
2026-09-30T14:43:34-10:00job:github_sync_all | bd8c1524..06ddc454  HEAD -> main
2026-09-30T14:43:34-10:00job:github_sync_all | branch 'main' set up to track 'origin/main'.
2026-09-30T14:43:34-10:00job:github_sync_all | ↑ [database] 15 files → RootRecord-Software-Solutions/RootRecord-Database (main)
2026-09-30T14:43:34-10:00job:github_sync_all | — [library] no local changes
2026-09-30T14:43:34-10:00job:github_sync_all | ↓ [library] fetching origin/main
2026-09-30T14:43:34-10:00job:github_sync_all | From github.com:RootRecord-Software-Solutions/RootRecord-Library
2026-09-30T14:43:34-10:00job:github_sync_all | * branch            main       -> FETCH_HEAD
2026-09-30T14:43:34-10:00job:github_sync_all | — [library] local and GitHub already match
2026-09-30T14:43:34-10:00job:github_sync_all | — [library] nothing to push
2026-09-30T14:43:34-10:00job:github_sync_all | — [skills] no local changes
2026-09-30T14:43:34-10:00job:github_sync_all | ↓ [skills] fetching origin/main
2026-09-30T14:43:34-10:00job:github_sync_all | From github.com:rootrecordsoftwaresolutions/Solar-Pacific-RootRecord-Server
2026-09-30T14:43:34-10:00job:github_sync_all | * branch            main       -> FETCH_HEAD
2026-09-30T14:43:34-10:00job:github_sync_all | — [skills] local and GitHub already match
2026-09-30T14:43:34-10:00job:github_sync_all | — [skills] nothing to push
2026-09-30T14:43:34-10:00job:security_camera_frame_grab RUN  bash "/home/rootrecord/RootRecord-Ecosystem/1 - Servers/1 - RootRecord-Pacific-Solar-Server/Security/Cameras/grab_all.sh"
2026-09-30T14:43:49-10:00job:security_camera_frame_grab | 14:43:34  📷  a-eyes  ch1 → ch1-20261001T004334Z.jpg  (480.7 KB, 4.35s)
2026-09-30T14:43:49-10:00job:security_camera_frame_grab | 14:43:39  📷  a-eyes  ch2 → ch2-20261001T004339Z.jpg  (305.6 KB, 4.30s)
2026-09-30T14:43:49-10:00job:security_camera_frame_grab | 14:43:43  📷  a-eyes  ch3 → ch3-20261001T004343Z.jpg  (378.4 KB, 4.43s)
2026-09-30T14:43:49-10:00job:security_camera_frame_grab | 14:43:47  📷  a-eyes  ch4 → ch4-20261001T004347Z.jpg  (11.8 KB, 1.57s)
2026-09-30T14:43:49-10:00ENERGY  status=live  B2=22.0%  B1=49.8%  solar=57 W  ac=100 W  usbc=16 W  src=/home/rootrecord/RootRecord-Ecosystem/2 - RootRecord-Database/Energy  LAP=100%/Full/AC
2026-09-30T14:44:04-10:00  ▸  SUMMARY=river2pro soc=49.41% solar=0W ac_out=86W usbc=0W src=ble db=ok
2026-09-30T14:44:04-10:00job:sys_stats_cycle RUN  bash "/home/rootrecord/RootRecord-Ecosystem/1 - Servers/1 - RootRecord-Pacific-Solar-Server/System/scripts/sys-sample.sh"
2026-09-30T14:44:05-10:00job:sys_stats_cycle | SYSTEM  cpu=16%  load=1.09  mem=66%  src=sqlite
2026-09-30T14:44:05-10:00job:sys_stats_cycle | OK wrote /home/rootrecord/RootRecord-Ecosystem/2 - RootRecord-Database/System/samples/sys-20260930-144405.json
2026-09-30T14:44:44-10:00job:github_sync_all | ↑ [ecosystem] committed 2 local file(s)
2026-09-30T14:44:44-10:00job:github_sync_all | ↓ [ecosystem] fetching origin/main
2026-09-30T14:44:44-10:00job:github_sync_all | From github.com:RootRecord-Software-Solutions/RootRecord-Ecosystem
2026-09-30T14:44:44-10:00job:github_sync_all | * branch            main       -> FETCH_HEAD
2026-09-30T14:44:44-10:00job:github_sync_all | ↑ [ecosystem] local is ahead of GitHub
2026-09-30T14:44:44-10:00job:github_sync_all | To github.com:RootRecord-Software-Solutions/RootRecord-Ecosystem.git
2026-09-30T14:44:44-10:00job:github_sync_all | 104f9ff..540fd0b  HEAD -> main
2026-09-30T14:44:44-10:00job:github_sync_all | branch 'main' set up to track 'origin/main'.
2026-09-30T14:44:44-10:00job:github_sync_all | ↑ [ecosystem] 2 files → RootRecord-Software-Solutions/RootRecord-Ecosystem (main)
2026-09-30T14:44:44-10:00job:github_sync_all | ↑ [pacific] committed 2 local file(s)
2026-09-30T14:44:44-10:00job:github_sync_all | ↓ [pacific] fetching origin/main
2026-09-30T14:44:44-10:00job:github_sync_all | From github.com:RootRecord-Software-Solutions/RootRecord-Pacific-Solar-Server
2026-09-30T14:44:44-10:00job:github_sync_all | * branch            main       -> FETCH_HEAD
2026-09-30T14:44:44-10:00job:github_sync_all | ↑ [pacific] local is ahead of GitHub
2026-09-30T14:44:44-10:00job:github_sync_all | To github.com:RootRecord-Software-Solutions/RootRecord-Pacific-Solar-Server.git
2026-09-30T14:44:44-10:00job:github_sync_all | d6707e9..bbd32e5  HEAD -> main
2026-09-30T14:44:44-10:00job:github_sync_all | branch 'main' set up to track 'origin/main'.
2026-09-30T14:44:44-10:00job:github_sync_all | ↑ [pacific] 2 files → RootRecord-Software-Solutions/RootRecord-Pacific-Solar-Server (main)
2026-09-30T14:44:44-10:00job:github_sync_all | ↑ [database] committed 12 local file(s)
2026-09-30T14:44:44-10:00job:github_sync_all | ↓ [database] fetching origin/main
2026-09-30T14:44:44-10:00job:github_sync_all | From github.com:RootRecord-Software-Solutions/RootRecord-Database
2026-09-30T14:44:44-10:00job:github_sync_all | * branch              main       -> FETCH_HEAD
2026-09-30T14:44:44-10:00job:github_sync_all | ↑ [database] local is ahead of GitHub
2026-09-30T14:44:44-10:00job:github_sync_all | To github.com:RootRecord-Software-Solutions/RootRecord-Database.git
2026-09-30T14:44:44-10:00job:github_sync_all | 06ddc454..05a255d6  HEAD -> main
2026-09-30T14:44:44-10:00job:github_sync_all | branch 'main' set up to track 'origin/main'.
2026-09-30T14:44:44-10:00job:github_sync_all | ↑ [database] 12 files → RootRecord-Software-Solutions/RootRecord-Database (main)
2026-09-30T14:44:44-10:00job:github_sync_all | — [library] no local changes
2026-09-30T14:44:44-10:00job:github_sync_all | ↓ [library] fetching origin/main
2026-09-30T14:44:44-10:00job:github_sync_all | From github.com:RootRecord-Software-Solutions/RootRecord-Library
2026-09-30T14:44:44-10:00job:github_sync_all | * branch            main       -> FETCH_HEAD
2026-09-30T14:44:44-10:00job:github_sync_all | — [library] local and GitHub already match
2026-09-30T14:44:44-10:00job:github_sync_all | — [library] nothing to push
2026-09-30T14:44:44-10:00job:github_sync_all | — [skills] no local changes
2026-09-30T14:44:44-10:00job:github_sync_all | ↓ [skills] fetching origin/main
2026-09-30T14:44:44-10:00job:github_sync_all | From github.com:rootrecordsoftwaresolutions/Solar-Pacific-RootRecord-Server
2026-09-30T14:44:44-10:00job:github_sync_all | * branch            main       -> FETCH_HEAD
2026-09-30T14:44:44-10:00job:github_sync_all | — [skills] local and GitHub already match
2026-09-30T14:44:44-10:00job:github_sync_all | — [skills] nothing to push
2026-09-30T14:44:44-10:00job:worklog_scan RUN  bash "/home/rootrecord/RootRecord-Ecosystem/1 - Servers/1 - RootRecord-Pacific-Solar-Server/Reports/scripts/worklog_once.sh"
2026-09-30T14:44:48-10:00job:worklog_scan | OK wrote/updated /home/rootrecord/RootRecord-Ecosystem/2 - RootRecord-Database/Worklog/worklog_current.md
2026-09-30T14:44:48-10:00job:security_camera_frame_grab RUN  bash "/home/rootrecord/RootRecord-Ecosystem/1 - Servers/1 - RootRecord-Pacific-Solar-Server/Security/Cameras/grab_all.sh"
2026-09-30T14:45:04-10:00job:security_camera_frame_grab | 14:44:48  📷  a-eyes  ch1 → ch1-20261001T004448Z.jpg  (480.5 KB, 4.42s)
2026-09-30T14:45:04-10:00job:security_camera_frame_grab | 14:44:53  📷  a-eyes  ch2 → ch2-20261001T004453Z.jpg  (277.5 KB, 4.43s)
2026-09-30T14:45:04-10:00job:security_camera_frame_grab | 14:44:57  📷  a-eyes  ch3 → ch3-20261001T004457Z.jpg  (365.8 KB, 4.40s)
2026-09-30T14:45:04-10:00job:security_camera_frame_grab | 14:45:02  📷  a-eyes  ch4 → ch4-20261001T004502Z.jpg  (11.9 KB, 1.74s)
2026-09-30T14:45:04-10:00ENERGY  status=live  B2=22.0%  B1=49.4%  solar=57 W  ac=86 W  usbc=16 W  src=/home/rootrecord/RootRecord-Ecosystem/2 - RootRecord-Database/Energy  LAP=100%/Full/AC
2026-09-30T14:45:19-10:00  ▸  SUMMARY=delta2 soc=22.02% solar=39W ac_out=— usbc=29W src=ble db=ok
2026-09-30T14:45:19-10:00job:sys_stats_cycle RUN  bash "/home/rootrecord/RootRecord-Ecosystem/1 - Servers/1 - RootRecord-Pacific-Solar-Server/System/scripts/sys-sample.sh"
2026-09-30T14:45:20-10:00job:sys_stats_cycle | SYSTEM  cpu=22%  load=0.93  mem=66%  src=sqlite
2026-09-30T14:45:20-10:00job:sys_stats_cycle | OK wrote /home/rootrecord/RootRecord-Ecosystem/2 - RootRecord-Database/System/samples/sys-20260930-144519.json
2026-09-30T14:46:00-10:00job:github_sync_all | ↑ [ecosystem] committed 1 local file(s)
2026-09-30T14:46:00-10:00job:github_sync_all | ↓ [ecosystem] fetching origin/main
2026-09-30T14:46:00-10:00job:github_sync_all | From github.com:RootRecord-Software-Solutions/RootRecord-Ecosystem
2026-09-30T14:46:00-10:00job:github_sync_all | * branch            main       -> FETCH_HEAD
2026-09-30T14:46:00-10:00job:github_sync_all | ↑ [ecosystem] local is ahead of GitHub
2026-09-30T14:46:00-10:00job:github_sync_all | To github.com:RootRecord-Software-Solutions/RootRecord-Ecosystem.git
2026-09-30T14:46:00-10:00job:github_sync_all | 540fd0b..1fc227e  HEAD -> main
2026-09-30T14:46:00-10:00job:github_sync_all | branch 'main' set up to track 'origin/main'.
2026-09-30T14:46:00-10:00job:github_sync_all | ↑ [ecosystem] 1 files → RootRecord-Software-Solutions/RootRecord-Ecosystem (main)
2026-09-30T14:46:00-10:00job:github_sync_all | ↑ [pacific] committed 1 local file(s)
2026-09-30T14:46:00-10:00job:github_sync_all | ↓ [pacific] fetching origin/main
2026-09-30T14:46:00-10:00job:github_sync_all | From github.com:RootRecord-Software-Solutions/RootRecord-Pacific-Solar-Server
2026-09-30T14:46:00-10:00job:github_sync_all | * branch            main       -> FETCH_HEAD
2026-09-30T14:46:00-10:00job:github_sync_all | ↑ [pacific] local is ahead of GitHub
2026-09-30T14:46:00-10:00job:github_sync_all | To github.com:RootRecord-Software-Solutions/RootRecord-Pacific-Solar-Server.git
2026-09-30T14:46:00-10:00job:github_sync_all | bbd32e5..a39be2f  HEAD -> main
2026-09-30T14:46:00-10:00job:github_sync_all | branch 'main' set up to track 'origin/main'.
2026-09-30T14:46:00-10:00job:github_sync_all | ↑ [pacific] 1 files → RootRecord-Software-Solutions/RootRecord-Pacific-Solar-Server (main)
2026-09-30T14:46:00-10:00job:github_sync_all | ↑ [database] committed 17 local file(s)
2026-09-30T14:46:00-10:00job:github_sync_all | ↓ [database] fetching origin/main
2026-09-30T14:46:00-10:00job:github_sync_all | From github.com:RootRecord-Software-Solutions/RootRecord-Database
2026-09-30T14:46:00-10:00job:github_sync_all | * branch              main       -> FETCH_HEAD
2026-09-30T14:46:00-10:00job:github_sync_all | ↑ [database] local is ahead of GitHub
2026-09-30T14:46:00-10:00job:github_sync_all | To github.com:RootRecord-Software-Solutions/RootRecord-Database.git
2026-09-30T14:46:00-10:00job:github_sync_all | 05a255d6..1daec275  HEAD -> main
2026-09-30T14:46:00-10:00job:github_sync_all | branch 'main' set up to track 'origin/main'.
2026-09-30T14:46:00-10:00job:github_sync_all | ↑ [database] 17 files → RootRecord-Software-Solutions/RootRecord-Database (main)
2026-09-30T14:46:00-10:00job:github_sync_all | — [library] no local changes
2026-09-30T14:46:00-10:00job:github_sync_all | ↓ [library] fetching origin/main
2026-09-30T14:46:00-10:00job:github_sync_all | From github.com:RootRecord-Software-Solutions/RootRecord-Library
2026-09-30T14:46:00-10:00job:github_sync_all | * branch            main       -> FETCH_HEAD
2026-09-30T14:46:00-10:00job:github_sync_all | — [library] local and GitHub already match
2026-09-30T14:46:00-10:00job:github_sync_all | — [library] nothing to push
2026-09-30T14:46:00-10:00job:github_sync_all | — [skills] no local changes
2026-09-30T14:46:00-10:00job:github_sync_all | ↓ [skills] fetching origin/main
2026-09-30T14:46:00-10:00job:github_sync_all | From github.com:rootrecordsoftwaresolutions/Solar-Pacific-RootRecord-Server
2026-09-30T14:46:00-10:00job:github_sync_all | * branch            main       -> FETCH_HEAD
2026-09-30T14:46:00-10:00job:github_sync_all | — [skills] local and GitHub already match
2026-09-30T14:46:00-10:00job:github_sync_all | — [skills] nothing to push
2026-09-30T14:46:00-10:00job:security_camera_frame_grab RUN  bash "/home/rootrecord/RootRecord-Ecosystem/1 - Servers/1 - RootRecord-Pacific-Solar-Server/Security/Cameras/grab_all.sh"
2026-09-30T14:46:15-10:00job:security_camera_frame_grab | 14:46:00  📷  a-eyes  ch1 → ch1-20261001T004600Z.jpg  (471.8 KB, 4.41s)
2026-09-30T14:46:15-10:00job:security_camera_frame_grab | 14:46:05  📷  a-eyes  ch2 → ch2-20261001T004605Z.jpg  (265.4 KB, 4.44s)
2026-09-30T14:46:15-10:00job:security_camera_frame_grab | 14:46:09  📷  a-eyes  ch3 → ch3-20261001T004609Z.jpg  (343.3 KB, 4.36s)
2026-09-30T14:46:15-10:00job:security_camera_frame_grab | 14:46:14  📷  a-eyes  ch4 → ch4-20261001T004614Z.jpg  (11.9 KB, 1.72s)
2026-09-30T14:46:16-10:00ENERGY  status=live  B2=22.0%  B1=49.4%  solar=39 W  ac=86 W  usbc=29 W  src=/home/rootrecord/RootRecord-Ecosystem/2 - RootRecord-Database/Energy  LAP=100%/Full/AC
2026-09-30T14:46:31-10:00  ▸  SUMMARY=river2pro soc=48.7% solar=0W ac_out=87W usbc=0W src=ble db=ok
2026-09-30T14:46:31-10:00job:sys_stats_cycle RUN  bash "/home/rootrecord/RootRecord-Ecosystem/1 - Servers/1 - RootRecord-Pacific-Solar-Server/System/scripts/sys-sample.sh"
2026-09-30T14:46:32-10:00job:sys_stats_cycle | SYSTEM  cpu=13%  load=1.15  mem=65%  src=sqlite
2026-09-30T14:46:32-10:00job:sys_stats_cycle | OK wrote /home/rootrecord/RootRecord-Ecosystem/2 - RootRecord-Database/System/samples/sys-20260930-144631.json
2026-09-30T14:47:13-10:00job:github_sync_all | ↑ [ecosystem] committed 1 local file(s)
2026-09-30T14:47:13-10:00job:github_sync_all | ↓ [ecosystem] fetching origin/main
2026-09-30T14:47:13-10:00job:github_sync_all | From github.com:RootRecord-Software-Solutions/RootRecord-Ecosystem
2026-09-30T14:47:13-10:00job:github_sync_all | * branch            main       -> FETCH_HEAD
2026-09-30T14:47:13-10:00job:github_sync_all | ↑ [ecosystem] local is ahead of GitHub
2026-09-30T14:47:13-10:00job:github_sync_all | To github.com:RootRecord-Software-Solutions/RootRecord-Ecosystem.git
2026-09-30T14:47:13-10:00job:github_sync_all | 1fc227e..96bbcd1  HEAD -> main
2026-09-30T14:47:13-10:00job:github_sync_all | branch 'main' set up to track 'origin/main'.
2026-09-30T14:47:13-10:00job:github_sync_all | ↑ [ecosystem] 1 files → RootRecord-Software-Solutions/RootRecord-Ecosystem (main)
2026-09-30T14:47:13-10:00job:github_sync_all | ↑ [pacific] committed 1 local file(s)
2026-09-30T14:47:13-10:00job:github_sync_all | ↓ [pacific] fetching origin/main
2026-09-30T14:47:13-10:00job:github_sync_all | From github.com:RootRecord-Software-Solutions/RootRecord-Pacific-Solar-Server
2026-09-30T14:47:13-10:00job:github_sync_all | * branch            main       -> FETCH_HEAD
2026-09-30T14:47:13-10:00job:github_sync_all | ↑ [pacific] local is ahead of GitHub
2026-09-30T14:47:13-10:00job:github_sync_all | To github.com:RootRecord-Software-Solutions/RootRecord-Pacific-Solar-Server.git
2026-09-30T14:47:13-10:00job:github_sync_all | a39be2f..6b86690  HEAD -> main
2026-09-30T14:47:13-10:00job:github_sync_all | branch 'main' set up to track 'origin/main'.
2026-09-30T14:47:13-10:00job:github_sync_all | ↑ [pacific] 1 files → RootRecord-Software-Solutions/RootRecord-Pacific-Solar-Server (main)
2026-09-30T14:47:13-10:00job:github_sync_all | ↑ [database] committed 19 local file(s)
2026-09-30T14:47:13-10:00job:github_sync_all | ↓ [database] fetching origin/main
2026-09-30T14:47:13-10:00job:github_sync_all | From github.com:RootRecord-Software-Solutions/RootRecord-Database
2026-09-30T14:47:13-10:00job:github_sync_all | * branch              main       -> FETCH_HEAD
2026-09-30T14:47:13-10:00job:github_sync_all | ↑ [database] local is ahead of GitHub
2026-09-30T14:47:13-10:00job:github_sync_all | To github.com:RootRecord-Software-Solutions/RootRecord-Database.git
2026-09-30T14:47:13-10:00job:github_sync_all | 1daec275..72fdf4b3  HEAD -> main
2026-09-30T14:47:13-10:00job:github_sync_all | branch 'main' set up to track 'origin/main'.
2026-09-30T14:47:13-10:00job:github_sync_all | ↑ [database] 19 files → RootRecord-Software-Solutions/RootRecord-Database (main)
2026-09-30T14:47:13-10:00job:github_sync_all | — [library] no local changes
2026-09-30T14:47:13-10:00job:github_sync_all | ↓ [library] fetching origin/main
2026-09-30T14:47:13-10:00job:github_sync_all | From github.com:RootRecord-Software-Solutions/RootRecord-Library
2026-09-30T14:47:13-10:00job:github_sync_all | * branch            main       -> FETCH_HEAD
2026-09-30T14:47:13-10:00job:github_sync_all | — [library] local and GitHub already match
2026-09-30T14:47:13-10:00job:github_sync_all | — [library] nothing to push
2026-09-30T14:47:13-10:00job:github_sync_all | — [skills] no local changes
2026-09-30T14:47:13-10:00job:github_sync_all | ↓ [skills] fetching origin/main
2026-09-30T14:47:13-10:00job:github_sync_all | From github.com:rootrecordsoftwaresolutions/Solar-Pacific-RootRecord-Server
2026-09-30T14:47:13-10:00job:github_sync_all | * branch            main       -> FETCH_HEAD
2026-09-30T14:47:13-10:00job:github_sync_all | — [skills] local and GitHub already match
2026-09-30T14:47:13-10:00job:github_sync_all | — [skills] nothing to push
2026-09-30T14:47:13-10:00job:worklog_scan RUN  bash "/home/rootrecord/RootRecord-Ecosystem/1 - Servers/1 - RootRecord-Pacific-Solar-Server/Reports/scripts/worklog_once.sh"
2026-09-30T14:47:22-10:00job:worklog_scan | OK wrote/updated /home/rootrecord/RootRecord-Ecosystem/2 - RootRecord-Database/Worklog/worklog_current.md
2026-09-30T14:47:22-10:00job:security_camera_frame_grab RUN  bash "/home/rootrecord/RootRecord-Ecosystem/1 - Servers/1 - RootRecord-Pacific-Solar-Server/Security/Cameras/grab_all.sh"
2026-09-30T14:47:37-10:00job:security_camera_frame_grab | 14:47:22  📷  a-eyes  ch1 → ch1-20261001T004722Z.jpg  (470.6 KB, 4.56s)
2026-09-30T14:47:37-10:00job:security_camera_frame_grab | 14:47:26  📷  a-eyes  ch2 → ch2-20261001T004726Z.jpg  (266.5 KB, 4.40s)
2026-09-30T14:47:37-10:00job:security_camera_frame_grab | 14:47:31  📷  a-eyes  ch3 → ch3-20261001T004731Z.jpg  (363.2 KB, 4.36s)
2026-09-30T14:47:37-10:00job:security_camera_frame_grab | 14:47:35  📷  a-eyes  ch4 → ch4-20261001T004735Z.jpg  (11.8 KB, 1.68s)
2026-09-30T14:47:37-10:00job:service_supervisor RUN  bash "/home/rootrecord/RootRecord-Ecosystem/1 - Servers/1 - RootRecord-Pacific-Solar-Server/Automations/scripts/supervise-services.sh"
2026-09-30T14:47:37-10:00job:service_supervisor | [supervisor] weather alive pid=304140 304463 305661 305866 308654 309134 309348 309668 313159 392716 736568 775116 (act)
2026-09-30T14:47:37-10:00job:service_supervisor | [supervisor] relay alive pid=1105254 (act)
2026-09-30T14:47:37-10:00ENERGY  status=live  B2=22.0%  B1=48.7%  solar=39 W  ac=87 W  usbc=29 W  src=/home/rootrecord/RootRecord-Ecosystem/2 - RootRecord-Database/Energy  LAP=100%/Full/AC
2026-09-30T14:47:52-10:00  ▸  SUMMARY=river2pro soc=48.31% solar=0W ac_out=80W usbc=0W src=ble db=ok
2026-09-30T14:47:52-10:00job:sys_stats_cycle RUN  bash "/home/rootrecord/RootRecord-Ecosystem/1 - Servers/1 - RootRecord-Pacific-Solar-Server/System/scripts/sys-sample.sh"
2026-09-30T14:47:53-10:00job:sys_stats_cycle | SYSTEM  cpu=9%  load=0.85  mem=66%  src=sqlite
2026-09-30T14:47:53-10:00job:sys_stats_cycle | OK wrote /home/rootrecord/RootRecord-Ecosystem/2 - RootRecord-Database/System/samples/sys-20260930-144753.json
2026-09-30T14:48:28-10:00job:github_sync_all | — [ecosystem] no committable local changes
2026-09-30T14:48:28-10:00job:github_sync_all | ↓ [ecosystem] fetching origin/main
2026-09-30T14:48:28-10:00job:github_sync_all | From github.com:RootRecord-Software-Solutions/RootRecord-Ecosystem
2026-09-30T14:48:28-10:00job:github_sync_all | * branch            main       -> FETCH_HEAD
2026-09-30T14:48:28-10:00job:github_sync_all | — [ecosystem] local and GitHub already match
2026-09-30T14:48:28-10:00job:github_sync_all | — [ecosystem] nothing to push
2026-09-30T14:48:28-10:00job:github_sync_all | — [pacific] no local changes
2026-09-30T14:48:28-10:00job:github_sync_all | ↓ [pacific] fetching origin/main
2026-09-30T14:48:28-10:00job:github_sync_all | From github.com:RootRecord-Software-Solutions/RootRecord-Pacific-Solar-Server
2026-09-30T14:48:28-10:00job:github_sync_all | * branch            main       -> FETCH_HEAD
2026-09-30T14:48:28-10:00job:github_sync_all | — [pacific] local and GitHub already match
2026-09-30T14:48:28-10:00job:github_sync_all | — [pacific] nothing to push
2026-09-30T14:48:28-10:00job:github_sync_all | ↑ [database] committed 15 local file(s)
2026-09-30T14:48:28-10:00job:github_sync_all | ↓ [database] fetching origin/main
2026-09-30T14:48:28-10:00job:github_sync_all | From github.com:RootRecord-Software-Solutions/RootRecord-Database
2026-09-30T14:48:28-10:00job:github_sync_all | * branch              main       -> FETCH_HEAD
2026-09-30T14:48:28-10:00job:github_sync_all | ↑ [database] local is ahead of GitHub
2026-09-30T14:48:28-10:00job:github_sync_all | To github.com:RootRecord-Software-Solutions/RootRecord-Database.git
2026-09-30T14:48:28-10:00job:github_sync_all | 72fdf4b3..52c171c6  HEAD -> main
2026-09-30T14:48:28-10:00job:github_sync_all | branch 'main' set up to track 'origin/main'.
2026-09-30T14:48:28-10:00job:github_sync_all | ↑ [database] 15 files → RootRecord-Software-Solutions/RootRecord-Database (main)
2026-09-30T14:48:28-10:00job:github_sync_all | — [library] no local changes
2026-09-30T14:48:28-10:00job:github_sync_all | ↓ [library] fetching origin/main
2026-09-30T14:48:28-10:00job:github_sync_all | From github.com:RootRecord-Software-Solutions/RootRecord-Library
2026-09-30T14:48:28-10:00job:github_sync_all | * branch            main       -> FETCH_HEAD
2026-09-30T14:48:28-10:00job:github_sync_all | — [library] local and GitHub already match
2026-09-30T14:48:28-10:00job:github_sync_all | — [library] nothing to push
2026-09-30T14:48:28-10:00job:github_sync_all | — [skills] no local changes
2026-09-30T14:48:28-10:00job:github_sync_all | ↓ [skills] fetching origin/main
2026-09-30T14:48:28-10:00job:github_sync_all | From github.com:rootrecordsoftwaresolutions/Solar-Pacific-RootRecord-Server
2026-09-30T14:48:28-10:00job:github_sync_all | * branch            main       -> FETCH_HEAD
2026-09-30T14:48:28-10:00job:github_sync_all | — [skills] local and GitHub already match
2026-09-30T14:48:28-10:00job:github_sync_all | — [skills] nothing to push
2026-09-30T14:48:28-10:00job:security_camera_frame_grab RUN  bash "/home/rootrecord/RootRecord-Ecosystem/1 - Servers/1 - RootRecord-Pacific-Solar-Server/Security/Cameras/grab_all.sh"
2026-09-30T14:48:43-10:00job:security_camera_frame_grab | 14:48:28  📷  a-eyes  ch1 → ch1-20261001T004828Z.jpg  (483.9 KB, 4.25s)
2026-09-30T14:48:43-10:00job:security_camera_frame_grab | 14:48:32  📷  a-eyes  ch2 → ch2-20261001T004832Z.jpg  (260.7 KB, 4.54s)
2026-09-30T14:48:43-10:00job:security_camera_frame_grab | 14:48:37  📷  a-eyes  ch3 → ch3-20261001T004837Z.jpg  (396.6 KB, 4.39s)
2026-09-30T14:48:43-10:00job:security_camera_frame_grab | 14:48:41  📷  a-eyes  ch4 → ch4-20261001T004841Z.jpg  (11.9 KB, 1.53s)
2026-09-30T14:48:43-10:00ENERGY  status=live  B2=22.0%  B1=48.3%  solar=39 W  ac=80 W  usbc=29 W  src=/home/rootrecord/RootRecord-Ecosystem/2 - RootRecord-Database/Energy  LAP=100%/Full/AC
2026-09-30T14:48:58-10:00  ▸  SUMMARY=delta2 soc=22.02% solar=42W ac_out=— usbc=13W src=ble db=ok
2026-09-30T14:48:58-10:00job:sys_stats_cycle RUN  bash "/home/rootrecord/RootRecord-Ecosystem/1 - Servers/1 - RootRecord-Pacific-Solar-Server/System/scripts/sys-sample.sh"
2026-09-30T14:48:59-10:00job:sys_stats_cycle | SYSTEM  cpu=5%  load=0.91  mem=66%  src=sqlite
2026-09-30T14:48:59-10:00job:sys_stats_cycle | OK wrote /home/rootrecord/RootRecord-Ecosystem/2 - RootRecord-Database/System/samples/sys-20260930-144858.json
2026-09-30T14:49:33-10:00job:github_sync_all | — [ecosystem] no committable local changes
2026-09-30T14:49:33-10:00job:github_sync_all | ↓ [ecosystem] fetching origin/main
2026-09-30T14:49:33-10:00job:github_sync_all | From github.com:RootRecord-Software-Solutions/RootRecord-Ecosystem
2026-09-30T14:49:33-10:00job:github_sync_all | * branch            main       -> FETCH_HEAD
2026-09-30T14:49:33-10:00job:github_sync_all | — [ecosystem] local and GitHub already match
2026-09-30T14:49:33-10:00job:github_sync_all | — [ecosystem] nothing to push
2026-09-30T14:49:33-10:00job:github_sync_all | — [pacific] no local changes
2026-09-30T14:49:33-10:00job:github_sync_all | ↓ [pacific] fetching origin/main
2026-09-30T14:49:33-10:00job:github_sync_all | From github.com:RootRecord-Software-Solutions/RootRecord-Pacific-Solar-Server
2026-09-30T14:49:33-10:00job:github_sync_all | * branch            main       -> FETCH_HEAD
2026-09-30T14:49:33-10:00job:github_sync_all | — [pacific] local and GitHub already match
2026-09-30T14:49:33-10:00job:github_sync_all | — [pacific] nothing to push
2026-09-30T14:49:33-10:00job:github_sync_all | ↑ [database] committed 12 local file(s)
2026-09-30T14:49:33-10:00job:github_sync_all | ↓ [database] fetching origin/main
2026-09-30T14:49:33-10:00job:github_sync_all | From github.com:RootRecord-Software-Solutions/RootRecord-Database
2026-09-30T14:49:33-10:00job:github_sync_all | * branch              main       -> FETCH_HEAD
2026-09-30T14:49:33-10:00job:github_sync_all | ↑ [database] local is ahead of GitHub
2026-09-30T14:49:33-10:00job:github_sync_all | To github.com:RootRecord-Software-Solutions/RootRecord-Database.git
2026-09-30T14:49:33-10:00job:github_sync_all | 52c171c6..18344757  HEAD -> main
2026-09-30T14:49:33-10:00job:github_sync_all | branch 'main' set up to track 'origin/main'.
2026-09-30T14:49:33-10:00job:github_sync_all | ↑ [database] 12 files → RootRecord-Software-Solutions/RootRecord-Database (main)
2026-09-30T14:49:33-10:00job:github_sync_all | — [library] no local changes
2026-09-30T14:49:33-10:00job:github_sync_all | ↓ [library] fetching origin/main
2026-09-30T14:49:33-10:00job:github_sync_all | From github.com:RootRecord-Software-Solutions/RootRecord-Library
2026-09-30T14:49:33-10:00job:github_sync_all | * branch            main       -> FETCH_HEAD
2026-09-30T14:49:33-10:00job:github_sync_all | — [library] local and GitHub already match
2026-09-30T14:49:33-10:00job:github_sync_all | — [library] nothing to push
2026-09-30T14:49:33-10:00job:github_sync_all | — [skills] no local changes
2026-09-30T14:49:33-10:00job:github_sync_all | ↓ [skills] fetching origin/main
2026-09-30T14:49:33-10:00job:github_sync_all | From github.com:rootrecordsoftwaresolutions/Solar-Pacific-RootRecord-Server
2026-09-30T14:49:33-10:00job:github_sync_all | * branch            main       -> FETCH_HEAD
2026-09-30T14:49:33-10:00job:github_sync_all | — [skills] local and GitHub already match
2026-09-30T14:49:33-10:00job:github_sync_all | — [skills] nothing to push
2026-09-30T14:49:33-10:00job:worklog_scan RUN  bash "/home/rootrecord/RootRecord-Ecosystem/1 - Servers/1 - RootRecord-Pacific-Solar-Server/Reports/scripts/worklog_once.sh"
2026-09-30T14:49:38-10:00job:worklog_scan | OK wrote/updated /home/rootrecord/RootRecord-Ecosystem/2 - RootRecord-Database/Worklog/worklog_current.md
2026-09-30T14:49:38-10:00job:security_camera_frame_grab RUN  bash "/home/rootrecord/RootRecord-Ecosystem/1 - Servers/1 - RootRecord-Pacific-Solar-Server/Security/Cameras/grab_all.sh"
2026-09-30T14:49:53-10:00job:security_camera_frame_grab | 14:49:38  📷  a-eyes  ch1 → ch1-20261001T004938Z.jpg  (493.9 KB, 4.54s)
2026-09-30T14:49:53-10:00job:security_camera_frame_grab | 14:49:42  📷  a-eyes  ch2 → ch2-20261001T004942Z.jpg  (261.0 KB, 4.57s)
2026-09-30T14:49:53-10:00job:security_camera_frame_grab | 14:49:47  📷  a-eyes  ch3 → ch3-20261001T004947Z.jpg  (393.4 KB, 4.59s)
2026-09-30T14:49:53-10:00job:security_camera_frame_grab | 14:49:51  📷  a-eyes  ch4 → ch4-20261001T004951Z.jpg  (11.9 KB, 1.54s)
2026-09-30T14:49:53-10:00ENERGY  status=live  B2=22.0%  B1=48.3%  solar=42 W  ac=80 W  usbc=13 W  src=/home/rootrecord/RootRecord-Ecosystem/2 - RootRecord-Database/Energy  LAP=100%/Full/AC
2026-09-30T14:50:08-10:00  ▸  SUMMARY=delta2 soc=22.02% solar=45W ac_out=— usbc=17W src=ble db=ok
2026-09-30T14:50:08-10:00job:sys_stats_cycle RUN  bash "/home/rootrecord/RootRecord-Ecosystem/1 - Servers/1 - RootRecord-Pacific-Solar-Server/System/scripts/sys-sample.sh"
2026-09-30T14:50:09-10:00job:sys_stats_cycle | SYSTEM  cpu=15%  load=1.32  mem=65%  src=sqlite
2026-09-30T14:50:09-10:00job:sys_stats_cycle | OK wrote /home/rootrecord/RootRecord-Ecosystem/2 - RootRecord-Database/System/samples/sys-20260930-145008.json
2026-09-30T14:50:46-10:00job:github_sync_all | — [ecosystem] no committable local changes
2026-09-30T14:50:46-10:00job:github_sync_all | ↓ [ecosystem] fetching origin/main
2026-09-30T14:50:46-10:00job:github_sync_all | From github.com:RootRecord-Software-Solutions/RootRecord-Ecosystem
2026-09-30T14:50:46-10:00job:github_sync_all | * branch            main       -> FETCH_HEAD
2026-09-30T14:50:46-10:00job:github_sync_all | — [ecosystem] local and GitHub already match
2026-09-30T14:50:46-10:00job:github_sync_all | — [ecosystem] nothing to push
2026-09-30T14:50:46-10:00job:github_sync_all | — [pacific] no local changes
2026-09-30T14:50:46-10:00job:github_sync_all | ↓ [pacific] fetching origin/main
2026-09-30T14:50:46-10:00job:github_sync_all | From github.com:RootRecord-Software-Solutions/RootRecord-Pacific-Solar-Server
2026-09-30T14:50:46-10:00job:github_sync_all | * branch            main       -> FETCH_HEAD
2026-09-30T14:50:46-10:00job:github_sync_all | — [pacific] local and GitHub already match
2026-09-30T14:50:46-10:00job:github_sync_all | — [pacific] nothing to push
2026-09-30T14:50:46-10:00job:github_sync_all | ↑ [database] committed 16 local file(s)
2026-09-30T14:50:46-10:00job:github_sync_all | ↓ [database] fetching origin/main
2026-09-30T14:50:46-10:00job:github_sync_all | From github.com:RootRecord-Software-Solutions/RootRecord-Database
2026-09-30T14:50:46-10:00job:github_sync_all | * branch              main       -> FETCH_HEAD
2026-09-30T14:50:46-10:00job:github_sync_all | ↑ [database] local is ahead of GitHub
2026-09-30T14:50:46-10:00job:github_sync_all | To github.com:RootRecord-Software-Solutions/RootRecord-Database.git
2026-09-30T14:50:46-10:00job:github_sync_all | 18344757..0e1d68ca  HEAD -> main
2026-09-30T14:50:46-10:00job:github_sync_all | branch 'main' set up to track 'origin/main'.
2026-09-30T14:50:46-10:00job:github_sync_all | ↑ [database] 16 files → RootRecord-Software-Solutions/RootRecord-Database (main)
2026-09-30T14:50:46-10:00job:github_sync_all | — [library] no local changes
2026-09-30T14:50:46-10:00job:github_sync_all | ↓ [library] fetching origin/main
2026-09-30T14:50:46-10:00job:github_sync_all | From github.com:RootRecord-Software-Solutions/RootRecord-Library
2026-09-30T14:50:46-10:00job:github_sync_all | * branch            main       -> FETCH_HEAD
2026-09-30T14:50:46-10:00job:github_sync_all | — [library] local and GitHub already match
2026-09-30T14:50:46-10:00job:github_sync_all | — [library] nothing to push
2026-09-30T14:50:46-10:00job:github_sync_all | — [skills] no local changes
2026-09-30T14:50:46-10:00job:github_sync_all | ↓ [skills] fetching origin/main
2026-09-30T14:50:46-10:00job:github_sync_all | From github.com:rootrecordsoftwaresolutions/Solar-Pacific-RootRecord-Server
2026-09-30T14:50:46-10:00job:github_sync_all | * branch            main       -> FETCH_HEAD
2026-09-30T14:50:46-10:00job:github_sync_all | — [skills] local and GitHub already match
2026-09-30T14:50:46-10:00job:github_sync_all | — [skills] nothing to push
2026-09-30T14:50:46-10:00job:security_camera_frame_grab RUN  bash "/home/rootrecord/RootRecord-Ecosystem/1 - Servers/1 - RootRecord-Pacific-Solar-Server/Security/Cameras/grab_all.sh"
2026-09-30T14:51:01-10:00job:security_camera_frame_grab | 14:50:46  📷  a-eyes  ch1 → ch1-20261001T005046Z.jpg  (502.6 KB, 4.48s)
2026-09-30T14:51:01-10:00job:security_camera_frame_grab | 14:50:51  📷  a-eyes  ch2 → ch2-20261001T005051Z.jpg  (264.2 KB, 4.18s)
2026-09-30T14:51:01-10:00job:security_camera_frame_grab | 14:50:55  📷  a-eyes  ch3 → ch3-20261001T005055Z.jpg  (390.5 KB, 4.46s)
2026-09-30T14:51:01-10:00job:security_camera_frame_grab | 14:50:59  📷  a-eyes  ch4 → ch4-20261001T005059Z.jpg  (12.0 KB, 1.60s)
2026-09-30T14:51:01-10:00ENERGY  status=live  B2=22.0%  B1=48.3%  solar=45 W  ac=80 W  usbc=17 W  src=/home/rootrecord/RootRecord-Ecosystem/2 - RootRecord-Database/Energy  LAP=100%/Full/AC
2026-09-30T14:51:16-10:00  ▸  SUMMARY=delta2 soc=22.02% solar=42W ac_out=— usbc=19W src=ble db=ok
2026-09-30T14:51:16-10:00job:sys_stats_cycle RUN  bash "/home/rootrecord/RootRecord-Ecosystem/1 - Servers/1 - RootRecord-Pacific-Solar-Server/System/scripts/sys-sample.sh"
2026-09-30T14:51:17-10:00job:sys_stats_cycle | SYSTEM  cpu=11%  load=2.06  mem=65%  src=sqlite
2026-09-30T14:51:17-10:00job:sys_stats_cycle | OK wrote /home/rootrecord/RootRecord-Ecosystem/2 - RootRecord-Database/System/samples/sys-20260930-145116.json
2026-09-30T14:51:56-10:00job:github_sync_all | — [ecosystem] no committable local changes
2026-09-30T14:51:56-10:00job:github_sync_all | ↓ [ecosystem] fetching origin/main
2026-09-30T14:51:56-10:00job:github_sync_all | From github.com:RootRecord-Software-Solutions/RootRecord-Ecosystem
2026-09-30T14:51:56-10:00job:github_sync_all | * branch            main       -> FETCH_HEAD
2026-09-30T14:51:56-10:00job:github_sync_all | — [ecosystem] local and GitHub already match
2026-09-30T14:51:56-10:00job:github_sync_all | — [ecosystem] nothing to push
2026-09-30T14:51:56-10:00job:github_sync_all | — [pacific] no local changes
2026-09-30T14:51:56-10:00job:github_sync_all | ↓ [pacific] fetching origin/main
2026-09-30T14:51:56-10:00job:github_sync_all | From github.com:RootRecord-Software-Solutions/RootRecord-Pacific-Solar-Server
2026-09-30T14:51:56-10:00job:github_sync_all | * branch            main       -> FETCH_HEAD
2026-09-30T14:51:56-10:00job:github_sync_all | — [pacific] local and GitHub already match
2026-09-30T14:51:56-10:00job:github_sync_all | — [pacific] nothing to push
2026-09-30T14:51:56-10:00job:github_sync_all | ↑ [database] committed 12 local file(s)
2026-09-30T14:51:56-10:00job:github_sync_all | ↓ [database] fetching origin/main
2026-09-30T14:51:56-10:00job:github_sync_all | From github.com:RootRecord-Software-Solutions/RootRecord-Database
2026-09-30T14:51:56-10:00job:github_sync_all | * branch              main       -> FETCH_HEAD
2026-09-30T14:51:56-10:00job:github_sync_all | ↑ [database] local is ahead of GitHub
2026-09-30T14:51:56-10:00job:github_sync_all | To github.com:RootRecord-Software-Solutions/RootRecord-Database.git
2026-09-30T14:51:56-10:00job:github_sync_all | 0e1d68ca..7fd01268  HEAD -> main
2026-09-30T14:51:56-10:00job:github_sync_all | branch 'main' set up to track 'origin/main'.
2026-09-30T14:51:56-10:00job:github_sync_all | ↑ [database] 12 files → RootRecord-Software-Solutions/RootRecord-Database (main)
2026-09-30T14:51:56-10:00job:github_sync_all | ↑ [library] committed 3 local file(s)
2026-09-30T14:51:56-10:00job:github_sync_all | ↓ [library] fetching origin/main
2026-09-30T14:51:56-10:00job:github_sync_all | From github.com:RootRecord-Software-Solutions/RootRecord-Library
2026-09-30T14:51:56-10:00job:github_sync_all | * branch            main       -> FETCH_HEAD
2026-09-30T14:51:56-10:00job:github_sync_all | ↑ [library] local is ahead of GitHub
2026-09-30T14:51:56-10:00job:github_sync_all | To github.com:RootRecord-Software-Solutions/RootRecord-Library.git
2026-09-30T14:51:56-10:00job:github_sync_all | c407012..43160bd  HEAD -> main
2026-09-30T14:51:56-10:00job:github_sync_all | branch 'main' set up to track 'origin/main'.
2026-09-30T14:51:56-10:00job:github_sync_all | ↑ [library] 3 files → RootRecord-Software-Solutions/RootRecord-Library (main)
2026-09-30T14:51:56-10:00job:github_sync_all | — [skills] no local changes
2026-09-30T14:51:56-10:00job:github_sync_all | ↓ [skills] fetching origin/main
2026-09-30T14:51:56-10:00job:github_sync_all | From github.com:rootrecordsoftwaresolutions/Solar-Pacific-RootRecord-Server
2026-09-30T14:51:56-10:00job:github_sync_all | * branch            main       -> FETCH_HEAD
2026-09-30T14:51:56-10:00job:github_sync_all | — [skills] local and GitHub already match
2026-09-30T14:51:56-10:00job:github_sync_all | — [skills] nothing to push
2026-09-30T14:51:56-10:00job:worklog_scan RUN  bash "/home/rootrecord/RootRecord-Ecosystem/1 - Servers/1 - RootRecord-Pacific-Solar-Server/Reports/scripts/worklog_once.sh"
2026-09-30T14:52:00-10:00job:worklog_scan | OK wrote/updated /home/rootrecord/RootRecord-Ecosystem/2 - RootRecord-Database/Worklog/worklog_current.md
2026-09-30T14:52:00-10:00job:security_camera_frame_grab RUN  bash "/home/rootrecord/RootRecord-Ecosystem/1 - Servers/1 - RootRecord-Pacific-Solar-Server/Security/Cameras/grab_all.sh"
2026-09-30T14:52:15-10:00job:security_camera_frame_grab | 14:52:01  📷  a-eyes  ch1 → ch1-20261001T005201Z.jpg  (508.1 KB, 4.47s)
2026-09-30T14:52:15-10:00job:security_camera_frame_grab | 14:52:05  📷  a-eyes  ch2 → ch2-20261001T005205Z.jpg  (267.2 KB, 4.34s)
2026-09-30T14:52:15-10:00job:security_camera_frame_grab | 14:52:09  📷  a-eyes  ch3 → ch3-20261001T005209Z.jpg  (397.3 KB, 4.34s)
2026-09-30T14:52:15-10:00job:security_camera_frame_grab | 14:52:14  📷  a-eyes  ch4 → ch4-20261001T005214Z.jpg  (12.0 KB, 1.51s)
2026-09-30T14:52:16-10:00ENERGY  status=live  B2=22.0%  B1=48.3%  solar=42 W  ac=80 W  usbc=19 W  src=/home/rootrecord/RootRecord-Ecosystem/2 - RootRecord-Database/Energy  LAP=100%/Full/AC
2026-09-30T14:52:31-10:00  ▸  SUMMARY=river2pro soc=46.88% solar=0W ac_out=— usbc=0W src=ble db=ok
2026-09-30T14:52:31-10:00job:sys_stats_cycle RUN  bash "/home/rootrecord/RootRecord-Ecosystem/1 - Servers/1 - RootRecord-Pacific-Solar-Server/System/scripts/sys-sample.sh"
2026-09-30T14:52:32-10:00job:sys_stats_cycle | SYSTEM  cpu=7%  load=1.70  mem=68%  src=sqlite
2026-09-30T14:52:32-10:00job:sys_stats_cycle | OK wrote /home/rootrecord/RootRecord-Ecosystem/2 - RootRecord-Database/System/samples/sys-20260930-145231.json
2026-09-30T14:53:19-10:00job:github_sync_all | ↑ [ecosystem] committed 15 local file(s)
2026-09-30T14:53:19-10:00job:github_sync_all | ↓ [ecosystem] fetching origin/main
2026-09-30T14:53:19-10:00job:github_sync_all | From github.com:RootRecord-Software-Solutions/RootRecord-Ecosystem
2026-09-30T14:53:19-10:00job:github_sync_all | * branch            main       -> FETCH_HEAD
2026-09-30T14:53:19-10:00job:github_sync_all | ↑ [ecosystem] local is ahead of GitHub
2026-09-30T14:53:19-10:00job:github_sync_all | To github.com:RootRecord-Software-Solutions/RootRecord-Ecosystem.git
2026-09-30T14:53:19-10:00job:github_sync_all | 96bbcd1..f5a2d01  HEAD -> main
2026-09-30T14:53:19-10:00job:github_sync_all | branch 'main' set up to track 'origin/main'.
2026-09-30T14:53:19-10:00job:github_sync_all | ↑ [ecosystem] 15 files → RootRecord-Software-Solutions/RootRecord-Ecosystem (main)
2026-09-30T14:53:19-10:00job:github_sync_all | ↑ [pacific] committed 3 local file(s)
2026-09-30T14:53:19-10:00job:github_sync_all | ↓ [pacific] fetching origin/main
2026-09-30T14:53:19-10:00job:github_sync_all | From github.com:RootRecord-Software-Solutions/RootRecord-Pacific-Solar-Server
2026-09-30T14:53:19-10:00job:github_sync_all | * branch            main       -> FETCH_HEAD
2026-09-30T14:53:19-10:00job:github_sync_all | ↑ [pacific] local is ahead of GitHub
2026-09-30T14:53:19-10:00job:github_sync_all | To github.com:RootRecord-Software-Solutions/RootRecord-Pacific-Solar-Server.git
2026-09-30T14:53:19-10:00job:github_sync_all | 6b86690..01ce3f4  HEAD -> main
2026-09-30T14:53:19-10:00job:github_sync_all | branch 'main' set up to track 'origin/main'.
2026-09-30T14:53:19-10:00job:github_sync_all | ↑ [pacific] 3 files → RootRecord-Software-Solutions/RootRecord-Pacific-Solar-Server (main)
2026-09-30T14:53:19-10:00job:github_sync_all | ↑ [database] committed 15 local file(s)
2026-09-30T14:53:19-10:00job:github_sync_all | ↓ [database] fetching origin/main
2026-09-30T14:53:19-10:00job:github_sync_all | From github.com:RootRecord-Software-Solutions/RootRecord-Database
2026-09-30T14:53:19-10:00job:github_sync_all | * branch              main       -> FETCH_HEAD
2026-09-30T14:53:19-10:00job:github_sync_all | ↑ [database] local is ahead of GitHub
2026-09-30T14:53:19-10:00job:github_sync_all | To github.com:RootRecord-Software-Solutions/RootRecord-Database.git
2026-09-30T14:53:19-10:00job:github_sync_all | 7fd01268..b74133f6  HEAD -> main
2026-09-30T14:53:19-10:00job:github_sync_all | branch 'main' set up to track 'origin/main'.
2026-09-30T14:53:19-10:00job:github_sync_all | ↑ [database] 15 files → RootRecord-Software-Solutions/RootRecord-Database (main)
2026-09-30T14:53:19-10:00job:github_sync_all | ↑ [library] committed 12 local file(s)
2026-09-30T14:53:19-10:00job:github_sync_all | ↓ [library] fetching origin/main
2026-09-30T14:53:19-10:00job:github_sync_all | From github.com:RootRecord-Software-Solutions/RootRecord-Library
2026-09-30T14:53:19-10:00job:github_sync_all | * branch            main       -> FETCH_HEAD
2026-09-30T14:53:19-10:00job:github_sync_all | ↑ [library] local is ahead of GitHub
2026-09-30T14:53:19-10:00job:github_sync_all | To github.com:RootRecord-Software-Solutions/RootRecord-Library.git
2026-09-30T14:53:19-10:00job:github_sync_all | 43160bd..85174be  HEAD -> main
2026-09-30T14:53:19-10:00job:github_sync_all | branch 'main' set up to track 'origin/main'.
2026-09-30T14:53:19-10:00job:github_sync_all | ↑ [library] 12 files → RootRecord-Software-Solutions/RootRecord-Library (main)
2026-09-30T14:53:19-10:00job:github_sync_all | — [skills] no local changes
2026-09-30T14:53:19-10:00job:github_sync_all | ↓ [skills] fetching origin/main
2026-09-30T14:53:19-10:00job:github_sync_all | From github.com:rootrecordsoftwaresolutions/Solar-Pacific-RootRecord-Server
2026-09-30T14:53:19-10:00job:github_sync_all | * branch            main       -> FETCH_HEAD
2026-09-30T14:53:19-10:00job:security_camera_frame_grab RUN  bash "/home/rootrecord/RootRecord-Ecosystem/1 - Servers/1 - RootRecord-Pacific-Solar-Server/Security/Cameras/grab_all.sh"
2026-09-30T14:53:38-10:00job:security_camera_frame_grab | 14:53:19  📷  a-eyes  ch1 → ch1-20261001T005319Z.jpg  (500.4 KB, 4.36s)
2026-09-30T14:53:38-10:00job:security_camera_frame_grab | 14:53:24  📷  a-eyes  ch2 → ch2-20261001T005324Z.jpg  (251.6 KB, 4.34s)
2026-09-30T14:53:38-10:00job:security_camera_frame_grab | 14:53:28  📷  a-eyes  ch3 → ch3-20261001T005328Z.jpg  (392.1 KB, 4.41s)
2026-09-30T14:53:38-10:00job:security_camera_frame_grab | 14:53:33  📷  a-eyes  ch4 → ch4-20261001T005333Z.jpg  (11.9 KB, 4.91s)
2026-09-30T14:53:38-10:00job:service_supervisor RUN  bash "/home/rootrecord/RootRecord-Ecosystem/1 - Servers/1 - RootRecord-Pacific-Solar-Server/Automations/scripts/supervise-services.sh"
2026-09-30T14:53:38-10:00job:service_supervisor | [supervisor] weather alive pid=304140 304463 305661 305866 308654 309134 309348 309668 313159 392716 736568 775116 (act)
2026-09-30T14:53:38-10:00job:service_supervisor | [supervisor] relay alive pid=1105254 (act)
2026-09-30T14:53:38-10:00ENERGY  status=live  B2=22.0%  B1=46.9%  solar=42 W  ac=Waiting  usbc=19 W  src=/home/rootrecord/RootRecord-Ecosystem/2 - RootRecord-Database/Energy  LAP=100%/Full/AC
2026-09-30T14:53:53-10:00  ▸  SUMMARY=river2pro soc=46.47% solar=0W ac_out=100W usbc=0W src=ble db=ok
2026-09-30T14:53:53-10:00job:sys_stats_cycle RUN  bash "/home/rootrecord/RootRecord-Ecosystem/1 - Servers/1 - RootRecord-Pacific-Solar-Server/System/scripts/sys-sample.sh"
2026-09-30T14:53:54-10:00job:sys_stats_cycle | SYSTEM  cpu=7%  load=1.61  mem=67%  src=sqlite
2026-09-30T14:53:54-10:00job:sys_stats_cycle | OK wrote /home/rootrecord/RootRecord-Ecosystem/2 - RootRecord-Database/System/samples/sys-20260930-145353.json
2026-09-30T14:54:39-10:00job:github_sync_all | ↑ [ecosystem] committed 10 local file(s)
2026-09-30T14:54:39-10:00job:github_sync_all | ↓ [ecosystem] fetching origin/main
2026-09-30T14:54:39-10:00job:github_sync_all | From github.com:RootRecord-Software-Solutions/RootRecord-Ecosystem
2026-09-30T14:54:39-10:00job:github_sync_all | * branch            main       -> FETCH_HEAD
2026-09-30T14:54:39-10:00job:github_sync_all | ↑ [ecosystem] local is ahead of GitHub
2026-09-30T14:54:39-10:00job:github_sync_all | To github.com:RootRecord-Software-Solutions/RootRecord-Ecosystem.git
2026-09-30T14:54:39-10:00job:github_sync_all | f5a2d01..925c68a  HEAD -> main
2026-09-30T14:54:39-10:00job:github_sync_all | branch 'main' set up to track 'origin/main'.
2026-09-30T14:54:39-10:00job:github_sync_all | ↑ [ecosystem] 10 files → RootRecord-Software-Solutions/RootRecord-Ecosystem (main)
2026-09-30T14:54:39-10:00job:github_sync_all | ↑ [pacific] committed 2 local file(s)
2026-09-30T14:54:39-10:00job:github_sync_all | ↓ [pacific] fetching origin/main
2026-09-30T14:54:39-10:00job:github_sync_all | From github.com:RootRecord-Software-Solutions/RootRecord-Pacific-Solar-Server
2026-09-30T14:54:39-10:00job:github_sync_all | * branch            main       -> FETCH_HEAD
2026-09-30T14:54:39-10:00job:github_sync_all | ↑ [pacific] local is ahead of GitHub
2026-09-30T14:54:39-10:00job:github_sync_all | To github.com:RootRecord-Software-Solutions/RootRecord-Pacific-Solar-Server.git
2026-09-30T14:54:39-10:00job:github_sync_all | 01ce3f4..59aebf2  HEAD -> main
2026-09-30T14:54:39-10:00job:github_sync_all | branch 'main' set up to track 'origin/main'.
2026-09-30T14:54:39-10:00job:github_sync_all | ↑ [pacific] 2 files → RootRecord-Software-Solutions/RootRecord-Pacific-Solar-Server (main)
2026-09-30T14:54:39-10:00job:github_sync_all | ↑ [database] committed 12 local file(s)
2026-09-30T14:54:39-10:00job:github_sync_all | ↓ [database] fetching origin/main
2026-09-30T14:54:39-10:00job:github_sync_all | From github.com:RootRecord-Software-Solutions/RootRecord-Database
2026-09-30T14:54:39-10:00job:github_sync_all | * branch              main       -> FETCH_HEAD
2026-09-30T14:54:39-10:00job:github_sync_all | ↑ [database] local is ahead of GitHub
2026-09-30T14:54:39-10:00job:github_sync_all | To github.com:RootRecord-Software-Solutions/RootRecord-Database.git
2026-09-30T14:54:39-10:00job:github_sync_all | b74133f6..6af9f2ae  HEAD -> main
2026-09-30T14:54:39-10:00job:github_sync_all | branch 'main' set up to track 'origin/main'.
2026-09-30T14:54:39-10:00job:github_sync_all | ↑ [database] 12 files → RootRecord-Software-Solutions/RootRecord-Database (main)
2026-09-30T14:54:39-10:00job:github_sync_all | ↑ [library] committed 5 local file(s)
2026-09-30T14:54:39-10:00job:github_sync_all | ↓ [library] fetching origin/main
2026-09-30T14:54:39-10:00job:github_sync_all | From github.com:RootRecord-Software-Solutions/RootRecord-Library
2026-09-30T14:54:39-10:00job:github_sync_all | * branch            main       -> FETCH_HEAD
2026-09-30T14:54:39-10:00job:github_sync_all | ↑ [library] local is ahead of GitHub
2026-09-30T14:54:39-10:00job:github_sync_all | To github.com:RootRecord-Software-Solutions/RootRecord-Library.git
2026-09-30T14:54:39-10:00job:github_sync_all | 85174be..159e7c7  HEAD -> main
2026-09-30T14:54:39-10:00job:github_sync_all | branch 'main' set up to track 'origin/main'.
2026-09-30T14:54:39-10:00job:github_sync_all | ↑ [library] 5 files → RootRecord-Software-Solutions/RootRecord-Library (main)
2026-09-30T14:54:39-10:00job:github_sync_all | — [skills] no local changes
2026-09-30T14:54:39-10:00job:github_sync_all | ↓ [skills] fetching origin/main
2026-09-30T14:54:39-10:00job:github_sync_all | From github.com:rootrecordsoftwaresolutions/Solar-Pacific-RootRecord-Server
2026-09-30T14:54:39-10:00job:github_sync_all | * branch            main       -> FETCH_HEAD
2026-09-30T14:54:39-10:00job:worklog_scan RUN  bash "/home/rootrecord/RootRecord-Ecosystem/1 - Servers/1 - RootRecord-Pacific-Solar-Server/Reports/scripts/worklog_once.sh"
2026-09-30T14:54:48-10:00job:worklog_scan | OK wrote/updated /home/rootrecord/RootRecord-Ecosystem/2 - RootRecord-Database/Worklog/worklog_current.md
2026-09-30T14:54:48-10:00job:security_camera_frame_grab RUN  bash "/home/rootrecord/RootRecord-Ecosystem/1 - Servers/1 - RootRecord-Pacific-Solar-Server/Security/Cameras/grab_all.sh"
2026-09-30T14:55:03-10:00job:security_camera_frame_grab | 14:54:48  📷  a-eyes  ch1 → ch1-20261001T005448Z.jpg  (523.2 KB, 4.45s)
2026-09-30T14:55:03-10:00job:security_camera_frame_grab | 14:54:52  📷  a-eyes  ch2 → ch2-20261001T005452Z.jpg  (260.6 KB, 4.26s)
2026-09-30T14:55:03-10:00job:security_camera_frame_grab | 14:54:57  📷  a-eyes  ch3 → ch3-20261001T005457Z.jpg  (388.1 KB, 4.47s)
2026-09-30T14:55:03-10:00job:security_camera_frame_grab | 14:55:01  📷  a-eyes  ch4 → ch4-20261001T005501Z.jpg  (11.9 KB, 1.50s)
2026-09-30T14:55:03-10:00ENERGY  status=live  B2=22.0%  B1=46.5%  solar=42 W  ac=100 W  usbc=19 W  src=/home/rootrecord/RootRecord-Ecosystem/2 - RootRecord-Database/Energy  LAP=100%/Full/AC
2026-09-30T14:55:15-10:00  ✗  ecoflow_read_cycle FAIL code=-15
2026-09-30T14:55:42-10:00HTTP listening on http://127.0.0.1:8799 (open access on bind)
2026-09-30T14:55:42-10:00boot:start  jobs=10
2026-09-30T14:55:42-10:00boot:run  priority=0  id=self_terminal
2026-09-30T14:55:42-10:00boot:p0 self_process pid=3115
2026-09-30T14:55:42-10:00boot:run  priority=1  id=cloudflare_tunnel
2026-09-30T14:55:42-10:00boot:p1 cloudflare_tunnel host=rootserver.rootrecord.cloud
2026-09-30T14:55:42-10:00internet OK at boot — starting tunnel
2026-09-30T14:55:42-10:00Starting cloudflared mode=token public_host=rootserver.rootrecord.cloud
2026-09-30T14:55:42-10:00Waiting for tunnel register (timeout=45s)…
2026-09-30T14:55:43-10:00tunnel starting
2026-09-30T14:55:44-10:00tunnel connected  conn=0  edge=sjc10
2026-09-30T14:55:44-10:00Tunnel READY — first connection registered.
2026-09-30T14:55:44-10:00boot:run  priority=2  id=github_setup_remotes
2026-09-30T14:55:44-10:00tunnel ingress  rootserver.rootrecord.cloud → 127.0.0.1:8799
2026-09-30T14:55:45-10:00boot:run  priority=3  id=ollama_warmup
2026-09-30T14:55:45-10:00job:ollama_warmup RUN  bash '/home/rootrecord/RootRecord-Ecosystem/1 - Servers/1 - RootRecord-Pacific-Solar-Server/System/scripts/plumbing/ollama-warmup.sh'
2026-09-30T14:55:45-10:00job:ollama_warmup | [ok] ollama up
2026-09-30T14:55:45-10:00boot:run  priority=4  id=flm_npu_warmup
2026-09-30T14:55:45-10:00job:flm_npu_warmup RUN  bash '/home/rootrecord/RootRecord-Ecosystem/1 - Servers/1 - RootRecord-Pacific-Solar-Server/System/scripts/plumbing/flm-warmup.sh'
2026-09-30T14:55:45-10:00tunnel connected  conn=1  edge=lax08
2026-09-30T14:55:45-10:00job:flm_npu_warmup | [skip] FLM warmup disabled (no resident model; set FLM_WARMUP_RESIDENT=1 to opt in)
2026-09-30T14:55:45-10:00boot:run  priority=5  id=council_relay
2026-09-30T14:55:45-10:00job:council_relay RUN  bash "/home/rootrecord/RootRecord-Ecosystem/1 - Servers/1 - RootRecord-Pacific-Solar-Server/Communications/telegram/scripts/ensure-relay.sh"
2026-09-30T14:55:46-10:00tunnel connected  conn=2  edge=sjc07
2026-09-30T14:55:47-10:00tunnel connected  conn=3  edge=lax07
2026-09-30T14:55:48-10:00job:council_relay | [ok] council-relay started pid=4916 → /home/rootrecord/RootRecord-Ecosystem/2 - RootRecord-Database/Logs/Communications/council-relay.log
2026-09-30T14:55:48-10:00boot:run  priority=6  id=security_camera_server
2026-09-30T14:55:48-10:00job:security_camera_server RUN  bash "/home/rootrecord/RootRecord-Ecosystem/1 - Servers/1 - RootRecord-Pacific-Solar-Server/Security/Cameras/ensure_cam_server.sh"
2026-09-30T14:55:48-10:00job:security_camera_server | security cam server started
2026-09-30T14:55:48-10:00boot:run  priority=7  id=security_timelapse_catchup
2026-09-30T14:55:48-10:00job:security_timelapse_catchup RUN  bash "/home/rootrecord/RootRecord-Ecosystem/1 - Servers/1 - RootRecord-Pacific-Solar-Server/Security/Cameras/timelapse_catchup.sh"
2026-09-30T14:55:48-10:00job:security_timelapse_catchup | 14:55:48  🎬  a-eyes-timelapse  catchup: checking 20260930, now=14:55 HST
2026-09-30T14:55:48-10:00job:security_timelapse_catchup | 14:55:48  🎬  a-eyes-timelapse  hour 05 has no frames yet, skipping
2026-09-30T14:55:48-10:00job:security_timelapse_catchup | 14:55:48  🎬  a-eyes-timelapse  hour 06 has no frames yet, skipping
2026-09-30T14:55:48-10:00job:security_timelapse_catchup | 14:55:48  🎬  a-eyes-timelapse  hour 07 has no frames yet, skipping
2026-09-30T14:55:48-10:00job:security_timelapse_catchup | 14:55:48  🎬  a-eyes-timelapse  hour 08 has no frames yet, skipping
2026-09-30T14:55:48-10:00job:security_timelapse_catchup | 14:55:48  🎬  a-eyes-timelapse  hour 09 has no frames yet, skipping
2026-09-30T14:55:48-10:00job:security_timelapse_catchup | 14:55:48  🎬  a-eyes-timelapse  hour 10 has no frames yet, skipping
2026-09-30T14:55:48-10:00job:security_timelapse_catchup | 14:55:48  🎬  a-eyes-timelapse  hour 11 has no frames yet, skipping
2026-09-30T14:55:48-10:00job:security_timelapse_catchup | 14:55:48  🎬  a-eyes-timelapse  hour 12 already compiled, skipping
2026-09-30T14:55:48-10:00job:security_timelapse_catchup | 14:55:48  🎬  a-eyes-timelapse  hour 13 already compiled, skipping
2026-09-30T14:55:48-10:00job:security_timelapse_catchup | 14:55:48  🎬  a-eyes-timelapse  catchup: window still open today, skipping daily render
2026-09-30T14:55:48-10:00boot:run  priority=8  id=weather_poller
2026-09-30T14:55:48-10:00job:weather_poller RUN  bash "/home/rootrecord/RootRecord-Ecosystem/1 - Servers/1 - RootRecord-Pacific-Solar-Server/Weather/scripts/ensure-weather-poller.sh"
2026-09-30T14:55:49-10:00job:weather_poller | [ensure-weather-poller] starting -- entry=/home/rootrecord/RootRecord-Ecosystem/1 - Servers/1 - RootRecord-Pacific-Solar-Server/Weather/scripts/run_poller.py log=/home/rootrecord/RootRecord-Ecosystem/2 - RootRecord-Database/Weather/Hawai'i/logs/weather-poller.log
2026-09-30T14:55:49-10:00job:weather_poller | [ensure-weather-poller] verify: weather poller is running
2026-09-30T14:55:49-10:00boot:run  priority=9  id=network_globe_hawaii
2026-09-30T14:55:49-10:00job:network_globe_hawaii RUN  bash "/home/rootrecord/RootRecord-Ecosystem/1 - Servers/1 - RootRecord-Pacific-Solar-Server/Communications/network/scripts/ensure-network-globe-hawaii.sh"
2026-09-30T14:55:50-10:00job:network_globe_hawaii | [ensure-network-globe-hawaii] starting network-globe-hawaii.service
2026-09-30T14:55:50-10:00job:network_globe_hawaii | [ensure-network-globe-hawaii] verify: network-globe-hawaii.service is active
2026-09-30T14:55:50-10:00boot:done
2026-09-30T14:56:20-10:00  ▸  SUMMARY=delta2 soc=22.02% solar=41W ac_out=— usbc=32W src=ble db=ok
2026-09-30T14:56:20-10:00scheduler  every_seconds=7  every_minute=1  every_hour=2  on_at=3
2026-09-30T14:56:20-10:00ENERGY  status=live  B2=22.0%  B1=45.7%  solar=41 W  ac=84 W  usbc=32 W  src=/home/rootrecord/RootRecord-Ecosystem/2 - RootRecord-Database/Energy  LAP=100%/Full/AC
2026-09-30T14:56:34-10:00  ▸  SUMMARY=delta2 soc=22.02% solar=40W ac_out=— usbc=12W src=ble db=ok
2026-09-30T14:56:34-10:00job:sys_stats_cycle RUN  bash "/home/rootrecord/RootRecord-Ecosystem/1 - Servers/1 - RootRecord-Pacific-Solar-Server/System/scripts/sys-sample.sh"
2026-09-30T14:56:35-10:00job:sys_stats_cycle | SYSTEM  cpu=3%  load=0.88  mem=14%  src=sqlite
2026-09-30T14:56:35-10:00job:sys_stats_cycle | OK wrote /home/rootrecord/RootRecord-Ecosystem/2 - RootRecord-Database/System/samples/sys-20260930-145634.json
2026-09-30T14:57:16-10:00job:github_sync_all | ↑ [ecosystem] committed 2 local file(s)
2026-09-30T14:57:16-10:00job:github_sync_all | ↓ [ecosystem] fetching origin/main
2026-09-30T14:57:16-10:00job:github_sync_all | From github.com:RootRecord-Software-Solutions/RootRecord-Ecosystem
2026-09-30T14:57:16-10:00job:github_sync_all | * branch            main       -> FETCH_HEAD
2026-09-30T14:57:16-10:00job:github_sync_all | * [new branch]      main       -> origin/main
2026-09-30T14:57:16-10:00job:github_sync_all | ↑ [ecosystem] local is ahead of GitHub
2026-09-30T14:57:16-10:00job:github_sync_all | To github.com:RootRecord-Software-Solutions/RootRecord-Ecosystem.git
2026-09-30T14:57:16-10:00job:github_sync_all | 925c68a..aecd6fe  HEAD -> main
2026-09-30T14:57:16-10:00job:github_sync_all | branch 'main' set up to track 'origin/main'.
2026-09-30T14:57:16-10:00job:github_sync_all | ↑ [ecosystem] 2 files → RootRecord-Software-Solutions/RootRecord-Ecosystem (main)
2026-09-30T14:57:16-10:00job:github_sync_all | — [pacific] no local changes
2026-09-30T14:57:16-10:00job:github_sync_all | ↓ [pacific] fetching origin/main
2026-09-30T14:57:16-10:00job:github_sync_all | From github.com:RootRecord-Software-Solutions/RootRecord-Pacific-Solar-Server
2026-09-30T14:57:16-10:00job:github_sync_all | * branch            main       -> FETCH_HEAD
2026-09-30T14:57:16-10:00job:github_sync_all | — [pacific] local and GitHub already match
2026-09-30T14:57:16-10:00job:github_sync_all | — [pacific] nothing to push
2026-09-30T14:57:16-10:00job:github_sync_all | ↑ [database] committed 29 local file(s)
2026-09-30T14:57:16-10:00job:github_sync_all | ↓ [database] fetching origin/main
2026-09-30T14:57:16-10:00job:github_sync_all | From github.com:RootRecord-Software-Solutions/RootRecord-Database
2026-09-30T14:57:16-10:00job:github_sync_all | * branch              main       -> FETCH_HEAD
2026-09-30T14:57:16-10:00job:github_sync_all | ↑ [database] local is ahead of GitHub
2026-09-30T14:57:16-10:00job:github_sync_all | To github.com:RootRecord-Software-Solutions/RootRecord-Database.git
2026-09-30T14:57:16-10:00job:github_sync_all | 6af9f2ae..c40737bc  HEAD -> main
2026-09-30T14:57:16-10:00job:github_sync_all | branch 'main' set up to track 'origin/main'.
2026-09-30T14:57:16-10:00job:github_sync_all | ↑ [database] 29 files → RootRecord-Software-Solutions/RootRecord-Database (main)
2026-09-30T14:57:16-10:00job:github_sync_all | — [library] no local changes
2026-09-30T14:57:16-10:00job:github_sync_all | ↓ [library] fetching origin/main
2026-09-30T14:57:16-10:00job:github_sync_all | From github.com:RootRecord-Software-Solutions/RootRecord-Library
2026-09-30T14:57:16-10:00job:github_sync_all | * branch            main       -> FETCH_HEAD
2026-09-30T14:57:16-10:00job:github_sync_all | — [library] local and GitHub already match
2026-09-30T14:57:16-10:00job:github_sync_all | — [library] nothing to push
2026-09-30T14:57:16-10:00job:github_sync_all | — [skills] no local changes
2026-09-30T14:57:16-10:00job:github_sync_all | ↓ [skills] fetching origin/main
2026-09-30T14:57:16-10:00job:github_sync_all | From github.com:rootrecordsoftwaresolutions/Solar-Pacific-RootRecord-Server
2026-09-30T14:57:16-10:00job:github_sync_all | * branch            main       -> FETCH_HEAD
2026-09-30T14:57:16-10:00job:github_sync_all | * [new branch]      main       -> origin/main
2026-09-30T14:57:16-10:00job:github_sync_all | — [skills] local and GitHub already match
2026-09-30T14:57:16-10:00job:github_sync_all | — [skills] nothing to push
2026-09-30T14:57:16-10:00job:worklog_scan RUN  bash "/home/rootrecord/RootRecord-Ecosystem/1 - Servers/1 - RootRecord-Pacific-Solar-Server/Reports/scripts/worklog_once.sh"
2026-09-30T14:57:21-10:00job:worklog_scan | OK wrote/updated /home/rootrecord/RootRecord-Ecosystem/2 - RootRecord-Database/Worklog/worklog_current.md
2026-09-30T14:57:21-10:00job:security_camera_frame_grab RUN  bash "/home/rootrecord/RootRecord-Ecosystem/1 - Servers/1 - RootRecord-Pacific-Solar-Server/Security/Cameras/grab_all.sh"
2026-09-30T14:57:36-10:00job:security_camera_frame_grab | 14:57:21  📷  a-eyes  ch1 → ch1-20261001T005721Z.jpg  (489.9 KB, 4.46s)
2026-09-30T14:57:36-10:00job:security_camera_frame_grab | 14:57:26  📷  a-eyes  ch2 → ch2-20261001T005726Z.jpg  (240.8 KB, 4.37s)
2026-09-30T14:57:36-10:00job:security_camera_frame_grab | 14:57:30  📷  a-eyes  ch3 → ch3-20261001T005730Z.jpg  (375.0 KB, 4.58s)
2026-09-30T14:57:36-10:00job:security_camera_frame_grab | 14:57:35  📷  a-eyes  ch4 → ch4-20261001T005735Z.jpg  (11.9 KB, 1.52s)
2026-09-30T14:57:36-10:00job:service_supervisor RUN  bash "/home/rootrecord/RootRecord-Ecosystem/1 - Servers/1 - RootRecord-Pacific-Solar-Server/Automations/scripts/supervise-services.sh"
2026-09-30T14:57:37-10:00job:service_supervisor | [supervisor] weather alive pid=5299 (act)
2026-09-30T14:57:37-10:00job:service_supervisor | [supervisor] relay alive pid=4916 (act)
2026-09-30T14:57:37-10:00ENERGY  status=live  B2=22.0%  B1=45.7%  solar=40 W  ac=84 W  usbc=12 W  src=/home/rootrecord/RootRecord-Ecosystem/2 - RootRecord-Database/Energy  LAP=100%/Full/AC
2026-09-30T14:57:52-10:00  ▸  SUMMARY=river2pro soc=45.28% solar=0W ac_out=— usbc=0W src=ble db=ok
2026-09-30T14:57:52-10:00job:sys_stats_cycle RUN  bash "/home/rootrecord/RootRecord-Ecosystem/1 - Servers/1 - RootRecord-Pacific-Solar-Server/System/scripts/sys-sample.sh"
2026-09-30T14:57:52-10:00job:sys_stats_cycle | SYSTEM  cpu=8%  load=1.95  mem=33%  src=sqlite
2026-09-30T14:57:52-10:00job:sys_stats_cycle | OK wrote /home/rootrecord/RootRecord-Ecosystem/2 - RootRecord-Database/System/samples/sys-20260930-145752.json
2026-09-30T14:58:30-10:00job:github_sync_all | ↑ [ecosystem] committed 2 local file(s)
2026-09-30T14:58:30-10:00job:github_sync_all | ↓ [ecosystem] fetching origin/main
2026-09-30T14:58:30-10:00job:github_sync_all | From github.com:RootRecord-Software-Solutions/RootRecord-Ecosystem
2026-09-30T14:58:30-10:00job:github_sync_all | * branch            main       -> FETCH_HEAD
2026-09-30T14:58:30-10:00job:github_sync_all | ↑ [ecosystem] local is ahead of GitHub
2026-09-30T14:58:30-10:00job:github_sync_all | To github.com:RootRecord-Software-Solutions/RootRecord-Ecosystem.git
2026-09-30T14:58:30-10:00job:github_sync_all | aecd6fe..7dc2026  HEAD -> main
2026-09-30T14:58:30-10:00job:github_sync_all | branch 'main' set up to track 'origin/main'.
2026-09-30T14:58:30-10:00job:github_sync_all | ↑ [ecosystem] 2 files → RootRecord-Software-Solutions/RootRecord-Ecosystem (main)
2026-09-30T14:58:30-10:00job:github_sync_all | — [pacific] no local changes
2026-09-30T14:58:30-10:00job:github_sync_all | ↓ [pacific] fetching origin/main
2026-09-30T14:58:30-10:00job:github_sync_all | From github.com:RootRecord-Software-Solutions/RootRecord-Pacific-Solar-Server
2026-09-30T14:58:30-10:00job:github_sync_all | * branch            main       -> FETCH_HEAD
2026-09-30T14:58:30-10:00job:github_sync_all | — [pacific] local and GitHub already match
2026-09-30T14:58:30-10:00job:github_sync_all | — [pacific] nothing to push
2026-09-30T14:58:30-10:00job:github_sync_all | ↑ [database] committed 16 local file(s)
2026-09-30T14:58:30-10:00job:github_sync_all | ↓ [database] fetching origin/main
2026-09-30T14:58:30-10:00job:github_sync_all | From github.com:RootRecord-Software-Solutions/RootRecord-Database
2026-09-30T14:58:30-10:00job:github_sync_all | * branch              main       -> FETCH_HEAD
2026-09-30T14:58:30-10:00job:github_sync_all | ↑ [database] local is ahead of GitHub
2026-09-30T14:58:30-10:00job:github_sync_all | To github.com:RootRecord-Software-Solutions/RootRecord-Database.git
2026-09-30T14:58:30-10:00job:github_sync_all | c40737bc..52078b92  HEAD -> main
2026-09-30T14:58:30-10:00job:github_sync_all | branch 'main' set up to track 'origin/main'.
2026-09-30T14:58:30-10:00job:github_sync_all | ↑ [database] 16 files → RootRecord-Software-Solutions/RootRecord-Database (main)
2026-09-30T14:58:30-10:00job:github_sync_all | — [library] no local changes
2026-09-30T14:58:30-10:00job:github_sync_all | ↓ [library] fetching origin/main
2026-09-30T14:58:30-10:00job:github_sync_all | From github.com:RootRecord-Software-Solutions/RootRecord-Library
2026-09-30T14:58:30-10:00job:github_sync_all | * branch            main       -> FETCH_HEAD
2026-09-30T14:58:30-10:00job:github_sync_all | — [library] local and GitHub already match
2026-09-30T14:58:30-10:00job:github_sync_all | — [library] nothing to push
2026-09-30T14:58:30-10:00job:github_sync_all | — [skills] no local changes
2026-09-30T14:58:30-10:00job:github_sync_all | ↓ [skills] fetching origin/main
2026-09-30T14:58:30-10:00job:github_sync_all | From github.com:rootrecordsoftwaresolutions/Solar-Pacific-RootRecord-Server
2026-09-30T14:58:30-10:00job:github_sync_all | * branch            main       -> FETCH_HEAD
2026-09-30T14:58:30-10:00job:github_sync_all | — [skills] local and GitHub already match
2026-09-30T14:58:30-10:00job:github_sync_all | — [skills] nothing to push
2026-09-30T14:58:30-10:00job:security_camera_frame_grab RUN  bash "/home/rootrecord/RootRecord-Ecosystem/1 - Servers/1 - RootRecord-Pacific-Solar-Server/Security/Cameras/grab_all.sh"
2026-09-30T14:58:45-10:00job:security_camera_frame_grab | 14:58:30  📷  a-eyes  ch1 → ch1-20261001T005830Z.jpg  (486.2 KB, 4.45s)
2026-09-30T14:58:45-10:00job:security_camera_frame_grab | 14:58:35  📷  a-eyes  ch2 → ch2-20261001T005835Z.jpg  (236.9 KB, 4.46s)
2026-09-30T14:58:45-10:00job:security_camera_frame_grab | 14:58:39  📷  a-eyes  ch3 → ch3-20261001T005839Z.jpg  (383.4 KB, 4.48s)
2026-09-30T14:58:45-10:00job:security_camera_frame_grab | 14:58:44  📷  a-eyes  ch4 → ch4-20261001T005844Z.jpg  (11.9 KB, 1.62s)
2026-09-30T14:58:46-10:00ENERGY  status=live  B2=22.0%  B1=45.3%  solar=40 W  ac=Waiting  usbc=12 W  src=/home/rootrecord/RootRecord-Ecosystem/2 - RootRecord-Database/Energy  LAP=100%/Full/AC
2026-09-30T14:59:00-10:00  ▸  SUMMARY=river2pro soc=44.97% solar=0W ac_out=101W usbc=0W src=ble db=ok
2026-09-30T14:59:00-10:00job:sys_stats_cycle RUN  bash "/home/rootrecord/RootRecord-Ecosystem/1 - Servers/1 - RootRecord-Pacific-Solar-Server/System/scripts/sys-sample.sh"
2026-09-30T14:59:01-10:00job:sys_stats_cycle | SYSTEM  cpu=3%  load=1.31  mem=27%  src=sqlite
2026-09-30T14:59:01-10:00job:sys_stats_cycle | OK wrote /home/rootrecord/RootRecord-Ecosystem/2 - RootRecord-Database/System/samples/sys-20260930-145901.json
2026-09-30T14:59:34-10:00job:github_sync_all | — [ecosystem] no committable local changes
2026-09-30T14:59:34-10:00job:github_sync_all | ↓ [ecosystem] fetching origin/main
2026-09-30T14:59:34-10:00job:github_sync_all | From github.com:RootRecord-Software-Solutions/RootRecord-Ecosystem
2026-09-30T14:59:34-10:00job:github_sync_all | * branch            main       -> FETCH_HEAD
2026-09-30T14:59:34-10:00job:github_sync_all | — [ecosystem] local and GitHub already match
2026-09-30T14:59:34-10:00job:github_sync_all | — [ecosystem] nothing to push
2026-09-30T14:59:34-10:00job:github_sync_all | — [pacific] no local changes
2026-09-30T14:59:34-10:00job:github_sync_all | ↓ [pacific] fetching origin/main
2026-09-30T14:59:34-10:00job:github_sync_all | From github.com:RootRecord-Software-Solutions/RootRecord-Pacific-Solar-Server
2026-09-30T14:59:34-10:00job:github_sync_all | * branch            main       -> FETCH_HEAD
2026-09-30T14:59:34-10:00job:github_sync_all | — [pacific] local and GitHub already match
2026-09-30T14:59:34-10:00job:github_sync_all | — [pacific] nothing to push
2026-09-30T14:59:34-10:00job:github_sync_all | ↑ [database] committed 12 local file(s)
2026-09-30T14:59:34-10:00job:github_sync_all | ↓ [database] fetching origin/main
2026-09-30T14:59:34-10:00job:github_sync_all | From github.com:RootRecord-Software-Solutions/RootRecord-Database
2026-09-30T14:59:34-10:00job:github_sync_all | * branch              main       -> FETCH_HEAD
2026-09-30T14:59:34-10:00job:github_sync_all | ↑ [database] local is ahead of GitHub
2026-09-30T14:59:34-10:00job:github_sync_all | To github.com:RootRecord-Software-Solutions/RootRecord-Database.git
2026-09-30T14:59:34-10:00job:github_sync_all | 52078b92..9145fbc4  HEAD -> main
2026-09-30T14:59:34-10:00job:github_sync_all | branch 'main' set up to track 'origin/main'.
2026-09-30T14:59:34-10:00job:github_sync_all | ↑ [database] 12 files → RootRecord-Software-Solutions/RootRecord-Database (main)
2026-09-30T14:59:34-10:00job:github_sync_all | — [library] no local changes
2026-09-30T14:59:34-10:00job:github_sync_all | ↓ [library] fetching origin/main
2026-09-30T14:59:34-10:00job:github_sync_all | From github.com:RootRecord-Software-Solutions/RootRecord-Library
2026-09-30T14:59:34-10:00job:github_sync_all | * branch            main       -> FETCH_HEAD
2026-09-30T14:59:34-10:00job:github_sync_all | — [library] local and GitHub already match
2026-09-30T14:59:34-10:00job:github_sync_all | — [library] nothing to push
2026-09-30T14:59:34-10:00job:github_sync_all | — [skills] no local changes
2026-09-30T14:59:34-10:00job:github_sync_all | ↓ [skills] fetching origin/main
2026-09-30T14:59:34-10:00job:github_sync_all | From github.com:rootrecordsoftwaresolutions/Solar-Pacific-RootRecord-Server
2026-09-30T14:59:34-10:00job:github_sync_all | * branch            main       -> FETCH_HEAD
2026-09-30T14:59:34-10:00job:github_sync_all | — [skills] local and GitHub already match
2026-09-30T14:59:34-10:00job:github_sync_all | — [skills] nothing to push
2026-09-30T14:59:34-10:00job:worklog_scan RUN  bash "/home/rootrecord/RootRecord-Ecosystem/1 - Servers/1 - RootRecord-Pacific-Solar-Server/Reports/scripts/worklog_once.sh"
2026-09-30T14:59:39-10:00job:worklog_scan | OK wrote/updated /home/rootrecord/RootRecord-Ecosystem/2 - RootRecord-Database/Worklog/worklog_current.md
2026-09-30T14:59:39-10:00job:security_camera_frame_grab RUN  bash "/home/rootrecord/RootRecord-Ecosystem/1 - Servers/1 - RootRecord-Pacific-Solar-Server/Security/Cameras/grab_all.sh"
2026-09-30T14:59:54-10:00job:security_camera_frame_grab | 14:59:39  📷  a-eyes  ch1 → ch1-20261001T005939Z.jpg  (492.8 KB, 4.43s)
2026-09-30T14:59:54-10:00job:security_camera_frame_grab | 14:59:44  📷  a-eyes  ch2 → ch2-20261001T005944Z.jpg  (229.4 KB, 4.40s)
2026-09-30T14:59:54-10:00job:security_camera_frame_grab | 14:59:48  📷  a-eyes  ch3 → ch3-20261001T005948Z.jpg  (375.8 KB, 4.56s)
2026-09-30T14:59:54-10:00job:security_camera_frame_grab | 14:59:53  📷  a-eyes  ch4 → ch4-20261001T005953Z.jpg  (12.0 KB, 1.50s)
2026-09-30T14:59:55-10:00ENERGY  status=live  B2=22.0%  B1=45.0%  solar=40 W  ac=101 W  usbc=12 W  src=/home/rootrecord/RootRecord-Ecosystem/2 - RootRecord-Database/Energy  LAP=100%/Full/AC
2026-09-30T15:00:10-10:00  ▸  SUMMARY=river2pro soc=44.6% solar=0W ac_out=86W usbc=0W src=ble db=ok
2026-09-30T15:00:10-10:00job:sys_stats_cycle RUN  bash "/home/rootrecord/RootRecord-Ecosystem/1 - Servers/1 - RootRecord-Pacific-Solar-Server/System/scripts/sys-sample.sh"
2026-09-30T15:00:11-10:00job:sys_stats_cycle | SYSTEM  cpu=12%  load=1.40  mem=27%  src=sqlite
2026-09-30T15:00:11-10:00job:sys_stats_cycle | OK wrote /home/rootrecord/RootRecord-Ecosystem/2 - RootRecord-Database/System/samples/sys-20260930-150010.json
2026-09-30T15:00:28-10:00tunnel timeout — reconnecting
2026-09-30T15:00:29-10:00tunnel timeout — reconnecting
2026-09-30T15:00:29-10:00tunnel timeout — reconnecting
2026-09-30T15:00:29-10:00tunnel timeout — reconnecting
2026-09-30T15:00:29-10:00tunnel timeout — reconnecting
2026-09-30T15:00:30-10:00tunnel connected  conn=0  edge=lax01
2026-09-30T15:00:30-10:00tunnel timeout — reconnecting
2026-09-30T15:00:31-10:00tunnel timeout — reconnecting
2026-09-30T15:00:46-10:00job:github_sync_all | — [ecosystem] no committable local changes
2026-09-30T15:00:46-10:00job:github_sync_all | ↓ [ecosystem] fetching origin/main
2026-09-30T15:00:46-10:00job:github_sync_all | From github.com:RootRecord-Software-Solutions/RootRecord-Ecosystem
2026-09-30T15:00:46-10:00job:github_sync_all | * branch            main       -> FETCH_HEAD
2026-09-30T15:00:46-10:00job:github_sync_all | — [ecosystem] local and GitHub already match
2026-09-30T15:00:46-10:00job:github_sync_all | — [ecosystem] nothing to push
2026-09-30T15:00:46-10:00job:github_sync_all | — [pacific] no local changes
2026-09-30T15:00:46-10:00job:github_sync_all | ↓ [pacific] fetching origin/main
2026-09-30T15:00:46-10:00job:github_sync_all | From github.com:RootRecord-Software-Solutions/RootRecord-Pacific-Solar-Server
2026-09-30T15:00:46-10:00job:github_sync_all | * branch            main       -> FETCH_HEAD
2026-09-30T15:00:46-10:00job:github_sync_all | — [pacific] local and GitHub already match
2026-09-30T15:00:46-10:00job:github_sync_all | — [pacific] nothing to push
2026-09-30T15:00:46-10:00job:github_sync_all | ↑ [database] committed 19 local file(s)
2026-09-30T15:00:46-10:00job:github_sync_all | ↓ [database] fetching origin/main
2026-09-30T15:00:46-10:00job:github_sync_all | From github.com:RootRecord-Software-Solutions/RootRecord-Database
2026-09-30T15:00:46-10:00job:github_sync_all | * branch              main       -> FETCH_HEAD
2026-09-30T15:00:46-10:00job:github_sync_all | ↑ [database] local is ahead of GitHub
2026-09-30T15:00:46-10:00job:github_sync_all | To github.com:RootRecord-Software-Solutions/RootRecord-Database.git
2026-09-30T15:00:46-10:00job:github_sync_all | 9145fbc4..62aca2d6  HEAD -> main
2026-09-30T15:00:46-10:00job:github_sync_all | branch 'main' set up to track 'origin/main'.
2026-09-30T15:00:46-10:00job:github_sync_all | ↑ [database] 19 files → RootRecord-Software-Solutions/RootRecord-Database (main)
2026-09-30T15:00:46-10:00job:github_sync_all | — [library] no local changes
2026-09-30T15:00:46-10:00job:github_sync_all | ↓ [library] fetching origin/main
2026-09-30T15:00:46-10:00job:github_sync_all | From github.com:RootRecord-Software-Solutions/RootRecord-Library
2026-09-30T15:00:46-10:00job:github_sync_all | * branch            main       -> FETCH_HEAD
2026-09-30T15:00:46-10:00job:github_sync_all | — [library] local and GitHub already match
2026-09-30T15:00:46-10:00job:github_sync_all | — [library] nothing to push
2026-09-30T15:00:46-10:00job:github_sync_all | — [skills] no local changes
2026-09-30T15:00:46-10:00job:github_sync_all | ↓ [skills] fetching origin/main
2026-09-30T15:00:46-10:00job:github_sync_all | From github.com:rootrecordsoftwaresolutions/Solar-Pacific-RootRecord-Server
2026-09-30T15:00:46-10:00job:github_sync_all | * branch            main       -> FETCH_HEAD
2026-09-30T15:00:46-10:00job:github_sync_all | — [skills] local and GitHub already match
2026-09-30T15:00:46-10:00job:github_sync_all | — [skills] nothing to push
2026-09-30T15:00:46-10:00job:security_camera_frame_grab RUN  bash "/home/rootrecord/RootRecord-Ecosystem/1 - Servers/1 - RootRecord-Pacific-Solar-Server/Security/Cameras/grab_all.sh"
2026-09-30T15:00:47-10:00cloudflared ERR: 2026-10-01T01:00:47Z WRN Unable to establish connection. error="control stream error: already connected to this server, 
2026-09-30T15:00:47-10:00tunnel connected  conn=3  edge=lax11
2026-09-30T15:00:47-10:00tunnel connected  conn=1  edge=lax05
2026-09-30T15:00:47-10:00tunnel connection terminated
2026-09-30T15:01:01-10:00job:security_camera_frame_grab | 15:00:46  📷  a-eyes  ch1 → ch1-20261001T010046Z.jpg  (515.1 KB, 4.20s)
2026-09-30T15:01:01-10:00job:security_camera_frame_grab | 15:00:50  📷  a-eyes  ch2 → ch2-20261001T010050Z.jpg  (229.0 KB, 4.56s)
2026-09-30T15:01:01-10:00job:security_camera_frame_grab | 15:00:55  📷  a-eyes  ch3 → ch3-20261001T010055Z.jpg  (385.1 KB, 4.53s)
2026-09-30T15:01:01-10:00job:security_camera_frame_grab | 15:00:59  📷  a-eyes  ch4 → ch4-20261001T010059Z.jpg  (11.9 KB, 1.68s)
2026-09-30T15:01:01-10:00ENERGY  status=live  B2=22.0%  B1=44.6%  solar=40 W  ac=86 W  usbc=12 W  src=/home/rootrecord/RootRecord-Ecosystem/2 - RootRecord-Database/Energy  LAP=100%/Full/AC
2026-09-30T15:01:04-10:00tunnel connected  conn=2  edge=sjc08
2026-09-30T15:01:17-10:00  ▸  SUMMARY=delta2 soc=22.02% solar=35W ac_out=— usbc=13W src=ble db=ok
2026-09-30T15:01:17-10:00job:sys_stats_cycle RUN  bash "/home/rootrecord/RootRecord-Ecosystem/1 - Servers/1 - RootRecord-Pacific-Solar-Server/System/scripts/sys-sample.sh"
2026-09-30T15:01:18-10:00job:sys_stats_cycle | SYSTEM  cpu=11%  load=2.06  mem=33%  src=sqlite
2026-09-30T15:01:18-10:00job:sys_stats_cycle | OK wrote /home/rootrecord/RootRecord-Ecosystem/2 - RootRecord-Database/System/samples/sys-20260930-150118.json
2026-09-30T15:01:51-10:00job:github_sync_all | — [ecosystem] no committable local changes
2026-09-30T15:01:51-10:00job:github_sync_all | ↓ [ecosystem] fetching origin/main
2026-09-30T15:01:51-10:00job:github_sync_all | From github.com:RootRecord-Software-Solutions/RootRecord-Ecosystem
2026-09-30T15:01:51-10:00job:github_sync_all | * branch            main       -> FETCH_HEAD
2026-09-30T15:01:51-10:00job:github_sync_all | — [ecosystem] local and GitHub already match
2026-09-30T15:01:51-10:00job:github_sync_all | — [ecosystem] nothing to push
2026-09-30T15:01:51-10:00job:github_sync_all | — [pacific] no local changes
2026-09-30T15:01:51-10:00job:github_sync_all | ↓ [pacific] fetching origin/main
2026-09-30T15:01:51-10:00job:github_sync_all | From github.com:RootRecord-Software-Solutions/RootRecord-Pacific-Solar-Server
2026-09-30T15:01:51-10:00job:github_sync_all | * branch            main       -> FETCH_HEAD
2026-09-30T15:01:51-10:00job:github_sync_all | — [pacific] local and GitHub already match
2026-09-30T15:01:51-10:00job:github_sync_all | — [pacific] nothing to push
2026-09-30T15:01:51-10:00job:github_sync_all | ↑ [database] committed 12 local file(s)
2026-09-30T15:01:51-10:00job:github_sync_all | ↓ [database] fetching origin/main
2026-09-30T15:01:51-10:00job:github_sync_all | From github.com:RootRecord-Software-Solutions/RootRecord-Database
2026-09-30T15:01:51-10:00job:github_sync_all | * branch              main       -> FETCH_HEAD
2026-09-30T15:01:51-10:00job:github_sync_all | ↑ [database] local is ahead of GitHub
2026-09-30T15:01:51-10:00job:github_sync_all | To github.com:RootRecord-Software-Solutions/RootRecord-Database.git
2026-09-30T15:01:51-10:00job:github_sync_all | 62aca2d6..47cf2494  HEAD -> main
2026-09-30T15:01:51-10:00job:github_sync_all | branch 'main' set up to track 'origin/main'.
2026-09-30T15:01:51-10:00job:github_sync_all | ↑ [database] 12 files → RootRecord-Software-Solutions/RootRecord-Database (main)
2026-09-30T15:01:51-10:00job:github_sync_all | — [library] no local changes
2026-09-30T15:01:51-10:00job:github_sync_all | ↓ [library] fetching origin/main
2026-09-30T15:01:51-10:00job:github_sync_all | From github.com:RootRecord-Software-Solutions/RootRecord-Library
2026-09-30T15:01:51-10:00job:github_sync_all | * branch            main       -> FETCH_HEAD
2026-09-30T15:01:51-10:00job:github_sync_all | — [library] local and GitHub already match
2026-09-30T15:01:51-10:00job:github_sync_all | — [library] nothing to push
2026-09-30T15:01:51-10:00job:github_sync_all | — [skills] no local changes
2026-09-30T15:01:51-10:00job:github_sync_all | ↓ [skills] fetching origin/main
2026-09-30T15:01:51-10:00job:github_sync_all | From github.com:rootrecordsoftwaresolutions/Solar-Pacific-RootRecord-Server
2026-09-30T15:01:51-10:00job:github_sync_all | * branch            main       -> FETCH_HEAD
2026-09-30T15:01:51-10:00job:github_sync_all | — [skills] local and GitHub already match
2026-09-30T15:01:51-10:00job:github_sync_all | — [skills] nothing to push
2026-09-30T15:01:51-10:00job:worklog_scan RUN  bash "/home/rootrecord/RootRecord-Ecosystem/1 - Servers/1 - RootRecord-Pacific-Solar-Server/Reports/scripts/worklog_once.sh"
2026-09-30T15:01:53-10:00job:worklog_scan | OK wrote/updated /home/rootrecord/RootRecord-Ecosystem/2 - RootRecord-Database/Worklog/worklog_current.md
2026-09-30T15:01:53-10:00job:security_camera_frame_grab RUN  bash "/home/rootrecord/RootRecord-Ecosystem/1 - Servers/1 - RootRecord-Pacific-Solar-Server/Security/Cameras/grab_all.sh"
2026-09-30T15:02:08-10:00job:security_camera_frame_grab | 15:01:53  📷  a-eyes  ch1 → ch1-20261001T010153Z.jpg  (527.6 KB, 4.29s)
2026-09-30T15:02:08-10:00job:security_camera_frame_grab | 15:01:58  📷  a-eyes  ch2 → ch2-20261001T010158Z.jpg  (225.0 KB, 4.32s)
2026-09-30T15:02:08-10:00job:security_camera_frame_grab | 15:02:02  📷  a-eyes  ch3 → ch3-20261001T010202Z.jpg  (387.1 KB, 4.58s)
2026-09-30T15:02:08-10:00job:security_camera_frame_grab | 15:02:07  📷  a-eyes  ch4 → ch4-20261001T010207Z.jpg  (12.0 KB, 1.61s)
2026-09-30T15:02:08-10:00ENERGY  status=live  B2=22.0%  B1=44.6%  solar=35 W  ac=86 W  usbc=13 W  src=/home/rootrecord/RootRecord-Ecosystem/2 - RootRecord-Database/Energy  LAP=100%/Full/AC
2026-09-30T15:02:23-10:00  ▸  SUMMARY=river2pro soc=43.92% solar=0W ac_out=100W usbc=0W src=ble db=ok
2026-09-30T15:02:23-10:00job:sys_stats_cycle RUN  bash "/home/rootrecord/RootRecord-Ecosystem/1 - Servers/1 - RootRecord-Pacific-Solar-Server/System/scripts/sys-sample.sh"
2026-09-30T15:02:24-10:00job:sys_stats_cycle | SYSTEM  cpu=2%  load=1.06  mem=34%  src=sqlite
2026-09-30T15:02:24-10:00job:sys_stats_cycle | OK wrote /home/rootrecord/RootRecord-Ecosystem/2 - RootRecord-Database/System/samples/sys-20260930-150224.json
2026-09-30T15:02:57-10:00job:github_sync_all | — [ecosystem] no committable local changes
2026-09-30T15:02:57-10:00job:github_sync_all | ↓ [ecosystem] fetching origin/main
2026-09-30T15:02:57-10:00job:github_sync_all | From github.com:RootRecord-Software-Solutions/RootRecord-Ecosystem
2026-09-30T15:02:57-10:00job:github_sync_all | * branch            main       -> FETCH_HEAD
2026-09-30T15:02:57-10:00job:github_sync_all | — [ecosystem] local and GitHub already match
2026-09-30T15:02:57-10:00job:github_sync_all | — [ecosystem] nothing to push
2026-09-30T15:02:57-10:00job:github_sync_all | — [pacific] no local changes
2026-09-30T15:02:57-10:00job:github_sync_all | ↓ [pacific] fetching origin/main
2026-09-30T15:02:57-10:00job:github_sync_all | From github.com:RootRecord-Software-Solutions/RootRecord-Pacific-Solar-Server
2026-09-30T15:02:57-10:00job:github_sync_all | * branch            main       -> FETCH_HEAD
2026-09-30T15:02:57-10:00job:github_sync_all | — [pacific] local and GitHub already match
2026-09-30T15:02:57-10:00job:github_sync_all | — [pacific] nothing to push
2026-09-30T15:02:57-10:00job:github_sync_all | ↑ [database] committed 18 local file(s)
2026-09-30T15:02:57-10:00job:github_sync_all | ↓ [database] fetching origin/main
2026-09-30T15:02:57-10:00job:github_sync_all | From github.com:RootRecord-Software-Solutions/RootRecord-Database
2026-09-30T15:02:57-10:00job:github_sync_all | * branch              main       -> FETCH_HEAD
2026-09-30T15:02:57-10:00job:github_sync_all | ↑ [database] local is ahead of GitHub
2026-09-30T15:02:57-10:00job:github_sync_all | To github.com:RootRecord-Software-Solutions/RootRecord-Database.git
2026-09-30T15:02:57-10:00job:github_sync_all | 47cf2494..1bdac435  HEAD -> main
2026-09-30T15:02:57-10:00job:github_sync_all | branch 'main' set up to track 'origin/main'.
2026-09-30T15:02:57-10:00job:github_sync_all | ↑ [database] 18 files → RootRecord-Software-Solutions/RootRecord-Database (main)
2026-09-30T15:02:57-10:00job:github_sync_all | — [library] no local changes
2026-09-30T15:02:57-10:00job:github_sync_all | ↓ [library] fetching origin/main
2026-09-30T15:02:57-10:00job:github_sync_all | From github.com:RootRecord-Software-Solutions/RootRecord-Library
2026-09-30T15:02:57-10:00job:github_sync_all | * branch            main       -> FETCH_HEAD
2026-09-30T15:02:57-10:00job:github_sync_all | — [library] local and GitHub already match
2026-09-30T15:02:57-10:00job:github_sync_all | — [library] nothing to push
2026-09-30T15:02:57-10:00job:github_sync_all | — [skills] no local changes
2026-09-30T15:02:57-10:00job:github_sync_all | ↓ [skills] fetching origin/main
2026-09-30T15:02:57-10:00job:github_sync_all | From github.com:rootrecordsoftwaresolutions/Solar-Pacific-RootRecord-Server
2026-09-30T15:02:57-10:00job:github_sync_all | * branch            main       -> FETCH_HEAD
2026-09-30T15:02:57-10:00job:github_sync_all | — [skills] local and GitHub already match
2026-09-30T15:02:57-10:00job:github_sync_all | — [skills] nothing to push
2026-09-30T15:02:57-10:00job:security_camera_frame_grab RUN  bash "/home/rootrecord/RootRecord-Ecosystem/1 - Servers/1 - RootRecord-Pacific-Solar-Server/Security/Cameras/grab_all.sh"
2026-09-30T15:03:02-10:00tunnel timeout — reconnecting
2026-09-30T15:03:02-10:00tunnel timeout — reconnecting
2026-09-30T15:03:09-10:00tunnel connected  conn=2  edge=lax01
2026-09-30T15:03:13-10:00job:security_camera_frame_grab | 15:02:57  📷  a-eyes  ch1 → ch1-20261001T010257Z.jpg  (501.1 KB, 4.33s)
2026-09-30T15:03:13-10:00job:security_camera_frame_grab | 15:03:02  📷  a-eyes  ch2 → ch2-20261001T010302Z.jpg  (213.3 KB, 4.68s)
2026-09-30T15:03:13-10:00job:security_camera_frame_grab | 15:03:07  📷  a-eyes  ch3 → ch3-20261001T010307Z.jpg  (386.9 KB, 4.48s)
2026-09-30T15:03:13-10:00job:security_camera_frame_grab | 15:03:11  📷  a-eyes  ch4 → ch4-20261001T010311Z.jpg  (11.9 KB, 1.71s)
2026-09-30T15:03:13-10:00job:service_supervisor RUN  bash "/home/rootrecord/RootRecord-Ecosystem/1 - Servers/1 - RootRecord-Pacific-Solar-Server/Automations/scripts/supervise-services.sh"
2026-09-30T15:03:13-10:00job:service_supervisor | [supervisor] weather alive pid=5299 (act)
2026-09-30T15:03:13-10:00job:service_supervisor | [supervisor] relay alive pid=4916 (act)
2026-09-30T15:03:13-10:00ENERGY  status=live  B2=22.0%  B1=43.9%  solar=35 W  ac=100 W  usbc=13 W  src=/home/rootrecord/RootRecord-Ecosystem/2 - RootRecord-Database/Energy  LAP=100%/Full/AC
2026-09-30T15:03:28-10:00  ▸  SUMMARY=delta2 soc=22.02% solar=45W ac_out=— usbc=16W src=ble db=ok
2026-09-30T15:03:28-10:00job:sys_stats_cycle RUN  bash "/home/rootrecord/RootRecord-Ecosystem/1 - Servers/1 - RootRecord-Pacific-Solar-Server/System/scripts/sys-sample.sh"
2026-09-30T15:03:29-10:00job:sys_stats_cycle | SYSTEM  cpu=6%  load=0.56  mem=34%  src=sqlite
2026-09-30T15:03:29-10:00job:sys_stats_cycle | OK wrote /home/rootrecord/RootRecord-Ecosystem/2 - RootRecord-Database/System/samples/sys-20260930-150329.json
2026-09-30T15:04:12-10:00job:github_sync_all | ↑ [ecosystem] committed 1 local file(s)
2026-09-30T15:04:12-10:00job:github_sync_all | ↓ [ecosystem] fetching origin/main
2026-09-30T15:04:12-10:00job:github_sync_all | From github.com:RootRecord-Software-Solutions/RootRecord-Ecosystem
2026-09-30T15:04:12-10:00job:github_sync_all | * branch            main       -> FETCH_HEAD
2026-09-30T15:04:12-10:00job:github_sync_all | ↑ [ecosystem] local is ahead of GitHub
2026-09-30T15:04:12-10:00job:github_sync_all | To github.com:RootRecord-Software-Solutions/RootRecord-Ecosystem.git
2026-09-30T15:04:12-10:00job:github_sync_all | 7dc2026..45a9eb3  HEAD -> main
2026-09-30T15:04:12-10:00job:github_sync_all | branch 'main' set up to track 'origin/main'.
2026-09-30T15:04:12-10:00job:github_sync_all | ↑ [ecosystem] 1 files → RootRecord-Software-Solutions/RootRecord-Ecosystem (main)
2026-09-30T15:04:12-10:00job:github_sync_all | ↑ [pacific] committed 1 local file(s)
2026-09-30T15:04:12-10:00job:github_sync_all | ↓ [pacific] fetching origin/main
2026-09-30T15:04:12-10:00job:github_sync_all | From github.com:RootRecord-Software-Solutions/RootRecord-Pacific-Solar-Server
2026-09-30T15:04:12-10:00job:github_sync_all | * branch            main       -> FETCH_HEAD
2026-09-30T15:04:12-10:00job:github_sync_all | ↑ [pacific] local is ahead of GitHub
2026-09-30T15:04:12-10:00job:github_sync_all | To github.com:RootRecord-Software-Solutions/RootRecord-Pacific-Solar-Server.git
2026-09-30T15:04:12-10:00job:github_sync_all | 59aebf2..5cf7879  HEAD -> main
2026-09-30T15:04:12-10:00job:github_sync_all | branch 'main' set up to track 'origin/main'.
2026-09-30T15:04:12-10:00job:github_sync_all | ↑ [pacific] 1 files → RootRecord-Software-Solutions/RootRecord-Pacific-Solar-Server (main)
2026-09-30T15:04:12-10:00job:github_sync_all | ↑ [database] committed 12 local file(s)
2026-09-30T15:04:12-10:00job:github_sync_all | ↓ [database] fetching origin/main
2026-09-30T15:04:12-10:00job:github_sync_all | From github.com:RootRecord-Software-Solutions/RootRecord-Database
2026-09-30T15:04:12-10:00job:github_sync_all | * branch              main       -> FETCH_HEAD
2026-09-30T15:04:12-10:00job:github_sync_all | ↑ [database] local is ahead of GitHub
2026-09-30T15:04:12-10:00job:github_sync_all | To github.com:RootRecord-Software-Solutions/RootRecord-Database.git
2026-09-30T15:04:12-10:00job:github_sync_all | 1bdac435..218bc8cd  HEAD -> main
2026-09-30T15:04:12-10:00job:github_sync_all | branch 'main' set up to track 'origin/main'.
2026-09-30T15:04:12-10:00job:github_sync_all | ↑ [database] 12 files → RootRecord-Software-Solutions/RootRecord-Database (main)
2026-09-30T15:04:12-10:00job:github_sync_all | — [library] no local changes
2026-09-30T15:04:12-10:00job:github_sync_all | ↓ [library] fetching origin/main
2026-09-30T15:04:12-10:00job:github_sync_all | From github.com:RootRecord-Software-Solutions/RootRecord-Library
2026-09-30T15:04:12-10:00job:github_sync_all | * branch            main       -> FETCH_HEAD
2026-09-30T15:04:12-10:00job:github_sync_all | — [library] local and GitHub already match
2026-09-30T15:04:12-10:00job:github_sync_all | — [library] nothing to push
2026-09-30T15:04:12-10:00job:github_sync_all | — [skills] no local changes
2026-09-30T15:04:12-10:00job:github_sync_all | ↓ [skills] fetching origin/main
2026-09-30T15:04:12-10:00job:github_sync_all | From github.com:rootrecordsoftwaresolutions/Solar-Pacific-RootRecord-Server
2026-09-30T15:04:12-10:00job:github_sync_all | * branch            main       -> FETCH_HEAD
2026-09-30T15:04:12-10:00job:github_sync_all | — [skills] local and GitHub already match
2026-09-30T15:04:12-10:00job:github_sync_all | — [skills] nothing to push
2026-09-30T15:04:12-10:00job:worklog_scan RUN  bash "/home/rootrecord/RootRecord-Ecosystem/1 - Servers/1 - RootRecord-Pacific-Solar-Server/Reports/scripts/worklog_once.sh"
2026-09-30T15:04:13-10:00job:worklog_scan | OK wrote/updated /home/rootrecord/RootRecord-Ecosystem/2 - RootRecord-Database/Worklog/worklog_current.md
2026-09-30T15:04:13-10:00job:security_camera_frame_grab RUN  bash "/home/rootrecord/RootRecord-Ecosystem/1 - Servers/1 - RootRecord-Pacific-Solar-Server/Security/Cameras/grab_all.sh"
2026-09-30T15:04:29-10:00job:security_camera_frame_grab | 15:04:13  📷  a-eyes  ch1 → ch1-20261001T010413Z.jpg  (536.5 KB, 4.70s)
2026-09-30T15:04:29-10:00job:security_camera_frame_grab | 15:04:18  📷  a-eyes  ch2 → ch2-20261001T010418Z.jpg  (219.3 KB, 4.47s)
2026-09-30T15:04:29-10:00job:security_camera_frame_grab | 15:04:22  📷  a-eyes  ch3 → ch3-20261001T010422Z.jpg  (387.2 KB, 4.47s)
2026-09-30T15:04:29-10:00job:security_camera_frame_grab | 15:04:27  📷  a-eyes  ch4 → ch4-20261001T010427Z.jpg  (11.9 KB, 1.60s)
2026-09-30T15:04:29-10:00ENERGY  status=live  B2=22.0%  B1=43.9%  solar=45 W  ac=100 W  usbc=16 W  src=/home/rootrecord/RootRecord-Ecosystem/2 - RootRecord-Database/Energy  LAP=100%/Full/AC
2026-09-30T15:04:44-10:00  ▸  SUMMARY=river2pro soc=43.23% solar=0W ac_out=97W usbc=0W src=ble db=ok
2026-09-30T15:04:44-10:00job:sys_stats_cycle RUN  bash "/home/rootrecord/RootRecord-Ecosystem/1 - Servers/1 - RootRecord-Pacific-Solar-Server/System/scripts/sys-sample.sh"
2026-09-30T15:04:45-10:00job:sys_stats_cycle | SYSTEM  cpu=6%  load=0.78  mem=35%  src=sqlite
2026-09-30T15:04:45-10:00job:sys_stats_cycle | OK wrote /home/rootrecord/RootRecord-Ecosystem/2 - RootRecord-Database/System/samples/sys-20260930-150444.json
2026-09-30T15:05:27-10:00job:github_sync_all | ↑ [ecosystem] committed 5 local file(s)
2026-09-30T15:05:27-10:00job:github_sync_all | ↓ [ecosystem] fetching origin/main
2026-09-30T15:05:27-10:00job:github_sync_all | From github.com:RootRecord-Software-Solutions/RootRecord-Ecosystem
2026-09-30T15:05:27-10:00job:github_sync_all | * branch            main       -> FETCH_HEAD
2026-09-30T15:05:27-10:00job:github_sync_all | ↑ [ecosystem] local is ahead of GitHub
2026-09-30T15:05:27-10:00job:github_sync_all | To github.com:RootRecord-Software-Solutions/RootRecord-Ecosystem.git
2026-09-30T15:05:27-10:00job:github_sync_all | 45a9eb3..6a59742  HEAD -> main
2026-09-30T15:05:27-10:00job:github_sync_all | branch 'main' set up to track 'origin/main'.
2026-09-30T15:05:27-10:00job:github_sync_all | ↑ [ecosystem] 5 files → RootRecord-Software-Solutions/RootRecord-Ecosystem (main)
2026-09-30T15:05:27-10:00job:github_sync_all | ↑ [pacific] committed 2 local file(s)
2026-09-30T15:05:27-10:00job:github_sync_all | ↓ [pacific] fetching origin/main
2026-09-30T15:05:27-10:00job:github_sync_all | From github.com:RootRecord-Software-Solutions/RootRecord-Pacific-Solar-Server
2026-09-30T15:05:27-10:00job:github_sync_all | * branch            main       -> FETCH_HEAD
2026-09-30T15:05:27-10:00job:github_sync_all | ↑ [pacific] local is ahead of GitHub
2026-09-30T15:05:27-10:00job:github_sync_all | To github.com:RootRecord-Software-Solutions/RootRecord-Pacific-Solar-Server.git
2026-09-30T15:05:27-10:00job:github_sync_all | 5cf7879..d3c2d14  HEAD -> main
2026-09-30T15:05:27-10:00job:github_sync_all | branch 'main' set up to track 'origin/main'.
2026-09-30T15:05:27-10:00job:github_sync_all | ↑ [pacific] 2 files → RootRecord-Software-Solutions/RootRecord-Pacific-Solar-Server (main)
2026-09-30T15:05:27-10:00job:github_sync_all | ↑ [database] committed 18 local file(s)
2026-09-30T15:05:27-10:00job:github_sync_all | ↓ [database] fetching origin/main
2026-09-30T15:05:27-10:00job:github_sync_all | From github.com:RootRecord-Software-Solutions/RootRecord-Database
2026-09-30T15:05:27-10:00job:github_sync_all | * branch              main       -> FETCH_HEAD
2026-09-30T15:05:27-10:00job:github_sync_all | ↑ [database] local is ahead of GitHub
2026-09-30T15:05:27-10:00job:github_sync_all | To github.com:RootRecord-Software-Solutions/RootRecord-Database.git
2026-09-30T15:05:27-10:00job:github_sync_all | 218bc8cd..d3d8c4a8  HEAD -> main
2026-09-30T15:05:27-10:00job:github_sync_all | branch 'main' set up to track 'origin/main'.
2026-09-30T15:05:27-10:00job:github_sync_all | ↑ [database] 18 files → RootRecord-Software-Solutions/RootRecord-Database (main)
2026-09-30T15:05:27-10:00job:github_sync_all | — [library] no local changes
2026-09-30T15:05:27-10:00job:github_sync_all | ↓ [library] fetching origin/main
2026-09-30T15:05:27-10:00job:github_sync_all | From github.com:RootRecord-Software-Solutions/RootRecord-Library
2026-09-30T15:05:27-10:00job:github_sync_all | * branch            main       -> FETCH_HEAD
2026-09-30T15:05:27-10:00job:github_sync_all | — [library] local and GitHub already match
2026-09-30T15:05:27-10:00job:github_sync_all | — [library] nothing to push
2026-09-30T15:05:27-10:00job:github_sync_all | — [skills] no local changes
2026-09-30T15:05:27-10:00job:github_sync_all | ↓ [skills] fetching origin/main
2026-09-30T15:05:27-10:00job:github_sync_all | From github.com:rootrecordsoftwaresolutions/Solar-Pacific-RootRecord-Server
2026-09-30T15:05:27-10:00job:github_sync_all | * branch            main       -> FETCH_HEAD
2026-09-30T15:05:27-10:00job:github_sync_all | — [skills] local and GitHub already match
2026-09-30T15:05:27-10:00job:github_sync_all | — [skills] nothing to push
2026-09-30T15:05:27-10:00job:security_camera_frame_grab RUN  bash "/home/rootrecord/RootRecord-Ecosystem/1 - Servers/1 - RootRecord-Pacific-Solar-Server/Security/Cameras/grab_all.sh"
2026-09-30T15:05:42-10:00job:security_camera_frame_grab | 15:05:27  📷  a-eyes  ch1 → ch1-20261001T010527Z.jpg  (485.6 KB, 4.44s)
2026-09-30T15:05:42-10:00job:security_camera_frame_grab | 15:05:32  📷  a-eyes  ch2 → ch2-20261001T010532Z.jpg  (213.9 KB, 4.47s)
2026-09-30T15:05:42-10:00job:security_camera_frame_grab | 15:05:36  📷  a-eyes  ch3 → ch3-20261001T010536Z.jpg  (374.8 KB, 4.47s)
2026-09-30T15:05:42-10:00job:security_camera_frame_grab | 15:05:41  📷  a-eyes  ch4 → ch4-20261001T010541Z.jpg  (11.9 KB, 1.60s)
2026-09-30T15:05:42-10:00ENERGY  status=live  B2=22.0%  B1=43.2%  solar=45 W  ac=97 W  usbc=16 W  src=/home/rootrecord/RootRecord-Ecosystem/2 - RootRecord-Database/Energy  LAP=100%/Full/AC
2026-09-30T15:05:58-10:00  ▸  SUMMARY=delta2 soc=22.02% solar=43W ac_out=— usbc=15W src=ble db=ok
2026-09-30T15:05:58-10:00job:sys_stats_cycle RUN  bash "/home/rootrecord/RootRecord-Ecosystem/1 - Servers/1 - RootRecord-Pacific-Solar-Server/System/scripts/sys-sample.sh"
2026-09-30T15:05:58-10:00job:sys_stats_cycle | SYSTEM  cpu=6%  load=0.74  mem=34%  src=sqlite
2026-09-30T15:05:58-10:00job:sys_stats_cycle | OK wrote /home/rootrecord/RootRecord-Ecosystem/2 - RootRecord-Database/System/samples/sys-20260930-150558.json
2026-09-30T15:06:33-10:00job:github_sync_all | — [ecosystem] no committable local changes
2026-09-30T15:06:33-10:00job:github_sync_all | ↓ [ecosystem] fetching origin/main
2026-09-30T15:06:33-10:00job:github_sync_all | From github.com:RootRecord-Software-Solutions/RootRecord-Ecosystem
2026-09-30T15:06:33-10:00job:github_sync_all | * branch            main       -> FETCH_HEAD
2026-09-30T15:06:33-10:00job:github_sync_all | — [ecosystem] local and GitHub already match
2026-09-30T15:06:33-10:00job:github_sync_all | — [ecosystem] nothing to push
2026-09-30T15:06:33-10:00job:github_sync_all | — [pacific] no local changes
2026-09-30T15:06:33-10:00job:github_sync_all | ↓ [pacific] fetching origin/main
2026-09-30T15:06:33-10:00job:github_sync_all | From github.com:RootRecord-Software-Solutions/RootRecord-Pacific-Solar-Server
2026-09-30T15:06:33-10:00job:github_sync_all | * branch            main       -> FETCH_HEAD
2026-09-30T15:06:33-10:00job:github_sync_all | — [pacific] local and GitHub already match
2026-09-30T15:06:33-10:00job:github_sync_all | — [pacific] nothing to push
2026-09-30T15:06:33-10:00job:github_sync_all | ↑ [database] committed 13 local file(s)
2026-09-30T15:06:33-10:00job:github_sync_all | ↓ [database] fetching origin/main
2026-09-30T15:06:33-10:00job:github_sync_all | From github.com:RootRecord-Software-Solutions/RootRecord-Database
2026-09-30T15:06:33-10:00job:github_sync_all | * branch              main       -> FETCH_HEAD
2026-09-30T15:06:33-10:00job:github_sync_all | ↑ [database] local is ahead of GitHub
2026-09-30T15:06:33-10:00job:github_sync_all | To github.com:RootRecord-Software-Solutions/RootRecord-Database.git
2026-09-30T15:06:33-10:00job:github_sync_all | d3d8c4a8..b79d906c  HEAD -> main
2026-09-30T15:06:33-10:00job:github_sync_all | branch 'main' set up to track 'origin/main'.
2026-09-30T15:06:33-10:00job:github_sync_all | ↑ [database] 13 files → RootRecord-Software-Solutions/RootRecord-Database (main)
2026-09-30T15:06:33-10:00job:github_sync_all | — [library] no local changes
2026-09-30T15:06:33-10:00job:github_sync_all | ↓ [library] fetching origin/main
2026-09-30T15:06:33-10:00job:github_sync_all | From github.com:RootRecord-Software-Solutions/RootRecord-Library
2026-09-30T15:06:33-10:00job:github_sync_all | * branch            main       -> FETCH_HEAD
2026-09-30T15:06:33-10:00job:github_sync_all | — [library] local and GitHub already match
2026-09-30T15:06:33-10:00job:github_sync_all | — [library] nothing to push
2026-09-30T15:06:33-10:00job:github_sync_all | — [skills] no local changes
2026-09-30T15:06:33-10:00job:github_sync_all | ↓ [skills] fetching origin/main
2026-09-30T15:06:33-10:00job:github_sync_all | From github.com:rootrecordsoftwaresolutions/Solar-Pacific-RootRecord-Server
2026-09-30T15:06:33-10:00job:github_sync_all | * branch            main       -> FETCH_HEAD
2026-09-30T15:06:33-10:00job:github_sync_all | — [skills] local and GitHub already match
2026-09-30T15:06:33-10:00job:github_sync_all | — [skills] nothing to push
2026-09-30T15:06:33-10:00job:worklog_scan RUN  bash "/home/rootrecord/RootRecord-Ecosystem/1 - Servers/1 - RootRecord-Pacific-Solar-Server/Reports/scripts/worklog_once.sh"
2026-09-30T15:06:38-10:00job:worklog_scan | OK wrote/updated /home/rootrecord/RootRecord-Ecosystem/2 - RootRecord-Database/Worklog/worklog_current.md
2026-09-30T15:06:38-10:00job:security_camera_frame_grab RUN  bash "/home/rootrecord/RootRecord-Ecosystem/1 - Servers/1 - RootRecord-Pacific-Solar-Server/Security/Cameras/grab_all.sh"
2026-09-30T15:06:53-10:00job:security_camera_frame_grab | 15:06:38  📷  a-eyes  ch1 → ch1-20261001T010638Z.jpg  (506.9 KB, 4.46s)
2026-09-30T15:06:53-10:00job:security_camera_frame_grab | 15:06:42  📷  a-eyes  ch2 → ch2-20261001T010642Z.jpg  (215.1 KB, 4.38s)
2026-09-30T15:06:53-10:00job:security_camera_frame_grab | 15:06:47  📷  a-eyes  ch3 → ch3-20261001T010647Z.jpg  (383.9 KB, 4.37s)
2026-09-30T15:06:53-10:00job:security_camera_frame_grab | 15:06:51  📷  a-eyes  ch4 → ch4-20261001T010651Z.jpg  (12.0 KB, 1.61s)
2026-09-30T15:06:53-10:00ENERGY  status=live  B2=22.0%  B1=43.2%  solar=43 W  ac=97 W  usbc=15 W  src=/home/rootrecord/RootRecord-Ecosystem/2 - RootRecord-Database/Energy  LAP=100%/Full/AC
2026-09-30T15:07:08-10:00  ▸  SUMMARY=delta2 soc=22.02% solar=37W ac_out=— usbc=16W src=ble db=ok
2026-09-30T15:07:08-10:00job:sys_stats_cycle RUN  bash "/home/rootrecord/RootRecord-Ecosystem/1 - Servers/1 - RootRecord-Pacific-Solar-Server/System/scripts/sys-sample.sh"
2026-09-30T15:07:09-10:00job:sys_stats_cycle | SYSTEM  cpu=4%  load=0.88  mem=34%  src=sqlite
2026-09-30T15:07:09-10:00job:sys_stats_cycle | OK wrote /home/rootrecord/RootRecord-Ecosystem/2 - RootRecord-Database/System/samples/sys-20260930-150708.json
2026-09-30T15:07:44-10:00job:github_sync_all | — [ecosystem] no committable local changes
2026-09-30T15:07:44-10:00job:github_sync_all | ↓ [ecosystem] fetching origin/main
2026-09-30T15:07:44-10:00job:github_sync_all | From github.com:RootRecord-Software-Solutions/RootRecord-Ecosystem
2026-09-30T15:07:44-10:00job:github_sync_all | * branch            main       -> FETCH_HEAD
2026-09-30T15:07:44-10:00job:github_sync_all | — [ecosystem] local and GitHub already match
2026-09-30T15:07:44-10:00job:github_sync_all | — [ecosystem] nothing to push
2026-09-30T15:07:44-10:00job:github_sync_all | — [pacific] no local changes
2026-09-30T15:07:44-10:00job:github_sync_all | ↓ [pacific] fetching origin/main
2026-09-30T15:07:44-10:00job:github_sync_all | From github.com:RootRecord-Software-Solutions/RootRecord-Pacific-Solar-Server
2026-09-30T15:07:44-10:00job:github_sync_all | * branch            main       -> FETCH_HEAD
2026-09-30T15:07:44-10:00job:github_sync_all | — [pacific] local and GitHub already match
2026-09-30T15:07:44-10:00job:github_sync_all | — [pacific] nothing to push
2026-09-30T15:07:44-10:00job:github_sync_all | ↑ [database] committed 15 local file(s)
2026-09-30T15:07:44-10:00job:github_sync_all | ↓ [database] fetching origin/main
2026-09-30T15:07:44-10:00job:github_sync_all | From github.com:RootRecord-Software-Solutions/RootRecord-Database
2026-09-30T15:07:44-10:00job:github_sync_all | * branch              main       -> FETCH_HEAD
2026-09-30T15:07:44-10:00job:github_sync_all | ↑ [database] local is ahead of GitHub
2026-09-30T15:07:44-10:00job:github_sync_all | To github.com:RootRecord-Software-Solutions/RootRecord-Database.git
2026-09-30T15:07:44-10:00job:github_sync_all | b79d906c..21cd33f4  HEAD -> main
2026-09-30T15:07:44-10:00job:github_sync_all | branch 'main' set up to track 'origin/main'.
2026-09-30T15:07:44-10:00job:github_sync_all | ↑ [database] 15 files → RootRecord-Software-Solutions/RootRecord-Database (main)
2026-09-30T15:07:44-10:00job:github_sync_all | — [library] no local changes
2026-09-30T15:07:44-10:00job:github_sync_all | ↓ [library] fetching origin/main
2026-09-30T15:07:44-10:00job:github_sync_all | From github.com:RootRecord-Software-Solutions/RootRecord-Library
2026-09-30T15:07:44-10:00job:github_sync_all | * branch            main       -> FETCH_HEAD
2026-09-30T15:07:44-10:00job:github_sync_all | — [library] local and GitHub already match
2026-09-30T15:07:44-10:00job:github_sync_all | — [library] nothing to push
2026-09-30T15:07:44-10:00job:github_sync_all | — [skills] no local changes
2026-09-30T15:07:44-10:00job:github_sync_all | ↓ [skills] fetching origin/main
2026-09-30T15:07:44-10:00job:github_sync_all | From github.com:rootrecordsoftwaresolutions/Solar-Pacific-RootRecord-Server
2026-09-30T15:07:44-10:00job:github_sync_all | * branch            main       -> FETCH_HEAD
2026-09-30T15:07:44-10:00job:github_sync_all | — [skills] local and GitHub already match
2026-09-30T15:07:44-10:00job:github_sync_all | — [skills] nothing to push
2026-09-30T15:07:44-10:00job:security_camera_frame_grab RUN  bash "/home/rootrecord/RootRecord-Ecosystem/1 - Servers/1 - RootRecord-Pacific-Solar-Server/Security/Cameras/grab_all.sh"
2026-09-30T15:07:59-10:00job:security_camera_frame_grab | 15:07:44  📷  a-eyes  ch1 → ch1-20261001T010744Z.jpg  (547.1 KB, 4.44s)
2026-09-30T15:07:59-10:00job:security_camera_frame_grab | 15:07:49  📷  a-eyes  ch2 → ch2-20261001T010749Z.jpg  (218.0 KB, 4.57s)
2026-09-30T15:07:59-10:00job:security_camera_frame_grab | 15:07:53  📷  a-eyes  ch3 → ch3-20261001T010753Z.jpg  (385.6 KB, 4.68s)
2026-09-30T15:07:59-10:00job:security_camera_frame_grab | 15:07:58  📷  a-eyes  ch4 → ch4-20261001T010758Z.jpg  (11.9 KB, 1.60s)
2026-09-30T15:08:00-10:00ENERGY  status=live  B2=22.0%  B1=43.2%  solar=37 W  ac=97 W  usbc=16 W  src=/home/rootrecord/RootRecord-Ecosystem/2 - RootRecord-Database/Energy  LAP=100%/Full/AC
2026-09-30T15:08:15-10:00  ▸  SUMMARY=delta2 soc=22.02% solar=0W ac_out=— usbc=12W src=ble db=ok
2026-09-30T15:08:15-10:00job:sys_stats_cycle RUN  bash "/home/rootrecord/RootRecord-Ecosystem/1 - Servers/1 - RootRecord-Pacific-Solar-Server/System/scripts/sys-sample.sh"
2026-09-30T15:08:16-10:00job:sys_stats_cycle | SYSTEM  cpu=4%  load=1.01  mem=35%  src=sqlite
2026-09-30T15:08:16-10:00job:sys_stats_cycle | OK wrote /home/rootrecord/RootRecord-Ecosystem/2 - RootRecord-Database/System/samples/sys-20260930-150815.json
2026-09-30T15:08:53-10:00job:github_sync_all | — [ecosystem] no committable local changes
2026-09-30T15:08:53-10:00job:github_sync_all | ↓ [ecosystem] fetching origin/main
2026-09-30T15:08:53-10:00job:github_sync_all | From github.com:RootRecord-Software-Solutions/RootRecord-Ecosystem
2026-09-30T15:08:53-10:00job:github_sync_all | * branch            main       -> FETCH_HEAD
2026-09-30T15:08:53-10:00job:github_sync_all | — [ecosystem] local and GitHub already match
2026-09-30T15:08:53-10:00job:github_sync_all | — [ecosystem] nothing to push
2026-09-30T15:08:53-10:00job:github_sync_all | — [pacific] no local changes
2026-09-30T15:08:53-10:00job:github_sync_all | ↓ [pacific] fetching origin/main
2026-09-30T15:08:53-10:00job:github_sync_all | From github.com:RootRecord-Software-Solutions/RootRecord-Pacific-Solar-Server
2026-09-30T15:08:53-10:00job:github_sync_all | * branch            main       -> FETCH_HEAD
2026-09-30T15:08:53-10:00job:github_sync_all | — [pacific] local and GitHub already match
2026-09-30T15:08:53-10:00job:github_sync_all | — [pacific] nothing to push
2026-09-30T15:08:53-10:00job:github_sync_all | ↑ [database] committed 12 local file(s)
2026-09-30T15:08:53-10:00job:github_sync_all | ↓ [database] fetching origin/main
2026-09-30T15:08:53-10:00job:github_sync_all | From github.com:RootRecord-Software-Solutions/RootRecord-Database
2026-09-30T15:08:53-10:00job:github_sync_all | * branch              main       -> FETCH_HEAD
2026-09-30T15:08:53-10:00job:github_sync_all | ↑ [database] local is ahead of GitHub
2026-09-30T15:08:53-10:00job:github_sync_all | To github.com:RootRecord-Software-Solutions/RootRecord-Database.git
2026-09-30T15:08:53-10:00job:github_sync_all | 21cd33f4..01692c70  HEAD -> main
2026-09-30T15:08:53-10:00job:github_sync_all | branch 'main' set up to track 'origin/main'.
2026-09-30T15:08:53-10:00job:github_sync_all | ↑ [database] 12 files → RootRecord-Software-Solutions/RootRecord-Database (main)
2026-09-30T15:08:53-10:00job:github_sync_all | — [library] no local changes
2026-09-30T15:08:53-10:00job:github_sync_all | ↓ [library] fetching origin/main
2026-09-30T15:08:53-10:00job:github_sync_all | From github.com:RootRecord-Software-Solutions/RootRecord-Library
2026-09-30T15:08:53-10:00job:github_sync_all | * branch            main       -> FETCH_HEAD
2026-09-30T15:08:53-10:00job:github_sync_all | — [library] local and GitHub already match
2026-09-30T15:08:53-10:00job:github_sync_all | — [library] nothing to push
2026-09-30T15:08:53-10:00job:github_sync_all | — [skills] no local changes
2026-09-30T15:08:53-10:00job:github_sync_all | ↓ [skills] fetching origin/main
2026-09-30T15:08:53-10:00job:github_sync_all | From github.com:rootrecordsoftwaresolutions/Solar-Pacific-RootRecord-Server
2026-09-30T15:08:53-10:00job:github_sync_all | * branch            main       -> FETCH_HEAD
2026-09-30T15:08:53-10:00job:github_sync_all | — [skills] local and GitHub already match
2026-09-30T15:08:53-10:00job:github_sync_all | — [skills] nothing to push
2026-09-30T15:08:53-10:00job:worklog_scan RUN  bash "/home/rootrecord/RootRecord-Ecosystem/1 - Servers/1 - RootRecord-Pacific-Solar-Server/Reports/scripts/worklog_once.sh"
2026-09-30T15:08:54-10:00job:worklog_scan | OK wrote/updated /home/rootrecord/RootRecord-Ecosystem/2 - RootRecord-Database/Worklog/worklog_current.md
2026-09-30T15:08:54-10:00job:security_camera_frame_grab RUN  bash "/home/rootrecord/RootRecord-Ecosystem/1 - Servers/1 - RootRecord-Pacific-Solar-Server/Security/Cameras/grab_all.sh"
2026-09-30T15:09:09-10:00job:security_camera_frame_grab | 15:08:54  📷  a-eyes  ch1 → ch1-20261001T010854Z.jpg  (540.7 KB, 4.39s)
2026-09-30T15:09:09-10:00job:security_camera_frame_grab | 15:08:59  📷  a-eyes  ch2 → ch2-20261001T010859Z.jpg  (215.5 KB, 4.37s)
2026-09-30T15:09:09-10:00job:security_camera_frame_grab | 15:09:03  📷  a-eyes  ch3 → ch3-20261001T010903Z.jpg  (369.0 KB, 4.29s)
2026-09-30T15:09:09-10:00job:security_camera_frame_grab | 15:09:07  📷  a-eyes  ch4 → ch4-20261001T010907Z.jpg  (12.0 KB, 1.65s)
2026-09-30T15:09:09-10:00job:service_supervisor RUN  bash "/home/rootrecord/RootRecord-Ecosystem/1 - Servers/1 - RootRecord-Pacific-Solar-Server/Automations/scripts/supervise-services.sh"
2026-09-30T15:09:09-10:00job:service_supervisor | [supervisor] weather alive pid=5299 (act)
2026-09-30T15:09:09-10:00job:service_supervisor | [supervisor] relay alive pid=4916 (act)
2026-09-30T15:09:10-10:00ENERGY  status=live  B2=22.0%  B1=43.2%  solar=0 W  ac=97 W  usbc=12 W  src=/home/rootrecord/RootRecord-Ecosystem/2 - RootRecord-Database/Energy  LAP=100%/Full/AC
2026-09-30T15:09:25-10:00  ▸  SUMMARY=delta2 soc=22.02% solar=30W ac_out=— usbc=14W src=ble db=ok
2026-09-30T15:09:25-10:00job:sys_stats_cycle RUN  bash "/home/rootrecord/RootRecord-Ecosystem/1 - Servers/1 - RootRecord-Pacific-Solar-Server/System/scripts/sys-sample.sh"
2026-09-30T15:09:26-10:00job:sys_stats_cycle | SYSTEM  cpu=7%  load=0.94  mem=35%  src=sqlite
2026-09-30T15:09:26-10:00job:sys_stats_cycle | OK wrote /home/rootrecord/RootRecord-Ecosystem/2 - RootRecord-Database/System/samples/sys-20260930-150925.json
2026-09-30T15:10:00-10:00job:github_sync_all | — [ecosystem] no committable local changes
2026-09-30T15:10:00-10:00job:github_sync_all | ↓ [ecosystem] fetching origin/main
2026-09-30T15:10:00-10:00job:github_sync_all | From github.com:RootRecord-Software-Solutions/RootRecord-Ecosystem
2026-09-30T15:10:00-10:00job:github_sync_all | * branch            main       -> FETCH_HEAD
2026-09-30T15:10:00-10:00job:github_sync_all | — [ecosystem] local and GitHub already match
2026-09-30T15:10:00-10:00job:github_sync_all | — [ecosystem] nothing to push
2026-09-30T15:10:00-10:00job:github_sync_all | — [pacific] no local changes
2026-09-30T15:10:00-10:00job:github_sync_all | ↓ [pacific] fetching origin/main
2026-09-30T15:10:00-10:00job:github_sync_all | From github.com:RootRecord-Software-Solutions/RootRecord-Pacific-Solar-Server
2026-09-30T15:10:00-10:00job:github_sync_all | * branch            main       -> FETCH_HEAD
2026-09-30T15:10:00-10:00job:github_sync_all | — [pacific] local and GitHub already match
2026-09-30T15:10:00-10:00job:github_sync_all | — [pacific] nothing to push
2026-09-30T15:10:00-10:00job:github_sync_all | ↑ [database] committed 16 local file(s)
2026-09-30T15:10:00-10:00job:github_sync_all | ↓ [database] fetching origin/main
2026-09-30T15:10:00-10:00job:github_sync_all | From github.com:RootRecord-Software-Solutions/RootRecord-Database
2026-09-30T15:10:00-10:00job:github_sync_all | * branch              main       -> FETCH_HEAD
2026-09-30T15:10:00-10:00job:github_sync_all | ↑ [database] local is ahead of GitHub
2026-09-30T15:10:00-10:00job:github_sync_all | To github.com:RootRecord-Software-Solutions/RootRecord-Database.git
2026-09-30T15:10:00-10:00job:github_sync_all | 01692c70..6a6e5cb6  HEAD -> main
2026-09-30T15:10:00-10:00job:github_sync_all | branch 'main' set up to track 'origin/main'.
2026-09-30T15:10:00-10:00job:github_sync_all | ↑ [database] 16 files → RootRecord-Software-Solutions/RootRecord-Database (main)
2026-09-30T15:10:00-10:00job:github_sync_all | — [library] no local changes
2026-09-30T15:10:00-10:00job:github_sync_all | ↓ [library] fetching origin/main
2026-09-30T15:10:00-10:00job:github_sync_all | From github.com:RootRecord-Software-Solutions/RootRecord-Library
2026-09-30T15:10:00-10:00job:github_sync_all | * branch            main       -> FETCH_HEAD
2026-09-30T15:10:00-10:00job:github_sync_all | — [library] local and GitHub already match
2026-09-30T15:10:00-10:00job:github_sync_all | — [library] nothing to push
2026-09-30T15:10:00-10:00job:github_sync_all | — [skills] no local changes
2026-09-30T15:10:00-10:00job:github_sync_all | ↓ [skills] fetching origin/main
2026-09-30T15:10:00-10:00job:github_sync_all | From github.com:rootrecordsoftwaresolutions/Solar-Pacific-RootRecord-Server
2026-09-30T15:10:00-10:00job:github_sync_all | * branch            main       -> FETCH_HEAD
2026-09-30T15:10:00-10:00job:github_sync_all | — [skills] local and GitHub already match
2026-09-30T15:10:00-10:00job:github_sync_all | — [skills] nothing to push
2026-09-30T15:10:00-10:00job:security_camera_frame_grab RUN  bash "/home/rootrecord/RootRecord-Ecosystem/1 - Servers/1 - RootRecord-Pacific-Solar-Server/Security/Cameras/grab_all.sh"
2026-09-30T15:10:15-10:00job:security_camera_frame_grab | 15:10:00  📷  a-eyes  ch1 → ch1-20261001T011000Z.jpg  (554.5 KB, 4.44s)
2026-09-30T15:10:15-10:00job:security_camera_frame_grab | 15:10:04  📷  a-eyes  ch2 → ch2-20261001T011004Z.jpg  (209.2 KB, 4.46s)
2026-09-30T15:10:15-10:00job:security_camera_frame_grab | 15:10:09  📷  a-eyes  ch3 → ch3-20261001T011009Z.jpg  (368.6 KB, 4.47s)
2026-09-30T15:10:15-10:00job:security_camera_frame_grab | 15:10:13  📷  a-eyes  ch4 → ch4-20261001T011013Z.jpg  (11.8 KB, 1.55s)
2026-09-30T15:10:15-10:00ENERGY  status=live  B2=22.0%  B1=43.2%  solar=30 W  ac=97 W  usbc=14 W  src=/home/rootrecord/RootRecord-Ecosystem/2 - RootRecord-Database/Energy  LAP=100%/Full/AC
2026-09-30T15:10:30-10:00  ▸  SUMMARY=river2pro soc=41.49% solar=0W ac_out=104W usbc=0W src=ble db=ok
2026-09-30T15:10:30-10:00job:sys_stats_cycle RUN  bash "/home/rootrecord/RootRecord-Ecosystem/1 - Servers/1 - RootRecord-Pacific-Solar-Server/System/scripts/sys-sample.sh"
2026-09-30T15:10:31-10:00job:sys_stats_cycle | SYSTEM  cpu=6%  load=0.76  mem=35%  src=sqlite
2026-09-30T15:10:31-10:00job:sys_stats_cycle | OK wrote /home/rootrecord/RootRecord-Ecosystem/2 - RootRecord-Database/System/samples/sys-20260930-151031.json
2026-09-30T15:11:07-10:00job:github_sync_all | — [ecosystem] no committable local changes
2026-09-30T15:11:07-10:00job:github_sync_all | ↓ [ecosystem] fetching origin/main
2026-09-30T15:11:07-10:00job:github_sync_all | From github.com:RootRecord-Software-Solutions/RootRecord-Ecosystem
2026-09-30T15:11:07-10:00job:github_sync_all | * branch            main       -> FETCH_HEAD
2026-09-30T15:11:07-10:00job:github_sync_all | — [ecosystem] local and GitHub already match
2026-09-30T15:11:07-10:00job:github_sync_all | — [ecosystem] nothing to push
2026-09-30T15:11:07-10:00job:github_sync_all | — [pacific] no local changes
2026-09-30T15:11:07-10:00job:github_sync_all | ↓ [pacific] fetching origin/main
2026-09-30T15:11:07-10:00job:github_sync_all | From github.com:RootRecord-Software-Solutions/RootRecord-Pacific-Solar-Server
2026-09-30T15:11:07-10:00job:github_sync_all | * branch            main       -> FETCH_HEAD
2026-09-30T15:11:07-10:00job:github_sync_all | — [pacific] local and GitHub already match
2026-09-30T15:11:07-10:00job:github_sync_all | — [pacific] nothing to push
2026-09-30T15:11:07-10:00job:github_sync_all | ↑ [database] committed 13 local file(s)
2026-09-30T15:11:07-10:00job:github_sync_all | ↓ [database] fetching origin/main
2026-09-30T15:11:07-10:00job:github_sync_all | From github.com:RootRecord-Software-Solutions/RootRecord-Database
2026-09-30T15:11:07-10:00job:github_sync_all | * branch              main       -> FETCH_HEAD
2026-09-30T15:11:07-10:00job:github_sync_all | ↑ [database] local is ahead of GitHub
2026-09-30T15:11:07-10:00job:github_sync_all | To github.com:RootRecord-Software-Solutions/RootRecord-Database.git
2026-09-30T15:11:07-10:00job:github_sync_all | 6a6e5cb6..d28f6168  HEAD -> main
2026-09-30T15:11:07-10:00job:github_sync_all | branch 'main' set up to track 'origin/main'.
2026-09-30T15:11:07-10:00job:github_sync_all | ↑ [database] 13 files → RootRecord-Software-Solutions/RootRecord-Database (main)
2026-09-30T15:11:07-10:00job:github_sync_all | — [library] no local changes
2026-09-30T15:11:07-10:00job:github_sync_all | ↓ [library] fetching origin/main
2026-09-30T15:11:07-10:00job:github_sync_all | From github.com:RootRecord-Software-Solutions/RootRecord-Library
2026-09-30T15:11:07-10:00job:github_sync_all | * branch            main       -> FETCH_HEAD
2026-09-30T15:11:07-10:00job:github_sync_all | — [library] local and GitHub already match
2026-09-30T15:11:07-10:00job:github_sync_all | — [library] nothing to push
2026-09-30T15:11:07-10:00job:github_sync_all | — [skills] no local changes
2026-09-30T15:11:07-10:00job:github_sync_all | ↓ [skills] fetching origin/main
2026-09-30T15:11:07-10:00job:github_sync_all | From github.com:rootrecordsoftwaresolutions/Solar-Pacific-RootRecord-Server
2026-09-30T15:11:07-10:00job:github_sync_all | * branch            main       -> FETCH_HEAD
2026-09-30T15:11:07-10:00job:github_sync_all | — [skills] local and GitHub already match
2026-09-30T15:11:07-10:00job:github_sync_all | — [skills] nothing to push
2026-09-30T15:11:07-10:00job:worklog_scan RUN  bash "/home/rootrecord/RootRecord-Ecosystem/1 - Servers/1 - RootRecord-Pacific-Solar-Server/Reports/scripts/worklog_once.sh"
2026-09-30T15:11:09-10:00job:worklog_scan | OK wrote/updated /home/rootrecord/RootRecord-Ecosystem/2 - RootRecord-Database/Worklog/worklog_current.md
2026-09-30T15:11:09-10:00job:security_camera_frame_grab RUN  bash "/home/rootrecord/RootRecord-Ecosystem/1 - Servers/1 - RootRecord-Pacific-Solar-Server/Security/Cameras/grab_all.sh"
2026-09-30T15:11:24-10:00job:security_camera_frame_grab | 15:11:09  📷  a-eyes  ch1 → ch1-20261001T011109Z.jpg  (553.0 KB, 4.40s)
2026-09-30T15:11:24-10:00job:security_camera_frame_grab | 15:11:13  📷  a-eyes  ch2 → ch2-20261001T011113Z.jpg  (193.8 KB, 4.40s)
2026-09-30T15:11:24-10:00job:security_camera_frame_grab | 15:11:18  📷  a-eyes  ch3 → ch3-20261001T011118Z.jpg  (378.0 KB, 4.42s)
2026-09-30T15:11:24-10:00job:security_camera_frame_grab | 15:11:22  📷  a-eyes  ch4 → ch4-20261001T011122Z.jpg  (11.9 KB, 1.63s)
2026-09-30T15:11:24-10:00ENERGY  status=live  B2=22.0%  B1=41.5%  solar=30 W  ac=104 W  usbc=14 W  src=/home/rootrecord/RootRecord-Ecosystem/2 - RootRecord-Database/Energy  LAP=100%/Full/AC
2026-09-30T15:11:39-10:00  ▸  SUMMARY=delta2 soc=22.02% solar=30W ac_out=— usbc=12W src=ble db=ok
2026-09-30T15:11:39-10:00job:sys_stats_cycle RUN  bash "/home/rootrecord/RootRecord-Ecosystem/1 - Servers/1 - RootRecord-Pacific-Solar-Server/System/scripts/sys-sample.sh"
2026-09-30T15:11:40-10:00job:sys_stats_cycle | SYSTEM  cpu=4%  load=0.84  mem=35%  src=sqlite
2026-09-30T15:11:40-10:00job:sys_stats_cycle | OK wrote /home/rootrecord/RootRecord-Ecosystem/2 - RootRecord-Database/System/samples/sys-20260930-151139.json
2026-09-30T15:12:15-10:00job:github_sync_all | — [ecosystem] no committable local changes
2026-09-30T15:12:15-10:00job:github_sync_all | ↓ [ecosystem] fetching origin/main
2026-09-30T15:12:15-10:00job:github_sync_all | From github.com:RootRecord-Software-Solutions/RootRecord-Ecosystem
2026-09-30T15:12:15-10:00job:github_sync_all | * branch            main       -> FETCH_HEAD
2026-09-30T15:12:15-10:00job:github_sync_all | — [ecosystem] local and GitHub already match
2026-09-30T15:12:15-10:00job:github_sync_all | — [ecosystem] nothing to push
2026-09-30T15:12:15-10:00job:github_sync_all | — [pacific] no local changes
2026-09-30T15:12:15-10:00job:github_sync_all | ↓ [pacific] fetching origin/main
2026-09-30T15:12:15-10:00job:github_sync_all | From github.com:RootRecord-Software-Solutions/RootRecord-Pacific-Solar-Server
2026-09-30T15:12:15-10:00job:github_sync_all | * branch            main       -> FETCH_HEAD
2026-09-30T15:12:15-10:00job:github_sync_all | — [pacific] local and GitHub already match
2026-09-30T15:12:15-10:00job:github_sync_all | — [pacific] nothing to push
2026-09-30T15:12:15-10:00job:github_sync_all | ↑ [database] committed 15 local file(s)
2026-09-30T15:12:15-10:00job:github_sync_all | ↓ [database] fetching origin/main
2026-09-30T15:12:15-10:00job:github_sync_all | From github.com:RootRecord-Software-Solutions/RootRecord-Database
2026-09-30T15:12:15-10:00job:github_sync_all | * branch              main       -> FETCH_HEAD
2026-09-30T15:12:15-10:00job:github_sync_all | ↑ [database] local is ahead of GitHub
2026-09-30T15:12:15-10:00job:github_sync_all | To github.com:RootRecord-Software-Solutions/RootRecord-Database.git
2026-09-30T15:12:15-10:00job:github_sync_all | d28f6168..f66374a1  HEAD -> main
2026-09-30T15:12:15-10:00job:github_sync_all | branch 'main' set up to track 'origin/main'.
2026-09-30T15:12:15-10:00job:github_sync_all | ↑ [database] 15 files → RootRecord-Software-Solutions/RootRecord-Database (main)
2026-09-30T15:12:15-10:00job:github_sync_all | — [library] no local changes
2026-09-30T15:12:15-10:00job:github_sync_all | ↓ [library] fetching origin/main
2026-09-30T15:12:15-10:00job:github_sync_all | From github.com:RootRecord-Software-Solutions/RootRecord-Library
2026-09-30T15:12:15-10:00job:github_sync_all | * branch            main       -> FETCH_HEAD
2026-09-30T15:12:15-10:00job:github_sync_all | — [library] local and GitHub already match
2026-09-30T15:12:15-10:00job:github_sync_all | — [library] nothing to push
2026-09-30T15:12:15-10:00job:github_sync_all | — [skills] no local changes
2026-09-30T15:12:15-10:00job:github_sync_all | ↓ [skills] fetching origin/main
2026-09-30T15:12:15-10:00job:github_sync_all | From github.com:rootrecordsoftwaresolutions/Solar-Pacific-RootRecord-Server
2026-09-30T15:12:15-10:00job:github_sync_all | * branch            main       -> FETCH_HEAD
2026-09-30T15:12:15-10:00job:github_sync_all | — [skills] local and GitHub already match
2026-09-30T15:12:15-10:00job:github_sync_all | — [skills] nothing to push
2026-09-30T15:12:15-10:00job:security_camera_frame_grab RUN  bash "/home/rootrecord/RootRecord-Ecosystem/1 - Servers/1 - RootRecord-Pacific-Solar-Server/Security/Cameras/grab_all.sh"
2026-09-30T15:12:30-10:00job:security_camera_frame_grab | 15:12:15  📷  a-eyes  ch1 → ch1-20261001T011215Z.jpg  (498.7 KB, 4.43s)
2026-09-30T15:12:30-10:00job:security_camera_frame_grab | 15:12:19  📷  a-eyes  ch2 → ch2-20261001T011219Z.jpg  (186.8 KB, 4.36s)
2026-09-30T15:12:30-10:00job:security_camera_frame_grab | 15:12:24  📷  a-eyes  ch3 → ch3-20261001T011224Z.jpg  (380.3 KB, 4.38s)
2026-09-30T15:12:30-10:00job:security_camera_frame_grab | 15:12:28  📷  a-eyes  ch4 → ch4-20261001T011228Z.jpg  (11.9 KB, 1.53s)
2026-09-30T15:12:30-10:00ENERGY  status=live  B2=22.0%  B1=41.5%  solar=30 W  ac=104 W  usbc=12 W  src=/home/rootrecord/RootRecord-Ecosystem/2 - RootRecord-Database/Energy  LAP=100%/Full/AC
2026-09-30T15:12:45-10:00  ▸  SUMMARY=delta2 soc=22.02% solar=31W ac_out=— usbc=14W src=ble db=ok
2026-09-30T15:12:45-10:00job:sys_stats_cycle RUN  bash "/home/rootrecord/RootRecord-Ecosystem/1 - Servers/1 - RootRecord-Pacific-Solar-Server/System/scripts/sys-sample.sh"
2026-09-30T15:12:46-10:00job:sys_stats_cycle | SYSTEM  cpu=8%  load=0.98  mem=36%  src=sqlite
2026-09-30T15:12:46-10:00job:sys_stats_cycle | OK wrote /home/rootrecord/RootRecord-Ecosystem/2 - RootRecord-Database/System/samples/sys-20260930-151245.json
2026-09-30T15:13:25-10:00job:github_sync_all | ↑ [ecosystem] committed 2 local file(s)
2026-09-30T15:13:25-10:00job:github_sync_all | ↓ [ecosystem] fetching origin/main
2026-09-30T15:13:25-10:00job:github_sync_all | From github.com:RootRecord-Software-Solutions/RootRecord-Ecosystem
2026-09-30T15:13:25-10:00job:github_sync_all | * branch            main       -> FETCH_HEAD
2026-09-30T15:13:25-10:00job:github_sync_all | ↑ [ecosystem] local is ahead of GitHub
2026-09-30T15:13:25-10:00job:github_sync_all | To github.com:RootRecord-Software-Solutions/RootRecord-Ecosystem.git
2026-09-30T15:13:25-10:00job:github_sync_all | 6a59742..22d50cc  HEAD -> main
2026-09-30T15:13:25-10:00job:github_sync_all | branch 'main' set up to track 'origin/main'.
2026-09-30T15:13:25-10:00job:github_sync_all | ↑ [ecosystem] 2 files → RootRecord-Software-Solutions/RootRecord-Ecosystem (main)
2026-09-30T15:13:25-10:00job:github_sync_all | ↑ [pacific] committed 3 local file(s)
2026-09-30T15:13:25-10:00job:github_sync_all | ↓ [pacific] fetching origin/main
2026-09-30T15:13:25-10:00job:github_sync_all | From github.com:RootRecord-Software-Solutions/RootRecord-Pacific-Solar-Server
2026-09-30T15:13:25-10:00job:github_sync_all | * branch            main       -> FETCH_HEAD
2026-09-30T15:13:25-10:00job:github_sync_all | ↑ [pacific] local is ahead of GitHub
2026-09-30T15:13:25-10:00job:github_sync_all | To github.com:RootRecord-Software-Solutions/RootRecord-Pacific-Solar-Server.git
2026-09-30T15:13:25-10:00job:github_sync_all | d3c2d14..2a176d6  HEAD -> main
2026-09-30T15:13:25-10:00job:github_sync_all | branch 'main' set up to track 'origin/main'.
2026-09-30T15:13:25-10:00job:github_sync_all | ↑ [pacific] 3 files → RootRecord-Software-Solutions/RootRecord-Pacific-Solar-Server (main)
2026-09-30T15:13:25-10:00job:github_sync_all | ↑ [database] committed 12 local file(s)
2026-09-30T15:13:25-10:00job:github_sync_all | ↓ [database] fetching origin/main
2026-09-30T15:13:25-10:00job:github_sync_all | From github.com:RootRecord-Software-Solutions/RootRecord-Database
2026-09-30T15:13:25-10:00job:github_sync_all | * branch              main       -> FETCH_HEAD
2026-09-30T15:13:25-10:00job:github_sync_all | ↑ [database] local is ahead of GitHub
2026-09-30T15:13:25-10:00job:github_sync_all | To github.com:RootRecord-Software-Solutions/RootRecord-Database.git
2026-09-30T15:13:25-10:00job:github_sync_all | f66374a1..71d45b3e  HEAD -> main
2026-09-30T15:13:25-10:00job:github_sync_all | branch 'main' set up to track 'origin/main'.
2026-09-30T15:13:25-10:00job:github_sync_all | ↑ [database] 12 files → RootRecord-Software-Solutions/RootRecord-Database (main)
2026-09-30T15:13:25-10:00job:github_sync_all | — [library] no local changes
2026-09-30T15:13:25-10:00job:github_sync_all | ↓ [library] fetching origin/main
2026-09-30T15:13:25-10:00job:github_sync_all | From github.com:RootRecord-Software-Solutions/RootRecord-Library
2026-09-30T15:13:25-10:00job:github_sync_all | * branch            main       -> FETCH_HEAD
2026-09-30T15:13:25-10:00job:github_sync_all | — [library] local and GitHub already match
2026-09-30T15:13:25-10:00job:github_sync_all | — [library] nothing to push
2026-09-30T15:13:25-10:00job:github_sync_all | — [skills] no local changes
2026-09-30T15:13:25-10:00job:github_sync_all | ↓ [skills] fetching origin/main
2026-09-30T15:13:25-10:00job:github_sync_all | From github.com:rootrecordsoftwaresolutions/Solar-Pacific-RootRecord-Server
2026-09-30T15:13:25-10:00job:github_sync_all | * branch            main       -> FETCH_HEAD
2026-09-30T15:13:25-10:00job:github_sync_all | — [skills] local and GitHub already match
2026-09-30T15:13:25-10:00job:github_sync_all | — [skills] nothing to push
2026-09-30T15:13:25-10:00job:worklog_scan RUN  bash "/home/rootrecord/RootRecord-Ecosystem/1 - Servers/1 - RootRecord-Pacific-Solar-Server/Reports/scripts/worklog_once.sh"
2026-09-30T15:13:31-10:00job:worklog_scan | OK wrote/updated /home/rootrecord/RootRecord-Ecosystem/2 - RootRecord-Database/Worklog/worklog_current.md
2026-09-30T15:13:31-10:00job:security_camera_frame_grab RUN  bash "/home/rootrecord/RootRecord-Ecosystem/1 - Servers/1 - RootRecord-Pacific-Solar-Server/Security/Cameras/grab_all.sh"
2026-09-30T15:13:47-10:00job:security_camera_frame_grab | 15:13:31  📷  a-eyes  ch1 → ch1-20261001T011331Z.jpg  (530.3 KB, 4.58s)
2026-09-30T15:13:47-10:00job:security_camera_frame_grab | 15:13:36  📷  a-eyes  ch2 → ch2-20261001T011336Z.jpg  (182.4 KB, 4.27s)
2026-09-30T15:13:47-10:00job:security_camera_frame_grab | 15:13:40  📷  a-eyes  ch3 → ch3-20261001T011340Z.jpg  (381.5 KB, 4.48s)
2026-09-30T15:13:47-10:00job:security_camera_frame_grab | 15:13:45  📷  a-eyes  ch4 → ch4-20261001T011345Z.jpg  (11.8 KB, 1.58s)
2026-09-30T15:13:47-10:00ENERGY  status=live  B2=22.0%  B1=41.5%  solar=31 W  ac=104 W  usbc=14 W  src=/home/rootrecord/RootRecord-Ecosystem/2 - RootRecord-Database/Energy  LAP=100%/Full/AC
2026-09-30T15:14:02-10:00  ▸  SUMMARY=river2pro soc=40.47% solar=0W ac_out=91W usbc=0W src=ble db=ok
2026-09-30T15:14:02-10:00job:sys_stats_cycle RUN  bash "/home/rootrecord/RootRecord-Ecosystem/1 - Servers/1 - RootRecord-Pacific-Solar-Server/System/scripts/sys-sample.sh"
2026-09-30T15:14:03-10:00job:sys_stats_cycle | SYSTEM  cpu=4%  load=1.16  mem=37%  src=sqlite
2026-09-30T15:14:03-10:00job:sys_stats_cycle | OK wrote /home/rootrecord/RootRecord-Ecosystem/2 - RootRecord-Database/System/samples/sys-20260930-151402.json
2026-09-30T15:14:44-10:00job:github_sync_all | ↑ [ecosystem] committed 6 local file(s)
2026-09-30T15:14:44-10:00job:github_sync_all | ↓ [ecosystem] fetching origin/main
2026-09-30T15:14:44-10:00job:github_sync_all | From github.com:RootRecord-Software-Solutions/RootRecord-Ecosystem
2026-09-30T15:14:44-10:00job:github_sync_all | * branch            main       -> FETCH_HEAD
2026-09-30T15:14:44-10:00job:github_sync_all | ↑ [ecosystem] local is ahead of GitHub
2026-09-30T15:14:44-10:00job:github_sync_all | To github.com:RootRecord-Software-Solutions/RootRecord-Ecosystem.git
2026-09-30T15:14:44-10:00job:github_sync_all | 22d50cc..b1a8899  HEAD -> main
2026-09-30T15:14:44-10:00job:github_sync_all | branch 'main' set up to track 'origin/main'.
2026-09-30T15:14:44-10:00job:github_sync_all | ↑ [ecosystem] 6 files → RootRecord-Software-Solutions/RootRecord-Ecosystem (main)
2026-09-30T15:14:44-10:00job:github_sync_all | ↑ [pacific] committed 3 local file(s)
2026-09-30T15:14:44-10:00job:github_sync_all | ↓ [pacific] fetching origin/main
2026-09-30T15:14:44-10:00job:github_sync_all | From github.com:RootRecord-Software-Solutions/RootRecord-Pacific-Solar-Server
2026-09-30T15:14:44-10:00job:github_sync_all | * branch            main       -> FETCH_HEAD
2026-09-30T15:14:44-10:00job:github_sync_all | ↑ [pacific] local is ahead of GitHub
2026-09-30T15:14:44-10:00job:github_sync_all | To github.com:RootRecord-Software-Solutions/RootRecord-Pacific-Solar-Server.git
2026-09-30T15:14:44-10:00job:github_sync_all | 2a176d6..ef681a6  HEAD -> main
2026-09-30T15:14:44-10:00job:github_sync_all | branch 'main' set up to track 'origin/main'.
2026-09-30T15:14:44-10:00job:github_sync_all | ↑ [pacific] 3 files → RootRecord-Software-Solutions/RootRecord-Pacific-Solar-Server (main)
2026-09-30T15:14:44-10:00job:github_sync_all | ↑ [database] committed 16 local file(s)
2026-09-30T15:14:44-10:00job:github_sync_all | ↓ [database] fetching origin/main
2026-09-30T15:14:44-10:00job:github_sync_all | From github.com:RootRecord-Software-Solutions/RootRecord-Database
2026-09-30T15:14:44-10:00job:github_sync_all | * branch              main       -> FETCH_HEAD
2026-09-30T15:14:44-10:00job:github_sync_all | ↑ [database] local is ahead of GitHub
2026-09-30T15:14:44-10:00job:github_sync_all | To github.com:RootRecord-Software-Solutions/RootRecord-Database.git
2026-09-30T15:14:44-10:00job:github_sync_all | 71d45b3e..abf5ac5e  HEAD -> main
2026-09-30T15:14:44-10:00job:github_sync_all | branch 'main' set up to track 'origin/main'.
2026-09-30T15:14:44-10:00job:github_sync_all | ↑ [database] 16 files → RootRecord-Software-Solutions/RootRecord-Database (main)
2026-09-30T15:14:44-10:00job:github_sync_all | — [library] no local changes
2026-09-30T15:14:44-10:00job:github_sync_all | ↓ [library] fetching origin/main
2026-09-30T15:14:44-10:00job:github_sync_all | From github.com:RootRecord-Software-Solutions/RootRecord-Library
2026-09-30T15:14:44-10:00job:github_sync_all | * branch            main       -> FETCH_HEAD
2026-09-30T15:14:44-10:00job:github_sync_all | — [library] local and GitHub already match
2026-09-30T15:14:44-10:00job:github_sync_all | — [library] nothing to push
2026-09-30T15:14:44-10:00job:github_sync_all | — [skills] no local changes
2026-09-30T15:14:44-10:00job:github_sync_all | ↓ [skills] fetching origin/main
2026-09-30T15:14:44-10:00job:github_sync_all | From github.com:rootrecordsoftwaresolutions/Solar-Pacific-RootRecord-Server
2026-09-30T15:14:44-10:00job:github_sync_all | * branch            main       -> FETCH_HEAD
2026-09-30T15:14:44-10:00job:github_sync_all | — [skills] local and GitHub already match
2026-09-30T15:14:44-10:00job:github_sync_all | — [skills] nothing to push
2026-09-30T15:14:44-10:00job:security_camera_frame_grab RUN  bash "/home/rootrecord/RootRecord-Ecosystem/1 - Servers/1 - RootRecord-Pacific-Solar-Server/Security/Cameras/grab_all.sh"
2026-09-30T15:15:00-10:00job:security_camera_frame_grab | 15:14:44  📷  a-eyes  ch1 → ch1-20261001T011444Z.jpg  (530.8 KB, 4.25s)
2026-09-30T15:15:00-10:00job:security_camera_frame_grab | 15:14:49  📷  a-eyes  ch2 → ch2-20261001T011449Z.jpg  (182.1 KB, 4.52s)
2026-09-30T15:15:00-10:00job:security_camera_frame_grab | 15:14:53  📷  a-eyes  ch3 → ch3-20261001T011453Z.jpg  (390.7 KB, 4.63s)
2026-09-30T15:15:00-10:00job:security_camera_frame_grab | 15:14:58  📷  a-eyes  ch4 → ch4-20261001T011458Z.jpg  (11.8 KB, 1.60s)
2026-09-30T15:15:00-10:00job:service_supervisor RUN  bash "/home/rootrecord/RootRecord-Ecosystem/1 - Servers/1 - RootRecord-Pacific-Solar-Server/Automations/scripts/supervise-services.sh"
2026-09-30T15:15:00-10:00job:service_supervisor | [supervisor] weather alive pid=5299 (act)
2026-09-30T15:15:00-10:00job:service_supervisor | [supervisor] relay alive pid=4916 (act)
2026-09-30T15:15:00-10:00ENERGY  status=live  B2=22.0%  B1=40.5%  solar=31 W  ac=91 W  usbc=14 W  src=/home/rootrecord/RootRecord-Ecosystem/2 - RootRecord-Database/Energy  LAP=100%/Full/AC
2026-09-30T15:15:15-10:00  ▸  SUMMARY=delta2 soc=22.02% solar=32W ac_out=— usbc=13W src=ble db=ok
2026-09-30T15:15:15-10:00job:sys_stats_cycle RUN  bash "/home/rootrecord/RootRecord-Ecosystem/1 - Servers/1 - RootRecord-Pacific-Solar-Server/System/scripts/sys-sample.sh"
2026-09-30T15:15:16-10:00job:sys_stats_cycle | SYSTEM  cpu=5%  load=1.60  mem=35%  src=sqlite
2026-09-30T15:15:16-10:00job:sys_stats_cycle | OK wrote /home/rootrecord/RootRecord-Ecosystem/2 - RootRecord-Database/System/samples/sys-20260930-151516.json
2026-09-30T15:15:57-10:00job:github_sync_all | ↑ [ecosystem] committed 6 local file(s)
2026-09-30T15:15:57-10:00job:github_sync_all | ↓ [ecosystem] fetching origin/main
2026-09-30T15:15:57-10:00job:github_sync_all | From github.com:RootRecord-Software-Solutions/RootRecord-Ecosystem
2026-09-30T15:15:57-10:00job:github_sync_all | * branch            main       -> FETCH_HEAD
2026-09-30T15:15:57-10:00job:github_sync_all | ↑ [ecosystem] local is ahead of GitHub
2026-09-30T15:15:57-10:00job:github_sync_all | To github.com:RootRecord-Software-Solutions/RootRecord-Ecosystem.git
2026-09-30T15:15:57-10:00job:github_sync_all | b1a8899..5e2a5ea  HEAD -> main
2026-09-30T15:15:57-10:00job:github_sync_all | branch 'main' set up to track 'origin/main'.
2026-09-30T15:15:57-10:00job:github_sync_all | ↑ [ecosystem] 6 files → RootRecord-Software-Solutions/RootRecord-Ecosystem (main)
2026-09-30T15:15:57-10:00job:github_sync_all | ↑ [pacific] committed 1 local file(s)
2026-09-30T15:15:57-10:00job:github_sync_all | ↓ [pacific] fetching origin/main
2026-09-30T15:15:57-10:00job:github_sync_all | From github.com:RootRecord-Software-Solutions/RootRecord-Pacific-Solar-Server
2026-09-30T15:15:57-10:00job:github_sync_all | * branch            main       -> FETCH_HEAD
2026-09-30T15:15:57-10:00job:github_sync_all | ↑ [pacific] local is ahead of GitHub
2026-09-30T15:15:57-10:00job:github_sync_all | To github.com:RootRecord-Software-Solutions/RootRecord-Pacific-Solar-Server.git
2026-09-30T15:15:57-10:00job:github_sync_all | ef681a6..3b859e5  HEAD -> main
2026-09-30T15:15:57-10:00job:github_sync_all | branch 'main' set up to track 'origin/main'.
2026-09-30T15:15:57-10:00job:github_sync_all | ↑ [pacific] 1 files → RootRecord-Software-Solutions/RootRecord-Pacific-Solar-Server (main)
2026-09-30T15:15:57-10:00job:github_sync_all | ↑ [database] committed 14 local file(s)
2026-09-30T15:15:57-10:00job:github_sync_all | ↓ [database] fetching origin/main
2026-09-30T15:15:57-10:00job:github_sync_all | From github.com:RootRecord-Software-Solutions/RootRecord-Database
2026-09-30T15:15:57-10:00job:github_sync_all | * branch              main       -> FETCH_HEAD
2026-09-30T15:15:57-10:00job:github_sync_all | ↑ [database] local is ahead of GitHub
2026-09-30T15:15:57-10:00job:github_sync_all | To github.com:RootRecord-Software-Solutions/RootRecord-Database.git
2026-09-30T15:15:57-10:00job:github_sync_all | abf5ac5e..d8345d24  HEAD -> main
2026-09-30T15:15:57-10:00job:github_sync_all | branch 'main' set up to track 'origin/main'.
2026-09-30T15:15:57-10:00job:github_sync_all | ↑ [database] 14 files → RootRecord-Software-Solutions/RootRecord-Database (main)
2026-09-30T15:15:57-10:00job:github_sync_all | — [library] no local changes
2026-09-30T15:15:57-10:00job:github_sync_all | ↓ [library] fetching origin/main
2026-09-30T15:15:57-10:00job:github_sync_all | From github.com:RootRecord-Software-Solutions/RootRecord-Library
2026-09-30T15:15:57-10:00job:github_sync_all | * branch            main       -> FETCH_HEAD
2026-09-30T15:15:57-10:00job:github_sync_all | — [library] local and GitHub already match
2026-09-30T15:15:57-10:00job:github_sync_all | — [library] nothing to push
2026-09-30T15:15:57-10:00job:github_sync_all | — [skills] no local changes
2026-09-30T15:15:57-10:00job:github_sync_all | ↓ [skills] fetching origin/main
2026-09-30T15:15:57-10:00job:github_sync_all | From github.com:rootrecordsoftwaresolutions/Solar-Pacific-RootRecord-Server
2026-09-30T15:15:57-10:00job:github_sync_all | * branch            main       -> FETCH_HEAD
2026-09-30T15:15:57-10:00job:github_sync_all | — [skills] local and GitHub already match
2026-09-30T15:15:57-10:00job:github_sync_all | — [skills] nothing to push
2026-09-30T15:15:57-10:00job:worklog_scan RUN  bash "/home/rootrecord/RootRecord-Ecosystem/1 - Servers/1 - RootRecord-Pacific-Solar-Server/Reports/scripts/worklog_once.sh"
2026-09-30T15:16:01-10:00job:worklog_scan | OK wrote/updated /home/rootrecord/RootRecord-Ecosystem/2 - RootRecord-Database/Worklog/worklog_current.md
2026-09-30T15:16:01-10:00job:security_camera_frame_grab RUN  bash "/home/rootrecord/RootRecord-Ecosystem/1 - Servers/1 - RootRecord-Pacific-Solar-Server/Security/Cameras/grab_all.sh"
2026-09-30T15:16:16-10:00job:security_camera_frame_grab | 15:16:01  📷  a-eyes  ch1 → ch1-20261001T011601Z.jpg  (538.5 KB, 4.44s)
2026-09-30T15:16:16-10:00job:security_camera_frame_grab | 15:16:05  📷  a-eyes  ch2 → ch2-20261001T011605Z.jpg  (179.7 KB, 4.35s)
2026-09-30T15:16:16-10:00job:security_camera_frame_grab | 15:16:09  📷  a-eyes  ch3 → ch3-20261001T011609Z.jpg  (385.1 KB, 4.47s)
2026-09-30T15:16:16-10:00job:security_camera_frame_grab | 15:16:14  📷  a-eyes  ch4 → ch4-20261001T011614Z.jpg  (11.9 KB, 1.50s)
2026-09-30T15:16:16-10:00ENERGY  status=live  B2=22.0%  B1=40.5%  solar=32 W  ac=91 W  usbc=13 W  src=/home/rootrecord/RootRecord-Ecosystem/2 - RootRecord-Database/Energy  LAP=100%/Full/AC
2026-09-30T15:16:31-10:00  ▸  SUMMARY=river2pro soc=39.72% solar=0W ac_out=88W usbc=0W src=ble db=ok
2026-09-30T15:16:31-10:00job:sys_stats_cycle RUN  bash "/home/rootrecord/RootRecord-Ecosystem/1 - Servers/1 - RootRecord-Pacific-Solar-Server/System/scripts/sys-sample.sh"
2026-09-30T15:16:32-10:00job:sys_stats_cycle | SYSTEM  cpu=9%  load=1.25  mem=35%  src=sqlite
2026-09-30T15:16:32-10:00job:sys_stats_cycle | OK wrote /home/rootrecord/RootRecord-Ecosystem/2 - RootRecord-Database/System/samples/sys-20260930-151631.json
2026-09-30T15:17:14-10:00job:github_sync_all | ↑ [ecosystem] committed 3 local file(s)
2026-09-30T15:17:14-10:00job:github_sync_all | ↓ [ecosystem] fetching origin/main
2026-09-30T15:17:14-10:00job:github_sync_all | From github.com:RootRecord-Software-Solutions/RootRecord-Ecosystem
2026-09-30T15:17:14-10:00job:github_sync_all | * branch            main       -> FETCH_HEAD
2026-09-30T15:17:14-10:00job:github_sync_all | ↑ [ecosystem] local is ahead of GitHub
2026-09-30T15:17:14-10:00job:github_sync_all | To github.com:RootRecord-Software-Solutions/RootRecord-Ecosystem.git
2026-09-30T15:17:14-10:00job:github_sync_all | 5e2a5ea..97cee17  HEAD -> main
2026-09-30T15:17:14-10:00job:github_sync_all | branch 'main' set up to track 'origin/main'.
2026-09-30T15:17:14-10:00job:github_sync_all | ↑ [ecosystem] 3 files → RootRecord-Software-Solutions/RootRecord-Ecosystem (main)
2026-09-30T15:17:14-10:00job:github_sync_all | ↑ [pacific] committed 3 local file(s)
2026-09-30T15:17:14-10:00job:github_sync_all | ↓ [pacific] fetching origin/main
2026-09-30T15:17:14-10:00job:github_sync_all | From github.com:RootRecord-Software-Solutions/RootRecord-Pacific-Solar-Server
2026-09-30T15:17:14-10:00job:github_sync_all | * branch            main       -> FETCH_HEAD
2026-09-30T15:17:14-10:00job:github_sync_all | ↑ [pacific] local is ahead of GitHub
2026-09-30T15:17:14-10:00job:github_sync_all | To github.com:RootRecord-Software-Solutions/RootRecord-Pacific-Solar-Server.git
2026-09-30T15:17:14-10:00job:github_sync_all | 3b859e5..7138c45  HEAD -> main
2026-09-30T15:17:14-10:00job:github_sync_all | branch 'main' set up to track 'origin/main'.
2026-09-30T15:17:14-10:00job:github_sync_all | ↑ [pacific] 3 files → RootRecord-Software-Solutions/RootRecord-Pacific-Solar-Server (main)
2026-09-30T15:17:14-10:00job:github_sync_all | ↑ [database] committed 16 local file(s)
2026-09-30T15:17:14-10:00job:github_sync_all | ↓ [database] fetching origin/main
2026-09-30T15:17:14-10:00job:github_sync_all | From github.com:RootRecord-Software-Solutions/RootRecord-Database
2026-09-30T15:17:14-10:00job:github_sync_all | * branch              main       -> FETCH_HEAD
2026-09-30T15:17:14-10:00job:github_sync_all | ↑ [database] local is ahead of GitHub
2026-09-30T15:17:14-10:00job:github_sync_all | To github.com:RootRecord-Software-Solutions/RootRecord-Database.git
2026-09-30T15:17:14-10:00job:github_sync_all | d8345d24..ccf8ade6  HEAD -> main
2026-09-30T15:17:14-10:00job:github_sync_all | branch 'main' set up to track 'origin/main'.
2026-09-30T15:17:14-10:00job:github_sync_all | ↑ [database] 16 files → RootRecord-Software-Solutions/RootRecord-Database (main)
2026-09-30T15:17:14-10:00job:github_sync_all | — [library] no local changes
2026-09-30T15:17:14-10:00job:github_sync_all | ↓ [library] fetching origin/main
2026-09-30T15:17:14-10:00job:github_sync_all | From github.com:RootRecord-Software-Solutions/RootRecord-Library
2026-09-30T15:17:14-10:00job:github_sync_all | * branch            main       -> FETCH_HEAD
2026-09-30T15:17:14-10:00job:github_sync_all | — [library] local and GitHub already match
2026-09-30T15:17:14-10:00job:github_sync_all | — [library] nothing to push
2026-09-30T15:17:14-10:00job:github_sync_all | — [skills] no local changes
2026-09-30T15:17:14-10:00job:github_sync_all | ↓ [skills] fetching origin/main
2026-09-30T15:17:14-10:00job:github_sync_all | From github.com:rootrecordsoftwaresolutions/Solar-Pacific-RootRecord-Server
2026-09-30T15:17:14-10:00job:github_sync_all | * branch            main       -> FETCH_HEAD
2026-09-30T15:17:14-10:00job:github_sync_all | — [skills] local and GitHub already match
2026-09-30T15:17:14-10:00job:github_sync_all | — [skills] nothing to push
2026-09-30T15:17:14-10:00job:security_camera_frame_grab RUN  bash "/home/rootrecord/RootRecord-Ecosystem/1 - Servers/1 - RootRecord-Pacific-Solar-Server/Security/Cameras/grab_all.sh"
2026-09-30T15:17:29-10:00job:security_camera_frame_grab | 15:17:14  📷  a-eyes  ch1 → ch1-20261001T011714Z.jpg  (474.8 KB, 4.33s)
2026-09-30T15:17:29-10:00job:security_camera_frame_grab | 15:17:18  📷  a-eyes  ch2 → ch2-20261001T011718Z.jpg  (178.2 KB, 4.28s)
2026-09-30T15:17:29-10:00job:security_camera_frame_grab | 15:17:23  📷  a-eyes  ch3 → ch3-20261001T011723Z.jpg  (385.6 KB, 4.47s)
2026-09-30T15:17:29-10:00job:security_camera_frame_grab | 15:17:27  📷  a-eyes  ch4 → ch4-20261001T011727Z.jpg  (11.8 KB, 1.52s)
2026-09-30T15:17:29-10:00ENERGY  status=live  B2=22.0%  B1=39.7%  solar=32 W  ac=88 W  usbc=13 W  src=/home/rootrecord/RootRecord-Ecosystem/2 - RootRecord-Database/Energy  LAP=100%/Full/AC
2026-09-30T15:17:35-10:00  ✗  ecoflow_read_cycle FAIL code=-15
2026-09-30T15:17:35-10:00HTTP listening on http://127.0.0.1:8799 (open access on bind)
2026-09-30T15:17:35-10:00boot:start  jobs=10
2026-09-30T15:17:35-10:00boot:run  priority=0  id=self_terminal
2026-09-30T15:17:35-10:00boot:p0 self_process pid=96089
2026-09-30T15:17:35-10:00boot:run  priority=1  id=cloudflare_tunnel
2026-09-30T15:17:35-10:00boot:p1 cloudflare_tunnel host=rootserver.rootrecord.cloud
2026-09-30T15:17:36-10:00internet OK at boot — starting tunnel
2026-09-30T15:17:36-10:00Starting cloudflared mode=token public_host=rootserver.rootrecord.cloud
2026-09-30T15:17:36-10:00Waiting for tunnel register (timeout=45s)…
2026-09-30T15:17:36-10:00tunnel starting
2026-09-30T15:17:36-10:00tunnel connected  conn=0  edge=lax01
2026-09-30T15:17:36-10:00Tunnel READY — first connection registered.
2026-09-30T15:17:36-10:00boot:run  priority=2  id=github_setup_remotes
2026-09-30T15:17:36-10:00tunnel ingress  rootserver.rootrecord.cloud → 127.0.0.1:8799
2026-09-30T15:17:37-10:00boot:run  priority=3  id=ollama_warmup
2026-09-30T15:17:37-10:00job:ollama_warmup RUN  bash '/home/rootrecord/RootRecord-Ecosystem/1 - Servers/1 - RootRecord-Pacific-Solar-Server/System/scripts/plumbing/ollama-warmup.sh'
2026-09-30T15:17:37-10:00job:ollama_warmup | [ok] ollama up
2026-09-30T15:17:37-10:00boot:run  priority=4  id=flm_npu_warmup
2026-09-30T15:17:37-10:00job:flm_npu_warmup RUN  bash '/home/rootrecord/RootRecord-Ecosystem/1 - Servers/1 - RootRecord-Pacific-Solar-Server/System/scripts/plumbing/flm-warmup.sh'
2026-09-30T15:17:37-10:00tunnel connected  conn=1  edge=lax09
2026-09-30T15:17:37-10:00job:flm_npu_warmup | [skip] FLM warmup disabled (no resident model; set FLM_WARMUP_RESIDENT=1 to opt in)
2026-09-30T15:17:37-10:00boot:run  priority=5  id=council_relay
2026-09-30T15:17:37-10:00job:council_relay RUN  bash "/home/rootrecord/RootRecord-Ecosystem/1 - Servers/1 - RootRecord-Pacific-Solar-Server/Communications/telegram/scripts/ensure-relay.sh"
2026-09-30T15:17:38-10:00tunnel connected  conn=2  edge=lax01
2026-09-30T15:17:39-10:00tunnel connected  conn=3  edge=lax11
2026-09-30T15:17:40-10:00job:council_relay | [ok] council-relay started pid=96403 → /home/rootrecord/RootRecord-Ecosystem/2 - RootRecord-Database/Logs/Communications/council-relay.log
2026-09-30T15:17:40-10:00boot:run  priority=6  id=security_camera_server
2026-09-30T15:17:40-10:00job:security_camera_server RUN  bash "/home/rootrecord/RootRecord-Ecosystem/1 - Servers/1 - RootRecord-Pacific-Solar-Server/Security/Cameras/ensure_cam_server.sh"
2026-09-30T15:17:40-10:00job:security_camera_server | security cam server started
2026-09-30T15:17:40-10:00boot:run  priority=7  id=security_timelapse_catchup
2026-09-30T15:17:40-10:00job:security_timelapse_catchup RUN  bash "/home/rootrecord/RootRecord-Ecosystem/1 - Servers/1 - RootRecord-Pacific-Solar-Server/Security/Cameras/timelapse_catchup.sh"
2026-09-30T15:17:57-10:00job:security_timelapse_catchup | 15:17:40  🎬  a-eyes-timelapse  catchup: checking 20260930, now=15:17 HST
2026-09-30T15:17:57-10:00job:security_timelapse_catchup | 15:17:40  🎬  a-eyes-timelapse  hour 05 has no frames yet, skipping
2026-09-30T15:17:57-10:00job:security_timelapse_catchup | 15:17:40  🎬  a-eyes-timelapse  hour 06 has no frames yet, skipping
2026-09-30T15:17:57-10:00job:security_timelapse_catchup | 15:17:40  🎬  a-eyes-timelapse  hour 07 has no frames yet, skipping
2026-09-30T15:17:57-10:00job:security_timelapse_catchup | 15:17:40  🎬  a-eyes-timelapse  hour 08 has no frames yet, skipping
2026-09-30T15:17:57-10:00job:security_timelapse_catchup | 15:17:40  🎬  a-eyes-timelapse  hour 09 has no frames yet, skipping
2026-09-30T15:17:57-10:00job:security_timelapse_catchup | 15:17:40  🎬  a-eyes-timelapse  hour 10 has no frames yet, skipping
2026-09-30T15:17:57-10:00job:security_timelapse_catchup | 15:17:40  🎬  a-eyes-timelapse  hour 11 has no frames yet, skipping
2026-09-30T15:17:57-10:00job:security_timelapse_catchup | 15:17:40  🎬  a-eyes-timelapse  hour 12 already compiled, skipping
2026-09-30T15:17:57-10:00job:security_timelapse_catchup | 15:17:40  🎬  a-eyes-timelapse  hour 13 already compiled, skipping
2026-09-30T15:17:57-10:00job:security_timelapse_catchup | 15:17:57  🎬  a-eyes-timelapse  hour 14 → hour_14.mp4  (50 frames, 12.86s)
2026-09-30T15:17:57-10:00job:security_timelapse_catchup | 15:17:57  🎬  a-eyes-timelapse  hour 14 frames archived → /home/rootrecord/RootRecord-Ecosystem/2 - RootRecord-Database/Media/Timelapses/_archive/20260930/hour_14
2026-09-30T15:17:57-10:00job:security_timelapse_catchup | 15:17:57  🎬  a-eyes-timelapse  catchup: window still open today, skipping daily render
2026-09-30T15:17:57-10:00boot:run  priority=8  id=weather_poller
2026-09-30T15:17:57-10:00job:weather_poller RUN  bash "/home/rootrecord/RootRecord-Ecosystem/1 - Servers/1 - RootRecord-Pacific-Solar-Server/Weather/scripts/ensure-weather-poller.sh"
2026-09-30T15:17:58-10:00job:weather_poller | [ensure-weather-poller] starting -- entry=/home/rootrecord/RootRecord-Ecosystem/1 - Servers/1 - RootRecord-Pacific-Solar-Server/Weather/scripts/run_poller.py log=/home/rootrecord/RootRecord-Ecosystem/2 - RootRecord-Database/Weather/Hawai'i/logs/weather-poller.log
2026-09-30T15:17:58-10:00job:weather_poller | [ensure-weather-poller] verify: weather poller is running
2026-09-30T15:17:58-10:00boot:run  priority=9  id=network_globe_hawaii
2026-09-30T15:17:58-10:00job:network_globe_hawaii RUN  bash "/home/rootrecord/RootRecord-Ecosystem/1 - Servers/1 - RootRecord-Pacific-Solar-Server/Communications/network/scripts/ensure-network-globe-hawaii.sh"
2026-09-30T15:17:58-10:00job:network_globe_hawaii | [ensure-network-globe-hawaii] already running -- nothing to do
2026-09-30T15:17:58-10:00boot:done
2026-09-30T15:18:27-10:00  ▸  SUMMARY=delta2 soc=22.02% solar=33W ac_out=— usbc=17W src=ble db=ok
2026-09-30T15:18:27-10:00scheduler  every_seconds=9  every_minute=10  every_hour=2  on_at=3
2026-09-30T15:18:27-10:00ENERGY  status=live  B2=22.0%  B1=39.1%  solar=33 W  ac=86 W  usbc=17 W  src=/home/rootrecord/RootRecord-Ecosystem/2 - RootRecord-Database/Energy  LAP=100%/Full/AC
2026-09-30T15:18:41-10:00  ▸  SUMMARY=river2pro soc=39.05% solar=0W ac_out=99W usbc=0W src=ble db=ok
2026-09-30T15:18:41-10:00job:sys_stats_cycle RUN  bash "/home/rootrecord/RootRecord-Ecosystem/1 - Servers/1 - RootRecord-Pacific-Solar-Server/System/scripts/sys-sample.sh"
2026-09-30T15:18:42-10:00job:sys_stats_cycle | SYSTEM  cpu=3%  load=1.39  mem=36%  src=sqlite
2026-09-30T15:18:42-10:00job:sys_stats_cycle | OK wrote /home/rootrecord/RootRecord-Ecosystem/2 - RootRecord-Database/System/samples/sys-20260930-151842.json
2026-09-30T15:19:49-10:00job:github_sync_all | ↑ [ecosystem] committed 7 local file(s)
2026-09-30T15:19:49-10:00job:github_sync_all | ↓ [ecosystem] fetching origin/main
2026-09-30T15:19:49-10:00job:github_sync_all | From github.com:RootRecord-Software-Solutions/RootRecord-Ecosystem
2026-09-30T15:19:49-10:00job:github_sync_all | * branch            main       -> FETCH_HEAD
2026-09-30T15:19:49-10:00job:github_sync_all | * [new branch]      main       -> origin/main
2026-09-30T15:19:49-10:00job:github_sync_all | ↑ [ecosystem] local is ahead of GitHub
2026-09-30T15:19:49-10:00job:github_sync_all | To github.com:RootRecord-Software-Solutions/RootRecord-Ecosystem.git
2026-09-30T15:19:49-10:00job:github_sync_all | 97cee17..d42b783  HEAD -> main
2026-09-30T15:19:49-10:00job:github_sync_all | branch 'main' set up to track 'origin/main'.
2026-09-30T15:19:49-10:00job:github_sync_all | ↑ [ecosystem] 7 files → RootRecord-Software-Solutions/RootRecord-Ecosystem (main)
2026-09-30T15:19:49-10:00job:github_sync_all | ↑ [pacific] committed 1 local file(s)
2026-09-30T15:19:49-10:00job:github_sync_all | ↓ [pacific] fetching origin/main
2026-09-30T15:19:49-10:00job:github_sync_all | From github.com:RootRecord-Software-Solutions/RootRecord-Pacific-Solar-Server
2026-09-30T15:19:49-10:00job:github_sync_all | * branch            main       -> FETCH_HEAD
2026-09-30T15:19:49-10:00job:github_sync_all | ↑ [pacific] local is ahead of GitHub
2026-09-30T15:19:49-10:00job:github_sync_all | To github.com:RootRecord-Software-Solutions/RootRecord-Pacific-Solar-Server.git
2026-09-30T15:19:49-10:00job:github_sync_all | 7138c45..6cc83e9  HEAD -> main
2026-09-30T15:19:49-10:00job:github_sync_all | branch 'main' set up to track 'origin/main'.
2026-09-30T15:19:49-10:00job:github_sync_all | ↑ [pacific] 1 files → RootRecord-Software-Solutions/RootRecord-Pacific-Solar-Server (main)
2026-09-30T15:19:49-10:00job:github_sync_all | ↑ [database] committed 17 local file(s)
2026-09-30T15:19:49-10:00job:github_sync_all | ↓ [database] fetching origin/main
2026-09-30T15:19:49-10:00job:github_sync_all | From github.com:RootRecord-Software-Solutions/RootRecord-Database
2026-09-30T15:19:49-10:00job:github_sync_all | * branch              main       -> FETCH_HEAD
2026-09-30T15:19:49-10:00job:github_sync_all | ↑ [database] local is ahead of GitHub
2026-09-30T15:19:49-10:00job:github_sync_all | To github.com:RootRecord-Software-Solutions/RootRecord-Database.git
2026-09-30T15:19:49-10:00job:github_sync_all | ccf8ade6..c11dde6e  HEAD -> main
2026-09-30T15:19:49-10:00job:github_sync_all | branch 'main' set up to track 'origin/main'.
2026-09-30T15:19:49-10:00job:github_sync_all | ↑ [database] 17 files → RootRecord-Software-Solutions/RootRecord-Database (main)
2026-09-30T15:19:49-10:00job:github_sync_all | — [library] no local changes
2026-09-30T15:19:49-10:00job:github_sync_all | ↓ [library] fetching origin/main
2026-09-30T15:19:49-10:00job:github_sync_all | From github.com:RootRecord-Software-Solutions/RootRecord-Library
2026-09-30T15:19:49-10:00job:github_sync_all | * branch            main       -> FETCH_HEAD
2026-09-30T15:19:49-10:00job:github_sync_all | — [library] local and GitHub already match
2026-09-30T15:19:49-10:00job:github_sync_all | — [library] nothing to push
2026-09-30T15:19:49-10:00job:github_sync_all | — [skills] no local changes
2026-09-30T15:19:49-10:00job:github_sync_all | ↓ [skills] fetching origin/main
2026-09-30T15:19:49-10:00job:github_sync_all | From github.com:rootrecordsoftwaresolutions/Solar-Pacific-RootRecord-Server
2026-09-30T15:19:49-10:00job:github_sync_all | * branch            main       -> FETCH_HEAD
2026-09-30T15:19:49-10:00job:worklog_scan RUN  bash "/home/rootrecord/RootRecord-Ecosystem/1 - Servers/1 - RootRecord-Pacific-Solar-Server/Reports/scripts/worklog_once.sh"
2026-09-30T15:19:54-10:00job:worklog_scan | OK wrote/updated /home/rootrecord/RootRecord-Ecosystem/2 - RootRecord-Database/Worklog/worklog_current.md
2026-09-30T15:19:54-10:00job:security_camera_frame_grab RUN  bash "/home/rootrecord/RootRecord-Ecosystem/1 - Servers/1 - RootRecord-Pacific-Solar-Server/Security/Cameras/grab_all.sh"
2026-09-30T15:20:09-10:00job:security_camera_frame_grab | 15:19:54  📷  a-eyes  ch1 → ch1-20261001T011954Z.jpg  (563.6 KB, 4.30s)
2026-09-30T15:20:09-10:00job:security_camera_frame_grab | 15:19:58  📷  a-eyes  ch2 → ch2-20261001T011958Z.jpg  (188.1 KB, 4.53s)
2026-09-30T15:20:09-10:00job:security_camera_frame_grab | 15:20:03  📷  a-eyes  ch3 → ch3-20261001T012003Z.jpg  (381.7 KB, 4.51s)
2026-09-30T15:20:09-10:00job:security_camera_frame_grab | 15:20:08  📷  a-eyes  ch4 → ch4-20261001T012008Z.jpg  (12.0 KB, 1.56s)
2026-09-30T15:20:09-10:00job:service_supervisor RUN  bash "/home/rootrecord/RootRecord-Ecosystem/1 - Servers/1 - RootRecord-Pacific-Solar-Server/Automations/scripts/supervise-services.sh"
2026-09-30T15:20:09-10:00job:service_supervisor | [supervisor] weather alive pid=97054 (act)
2026-09-30T15:20:09-10:00job:service_supervisor | [supervisor] relay alive pid=96403 (act)
2026-09-30T15:20:09-10:00job:geology_collect RUN  nice -n 10 python3 "/home/rootrecord/RootRecord-Ecosystem/1 - Servers/1 - RootRecord-Pacific-Solar-Server/Geology/scripts/geology_collect.py" all
2026-09-30T15:20:13-10:00job:geology_collect | {"ok": true, "at": "2026-09-30T15:20:09-10:00", "what": "all", "dry_run": false, "sources": {"hawaii": {"ok": true, "count": 10, "new": 10, "new_m2": 5, "ms": 719}, "global": {"ok": true, "count": 36, "new": 36, "ms": 309}, "hvo_notices": {"ok": true, "count": 44, "new": 1, "ms": 810}, "hvo_status": {"ok": true, "volcanoes": 8, "kilauea": "WATCH", "mauna_loa": "NORMAL", "ms": 1845}}}
2026-09-30T15:20:13-10:00job:system_net_sample RUN  nice -n 10 python3 "/home/rootrecord/RootRecord-Ecosystem/1 - Servers/1 - RootRecord-Pacific-Solar-Server/System/scripts/host_desks.py" net-sample
2026-09-30T15:20:13-10:00job:system_net_sample | {"ok": true, "file": "/home/rootrecord/RootRecord-Ecosystem/2 - RootRecord-Database/System/network/Daily/net-20260930.jsonl", "iface": "wlo1", "hour": null, "day": null}
2026-09-30T15:20:14-10:00ENERGY  status=live  B2=22.0%  B1=39.0%  solar=33 W  ac=99 W  usbc=17 W  src=/home/rootrecord/RootRecord-Ecosystem/2 - RootRecord-Database/Energy  LAP=100%/Full/AC
2026-09-30T15:20:29-10:00  ▸  SUMMARY=delta2 soc=22.02% solar=33W ac_out=— usbc=15W src=ble db=ok
2026-09-30T15:20:29-10:00job:sys_stats_cycle RUN  bash "/home/rootrecord/RootRecord-Ecosystem/1 - Servers/1 - RootRecord-Pacific-Solar-Server/System/scripts/sys-sample.sh"
2026-09-30T15:20:30-10:00job:sys_stats_cycle | SYSTEM  cpu=26%  load=1.33  mem=38%  src=sqlite
2026-09-30T15:20:30-10:00job:sys_stats_cycle | OK wrote /home/rootrecord/RootRecord-Ecosystem/2 - RootRecord-Database/System/samples/sys-20260930-152029.json
2026-09-30T15:21:23-10:00job:github_sync_all | ↑ [ecosystem] committed 40 local file(s)
2026-09-30T15:21:23-10:00job:github_sync_all | ↓ [ecosystem] fetching origin/main
2026-09-30T15:21:23-10:00job:github_sync_all | From github.com:RootRecord-Software-Solutions/RootRecord-Ecosystem
2026-09-30T15:21:23-10:00job:github_sync_all | * branch            main       -> FETCH_HEAD
2026-09-30T15:21:23-10:00job:github_sync_all | ↑ [ecosystem] local is ahead of GitHub
2026-09-30T15:21:23-10:00job:github_sync_all | To github.com:RootRecord-Software-Solutions/RootRecord-Ecosystem.git
2026-09-30T15:21:23-10:00job:github_sync_all | d42b783..afaf6fa  HEAD -> main
2026-09-30T15:21:23-10:00job:github_sync_all | branch 'main' set up to track 'origin/main'.
2026-09-30T15:21:23-10:00job:github_sync_all | ↑ [ecosystem] 40 files → RootRecord-Software-Solutions/RootRecord-Ecosystem (main)
2026-09-30T15:21:23-10:00job:github_sync_all | ↑ [pacific] committed 19 local file(s)
2026-09-30T15:21:23-10:00job:github_sync_all | ↓ [pacific] fetching origin/main
2026-09-30T15:21:23-10:00job:github_sync_all | From github.com:RootRecord-Software-Solutions/RootRecord-Pacific-Solar-Server
2026-09-30T15:21:23-10:00job:github_sync_all | * branch            main       -> FETCH_HEAD
2026-09-30T15:21:23-10:00job:github_sync_all | ↑ [pacific] local is ahead of GitHub
2026-09-30T15:21:23-10:00job:github_sync_all | To github.com:RootRecord-Software-Solutions/RootRecord-Pacific-Solar-Server.git
2026-09-30T15:21:23-10:00job:github_sync_all | 6cc83e9..e6cf55a  HEAD -> main
2026-09-30T15:21:23-10:00job:github_sync_all | branch 'main' set up to track 'origin/main'.
2026-09-30T15:21:23-10:00job:github_sync_all | ↑ [pacific] 19 files → RootRecord-Software-Solutions/RootRecord-Pacific-Solar-Server (main)
2026-09-30T15:21:23-10:00job:github_sync_all | ↑ [database] committed 360 local file(s)
2026-09-30T15:21:23-10:00job:github_sync_all | ↓ [database] fetching origin/main
2026-09-30T15:21:23-10:00job:github_sync_all | From github.com:RootRecord-Software-Solutions/RootRecord-Database
2026-09-30T15:21:23-10:00job:github_sync_all | * branch              main       -> FETCH_HEAD
2026-09-30T15:21:23-10:00job:github_sync_all | ↑ [database] local is ahead of GitHub
2026-09-30T15:21:23-10:00job:github_sync_all | To github.com:RootRecord-Software-Solutions/RootRecord-Database.git
2026-09-30T15:21:23-10:00job:github_sync_all | c11dde6e..22cd14de  HEAD -> main
2026-09-30T15:21:23-10:00job:github_sync_all | branch 'main' set up to track 'origin/main'.
2026-09-30T15:21:23-10:00job:github_sync_all | ↑ [database] 360 files → RootRecord-Software-Solutions/RootRecord-Database (main)
2026-09-30T15:21:23-10:00job:github_sync_all | ↑ [library] committed 3 local file(s)
2026-09-30T15:21:23-10:00job:github_sync_all | ↓ [library] fetching origin/main
2026-09-30T15:21:23-10:00job:github_sync_all | From github.com:RootRecord-Software-Solutions/RootRecord-Library
2026-09-30T15:21:23-10:00job:github_sync_all | * branch            main       -> FETCH_HEAD
2026-09-30T15:21:23-10:00job:github_sync_all | ↑ [library] local is ahead of GitHub
2026-09-30T15:21:23-10:00job:github_sync_all | To github.com:RootRecord-Software-Solutions/RootRecord-Library.git
2026-09-30T15:21:23-10:00job:github_sync_all | 159e7c7..fce4362  HEAD -> main
2026-09-30T15:21:23-10:00job:github_sync_all | branch 'main' set up to track 'origin/main'.
2026-09-30T15:21:23-10:00job:github_sync_all | ↑ [library] 3 files → RootRecord-Software-Solutions/RootRecord-Library (main)
2026-09-30T15:21:23-10:00job:github_sync_all | — [skills] no local changes
2026-09-30T15:21:23-10:00job:github_sync_all | ↓ [skills] fetching origin/main
2026-09-30T15:21:23-10:00job:github_sync_all | From github.com:rootrecordsoftwaresolutions/Solar-Pacific-RootRecord-Server
2026-09-30T15:21:23-10:00job:github_sync_all | * branch            main       -> FETCH_HEAD
2026-09-30T15:21:23-10:00job:worklog_scan RUN  bash "/home/rootrecord/RootRecord-Ecosystem/1 - Servers/1 - RootRecord-Pacific-Solar-Server/Reports/scripts/worklog_once.sh"
2026-09-30T15:21:26-10:00job:worklog_scan | OK wrote/updated /home/rootrecord/RootRecord-Ecosystem/2 - RootRecord-Database/Worklog/worklog_current.md
2026-09-30T15:21:26-10:00job:security_camera_frame_grab RUN  bash "/home/rootrecord/RootRecord-Ecosystem/1 - Servers/1 - RootRecord-Pacific-Solar-Server/Security/Cameras/grab_all.sh"
2026-09-30T15:21:41-10:00job:security_camera_frame_grab | 15:21:26  📷  a-eyes  ch1 → ch1-20261001T012126Z.jpg  (522.7 KB, 4.20s)
2026-09-30T15:21:41-10:00job:security_camera_frame_grab | 15:21:30  📷  a-eyes  ch2 → ch2-20261001T012130Z.jpg  (192.8 KB, 4.40s)
2026-09-30T15:21:41-10:00job:security_camera_frame_grab | 15:21:35  📷  a-eyes  ch3 → ch3-20261001T012135Z.jpg  (380.4 KB, 4.56s)
2026-09-30T15:21:41-10:00job:security_camera_frame_grab | 15:21:39  📷  a-eyes  ch4 → ch4-20261001T012139Z.jpg  (11.9 KB, 1.49s)
2026-09-30T15:21:41-10:00ENERGY  status=live  B2=22.0%  B1=39.0%  solar=33 W  ac=99 W  usbc=15 W  src=/home/rootrecord/RootRecord-Ecosystem/2 - RootRecord-Database/Energy  LAP=100%/Full/AC
2026-09-30T15:21:56-10:00  ▸  SUMMARY=delta2 soc=22.02% solar=33W ac_out=— usbc=10W src=ble db=ok
2026-09-30T15:21:56-10:00job:sys_stats_cycle RUN  bash "/home/rootrecord/RootRecord-Ecosystem/1 - Servers/1 - RootRecord-Pacific-Solar-Server/System/scripts/sys-sample.sh"
2026-09-30T15:21:57-10:00job:sys_stats_cycle | SYSTEM  cpu=3%  load=2.05  mem=39%  src=sqlite
2026-09-30T15:21:57-10:00job:sys_stats_cycle | OK wrote /home/rootrecord/RootRecord-Ecosystem/2 - RootRecord-Database/System/samples/sys-20260930-152157.json
2026-09-30T15:22:32-10:00job:github_sync_all | — [ecosystem] no committable local changes
2026-09-30T15:22:32-10:00job:github_sync_all | ↓ [ecosystem] fetching origin/main
2026-09-30T15:22:32-10:00job:github_sync_all | From github.com:RootRecord-Software-Solutions/RootRecord-Ecosystem
2026-09-30T15:22:32-10:00job:github_sync_all | * branch            main       -> FETCH_HEAD
2026-09-30T15:22:32-10:00job:github_sync_all | — [ecosystem] local and GitHub already match
2026-09-30T15:22:32-10:00job:github_sync_all | — [ecosystem] nothing to push
2026-09-30T15:22:32-10:00job:github_sync_all | — [pacific] no local changes
2026-09-30T15:22:32-10:00job:github_sync_all | ↓ [pacific] fetching origin/main
2026-09-30T15:22:32-10:00job:github_sync_all | From github.com:RootRecord-Software-Solutions/RootRecord-Pacific-Solar-Server
2026-09-30T15:22:32-10:00job:github_sync_all | * branch            main       -> FETCH_HEAD
2026-09-30T15:22:32-10:00job:github_sync_all | — [pacific] local and GitHub already match
2026-09-30T15:22:32-10:00job:github_sync_all | — [pacific] nothing to push
2026-09-30T15:22:32-10:00job:github_sync_all | ↑ [database] committed 16 local file(s)
2026-09-30T15:22:32-10:00job:github_sync_all | ↓ [database] fetching origin/main
2026-09-30T15:22:32-10:00job:github_sync_all | From github.com:RootRecord-Software-Solutions/RootRecord-Database
2026-09-30T15:22:32-10:00job:github_sync_all | * branch              main       -> FETCH_HEAD
2026-09-30T15:22:32-10:00job:github_sync_all | ↑ [database] local is ahead of GitHub
2026-09-30T15:22:32-10:00job:github_sync_all | To github.com:RootRecord-Software-Solutions/RootRecord-Database.git
2026-09-30T15:22:32-10:00job:github_sync_all | 22cd14de..c589ae47  HEAD -> main
2026-09-30T15:22:32-10:00job:github_sync_all | branch 'main' set up to track 'origin/main'.
2026-09-30T15:22:32-10:00job:github_sync_all | ↑ [database] 16 files → RootRecord-Software-Solutions/RootRecord-Database (main)
2026-09-30T15:22:32-10:00job:github_sync_all | — [library] no local changes
2026-09-30T15:22:32-10:00job:github_sync_all | ↓ [library] fetching origin/main
2026-09-30T15:22:32-10:00job:github_sync_all | From github.com:RootRecord-Software-Solutions/RootRecord-Library
2026-09-30T15:22:32-10:00job:github_sync_all | * branch            main       -> FETCH_HEAD
2026-09-30T15:22:32-10:00job:github_sync_all | — [library] local and GitHub already match
2026-09-30T15:22:32-10:00job:github_sync_all | — [library] nothing to push
2026-09-30T15:22:32-10:00job:github_sync_all | — [skills] no local changes
2026-09-30T15:22:32-10:00job:github_sync_all | ↓ [skills] fetching origin/main
2026-09-30T15:22:32-10:00job:github_sync_all | From github.com:rootrecordsoftwaresolutions/Solar-Pacific-RootRecord-Server
2026-09-30T15:22:32-10:00job:github_sync_all | * branch            main       -> FETCH_HEAD
2026-09-30T15:22:32-10:00job:github_sync_all | — [skills] local and GitHub already match
2026-09-30T15:22:32-10:00job:github_sync_all | — [skills] nothing to push
2026-09-30T15:22:32-10:00job:security_camera_frame_grab RUN  bash "/home/rootrecord/RootRecord-Ecosystem/1 - Servers/1 - RootRecord-Pacific-Solar-Server/Security/Cameras/grab_all.sh"
2026-09-30T15:22:47-10:00job:security_camera_frame_grab | 15:22:33  📷  a-eyes  ch1 → ch1-20261001T012233Z.jpg  (552.7 KB, 4.33s)
2026-09-30T15:22:47-10:00job:security_camera_frame_grab | 15:22:37  📷  a-eyes  ch2 → ch2-20261001T012237Z.jpg  (195.8 KB, 4.38s)
2026-09-30T15:22:47-10:00job:security_camera_frame_grab | 15:22:41  📷  a-eyes  ch3 → ch3-20261001T012241Z.jpg  (378.3 KB, 4.55s)
2026-09-30T15:22:47-10:00job:security_camera_frame_grab | 15:22:46  📷  a-eyes  ch4 → ch4-20261001T012246Z.jpg  (12.0 KB, 1.60s)
2026-09-30T15:22:48-10:00ENERGY  status=live  B2=22.0%  B1=39.0%  solar=33 W  ac=99 W  usbc=10 W  src=/home/rootrecord/RootRecord-Ecosystem/2 - RootRecord-Database/Energy  LAP=100%/Full/AC
2026-09-30T15:23:03-10:00  ▸  SUMMARY=river2pro soc=37.75% solar=0W ac_out=97W usbc=0W src=ble db=ok
2026-09-30T15:23:03-10:00job:sys_stats_cycle RUN  bash "/home/rootrecord/RootRecord-Ecosystem/1 - Servers/1 - RootRecord-Pacific-Solar-Server/System/scripts/sys-sample.sh"
2026-09-30T15:23:04-10:00job:sys_stats_cycle | SYSTEM  cpu=3%  load=1.73  mem=39%  src=sqlite
2026-09-30T15:23:04-10:00job:sys_stats_cycle | OK wrote /home/rootrecord/RootRecord-Ecosystem/2 - RootRecord-Database/System/samples/sys-20260930-152303.json
2026-09-30T15:23:46-10:00job:github_sync_all | ↻ [ecosystem] sync retry 1/3
2026-09-30T15:23:46-10:00job:github_sync_all | ↻ [ecosystem] sync retry 2/3
2026-09-30T15:23:46-10:00job:github_sync_all | ↻ [ecosystem] sync retry 3/3
2026-09-30T15:23:46-10:00job:github_sync_all | ✗ [ecosystem] sync failed after 3 attempts (continuing)
2026-09-30T15:23:46-10:00job:github_sync_all | — [pacific] no local changes
2026-09-30T15:23:46-10:00job:github_sync_all | ↓ [pacific] fetching origin/main
2026-09-30T15:23:46-10:00job:github_sync_all | From github.com:RootRecord-Software-Solutions/RootRecord-Pacific-Solar-Server
2026-09-30T15:23:46-10:00job:github_sync_all | * branch            main       -> FETCH_HEAD
2026-09-30T15:23:46-10:00job:github_sync_all | — [pacific] local and GitHub already match
2026-09-30T15:23:46-10:00job:github_sync_all | — [pacific] nothing to push
2026-09-30T15:23:46-10:00job:github_sync_all | ↑ [database] committed 344 local file(s)
2026-09-30T15:23:46-10:00job:github_sync_all | ↓ [database] fetching origin/main
2026-09-30T15:23:46-10:00job:github_sync_all | From github.com:RootRecord-Software-Solutions/RootRecord-Database
2026-09-30T15:23:46-10:00job:github_sync_all | * branch              main       -> FETCH_HEAD
2026-09-30T15:23:46-10:00job:github_sync_all | ↑ [database] local is ahead of GitHub
2026-09-30T15:23:46-10:00job:github_sync_all | To github.com:RootRecord-Software-Solutions/RootRecord-Database.git
2026-09-30T15:23:46-10:00job:github_sync_all | c589ae47..af393a1f  HEAD -> main
2026-09-30T15:23:46-10:00job:github_sync_all | branch 'main' set up to track 'origin/main'.
2026-09-30T15:23:46-10:00job:github_sync_all | ↑ [database] 344 files → RootRecord-Software-Solutions/RootRecord-Database (main)
2026-09-30T15:23:46-10:00job:github_sync_all | — [library] no local changes
2026-09-30T15:23:46-10:00job:github_sync_all | ↓ [library] fetching origin/main
2026-09-30T15:23:46-10:00job:github_sync_all | From github.com:RootRecord-Software-Solutions/RootRecord-Library
2026-09-30T15:23:46-10:00job:github_sync_all | * branch            main       -> FETCH_HEAD
2026-09-30T15:23:46-10:00job:github_sync_all | — [library] local and GitHub already match
2026-09-30T15:23:46-10:00job:github_sync_all | — [library] nothing to push
2026-09-30T15:23:46-10:00job:github_sync_all | — [skills] no local changes
2026-09-30T15:23:46-10:00job:github_sync_all | ↓ [skills] fetching origin/main
2026-09-30T15:23:46-10:00job:github_sync_all | From github.com:rootrecordsoftwaresolutions/Solar-Pacific-RootRecord-Server
2026-09-30T15:23:46-10:00job:github_sync_all | * branch            main       -> FETCH_HEAD
2026-09-30T15:23:46-10:00job:github_sync_all | — [skills] local and GitHub already match
2026-09-30T15:23:46-10:00job:github_sync_all | — [skills] nothing to push
2026-09-30T15:23:46-10:00job:worklog_scan RUN  bash "/home/rootrecord/RootRecord-Ecosystem/1 - Servers/1 - RootRecord-Pacific-Solar-Server/Reports/scripts/worklog_once.sh"
2026-09-30T15:23:49-10:00job:worklog_scan | OK wrote/updated /home/rootrecord/RootRecord-Ecosystem/2 - RootRecord-Database/Worklog/worklog_current.md
2026-09-30T15:23:49-10:00job:security_camera_frame_grab RUN  bash "/home/rootrecord/RootRecord-Ecosystem/1 - Servers/1 - RootRecord-Pacific-Solar-Server/Security/Cameras/grab_all.sh"
2026-09-30T15:24:04-10:00job:security_camera_frame_grab | 15:23:49  📷  a-eyes  ch1 → ch1-20261001T012349Z.jpg  (542.0 KB, 4.59s)
2026-09-30T15:24:04-10:00job:security_camera_frame_grab | 15:23:53  📷  a-eyes  ch2 → ch2-20261001T012353Z.jpg  (197.2 KB, 4.63s)
2026-09-30T15:24:04-10:00job:security_camera_frame_grab | 15:23:58  📷  a-eyes  ch3 → ch3-20261001T012358Z.jpg  (375.3 KB, 4.43s)
2026-09-30T15:24:04-10:00job:security_camera_frame_grab | 15:24:02  📷  a-eyes  ch4 → ch4-20261001T012402Z.jpg  (11.9 KB, 1.62s)
2026-09-30T15:24:04-10:00job:voice_nws_weather RUN  nice -n 10 python3 "/home/rootrecord/RootRecord-Ecosystem/1 - Servers/1 - RootRecord-Pacific-Solar-Server/Media/Voice/scripts/voice_reports.py" nws_weather
2026-09-30T15:24:17-10:00job:voice_nws_weather | {"ok": true, "report": "nws_weather", "md": "/home/rootrecord/RootRecord-Ecosystem/test-reports/Voice/nws_weather_current.md", "sentences": 4, "voice": {"ok": true, "mode": "stitch", "report": "nws_weather", "agent": "ava", "voice": "af_heart", "speed": 0.82, "wav": "/home/rootrecord/RootRecord-Ecosystem/2 - RootRecord-Database/Media/Audio/Voice/nws_weather_current.wav", "clips_used": 0, "live_sentences": 7, "model_loaded": true, "render_s": 11.5, "sample_rate": 24000, "channels": 1, "subtype": "PCM_16", "duration_s": 19.583, "peak_dbfs": -1.98, "rms_dbfs": -20.12, "lead_silence_ms": 114, "qc": "PASS", "wall_s": 11.57, "peak_rss_mb": 1455, "rc": 0}, "deliver": {"ok": true, "sent": false, "detail": "unchanged"}}
2026-09-30T15:24:17-10:00ENERGY  status=live  B2=22.0%  B1=37.8%  solar=33 W  ac=97 W  usbc=10 W  src=/home/rootrecord/RootRecord-Ecosystem/2 - RootRecord-Database/Energy  LAP=100%/Full/AC
2026-09-30T15:24:32-10:00  ▸  SUMMARY=river2pro soc=37.33% solar=0W ac_out=86W usbc=0W src=ble db=ok
2026-09-30T15:24:32-10:00job:sys_stats_cycle RUN  bash "/home/rootrecord/RootRecord-Ecosystem/1 - Servers/1 - RootRecord-Pacific-Solar-Server/System/scripts/sys-sample.sh"
2026-09-30T15:24:33-10:00job:sys_stats_cycle | SYSTEM  cpu=4%  load=1.79  mem=39%  src=sqlite
2026-09-30T15:24:33-10:00job:sys_stats_cycle | OK wrote /home/rootrecord/RootRecord-Ecosystem/2 - RootRecord-Database/System/samples/sys-20260930-152432.json
2026-09-30T15:25:13-10:00job:github_sync_all | ↑ [ecosystem] committed 6 local file(s)
2026-09-30T15:25:13-10:00job:github_sync_all | ↓ [ecosystem] fetching origin/main
2026-09-30T15:25:13-10:00job:github_sync_all | From github.com:RootRecord-Software-Solutions/RootRecord-Ecosystem
2026-09-30T15:25:13-10:00job:github_sync_all | * branch            main       -> FETCH_HEAD
2026-09-30T15:25:13-10:00job:github_sync_all | ↑ [ecosystem] local is ahead of GitHub
2026-09-30T15:25:13-10:00job:github_sync_all | To github.com:RootRecord-Software-Solutions/RootRecord-Ecosystem.git
2026-09-30T15:25:13-10:00job:github_sync_all | afaf6fa..84bf6b2  HEAD -> main
2026-09-30T15:25:13-10:00job:github_sync_all | branch 'main' set up to track 'origin/main'.
2026-09-30T15:25:13-10:00job:github_sync_all | ↑ [ecosystem] 6 files → RootRecord-Software-Solutions/RootRecord-Ecosystem (main)
2026-09-30T15:25:13-10:00job:github_sync_all | — [pacific] no local changes
2026-09-30T15:25:13-10:00job:github_sync_all | ↓ [pacific] fetching origin/main
2026-09-30T15:25:13-10:00job:github_sync_all | From github.com:RootRecord-Software-Solutions/RootRecord-Pacific-Solar-Server
2026-09-30T15:25:13-10:00job:github_sync_all | * branch            main       -> FETCH_HEAD
2026-09-30T15:25:13-10:00job:github_sync_all | — [pacific] local and GitHub already match
2026-09-30T15:25:13-10:00job:github_sync_all | — [pacific] nothing to push
2026-09-30T15:25:13-10:00job:github_sync_all | ↑ [database] committed 16 local file(s)
2026-09-30T15:25:13-10:00job:github_sync_all | ↓ [database] fetching origin/main
2026-09-30T15:25:13-10:00job:github_sync_all | From github.com:RootRecord-Software-Solutions/RootRecord-Database
2026-09-30T15:25:13-10:00job:github_sync_all | * branch              main       -> FETCH_HEAD
2026-09-30T15:25:13-10:00job:github_sync_all | ↑ [database] local is ahead of GitHub
2026-09-30T15:25:13-10:00job:github_sync_all | To github.com:RootRecord-Software-Solutions/RootRecord-Database.git
2026-09-30T15:25:13-10:00job:github_sync_all | af393a1f..c4dae1e2  HEAD -> main
2026-09-30T15:25:13-10:00job:github_sync_all | branch 'main' set up to track 'origin/main'.
2026-09-30T15:25:13-10:00job:github_sync_all | ↑ [database] 16 files → RootRecord-Software-Solutions/RootRecord-Database (main)
2026-09-30T15:25:13-10:00job:github_sync_all | — [library] no local changes
2026-09-30T15:25:13-10:00job:github_sync_all | ↓ [library] fetching origin/main
2026-09-30T15:25:13-10:00job:github_sync_all | From github.com:RootRecord-Software-Solutions/RootRecord-Library
2026-09-30T15:25:13-10:00job:github_sync_all | * branch            main       -> FETCH_HEAD
2026-09-30T15:25:13-10:00job:github_sync_all | — [library] local and GitHub already match
2026-09-30T15:25:13-10:00job:github_sync_all | — [library] nothing to push
2026-09-30T15:25:13-10:00job:github_sync_all | — [skills] no local changes
2026-09-30T15:25:13-10:00job:github_sync_all | ↓ [skills] fetching origin/main
2026-09-30T15:25:13-10:00job:github_sync_all | From github.com:rootrecordsoftwaresolutions/Solar-Pacific-RootRecord-Server
2026-09-30T15:25:13-10:00job:github_sync_all | * branch            main       -> FETCH_HEAD
2026-09-30T15:25:13-10:00job:github_sync_all | — [skills] local and GitHub already match
2026-09-30T15:25:13-10:00job:github_sync_all | — [skills] nothing to push
2026-09-30T15:25:13-10:00job:security_camera_frame_grab RUN  bash "/home/rootrecord/RootRecord-Ecosystem/1 - Servers/1 - RootRecord-Pacific-Solar-Server/Security/Cameras/grab_all.sh"
2026-09-30T15:25:28-10:00job:security_camera_frame_grab | 15:25:13  📷  a-eyes  ch1 → ch1-20261001T012513Z.jpg  (554.1 KB, 4.54s)
2026-09-30T15:25:28-10:00job:security_camera_frame_grab | 15:25:18  📷  a-eyes  ch2 → ch2-20261001T012518Z.jpg  (208.5 KB, 4.48s)
2026-09-30T15:25:28-10:00job:security_camera_frame_grab | 15:25:22  📷  a-eyes  ch3 → ch3-20261001T012522Z.jpg  (374.1 KB, 4.38s)
2026-09-30T15:25:28-10:00job:security_camera_frame_grab | 15:25:27  📷  a-eyes  ch4 → ch4-20261001T012527Z.jpg  (11.9 KB, 1.50s)
2026-09-30T15:25:28-10:00job:service_supervisor RUN  bash "/home/rootrecord/RootRecord-Ecosystem/1 - Servers/1 - RootRecord-Pacific-Solar-Server/Automations/scripts/supervise-services.sh"
2026-09-30T15:25:28-10:00job:service_supervisor | [supervisor] weather alive pid=97054 (act)
2026-09-30T15:25:28-10:00job:service_supervisor | [supervisor] relay alive pid=96403 (act)
2026-09-30T15:25:28-10:00job:geology_collect RUN  nice -n 10 python3 "/home/rootrecord/RootRecord-Ecosystem/1 - Servers/1 - RootRecord-Pacific-Solar-Server/Geology/scripts/geology_collect.py" all
2026-09-30T15:25:40-10:00job:geology_collect | {"ok": true, "at": "2026-09-30T15:25:28-10:00", "what": "all", "dry_run": false, "sources": {"hawaii": {"ok": true, "count": 10, "new": 0, "new_m2": 0, "ms": 927}, "global": {"ok": true, "count": 36, "new": 0, "ms": 313}, "hvo_notices": {"ok": true, "count": 44, "new": 0, "ms": 2856}, "hvo_status": {"ok": true, "volcanoes": 8, "kilauea": "WATCH", "mauna_loa": "NORMAL", "ms": 7883}}}
2026-09-30T15:25:40-10:00job:system_net_sample RUN  nice -n 10 python3 "/home/rootrecord/RootRecord-Ecosystem/1 - Servers/1 - RootRecord-Pacific-Solar-Server/System/scripts/host_desks.py" net-sample
2026-09-30T15:25:40-10:00job:system_net_sample | {"ok": true, "file": "/home/rootrecord/RootRecord-Ecosystem/2 - RootRecord-Database/System/network/Daily/net-20260930.jsonl", "iface": "wlo1", "hour": null, "day": null}
2026-09-30T15:25:41-10:00ENERGY  status=live  B2=22.0%  B1=37.3%  solar=33 W  ac=86 W  usbc=10 W  src=/home/rootrecord/RootRecord-Ecosystem/2 - RootRecord-Database/Energy  LAP=100%/Full/AC
2026-09-30T15:25:56-10:00  ▸  SUMMARY=delta2 soc=22.02% solar=32W ac_out=— usbc=12W src=ble db=ok
2026-09-30T15:25:56-10:00job:sys_stats_cycle RUN  bash "/home/rootrecord/RootRecord-Ecosystem/1 - Servers/1 - RootRecord-Pacific-Solar-Server/System/scripts/sys-sample.sh"
2026-09-30T15:25:57-10:00job:sys_stats_cycle | SYSTEM  cpu=3%  load=0.72  mem=39%  src=sqlite
2026-09-30T15:25:57-10:00job:sys_stats_cycle | OK wrote /home/rootrecord/RootRecord-Ecosystem/2 - RootRecord-Database/System/samples/sys-20260930-152556.json
2026-09-30T15:26:36-10:00job:github_sync_all | ↑ [ecosystem] committed 7 local file(s)
2026-09-30T15:26:36-10:00job:github_sync_all | ↓ [ecosystem] fetching origin/main
2026-09-30T15:26:36-10:00job:github_sync_all | From github.com:RootRecord-Software-Solutions/RootRecord-Ecosystem
2026-09-30T15:26:36-10:00job:github_sync_all | * branch            main       -> FETCH_HEAD
2026-09-30T15:26:36-10:00job:github_sync_all | ↑ [ecosystem] local is ahead of GitHub
2026-09-30T15:26:36-10:00job:github_sync_all | To github.com:RootRecord-Software-Solutions/RootRecord-Ecosystem.git
2026-09-30T15:26:36-10:00job:github_sync_all | 84bf6b2..29aafae  HEAD -> main
2026-09-30T15:26:36-10:00job:github_sync_all | branch 'main' set up to track 'origin/main'.
2026-09-30T15:26:36-10:00job:github_sync_all | ↑ [ecosystem] 7 files → RootRecord-Software-Solutions/RootRecord-Ecosystem (main)
2026-09-30T15:26:36-10:00job:github_sync_all | — [pacific] no local changes
2026-09-30T15:26:36-10:00job:github_sync_all | ↓ [pacific] fetching origin/main
2026-09-30T15:26:36-10:00job:github_sync_all | From github.com:RootRecord-Software-Solutions/RootRecord-Pacific-Solar-Server
2026-09-30T15:26:36-10:00job:github_sync_all | * branch            main       -> FETCH_HEAD
2026-09-30T15:26:36-10:00job:github_sync_all | — [pacific] local and GitHub already match
2026-09-30T15:26:36-10:00job:github_sync_all | — [pacific] nothing to push
2026-09-30T15:26:36-10:00job:github_sync_all | ↑ [database] committed 20 local file(s)
2026-09-30T15:26:36-10:00job:github_sync_all | ↓ [database] fetching origin/main
2026-09-30T15:26:36-10:00job:github_sync_all | From github.com:RootRecord-Software-Solutions/RootRecord-Database
2026-09-30T15:26:36-10:00job:github_sync_all | * branch              main       -> FETCH_HEAD
2026-09-30T15:26:36-10:00job:github_sync_all | ↑ [database] local is ahead of GitHub
2026-09-30T15:26:36-10:00job:github_sync_all | To github.com:RootRecord-Software-Solutions/RootRecord-Database.git
2026-09-30T15:26:36-10:00job:github_sync_all | c4dae1e2..4828a31a  HEAD -> main
2026-09-30T15:26:36-10:00job:github_sync_all | branch 'main' set up to track 'origin/main'.
2026-09-30T15:26:36-10:00job:github_sync_all | ↑ [database] 20 files → RootRecord-Software-Solutions/RootRecord-Database (main)
2026-09-30T15:26:36-10:00job:github_sync_all | — [library] no local changes
2026-09-30T15:26:36-10:00job:github_sync_all | ↓ [library] fetching origin/main
2026-09-30T15:26:36-10:00job:github_sync_all | From github.com:RootRecord-Software-Solutions/RootRecord-Library
2026-09-30T15:26:36-10:00job:github_sync_all | * branch            main       -> FETCH_HEAD
2026-09-30T15:26:36-10:00job:github_sync_all | — [library] local and GitHub already match
2026-09-30T15:26:36-10:00job:github_sync_all | — [library] nothing to push
2026-09-30T15:26:36-10:00job:github_sync_all | — [skills] no local changes
2026-09-30T15:26:36-10:00job:github_sync_all | ↓ [skills] fetching origin/main
2026-09-30T15:26:36-10:00job:github_sync_all | From github.com:rootrecordsoftwaresolutions/Solar-Pacific-RootRecord-Server
2026-09-30T15:26:36-10:00job:github_sync_all | * branch            main       -> FETCH_HEAD
2026-09-30T15:26:36-10:00job:github_sync_all | — [skills] local and GitHub already match
2026-09-30T15:26:36-10:00job:github_sync_all | — [skills] nothing to push
2026-09-30T15:26:36-10:00job:worklog_scan RUN  bash "/home/rootrecord/RootRecord-Ecosystem/1 - Servers/1 - RootRecord-Pacific-Solar-Server/Reports/scripts/worklog_once.sh"
2026-09-30T15:26:38-10:00job:worklog_scan | OK wrote/updated /home/rootrecord/RootRecord-Ecosystem/2 - RootRecord-Database/Worklog/worklog_current.md
2026-09-30T15:26:38-10:00job:security_camera_frame_grab RUN  bash "/home/rootrecord/RootRecord-Ecosystem/1 - Servers/1 - RootRecord-Pacific-Solar-Server/Security/Cameras/grab_all.sh"
2026-09-30T15:26:54-10:00job:security_camera_frame_grab | 15:26:38  📷  a-eyes  ch1 → ch1-20261001T012638Z.jpg  (563.0 KB, 4.60s)
2026-09-30T15:26:54-10:00job:security_camera_frame_grab | 15:26:43  📷  a-eyes  ch2 → ch2-20261001T012643Z.jpg  (216.9 KB, 4.52s)
2026-09-30T15:26:54-10:00job:security_camera_frame_grab | 15:26:47  📷  a-eyes  ch3 → ch3-20261001T012647Z.jpg  (376.9 KB, 4.52s)
2026-09-30T15:26:54-10:00job:security_camera_frame_grab | 15:26:52  📷  a-eyes  ch4 → ch4-20261001T012652Z.jpg  (12.0 KB, 1.71s)
2026-09-30T15:26:54-10:00ENERGY  status=live  B2=22.0%  B1=37.3%  solar=32 W  ac=86 W  usbc=12 W  src=/home/rootrecord/RootRecord-Ecosystem/2 - RootRecord-Database/Energy  LAP=100%/Full/AC
2026-09-30T15:27:10-10:00  ▸  SUMMARY=delta2 soc=22.02% solar=0W ac_out=— usbc=0W src=ble db=ok
2026-09-30T15:27:10-10:00job:sys_stats_cycle RUN  bash "/home/rootrecord/RootRecord-Ecosystem/1 - Servers/1 - RootRecord-Pacific-Solar-Server/System/scripts/sys-sample.sh"
2026-09-30T15:27:10-10:00job:sys_stats_cycle | SYSTEM  cpu=4%  load=1.01  mem=39%  src=sqlite
2026-09-30T15:27:10-10:00job:sys_stats_cycle | OK wrote /home/rootrecord/RootRecord-Ecosystem/2 - RootRecord-Database/System/samples/sys-20260930-152710.json
2026-09-30T15:27:46-10:00job:github_sync_all | — [ecosystem] no committable local changes
2026-09-30T15:27:46-10:00job:github_sync_all | ↓ [ecosystem] fetching origin/main
2026-09-30T15:27:46-10:00job:github_sync_all | From github.com:RootRecord-Software-Solutions/RootRecord-Ecosystem
2026-09-30T15:27:46-10:00job:github_sync_all | * branch            main       -> FETCH_HEAD
2026-09-30T15:27:46-10:00job:github_sync_all | — [ecosystem] local and GitHub already match
2026-09-30T15:27:46-10:00job:github_sync_all | — [ecosystem] nothing to push
2026-09-30T15:27:46-10:00job:github_sync_all | — [pacific] no local changes
2026-09-30T15:27:46-10:00job:github_sync_all | ↓ [pacific] fetching origin/main
2026-09-30T15:27:46-10:00job:github_sync_all | From github.com:RootRecord-Software-Solutions/RootRecord-Pacific-Solar-Server
2026-09-30T15:27:46-10:00job:github_sync_all | * branch            main       -> FETCH_HEAD
2026-09-30T15:27:46-10:00job:github_sync_all | — [pacific] local and GitHub already match
2026-09-30T15:27:46-10:00job:github_sync_all | — [pacific] nothing to push
2026-09-30T15:27:46-10:00job:github_sync_all | ↑ [database] committed 16 local file(s)
2026-09-30T15:27:46-10:00job:github_sync_all | ↓ [database] fetching origin/main
2026-09-30T15:27:46-10:00job:github_sync_all | From github.com:RootRecord-Software-Solutions/RootRecord-Database
2026-09-30T15:27:46-10:00job:github_sync_all | * branch              main       -> FETCH_HEAD
2026-09-30T15:27:46-10:00job:github_sync_all | ↑ [database] local is ahead of GitHub
2026-09-30T15:27:46-10:00job:github_sync_all | To github.com:RootRecord-Software-Solutions/RootRecord-Database.git
2026-09-30T15:27:46-10:00job:github_sync_all | 4828a31a..b9f14c06  HEAD -> main
2026-09-30T15:27:46-10:00job:github_sync_all | branch 'main' set up to track 'origin/main'.
2026-09-30T15:27:46-10:00job:github_sync_all | ↑ [database] 16 files → RootRecord-Software-Solutions/RootRecord-Database (main)
2026-09-30T15:27:46-10:00job:github_sync_all | — [library] no local changes
2026-09-30T15:27:46-10:00job:github_sync_all | ↓ [library] fetching origin/main
2026-09-30T15:27:46-10:00job:github_sync_all | From github.com:RootRecord-Software-Solutions/RootRecord-Library
2026-09-30T15:27:46-10:00job:github_sync_all | * branch            main       -> FETCH_HEAD
2026-09-30T15:27:46-10:00job:github_sync_all | — [library] local and GitHub already match
2026-09-30T15:27:46-10:00job:github_sync_all | — [library] nothing to push
2026-09-30T15:27:46-10:00job:github_sync_all | — [skills] no local changes
2026-09-30T15:27:46-10:00job:github_sync_all | ↓ [skills] fetching origin/main
2026-09-30T15:27:46-10:00job:github_sync_all | From github.com:rootrecordsoftwaresolutions/Solar-Pacific-RootRecord-Server
2026-09-30T15:27:46-10:00job:github_sync_all | * branch            main       -> FETCH_HEAD
2026-09-30T15:27:46-10:00job:github_sync_all | — [skills] local and GitHub already match
2026-09-30T15:27:46-10:00job:github_sync_all | — [skills] nothing to push
2026-09-30T15:27:46-10:00job:security_camera_frame_grab RUN  bash "/home/rootrecord/RootRecord-Ecosystem/1 - Servers/1 - RootRecord-Pacific-Solar-Server/Security/Cameras/grab_all.sh"
2026-09-30T15:28:01-10:00job:security_camera_frame_grab | 15:27:46  📷  a-eyes  ch1 → ch1-20261001T012746Z.jpg  (567.1 KB, 4.44s)
2026-09-30T15:28:01-10:00job:security_camera_frame_grab | 15:27:51  📷  a-eyes  ch2 → ch2-20261001T012751Z.jpg  (226.4 KB, 4.58s)
2026-09-30T15:28:01-10:00job:security_camera_frame_grab | 15:27:55  📷  a-eyes  ch3 → ch3-20261001T012755Z.jpg  (380.7 KB, 4.38s)
2026-09-30T15:28:01-10:00job:security_camera_frame_grab | 15:28:00  📷  a-eyes  ch4 → ch4-20261001T012800Z.jpg  (11.9 KB, 1.52s)
2026-09-30T15:28:02-10:00ENERGY  status=live  B2=22.0%  B1=37.3%  solar=0 W  ac=86 W  usbc=0 W  src=/home/rootrecord/RootRecord-Ecosystem/2 - RootRecord-Database/Energy  LAP=100%/Full/AC
2026-09-30T15:28:55-10:00  ✗  ecoflow_read_cycle  WAITING
2026-09-30T15:28:55-10:00job:sys_stats_cycle RUN  bash "/home/rootrecord/RootRecord-Ecosystem/1 - Servers/1 - RootRecord-Pacific-Solar-Server/System/scripts/sys-sample.sh"
2026-09-30T15:28:56-10:00job:sys_stats_cycle | SYSTEM  cpu=4%  load=0.44  mem=39%  src=sqlite
2026-09-30T15:28:56-10:00job:sys_stats_cycle | OK wrote /home/rootrecord/RootRecord-Ecosystem/2 - RootRecord-Database/System/samples/sys-20260930-152855.json
2026-09-30T15:29:31-10:00job:github_sync_all | — [ecosystem] no committable local changes
2026-09-30T15:29:31-10:00job:github_sync_all | ↓ [ecosystem] fetching origin/main
2026-09-30T15:29:31-10:00job:github_sync_all | From github.com:RootRecord-Software-Solutions/RootRecord-Ecosystem
2026-09-30T15:29:31-10:00job:github_sync_all | * branch            main       -> FETCH_HEAD
2026-09-30T15:29:31-10:00job:github_sync_all | — [ecosystem] local and GitHub already match
2026-09-30T15:29:31-10:00job:github_sync_all | — [ecosystem] nothing to push
2026-09-30T15:29:31-10:00job:github_sync_all | — [pacific] no local changes
2026-09-30T15:29:31-10:00job:github_sync_all | ↓ [pacific] fetching origin/main
2026-09-30T15:29:31-10:00job:github_sync_all | From github.com:RootRecord-Software-Solutions/RootRecord-Pacific-Solar-Server
2026-09-30T15:29:31-10:00job:github_sync_all | * branch            main       -> FETCH_HEAD
2026-09-30T15:29:31-10:00job:github_sync_all | — [pacific] local and GitHub already match
2026-09-30T15:29:31-10:00job:github_sync_all | — [pacific] nothing to push
2026-09-30T15:29:31-10:00job:github_sync_all | ↑ [database] committed 9 local file(s)
2026-09-30T15:29:31-10:00job:github_sync_all | ↓ [database] fetching origin/main
2026-09-30T15:29:31-10:00job:github_sync_all | From github.com:RootRecord-Software-Solutions/RootRecord-Database
2026-09-30T15:29:31-10:00job:github_sync_all | * branch              main       -> FETCH_HEAD
2026-09-30T15:29:31-10:00job:github_sync_all | ↑ [database] local is ahead of GitHub
2026-09-30T15:29:31-10:00job:github_sync_all | To github.com:RootRecord-Software-Solutions/RootRecord-Database.git
2026-09-30T15:29:31-10:00job:github_sync_all | b9f14c06..a7acdb12  HEAD -> main
2026-09-30T15:29:31-10:00job:github_sync_all | branch 'main' set up to track 'origin/main'.
2026-09-30T15:29:31-10:00job:github_sync_all | ↑ [database] 9 files → RootRecord-Software-Solutions/RootRecord-Database (main)
2026-09-30T15:29:31-10:00job:github_sync_all | — [library] no local changes
2026-09-30T15:29:31-10:00job:github_sync_all | ↓ [library] fetching origin/main
2026-09-30T15:29:31-10:00job:github_sync_all | From github.com:RootRecord-Software-Solutions/RootRecord-Library
2026-09-30T15:29:31-10:00job:github_sync_all | * branch            main       -> FETCH_HEAD
2026-09-30T15:29:31-10:00job:github_sync_all | — [library] local and GitHub already match
2026-09-30T15:29:31-10:00job:github_sync_all | — [library] nothing to push
2026-09-30T15:29:31-10:00job:github_sync_all | — [skills] no local changes
2026-09-30T15:29:31-10:00job:github_sync_all | ↓ [skills] fetching origin/main
2026-09-30T15:29:31-10:00job:github_sync_all | From github.com:rootrecordsoftwaresolutions/Solar-Pacific-RootRecord-Server
2026-09-30T15:29:31-10:00job:github_sync_all | * branch            main       -> FETCH_HEAD
2026-09-30T15:29:31-10:00job:github_sync_all | — [skills] local and GitHub already match
2026-09-30T15:29:31-10:00job:github_sync_all | — [skills] nothing to push
2026-09-30T15:29:31-10:00job:worklog_scan RUN  bash "/home/rootrecord/RootRecord-Ecosystem/1 - Servers/1 - RootRecord-Pacific-Solar-Server/Reports/scripts/worklog_once.sh"
2026-09-30T15:29:41-10:00job:worklog_scan | OK wrote/updated /home/rootrecord/RootRecord-Ecosystem/2 - RootRecord-Database/Worklog/worklog_current.md
2026-09-30T15:29:41-10:00job:security_camera_frame_grab RUN  bash "/home/rootrecord/RootRecord-Ecosystem/1 - Servers/1 - RootRecord-Pacific-Solar-Server/Security/Cameras/grab_all.sh"
2026-09-30T15:29:56-10:00job:security_camera_frame_grab | 15:29:41  📷  a-eyes  ch1 → ch1-20261001T012941Z.jpg  (575.5 KB, 4.52s)
2026-09-30T15:29:56-10:00job:security_camera_frame_grab | 15:29:46  📷  a-eyes  ch2 → ch2-20261001T012946Z.jpg  (254.3 KB, 4.45s)
2026-09-30T15:29:56-10:00job:security_camera_frame_grab | 15:29:50  📷  a-eyes  ch3 → ch3-20261001T012950Z.jpg  (384.2 KB, 4.48s)
2026-09-30T15:29:56-10:00job:security_camera_frame_grab | 15:29:55  📷  a-eyes  ch4 → ch4-20261001T012955Z.jpg  (12.0 KB, 1.60s)
2026-09-30T15:29:57-10:00ENERGY  status=live  B2=22.0%  B1=37.3%  solar=0 W  ac=86 W  usbc=0 W  src=/home/rootrecord/RootRecord-Ecosystem/2 - RootRecord-Database/Energy  LAP=100%/Full/AC
2026-09-30T15:30:12-10:00  ▸  SUMMARY=river2pro soc=35.92% solar=0W ac_out=76W usbc=17W src=ble db=ok
2026-09-30T15:30:12-10:00job:sys_stats_cycle RUN  bash "/home/rootrecord/RootRecord-Ecosystem/1 - Servers/1 - RootRecord-Pacific-Solar-Server/System/scripts/sys-sample.sh"
2026-09-30T15:30:13-10:00job:sys_stats_cycle | SYSTEM  cpu=3%  load=0.31  mem=38%  src=sqlite
2026-09-30T15:30:13-10:00job:sys_stats_cycle | OK wrote /home/rootrecord/RootRecord-Ecosystem/2 - RootRecord-Database/System/samples/sys-20260930-153012.json
2026-09-30T15:30:48-10:00job:github_sync_all | — [ecosystem] no committable local changes
2026-09-30T15:30:48-10:00job:github_sync_all | ↓ [ecosystem] fetching origin/main
2026-09-30T15:30:48-10:00job:github_sync_all | From github.com:RootRecord-Software-Solutions/RootRecord-Ecosystem
2026-09-30T15:30:48-10:00job:github_sync_all | * branch            main       -> FETCH_HEAD
2026-09-30T15:30:48-10:00job:github_sync_all | — [ecosystem] local and GitHub already match
2026-09-30T15:30:48-10:00job:github_sync_all | — [ecosystem] nothing to push
2026-09-30T15:30:48-10:00job:github_sync_all | — [pacific] no local changes
2026-09-30T15:30:48-10:00job:github_sync_all | ↓ [pacific] fetching origin/main
2026-09-30T15:30:48-10:00job:github_sync_all | From github.com:RootRecord-Software-Solutions/RootRecord-Pacific-Solar-Server
2026-09-30T15:30:48-10:00job:github_sync_all | * branch            main       -> FETCH_HEAD
2026-09-30T15:30:48-10:00job:github_sync_all | — [pacific] local and GitHub already match
2026-09-30T15:30:48-10:00job:github_sync_all | — [pacific] nothing to push
2026-09-30T15:30:48-10:00job:github_sync_all | ↑ [database] committed 18 local file(s)
2026-09-30T15:30:48-10:00job:github_sync_all | ↓ [database] fetching origin/main
2026-09-30T15:30:48-10:00job:github_sync_all | From github.com:RootRecord-Software-Solutions/RootRecord-Database
2026-09-30T15:30:48-10:00job:github_sync_all | * branch              main       -> FETCH_HEAD
2026-09-30T15:30:48-10:00job:github_sync_all | ↑ [database] local is ahead of GitHub
2026-09-30T15:30:48-10:00job:github_sync_all | To github.com:RootRecord-Software-Solutions/RootRecord-Database.git
2026-09-30T15:30:48-10:00job:github_sync_all | a7acdb12..6d59b7e6  HEAD -> main
2026-09-30T15:30:48-10:00job:github_sync_all | branch 'main' set up to track 'origin/main'.
2026-09-30T15:30:48-10:00job:github_sync_all | ↑ [database] 18 files → RootRecord-Software-Solutions/RootRecord-Database (main)
2026-09-30T15:30:48-10:00job:github_sync_all | — [library] no local changes
2026-09-30T15:30:48-10:00job:github_sync_all | ↓ [library] fetching origin/main
2026-09-30T15:30:48-10:00job:github_sync_all | From github.com:RootRecord-Software-Solutions/RootRecord-Library
2026-09-30T15:30:48-10:00job:github_sync_all | * branch            main       -> FETCH_HEAD
2026-09-30T15:30:48-10:00job:github_sync_all | — [library] local and GitHub already match
2026-09-30T15:30:48-10:00job:github_sync_all | — [library] nothing to push
2026-09-30T15:30:48-10:00job:github_sync_all | — [skills] no local changes
2026-09-30T15:30:48-10:00job:github_sync_all | ↓ [skills] fetching origin/main
2026-09-30T15:30:48-10:00job:github_sync_all | From github.com:rootrecordsoftwaresolutions/Solar-Pacific-RootRecord-Server
2026-09-30T15:30:48-10:00job:github_sync_all | * branch            main       -> FETCH_HEAD
2026-09-30T15:30:48-10:00job:github_sync_all | — [skills] local and GitHub already match
2026-09-30T15:30:48-10:00job:github_sync_all | — [skills] nothing to push
2026-09-30T15:30:48-10:00job:worklog_scan RUN  bash "/home/rootrecord/RootRecord-Ecosystem/1 - Servers/1 - RootRecord-Pacific-Solar-Server/Reports/scripts/worklog_once.sh"
2026-09-30T15:30:49-10:00job:worklog_scan | OK wrote/updated /home/rootrecord/RootRecord-Ecosystem/2 - RootRecord-Database/Worklog/worklog_current.md
2026-09-30T15:30:49-10:00job:security_camera_frame_grab RUN  bash "/home/rootrecord/RootRecord-Ecosystem/1 - Servers/1 - RootRecord-Pacific-Solar-Server/Security/Cameras/grab_all.sh"
2026-09-30T15:31:04-10:00job:security_camera_frame_grab | 15:30:49  📷  a-eyes  ch1 → ch1-20261001T013049Z.jpg  (582.3 KB, 4.26s)
2026-09-30T15:31:04-10:00job:security_camera_frame_grab | 15:30:54  📷  a-eyes  ch2 → ch2-20261001T013054Z.jpg  (262.5 KB, 4.47s)
2026-09-30T15:31:04-10:00job:security_camera_frame_grab | 15:30:58  📷  a-eyes  ch3 → ch3-20261001T013058Z.jpg  (383.4 KB, 4.55s)
2026-09-30T15:31:04-10:00job:security_camera_frame_grab | 15:31:03  📷  a-eyes  ch4 → ch4-20261001T013103Z.jpg  (11.9 KB, 1.52s)
2026-09-30T15:31:04-10:00job:service_supervisor RUN  bash "/home/rootrecord/RootRecord-Ecosystem/1 - Servers/1 - RootRecord-Pacific-Solar-Server/Automations/scripts/supervise-services.sh"
2026-09-30T15:31:04-10:00job:service_supervisor | [supervisor] weather alive pid=97054 (act)
2026-09-30T15:31:04-10:00job:service_supervisor | [supervisor] relay alive pid=96403 (act)
2026-09-30T15:31:05-10:00job:geology_collect RUN  nice -n 10 python3 "/home/rootrecord/RootRecord-Ecosystem/1 - Servers/1 - RootRecord-Pacific-Solar-Server/Geology/scripts/geology_collect.py" all
2026-09-30T15:31:10-10:00job:geology_collect | {"ok": true, "at": "2026-09-30T15:31:05-10:00", "what": "all", "dry_run": false, "sources": {"hawaii": {"ok": true, "count": 10, "new": 0, "new_m2": 0, "ms": 1339}, "global": {"ok": true, "count": 36, "new": 0, "ms": 312}, "hvo_notices": {"ok": true, "count": 44, "new": 0, "ms": 3163}, "hvo_status": {"ok": true, "volcanoes": 8, "kilauea": "WATCH", "mauna_loa": "NORMAL", "ms": 716}}}
2026-09-30T15:31:10-10:00job:system_net_sample RUN  nice -n 10 python3 "/home/rootrecord/RootRecord-Ecosystem/1 - Servers/1 - RootRecord-Pacific-Solar-Server/System/scripts/host_desks.py" net-sample
2026-09-30T15:31:10-10:00job:system_net_sample | {"ok": true, "file": "/home/rootrecord/RootRecord-Ecosystem/2 - RootRecord-Database/System/network/Daily/net-20260930.jsonl", "iface": "wlo1", "hour": null, "day": null}
2026-09-30T15:31:11-10:00ENERGY  status=live  B2=22.0%  B1=35.9%  solar=0 W  ac=76 W  usbc=0 W  src=/home/rootrecord/RootRecord-Ecosystem/2 - RootRecord-Database/Energy  LAP=100%/Full/AC
2026-09-30T15:32:24-10:00  ✗  ecoflow_read_cycle  WAITING
2026-09-30T15:32:24-10:00job:sys_stats_cycle RUN  bash "/home/rootrecord/RootRecord-Ecosystem/1 - Servers/1 - RootRecord-Pacific-Solar-Server/System/scripts/sys-sample.sh"
2026-09-30T15:32:25-10:00job:sys_stats_cycle | SYSTEM  cpu=4%  load=0.50  mem=39%  src=sqlite
2026-09-30T15:32:25-10:00job:sys_stats_cycle | OK wrote /home/rootrecord/RootRecord-Ecosystem/2 - RootRecord-Database/System/samples/sys-20260930-153225.json
2026-09-30T15:33:03-10:00job:github_sync_all | ↑ [ecosystem] committed 7 local file(s)
2026-09-30T15:33:03-10:00job:github_sync_all | ↓ [ecosystem] fetching origin/main
2026-09-30T15:33:03-10:00job:github_sync_all | From github.com:RootRecord-Software-Solutions/RootRecord-Ecosystem
2026-09-30T15:33:03-10:00job:github_sync_all | * branch            main       -> FETCH_HEAD
2026-09-30T15:33:03-10:00job:github_sync_all | ↑ [ecosystem] local is ahead of GitHub
2026-09-30T15:33:03-10:00job:github_sync_all | To github.com:RootRecord-Software-Solutions/RootRecord-Ecosystem.git
2026-09-30T15:33:03-10:00job:github_sync_all | 29aafae..cd2b519  HEAD -> main
2026-09-30T15:33:03-10:00job:github_sync_all | branch 'main' set up to track 'origin/main'.
2026-09-30T15:33:03-10:00job:github_sync_all | ↑ [ecosystem] 7 files → RootRecord-Software-Solutions/RootRecord-Ecosystem (main)
2026-09-30T15:33:03-10:00job:github_sync_all | — [pacific] no local changes
2026-09-30T15:33:03-10:00job:github_sync_all | ↓ [pacific] fetching origin/main
2026-09-30T15:33:03-10:00job:github_sync_all | From github.com:RootRecord-Software-Solutions/RootRecord-Pacific-Solar-Server
2026-09-30T15:33:03-10:00job:github_sync_all | * branch            main       -> FETCH_HEAD
2026-09-30T15:33:03-10:00job:github_sync_all | — [pacific] local and GitHub already match
2026-09-30T15:33:03-10:00job:github_sync_all | — [pacific] nothing to push
2026-09-30T15:33:03-10:00job:github_sync_all | ↑ [database] committed 19 local file(s)
2026-09-30T15:33:03-10:00job:github_sync_all | ↓ [database] fetching origin/main
2026-09-30T15:33:03-10:00job:github_sync_all | From github.com:RootRecord-Software-Solutions/RootRecord-Database
2026-09-30T15:33:03-10:00job:github_sync_all | * branch              main       -> FETCH_HEAD
2026-09-30T15:33:03-10:00job:github_sync_all | ↑ [database] local is ahead of GitHub
2026-09-30T15:33:03-10:00job:github_sync_all | To github.com:RootRecord-Software-Solutions/RootRecord-Database.git
2026-09-30T15:33:03-10:00job:github_sync_all | 6d59b7e6..a655c4f9  HEAD -> main
2026-09-30T15:33:03-10:00job:github_sync_all | branch 'main' set up to track 'origin/main'.
2026-09-30T15:33:03-10:00job:github_sync_all | ↑ [database] 19 files → RootRecord-Software-Solutions/RootRecord-Database (main)
2026-09-30T15:33:03-10:00job:github_sync_all | — [library] no local changes
2026-09-30T15:33:03-10:00job:github_sync_all | ↓ [library] fetching origin/main
2026-09-30T15:33:03-10:00job:github_sync_all | From github.com:RootRecord-Software-Solutions/RootRecord-Library
2026-09-30T15:33:03-10:00job:github_sync_all | * branch            main       -> FETCH_HEAD
2026-09-30T15:33:03-10:00job:github_sync_all | — [library] local and GitHub already match
2026-09-30T15:33:03-10:00job:github_sync_all | — [library] nothing to push
2026-09-30T15:33:03-10:00job:github_sync_all | — [skills] no local changes
2026-09-30T15:33:03-10:00job:github_sync_all | ↓ [skills] fetching origin/main
2026-09-30T15:33:03-10:00job:github_sync_all | From github.com:rootrecordsoftwaresolutions/Solar-Pacific-RootRecord-Server
2026-09-30T15:33:03-10:00job:github_sync_all | * branch            main       -> FETCH_HEAD
2026-09-30T15:33:03-10:00job:github_sync_all | — [skills] local and GitHub already match
2026-09-30T15:33:03-10:00job:github_sync_all | — [skills] nothing to push
2026-09-30T15:33:03-10:00job:security_camera_frame_grab RUN  bash "/home/rootrecord/RootRecord-Ecosystem/1 - Servers/1 - RootRecord-Pacific-Solar-Server/Security/Cameras/grab_all.sh"
2026-09-30T15:33:18-10:00job:security_camera_frame_grab | 15:33:03  📷  a-eyes  ch1 → ch1-20261001T013303Z.jpg  (582.2 KB, 4.54s)
2026-09-30T15:33:18-10:00job:security_camera_frame_grab | 15:33:07  📷  a-eyes  ch2 → ch2-20261001T013307Z.jpg  (278.2 KB, 4.38s)
2026-09-30T15:33:18-10:00job:security_camera_frame_grab | 15:33:12  📷  a-eyes  ch3 → ch3-20261001T013312Z.jpg  (385.3 KB, 4.38s)
2026-09-30T15:33:18-10:00job:security_camera_frame_grab | 15:33:16  📷  a-eyes  ch4 → ch4-20261001T013316Z.jpg  (11.9 KB, 1.55s)
2026-09-30T15:33:18-10:00ENERGY  status=live  B2=22.0%  B1=35.9%  solar=0 W  ac=76 W  usbc=0 W  src=/home/rootrecord/RootRecord-Ecosystem/2 - RootRecord-Database/Energy  LAP=100%/Full/AC
2026-09-30T15:33:33-10:00  ▸  SUMMARY=river2pro soc=35.12% solar=— ac_out=95W usbc=17W src=ble db=ok
2026-09-30T15:33:33-10:00job:sys_stats_cycle RUN  bash "/home/rootrecord/RootRecord-Ecosystem/1 - Servers/1 - RootRecord-Pacific-Solar-Server/System/scripts/sys-sample.sh"
2026-09-30T15:33:34-10:00job:sys_stats_cycle | SYSTEM  cpu=5%  load=0.51  mem=39%  src=sqlite
2026-09-30T15:33:34-10:00job:sys_stats_cycle | OK wrote /home/rootrecord/RootRecord-Ecosystem/2 - RootRecord-Database/System/samples/sys-20260930-153333.json
2026-09-30T15:34:09-10:00job:github_sync_all | — [ecosystem] no committable local changes
2026-09-30T15:34:09-10:00job:github_sync_all | ↓ [ecosystem] fetching origin/main
2026-09-30T15:34:09-10:00job:github_sync_all | From github.com:RootRecord-Software-Solutions/RootRecord-Ecosystem
2026-09-30T15:34:09-10:00job:github_sync_all | * branch            main       -> FETCH_HEAD
2026-09-30T15:34:09-10:00job:github_sync_all | — [ecosystem] local and GitHub already match
2026-09-30T15:34:09-10:00job:github_sync_all | — [ecosystem] nothing to push
2026-09-30T15:34:09-10:00job:github_sync_all | — [pacific] no local changes
2026-09-30T15:34:09-10:00job:github_sync_all | ↓ [pacific] fetching origin/main
2026-09-30T15:34:09-10:00job:github_sync_all | From github.com:RootRecord-Software-Solutions/RootRecord-Pacific-Solar-Server
2026-09-30T15:34:09-10:00job:github_sync_all | * branch            main       -> FETCH_HEAD
2026-09-30T15:34:09-10:00job:github_sync_all | — [pacific] local and GitHub already match
2026-09-30T15:34:09-10:00job:github_sync_all | — [pacific] nothing to push
2026-09-30T15:34:09-10:00job:github_sync_all | ↑ [database] committed 12 local file(s)
2026-09-30T15:34:09-10:00job:github_sync_all | ↓ [database] fetching origin/main
2026-09-30T15:34:09-10:00job:github_sync_all | From github.com:RootRecord-Software-Solutions/RootRecord-Database
2026-09-30T15:34:09-10:00job:github_sync_all | * branch              main       -> FETCH_HEAD
2026-09-30T15:34:09-10:00job:github_sync_all | ↑ [database] local is ahead of GitHub
2026-09-30T15:34:09-10:00job:github_sync_all | To github.com:RootRecord-Software-Solutions/RootRecord-Database.git
2026-09-30T15:34:09-10:00job:github_sync_all | a655c4f9..7dc318ea  HEAD -> main
2026-09-30T15:34:09-10:00job:github_sync_all | branch 'main' set up to track 'origin/main'.
2026-09-30T15:34:09-10:00job:github_sync_all | ↑ [database] 12 files → RootRecord-Software-Solutions/RootRecord-Database (main)
2026-09-30T15:34:09-10:00job:github_sync_all | — [library] no local changes
2026-09-30T15:34:09-10:00job:github_sync_all | ↓ [library] fetching origin/main
2026-09-30T15:34:09-10:00job:github_sync_all | From github.com:RootRecord-Software-Solutions/RootRecord-Library
2026-09-30T15:34:09-10:00job:github_sync_all | * branch            main       -> FETCH_HEAD
2026-09-30T15:34:09-10:00job:github_sync_all | — [library] local and GitHub already match
2026-09-30T15:34:09-10:00job:github_sync_all | — [library] nothing to push
2026-09-30T15:34:09-10:00job:github_sync_all | — [skills] no local changes
2026-09-30T15:34:09-10:00job:github_sync_all | ↓ [skills] fetching origin/main
2026-09-30T15:34:09-10:00job:github_sync_all | From github.com:rootrecordsoftwaresolutions/Solar-Pacific-RootRecord-Server
2026-09-30T15:34:09-10:00job:github_sync_all | * branch            main       -> FETCH_HEAD
2026-09-30T15:34:09-10:00job:github_sync_all | — [skills] local and GitHub already match
2026-09-30T15:34:09-10:00job:github_sync_all | — [skills] nothing to push
2026-09-30T15:34:09-10:00job:worklog_scan RUN  bash "/home/rootrecord/RootRecord-Ecosystem/1 - Servers/1 - RootRecord-Pacific-Solar-Server/Reports/scripts/worklog_once.sh"
2026-09-30T15:34:11-10:00job:worklog_scan | OK wrote/updated /home/rootrecord/RootRecord-Ecosystem/2 - RootRecord-Database/Worklog/worklog_current.md
2026-09-30T15:34:11-10:00job:security_camera_frame_grab RUN  bash "/home/rootrecord/RootRecord-Ecosystem/1 - Servers/1 - RootRecord-Pacific-Solar-Server/Security/Cameras/grab_all.sh"
2026-09-30T15:34:26-10:00job:security_camera_frame_grab | 15:34:11  📷  a-eyes  ch1 → ch1-20261001T013411Z.jpg  (578.9 KB, 4.41s)
2026-09-30T15:34:26-10:00job:security_camera_frame_grab | 15:34:15  📷  a-eyes  ch2 → ch2-20261001T013415Z.jpg  (281.1 KB, 4.45s)
2026-09-30T15:34:26-10:00job:security_camera_frame_grab | 15:34:20  📷  a-eyes  ch3 → ch3-20261001T013420Z.jpg  (386.9 KB, 4.30s)
2026-09-30T15:34:26-10:00job:security_camera_frame_grab | 15:34:24  📷  a-eyes  ch4 → ch4-20261001T013424Z.jpg  (11.9 KB, 1.56s)
2026-09-30T15:34:26-10:00ENERGY  status=live  B2=22.0%  B1=35.1%  solar=0 W  ac=95 W  usbc=0 W  src=/home/rootrecord/RootRecord-Ecosystem/2 - RootRecord-Database/Energy  LAP=100%/Full/AC
2026-09-30T15:34:41-10:00  ▸  SUMMARY=river2pro soc=34.85% solar=0W ac_out=103W usbc=20W src=ble db=ok
2026-09-30T15:34:41-10:00job:sys_stats_cycle RUN  bash "/home/rootrecord/RootRecord-Ecosystem/1 - Servers/1 - RootRecord-Pacific-Solar-Server/System/scripts/sys-sample.sh"
2026-09-30T15:34:42-10:00job:sys_stats_cycle | SYSTEM  cpu=6%  load=0.35  mem=39%  src=sqlite
2026-09-30T15:34:42-10:00job:sys_stats_cycle | OK wrote /home/rootrecord/RootRecord-Ecosystem/2 - RootRecord-Database/System/samples/sys-20260930-153441.json
2026-09-30T15:34:47-10:00tunnel timeout — reconnecting
2026-09-30T15:34:48-10:00tunnel timeout — reconnecting
2026-09-30T15:34:52-10:00tunnel connected  conn=3  edge=lax11
2026-09-30T15:35:17-10:00job:github_sync_all | — [ecosystem] no committable local changes
2026-09-30T15:35:17-10:00job:github_sync_all | ↓ [ecosystem] fetching origin/main
2026-09-30T15:35:17-10:00job:github_sync_all | From github.com:RootRecord-Software-Solutions/RootRecord-Ecosystem
2026-09-30T15:35:17-10:00job:github_sync_all | * branch            main       -> FETCH_HEAD
2026-09-30T15:35:17-10:00job:github_sync_all | — [ecosystem] local and GitHub already match
2026-09-30T15:35:17-10:00job:github_sync_all | — [ecosystem] nothing to push
2026-09-30T15:35:17-10:00job:github_sync_all | — [pacific] no local changes
2026-09-30T15:35:17-10:00job:github_sync_all | ↓ [pacific] fetching origin/main
2026-09-30T15:35:17-10:00job:github_sync_all | From github.com:RootRecord-Software-Solutions/RootRecord-Pacific-Solar-Server
2026-09-30T15:35:17-10:00job:github_sync_all | * branch            main       -> FETCH_HEAD
2026-09-30T15:35:17-10:00job:github_sync_all | — [pacific] local and GitHub already match
2026-09-30T15:35:17-10:00job:github_sync_all | — [pacific] nothing to push
2026-09-30T15:35:17-10:00job:github_sync_all | ↑ [database] committed 16 local file(s)
2026-09-30T15:35:17-10:00job:github_sync_all | ↓ [database] fetching origin/main
2026-09-30T15:35:17-10:00job:github_sync_all | From github.com:RootRecord-Software-Solutions/RootRecord-Database
2026-09-30T15:35:17-10:00job:github_sync_all | * branch              main       -> FETCH_HEAD
2026-09-30T15:35:17-10:00job:github_sync_all | ↑ [database] local is ahead of GitHub
2026-09-30T15:35:17-10:00job:github_sync_all | To github.com:RootRecord-Software-Solutions/RootRecord-Database.git
2026-09-30T15:35:17-10:00job:github_sync_all | 7dc318ea..a034d1a2  HEAD -> main
2026-09-30T15:35:17-10:00job:github_sync_all | branch 'main' set up to track 'origin/main'.
2026-09-30T15:35:17-10:00job:github_sync_all | ↑ [database] 16 files → RootRecord-Software-Solutions/RootRecord-Database (main)
2026-09-30T15:35:17-10:00job:github_sync_all | — [library] no local changes
2026-09-30T15:35:17-10:00job:github_sync_all | ↓ [library] fetching origin/main
2026-09-30T15:35:17-10:00job:github_sync_all | From github.com:RootRecord-Software-Solutions/RootRecord-Library
2026-09-30T15:35:17-10:00job:github_sync_all | * branch            main       -> FETCH_HEAD
2026-09-30T15:35:17-10:00job:github_sync_all | — [library] local and GitHub already match
2026-09-30T15:35:17-10:00job:github_sync_all | — [library] nothing to push
2026-09-30T15:35:17-10:00job:github_sync_all | — [skills] no local changes
2026-09-30T15:35:17-10:00job:github_sync_all | ↓ [skills] fetching origin/main
2026-09-30T15:35:17-10:00job:github_sync_all | From github.com:rootrecordsoftwaresolutions/Solar-Pacific-RootRecord-Server
2026-09-30T15:35:17-10:00job:github_sync_all | * branch            main       -> FETCH_HEAD
2026-09-30T15:35:17-10:00job:github_sync_all | — [skills] local and GitHub already match
2026-09-30T15:35:17-10:00job:github_sync_all | — [skills] nothing to push
2026-09-30T15:35:17-10:00job:security_camera_frame_grab RUN  bash "/home/rootrecord/RootRecord-Ecosystem/1 - Servers/1 - RootRecord-Pacific-Solar-Server/Security/Cameras/grab_all.sh"
2026-09-30T15:35:41-10:00job:security_camera_frame_grab | 15:35:17  ✗  a-eyes  ch1 FAILED: [tcp @ 0x58ae3ff68940] Connection to tcp://192.168.1.33:554?timeout=0 failed: No route to host
2026-09-30T15:35:41-10:00job:security_camera_frame_grab | [in#0 @ 0x58ae3ff65c40] Error opening input: No route t
2026-09-30T15:35:41-10:00job:security_camera_frame_grab | a-eyes: ch1 grab failed
2026-09-30T15:35:41-10:00job:security_camera_frame_grab | 15:35:31  ✗  a-eyes  ch2 FAILED: [tcp @ 0x572d169b9940] Connection to tcp://192.168.1.33:554?timeout=0 failed: No route to host
2026-09-30T15:35:41-10:00job:security_camera_frame_grab | [in#0 @ 0x572d169b6c40] Error opening input: No route t
2026-09-30T15:35:41-10:00job:security_camera_frame_grab | a-eyes: ch2 grab failed
2026-09-30T15:35:41-10:00job:security_camera_frame_grab | 15:35:35  ✗  a-eyes  ch3 FAILED: [tcp @ 0x58502c5fa940] Connection to tcp://192.168.1.33:554?timeout=0 failed: No route to host
2026-09-30T15:35:41-10:00job:security_camera_frame_grab | [in#0 @ 0x58502c5f7c40] Error opening input: No route t
2026-09-30T15:35:41-10:00job:security_camera_frame_grab | a-eyes: ch3 grab failed
2026-09-30T15:35:41-10:00job:security_camera_frame_grab | 15:35:38  ✗  a-eyes  ch4 FAILED: [tcp @ 0x5b2876d23940] Connection to tcp://192.168.1.33:554?timeout=0 failed: No route to host
2026-09-30T15:35:41-10:00job:security_camera_frame_grab | [in#0 @ 0x5b2876d20c40] Error opening input: No route t
2026-09-30T15:35:41-10:00job:security_camera_frame_grab | a-eyes: ch4 grab failed
2026-09-30T15:35:41-10:00ENERGY  status=live  B2=22.0%  B1=34.9%  solar=0 W  ac=103 W  usbc=0 W  src=/home/rootrecord/RootRecord-Ecosystem/2 - RootRecord-Database/Energy  LAP=100%/Full/AC
2026-09-30T15:36:14-10:00  ✗  ecoflow_read_cycle  WAITING
2026-09-30T15:36:14-10:00job:sys_stats_cycle RUN  bash "/home/rootrecord/RootRecord-Ecosystem/1 - Servers/1 - RootRecord-Pacific-Solar-Server/System/scripts/sys-sample.sh"
2026-09-30T15:36:15-10:00job:sys_stats_cycle | SYSTEM  cpu=9%  load=1.30  mem=40%  src=sqlite
2026-09-30T15:36:15-10:00job:sys_stats_cycle | OK wrote /home/rootrecord/RootRecord-Ecosystem/2 - RootRecord-Database/System/samples/sys-20260930-153614.json
2026-09-30T15:37:08-10:00job:github_sync_all | ↑ [ecosystem] committed 2 local file(s)
2026-09-30T15:37:08-10:00job:github_sync_all | ↓ [ecosystem] fetching origin/main
2026-09-30T15:37:08-10:00job:github_sync_all | From github.com:RootRecord-Software-Solutions/RootRecord-Ecosystem
2026-09-30T15:37:08-10:00job:github_sync_all | * branch            main       -> FETCH_HEAD
2026-09-30T15:37:08-10:00job:github_sync_all | ↑ [ecosystem] local is ahead of GitHub
2026-09-30T15:37:08-10:00job:github_sync_all | To github.com:RootRecord-Software-Solutions/RootRecord-Ecosystem.git
2026-09-30T15:37:08-10:00job:github_sync_all | cd2b519..97ce91d  HEAD -> main
2026-09-30T15:37:08-10:00job:github_sync_all | branch 'main' set up to track 'origin/main'.
2026-09-30T15:37:08-10:00job:github_sync_all | ↑ [ecosystem] 2 files → RootRecord-Software-Solutions/RootRecord-Ecosystem (main)
2026-09-30T15:37:08-10:00job:github_sync_all | ↑ [pacific] committed 2 local file(s)
2026-09-30T15:37:08-10:00job:github_sync_all | ↓ [pacific] fetching origin/main
2026-09-30T15:37:08-10:00job:github_sync_all | From github.com:RootRecord-Software-Solutions/RootRecord-Pacific-Solar-Server
2026-09-30T15:37:08-10:00job:github_sync_all | * branch            main       -> FETCH_HEAD
2026-09-30T15:37:08-10:00job:github_sync_all | ↑ [pacific] local is ahead of GitHub
2026-09-30T15:37:08-10:00job:github_sync_all | To github.com:RootRecord-Software-Solutions/RootRecord-Pacific-Solar-Server.git
2026-09-30T15:37:08-10:00job:github_sync_all | e6cf55a..201b0b5  HEAD -> main
2026-09-30T15:37:08-10:00job:github_sync_all | branch 'main' set up to track 'origin/main'.
2026-09-30T15:37:08-10:00job:github_sync_all | ↑ [pacific] 2 files → RootRecord-Software-Solutions/RootRecord-Pacific-Solar-Server (main)
2026-09-30T15:37:08-10:00job:github_sync_all | ↑ [database] committed 10 local file(s)
2026-09-30T15:37:08-10:00job:github_sync_all | ↓ [database] fetching origin/main
2026-09-30T15:37:08-10:00job:github_sync_all | From github.com:RootRecord-Software-Solutions/RootRecord-Database
2026-09-30T15:37:08-10:00job:github_sync_all | * branch              main       -> FETCH_HEAD
2026-09-30T15:37:08-10:00job:github_sync_all | ↑ [database] local is ahead of GitHub
2026-09-30T15:37:08-10:00job:github_sync_all | To github.com:RootRecord-Software-Solutions/RootRecord-Database.git
2026-09-30T15:37:08-10:00job:github_sync_all | a034d1a2..1bc850fc  HEAD -> main
2026-09-30T15:37:08-10:00job:github_sync_all | branch 'main' set up to track 'origin/main'.
2026-09-30T15:37:08-10:00job:github_sync_all | ↑ [database] 10 files → RootRecord-Software-Solutions/RootRecord-Database (main)
2026-09-30T15:37:08-10:00job:github_sync_all | — [library] no local changes
2026-09-30T15:37:08-10:00job:github_sync_all | ↓ [library] fetching origin/main
2026-09-30T15:37:08-10:00job:github_sync_all | From github.com:RootRecord-Software-Solutions/RootRecord-Library
2026-09-30T15:37:08-10:00job:github_sync_all | * branch            main       -> FETCH_HEAD
2026-09-30T15:37:08-10:00job:github_sync_all | — [library] local and GitHub already match
2026-09-30T15:37:08-10:00job:github_sync_all | — [library] nothing to push
2026-09-30T15:37:08-10:00job:github_sync_all | — [skills] no local changes
2026-09-30T15:37:08-10:00job:github_sync_all | ↓ [skills] fetching origin/main
2026-09-30T15:37:08-10:00job:github_sync_all | From github.com:rootrecordsoftwaresolutions/Solar-Pacific-RootRecord-Server
2026-09-30T15:37:08-10:00job:github_sync_all | * branch            main       -> FETCH_HEAD
2026-09-30T15:37:08-10:00job:github_sync_all | — [skills] local and GitHub already match
2026-09-30T15:37:08-10:00job:github_sync_all | — [skills] nothing to push
2026-09-30T15:37:08-10:00job:worklog_scan RUN  bash "/home/rootrecord/RootRecord-Ecosystem/1 - Servers/1 - RootRecord-Pacific-Solar-Server/Reports/scripts/worklog_once.sh"
2026-09-30T15:37:19-10:00job:worklog_scan | OK wrote/updated /home/rootrecord/RootRecord-Ecosystem/2 - RootRecord-Database/Worklog/worklog_current.md
2026-09-30T15:37:19-10:00job:security_camera_frame_grab RUN  bash "/home/rootrecord/RootRecord-Ecosystem/1 - Servers/1 - RootRecord-Pacific-Solar-Server/Security/Cameras/grab_all.sh"
2026-09-30T15:37:32-10:00job:security_camera_frame_grab | 15:37:19  ✗  a-eyes  ch1 FAILED: [tcp @ 0x572882ef0940] Connection to tcp://192.168.1.33:554?timeout=0 failed: No route to host
2026-09-30T15:37:32-10:00job:security_camera_frame_grab | [in#0 @ 0x572882eedc40] Error opening input: No route t
2026-09-30T15:37:32-10:00job:security_camera_frame_grab | a-eyes: ch1 grab failed
2026-09-30T15:37:32-10:00job:security_camera_frame_grab | 15:37:22  ✗  a-eyes  ch2 FAILED: [tcp @ 0x5df3725b9940] Connection to tcp://192.168.1.33:554?timeout=0 failed: No route to host
2026-09-30T15:37:32-10:00job:security_camera_frame_grab | [in#0 @ 0x5df3725b6c40] Error opening input: No route t
2026-09-30T15:37:32-10:00job:security_camera_frame_grab | a-eyes: ch2 grab failed
2026-09-30T15:37:32-10:00job:security_camera_frame_grab | 15:37:25  ✗  a-eyes  ch3 FAILED: [tcp @ 0x602c39d3d940] Connection to tcp://192.168.1.33:554?timeout=0 failed: No route to host
2026-09-30T15:37:32-10:00job:security_camera_frame_grab | [in#0 @ 0x602c39d3ac40] Error opening input: No route t
2026-09-30T15:37:32-10:00job:security_camera_frame_grab | a-eyes: ch3 grab failed
2026-09-30T15:37:32-10:00job:security_camera_frame_grab | 15:37:29  ✗  a-eyes  ch4 FAILED: [tcp @ 0x5fbaa774c940] Connection to tcp://192.168.1.33:554?timeout=0 failed: No route to host
2026-09-30T15:37:32-10:00job:security_camera_frame_grab | [in#0 @ 0x5fbaa7749c40] Error opening input: No route t
2026-09-30T15:37:32-10:00job:security_camera_frame_grab | a-eyes: ch4 grab failed
2026-09-30T15:37:32-10:00job:service_supervisor RUN  bash "/home/rootrecord/RootRecord-Ecosystem/1 - Servers/1 - RootRecord-Pacific-Solar-Server/Automations/scripts/supervise-services.sh"
2026-09-30T15:37:32-10:00job:service_supervisor | [supervisor] weather alive pid=97054 (act)
2026-09-30T15:37:32-10:00job:service_supervisor | [supervisor] relay alive pid=96403 (act)
2026-09-30T15:37:32-10:00job:geology_collect RUN  nice -n 10 python3 "/home/rootrecord/RootRecord-Ecosystem/1 - Servers/1 - RootRecord-Pacific-Solar-Server/Geology/scripts/geology_collect.py" all
2026-09-30T15:37:42-10:00job:geology_collect | {"ok": true, "at": "2026-09-30T15:37:32-10:00", "what": "all", "dry_run": false, "sources": {"hawaii": {"ok": true, "count": 10, "new": 0, "new_m2": 0, "ms": 1446}, "global": {"ok": true, "count": 35, "new": 0, "ms": 618}, "hvo_notices": {"ok": true, "count": 44, "new": 0, "ms": 4806}, "hvo_status": {"ok": true, "volcanoes": 8, "kilauea": "WATCH", "mauna_loa": "NORMAL", "ms": 2968}}}
2026-09-30T15:37:42-10:00job:system_net_sample RUN  nice -n 10 python3 "/home/rootrecord/RootRecord-Ecosystem/1 - Servers/1 - RootRecord-Pacific-Solar-Server/System/scripts/host_desks.py" net-sample
2026-09-30T15:37:42-10:00job:system_net_sample | {"ok": true, "file": "/home/rootrecord/RootRecord-Ecosystem/2 - RootRecord-Database/System/network/Daily/net-20260930.jsonl", "iface": "wlo1", "hour": null, "day": null}
2026-09-30T15:37:42-10:00ENERGY  status=live  B2=22.0%  B1=34.9%  solar=0 W  ac=103 W  usbc=0 W  src=/home/rootrecord/RootRecord-Ecosystem/2 - RootRecord-Database/Energy  LAP=100%/Full/AC
2026-09-30T15:38:15-10:00  ✗  ecoflow_read_cycle  WAITING
2026-09-30T15:38:15-10:00job:sys_stats_cycle RUN  bash "/home/rootrecord/RootRecord-Ecosystem/1 - Servers/1 - RootRecord-Pacific-Solar-Server/System/scripts/sys-sample.sh"
2026-09-30T15:38:16-10:00job:sys_stats_cycle | SYSTEM  cpu=9%  load=0.67  mem=40%  src=sqlite
2026-09-30T15:38:16-10:00job:sys_stats_cycle | OK wrote /home/rootrecord/RootRecord-Ecosystem/2 - RootRecord-Database/System/samples/sys-20260930-153816.json
2026-09-30T15:38:56-10:00job:github_sync_all | ↑ [ecosystem] committed 13 local file(s)
2026-09-30T15:38:56-10:00job:github_sync_all | ↓ [ecosystem] fetching origin/main
2026-09-30T15:38:56-10:00job:github_sync_all | From github.com:RootRecord-Software-Solutions/RootRecord-Ecosystem
2026-09-30T15:38:56-10:00job:github_sync_all | * branch            main       -> FETCH_HEAD
2026-09-30T15:38:56-10:00job:github_sync_all | ↑ [ecosystem] local is ahead of GitHub
2026-09-30T15:38:56-10:00job:github_sync_all | To github.com:RootRecord-Software-Solutions/RootRecord-Ecosystem.git
2026-09-30T15:38:56-10:00job:github_sync_all | 97ce91d..901886d  HEAD -> main
2026-09-30T15:38:56-10:00job:github_sync_all | branch 'main' set up to track 'origin/main'.
2026-09-30T15:38:56-10:00job:github_sync_all | ↑ [ecosystem] 13 files → RootRecord-Software-Solutions/RootRecord-Ecosystem (main)
2026-09-30T15:38:56-10:00job:github_sync_all | ↑ [pacific] committed 6 local file(s)
2026-09-30T15:38:56-10:00job:github_sync_all | ↓ [pacific] fetching origin/main
2026-09-30T15:38:56-10:00job:github_sync_all | From github.com:RootRecord-Software-Solutions/RootRecord-Pacific-Solar-Server
2026-09-30T15:38:56-10:00job:github_sync_all | * branch            main       -> FETCH_HEAD
2026-09-30T15:38:56-10:00job:github_sync_all | ↑ [pacific] local is ahead of GitHub
2026-09-30T15:38:56-10:00job:github_sync_all | To github.com:RootRecord-Software-Solutions/RootRecord-Pacific-Solar-Server.git
2026-09-30T15:38:56-10:00job:github_sync_all | 201b0b5..8b54381  HEAD -> main
2026-09-30T15:38:56-10:00job:github_sync_all | branch 'main' set up to track 'origin/main'.
2026-09-30T15:38:56-10:00job:github_sync_all | ↑ [pacific] 6 files → RootRecord-Software-Solutions/RootRecord-Pacific-Solar-Server (main)
2026-09-30T15:38:56-10:00job:github_sync_all | ↑ [database] committed 20 local file(s)
2026-09-30T15:38:56-10:00job:github_sync_all | ↓ [database] fetching origin/main
2026-09-30T15:38:56-10:00job:github_sync_all | From github.com:RootRecord-Software-Solutions/RootRecord-Database
2026-09-30T15:38:56-10:00job:github_sync_all | * branch              main       -> FETCH_HEAD
2026-09-30T15:38:56-10:00job:github_sync_all | ↑ [database] local is ahead of GitHub
2026-09-30T15:38:56-10:00job:github_sync_all | To github.com:RootRecord-Software-Solutions/RootRecord-Database.git
2026-09-30T15:38:56-10:00job:github_sync_all | 1bc850fc..1a8c84d4  HEAD -> main
2026-09-30T15:38:56-10:00job:github_sync_all | branch 'main' set up to track 'origin/main'.
2026-09-30T15:38:56-10:00job:github_sync_all | ↑ [database] 20 files → RootRecord-Software-Solutions/RootRecord-Database (main)
2026-09-30T15:38:56-10:00job:github_sync_all | — [library] no local changes
2026-09-30T15:38:56-10:00job:github_sync_all | ↓ [library] fetching origin/main
2026-09-30T15:38:56-10:00job:github_sync_all | From github.com:RootRecord-Software-Solutions/RootRecord-Library
2026-09-30T15:38:56-10:00job:github_sync_all | * branch            main       -> FETCH_HEAD
2026-09-30T15:38:56-10:00job:github_sync_all | — [library] local and GitHub already match
2026-09-30T15:38:56-10:00job:github_sync_all | — [library] nothing to push
2026-09-30T15:38:56-10:00job:github_sync_all | — [skills] no local changes
2026-09-30T15:38:56-10:00job:github_sync_all | ↓ [skills] fetching origin/main
2026-09-30T15:38:56-10:00job:github_sync_all | From github.com:rootrecordsoftwaresolutions/Solar-Pacific-RootRecord-Server
2026-09-30T15:38:56-10:00job:github_sync_all | * branch            main       -> FETCH_HEAD
2026-09-30T15:38:56-10:00job:github_sync_all | — [skills] local and GitHub already match
2026-09-30T15:38:56-10:00job:github_sync_all | — [skills] nothing to push
2026-09-30T15:38:56-10:00job:worklog_scan RUN  bash "/home/rootrecord/RootRecord-Ecosystem/1 - Servers/1 - RootRecord-Pacific-Solar-Server/Reports/scripts/worklog_once.sh"
2026-09-30T15:38:58-10:00job:worklog_scan | OK wrote/updated /home/rootrecord/RootRecord-Ecosystem/2 - RootRecord-Database/Worklog/worklog_current.md
2026-09-30T15:38:58-10:00job:security_camera_frame_grab RUN  bash "/home/rootrecord/RootRecord-Ecosystem/1 - Servers/1 - RootRecord-Pacific-Solar-Server/Security/Cameras/grab_all.sh"
2026-09-30T15:39:11-10:00job:security_camera_frame_grab | 15:38:58  ✗  a-eyes  ch1 FAILED: [tcp @ 0x5f31a37a8940] Connection to tcp://192.168.1.33:554?timeout=0 failed: No route to host
2026-09-30T15:39:11-10:00job:security_camera_frame_grab | [in#0 @ 0x5f31a37a5c40] Error opening input: No route t
2026-09-30T15:39:11-10:00job:security_camera_frame_grab | a-eyes: ch1 grab failed
2026-09-30T15:39:11-10:00job:security_camera_frame_grab | 15:39:01  ✗  a-eyes  ch2 FAILED: [tcp @ 0x5b6b5314b940] Connection to tcp://192.168.1.33:554?timeout=0 failed: No route to host
2026-09-30T15:39:11-10:00job:security_camera_frame_grab | [in#0 @ 0x5b6b53148c40] Error opening input: No route t
2026-09-30T15:39:11-10:00job:security_camera_frame_grab | a-eyes: ch2 grab failed
2026-09-30T15:39:11-10:00job:security_camera_frame_grab | 15:39:05  ✗  a-eyes  ch3 FAILED: [tcp @ 0x642bf28b8940] Connection to tcp://192.168.1.33:554?timeout=0 failed: No route to host
2026-09-30T15:39:11-10:00job:security_camera_frame_grab | [in#0 @ 0x642bf28b5c40] Error opening input: No route t
2026-09-30T15:39:11-10:00job:security_camera_frame_grab | a-eyes: ch3 grab failed
2026-09-30T15:39:11-10:00job:security_camera_frame_grab | 15:39:08  ✗  a-eyes  ch4 FAILED: [tcp @ 0x5961633a4940] Connection to tcp://192.168.1.33:554?timeout=0 failed: No route to host
2026-09-30T15:39:11-10:00job:security_camera_frame_grab | [in#0 @ 0x5961633a1c40] Error opening input: No route t
2026-09-30T15:39:11-10:00job:security_camera_frame_grab | a-eyes: ch4 grab failed
2026-09-30T15:39:11-10:00job:voice_nws_weather RUN  nice -n 10 python3 "/home/rootrecord/RootRecord-Ecosystem/1 - Servers/1 - RootRecord-Pacific-Solar-Server/Media/Voice/scripts/voice_reports.py" nws_weather
2026-09-30T15:39:23-10:00job:voice_nws_weather | {"ok": true, "report": "nws_weather", "md": "/home/rootrecord/RootRecord-Ecosystem/test-reports/Voice/nws_weather_current.md", "sentences": 4, "voice": {"ok": true, "mode": "stitch", "report": "nws_weather", "agent": "ava", "voice": "af_heart", "speed": 0.82, "wav": "/home/rootrecord/RootRecord-Ecosystem/2 - RootRecord-Database/Media/Audio/Voice/nws_weather_current.wav", "clips_used": 0, "live_sentences": 7, "model_loaded": true, "render_s": 11.1, "sample_rate": 24000, "channels": 1, "subtype": "PCM_16", "duration_s": 19.579, "peak_dbfs": -1.64, "rms_dbfs": -20.13, "lead_silence_ms": 114, "qc": "PASS", "wall_s": 11.15, "peak_rss_mb": 1400, "rc": 0}, "deliver": {"ok": true, "sent": false, "detail": "unchanged"}}
2026-09-30T15:39:23-10:00ENERGY  status=live  B2=22.0%  B1=34.9%  solar=0 W  ac=103 W  usbc=0 W  src=/home/rootrecord/RootRecord-Ecosystem/2 - RootRecord-Database/Energy  LAP=100%/Full/AC
2026-09-30T15:39:56-10:00  ✗  ecoflow_read_cycle  WAITING
2026-09-30T15:39:56-10:00job:sys_stats_cycle RUN  bash "/home/rootrecord/RootRecord-Ecosystem/1 - Servers/1 - RootRecord-Pacific-Solar-Server/System/scripts/sys-sample.sh"
2026-09-30T15:39:57-10:00job:sys_stats_cycle | SYSTEM  cpu=5%  load=1.06  mem=40%  src=sqlite
2026-09-30T15:39:57-10:00job:sys_stats_cycle | OK wrote /home/rootrecord/RootRecord-Ecosystem/2 - RootRecord-Database/System/samples/sys-20260930-153957.json
2026-09-30T15:40:38-10:00job:github_sync_all | ↑ [ecosystem] committed 9 local file(s)
2026-09-30T15:40:38-10:00job:github_sync_all | ↓ [ecosystem] fetching origin/main
2026-09-30T15:40:38-10:00job:github_sync_all | From github.com:RootRecord-Software-Solutions/RootRecord-Ecosystem
2026-09-30T15:40:38-10:00job:github_sync_all | * branch            main       -> FETCH_HEAD
2026-09-30T15:40:38-10:00job:github_sync_all | ↑ [ecosystem] local is ahead of GitHub
2026-09-30T15:40:38-10:00job:github_sync_all | To github.com:RootRecord-Software-Solutions/RootRecord-Ecosystem.git
2026-09-30T15:40:38-10:00job:github_sync_all | 901886d..31050ef  HEAD -> main
2026-09-30T15:40:38-10:00job:github_sync_all | branch 'main' set up to track 'origin/main'.
2026-09-30T15:40:38-10:00job:github_sync_all | ↑ [ecosystem] 9 files → RootRecord-Software-Solutions/RootRecord-Ecosystem (main)
2026-09-30T15:40:38-10:00job:github_sync_all | ↑ [pacific] committed 5 local file(s)
2026-09-30T15:40:38-10:00job:github_sync_all | ↓ [pacific] fetching origin/main
2026-09-30T15:40:38-10:00job:github_sync_all | From github.com:RootRecord-Software-Solutions/RootRecord-Pacific-Solar-Server
2026-09-30T15:40:38-10:00job:github_sync_all | * branch            main       -> FETCH_HEAD
2026-09-30T15:40:38-10:00job:github_sync_all | ↑ [pacific] local is ahead of GitHub
2026-09-30T15:40:38-10:00job:github_sync_all | To github.com:RootRecord-Software-Solutions/RootRecord-Pacific-Solar-Server.git
2026-09-30T15:40:38-10:00job:github_sync_all | 8b54381..18e0900  HEAD -> main
2026-09-30T15:40:38-10:00job:github_sync_all | branch 'main' set up to track 'origin/main'.
2026-09-30T15:40:38-10:00job:github_sync_all | ↑ [pacific] 5 files → RootRecord-Software-Solutions/RootRecord-Pacific-Solar-Server (main)
2026-09-30T15:40:38-10:00job:github_sync_all | ↑ [database] committed 13 local file(s)
2026-09-30T15:40:38-10:00job:github_sync_all | ↓ [database] fetching origin/main
2026-09-30T15:40:38-10:00job:github_sync_all | From github.com:RootRecord-Software-Solutions/RootRecord-Database
2026-09-30T15:40:38-10:00job:github_sync_all | * branch              main       -> FETCH_HEAD
2026-09-30T15:40:38-10:00job:github_sync_all | ↑ [database] local is ahead of GitHub
2026-09-30T15:40:38-10:00job:github_sync_all | To github.com:RootRecord-Software-Solutions/RootRecord-Database.git
2026-09-30T15:40:38-10:00job:github_sync_all | 1a8c84d4..693eb8b9  HEAD -> main
2026-09-30T15:40:38-10:00job:github_sync_all | branch 'main' set up to track 'origin/main'.
2026-09-30T15:40:38-10:00job:github_sync_all | ↑ [database] 13 files → RootRecord-Software-Solutions/RootRecord-Database (main)
2026-09-30T15:40:38-10:00job:github_sync_all | — [library] no local changes
2026-09-30T15:40:38-10:00job:github_sync_all | ↓ [library] fetching origin/main
2026-09-30T15:40:38-10:00job:github_sync_all | From github.com:RootRecord-Software-Solutions/RootRecord-Library
2026-09-30T15:40:38-10:00job:github_sync_all | * branch            main       -> FETCH_HEAD
2026-09-30T15:40:38-10:00job:github_sync_all | — [library] local and GitHub already match
2026-09-30T15:40:38-10:00job:github_sync_all | — [library] nothing to push
2026-09-30T15:40:38-10:00job:github_sync_all | — [skills] no local changes
2026-09-30T15:40:38-10:00job:github_sync_all | ↓ [skills] fetching origin/main
2026-09-30T15:40:38-10:00job:github_sync_all | From github.com:rootrecordsoftwaresolutions/Solar-Pacific-RootRecord-Server
2026-09-30T15:40:38-10:00job:github_sync_all | * branch            main       -> FETCH_HEAD
2026-09-30T15:40:38-10:00job:github_sync_all | — [skills] local and GitHub already match
2026-09-30T15:40:38-10:00job:github_sync_all | — [skills] nothing to push
2026-09-30T15:40:38-10:00job:worklog_scan RUN  bash "/home/rootrecord/RootRecord-Ecosystem/1 - Servers/1 - RootRecord-Pacific-Solar-Server/Reports/scripts/worklog_once.sh"
2026-09-30T15:40:41-10:00job:worklog_scan | OK wrote/updated /home/rootrecord/RootRecord-Ecosystem/2 - RootRecord-Database/Worklog/worklog_current.md
2026-09-30T15:40:41-10:00job:security_camera_frame_grab RUN  bash "/home/rootrecord/RootRecord-Ecosystem/1 - Servers/1 - RootRecord-Pacific-Solar-Server/Security/Cameras/grab_all.sh"
2026-09-30T15:40:53-10:00job:security_camera_frame_grab | 15:40:41  ✗  a-eyes  ch1 FAILED: [tcp @ 0x5ab8f3015940] Connection to tcp://192.168.1.33:554?timeout=0 failed: No route to host
2026-09-30T15:40:53-10:00job:security_camera_frame_grab | [in#0 @ 0x5ab8f3012c40] Error opening input: No route t
2026-09-30T15:40:53-10:00job:security_camera_frame_grab | a-eyes: ch1 grab failed
2026-09-30T15:40:53-10:00job:security_camera_frame_grab | 15:40:44  ✗  a-eyes  ch2 FAILED: [tcp @ 0x58fddd7d8940] Connection to tcp://192.168.1.33:554?timeout=0 failed: No route to host
2026-09-30T15:40:53-10:00job:security_camera_frame_grab | [in#0 @ 0x58fddd7d5c40] Error opening input: No route t
2026-09-30T15:40:53-10:00job:security_camera_frame_grab | a-eyes: ch2 grab failed
2026-09-30T15:40:53-10:00job:security_camera_frame_grab | 15:40:47  ✗  a-eyes  ch3 FAILED: [tcp @ 0x5f469b6cb940] Connection to tcp://192.168.1.33:554?timeout=0 failed: No route to host
2026-09-30T15:40:53-10:00job:security_camera_frame_grab | [in#0 @ 0x5f469b6c8c40] Error opening input: No route t
2026-09-30T15:40:53-10:00job:security_camera_frame_grab | a-eyes: ch3 grab failed
2026-09-30T15:40:53-10:00job:security_camera_frame_grab | 15:40:50  ✗  a-eyes  ch4 FAILED: [tcp @ 0x5887a8675940] Connection to tcp://192.168.1.33:554?timeout=0 failed: No route to host
2026-09-30T15:40:53-10:00job:security_camera_frame_grab | [in#0 @ 0x5887a8672c40] Error opening input: No route t
2026-09-30T15:40:53-10:00job:security_camera_frame_grab | a-eyes: ch4 grab failed
2026-09-30T15:40:54-10:00ENERGY  status=live  B2=22.0%  B1=34.9%  solar=0 W  ac=103 W  usbc=0 W  src=/home/rootrecord/RootRecord-Ecosystem/2 - RootRecord-Database/Energy  LAP=100%/Full/AC
2026-09-30T15:41:26-10:00  ✗  ecoflow_read_cycle  WAITING
2026-09-30T15:41:26-10:00job:sys_stats_cycle RUN  bash "/home/rootrecord/RootRecord-Ecosystem/1 - Servers/1 - RootRecord-Pacific-Solar-Server/System/scripts/sys-sample.sh"
2026-09-30T15:41:27-10:00job:sys_stats_cycle | SYSTEM  cpu=5%  load=1.35  mem=39%  src=sqlite
2026-09-30T15:41:27-10:00job:sys_stats_cycle | OK wrote /home/rootrecord/RootRecord-Ecosystem/2 - RootRecord-Database/System/samples/sys-20260930-154127.json
2026-09-30T15:42:05-10:00job:github_sync_all | ↑ [ecosystem] committed 2 local file(s)
2026-09-30T15:42:05-10:00job:github_sync_all | ↓ [ecosystem] fetching origin/main
2026-09-30T15:42:05-10:00job:github_sync_all | From github.com:RootRecord-Software-Solutions/RootRecord-Ecosystem
2026-09-30T15:42:05-10:00job:github_sync_all | * branch            main       -> FETCH_HEAD
2026-09-30T15:42:05-10:00job:github_sync_all | ↑ [ecosystem] local is ahead of GitHub
2026-09-30T15:42:05-10:00job:github_sync_all | To github.com:RootRecord-Software-Solutions/RootRecord-Ecosystem.git
2026-09-30T15:42:05-10:00job:github_sync_all | 31050ef..15b5376  HEAD -> main
2026-09-30T15:42:05-10:00job:github_sync_all | branch 'main' set up to track 'origin/main'.
2026-09-30T15:42:05-10:00job:github_sync_all | ↑ [ecosystem] 2 files → RootRecord-Software-Solutions/RootRecord-Ecosystem (main)
2026-09-30T15:42:05-10:00job:github_sync_all | ↑ [pacific] committed 1 local file(s)
2026-09-30T15:42:05-10:00job:github_sync_all | ↓ [pacific] fetching origin/main
2026-09-30T15:42:05-10:00job:github_sync_all | From github.com:RootRecord-Software-Solutions/RootRecord-Pacific-Solar-Server
2026-09-30T15:42:05-10:00job:github_sync_all | * branch            main       -> FETCH_HEAD
2026-09-30T15:42:05-10:00job:github_sync_all | ↑ [pacific] local is ahead of GitHub
2026-09-30T15:42:05-10:00job:github_sync_all | To github.com:RootRecord-Software-Solutions/RootRecord-Pacific-Solar-Server.git
2026-09-30T15:42:05-10:00job:github_sync_all | 18e0900..3749047  HEAD -> main
2026-09-30T15:42:05-10:00job:github_sync_all | branch 'main' set up to track 'origin/main'.
2026-09-30T15:42:05-10:00job:github_sync_all | ↑ [pacific] 1 files → RootRecord-Software-Solutions/RootRecord-Pacific-Solar-Server (main)
2026-09-30T15:42:05-10:00job:github_sync_all | ↑ [database] committed 15 local file(s)
2026-09-30T15:42:05-10:00job:github_sync_all | ↓ [database] fetching origin/main
2026-09-30T15:42:05-10:00job:github_sync_all | From github.com:RootRecord-Software-Solutions/RootRecord-Database
2026-09-30T15:42:05-10:00job:github_sync_all | * branch              main       -> FETCH_HEAD
2026-09-30T15:42:05-10:00job:github_sync_all | ↑ [database] local is ahead of GitHub
2026-09-30T15:42:05-10:00job:github_sync_all | To github.com:RootRecord-Software-Solutions/RootRecord-Database.git
2026-09-30T15:42:05-10:00job:github_sync_all | 693eb8b9..a550a38d  HEAD -> main
2026-09-30T15:42:05-10:00job:github_sync_all | branch 'main' set up to track 'origin/main'.
2026-09-30T15:42:05-10:00job:github_sync_all | ↑ [database] 15 files → RootRecord-Software-Solutions/RootRecord-Database (main)
2026-09-30T15:42:05-10:00job:github_sync_all | — [library] no local changes
2026-09-30T15:42:05-10:00job:github_sync_all | ↓ [library] fetching origin/main
2026-09-30T15:42:05-10:00job:github_sync_all | From github.com:RootRecord-Software-Solutions/RootRecord-Library
2026-09-30T15:42:05-10:00job:github_sync_all | * branch            main       -> FETCH_HEAD
2026-09-30T15:42:05-10:00job:github_sync_all | — [library] local and GitHub already match
2026-09-30T15:42:05-10:00job:github_sync_all | — [library] nothing to push
2026-09-30T15:42:05-10:00job:github_sync_all | — [skills] no local changes
2026-09-30T15:42:05-10:00job:github_sync_all | ↓ [skills] fetching origin/main
2026-09-30T15:42:05-10:00job:github_sync_all | From github.com:rootrecordsoftwaresolutions/Solar-Pacific-RootRecord-Server
2026-09-30T15:42:05-10:00job:github_sync_all | * branch            main       -> FETCH_HEAD
2026-09-30T15:42:05-10:00job:github_sync_all | — [skills] local and GitHub already match
2026-09-30T15:42:05-10:00job:github_sync_all | — [skills] nothing to push
2026-09-30T15:42:05-10:00job:worklog_scan RUN  bash "/home/rootrecord/RootRecord-Ecosystem/1 - Servers/1 - RootRecord-Pacific-Solar-Server/Reports/scripts/worklog_once.sh"
2026-09-30T15:42:07-10:00job:worklog_scan | OK wrote/updated /home/rootrecord/RootRecord-Ecosystem/2 - RootRecord-Database/Worklog/worklog_current.md
2026-09-30T15:42:07-10:00job:security_camera_frame_grab RUN  bash "/home/rootrecord/RootRecord-Ecosystem/1 - Servers/1 - RootRecord-Pacific-Solar-Server/Security/Cameras/grab_all.sh"
2026-09-30T15:42:19-10:00job:security_camera_frame_grab | 15:42:07  ✗  a-eyes  ch1 FAILED: [tcp @ 0x5a67df51b940] Connection to tcp://192.168.1.33:554?timeout=0 failed: No route to host
2026-09-30T15:42:19-10:00job:security_camera_frame_grab | [in#0 @ 0x5a67df518c40] Error opening input: No route t
2026-09-30T15:42:19-10:00job:security_camera_frame_grab | a-eyes: ch1 grab failed
2026-09-30T15:42:19-10:00job:security_camera_frame_grab | 15:42:10  ✗  a-eyes  ch2 FAILED: [tcp @ 0x59877db11940] Connection to tcp://192.168.1.33:554?timeout=0 failed: No route to host
2026-09-30T15:42:19-10:00job:security_camera_frame_grab | [in#0 @ 0x59877db0ec40] Error opening input: No route t
2026-09-30T15:42:19-10:00job:security_camera_frame_grab | a-eyes: ch2 grab failed
2026-09-30T15:42:19-10:00job:security_camera_frame_grab | 15:42:13  ✗  a-eyes  ch3 FAILED: [tcp @ 0x654a3a4ef940] Connection to tcp://192.168.1.33:554?timeout=0 failed: No route to host
2026-09-30T15:42:19-10:00job:security_camera_frame_grab | [in#0 @ 0x654a3a4ecc40] Error opening input: No route t
2026-09-30T15:42:19-10:00job:security_camera_frame_grab | a-eyes: ch3 grab failed
2026-09-30T15:42:19-10:00job:security_camera_frame_grab | 15:42:16  ✗  a-eyes  ch4 FAILED: [tcp @ 0x56541a36c940] Connection to tcp://192.168.1.33:554?timeout=0 failed: No route to host
2026-09-30T15:42:19-10:00job:security_camera_frame_grab | [in#0 @ 0x56541a369c40] Error opening input: No route t
2026-09-30T15:42:19-10:00job:security_camera_frame_grab | a-eyes: ch4 grab failed
2026-09-30T15:42:19-10:00job:service_supervisor RUN  bash "/home/rootrecord/RootRecord-Ecosystem/1 - Servers/1 - RootRecord-Pacific-Solar-Server/Automations/scripts/supervise-services.sh"
2026-09-30T15:42:19-10:00job:service_supervisor | [supervisor] weather alive pid=97054 (act)
2026-09-30T15:42:19-10:00job:service_supervisor | [supervisor] relay alive pid=96403 (act)
2026-09-30T15:42:20-10:00job:geology_collect RUN  nice -n 10 python3 "/home/rootrecord/RootRecord-Ecosystem/1 - Servers/1 - RootRecord-Pacific-Solar-Server/Geology/scripts/geology_collect.py" all
2026-09-30T15:42:25-10:00job:geology_collect | {"ok": true, "at": "2026-09-30T15:42:20-10:00", "what": "all", "dry_run": false, "sources": {"hawaii": {"ok": true, "count": 10, "new": 0, "new_m2": 0, "ms": 1051}, "global": {"ok": true, "count": 35, "new": 0, "ms": 491}, "hvo_notices": {"ok": true, "count": 44, "new": 0, "ms": 1131}, "hvo_status": {"ok": true, "volcanoes": 8, "kilauea": "WATCH", "mauna_loa": "NORMAL", "ms": 2925}}}
2026-09-30T15:42:25-10:00job:system_net_sample RUN  nice -n 10 python3 "/home/rootrecord/RootRecord-Ecosystem/1 - Servers/1 - RootRecord-Pacific-Solar-Server/System/scripts/host_desks.py" net-sample
2026-09-30T15:42:25-10:00job:system_net_sample | {"ok": true, "file": "/home/rootrecord/RootRecord-Ecosystem/2 - RootRecord-Database/System/network/Daily/net-20260930.jsonl", "iface": "wlo1", "hour": null, "day": null}
2026-09-30T15:42:26-10:00ENERGY  status=live  B2=22.0%  B1=34.9%  solar=0 W  ac=103 W  usbc=0 W  src=/home/rootrecord/RootRecord-Ecosystem/2 - RootRecord-Database/Energy  LAP=100%/Full/AC
2026-09-30T15:42:41-10:00  ▸  SUMMARY=river2pro soc=32.67% solar=0W ac_out=104W usbc=17W src=ble db=ok
2026-09-30T15:42:41-10:00job:sys_stats_cycle RUN  bash "/home/rootrecord/RootRecord-Ecosystem/1 - Servers/1 - RootRecord-Pacific-Solar-Server/System/scripts/sys-sample.sh"
2026-09-30T15:42:42-10:00job:sys_stats_cycle | SYSTEM  cpu=3%  load=1.12  mem=40%  src=sqlite
2026-09-30T15:42:42-10:00job:sys_stats_cycle | OK wrote /home/rootrecord/RootRecord-Ecosystem/2 - RootRecord-Database/System/samples/sys-20260930-154242.json
2026-09-30T15:43:21-10:00job:github_sync_all | ↑ [ecosystem] committed 8 local file(s)
2026-09-30T15:43:21-10:00job:github_sync_all | ↓ [ecosystem] fetching origin/main
2026-09-30T15:43:21-10:00job:github_sync_all | From github.com:RootRecord-Software-Solutions/RootRecord-Ecosystem
2026-09-30T15:43:21-10:00job:github_sync_all | * branch            main       -> FETCH_HEAD
2026-09-30T15:43:21-10:00job:github_sync_all | ↑ [ecosystem] local is ahead of GitHub
2026-09-30T15:43:21-10:00job:github_sync_all | To github.com:RootRecord-Software-Solutions/RootRecord-Ecosystem.git
2026-09-30T15:43:21-10:00job:github_sync_all | 15b5376..8fbc757  HEAD -> main
2026-09-30T15:43:21-10:00job:github_sync_all | branch 'main' set up to track 'origin/main'.
2026-09-30T15:43:21-10:00job:github_sync_all | ↑ [ecosystem] 8 files → RootRecord-Software-Solutions/RootRecord-Ecosystem (main)
2026-09-30T15:43:21-10:00job:github_sync_all | — [pacific] no local changes
2026-09-30T15:43:21-10:00job:github_sync_all | ↓ [pacific] fetching origin/main
2026-09-30T15:43:21-10:00job:github_sync_all | From github.com:RootRecord-Software-Solutions/RootRecord-Pacific-Solar-Server
2026-09-30T15:43:21-10:00job:github_sync_all | * branch            main       -> FETCH_HEAD
2026-09-30T15:43:21-10:00job:github_sync_all | — [pacific] local and GitHub already match
2026-09-30T15:43:21-10:00job:github_sync_all | — [pacific] nothing to push
2026-09-30T15:43:21-10:00job:github_sync_all | ↑ [database] committed 23 local file(s)
2026-09-30T15:43:21-10:00job:github_sync_all | ↓ [database] fetching origin/main
2026-09-30T15:43:21-10:00job:github_sync_all | From github.com:RootRecord-Software-Solutions/RootRecord-Database
2026-09-30T15:43:21-10:00job:github_sync_all | * branch              main       -> FETCH_HEAD
2026-09-30T15:43:21-10:00job:github_sync_all | ↑ [database] local is ahead of GitHub
2026-09-30T15:43:21-10:00job:github_sync_all | To github.com:RootRecord-Software-Solutions/RootRecord-Database.git
2026-09-30T15:43:21-10:00job:github_sync_all | a550a38d..956b96fd  HEAD -> main
2026-09-30T15:43:21-10:00job:github_sync_all | branch 'main' set up to track 'origin/main'.
2026-09-30T15:43:21-10:00job:github_sync_all | ↑ [database] 23 files → RootRecord-Software-Solutions/RootRecord-Database (main)
2026-09-30T15:43:21-10:00job:github_sync_all | — [library] no local changes
2026-09-30T15:43:21-10:00job:github_sync_all | ↓ [library] fetching origin/main
2026-09-30T15:43:21-10:00job:github_sync_all | From github.com:RootRecord-Software-Solutions/RootRecord-Library
2026-09-30T15:43:21-10:00job:github_sync_all | * branch            main       -> FETCH_HEAD
2026-09-30T15:43:21-10:00job:github_sync_all | — [library] local and GitHub already match
2026-09-30T15:43:21-10:00job:github_sync_all | — [library] nothing to push
2026-09-30T15:43:21-10:00job:github_sync_all | — [skills] no local changes
2026-09-30T15:43:21-10:00job:github_sync_all | ↓ [skills] fetching origin/main
2026-09-30T15:43:21-10:00job:github_sync_all | From github.com:rootrecordsoftwaresolutions/Solar-Pacific-RootRecord-Server
2026-09-30T15:43:21-10:00job:github_sync_all | * branch            main       -> FETCH_HEAD
2026-09-30T15:43:21-10:00job:github_sync_all | — [skills] local and GitHub already match
2026-09-30T15:43:21-10:00job:github_sync_all | — [skills] nothing to push
2026-09-30T15:43:21-10:00job:worklog_scan RUN  bash "/home/rootrecord/RootRecord-Ecosystem/1 - Servers/1 - RootRecord-Pacific-Solar-Server/Reports/scripts/worklog_once.sh"
2026-09-30T15:43:23-10:00job:worklog_scan | OK wrote/updated /home/rootrecord/RootRecord-Ecosystem/2 - RootRecord-Database/Worklog/worklog_current.md
2026-09-30T15:43:23-10:00job:security_camera_frame_grab RUN  bash "/home/rootrecord/RootRecord-Ecosystem/1 - Servers/1 - RootRecord-Pacific-Solar-Server/Security/Cameras/grab_all.sh"
2026-09-30T15:43:35-10:00job:security_camera_frame_grab | 15:43:23  ✗  a-eyes  ch1 FAILED: [tcp @ 0x5bff3abba940] Connection to tcp://192.168.1.33:554?timeout=0 failed: No route to host
2026-09-30T15:43:35-10:00job:security_camera_frame_grab | [in#0 @ 0x5bff3abb7c40] Error opening input: No route t
2026-09-30T15:43:35-10:00job:security_camera_frame_grab | a-eyes: ch1 grab failed
2026-09-30T15:43:35-10:00job:security_camera_frame_grab | 15:43:26  ✗  a-eyes  ch2 FAILED: [tcp @ 0x5da1363fa940] Connection to tcp://192.168.1.33:554?timeout=0 failed: No route to host
2026-09-30T15:43:35-10:00job:security_camera_frame_grab | [in#0 @ 0x5da1363f7c40] Error opening input: No route t
2026-09-30T15:43:35-10:00job:security_camera_frame_grab | a-eyes: ch2 grab failed
2026-09-30T15:43:35-10:00job:security_camera_frame_grab | 15:43:29  ✗  a-eyes  ch3 FAILED: [tcp @ 0x589414965940] Connection to tcp://192.168.1.33:554?timeout=0 failed: No route to host
2026-09-30T15:43:35-10:00job:security_camera_frame_grab | [in#0 @ 0x589414962c40] Error opening input: No route t
2026-09-30T15:43:35-10:00job:security_camera_frame_grab | a-eyes: ch3 grab failed
2026-09-30T15:43:35-10:00job:security_camera_frame_grab | 15:43:32  ✗  a-eyes  ch4 FAILED: [tcp @ 0x59e83e9fb940] Connection to tcp://192.168.1.33:554?timeout=0 failed: No route to host
2026-09-30T15:43:35-10:00job:security_camera_frame_grab | [in#0 @ 0x59e83e9f8c40] Error opening input: No route t
2026-09-30T15:43:35-10:00job:security_camera_frame_grab | a-eyes: ch4 grab failed
2026-09-30T15:43:36-10:00ENERGY  status=live  B2=22.0%  B1=32.7%  solar=0 W  ac=104 W  usbc=0 W  src=/home/rootrecord/RootRecord-Ecosystem/2 - RootRecord-Database/Energy  LAP=100%/Full/AC
2026-09-30T15:43:51-10:00  ▸  SUMMARY=river2pro soc=32.34% solar=0W ac_out=96W usbc=14W src=ble db=ok
2026-09-30T15:43:51-10:00job:sys_stats_cycle RUN  bash "/home/rootrecord/RootRecord-Ecosystem/1 - Servers/1 - RootRecord-Pacific-Solar-Server/System/scripts/sys-sample.sh"
2026-09-30T15:43:52-10:00job:sys_stats_cycle | SYSTEM  cpu=2%  load=0.60  mem=40%  src=sqlite
2026-09-30T15:43:52-10:00job:sys_stats_cycle | OK wrote /home/rootrecord/RootRecord-Ecosystem/2 - RootRecord-Database/System/samples/sys-20260930-154351.json
2026-09-30T15:44:28-10:00job:github_sync_all | — [ecosystem] no committable local changes
2026-09-30T15:44:28-10:00job:github_sync_all | ↓ [ecosystem] fetching origin/main
2026-09-30T15:44:28-10:00job:github_sync_all | From github.com:RootRecord-Software-Solutions/RootRecord-Ecosystem
2026-09-30T15:44:28-10:00job:github_sync_all | * branch            main       -> FETCH_HEAD
2026-09-30T15:44:28-10:00job:github_sync_all | — [ecosystem] local and GitHub already match
2026-09-30T15:44:28-10:00job:github_sync_all | — [ecosystem] nothing to push
2026-09-30T15:44:28-10:00job:github_sync_all | — [pacific] no local changes
2026-09-30T15:44:28-10:00job:github_sync_all | ↓ [pacific] fetching origin/main
2026-09-30T15:44:28-10:00job:github_sync_all | From github.com:RootRecord-Software-Solutions/RootRecord-Pacific-Solar-Server
2026-09-30T15:44:28-10:00job:github_sync_all | * branch            main       -> FETCH_HEAD
2026-09-30T15:44:28-10:00job:github_sync_all | — [pacific] local and GitHub already match
2026-09-30T15:44:28-10:00job:github_sync_all | — [pacific] nothing to push
2026-09-30T15:44:28-10:00job:github_sync_all | ↑ [database] committed 15 local file(s)
2026-09-30T15:44:28-10:00job:github_sync_all | ↓ [database] fetching origin/main
2026-09-30T15:44:28-10:00job:github_sync_all | From github.com:RootRecord-Software-Solutions/RootRecord-Database
2026-09-30T15:44:28-10:00job:github_sync_all | * branch              main       -> FETCH_HEAD
2026-09-30T15:44:28-10:00job:github_sync_all | ↑ [database] local is ahead of GitHub
2026-09-30T15:44:28-10:00job:github_sync_all | To github.com:RootRecord-Software-Solutions/RootRecord-Database.git
2026-09-30T15:44:28-10:00job:github_sync_all | 956b96fd..0a4b6ade  HEAD -> main
2026-09-30T15:44:28-10:00job:github_sync_all | branch 'main' set up to track 'origin/main'.
2026-09-30T15:44:28-10:00job:github_sync_all | ↑ [database] 15 files → RootRecord-Software-Solutions/RootRecord-Database (main)
2026-09-30T15:44:28-10:00job:github_sync_all | — [library] no local changes
2026-09-30T15:44:28-10:00job:github_sync_all | ↓ [library] fetching origin/main
2026-09-30T15:44:28-10:00job:github_sync_all | From github.com:RootRecord-Software-Solutions/RootRecord-Library
2026-09-30T15:44:28-10:00job:github_sync_all | * branch            main       -> FETCH_HEAD
2026-09-30T15:44:28-10:00job:github_sync_all | — [library] local and GitHub already match
2026-09-30T15:44:28-10:00job:github_sync_all | — [library] nothing to push
2026-09-30T15:44:28-10:00job:github_sync_all | — [skills] no local changes
2026-09-30T15:44:28-10:00job:github_sync_all | ↓ [skills] fetching origin/main
2026-09-30T15:44:28-10:00job:github_sync_all | From github.com:rootrecordsoftwaresolutions/Solar-Pacific-RootRecord-Server
2026-09-30T15:44:28-10:00job:github_sync_all | * branch            main       -> FETCH_HEAD
2026-09-30T15:44:28-10:00job:github_sync_all | — [skills] local and GitHub already match
2026-09-30T15:44:28-10:00job:github_sync_all | — [skills] nothing to push
2026-09-30T15:44:28-10:00job:security_camera_frame_grab RUN  bash "/home/rootrecord/RootRecord-Ecosystem/1 - Servers/1 - RootRecord-Pacific-Solar-Server/Security/Cameras/grab_all.sh"
2026-09-30T15:44:37-10:00job:security_camera_frame_grab | 15:44:28  📷  a-eyes  ch1 → ch1-20261001T014428Z.jpg  (11.6 KB, 1.66s)
2026-09-30T15:44:37-10:00job:security_camera_frame_grab | 15:44:29  📷  a-eyes  ch2 → ch2-20261001T014429Z.jpg  (11.6 KB, 1.71s)
2026-09-30T15:44:37-10:00job:security_camera_frame_grab | 15:44:31  📷  a-eyes  ch3 → ch3-20261001T014431Z.jpg  (288.7 KB, 4.28s)
2026-09-30T15:44:37-10:00job:security_camera_frame_grab | 15:44:35  📷  a-eyes  ch4 → ch4-20261001T014435Z.jpg  (11.6 KB, 1.52s)
2026-09-30T15:44:37-10:00ENERGY  status=live  B2=22.0%  B1=32.3%  solar=0 W  ac=96 W  usbc=0 W  src=/home/rootrecord/RootRecord-Ecosystem/2 - RootRecord-Database/Energy  LAP=100%/Full/AC
2026-09-30T15:44:52-10:00  ▸  SUMMARY=river2pro soc=32.08% solar=0W ac_out=97W usbc=14W src=ble db=ok
2026-09-30T15:44:52-10:00job:sys_stats_cycle RUN  bash "/home/rootrecord/RootRecord-Ecosystem/1 - Servers/1 - RootRecord-Pacific-Solar-Server/System/scripts/sys-sample.sh"
2026-09-30T15:44:53-10:00job:sys_stats_cycle | SYSTEM  cpu=1%  load=0.54  mem=40%  src=sqlite
2026-09-30T15:44:53-10:00job:sys_stats_cycle | OK wrote /home/rootrecord/RootRecord-Ecosystem/2 - RootRecord-Database/System/samples/sys-20260930-154453.json
2026-09-30T15:45:28-10:00job:github_sync_all | — [ecosystem] no committable local changes
2026-09-30T15:45:28-10:00job:github_sync_all | ↓ [ecosystem] fetching origin/main
2026-09-30T15:45:28-10:00job:github_sync_all | From github.com:RootRecord-Software-Solutions/RootRecord-Ecosystem
2026-09-30T15:45:28-10:00job:github_sync_all | * branch            main       -> FETCH_HEAD
2026-09-30T15:45:28-10:00job:github_sync_all | — [ecosystem] local and GitHub already match
2026-09-30T15:45:28-10:00job:github_sync_all | — [ecosystem] nothing to push
2026-09-30T15:45:28-10:00job:github_sync_all | — [pacific] no local changes
2026-09-30T15:45:28-10:00job:github_sync_all | ↓ [pacific] fetching origin/main
2026-09-30T15:45:28-10:00job:github_sync_all | From github.com:RootRecord-Software-Solutions/RootRecord-Pacific-Solar-Server
2026-09-30T15:45:28-10:00job:github_sync_all | * branch            main       -> FETCH_HEAD
2026-09-30T15:45:28-10:00job:github_sync_all | — [pacific] local and GitHub already match
2026-09-30T15:45:28-10:00job:github_sync_all | — [pacific] nothing to push
2026-09-30T15:45:28-10:00job:github_sync_all | ↑ [database] committed 12 local file(s)
2026-09-30T15:45:28-10:00job:github_sync_all | ↓ [database] fetching origin/main
2026-09-30T15:45:28-10:00job:github_sync_all | From github.com:RootRecord-Software-Solutions/RootRecord-Database
2026-09-30T15:45:28-10:00job:github_sync_all | * branch              main       -> FETCH_HEAD
2026-09-30T15:45:28-10:00job:github_sync_all | ↑ [database] local is ahead of GitHub
2026-09-30T15:45:28-10:00job:github_sync_all | To github.com:RootRecord-Software-Solutions/RootRecord-Database.git
2026-09-30T15:45:28-10:00job:github_sync_all | 0a4b6ade..6b212509  HEAD -> main
2026-09-30T15:45:28-10:00job:github_sync_all | branch 'main' set up to track 'origin/main'.
2026-09-30T15:45:28-10:00job:github_sync_all | ↑ [database] 12 files → RootRecord-Software-Solutions/RootRecord-Database (main)
2026-09-30T15:45:28-10:00job:github_sync_all | — [library] no local changes
2026-09-30T15:45:28-10:00job:github_sync_all | ↓ [library] fetching origin/main
2026-09-30T15:45:28-10:00job:github_sync_all | From github.com:RootRecord-Software-Solutions/RootRecord-Library
2026-09-30T15:45:28-10:00job:github_sync_all | * branch            main       -> FETCH_HEAD
2026-09-30T15:45:28-10:00job:github_sync_all | — [library] local and GitHub already match
2026-09-30T15:45:28-10:00job:github_sync_all | — [library] nothing to push
2026-09-30T15:45:28-10:00job:github_sync_all | — [skills] no local changes
2026-09-30T15:45:28-10:00job:github_sync_all | ↓ [skills] fetching origin/main
2026-09-30T15:45:28-10:00job:github_sync_all | From github.com:rootrecordsoftwaresolutions/Solar-Pacific-RootRecord-Server
2026-09-30T15:45:28-10:00job:github_sync_all | * branch            main       -> FETCH_HEAD
2026-09-30T15:45:28-10:00job:github_sync_all | — [skills] local and GitHub already match
2026-09-30T15:45:28-10:00job:github_sync_all | — [skills] nothing to push
2026-09-30T15:45:28-10:00job:worklog_scan RUN  bash "/home/rootrecord/RootRecord-Ecosystem/1 - Servers/1 - RootRecord-Pacific-Solar-Server/Reports/scripts/worklog_once.sh"
2026-09-30T15:45:37-10:00job:worklog_scan | OK wrote/updated /home/rootrecord/RootRecord-Ecosystem/2 - RootRecord-Database/Worklog/worklog_current.md
2026-09-30T15:45:37-10:00job:security_camera_frame_grab RUN  bash "/home/rootrecord/RootRecord-Ecosystem/1 - Servers/1 - RootRecord-Pacific-Solar-Server/Security/Cameras/grab_all.sh"
2026-09-30T15:45:52-10:00job:security_camera_frame_grab | 15:45:37  📷  a-eyes  ch1 → ch1-20261001T014537Z.jpg  (568.2 KB, 4.46s)
2026-09-30T15:45:52-10:00job:security_camera_frame_grab | 15:45:42  📷  a-eyes  ch2 → ch2-20261001T014542Z.jpg  (275.2 KB, 4.56s)
2026-09-30T15:45:52-10:00job:security_camera_frame_grab | 15:45:46  📷  a-eyes  ch3 → ch3-20261001T014546Z.jpg  (395.6 KB, 4.28s)
2026-09-30T15:45:52-10:00job:security_camera_frame_grab | 15:45:51  📷  a-eyes  ch4 → ch4-20261001T014551Z.jpg  (11.6 KB, 1.51s)
2026-09-30T15:45:52-10:00ENERGY  status=live  B2=22.0%  B1=32.1%  solar=0 W  ac=97 W  usbc=0 W  src=/home/rootrecord/RootRecord-Ecosystem/2 - RootRecord-Database/Energy  LAP=100%/Full/AC
2026-09-30T15:46:03-10:00  ✗  ecoflow_read_cycle  WAITING
2026-09-30T15:46:03-10:00job:sys_stats_cycle RUN  bash "/home/rootrecord/RootRecord-Ecosystem/1 - Servers/1 - RootRecord-Pacific-Solar-Server/System/scripts/sys-sample.sh"
2026-09-30T15:46:04-10:00job:sys_stats_cycle | SYSTEM  cpu=2%  load=0.57  mem=40%  src=sqlite
2026-09-30T15:46:04-10:00job:sys_stats_cycle | OK wrote /home/rootrecord/RootRecord-Ecosystem/2 - RootRecord-Database/System/samples/sys-20260930-154603.json
2026-09-30T15:46:39-10:00job:github_sync_all | — [ecosystem] no committable local changes
2026-09-30T15:46:39-10:00job:github_sync_all | ↓ [ecosystem] fetching origin/main
2026-09-30T15:46:39-10:00job:github_sync_all | From github.com:RootRecord-Software-Solutions/RootRecord-Ecosystem
2026-09-30T15:46:39-10:00job:github_sync_all | * branch            main       -> FETCH_HEAD
2026-09-30T15:46:39-10:00job:github_sync_all | — [ecosystem] local and GitHub already match
2026-09-30T15:46:39-10:00job:github_sync_all | — [ecosystem] nothing to push
2026-09-30T15:46:39-10:00job:github_sync_all | — [pacific] no local changes
2026-09-30T15:46:39-10:00job:github_sync_all | ↓ [pacific] fetching origin/main
2026-09-30T15:46:39-10:00job:github_sync_all | From github.com:RootRecord-Software-Solutions/RootRecord-Pacific-Solar-Server
2026-09-30T15:46:39-10:00job:github_sync_all | * branch            main       -> FETCH_HEAD
2026-09-30T15:46:39-10:00job:github_sync_all | — [pacific] local and GitHub already match
2026-09-30T15:46:39-10:00job:github_sync_all | — [pacific] nothing to push
2026-09-30T15:46:39-10:00job:github_sync_all | ↑ [database] committed 14 local file(s)
2026-09-30T15:46:39-10:00job:github_sync_all | ↓ [database] fetching origin/main
2026-09-30T15:46:39-10:00job:github_sync_all | From github.com:RootRecord-Software-Solutions/RootRecord-Database
2026-09-30T15:46:39-10:00job:github_sync_all | * branch              main       -> FETCH_HEAD
2026-09-30T15:46:39-10:00job:github_sync_all | ↑ [database] local is ahead of GitHub
2026-09-30T15:46:39-10:00job:github_sync_all | To github.com:RootRecord-Software-Solutions/RootRecord-Database.git
2026-09-30T15:46:39-10:00job:github_sync_all | 6b212509..71469003  HEAD -> main
2026-09-30T15:46:39-10:00job:github_sync_all | branch 'main' set up to track 'origin/main'.
2026-09-30T15:46:39-10:00job:github_sync_all | ↑ [database] 14 files → RootRecord-Software-Solutions/RootRecord-Database (main)
2026-09-30T15:46:39-10:00job:github_sync_all | — [library] no local changes
2026-09-30T15:46:39-10:00job:github_sync_all | ↓ [library] fetching origin/main
2026-09-30T15:46:39-10:00job:github_sync_all | From github.com:RootRecord-Software-Solutions/RootRecord-Library
2026-09-30T15:46:39-10:00job:github_sync_all | * branch            main       -> FETCH_HEAD
2026-09-30T15:46:39-10:00job:github_sync_all | — [library] local and GitHub already match
2026-09-30T15:46:39-10:00job:github_sync_all | — [library] nothing to push
2026-09-30T15:46:39-10:00job:github_sync_all | — [skills] no local changes
2026-09-30T15:46:39-10:00job:github_sync_all | ↓ [skills] fetching origin/main
2026-09-30T15:46:39-10:00job:github_sync_all | From github.com:rootrecordsoftwaresolutions/Solar-Pacific-RootRecord-Server
2026-09-30T15:46:39-10:00job:github_sync_all | * branch            main       -> FETCH_HEAD
2026-09-30T15:46:39-10:00job:github_sync_all | — [skills] local and GitHub already match
2026-09-30T15:46:39-10:00job:github_sync_all | — [skills] nothing to push
2026-09-30T15:46:39-10:00job:security_camera_frame_grab RUN  bash "/home/rootrecord/RootRecord-Ecosystem/1 - Servers/1 - RootRecord-Pacific-Solar-Server/Security/Cameras/grab_all.sh"
2026-09-30T15:46:54-10:00job:security_camera_frame_grab | 15:46:39  📷  a-eyes  ch1 → ch1-20261001T014639Z.jpg  (566.1 KB, 4.35s)
2026-09-30T15:46:54-10:00job:security_camera_frame_grab | 15:46:43  📷  a-eyes  ch2 → ch2-20261001T014643Z.jpg  (276.7 KB, 4.37s)
2026-09-30T15:46:54-10:00job:security_camera_frame_grab | 15:46:48  📷  a-eyes  ch3 → ch3-20261001T014648Z.jpg  (393.8 KB, 4.47s)
2026-09-30T15:46:54-10:00job:security_camera_frame_grab | 15:46:52  📷  a-eyes  ch4 → ch4-20261001T014652Z.jpg  (11.6 KB, 1.60s)
2026-09-30T15:46:54-10:00job:voice_energy_report RUN  nice -n 10 python3 "/home/rootrecord/RootRecord-Ecosystem/1 - Servers/1 - RootRecord-Pacific-Solar-Server/Media/Voice/scripts/voice_reports.py" energy_report
2026-09-30T15:47:14-10:00job:voice_energy_report | {"ok": true, "report": "energy_report", "md": "/home/rootrecord/RootRecord-Ecosystem/test-reports/Voice/energy_report_current.md", "sentences": 4, "voice": {"ok": true, "mode": "stitch", "report": "energy_report", "agent": "carly", "voice": "af_nova", "speed": 0.74, "wav": "/home/rootrecord/RootRecord-Ecosystem/2 - RootRecord-Database/Media/Audio/Voice/energy_report_current.wav", "clips_used": 0, "live_sentences": 4, "model_loaded": true, "render_s": 10.84, "sample_rate": 24000, "channels": 1, "subtype": "PCM_16", "duration_s": 21.18, "peak_dbfs": -1.5, "rms_dbfs": -20.26, "lead_silence_ms": 114, "qc": "PASS", "wall_s": 10.9, "peak_rss_mb": 1465, "rc": 0}, "deliver": {"ok": true, "sent": true, "persona": "carly", "chat": "-1004406495175", "message_id": 22, "transcript": true, "report": true, "photo": true, "plan": {"voice": true, "transcript": true, "report": true}}}
2026-09-30T15:47:14-10:00ENERGY  status=live  B2=22.0%  B1=32.1%  solar=0 W  ac=97 W  usbc=0 W  src=/home/rootrecord/RootRecord-Ecosystem/2 - RootRecord-Database/Energy  LAP=100%/Full/AC
2026-09-30T15:47:25-10:00  ✗  ecoflow_read_cycle  WAITING
2026-09-30T15:47:25-10:00job:sys_stats_cycle RUN  bash "/home/rootrecord/RootRecord-Ecosystem/1 - Servers/1 - RootRecord-Pacific-Solar-Server/System/scripts/sys-sample.sh"
2026-09-30T15:47:26-10:00job:sys_stats_cycle | SYSTEM  cpu=3%  load=1.34  mem=40%  src=sqlite
2026-09-30T15:47:26-10:00job:sys_stats_cycle | OK wrote /home/rootrecord/RootRecord-Ecosystem/2 - RootRecord-Database/System/samples/sys-20260930-154725.json
2026-09-30T15:48:02-10:00job:github_sync_all | ↑ [ecosystem] committed 4 local file(s)
2026-09-30T15:48:02-10:00job:github_sync_all | ↓ [ecosystem] fetching origin/main
2026-09-30T15:48:02-10:00job:github_sync_all | From github.com:RootRecord-Software-Solutions/RootRecord-Ecosystem
2026-09-30T15:48:02-10:00job:github_sync_all | * branch            main       -> FETCH_HEAD
2026-09-30T15:48:02-10:00job:github_sync_all | ↑ [ecosystem] local is ahead of GitHub
2026-09-30T15:48:02-10:00job:github_sync_all | To github.com:RootRecord-Software-Solutions/RootRecord-Ecosystem.git
2026-09-30T15:48:02-10:00job:github_sync_all | 8fbc757..bc3aec1  HEAD -> main
2026-09-30T15:48:02-10:00job:github_sync_all | branch 'main' set up to track 'origin/main'.
2026-09-30T15:48:02-10:00job:github_sync_all | ↑ [ecosystem] 4 files → RootRecord-Software-Solutions/RootRecord-Ecosystem (main)
2026-09-30T15:48:02-10:00job:github_sync_all | — [pacific] no local changes
2026-09-30T15:48:02-10:00job:github_sync_all | ↓ [pacific] fetching origin/main
2026-09-30T15:48:02-10:00job:github_sync_all | From github.com:RootRecord-Software-Solutions/RootRecord-Pacific-Solar-Server
2026-09-30T15:48:02-10:00job:github_sync_all | * branch            main       -> FETCH_HEAD
2026-09-30T15:48:02-10:00job:github_sync_all | — [pacific] local and GitHub already match
2026-09-30T15:48:02-10:00job:github_sync_all | — [pacific] nothing to push
2026-09-30T15:48:02-10:00job:github_sync_all | ↑ [database] committed 10 local file(s)
2026-09-30T15:48:02-10:00job:github_sync_all | ↓ [database] fetching origin/main
2026-09-30T15:48:02-10:00job:github_sync_all | From github.com:RootRecord-Software-Solutions/RootRecord-Database
2026-09-30T15:48:02-10:00job:github_sync_all | * branch              main       -> FETCH_HEAD
2026-09-30T15:48:02-10:00job:github_sync_all | ↑ [database] local is ahead of GitHub
2026-09-30T15:48:02-10:00job:github_sync_all | To github.com:RootRecord-Software-Solutions/RootRecord-Database.git
2026-09-30T15:48:02-10:00job:github_sync_all | 71469003..abc733b3  HEAD -> main
2026-09-30T15:48:02-10:00job:github_sync_all | branch 'main' set up to track 'origin/main'.
2026-09-30T15:48:02-10:00job:github_sync_all | ↑ [database] 10 files → RootRecord-Software-Solutions/RootRecord-Database (main)
2026-09-30T15:48:02-10:00job:github_sync_all | — [library] no local changes
2026-09-30T15:48:02-10:00job:github_sync_all | ↓ [library] fetching origin/main
2026-09-30T15:48:02-10:00job:github_sync_all | From github.com:RootRecord-Software-Solutions/RootRecord-Library
2026-09-30T15:48:02-10:00job:github_sync_all | * branch            main       -> FETCH_HEAD
2026-09-30T15:48:02-10:00job:github_sync_all | — [library] local and GitHub already match
2026-09-30T15:48:02-10:00job:github_sync_all | — [library] nothing to push
2026-09-30T15:48:02-10:00job:github_sync_all | — [skills] no local changes
2026-09-30T15:48:02-10:00job:github_sync_all | ↓ [skills] fetching origin/main
2026-09-30T15:48:02-10:00job:github_sync_all | From github.com:rootrecordsoftwaresolutions/Solar-Pacific-RootRecord-Server
2026-09-30T15:48:02-10:00job:github_sync_all | * branch            main       -> FETCH_HEAD
2026-09-30T15:48:02-10:00job:github_sync_all | — [skills] local and GitHub already match
2026-09-30T15:48:02-10:00job:github_sync_all | — [skills] nothing to push
2026-09-30T15:48:02-10:00job:worklog_scan RUN  bash "/home/rootrecord/RootRecord-Ecosystem/1 - Servers/1 - RootRecord-Pacific-Solar-Server/Reports/scripts/worklog_once.sh"
2026-09-30T15:48:04-10:00job:worklog_scan | OK wrote/updated /home/rootrecord/RootRecord-Ecosystem/2 - RootRecord-Database/Worklog/worklog_current.md
2026-09-30T15:48:04-10:00job:security_camera_frame_grab RUN  bash "/home/rootrecord/RootRecord-Ecosystem/1 - Servers/1 - RootRecord-Pacific-Solar-Server/Security/Cameras/grab_all.sh"
2026-09-30T15:48:19-10:00job:security_camera_frame_grab | 15:48:04  📷  a-eyes  ch1 → ch1-20261001T014804Z.jpg  (565.0 KB, 4.38s)
2026-09-30T15:48:19-10:00job:security_camera_frame_grab | 15:48:08  📷  a-eyes  ch2 → ch2-20261001T014808Z.jpg  (280.6 KB, 4.38s)
2026-09-30T15:48:19-10:00job:security_camera_frame_grab | 15:48:13  📷  a-eyes  ch3 → ch3-20261001T014813Z.jpg  (395.9 KB, 4.60s)
2026-09-30T15:48:19-10:00job:security_camera_frame_grab | 15:48:17  📷  a-eyes  ch4 → ch4-20261001T014817Z.jpg  (11.5 KB, 1.49s)
2026-09-30T15:48:19-10:00job:service_supervisor RUN  bash "/home/rootrecord/RootRecord-Ecosystem/1 - Servers/1 - RootRecord-Pacific-Solar-Server/Automations/scripts/supervise-services.sh"
2026-09-30T15:48:19-10:00job:service_supervisor | [supervisor] weather alive pid=97054 (act)
2026-09-30T15:48:19-10:00job:service_supervisor | [supervisor] relay alive pid=96403 (act)
2026-09-30T15:48:19-10:00job:geology_collect RUN  nice -n 10 python3 "/home/rootrecord/RootRecord-Ecosystem/1 - Servers/1 - RootRecord-Pacific-Solar-Server/Geology/scripts/geology_collect.py" all
2026-09-30T15:48:24-10:00job:geology_collect | {"ok": true, "at": "2026-09-30T15:48:19-10:00", "what": "all", "dry_run": false, "sources": {"hawaii": {"ok": true, "count": 11, "new": 1, "new_m2": 1, "ms": 1455}, "global": {"ok": true, "count": 36, "new": 1, "ms": 307}, "hvo_notices": {"ok": true, "count": 44, "new": 0, "ms": 915}, "hvo_status": {"ok": true, "volcanoes": 8, "kilauea": "WATCH", "mauna_loa": "NORMAL", "ms": 1737}}}
2026-09-30T15:48:24-10:00job:system_net_sample RUN  nice -n 10 python3 "/home/rootrecord/RootRecord-Ecosystem/1 - Servers/1 - RootRecord-Pacific-Solar-Server/System/scripts/host_desks.py" net-sample
2026-09-30T15:48:24-10:00job:system_net_sample | {"ok": true, "file": "/home/rootrecord/RootRecord-Ecosystem/2 - RootRecord-Database/System/network/Daily/net-20260930.jsonl", "iface": "wlo1", "hour": null, "day": null}
2026-09-30T15:48:24-10:00ENERGY  status=live  B2=22.0%  B1=32.1%  solar=0 W  ac=97 W  usbc=0 W  src=/home/rootrecord/RootRecord-Ecosystem/2 - RootRecord-Database/Energy  LAP=100%/Full/AC
2026-09-30T15:48:35-10:00  ✗  ecoflow_read_cycle  WAITING
2026-09-30T15:48:35-10:00job:sys_stats_cycle RUN  bash "/home/rootrecord/RootRecord-Ecosystem/1 - Servers/1 - RootRecord-Pacific-Solar-Server/System/scripts/sys-sample.sh"
2026-09-30T15:48:36-10:00job:sys_stats_cycle | SYSTEM  cpu=4%  load=0.56  mem=40%  src=sqlite
2026-09-30T15:48:36-10:00job:sys_stats_cycle | OK wrote /home/rootrecord/RootRecord-Ecosystem/2 - RootRecord-Database/System/samples/sys-20260930-154835.json
2026-09-30T15:49:13-10:00job:github_sync_all | ↑ [ecosystem] committed 9 local file(s)
2026-09-30T15:49:13-10:00job:github_sync_all | ↓ [ecosystem] fetching origin/main
2026-09-30T15:49:13-10:00job:github_sync_all | From github.com:RootRecord-Software-Solutions/RootRecord-Ecosystem
2026-09-30T15:49:13-10:00job:github_sync_all | * branch            main       -> FETCH_HEAD
2026-09-30T15:49:13-10:00job:github_sync_all | ↑ [ecosystem] local is ahead of GitHub
2026-09-30T15:49:13-10:00job:github_sync_all | To github.com:RootRecord-Software-Solutions/RootRecord-Ecosystem.git
2026-09-30T15:49:13-10:00job:github_sync_all | bc3aec1..abc9721  HEAD -> main
2026-09-30T15:49:13-10:00job:github_sync_all | branch 'main' set up to track 'origin/main'.
2026-09-30T15:49:13-10:00job:github_sync_all | ↑ [ecosystem] 9 files → RootRecord-Software-Solutions/RootRecord-Ecosystem (main)
2026-09-30T15:49:13-10:00job:github_sync_all | — [pacific] no local changes
2026-09-30T15:49:13-10:00job:github_sync_all | ↓ [pacific] fetching origin/main
2026-09-30T15:49:13-10:00job:github_sync_all | From github.com:RootRecord-Software-Solutions/RootRecord-Pacific-Solar-Server
2026-09-30T15:49:13-10:00job:github_sync_all | * branch            main       -> FETCH_HEAD
2026-09-30T15:49:13-10:00job:github_sync_all | — [pacific] local and GitHub already match
2026-09-30T15:49:13-10:00job:github_sync_all | — [pacific] nothing to push
2026-09-30T15:49:13-10:00job:github_sync_all | ↑ [database] committed 21 local file(s)
2026-09-30T15:49:13-10:00job:github_sync_all | ↓ [database] fetching origin/main
2026-09-30T15:49:13-10:00job:github_sync_all | From github.com:RootRecord-Software-Solutions/RootRecord-Database
2026-09-30T15:49:13-10:00job:github_sync_all | * branch              main       -> FETCH_HEAD
2026-09-30T15:49:13-10:00job:github_sync_all | ↑ [database] local is ahead of GitHub
2026-09-30T15:49:13-10:00job:github_sync_all | To github.com:RootRecord-Software-Solutions/RootRecord-Database.git
2026-09-30T15:49:13-10:00job:github_sync_all | abc733b3..bf97da6c  HEAD -> main
2026-09-30T15:49:13-10:00job:github_sync_all | branch 'main' set up to track 'origin/main'.
2026-09-30T15:49:13-10:00job:github_sync_all | ↑ [database] 21 files → RootRecord-Software-Solutions/RootRecord-Database (main)
2026-09-30T15:49:13-10:00job:github_sync_all | — [library] no local changes
2026-09-30T15:49:13-10:00job:github_sync_all | ↓ [library] fetching origin/main
2026-09-30T15:49:13-10:00job:github_sync_all | From github.com:RootRecord-Software-Solutions/RootRecord-Library
2026-09-30T15:49:13-10:00job:github_sync_all | * branch            main       -> FETCH_HEAD
2026-09-30T15:49:13-10:00job:github_sync_all | — [library] local and GitHub already match
2026-09-30T15:49:13-10:00job:github_sync_all | — [library] nothing to push
2026-09-30T15:49:13-10:00job:github_sync_all | — [skills] no local changes
2026-09-30T15:49:13-10:00job:github_sync_all | ↓ [skills] fetching origin/main
2026-09-30T15:49:13-10:00job:github_sync_all | From github.com:rootrecordsoftwaresolutions/Solar-Pacific-RootRecord-Server
2026-09-30T15:49:13-10:00job:github_sync_all | * branch            main       -> FETCH_HEAD
2026-09-30T15:49:13-10:00job:github_sync_all | — [skills] local and GitHub already match
2026-09-30T15:49:13-10:00job:github_sync_all | — [skills] nothing to push
2026-09-30T15:49:13-10:00job:security_camera_frame_grab RUN  bash "/home/rootrecord/RootRecord-Ecosystem/1 - Servers/1 - RootRecord-Pacific-Solar-Server/Security/Cameras/grab_all.sh"
2026-09-30T15:49:29-10:00job:security_camera_frame_grab | 15:49:13  📷  a-eyes  ch1 → ch1-20261001T014913Z.jpg  (439.7 KB, 4.33s)
2026-09-30T15:49:29-10:00job:security_camera_frame_grab | 15:49:18  📷  a-eyes  ch2 → ch2-20261001T014918Z.jpg  (275.5 KB, 4.39s)
2026-09-30T15:49:29-10:00job:security_camera_frame_grab | 15:49:22  📷  a-eyes  ch3 → ch3-20261001T014922Z.jpg  (389.1 KB, 4.58s)
2026-09-30T15:49:29-10:00job:security_camera_frame_grab | 15:49:27  📷  a-eyes  ch4 → ch4-20261001T014927Z.jpg  (11.6 KB, 1.70s)
2026-09-30T15:49:29-10:00ENERGY  status=live  B2=22.0%  B1=32.1%  solar=0 W  ac=97 W  usbc=0 W  src=/home/rootrecord/RootRecord-Ecosystem/2 - RootRecord-Database/Energy  LAP=100%/Full/AC
2026-09-30T15:49:44-10:00  ▸  SUMMARY=river2pro soc=30.76% solar=0W ac_out=92W usbc=14W src=ble db=ok
2026-09-30T15:49:44-10:00job:sys_stats_cycle RUN  bash "/home/rootrecord/RootRecord-Ecosystem/1 - Servers/1 - RootRecord-Pacific-Solar-Server/System/scripts/sys-sample.sh"
2026-09-30T15:49:45-10:00job:sys_stats_cycle | SYSTEM  cpu=15%  load=0.28  mem=40%  src=sqlite
2026-09-30T15:49:45-10:00job:sys_stats_cycle | OK wrote /home/rootrecord/RootRecord-Ecosystem/2 - RootRecord-Database/System/samples/sys-20260930-154944.json
2026-09-30T15:50:20-10:00job:github_sync_all | — [ecosystem] no committable local changes
2026-09-30T15:50:20-10:00job:github_sync_all | ↓ [ecosystem] fetching origin/main
2026-09-30T15:50:20-10:00job:github_sync_all | From github.com:RootRecord-Software-Solutions/RootRecord-Ecosystem
2026-09-30T15:50:20-10:00job:github_sync_all | * branch            main       -> FETCH_HEAD
2026-09-30T15:50:20-10:00job:github_sync_all | — [ecosystem] local and GitHub already match
2026-09-30T15:50:20-10:00job:github_sync_all | — [ecosystem] nothing to push
2026-09-30T15:50:20-10:00job:github_sync_all | — [pacific] no local changes
2026-09-30T15:50:20-10:00job:github_sync_all | ↓ [pacific] fetching origin/main
2026-09-30T15:50:20-10:00job:github_sync_all | From github.com:RootRecord-Software-Solutions/RootRecord-Pacific-Solar-Server
2026-09-30T15:50:20-10:00job:github_sync_all | * branch            main       -> FETCH_HEAD
2026-09-30T15:50:20-10:00job:github_sync_all | — [pacific] local and GitHub already match
2026-09-30T15:50:20-10:00job:github_sync_all | — [pacific] nothing to push
2026-09-30T15:50:20-10:00job:github_sync_all | ↑ [database] committed 12 local file(s)
2026-09-30T15:50:20-10:00job:github_sync_all | ↓ [database] fetching origin/main
2026-09-30T15:50:20-10:00job:github_sync_all | From github.com:RootRecord-Software-Solutions/RootRecord-Database
2026-09-30T15:50:20-10:00job:github_sync_all | * branch              main       -> FETCH_HEAD
2026-09-30T15:50:20-10:00job:github_sync_all | ↑ [database] local is ahead of GitHub
2026-09-30T15:50:20-10:00job:github_sync_all | To github.com:RootRecord-Software-Solutions/RootRecord-Database.git
2026-09-30T15:50:20-10:00job:github_sync_all | bf97da6c..93814357  HEAD -> main
2026-09-30T15:50:20-10:00job:github_sync_all | branch 'main' set up to track 'origin/main'.
2026-09-30T15:50:20-10:00job:github_sync_all | ↑ [database] 12 files → RootRecord-Software-Solutions/RootRecord-Database (main)
2026-09-30T15:50:20-10:00job:github_sync_all | — [library] no local changes
2026-09-30T15:50:20-10:00job:github_sync_all | ↓ [library] fetching origin/main
2026-09-30T15:50:20-10:00job:github_sync_all | From github.com:RootRecord-Software-Solutions/RootRecord-Library
2026-09-30T15:50:20-10:00job:github_sync_all | * branch            main       -> FETCH_HEAD
2026-09-30T15:50:20-10:00job:github_sync_all | — [library] local and GitHub already match
2026-09-30T15:50:20-10:00job:github_sync_all | — [library] nothing to push
2026-09-30T15:50:20-10:00job:github_sync_all | — [skills] no local changes
2026-09-30T15:50:20-10:00job:github_sync_all | ↓ [skills] fetching origin/main
2026-09-30T15:50:20-10:00job:github_sync_all | From github.com:rootrecordsoftwaresolutions/Solar-Pacific-RootRecord-Server
2026-09-30T15:50:20-10:00job:github_sync_all | * branch            main       -> FETCH_HEAD
2026-09-30T15:50:20-10:00job:github_sync_all | — [skills] local and GitHub already match
2026-09-30T15:50:20-10:00job:github_sync_all | — [skills] nothing to push
2026-09-30T15:50:20-10:00job:worklog_scan RUN  bash "/home/rootrecord/RootRecord-Ecosystem/1 - Servers/1 - RootRecord-Pacific-Solar-Server/Reports/scripts/worklog_once.sh"
2026-09-30T15:50:22-10:00job:worklog_scan | OK wrote/updated /home/rootrecord/RootRecord-Ecosystem/2 - RootRecord-Database/Worklog/worklog_current.md
2026-09-30T15:50:22-10:00job:security_camera_frame_grab RUN  bash "/home/rootrecord/RootRecord-Ecosystem/1 - Servers/1 - RootRecord-Pacific-Solar-Server/Security/Cameras/grab_all.sh"
2026-09-30T15:50:37-10:00job:security_camera_frame_grab | 15:50:22  📷  a-eyes  ch1 → ch1-20261001T015022Z.jpg  (464.1 KB, 4.33s)
2026-09-30T15:50:37-10:00job:security_camera_frame_grab | 15:50:26  📷  a-eyes  ch2 → ch2-20261001T015026Z.jpg  (267.0 KB, 4.48s)
2026-09-30T15:50:37-10:00job:security_camera_frame_grab | 15:50:31  📷  a-eyes  ch3 → ch3-20261001T015031Z.jpg  (386.8 KB, 4.38s)
2026-09-30T15:50:37-10:00job:security_camera_frame_grab | 15:50:35  📷  a-eyes  ch4 → ch4-20261001T015035Z.jpg  (11.6 KB, 1.60s)
2026-09-30T15:50:37-10:00ENERGY  status=live  B2=22.0%  B1=30.8%  solar=0 W  ac=92 W  usbc=0 W  src=/home/rootrecord/RootRecord-Ecosystem/2 - RootRecord-Database/Energy  LAP=100%/Full/AC
2026-09-30T15:50:52-10:00  ▸  SUMMARY=river2pro soc=30.42% solar=0W ac_out=91W usbc=14W src=ble db=ok
2026-09-30T15:50:52-10:00job:sys_stats_cycle RUN  bash "/home/rootrecord/RootRecord-Ecosystem/1 - Servers/1 - RootRecord-Pacific-Solar-Server/System/scripts/sys-sample.sh"
2026-09-30T15:50:53-10:00job:sys_stats_cycle | SYSTEM  cpu=1%  load=0.26  mem=40%  src=sqlite
2026-09-30T15:50:53-10:00job:sys_stats_cycle | OK wrote /home/rootrecord/RootRecord-Ecosystem/2 - RootRecord-Database/System/samples/sys-20260930-155053.json
2026-09-30T15:51:28-10:00job:github_sync_all | — [ecosystem] no committable local changes
2026-09-30T15:51:28-10:00job:github_sync_all | ↓ [ecosystem] fetching origin/main
2026-09-30T15:51:28-10:00job:github_sync_all | From github.com:RootRecord-Software-Solutions/RootRecord-Ecosystem
2026-09-30T15:51:28-10:00job:github_sync_all | * branch            main       -> FETCH_HEAD
2026-09-30T15:51:28-10:00job:github_sync_all | — [ecosystem] local and GitHub already match
2026-09-30T15:51:28-10:00job:github_sync_all | — [ecosystem] nothing to push
2026-09-30T15:51:28-10:00job:github_sync_all | — [pacific] no local changes
2026-09-30T15:51:28-10:00job:github_sync_all | ↓ [pacific] fetching origin/main
2026-09-30T15:51:28-10:00job:github_sync_all | From github.com:RootRecord-Software-Solutions/RootRecord-Pacific-Solar-Server
2026-09-30T15:51:28-10:00job:github_sync_all | * branch            main       -> FETCH_HEAD
2026-09-30T15:51:28-10:00job:github_sync_all | — [pacific] local and GitHub already match
2026-09-30T15:51:28-10:00job:github_sync_all | — [pacific] nothing to push
2026-09-30T15:51:28-10:00job:github_sync_all | ↑ [database] committed 16 local file(s)
2026-09-30T15:51:28-10:00job:github_sync_all | ↓ [database] fetching origin/main
2026-09-30T15:51:28-10:00job:github_sync_all | From github.com:RootRecord-Software-Solutions/RootRecord-Database
2026-09-30T15:51:28-10:00job:github_sync_all | * branch              main       -> FETCH_HEAD
2026-09-30T15:51:28-10:00job:github_sync_all | ↑ [database] local is ahead of GitHub
2026-09-30T15:51:28-10:00job:github_sync_all | To github.com:RootRecord-Software-Solutions/RootRecord-Database.git
2026-09-30T15:51:28-10:00job:github_sync_all | 93814357..3a443888  HEAD -> main
2026-09-30T15:51:28-10:00job:github_sync_all | branch 'main' set up to track 'origin/main'.
2026-09-30T15:51:28-10:00job:github_sync_all | ↑ [database] 16 files → RootRecord-Software-Solutions/RootRecord-Database (main)
2026-09-30T15:51:28-10:00job:github_sync_all | — [library] no local changes
2026-09-30T15:51:28-10:00job:github_sync_all | ↓ [library] fetching origin/main
2026-09-30T15:51:28-10:00job:github_sync_all | From github.com:RootRecord-Software-Solutions/RootRecord-Library
2026-09-30T15:51:28-10:00job:github_sync_all | * branch            main       -> FETCH_HEAD
2026-09-30T15:51:28-10:00job:github_sync_all | — [library] local and GitHub already match
2026-09-30T15:51:28-10:00job:github_sync_all | — [library] nothing to push
2026-09-30T15:51:28-10:00job:github_sync_all | — [skills] no local changes
2026-09-30T15:51:28-10:00job:github_sync_all | ↓ [skills] fetching origin/main
2026-09-30T15:51:28-10:00job:github_sync_all | From github.com:rootrecordsoftwaresolutions/Solar-Pacific-RootRecord-Server
2026-09-30T15:51:28-10:00job:github_sync_all | * branch            main       -> FETCH_HEAD
2026-09-30T15:51:28-10:00job:github_sync_all | — [skills] local and GitHub already match
2026-09-30T15:51:28-10:00job:github_sync_all | — [skills] nothing to push
2026-09-30T15:51:28-10:00job:security_camera_frame_grab RUN  bash "/home/rootrecord/RootRecord-Ecosystem/1 - Servers/1 - RootRecord-Pacific-Solar-Server/Security/Cameras/grab_all.sh"
2026-09-30T15:51:40-10:00job:security_camera_frame_grab | 15:51:28  📷  a-eyes  ch1 → ch1-20261001T015128Z.jpg  (11.5 KB, 1.72s)
2026-09-30T15:51:40-10:00job:security_camera_frame_grab | 15:51:30  📷  a-eyes  ch2 → ch2-20261001T015130Z.jpg  (259.1 KB, 4.48s)
2026-09-30T15:51:40-10:00job:security_camera_frame_grab | 15:51:34  📷  a-eyes  ch3 → ch3-20261001T015134Z.jpg  (382.6 KB, 4.48s)
2026-09-30T15:51:40-10:00job:security_camera_frame_grab | 15:51:39  📷  a-eyes  ch4 → ch4-20261001T015139Z.jpg  (11.5 KB, 1.60s)
2026-09-30T15:51:41-10:00ENERGY  status=live  B2=22.0%  B1=30.4%  solar=0 W  ac=91 W  usbc=0 W  src=/home/rootrecord/RootRecord-Ecosystem/2 - RootRecord-Database/Energy  LAP=100%/Full/AC
2026-09-30T15:51:51-10:00  ✗  ecoflow_read_cycle  WAITING
2026-09-30T15:51:51-10:00job:sys_stats_cycle RUN  bash "/home/rootrecord/RootRecord-Ecosystem/1 - Servers/1 - RootRecord-Pacific-Solar-Server/System/scripts/sys-sample.sh"
2026-09-30T15:51:52-10:00job:sys_stats_cycle | SYSTEM  cpu=1%  load=0.19  mem=40%  src=sqlite
2026-09-30T15:51:52-10:00job:sys_stats_cycle | OK wrote /home/rootrecord/RootRecord-Ecosystem/2 - RootRecord-Database/System/samples/sys-20260930-155151.json
2026-09-30T15:52:25-10:00job:github_sync_all | — [ecosystem] no committable local changes
2026-09-30T15:52:25-10:00job:github_sync_all | ↓ [ecosystem] fetching origin/main
2026-09-30T15:52:25-10:00job:github_sync_all | From github.com:RootRecord-Software-Solutions/RootRecord-Ecosystem
2026-09-30T15:52:25-10:00job:github_sync_all | * branch            main       -> FETCH_HEAD
2026-09-30T15:52:25-10:00job:github_sync_all | — [ecosystem] local and GitHub already match
2026-09-30T15:52:25-10:00job:github_sync_all | — [ecosystem] nothing to push
2026-09-30T15:52:25-10:00job:github_sync_all | — [pacific] no local changes
2026-09-30T15:52:25-10:00job:github_sync_all | ↓ [pacific] fetching origin/main
2026-09-30T15:52:25-10:00job:github_sync_all | From github.com:RootRecord-Software-Solutions/RootRecord-Pacific-Solar-Server
2026-09-30T15:52:25-10:00job:github_sync_all | * branch            main       -> FETCH_HEAD
2026-09-30T15:52:25-10:00job:github_sync_all | — [pacific] local and GitHub already match
2026-09-30T15:52:25-10:00job:github_sync_all | — [pacific] nothing to push
2026-09-30T15:52:25-10:00job:github_sync_all | ↑ [database] committed 9 local file(s)
2026-09-30T15:52:25-10:00job:github_sync_all | ↓ [database] fetching origin/main
2026-09-30T15:52:25-10:00job:github_sync_all | From github.com:RootRecord-Software-Solutions/RootRecord-Database
2026-09-30T15:52:25-10:00job:github_sync_all | * branch              main       -> FETCH_HEAD
2026-09-30T15:52:25-10:00job:github_sync_all | ↑ [database] local is ahead of GitHub
2026-09-30T15:52:25-10:00job:github_sync_all | To github.com:RootRecord-Software-Solutions/RootRecord-Database.git
2026-09-30T15:52:25-10:00job:github_sync_all | 3a443888..2fd9a50e  HEAD -> main
2026-09-30T15:52:25-10:00job:github_sync_all | branch 'main' set up to track 'origin/main'.
2026-09-30T15:52:25-10:00job:github_sync_all | ↑ [database] 9 files → RootRecord-Software-Solutions/RootRecord-Database (main)
2026-09-30T15:52:25-10:00job:github_sync_all | — [library] no local changes
2026-09-30T15:52:25-10:00job:github_sync_all | ↓ [library] fetching origin/main
2026-09-30T15:52:25-10:00job:github_sync_all | From github.com:RootRecord-Software-Solutions/RootRecord-Library
2026-09-30T15:52:25-10:00job:github_sync_all | * branch            main       -> FETCH_HEAD
2026-09-30T15:52:25-10:00job:github_sync_all | — [library] local and GitHub already match
2026-09-30T15:52:25-10:00job:github_sync_all | — [library] nothing to push
2026-09-30T15:52:25-10:00job:github_sync_all | — [skills] no local changes
2026-09-30T15:52:25-10:00job:github_sync_all | ↓ [skills] fetching origin/main
2026-09-30T15:52:25-10:00job:github_sync_all | From github.com:rootrecordsoftwaresolutions/Solar-Pacific-RootRecord-Server
2026-09-30T15:52:25-10:00job:github_sync_all | * branch            main       -> FETCH_HEAD
2026-09-30T15:52:25-10:00job:github_sync_all | — [skills] local and GitHub already match
2026-09-30T15:52:25-10:00job:github_sync_all | — [skills] nothing to push
2026-09-30T15:52:25-10:00job:worklog_scan RUN  bash "/home/rootrecord/RootRecord-Ecosystem/1 - Servers/1 - RootRecord-Pacific-Solar-Server/Reports/scripts/worklog_once.sh"
2026-09-30T15:52:34-10:00job:worklog_scan | OK wrote/updated /home/rootrecord/RootRecord-Ecosystem/2 - RootRecord-Database/Worklog/worklog_current.md
2026-09-30T15:52:34-10:00job:security_camera_frame_grab RUN  bash "/home/rootrecord/RootRecord-Ecosystem/1 - Servers/1 - RootRecord-Pacific-Solar-Server/Security/Cameras/grab_all.sh"
2026-09-30T15:52:46-10:00job:security_camera_frame_grab | 15:52:34  📷  a-eyes  ch1 → ch1-20261001T015234Z.jpg  (11.6 KB, 1.55s)
2026-09-30T15:52:46-10:00job:security_camera_frame_grab | 15:52:35  📷  a-eyes  ch2 → ch2-20261001T015235Z.jpg  (258.3 KB, 4.55s)
2026-09-30T15:52:46-10:00job:security_camera_frame_grab | 15:52:40  📷  a-eyes  ch3 → ch3-20261001T015240Z.jpg  (389.0 KB, 4.55s)
2026-09-30T15:52:46-10:00job:security_camera_frame_grab | 15:52:45  📷  a-eyes  ch4 → ch4-20261001T015245Z.jpg  (11.6 KB, 1.85s)
2026-09-30T15:52:47-10:00ENERGY  status=live  B2=22.0%  B1=30.4%  solar=0 W  ac=91 W  usbc=0 W  src=/home/rootrecord/RootRecord-Ecosystem/2 - RootRecord-Database/Energy  LAP=100%/Full/AC
2026-09-30T15:53:02-10:00  ▸  SUMMARY=river2pro soc=29.78% solar=0W ac_out=111W usbc=17W src=ble db=ok
2026-09-30T15:53:02-10:00job:sys_stats_cycle RUN  bash "/home/rootrecord/RootRecord-Ecosystem/1 - Servers/1 - RootRecord-Pacific-Solar-Server/System/scripts/sys-sample.sh"
2026-09-30T15:53:03-10:00job:sys_stats_cycle | SYSTEM  cpu=3%  load=0.42  mem=40%  src=sqlite
2026-09-30T15:53:03-10:00job:sys_stats_cycle | OK wrote /home/rootrecord/RootRecord-Ecosystem/2 - RootRecord-Database/System/samples/sys-20260930-155302.json
2026-09-30T15:53:37-10:00job:github_sync_all | — [ecosystem] no committable local changes
2026-09-30T15:53:37-10:00job:github_sync_all | ↓ [ecosystem] fetching origin/main
2026-09-30T15:53:37-10:00job:github_sync_all | From github.com:RootRecord-Software-Solutions/RootRecord-Ecosystem
2026-09-30T15:53:37-10:00job:github_sync_all | * branch            main       -> FETCH_HEAD
2026-09-30T15:53:37-10:00job:github_sync_all | — [ecosystem] local and GitHub already match
2026-09-30T15:53:37-10:00job:github_sync_all | — [ecosystem] nothing to push
2026-09-30T15:53:37-10:00job:github_sync_all | — [pacific] no local changes
2026-09-30T15:53:37-10:00job:github_sync_all | ↓ [pacific] fetching origin/main
2026-09-30T15:53:37-10:00job:github_sync_all | From github.com:RootRecord-Software-Solutions/RootRecord-Pacific-Solar-Server
2026-09-30T15:53:37-10:00job:github_sync_all | * branch            main       -> FETCH_HEAD
2026-09-30T15:53:37-10:00job:github_sync_all | — [pacific] local and GitHub already match
2026-09-30T15:53:37-10:00job:github_sync_all | — [pacific] nothing to push
2026-09-30T15:53:37-10:00job:github_sync_all | ↑ [database] committed 15 local file(s)
2026-09-30T15:53:37-10:00job:github_sync_all | ↓ [database] fetching origin/main
2026-09-30T15:53:37-10:00job:github_sync_all | From github.com:RootRecord-Software-Solutions/RootRecord-Database
2026-09-30T15:53:37-10:00job:github_sync_all | * branch              main       -> FETCH_HEAD
2026-09-30T15:53:37-10:00job:github_sync_all | ↑ [database] local is ahead of GitHub
2026-09-30T15:53:37-10:00job:github_sync_all | To github.com:RootRecord-Software-Solutions/RootRecord-Database.git
2026-09-30T15:53:37-10:00job:github_sync_all | 2fd9a50e..8e5c818c  HEAD -> main
2026-09-30T15:53:37-10:00job:github_sync_all | branch 'main' set up to track 'origin/main'.
2026-09-30T15:53:37-10:00job:github_sync_all | ↑ [database] 15 files → RootRecord-Software-Solutions/RootRecord-Database (main)
2026-09-30T15:53:37-10:00job:github_sync_all | — [library] no local changes
2026-09-30T15:53:37-10:00job:github_sync_all | ↓ [library] fetching origin/main
2026-09-30T15:53:37-10:00job:github_sync_all | From github.com:RootRecord-Software-Solutions/RootRecord-Library
2026-09-30T15:53:37-10:00job:github_sync_all | * branch            main       -> FETCH_HEAD
2026-09-30T15:53:37-10:00job:github_sync_all | — [library] local and GitHub already match
2026-09-30T15:53:37-10:00job:github_sync_all | — [library] nothing to push
2026-09-30T15:53:37-10:00job:github_sync_all | — [skills] no local changes
2026-09-30T15:53:37-10:00job:github_sync_all | ↓ [skills] fetching origin/main
2026-09-30T15:53:37-10:00job:github_sync_all | From github.com:rootrecordsoftwaresolutions/Solar-Pacific-RootRecord-Server
2026-09-30T15:53:37-10:00job:github_sync_all | * branch            main       -> FETCH_HEAD
2026-09-30T15:53:37-10:00job:github_sync_all | — [skills] local and GitHub already match
2026-09-30T15:53:37-10:00job:github_sync_all | — [skills] nothing to push
2026-09-30T15:53:37-10:00job:security_camera_frame_grab RUN  bash "/home/rootrecord/RootRecord-Ecosystem/1 - Servers/1 - RootRecord-Pacific-Solar-Server/Security/Cameras/grab_all.sh"
2026-09-30T15:53:50-10:00job:security_camera_frame_grab | 15:53:37  📷  a-eyes  ch1 → ch1-20261001T015337Z.jpg  (11.7 KB, 1.58s)
2026-09-30T15:53:50-10:00job:security_camera_frame_grab | 15:53:39  📷  a-eyes  ch2 → ch2-20261001T015339Z.jpg  (261.0 KB, 4.48s)
2026-09-30T15:53:50-10:00job:security_camera_frame_grab | 15:53:43  📷  a-eyes  ch3 → ch3-20261001T015343Z.jpg  (393.1 KB, 4.39s)
2026-09-30T15:53:50-10:00job:security_camera_frame_grab | 15:53:48  📷  a-eyes  ch4 → ch4-20261001T015348Z.jpg  (11.7 KB, 1.68s)
2026-09-30T15:53:50-10:00job:service_supervisor RUN  bash "/home/rootrecord/RootRecord-Ecosystem/1 - Servers/1 - RootRecord-Pacific-Solar-Server/Automations/scripts/supervise-services.sh"
2026-09-30T15:53:50-10:00job:service_supervisor | [supervisor] weather alive pid=97054 (act)
2026-09-30T15:53:50-10:00job:service_supervisor | [supervisor] relay alive pid=96403 (act)
2026-09-30T15:53:50-10:00job:geology_collect RUN  nice -n 10 python3 "/home/rootrecord/RootRecord-Ecosystem/1 - Servers/1 - RootRecord-Pacific-Solar-Server/Geology/scripts/geology_collect.py" all
2026-09-30T15:53:56-10:00job:geology_collect | {"ok": true, "at": "2026-09-30T15:53:50-10:00", "what": "all", "dry_run": false, "sources": {"hawaii": {"ok": true, "count": 11, "new": 0, "new_m2": 0, "ms": 449}, "global": {"ok": true, "count": 37, "new": 1, "ms": 297}, "hvo_notices": {"ok": true, "count": 44, "new": 0, "ms": 2961}, "hvo_status": {"ok": true, "volcanoes": 8, "kilauea": "WATCH", "mauna_loa": "NORMAL", "ms": 2661}}}
2026-09-30T15:53:56-10:00job:system_net_sample RUN  nice -n 10 python3 "/home/rootrecord/RootRecord-Ecosystem/1 - Servers/1 - RootRecord-Pacific-Solar-Server/System/scripts/host_desks.py" net-sample
2026-09-30T15:53:56-10:00job:system_net_sample | {"ok": true, "file": "/home/rootrecord/RootRecord-Ecosystem/2 - RootRecord-Database/System/network/Daily/net-20260930.jsonl", "iface": "wlo1", "hour": null, "day": null}
2026-09-30T15:53:56-10:00job:voice_nws_weather RUN  nice -n 10 python3 "/home/rootrecord/RootRecord-Ecosystem/1 - Servers/1 - RootRecord-Pacific-Solar-Server/Media/Voice/scripts/voice_reports.py" nws_weather
2026-09-30T15:54:13-10:00job:voice_nws_weather | {"ok": true, "report": "nws_weather", "md": "/home/rootrecord/RootRecord-Ecosystem/test-reports/Voice/nws_weather_current.md", "sentences": 4, "voice": {"ok": true, "mode": "stitch", "report": "nws_weather", "agent": "ava", "voice": "af_heart", "speed": 0.82, "wav": "/home/rootrecord/RootRecord-Ecosystem/2 - RootRecord-Database/Media/Audio/Voice/nws_weather_current.wav", "clips_used": 0, "live_sentences": 7, "model_loaded": true, "render_s": 11.16, "sample_rate": 24000, "channels": 1, "subtype": "PCM_16", "duration_s": 19.579, "peak_dbfs": -1.5, "rms_dbfs": -20.14, "lead_silence_ms": 114, "qc": "PASS", "wall_s": 11.22, "peak_rss_mb": 1461, "rc": 0}, "deliver": {"ok": true, "sent": true, "persona": "ava", "chat": "-1004406495175", "message_id": 26, "transcript": true, "report": true, "photo": false, "plan": {"voice": true, "transcript": true, "report": true}}}
2026-09-30T15:54:13-10:00ENERGY  status=live  B2=22.0%  B1=29.8%  solar=0 W  ac=111 W  usbc=0 W  src=/home/rootrecord/RootRecord-Ecosystem/2 - RootRecord-Database/Energy  LAP=100%/Full/AC
2026-09-30T15:54:24-10:00  ✗  ecoflow_read_cycle  WAITING
2026-09-30T15:54:24-10:00job:sys_stats_cycle RUN  bash "/home/rootrecord/RootRecord-Ecosystem/1 - Servers/1 - RootRecord-Pacific-Solar-Server/System/scripts/sys-sample.sh"
2026-09-30T15:54:25-10:00job:sys_stats_cycle | SYSTEM  cpu=5%  load=1.01  mem=40%  src=sqlite
2026-09-30T15:54:25-10:00job:sys_stats_cycle | OK wrote /home/rootrecord/RootRecord-Ecosystem/2 - RootRecord-Database/System/samples/sys-20260930-155424.json
2026-09-30T15:55:00-10:00job:github_sync_all | ↑ [ecosystem] committed 13 local file(s)
2026-09-30T15:55:00-10:00job:github_sync_all | ↓ [ecosystem] fetching origin/main
2026-09-30T15:55:00-10:00job:github_sync_all | From github.com:RootRecord-Software-Solutions/RootRecord-Ecosystem
2026-09-30T15:55:00-10:00job:github_sync_all | * branch            main       -> FETCH_HEAD
2026-09-30T15:55:00-10:00job:github_sync_all | ↑ [ecosystem] local is ahead of GitHub
2026-09-30T15:55:00-10:00job:github_sync_all | To github.com:RootRecord-Software-Solutions/RootRecord-Ecosystem.git
2026-09-30T15:55:00-10:00job:github_sync_all | abc9721..ce0c0fa  HEAD -> main
2026-09-30T15:55:00-10:00job:github_sync_all | branch 'main' set up to track 'origin/main'.
2026-09-30T15:55:00-10:00job:github_sync_all | ↑ [ecosystem] 13 files → RootRecord-Software-Solutions/RootRecord-Ecosystem (main)
2026-09-30T15:55:00-10:00job:github_sync_all | — [pacific] no local changes
2026-09-30T15:55:00-10:00job:github_sync_all | ↓ [pacific] fetching origin/main
2026-09-30T15:55:00-10:00job:github_sync_all | From github.com:RootRecord-Software-Solutions/RootRecord-Pacific-Solar-Server
2026-09-30T15:55:00-10:00job:github_sync_all | * branch            main       -> FETCH_HEAD
2026-09-30T15:55:00-10:00job:github_sync_all | — [pacific] local and GitHub already match
2026-09-30T15:55:00-10:00job:github_sync_all | — [pacific] nothing to push
2026-09-30T15:55:00-10:00job:github_sync_all | ↑ [database] committed 18 local file(s)
2026-09-30T15:55:00-10:00job:github_sync_all | ↓ [database] fetching origin/main
2026-09-30T15:55:00-10:00job:github_sync_all | From github.com:RootRecord-Software-Solutions/RootRecord-Database
2026-09-30T15:55:00-10:00job:github_sync_all | * branch              main       -> FETCH_HEAD
2026-09-30T15:55:00-10:00job:github_sync_all | ↑ [database] local is ahead of GitHub
2026-09-30T15:55:00-10:00job:github_sync_all | To github.com:RootRecord-Software-Solutions/RootRecord-Database.git
2026-09-30T15:55:00-10:00job:github_sync_all | 8e5c818c..0d234e30  HEAD -> main
2026-09-30T15:55:00-10:00job:github_sync_all | branch 'main' set up to track 'origin/main'.
2026-09-30T15:55:00-10:00job:github_sync_all | ↑ [database] 18 files → RootRecord-Software-Solutions/RootRecord-Database (main)
2026-09-30T15:55:00-10:00job:github_sync_all | — [library] no local changes
2026-09-30T15:55:00-10:00job:github_sync_all | ↓ [library] fetching origin/main
2026-09-30T15:55:00-10:00job:github_sync_all | From github.com:RootRecord-Software-Solutions/RootRecord-Library
2026-09-30T15:55:00-10:00job:github_sync_all | * branch            main       -> FETCH_HEAD
2026-09-30T15:55:00-10:00job:github_sync_all | — [library] local and GitHub already match
2026-09-30T15:55:00-10:00job:github_sync_all | — [library] nothing to push
2026-09-30T15:55:00-10:00job:github_sync_all | — [skills] no local changes
2026-09-30T15:55:00-10:00job:github_sync_all | ↓ [skills] fetching origin/main
2026-09-30T15:55:00-10:00job:github_sync_all | From github.com:rootrecordsoftwaresolutions/Solar-Pacific-RootRecord-Server
2026-09-30T15:55:00-10:00job:github_sync_all | * branch            main       -> FETCH_HEAD
2026-09-30T15:55:00-10:00job:github_sync_all | — [skills] local and GitHub already match
2026-09-30T15:55:00-10:00job:github_sync_all | — [skills] nothing to push
2026-09-30T15:55:00-10:00job:worklog_scan RUN  bash "/home/rootrecord/RootRecord-Ecosystem/1 - Servers/1 - RootRecord-Pacific-Solar-Server/Reports/scripts/worklog_once.sh"
2026-09-30T15:55:06-10:00job:worklog_scan | OK wrote/updated /home/rootrecord/RootRecord-Ecosystem/2 - RootRecord-Database/Worklog/worklog_current.md
2026-09-30T15:55:06-10:00job:security_camera_frame_grab RUN  bash "/home/rootrecord/RootRecord-Ecosystem/1 - Servers/1 - RootRecord-Pacific-Solar-Server/Security/Cameras/grab_all.sh"
2026-09-30T15:55:21-10:00job:security_camera_frame_grab | 15:55:06  📷  a-eyes  ch1 → ch1-20261001T015506Z.jpg  (11.7 KB, 1.75s)
2026-09-30T15:55:21-10:00job:security_camera_frame_grab | 15:55:08  📷  a-eyes  ch2 → ch2-20261001T015508Z.jpg  (277.6 KB, 4.51s)
2026-09-30T15:55:21-10:00job:security_camera_frame_grab | 15:55:12  📷  a-eyes  ch3 → ch3-20261001T015512Z.jpg  (405.1 KB, 4.55s)
2026-09-30T15:55:21-10:00job:security_camera_frame_grab | 15:55:17  📷  a-eyes  ch4 → ch4-20261001T015517Z.jpg  (130.4 KB, 4.39s)
2026-09-30T15:55:22-10:00ENERGY  status=live  B2=22.0%  B1=29.8%  solar=0 W  ac=111 W  usbc=0 W  src=/home/rootrecord/RootRecord-Ecosystem/2 - RootRecord-Database/Energy  LAP=100%/Full/AC
2026-09-30T15:55:32-10:00  ✗  ecoflow_read_cycle  WAITING
2026-09-30T15:55:32-10:00job:sys_stats_cycle RUN  bash "/home/rootrecord/RootRecord-Ecosystem/1 - Servers/1 - RootRecord-Pacific-Solar-Server/System/scripts/sys-sample.sh"
2026-09-30T15:55:33-10:00job:sys_stats_cycle | SYSTEM  cpu=5%  load=0.71  mem=40%  src=sqlite
2026-09-30T15:55:33-10:00job:sys_stats_cycle | OK wrote /home/rootrecord/RootRecord-Ecosystem/2 - RootRecord-Database/System/samples/sys-20260930-155533.json
2026-09-30T15:56:15-10:00job:github_sync_all | ↑ [ecosystem] committed 3 local file(s)
2026-09-30T15:56:15-10:00job:github_sync_all | ↓ [ecosystem] fetching origin/main
2026-09-30T15:56:15-10:00job:github_sync_all | From github.com:RootRecord-Software-Solutions/RootRecord-Ecosystem
2026-09-30T15:56:15-10:00job:github_sync_all | * branch            main       -> FETCH_HEAD
2026-09-30T15:56:15-10:00job:github_sync_all | ↑ [ecosystem] local is ahead of GitHub
2026-09-30T15:56:15-10:00job:github_sync_all | To github.com:RootRecord-Software-Solutions/RootRecord-Ecosystem.git
2026-09-30T15:56:15-10:00job:github_sync_all | ce0c0fa..58da07e  HEAD -> main
2026-09-30T15:56:15-10:00job:github_sync_all | branch 'main' set up to track 'origin/main'.
2026-09-30T15:56:15-10:00job:github_sync_all | ↑ [ecosystem] 3 files → RootRecord-Software-Solutions/RootRecord-Ecosystem (main)
2026-09-30T15:56:15-10:00job:github_sync_all | ↑ [pacific] committed 3 local file(s)
2026-09-30T15:56:15-10:00job:github_sync_all | ↓ [pacific] fetching origin/main
2026-09-30T15:56:15-10:00job:github_sync_all | From github.com:RootRecord-Software-Solutions/RootRecord-Pacific-Solar-Server
2026-09-30T15:56:15-10:00job:github_sync_all | * branch            main       -> FETCH_HEAD
2026-09-30T15:56:15-10:00job:github_sync_all | ↑ [pacific] local is ahead of GitHub
2026-09-30T15:56:15-10:00job:github_sync_all | To github.com:RootRecord-Software-Solutions/RootRecord-Pacific-Solar-Server.git
2026-09-30T15:56:15-10:00job:github_sync_all | 3749047..9bdd029  HEAD -> main
2026-09-30T15:56:15-10:00job:github_sync_all | branch 'main' set up to track 'origin/main'.
2026-09-30T15:56:15-10:00job:github_sync_all | ↑ [pacific] 3 files → RootRecord-Software-Solutions/RootRecord-Pacific-Solar-Server (main)
2026-09-30T15:56:15-10:00job:github_sync_all | ↑ [database] committed 14 local file(s)
2026-09-30T15:56:15-10:00job:github_sync_all | ↓ [database] fetching origin/main
2026-09-30T15:56:15-10:00job:github_sync_all | From github.com:RootRecord-Software-Solutions/RootRecord-Database
2026-09-30T15:56:15-10:00job:github_sync_all | * branch              main       -> FETCH_HEAD
2026-09-30T15:56:15-10:00job:github_sync_all | ↑ [database] local is ahead of GitHub
2026-09-30T15:56:15-10:00job:github_sync_all | To github.com:RootRecord-Software-Solutions/RootRecord-Database.git
2026-09-30T15:56:15-10:00job:github_sync_all | 0d234e30..c3575066  HEAD -> main
2026-09-30T15:56:15-10:00job:github_sync_all | branch 'main' set up to track 'origin/main'.
2026-09-30T15:56:15-10:00job:github_sync_all | ↑ [database] 14 files → RootRecord-Software-Solutions/RootRecord-Database (main)
2026-09-30T15:56:15-10:00job:github_sync_all | — [library] no local changes
2026-09-30T15:56:15-10:00job:github_sync_all | ↓ [library] fetching origin/main
2026-09-30T15:56:15-10:00job:github_sync_all | From github.com:RootRecord-Software-Solutions/RootRecord-Library
2026-09-30T15:56:15-10:00job:github_sync_all | * branch            main       -> FETCH_HEAD
2026-09-30T15:56:15-10:00job:github_sync_all | — [library] local and GitHub already match
2026-09-30T15:56:15-10:00job:github_sync_all | — [library] nothing to push
2026-09-30T15:56:15-10:00job:github_sync_all | — [skills] no local changes
2026-09-30T15:56:15-10:00job:github_sync_all | ↓ [skills] fetching origin/main
2026-09-30T15:56:15-10:00job:github_sync_all | From github.com:rootrecordsoftwaresolutions/Solar-Pacific-RootRecord-Server
2026-09-30T15:56:15-10:00job:github_sync_all | * branch            main       -> FETCH_HEAD
2026-09-30T15:56:15-10:00job:github_sync_all | — [skills] local and GitHub already match
2026-09-30T15:56:15-10:00job:github_sync_all | — [skills] nothing to push
2026-09-30T15:56:15-10:00job:security_camera_frame_grab RUN  bash "/home/rootrecord/RootRecord-Ecosystem/1 - Servers/1 - RootRecord-Pacific-Solar-Server/Security/Cameras/grab_all.sh"
2026-09-30T15:56:30-10:00job:security_camera_frame_grab | 15:56:15  📷  a-eyes  ch1 → ch1-20261001T015615Z.jpg  (11.7 KB, 1.59s)
2026-09-30T15:56:30-10:00job:security_camera_frame_grab | 15:56:17  📷  a-eyes  ch2 → ch2-20261001T015617Z.jpg  (274.4 KB, 4.42s)
2026-09-30T15:56:30-10:00job:security_camera_frame_grab | 15:56:21  📷  a-eyes  ch3 → ch3-20261001T015621Z.jpg  (402.8 KB, 4.56s)
2026-09-30T15:56:30-10:00job:security_camera_frame_grab | 15:56:26  📷  a-eyes  ch4 → ch4-20261001T015626Z.jpg  (131.1 KB, 4.48s)
2026-09-30T15:56:31-10:00ENERGY  status=live  B2=22.0%  B1=29.8%  solar=0 W  ac=111 W  usbc=0 W  src=/home/rootrecord/RootRecord-Ecosystem/2 - RootRecord-Database/Energy  LAP=100%/Full/AC
2026-09-30T15:56:41-10:00  ✗  ecoflow_read_cycle  WAITING
2026-09-30T15:56:41-10:00job:sys_stats_cycle RUN  bash "/home/rootrecord/RootRecord-Ecosystem/1 - Servers/1 - RootRecord-Pacific-Solar-Server/System/scripts/sys-sample.sh"
2026-09-30T15:56:42-10:00job:sys_stats_cycle | SYSTEM  cpu=5%  load=0.60  mem=40%  src=sqlite
2026-09-30T15:56:42-10:00job:sys_stats_cycle | OK wrote /home/rootrecord/RootRecord-Ecosystem/2 - RootRecord-Database/System/samples/sys-20260930-155642.json
2026-09-30T15:57:17-10:00job:github_sync_all | — [ecosystem] no committable local changes
2026-09-30T15:57:17-10:00job:github_sync_all | ↓ [ecosystem] fetching origin/main
2026-09-30T15:57:17-10:00job:github_sync_all | From github.com:RootRecord-Software-Solutions/RootRecord-Ecosystem
2026-09-30T15:57:17-10:00job:github_sync_all | * branch            main       -> FETCH_HEAD
2026-09-30T15:57:17-10:00job:github_sync_all | — [ecosystem] local and GitHub already match
2026-09-30T15:57:17-10:00job:github_sync_all | — [ecosystem] nothing to push
2026-09-30T15:57:17-10:00job:github_sync_all | — [pacific] no local changes
2026-09-30T15:57:17-10:00job:github_sync_all | ↓ [pacific] fetching origin/main
2026-09-30T15:57:17-10:00job:github_sync_all | From github.com:RootRecord-Software-Solutions/RootRecord-Pacific-Solar-Server
2026-09-30T15:57:17-10:00job:github_sync_all | * branch            main       -> FETCH_HEAD
2026-09-30T15:57:17-10:00job:github_sync_all | — [pacific] local and GitHub already match
2026-09-30T15:57:17-10:00job:github_sync_all | — [pacific] nothing to push
2026-09-30T15:57:17-10:00job:github_sync_all | ↑ [database] committed 9 local file(s)
2026-09-30T15:57:17-10:00job:github_sync_all | ↓ [database] fetching origin/main
2026-09-30T15:57:17-10:00job:github_sync_all | From github.com:RootRecord-Software-Solutions/RootRecord-Database
2026-09-30T15:57:17-10:00job:github_sync_all | * branch              main       -> FETCH_HEAD
2026-09-30T15:57:17-10:00job:github_sync_all | ↑ [database] local is ahead of GitHub
2026-09-30T15:57:17-10:00job:github_sync_all | To github.com:RootRecord-Software-Solutions/RootRecord-Database.git
2026-09-30T15:57:17-10:00job:github_sync_all | c3575066..71fd880f  HEAD -> main
2026-09-30T15:57:17-10:00job:github_sync_all | branch 'main' set up to track 'origin/main'.
2026-09-30T15:57:17-10:00job:github_sync_all | ↑ [database] 9 files → RootRecord-Software-Solutions/RootRecord-Database (main)
2026-09-30T15:57:17-10:00job:github_sync_all | — [library] no local changes
2026-09-30T15:57:17-10:00job:github_sync_all | ↓ [library] fetching origin/main
2026-09-30T15:57:17-10:00job:github_sync_all | From github.com:RootRecord-Software-Solutions/RootRecord-Library
2026-09-30T15:57:17-10:00job:github_sync_all | * branch            main       -> FETCH_HEAD
2026-09-30T15:57:17-10:00job:github_sync_all | — [library] local and GitHub already match
2026-09-30T15:57:17-10:00job:github_sync_all | — [library] nothing to push
2026-09-30T15:57:17-10:00job:github_sync_all | — [skills] no local changes
2026-09-30T15:57:17-10:00job:github_sync_all | ↓ [skills] fetching origin/main
2026-09-30T15:57:17-10:00job:github_sync_all | From github.com:rootrecordsoftwaresolutions/Solar-Pacific-RootRecord-Server
2026-09-30T15:57:17-10:00job:github_sync_all | * branch            main       -> FETCH_HEAD
2026-09-30T15:57:17-10:00job:github_sync_all | — [skills] local and GitHub already match
2026-09-30T15:57:17-10:00job:github_sync_all | — [skills] nothing to push
2026-09-30T15:57:17-10:00job:worklog_scan RUN  bash "/home/rootrecord/RootRecord-Ecosystem/1 - Servers/1 - RootRecord-Pacific-Solar-Server/Reports/scripts/worklog_once.sh"
2026-09-30T15:57:19-10:00job:worklog_scan | OK wrote/updated /home/rootrecord/RootRecord-Ecosystem/2 - RootRecord-Database/Worklog/worklog_current.md
2026-09-30T15:57:19-10:00job:security_camera_frame_grab RUN  bash "/home/rootrecord/RootRecord-Ecosystem/1 - Servers/1 - RootRecord-Pacific-Solar-Server/Security/Cameras/grab_all.sh"
2026-09-30T15:57:34-10:00job:security_camera_frame_grab | 15:57:19  📷  a-eyes  ch1 → ch1-20261001T015719Z.jpg  (11.7 KB, 1.71s)
2026-09-30T15:57:34-10:00job:security_camera_frame_grab | 15:57:21  📷  a-eyes  ch2 → ch2-20261001T015721Z.jpg  (262.8 KB, 4.46s)
2026-09-30T15:57:34-10:00job:security_camera_frame_grab | 15:57:25  📷  a-eyes  ch3 → ch3-20261001T015725Z.jpg  (396.5 KB, 4.34s)
2026-09-30T15:57:34-10:00job:security_camera_frame_grab | 15:57:30  📷  a-eyes  ch4 → ch4-20261001T015730Z.jpg  (129.7 KB, 4.41s)
2026-09-30T15:57:35-10:00ENERGY  status=live  B2=22.0%  B1=29.8%  solar=0 W  ac=111 W  usbc=0 W  src=/home/rootrecord/RootRecord-Ecosystem/2 - RootRecord-Database/Energy  LAP=100%/Full/AC
2026-09-30T15:57:50-10:00  ▸  SUMMARY=river2pro soc=28.28% solar=0W ac_out=92W usbc=17W src=ble db=ok
2026-09-30T15:57:50-10:00job:sys_stats_cycle RUN  bash "/home/rootrecord/RootRecord-Ecosystem/1 - Servers/1 - RootRecord-Pacific-Solar-Server/System/scripts/sys-sample.sh"
2026-09-30T15:57:51-10:00job:sys_stats_cycle | SYSTEM  cpu=8%  load=1.18  mem=41%  src=sqlite
2026-09-30T15:57:51-10:00job:sys_stats_cycle | OK wrote /home/rootrecord/RootRecord-Ecosystem/2 - RootRecord-Database/System/samples/sys-20260930-155750.json
2026-09-30T15:58:30-10:00job:github_sync_all | — [ecosystem] no committable local changes
2026-09-30T15:58:30-10:00job:github_sync_all | ↓ [ecosystem] fetching origin/main
2026-09-30T15:58:30-10:00job:github_sync_all | From github.com:RootRecord-Software-Solutions/RootRecord-Ecosystem
2026-09-30T15:58:30-10:00job:github_sync_all | * branch            main       -> FETCH_HEAD
2026-09-30T15:58:30-10:00job:github_sync_all | — [ecosystem] local and GitHub already match
2026-09-30T15:58:30-10:00job:github_sync_all | — [ecosystem] nothing to push
2026-09-30T15:58:30-10:00job:github_sync_all | — [pacific] no local changes
2026-09-30T15:58:30-10:00job:github_sync_all | ↓ [pacific] fetching origin/main
2026-09-30T15:58:30-10:00job:github_sync_all | From github.com:RootRecord-Software-Solutions/RootRecord-Pacific-Solar-Server
2026-09-30T15:58:30-10:00job:github_sync_all | * branch            main       -> FETCH_HEAD
2026-09-30T15:58:30-10:00job:github_sync_all | — [pacific] local and GitHub already match
2026-09-30T15:58:30-10:00job:github_sync_all | — [pacific] nothing to push
2026-09-30T15:58:30-10:00job:github_sync_all | ↑ [database] committed 15 local file(s)
2026-09-30T15:58:30-10:00job:github_sync_all | ↓ [database] fetching origin/main
2026-09-30T15:58:30-10:00job:github_sync_all | From github.com:RootRecord-Software-Solutions/RootRecord-Database
2026-09-30T15:58:30-10:00job:github_sync_all | * branch              main       -> FETCH_HEAD
2026-09-30T15:58:30-10:00job:github_sync_all | ↑ [database] local is ahead of GitHub
2026-09-30T15:58:30-10:00job:github_sync_all | To github.com:RootRecord-Software-Solutions/RootRecord-Database.git
2026-09-30T15:58:30-10:00job:github_sync_all | 71fd880f..6ae5de1b  HEAD -> main
2026-09-30T15:58:30-10:00job:github_sync_all | branch 'main' set up to track 'origin/main'.
2026-09-30T15:58:30-10:00job:github_sync_all | ↑ [database] 15 files → RootRecord-Software-Solutions/RootRecord-Database (main)
2026-09-30T15:58:30-10:00job:github_sync_all | — [library] no local changes
2026-09-30T15:58:30-10:00job:github_sync_all | ↓ [library] fetching origin/main
2026-09-30T15:58:30-10:00job:github_sync_all | From github.com:RootRecord-Software-Solutions/RootRecord-Library
2026-09-30T15:58:30-10:00job:github_sync_all | * branch            main       -> FETCH_HEAD
2026-09-30T15:58:30-10:00job:github_sync_all | — [library] local and GitHub already match
2026-09-30T15:58:30-10:00job:github_sync_all | — [library] nothing to push
2026-09-30T15:58:30-10:00job:github_sync_all | — [skills] no local changes
2026-09-30T15:58:30-10:00job:github_sync_all | ↓ [skills] fetching origin/main
2026-09-30T15:58:30-10:00job:github_sync_all | From github.com:rootrecordsoftwaresolutions/Solar-Pacific-RootRecord-Server
2026-09-30T15:58:30-10:00job:github_sync_all | * branch            main       -> FETCH_HEAD
2026-09-30T15:58:30-10:00job:github_sync_all | — [skills] local and GitHub already match
2026-09-30T15:58:30-10:00job:github_sync_all | — [skills] nothing to push
2026-09-30T15:58:30-10:00job:security_camera_frame_grab RUN  bash "/home/rootrecord/RootRecord-Ecosystem/1 - Servers/1 - RootRecord-Pacific-Solar-Server/Security/Cameras/grab_all.sh"
2026-09-30T15:58:45-10:00job:security_camera_frame_grab | 15:58:30  📷  a-eyes  ch1 → ch1-20261001T015830Z.jpg  (11.7 KB, 1.67s)
2026-09-30T15:58:45-10:00job:security_camera_frame_grab | 15:58:32  📷  a-eyes  ch2 → ch2-20261001T015832Z.jpg  (241.5 KB, 4.48s)
2026-09-30T15:58:45-10:00job:security_camera_frame_grab | 15:58:36  📷  a-eyes  ch3 → ch3-20261001T015836Z.jpg  (385.7 KB, 4.49s)
2026-09-30T15:58:45-10:00job:security_camera_frame_grab | 15:58:41  📷  a-eyes  ch4 → ch4-20261001T015841Z.jpg  (126.3 KB, 4.27s)
2026-09-30T15:58:45-10:00ENERGY  status=live  B2=22.0%  B1=28.3%  solar=0 W  ac=92 W  usbc=0 W  src=/home/rootrecord/RootRecord-Ecosystem/2 - RootRecord-Database/Energy  LAP=100%/Full/AC
2026-09-30T15:59:00-10:00  ▸  SUMMARY=river2pro soc=27.91% solar=0W ac_out=75W usbc=23W src=ble db=ok
2026-09-30T15:59:00-10:00job:sys_stats_cycle RUN  bash "/home/rootrecord/RootRecord-Ecosystem/1 - Servers/1 - RootRecord-Pacific-Solar-Server/System/scripts/sys-sample.sh"
2026-09-30T15:59:02-10:00job:sys_stats_cycle | SYSTEM  cpu=29%  load=2.73  mem=46%  src=sqlite
2026-09-30T15:59:02-10:00job:sys_stats_cycle | OK wrote /home/rootrecord/RootRecord-Ecosystem/2 - RootRecord-Database/System/samples/sys-20260930-155901.json
2026-09-30T15:59:41-10:00job:github_sync_all | ↑ [ecosystem] committed 14 local file(s)
2026-09-30T15:59:41-10:00job:github_sync_all | ↓ [ecosystem] fetching origin/main
2026-09-30T15:59:41-10:00job:github_sync_all | From github.com:RootRecord-Software-Solutions/RootRecord-Ecosystem
2026-09-30T15:59:41-10:00job:github_sync_all | * branch            main       -> FETCH_HEAD
2026-09-30T15:59:41-10:00job:github_sync_all | ↑ [ecosystem] local is ahead of GitHub
2026-09-30T15:59:41-10:00job:github_sync_all | To github.com:RootRecord-Software-Solutions/RootRecord-Ecosystem.git
2026-09-30T15:59:41-10:00job:github_sync_all | 58da07e..43b9b51  HEAD -> main
2026-09-30T15:59:41-10:00job:github_sync_all | branch 'main' set up to track 'origin/main'.
2026-09-30T15:59:41-10:00job:github_sync_all | ↑ [ecosystem] 14 files → RootRecord-Software-Solutions/RootRecord-Ecosystem (main)
2026-09-30T15:59:41-10:00job:github_sync_all | — [pacific] no local changes
2026-09-30T15:59:41-10:00job:github_sync_all | ↓ [pacific] fetching origin/main
2026-09-30T15:59:41-10:00job:github_sync_all | From github.com:RootRecord-Software-Solutions/RootRecord-Pacific-Solar-Server
2026-09-30T15:59:41-10:00job:github_sync_all | * branch            main       -> FETCH_HEAD
2026-09-30T15:59:41-10:00job:github_sync_all | — [pacific] local and GitHub already match
2026-09-30T15:59:41-10:00job:github_sync_all | — [pacific] nothing to push
2026-09-30T15:59:41-10:00job:github_sync_all | ↑ [database] committed 14 local file(s)
2026-09-30T15:59:41-10:00job:github_sync_all | ↓ [database] fetching origin/main
2026-09-30T15:59:41-10:00job:github_sync_all | From github.com:RootRecord-Software-Solutions/RootRecord-Database
2026-09-30T15:59:41-10:00job:github_sync_all | * branch              main       -> FETCH_HEAD
2026-09-30T15:59:41-10:00job:github_sync_all | ↑ [database] local is ahead of GitHub
2026-09-30T15:59:41-10:00job:github_sync_all | To github.com:RootRecord-Software-Solutions/RootRecord-Database.git
2026-09-30T15:59:41-10:00job:github_sync_all | 6ae5de1b..6f343c1d  HEAD -> main
2026-09-30T15:59:41-10:00job:github_sync_all | branch 'main' set up to track 'origin/main'.
2026-09-30T15:59:41-10:00job:github_sync_all | ↑ [database] 14 files → RootRecord-Software-Solutions/RootRecord-Database (main)
2026-09-30T15:59:41-10:00job:github_sync_all | — [library] no local changes
2026-09-30T15:59:41-10:00job:github_sync_all | ↓ [library] fetching origin/main
2026-09-30T15:59:41-10:00job:github_sync_all | From github.com:RootRecord-Software-Solutions/RootRecord-Library
2026-09-30T15:59:41-10:00job:github_sync_all | * branch            main       -> FETCH_HEAD
2026-09-30T15:59:41-10:00job:github_sync_all | — [library] local and GitHub already match
2026-09-30T15:59:41-10:00job:github_sync_all | — [library] nothing to push
2026-09-30T15:59:41-10:00job:github_sync_all | — [skills] no local changes
2026-09-30T15:59:41-10:00job:github_sync_all | ↓ [skills] fetching origin/main
2026-09-30T15:59:41-10:00job:github_sync_all | From github.com:rootrecordsoftwaresolutions/Solar-Pacific-RootRecord-Server
2026-09-30T15:59:41-10:00job:github_sync_all | * branch            main       -> FETCH_HEAD
2026-09-30T15:59:41-10:00job:github_sync_all | — [skills] local and GitHub already match
2026-09-30T15:59:41-10:00job:github_sync_all | — [skills] nothing to push
2026-09-30T15:59:41-10:00job:worklog_scan RUN  bash "/home/rootrecord/RootRecord-Ecosystem/1 - Servers/1 - RootRecord-Pacific-Solar-Server/Reports/scripts/worklog_once.sh"
2026-09-30T15:59:46-10:00job:worklog_scan | OK wrote/updated /home/rootrecord/RootRecord-Ecosystem/2 - RootRecord-Database/Worklog/worklog_current.md
2026-09-30T15:59:46-10:00job:security_camera_frame_grab RUN  bash "/home/rootrecord/RootRecord-Ecosystem/1 - Servers/1 - RootRecord-Pacific-Solar-Server/Security/Cameras/grab_all.sh"
2026-09-30T16:00:02-10:00job:security_camera_frame_grab | 15:59:46  📷  a-eyes  ch1 → ch1-20261001T015946Z.jpg  (11.7 KB, 1.70s)
2026-09-30T16:00:02-10:00job:security_camera_frame_grab | 15:59:48  📷  a-eyes  ch2 → ch2-20261001T015948Z.jpg  (238.0 KB, 4.56s)
2026-09-30T16:00:02-10:00job:security_camera_frame_grab | 15:59:53  📷  a-eyes  ch3 → ch3-20261001T015953Z.jpg  (397.6 KB, 4.35s)
2026-09-30T16:00:02-10:00job:security_camera_frame_grab | 15:59:57  📷  a-eyes  ch4 → ch4-20261001T015957Z.jpg  (122.7 KB, 4.54s)
2026-09-30T16:00:02-10:00job:service_supervisor RUN  bash "/home/rootrecord/RootRecord-Ecosystem/1 - Servers/1 - RootRecord-Pacific-Solar-Server/Automations/scripts/supervise-services.sh"
2026-09-30T16:00:02-10:00job:service_supervisor | [supervisor] weather alive pid=97054 (act)
2026-09-30T16:00:02-10:00job:service_supervisor | [supervisor] relay alive pid=96403 (act)
2026-09-30T16:00:02-10:00job:geology_collect RUN  nice -n 10 python3 "/home/rootrecord/RootRecord-Ecosystem/1 - Servers/1 - RootRecord-Pacific-Solar-Server/Geology/scripts/geology_collect.py" all
2026-09-30T16:00:17-10:00job:geology_collect | {"ok": true, "at": "2026-09-30T16:00:02-10:00", "what": "all", "dry_run": false, "sources": {"hawaii": {"ok": true, "count": 12, "new": 1, "new_m2": 0, "ms": 1200}, "global": {"ok": true, "count": 37, "new": 0, "ms": 309}, "hvo_notices": {"ok": true, "count": 44, "new": 0, "ms": 2446}, "hvo_status": {"ok": true, "volcanoes": 8, "kilauea": "WATCH", "mauna_loa": "NORMAL", "ms": 10547}}}
2026-09-30T16:00:17-10:00job:system_net_sample RUN  nice -n 10 python3 "/home/rootrecord/RootRecord-Ecosystem/1 - Servers/1 - RootRecord-Pacific-Solar-Server/System/scripts/host_desks.py" net-sample
2026-09-30T16:00:17-10:00job:system_net_sample | {"ok": true, "file": "/home/rootrecord/RootRecord-Ecosystem/2 - RootRecord-Database/System/network/Daily/net-20260930.jsonl", "iface": "wlo1", "hour": null, "day": null}
2026-09-30T16:00:17-10:00ENERGY  status=live  B2=22.0%  B1=27.9%  solar=0 W  ac=75 W  usbc=0 W  src=/home/rootrecord/RootRecord-Ecosystem/2 - RootRecord-Database/Energy  LAP=100%/Full/AC
2026-09-30T16:00:32-10:00  ▸  SUMMARY=river2pro soc=27.38% solar=0W ac_out=94W usbc=20W src=ble db=ok
2026-09-30T16:00:32-10:00job:sys_stats_cycle RUN  bash "/home/rootrecord/RootRecord-Ecosystem/1 - Servers/1 - RootRecord-Pacific-Solar-Server/System/scripts/sys-sample.sh"
2026-09-30T16:00:33-10:00job:sys_stats_cycle | SYSTEM  cpu=14%  load=3.13  mem=40%  src=sqlite
2026-09-30T16:00:33-10:00job:sys_stats_cycle | OK wrote /home/rootrecord/RootRecord-Ecosystem/2 - RootRecord-Database/System/samples/sys-20260930-160033.json
2026-09-30T16:01:11-10:00job:github_sync_all | ↑ [ecosystem] committed 16 local file(s)
2026-09-30T16:01:11-10:00job:github_sync_all | ↓ [ecosystem] fetching origin/main
2026-09-30T16:01:11-10:00job:github_sync_all | From github.com:RootRecord-Software-Solutions/RootRecord-Ecosystem
2026-09-30T16:01:11-10:00job:github_sync_all | * branch            main       -> FETCH_HEAD
2026-09-30T16:01:11-10:00job:github_sync_all | ↑ [ecosystem] local is ahead of GitHub
2026-09-30T16:01:11-10:00job:github_sync_all | To github.com:RootRecord-Software-Solutions/RootRecord-Ecosystem.git
2026-09-30T16:01:11-10:00job:github_sync_all | 43b9b51..888dc0c  HEAD -> main
2026-09-30T16:01:11-10:00job:github_sync_all | branch 'main' set up to track 'origin/main'.
2026-09-30T16:01:11-10:00job:github_sync_all | ↑ [ecosystem] 16 files → RootRecord-Software-Solutions/RootRecord-Ecosystem (main)
2026-09-30T16:01:11-10:00job:github_sync_all | — [pacific] no local changes
2026-09-30T16:01:11-10:00job:github_sync_all | ↓ [pacific] fetching origin/main
2026-09-30T16:01:11-10:00job:github_sync_all | From github.com:RootRecord-Software-Solutions/RootRecord-Pacific-Solar-Server
2026-09-30T16:01:11-10:00job:github_sync_all | * branch            main       -> FETCH_HEAD
2026-09-30T16:01:11-10:00job:github_sync_all | — [pacific] local and GitHub already match
2026-09-30T16:01:11-10:00job:github_sync_all | — [pacific] nothing to push
2026-09-30T16:01:11-10:00job:github_sync_all | ↑ [database] committed 27 local file(s)
2026-09-30T16:01:11-10:00job:github_sync_all | ↓ [database] fetching origin/main
2026-09-30T16:01:11-10:00job:github_sync_all | From github.com:RootRecord-Software-Solutions/RootRecord-Database
2026-09-30T16:01:11-10:00job:github_sync_all | * branch              main       -> FETCH_HEAD
2026-09-30T16:01:11-10:00job:github_sync_all | ↑ [database] local is ahead of GitHub
2026-09-30T16:01:11-10:00job:github_sync_all | To github.com:RootRecord-Software-Solutions/RootRecord-Database.git
2026-09-30T16:01:11-10:00job:github_sync_all | 6f343c1d..930df402  HEAD -> main
2026-09-30T16:01:11-10:00job:github_sync_all | branch 'main' set up to track 'origin/main'.
2026-09-30T16:01:11-10:00job:github_sync_all | ↑ [database] 27 files → RootRecord-Software-Solutions/RootRecord-Database (main)
2026-09-30T16:01:11-10:00job:github_sync_all | — [library] no local changes
2026-09-30T16:01:11-10:00job:github_sync_all | ↓ [library] fetching origin/main
2026-09-30T16:01:11-10:00job:github_sync_all | From github.com:RootRecord-Software-Solutions/RootRecord-Library
2026-09-30T16:01:11-10:00job:github_sync_all | * branch            main       -> FETCH_HEAD
2026-09-30T16:01:11-10:00job:github_sync_all | — [library] local and GitHub already match
2026-09-30T16:01:11-10:00job:github_sync_all | — [library] nothing to push
2026-09-30T16:01:11-10:00job:github_sync_all | — [skills] no local changes
2026-09-30T16:01:11-10:00job:github_sync_all | ↓ [skills] fetching origin/main
2026-09-30T16:01:11-10:00job:github_sync_all | From github.com:rootrecordsoftwaresolutions/Solar-Pacific-RootRecord-Server
2026-09-30T16:01:11-10:00job:github_sync_all | * branch            main       -> FETCH_HEAD
2026-09-30T16:01:11-10:00job:github_sync_all | — [skills] local and GitHub already match
2026-09-30T16:01:11-10:00job:github_sync_all | — [skills] nothing to push
2026-09-30T16:01:11-10:00job:worklog_scan RUN  bash "/home/rootrecord/RootRecord-Ecosystem/1 - Servers/1 - RootRecord-Pacific-Solar-Server/Reports/scripts/worklog_once.sh"
2026-09-30T16:01:22-10:00job:worklog_scan | OK wrote/updated /home/rootrecord/RootRecord-Ecosystem/2 - RootRecord-Database/Worklog/worklog_current.md
2026-09-30T16:01:22-10:00job:security_camera_frame_grab RUN  bash "/home/rootrecord/RootRecord-Ecosystem/1 - Servers/1 - RootRecord-Pacific-Solar-Server/Security/Cameras/grab_all.sh"
2026-09-30T16:01:40-10:00job:security_camera_frame_grab | 16:01:22  📷  a-eyes  ch1 → ch1-20261001T020122Z.jpg  (554.5 KB, 4.42s)
2026-09-30T16:01:40-10:00job:security_camera_frame_grab | 16:01:27  📷  a-eyes  ch2 → ch2-20261001T020127Z.jpg  (194.1 KB, 4.58s)
2026-09-30T16:01:40-10:00job:security_camera_frame_grab | 16:01:31  📷  a-eyes  ch3 → ch3-20261001T020131Z.jpg  (396.6 KB, 4.28s)
2026-09-30T16:01:40-10:00job:security_camera_frame_grab | 16:01:35  📷  a-eyes  ch4 → ch4-20261001T020135Z.jpg  (125.7 KB, 4.36s)
2026-09-30T16:01:40-10:00job:automations_log_hourly_archive RUN  bash "/home/rootrecord/RootRecord-Ecosystem/1 - Servers/1 - RootRecord-Pacific-Solar-Server/Automations/scripts/archive_automations_log_hourly.sh"
