2026-09-30T03:01:29-10:00job:automations_log_hourly_archive OK
2026-09-30T03:01:29-10:00job:security_timelapse_hourly_compile RUN  bash "/home/rootrecord/RootRecord-Ecosystem/1 - Servers/1 - RootRecord-Pacific-Solar-Server/Security/Cameras/timelapse_hourly.sh"
2026-09-30T03:01:30-10:00job:security_timelapse_hourly_compile | 03:01:30  🎬  a-eyes-timelapse  hour 02 is outside the 05:00-19:00 window, skipping
2026-09-30T03:01:30-10:00ENERGY  status=live  B2=1%  B1=16.2%  solar=0 W  ac=57 W  usbc=0 W  src=/home/rootrecord/RootRecord-Ecosystem/2 - RootRecord-Database/Energy  LAP=100%/Full/AC
2026-09-30T03:01:40-10:00  ✗  ecoflow_read_cycle  WAITING
2026-09-30T03:01:40-10:00job:sys_stats_cycle RUN  bash "/home/rootrecord/RootRecord-Ecosystem/1 - Servers/1 - RootRecord-Pacific-Solar-Server/System/scripts/sys-sample.sh"
2026-09-30T03:01:41-10:00job:sys_stats_cycle | SYSTEM  cpu=9%  load=0.91  mem=70%  src=sqlite
2026-09-30T03:01:41-10:00job:sys_stats_cycle | OK wrote /home/rootrecord/RootRecord-Ecosystem/2 - RootRecord-Database/System/samples/sys-20260930-030141.json
2026-09-30T03:02:22-10:00job:github_sync_all | ↑ [ecosystem] committed 1 local file(s)
2026-09-30T03:02:22-10:00job:github_sync_all | ↓ [ecosystem] fetching origin/main
2026-09-30T03:02:22-10:00job:github_sync_all | From github.com:RootRecord-Software-Solutions/RootRecord-Ecosystem
2026-09-30T03:02:22-10:00job:github_sync_all | * branch            main       -> FETCH_HEAD
2026-09-30T03:02:22-10:00job:github_sync_all | ↑ [ecosystem] local is ahead of GitHub
2026-09-30T03:02:22-10:00job:github_sync_all | To github.com:RootRecord-Software-Solutions/RootRecord-Ecosystem.git
2026-09-30T03:02:22-10:00job:github_sync_all | d36a825..3717dc9  HEAD -> main
2026-09-30T03:02:22-10:00job:github_sync_all | branch 'main' set up to track 'origin/main'.
2026-09-30T03:02:22-10:00job:github_sync_all | ↑ [ecosystem] 1 files → RootRecord-Software-Solutions/RootRecord-Ecosystem (main)
2026-09-30T03:02:22-10:00job:github_sync_all | — [pacific] no local changes
2026-09-30T03:02:22-10:00job:github_sync_all | ↓ [pacific] fetching origin/main
2026-09-30T03:02:22-10:00job:github_sync_all | From github.com:RootRecord-Software-Solutions/RootRecord-Pacific-Solar-Server
2026-09-30T03:02:22-10:00job:github_sync_all | * branch            main       -> FETCH_HEAD
2026-09-30T03:02:22-10:00job:github_sync_all | — [pacific] local and GitHub already match
2026-09-30T03:02:22-10:00job:github_sync_all | — [pacific] nothing to push
2026-09-30T03:02:22-10:00job:github_sync_all | ↑ [database] committed 17 local file(s)
2026-09-30T03:02:22-10:00job:github_sync_all | ↓ [database] fetching origin/main
2026-09-30T03:02:22-10:00job:github_sync_all | From github.com:RootRecord-Software-Solutions/RootRecord-Database
2026-09-30T03:02:22-10:00job:github_sync_all | * branch            main       -> FETCH_HEAD
2026-09-30T03:02:22-10:00job:github_sync_all | ↑ [database] local is ahead of GitHub
2026-09-30T03:02:22-10:00job:github_sync_all | To github.com:RootRecord-Software-Solutions/RootRecord-Database.git
2026-09-30T03:02:22-10:00job:github_sync_all | f578e78..e5441ce  HEAD -> main
2026-09-30T03:02:22-10:00job:github_sync_all | branch 'main' set up to track 'origin/main'.
2026-09-30T03:02:22-10:00job:github_sync_all | ↑ [database] 17 files → RootRecord-Software-Solutions/RootRecord-Database (main)
2026-09-30T03:02:22-10:00job:github_sync_all | ↑ [library] committed 3 local file(s)
2026-09-30T03:02:22-10:00job:github_sync_all | ↓ [library] fetching origin/main
2026-09-30T03:02:22-10:00job:github_sync_all | From github.com:RootRecord-Software-Solutions/RootRecord-Library
2026-09-30T03:02:22-10:00job:github_sync_all | * branch            main       -> FETCH_HEAD
2026-09-30T03:02:22-10:00job:github_sync_all | ↑ [library] local is ahead of GitHub
2026-09-30T03:02:22-10:00job:github_sync_all | To github.com:RootRecord-Software-Solutions/RootRecord-Library.git
2026-09-30T03:02:22-10:00job:github_sync_all | 3dce99a..3627914  HEAD -> main
2026-09-30T03:02:22-10:00job:github_sync_all | branch 'main' set up to track 'origin/main'.
2026-09-30T03:02:22-10:00job:github_sync_all | ↑ [library] 3 files → RootRecord-Software-Solutions/RootRecord-Library (main)
2026-09-30T03:02:22-10:00job:github_sync_all | — [skills] no local changes
2026-09-30T03:02:22-10:00job:github_sync_all | ↓ [skills] fetching origin/main
2026-09-30T03:02:22-10:00job:github_sync_all | From github.com:rootrecordsoftwaresolutions/Solar-Pacific-RootRecord-Server
2026-09-30T03:02:22-10:00job:github_sync_all | * branch            main       -> FETCH_HEAD
2026-09-30T03:02:22-10:00job:github_sync_all | — [skills] local and GitHub already match
2026-09-30T03:02:22-10:00job:github_sync_all | — [skills] nothing to push
2026-09-30T03:02:22-10:00job:security_camera_frame_grab RUN  bash "/home/rootrecord/RootRecord-Ecosystem/1 - Servers/1 - RootRecord-Pacific-Solar-Server/Security/Cameras/grab_all.sh"
2026-09-30T03:02:37-10:00job:security_camera_frame_grab | 03:02:22  📷  a-eyes  ch1 → ch1-20260930T130222Z.jpg  (343.5 KB, 4.33s)
2026-09-30T03:02:37-10:00job:security_camera_frame_grab | 03:02:27  📷  a-eyes  ch2 → ch2-20260930T130227Z.jpg  (315.7 KB, 4.47s)
2026-09-30T03:02:37-10:00job:security_camera_frame_grab | 03:02:31  📷  a-eyes  ch3 → ch3-20260930T130231Z.jpg  (382.4 KB, 4.39s)
2026-09-30T03:02:37-10:00job:security_camera_frame_grab | 03:02:36  📷  a-eyes  ch4 → ch4-20260930T130236Z.jpg  (12.7 KB, 1.68s)
2026-09-30T03:02:38-10:00ENERGY  status=live  B2=1%  B1=16.2%  solar=0 W  ac=57 W  usbc=0 W  src=/home/rootrecord/RootRecord-Ecosystem/2 - RootRecord-Database/Energy  LAP=100%/Full/AC
2026-09-30T03:02:52-10:00  ▸  SUMMARY=river2pro soc=15.78% solar=0W ac_out=40W usbc=14W src=ble db=ok
2026-09-30T03:02:52-10:00job:sys_stats_cycle RUN  bash "/home/rootrecord/RootRecord-Ecosystem/1 - Servers/1 - RootRecord-Pacific-Solar-Server/System/scripts/sys-sample.sh"
2026-09-30T03:02:53-10:00job:sys_stats_cycle | SYSTEM  cpu=4%  load=1.13  mem=70%  src=sqlite
2026-09-30T03:02:53-10:00job:sys_stats_cycle | OK wrote /home/rootrecord/RootRecord-Ecosystem/2 - RootRecord-Database/System/samples/sys-20260930-030253.json
2026-09-30T03:03:38-10:00job:github_sync_all | ↑ [ecosystem] committed 6 local file(s)
2026-09-30T03:03:38-10:00job:github_sync_all | ↓ [ecosystem] fetching origin/main
2026-09-30T03:03:38-10:00job:github_sync_all | From github.com:RootRecord-Software-Solutions/RootRecord-Ecosystem
2026-09-30T03:03:38-10:00job:github_sync_all | * branch            main       -> FETCH_HEAD
2026-09-30T03:03:38-10:00job:github_sync_all | ↑ [ecosystem] local is ahead of GitHub
2026-09-30T03:03:38-10:00job:github_sync_all | To github.com:RootRecord-Software-Solutions/RootRecord-Ecosystem.git
2026-09-30T03:03:38-10:00job:github_sync_all | 3717dc9..80009c4  HEAD -> main
2026-09-30T03:03:38-10:00job:github_sync_all | branch 'main' set up to track 'origin/main'.
2026-09-30T03:03:38-10:00job:github_sync_all | ↑ [ecosystem] 6 files → RootRecord-Software-Solutions/RootRecord-Ecosystem (main)
2026-09-30T03:03:38-10:00job:github_sync_all | ↑ [pacific] committed 3 local file(s)
2026-09-30T03:03:38-10:00job:github_sync_all | ↓ [pacific] fetching origin/main
2026-09-30T03:03:38-10:00job:github_sync_all | From github.com:RootRecord-Software-Solutions/RootRecord-Pacific-Solar-Server
2026-09-30T03:03:38-10:00job:github_sync_all | * branch            main       -> FETCH_HEAD
2026-09-30T03:03:38-10:00job:github_sync_all | ↑ [pacific] local is ahead of GitHub
2026-09-30T03:03:38-10:00job:github_sync_all | To github.com:RootRecord-Software-Solutions/RootRecord-Pacific-Solar-Server.git
2026-09-30T03:03:38-10:00job:github_sync_all | 0a6868d..52507a2  HEAD -> main
2026-09-30T03:03:38-10:00job:github_sync_all | branch 'main' set up to track 'origin/main'.
2026-09-30T03:03:38-10:00job:github_sync_all | ↑ [pacific] 3 files → RootRecord-Software-Solutions/RootRecord-Pacific-Solar-Server (main)
2026-09-30T03:03:38-10:00job:github_sync_all | ↑ [database] committed 12 local file(s)
2026-09-30T03:03:38-10:00job:github_sync_all | ↓ [database] fetching origin/main
2026-09-30T03:03:38-10:00job:github_sync_all | From github.com:RootRecord-Software-Solutions/RootRecord-Database
2026-09-30T03:03:38-10:00job:github_sync_all | * branch            main       -> FETCH_HEAD
2026-09-30T03:03:38-10:00job:github_sync_all | ↑ [database] local is ahead of GitHub
2026-09-30T03:03:38-10:00job:github_sync_all | To github.com:RootRecord-Software-Solutions/RootRecord-Database.git
2026-09-30T03:03:38-10:00job:github_sync_all | e5441ce..b20348c  HEAD -> main
2026-09-30T03:03:38-10:00job:github_sync_all | branch 'main' set up to track 'origin/main'.
2026-09-30T03:03:38-10:00job:github_sync_all | ↑ [database] 12 files → RootRecord-Software-Solutions/RootRecord-Database (main)
2026-09-30T03:03:38-10:00job:github_sync_all | ↑ [library] committed 2 local file(s)
2026-09-30T03:03:38-10:00job:github_sync_all | ↓ [library] fetching origin/main
2026-09-30T03:03:38-10:00job:github_sync_all | From github.com:RootRecord-Software-Solutions/RootRecord-Library
2026-09-30T03:03:38-10:00job:github_sync_all | * branch            main       -> FETCH_HEAD
2026-09-30T03:03:38-10:00job:github_sync_all | ↑ [library] local is ahead of GitHub
2026-09-30T03:03:38-10:00job:github_sync_all | To github.com:RootRecord-Software-Solutions/RootRecord-Library.git
2026-09-30T03:03:38-10:00job:github_sync_all | 3627914..a147438  HEAD -> main
2026-09-30T03:03:38-10:00job:github_sync_all | branch 'main' set up to track 'origin/main'.
2026-09-30T03:03:38-10:00job:github_sync_all | ↑ [library] 2 files → RootRecord-Software-Solutions/RootRecord-Library (main)
2026-09-30T03:03:38-10:00job:github_sync_all | — [skills] no local changes
2026-09-30T03:03:38-10:00job:github_sync_all | ↓ [skills] fetching origin/main
2026-09-30T03:03:38-10:00job:github_sync_all | From github.com:rootrecordsoftwaresolutions/Solar-Pacific-RootRecord-Server
2026-09-30T03:03:38-10:00job:github_sync_all | * branch            main       -> FETCH_HEAD
2026-09-30T03:03:38-10:00job:worklog_scan RUN  bash "/home/rootrecord/RootRecord-Ecosystem/1 - Servers/1 - RootRecord-Pacific-Solar-Server/Reports/scripts/worklog_once.sh"
2026-09-30T03:03:42-10:00job:worklog_scan | OK wrote/updated /home/rootrecord/RootRecord-Ecosystem/2 - RootRecord-Database/Worklog/worklog_current.md
2026-09-30T03:03:42-10:00job:security_camera_frame_grab RUN  bash "/home/rootrecord/RootRecord-Ecosystem/1 - Servers/1 - RootRecord-Pacific-Solar-Server/Security/Cameras/grab_all.sh"
2026-09-30T03:03:57-10:00job:security_camera_frame_grab | 03:03:42  📷  a-eyes  ch1 → ch1-20260930T130342Z.jpg  (344.3 KB, 4.45s)
2026-09-30T03:03:57-10:00job:security_camera_frame_grab | 03:03:47  📷  a-eyes  ch2 → ch2-20260930T130347Z.jpg  (315.3 KB, 4.37s)
2026-09-30T03:03:57-10:00job:security_camera_frame_grab | 03:03:51  📷  a-eyes  ch3 → ch3-20260930T130351Z.jpg  (380.0 KB, 4.48s)
2026-09-30T03:03:57-10:00job:security_camera_frame_grab | 03:03:56  📷  a-eyes  ch4 → ch4-20260930T130356Z.jpg  (12.7 KB, 1.71s)
2026-09-30T03:03:58-10:00ENERGY  status=live  B2=1%  B1=15.8%  solar=0 W  ac=57 W  usbc=0 W  src=/home/rootrecord/RootRecord-Ecosystem/2 - RootRecord-Database/Energy  LAP=100%/Full/AC
2026-09-30T03:04:12-10:00  ▸  SUMMARY=river2pro soc=15.53% solar=0W ac_out=40W usbc=14W src=ble db=ok
2026-09-30T03:04:12-10:00job:sys_stats_cycle RUN  bash "/home/rootrecord/RootRecord-Ecosystem/1 - Servers/1 - RootRecord-Pacific-Solar-Server/System/scripts/sys-sample.sh"
2026-09-30T03:04:13-10:00job:sys_stats_cycle | SYSTEM  cpu=4%  load=0.86  mem=70%  src=sqlite
2026-09-30T03:04:13-10:00job:sys_stats_cycle | OK wrote /home/rootrecord/RootRecord-Ecosystem/2 - RootRecord-Database/System/samples/sys-20260930-030413.json
2026-09-30T03:04:53-10:00job:github_sync_all | ↑ [ecosystem] committed 2 local file(s)
2026-09-30T03:04:53-10:00job:github_sync_all | ↓ [ecosystem] fetching origin/main
2026-09-30T03:04:53-10:00job:github_sync_all | From github.com:RootRecord-Software-Solutions/RootRecord-Ecosystem
2026-09-30T03:04:53-10:00job:github_sync_all | * branch            main       -> FETCH_HEAD
2026-09-30T03:04:53-10:00job:github_sync_all | ↑ [ecosystem] local is ahead of GitHub
2026-09-30T03:04:53-10:00job:github_sync_all | To github.com:RootRecord-Software-Solutions/RootRecord-Ecosystem.git
2026-09-30T03:04:53-10:00job:github_sync_all | 80009c4..72e6305  HEAD -> main
2026-09-30T03:04:53-10:00job:github_sync_all | branch 'main' set up to track 'origin/main'.
2026-09-30T03:04:53-10:00job:github_sync_all | ↑ [ecosystem] 2 files → RootRecord-Software-Solutions/RootRecord-Ecosystem (main)
2026-09-30T03:04:53-10:00job:github_sync_all | ↑ [pacific] committed 2 local file(s)
2026-09-30T03:04:53-10:00job:github_sync_all | ↓ [pacific] fetching origin/main
2026-09-30T03:04:53-10:00job:github_sync_all | From github.com:RootRecord-Software-Solutions/RootRecord-Pacific-Solar-Server
2026-09-30T03:04:53-10:00job:github_sync_all | * branch            main       -> FETCH_HEAD
2026-09-30T03:04:53-10:00job:github_sync_all | ↑ [pacific] local is ahead of GitHub
2026-09-30T03:04:53-10:00job:github_sync_all | To github.com:RootRecord-Software-Solutions/RootRecord-Pacific-Solar-Server.git
2026-09-30T03:04:53-10:00job:github_sync_all | 52507a2..43f54a5  HEAD -> main
2026-09-30T03:04:53-10:00job:github_sync_all | branch 'main' set up to track 'origin/main'.
2026-09-30T03:04:53-10:00job:github_sync_all | ↑ [pacific] 2 files → RootRecord-Software-Solutions/RootRecord-Pacific-Solar-Server (main)
2026-09-30T03:04:53-10:00job:github_sync_all | ↑ [database] committed 16 local file(s)
2026-09-30T03:04:53-10:00job:github_sync_all | ↓ [database] fetching origin/main
2026-09-30T03:04:53-10:00job:github_sync_all | From github.com:RootRecord-Software-Solutions/RootRecord-Database
2026-09-30T03:04:53-10:00job:github_sync_all | * branch            main       -> FETCH_HEAD
2026-09-30T03:04:53-10:00job:github_sync_all | ↑ [database] local is ahead of GitHub
2026-09-30T03:04:53-10:00job:github_sync_all | To github.com:RootRecord-Software-Solutions/RootRecord-Database.git
2026-09-30T03:04:53-10:00job:github_sync_all | b20348c..099dcc2  HEAD -> main
2026-09-30T03:04:53-10:00job:github_sync_all | branch 'main' set up to track 'origin/main'.
2026-09-30T03:04:53-10:00job:github_sync_all | ↑ [database] 16 files → RootRecord-Software-Solutions/RootRecord-Database (main)
2026-09-30T03:04:53-10:00job:github_sync_all | — [library] no local changes
2026-09-30T03:04:53-10:00job:github_sync_all | ↓ [library] fetching origin/main
2026-09-30T03:04:53-10:00job:github_sync_all | From github.com:RootRecord-Software-Solutions/RootRecord-Library
2026-09-30T03:04:53-10:00job:github_sync_all | * branch            main       -> FETCH_HEAD
2026-09-30T03:04:53-10:00job:github_sync_all | — [library] local and GitHub already match
2026-09-30T03:04:53-10:00job:github_sync_all | — [library] nothing to push
2026-09-30T03:04:53-10:00job:github_sync_all | — [skills] no local changes
2026-09-30T03:04:53-10:00job:github_sync_all | ↓ [skills] fetching origin/main
2026-09-30T03:04:53-10:00job:github_sync_all | From github.com:rootrecordsoftwaresolutions/Solar-Pacific-RootRecord-Server
2026-09-30T03:04:53-10:00job:github_sync_all | * branch            main       -> FETCH_HEAD
2026-09-30T03:04:53-10:00job:github_sync_all | — [skills] local and GitHub already match
2026-09-30T03:04:53-10:00job:github_sync_all | — [skills] nothing to push
2026-09-30T03:04:53-10:00job:security_camera_frame_grab RUN  bash "/home/rootrecord/RootRecord-Ecosystem/1 - Servers/1 - RootRecord-Pacific-Solar-Server/Security/Cameras/grab_all.sh"
2026-09-30T03:05:09-10:00job:security_camera_frame_grab | 03:04:54  📷  a-eyes  ch1 → ch1-20260930T130454Z.jpg  (342.3 KB, 4.54s)
2026-09-30T03:05:09-10:00job:security_camera_frame_grab | 03:04:58  📷  a-eyes  ch2 → ch2-20260930T130458Z.jpg  (312.5 KB, 4.47s)
2026-09-30T03:05:09-10:00job:security_camera_frame_grab | 03:05:03  📷  a-eyes  ch3 → ch3-20260930T130503Z.jpg  (383.4 KB, 4.37s)
2026-09-30T03:05:09-10:00job:security_camera_frame_grab | 03:05:07  📷  a-eyes  ch4 → ch4-20260930T130507Z.jpg  (12.7 KB, 1.60s)
2026-09-30T03:05:09-10:00job:service_supervisor RUN  bash "/home/rootrecord/RootRecord-Ecosystem/1 - Servers/1 - RootRecord-Pacific-Solar-Server/Automations/scripts/supervise-services.sh"
2026-09-30T03:05:09-10:00job:service_supervisor | [supervisor] weather alive pid=304140 304463 305661 305866 308654 309134 309348 309668 313159 342702 392716 (act)
2026-09-30T03:05:09-10:00job:service_supervisor | [supervisor] relay alive pid=4374 (act)
2026-09-30T03:05:09-10:00ENERGY  status=live  B2=1%  B1=15.5%  solar=0 W  ac=57 W  usbc=0 W  src=/home/rootrecord/RootRecord-Ecosystem/2 - RootRecord-Database/Energy  LAP=100%/Full/AC
2026-09-30T03:05:24-10:00  ▸  SUMMARY=river2pro soc=15.31% solar=0W ac_out=36W usbc=14W src=ble db=ok
2026-09-30T03:05:24-10:00job:sys_stats_cycle RUN  bash "/home/rootrecord/RootRecord-Ecosystem/1 - Servers/1 - RootRecord-Pacific-Solar-Server/System/scripts/sys-sample.sh"
2026-09-30T03:05:24-10:00job:sys_stats_cycle | SYSTEM  cpu=4%  load=1.00  mem=70%  src=sqlite
2026-09-30T03:05:24-10:00job:sys_stats_cycle | OK wrote /home/rootrecord/RootRecord-Ecosystem/2 - RootRecord-Database/System/samples/sys-20260930-030524.json
2026-09-30T03:06:05-10:00job:github_sync_all | ↑ [ecosystem] committed 1 local file(s)
2026-09-30T03:06:05-10:00job:github_sync_all | ↓ [ecosystem] fetching origin/main
2026-09-30T03:06:05-10:00job:github_sync_all | From github.com:RootRecord-Software-Solutions/RootRecord-Ecosystem
2026-09-30T03:06:05-10:00job:github_sync_all | * branch            main       -> FETCH_HEAD
2026-09-30T03:06:05-10:00job:github_sync_all | ↑ [ecosystem] local is ahead of GitHub
2026-09-30T03:06:05-10:00job:github_sync_all | To github.com:RootRecord-Software-Solutions/RootRecord-Ecosystem.git
2026-09-30T03:06:05-10:00job:github_sync_all | 72e6305..ba6bf13  HEAD -> main
2026-09-30T03:06:05-10:00job:github_sync_all | branch 'main' set up to track 'origin/main'.
2026-09-30T03:06:05-10:00job:github_sync_all | ↑ [ecosystem] 1 files → RootRecord-Software-Solutions/RootRecord-Ecosystem (main)
2026-09-30T03:06:05-10:00job:github_sync_all | ↑ [pacific] committed 2 local file(s)
2026-09-30T03:06:05-10:00job:github_sync_all | ↓ [pacific] fetching origin/main
2026-09-30T03:06:05-10:00job:github_sync_all | From github.com:RootRecord-Software-Solutions/RootRecord-Pacific-Solar-Server
2026-09-30T03:06:05-10:00job:github_sync_all | * branch            main       -> FETCH_HEAD
2026-09-30T03:06:05-10:00job:github_sync_all | ↑ [pacific] local is ahead of GitHub
2026-09-30T03:06:05-10:00job:github_sync_all | To github.com:RootRecord-Software-Solutions/RootRecord-Pacific-Solar-Server.git
2026-09-30T03:06:05-10:00job:github_sync_all | 43f54a5..d598b47  HEAD -> main
2026-09-30T03:06:05-10:00job:github_sync_all | branch 'main' set up to track 'origin/main'.
2026-09-30T03:06:05-10:00job:github_sync_all | ↑ [pacific] 2 files → RootRecord-Software-Solutions/RootRecord-Pacific-Solar-Server (main)
2026-09-30T03:06:05-10:00job:github_sync_all | ↑ [database] committed 13 local file(s)
2026-09-30T03:06:05-10:00job:github_sync_all | ↓ [database] fetching origin/main
2026-09-30T03:06:05-10:00job:github_sync_all | From github.com:RootRecord-Software-Solutions/RootRecord-Database
2026-09-30T03:06:05-10:00job:github_sync_all | * branch            main       -> FETCH_HEAD
2026-09-30T03:06:05-10:00job:github_sync_all | ↑ [database] local is ahead of GitHub
2026-09-30T03:06:05-10:00job:github_sync_all | To github.com:RootRecord-Software-Solutions/RootRecord-Database.git
2026-09-30T03:06:05-10:00job:github_sync_all | 099dcc2..4b1bb90  HEAD -> main
2026-09-30T03:06:05-10:00job:github_sync_all | branch 'main' set up to track 'origin/main'.
2026-09-30T03:06:05-10:00job:github_sync_all | ↑ [database] 13 files → RootRecord-Software-Solutions/RootRecord-Database (main)
2026-09-30T03:06:05-10:00job:github_sync_all | — [library] no local changes
2026-09-30T03:06:05-10:00job:github_sync_all | ↓ [library] fetching origin/main
2026-09-30T03:06:05-10:00job:github_sync_all | From github.com:RootRecord-Software-Solutions/RootRecord-Library
2026-09-30T03:06:05-10:00job:github_sync_all | * branch            main       -> FETCH_HEAD
2026-09-30T03:06:05-10:00job:github_sync_all | — [library] local and GitHub already match
2026-09-30T03:06:05-10:00job:github_sync_all | — [library] nothing to push
2026-09-30T03:06:05-10:00job:github_sync_all | — [skills] no local changes
2026-09-30T03:06:05-10:00job:github_sync_all | ↓ [skills] fetching origin/main
2026-09-30T03:06:05-10:00job:github_sync_all | From github.com:rootrecordsoftwaresolutions/Solar-Pacific-RootRecord-Server
2026-09-30T03:06:05-10:00job:github_sync_all | * branch            main       -> FETCH_HEAD
2026-09-30T03:06:05-10:00job:github_sync_all | — [skills] local and GitHub already match
2026-09-30T03:06:05-10:00job:github_sync_all | — [skills] nothing to push
2026-09-30T03:06:05-10:00job:worklog_scan RUN  bash "/home/rootrecord/RootRecord-Ecosystem/1 - Servers/1 - RootRecord-Pacific-Solar-Server/Reports/scripts/worklog_once.sh"
2026-09-30T03:06:09-10:00job:worklog_scan | OK wrote/updated /home/rootrecord/RootRecord-Ecosystem/2 - RootRecord-Database/Worklog/worklog_current.md
2026-09-30T03:06:09-10:00job:security_camera_frame_grab RUN  bash "/home/rootrecord/RootRecord-Ecosystem/1 - Servers/1 - RootRecord-Pacific-Solar-Server/Security/Cameras/grab_all.sh"
2026-09-30T03:06:24-10:00job:security_camera_frame_grab | 03:06:09  📷  a-eyes  ch1 → ch1-20260930T130609Z.jpg  (341.2 KB, 4.34s)
2026-09-30T03:06:24-10:00job:security_camera_frame_grab | 03:06:14  📷  a-eyes  ch2 → ch2-20260930T130614Z.jpg  (309.0 KB, 4.39s)
2026-09-30T03:06:24-10:00job:security_camera_frame_grab | 03:06:18  📷  a-eyes  ch3 → ch3-20260930T130618Z.jpg  (380.7 KB, 4.68s)
2026-09-30T03:06:24-10:00job:security_camera_frame_grab | 03:06:23  📷  a-eyes  ch4 → ch4-20260930T130623Z.jpg  (12.7 KB, 1.51s)
2026-09-30T03:06:25-10:00ENERGY  status=live  B2=1%  B1=15.3%  solar=0 W  ac=57 W  usbc=0 W  src=/home/rootrecord/RootRecord-Ecosystem/2 - RootRecord-Database/Energy  LAP=100%/Full/AC
2026-09-30T03:06:40-10:00  ▸  SUMMARY=river2pro soc=15.07% solar=0W ac_out=38W usbc=14W src=ble db=ok
2026-09-30T03:06:40-10:00job:sys_stats_cycle RUN  bash "/home/rootrecord/RootRecord-Ecosystem/1 - Servers/1 - RootRecord-Pacific-Solar-Server/System/scripts/sys-sample.sh"
2026-09-30T03:06:40-10:00job:sys_stats_cycle | SYSTEM  cpu=5%  load=0.72  mem=70%  src=sqlite
2026-09-30T03:06:40-10:00job:sys_stats_cycle | OK wrote /home/rootrecord/RootRecord-Ecosystem/2 - RootRecord-Database/System/samples/sys-20260930-030640.json
2026-09-30T03:07:22-10:00job:github_sync_all | ↑ [ecosystem] committed 3 local file(s)
2026-09-30T03:07:22-10:00job:github_sync_all | ↓ [ecosystem] fetching origin/main
2026-09-30T03:07:22-10:00job:github_sync_all | From github.com:RootRecord-Software-Solutions/RootRecord-Ecosystem
2026-09-30T03:07:22-10:00job:github_sync_all | * branch            main       -> FETCH_HEAD
2026-09-30T03:07:22-10:00job:github_sync_all | ↑ [ecosystem] local is ahead of GitHub
2026-09-30T03:07:22-10:00job:github_sync_all | To github.com:RootRecord-Software-Solutions/RootRecord-Ecosystem.git
2026-09-30T03:07:22-10:00job:github_sync_all | ba6bf13..8b17f06  HEAD -> main
2026-09-30T03:07:22-10:00job:github_sync_all | branch 'main' set up to track 'origin/main'.
2026-09-30T03:07:22-10:00job:github_sync_all | ↑ [ecosystem] 3 files → RootRecord-Software-Solutions/RootRecord-Ecosystem (main)
2026-09-30T03:07:22-10:00job:github_sync_all | — [pacific] no local changes
2026-09-30T03:07:22-10:00job:github_sync_all | ↓ [pacific] fetching origin/main
2026-09-30T03:07:22-10:00job:github_sync_all | From github.com:RootRecord-Software-Solutions/RootRecord-Pacific-Solar-Server
2026-09-30T03:07:22-10:00job:github_sync_all | * branch            main       -> FETCH_HEAD
2026-09-30T03:07:22-10:00job:github_sync_all | — [pacific] local and GitHub already match
2026-09-30T03:07:22-10:00job:github_sync_all | — [pacific] nothing to push
2026-09-30T03:07:22-10:00job:github_sync_all | ↑ [database] committed 15 local file(s)
2026-09-30T03:07:22-10:00job:github_sync_all | ↓ [database] fetching origin/main
2026-09-30T03:07:22-10:00job:github_sync_all | From github.com:RootRecord-Software-Solutions/RootRecord-Database
2026-09-30T03:07:22-10:00job:github_sync_all | * branch            main       -> FETCH_HEAD
2026-09-30T03:07:22-10:00job:github_sync_all | ↑ [database] local is ahead of GitHub
2026-09-30T03:07:22-10:00job:github_sync_all | To github.com:RootRecord-Software-Solutions/RootRecord-Database.git
2026-09-30T03:07:22-10:00job:github_sync_all | 4b1bb90..feb8b96  HEAD -> main
2026-09-30T03:07:22-10:00job:github_sync_all | branch 'main' set up to track 'origin/main'.
2026-09-30T03:07:22-10:00job:github_sync_all | ↑ [database] 15 files → RootRecord-Software-Solutions/RootRecord-Database (main)
2026-09-30T03:07:22-10:00job:github_sync_all | ↑ [library] committed 3 local file(s)
2026-09-30T03:07:22-10:00job:github_sync_all | ↓ [library] fetching origin/main
2026-09-30T03:07:22-10:00job:github_sync_all | From github.com:RootRecord-Software-Solutions/RootRecord-Library
2026-09-30T03:07:22-10:00job:github_sync_all | * branch            main       -> FETCH_HEAD
2026-09-30T03:07:22-10:00job:github_sync_all | ↑ [library] local is ahead of GitHub
2026-09-30T03:07:22-10:00job:github_sync_all | To github.com:RootRecord-Software-Solutions/RootRecord-Library.git
2026-09-30T03:07:22-10:00job:github_sync_all | a147438..19d362b  HEAD -> main
2026-09-30T03:07:22-10:00job:github_sync_all | branch 'main' set up to track 'origin/main'.
2026-09-30T03:07:22-10:00job:github_sync_all | ↑ [library] 3 files → RootRecord-Software-Solutions/RootRecord-Library (main)
2026-09-30T03:07:22-10:00job:github_sync_all | — [skills] no local changes
2026-09-30T03:07:22-10:00job:github_sync_all | ↓ [skills] fetching origin/main
2026-09-30T03:07:22-10:00job:github_sync_all | From github.com:rootrecordsoftwaresolutions/Solar-Pacific-RootRecord-Server
2026-09-30T03:07:22-10:00job:github_sync_all | * branch            main       -> FETCH_HEAD
2026-09-30T03:07:22-10:00job:github_sync_all | — [skills] local and GitHub already match
2026-09-30T03:07:22-10:00job:github_sync_all | — [skills] nothing to push
2026-09-30T03:07:22-10:00job:security_camera_frame_grab RUN  bash "/home/rootrecord/RootRecord-Ecosystem/1 - Servers/1 - RootRecord-Pacific-Solar-Server/Security/Cameras/grab_all.sh"
2026-09-30T03:07:37-10:00job:security_camera_frame_grab | 03:07:22  📷  a-eyes  ch1 → ch1-20260930T130722Z.jpg  (339.7 KB, 4.33s)
2026-09-30T03:07:37-10:00job:security_camera_frame_grab | 03:07:26  📷  a-eyes  ch2 → ch2-20260930T130726Z.jpg  (308.7 KB, 4.37s)
2026-09-30T03:07:37-10:00job:security_camera_frame_grab | 03:07:31  📷  a-eyes  ch3 → ch3-20260930T130731Z.jpg  (379.4 KB, 4.40s)
2026-09-30T03:07:37-10:00job:security_camera_frame_grab | 03:07:35  📷  a-eyes  ch4 → ch4-20260930T130735Z.jpg  (12.6 KB, 1.68s)
2026-09-30T03:07:37-10:00ENERGY  status=live  B2=1%  B1=15.1%  solar=0 W  ac=57 W  usbc=0 W  src=/home/rootrecord/RootRecord-Ecosystem/2 - RootRecord-Database/Energy  LAP=100%/Full/AC
2026-09-30T03:07:52-10:00  ▸  SUMMARY=river2pro soc=14.84% solar=0W ac_out=37W usbc=17W src=ble db=ok
2026-09-30T03:07:52-10:00job:sys_stats_cycle RUN  bash "/home/rootrecord/RootRecord-Ecosystem/1 - Servers/1 - RootRecord-Pacific-Solar-Server/System/scripts/sys-sample.sh"
2026-09-30T03:07:53-10:00job:sys_stats_cycle | SYSTEM  cpu=4%  load=1.56  mem=70%  src=sqlite
2026-09-30T03:07:53-10:00job:sys_stats_cycle | OK wrote /home/rootrecord/RootRecord-Ecosystem/2 - RootRecord-Database/System/samples/sys-20260930-030752.json
2026-09-30T03:08:46-10:00job:github_sync_all | ↑ [ecosystem] committed 3 local file(s)
2026-09-30T03:08:46-10:00job:github_sync_all | ↓ [ecosystem] fetching origin/main
2026-09-30T03:08:46-10:00job:github_sync_all | From github.com:RootRecord-Software-Solutions/RootRecord-Ecosystem
2026-09-30T03:08:46-10:00job:github_sync_all | * branch            main       -> FETCH_HEAD
2026-09-30T03:08:46-10:00job:github_sync_all | ↑ [ecosystem] local is ahead of GitHub
2026-09-30T03:08:46-10:00job:github_sync_all | To github.com:RootRecord-Software-Solutions/RootRecord-Ecosystem.git
2026-09-30T03:08:46-10:00job:github_sync_all | 8b17f06..c4738a2  HEAD -> main
2026-09-30T03:08:46-10:00job:github_sync_all | branch 'main' set up to track 'origin/main'.
2026-09-30T03:08:46-10:00job:github_sync_all | ↑ [ecosystem] 3 files → RootRecord-Software-Solutions/RootRecord-Ecosystem (main)
2026-09-30T03:08:46-10:00job:github_sync_all | ↑ [pacific] committed 1 local file(s)
2026-09-30T03:08:46-10:00job:github_sync_all | ↓ [pacific] fetching origin/main
2026-09-30T03:08:46-10:00job:github_sync_all | From github.com:RootRecord-Software-Solutions/RootRecord-Pacific-Solar-Server
2026-09-30T03:08:46-10:00job:github_sync_all | * branch            main       -> FETCH_HEAD
2026-09-30T03:08:46-10:00job:github_sync_all | ↑ [pacific] local is ahead of GitHub
2026-09-30T03:08:46-10:00job:github_sync_all | To github.com:RootRecord-Software-Solutions/RootRecord-Pacific-Solar-Server.git
2026-09-30T03:08:46-10:00job:github_sync_all | d598b47..8d7fed9  HEAD -> main
2026-09-30T03:08:46-10:00job:github_sync_all | branch 'main' set up to track 'origin/main'.
2026-09-30T03:08:46-10:00job:github_sync_all | ↑ [pacific] 1 files → RootRecord-Software-Solutions/RootRecord-Pacific-Solar-Server (main)
2026-09-30T03:08:46-10:00job:github_sync_all | ↑ [database] committed 12 local file(s)
2026-09-30T03:08:46-10:00job:github_sync_all | ↓ [database] fetching origin/main
2026-09-30T03:08:46-10:00job:github_sync_all | From github.com:RootRecord-Software-Solutions/RootRecord-Database
2026-09-30T03:08:46-10:00job:github_sync_all | * branch            main       -> FETCH_HEAD
2026-09-30T03:08:46-10:00job:github_sync_all | ↑ [database] local is ahead of GitHub
2026-09-30T03:08:46-10:00job:github_sync_all | To github.com:RootRecord-Software-Solutions/RootRecord-Database.git
2026-09-30T03:08:46-10:00job:github_sync_all | feb8b96..2c760f4  HEAD -> main
2026-09-30T03:08:46-10:00job:github_sync_all | branch 'main' set up to track 'origin/main'.
2026-09-30T03:08:46-10:00job:github_sync_all | ↑ [database] 12 files → RootRecord-Software-Solutions/RootRecord-Database (main)
2026-09-30T03:08:46-10:00job:github_sync_all | ↑ [library] committed 25 local file(s)
2026-09-30T03:08:46-10:00job:github_sync_all | ↓ [library] fetching origin/main
2026-09-30T03:08:46-10:00job:github_sync_all | From github.com:RootRecord-Software-Solutions/RootRecord-Library
2026-09-30T03:08:46-10:00job:github_sync_all | * branch            main       -> FETCH_HEAD
2026-09-30T03:08:46-10:00job:github_sync_all | ↑ [library] local is ahead of GitHub
2026-09-30T03:08:46-10:00job:github_sync_all | To github.com:RootRecord-Software-Solutions/RootRecord-Library.git
2026-09-30T03:08:46-10:00job:github_sync_all | 19d362b..37fe61a  HEAD -> main
2026-09-30T03:08:46-10:00job:github_sync_all | branch 'main' set up to track 'origin/main'.
2026-09-30T03:08:46-10:00job:github_sync_all | ↑ [library] 25 files → RootRecord-Software-Solutions/RootRecord-Library (main)
2026-09-30T03:08:46-10:00job:github_sync_all | — [skills] no local changes
2026-09-30T03:08:46-10:00job:github_sync_all | ↓ [skills] fetching origin/main
2026-09-30T03:08:46-10:00job:github_sync_all | From github.com:rootrecordsoftwaresolutions/Solar-Pacific-RootRecord-Server
2026-09-30T03:08:46-10:00job:github_sync_all | * branch            main       -> FETCH_HEAD
2026-09-30T03:08:46-10:00job:worklog_scan RUN  bash "/home/rootrecord/RootRecord-Ecosystem/1 - Servers/1 - RootRecord-Pacific-Solar-Server/Reports/scripts/worklog_once.sh"
2026-09-30T03:08:54-10:00job:worklog_scan | OK wrote/updated /home/rootrecord/RootRecord-Ecosystem/2 - RootRecord-Database/Worklog/worklog_current.md
2026-09-30T03:08:54-10:00job:security_camera_frame_grab RUN  bash "/home/rootrecord/RootRecord-Ecosystem/1 - Servers/1 - RootRecord-Pacific-Solar-Server/Security/Cameras/grab_all.sh"
2026-09-30T03:09:09-10:00job:security_camera_frame_grab | 03:08:54  📷  a-eyes  ch1 → ch1-20260930T130854Z.jpg  (342.3 KB, 4.49s)
2026-09-30T03:09:09-10:00job:security_camera_frame_grab | 03:08:59  📷  a-eyes  ch2 → ch2-20260930T130859Z.jpg  (313.5 KB, 4.48s)
2026-09-30T03:09:09-10:00job:security_camera_frame_grab | 03:09:03  📷  a-eyes  ch3 → ch3-20260930T130903Z.jpg  (376.3 KB, 4.47s)
2026-09-30T03:09:09-10:00job:security_camera_frame_grab | 03:09:08  📷  a-eyes  ch4 → ch4-20260930T130908Z.jpg  (12.8 KB, 1.50s)
2026-09-30T03:09:10-10:00ENERGY  status=live  B2=1%  B1=14.8%  solar=0 W  ac=57 W  usbc=0 W  src=/home/rootrecord/RootRecord-Ecosystem/2 - RootRecord-Database/Energy  LAP=100%/Full/AC
2026-09-30T03:09:20-10:00  ✗  ecoflow_read_cycle  WAITING
2026-09-30T03:09:20-10:00job:sys_stats_cycle RUN  bash "/home/rootrecord/RootRecord-Ecosystem/1 - Servers/1 - RootRecord-Pacific-Solar-Server/System/scripts/sys-sample.sh"
2026-09-30T03:09:21-10:00job:sys_stats_cycle | SYSTEM  cpu=9%  load=0.98  mem=70%  src=sqlite
2026-09-30T03:09:21-10:00job:sys_stats_cycle | OK wrote /home/rootrecord/RootRecord-Ecosystem/2 - RootRecord-Database/System/samples/sys-20260930-030921.json
2026-09-30T03:10:07-10:00job:github_sync_all | ↑ [ecosystem] committed 25 local file(s)
2026-09-30T03:10:07-10:00job:github_sync_all | ↓ [ecosystem] fetching origin/main
2026-09-30T03:10:07-10:00job:github_sync_all | From github.com:RootRecord-Software-Solutions/RootRecord-Ecosystem
2026-09-30T03:10:07-10:00job:github_sync_all | * branch            main       -> FETCH_HEAD
2026-09-30T03:10:07-10:00job:github_sync_all | ↑ [ecosystem] local is ahead of GitHub
2026-09-30T03:10:07-10:00job:github_sync_all | To github.com:RootRecord-Software-Solutions/RootRecord-Ecosystem.git
2026-09-30T03:10:07-10:00job:github_sync_all | c4738a2..ed1905b  HEAD -> main
2026-09-30T03:10:07-10:00job:github_sync_all | branch 'main' set up to track 'origin/main'.
2026-09-30T03:10:07-10:00job:github_sync_all | ↑ [ecosystem] 25 files → RootRecord-Software-Solutions/RootRecord-Ecosystem (main)
2026-09-30T03:10:07-10:00job:github_sync_all | — [pacific] no local changes
2026-09-30T03:10:07-10:00job:github_sync_all | ↓ [pacific] fetching origin/main
2026-09-30T03:10:07-10:00job:github_sync_all | From github.com:RootRecord-Software-Solutions/RootRecord-Pacific-Solar-Server
2026-09-30T03:10:07-10:00job:github_sync_all | * branch            main       -> FETCH_HEAD
2026-09-30T03:10:07-10:00job:github_sync_all | — [pacific] local and GitHub already match
2026-09-30T03:10:07-10:00job:github_sync_all | — [pacific] nothing to push
2026-09-30T03:10:07-10:00job:github_sync_all | ↑ [database] committed 12 local file(s)
2026-09-30T03:10:07-10:00job:github_sync_all | ↓ [database] fetching origin/main
2026-09-30T03:10:07-10:00job:github_sync_all | From github.com:RootRecord-Software-Solutions/RootRecord-Database
2026-09-30T03:10:07-10:00job:github_sync_all | * branch            main       -> FETCH_HEAD
2026-09-30T03:10:07-10:00job:github_sync_all | ↑ [database] local is ahead of GitHub
2026-09-30T03:10:07-10:00job:github_sync_all | To github.com:RootRecord-Software-Solutions/RootRecord-Database.git
2026-09-30T03:10:07-10:00job:github_sync_all | 2c760f4..f9c784e  HEAD -> main
2026-09-30T03:10:07-10:00job:github_sync_all | branch 'main' set up to track 'origin/main'.
2026-09-30T03:10:07-10:00job:github_sync_all | ↑ [database] 12 files → RootRecord-Software-Solutions/RootRecord-Database (main)
2026-09-30T03:10:07-10:00job:github_sync_all | — [library] no local changes
2026-09-30T03:10:07-10:00job:github_sync_all | ↓ [library] fetching origin/main
2026-09-30T03:10:07-10:00job:github_sync_all | From github.com:RootRecord-Software-Solutions/RootRecord-Library
2026-09-30T03:10:07-10:00job:github_sync_all | * branch            main       -> FETCH_HEAD
2026-09-30T03:10:07-10:00job:github_sync_all | — [library] local and GitHub already match
2026-09-30T03:10:07-10:00job:github_sync_all | — [library] nothing to push
2026-09-30T03:10:07-10:00job:github_sync_all | — [skills] no local changes
2026-09-30T03:10:07-10:00job:github_sync_all | ↓ [skills] fetching origin/main
2026-09-30T03:10:07-10:00job:github_sync_all | From github.com:rootrecordsoftwaresolutions/Solar-Pacific-RootRecord-Server
2026-09-30T03:10:07-10:00job:github_sync_all | * branch            main       -> FETCH_HEAD
2026-09-30T03:10:07-10:00job:github_sync_all | — [skills] local and GitHub already match
2026-09-30T03:10:07-10:00job:github_sync_all | — [skills] nothing to push
2026-09-30T03:10:07-10:00job:worklog_scan RUN  bash "/home/rootrecord/RootRecord-Ecosystem/1 - Servers/1 - RootRecord-Pacific-Solar-Server/Reports/scripts/worklog_once.sh"
2026-09-30T03:10:13-10:00job:worklog_scan | OK wrote/updated /home/rootrecord/RootRecord-Ecosystem/2 - RootRecord-Database/Worklog/worklog_current.md
2026-09-30T03:10:13-10:00job:security_camera_frame_grab RUN  bash "/home/rootrecord/RootRecord-Ecosystem/1 - Servers/1 - RootRecord-Pacific-Solar-Server/Security/Cameras/grab_all.sh"
2026-09-30T03:10:27-10:00job:security_camera_frame_grab | 03:10:13  📷  a-eyes  ch1 → ch1-20260930T131013Z.jpg  (340.9 KB, 4.24s)
2026-09-30T03:10:27-10:00job:security_camera_frame_grab | 03:10:17  📷  a-eyes  ch2 → ch2-20260930T131017Z.jpg  (310.3 KB, 4.38s)
2026-09-30T03:10:27-10:00job:security_camera_frame_grab | 03:10:22  📷  a-eyes  ch3 → ch3-20260930T131022Z.jpg  (386.9 KB, 4.25s)
2026-09-30T03:10:27-10:00job:security_camera_frame_grab | 03:10:26  📷  a-eyes  ch4 → ch4-20260930T131026Z.jpg  (12.6 KB, 1.45s)
2026-09-30T03:10:27-10:00job:service_supervisor RUN  bash "/home/rootrecord/RootRecord-Ecosystem/1 - Servers/1 - RootRecord-Pacific-Solar-Server/Automations/scripts/supervise-services.sh"
2026-09-30T03:10:27-10:00job:service_supervisor | [supervisor] weather alive pid=304140 304463 305661 305866 308654 309134 309348 309668 313159 342702 392716 (act)
2026-09-30T03:10:27-10:00job:service_supervisor | [supervisor] relay alive pid=4374 (act)
2026-09-30T03:10:28-10:00ENERGY  status=live  B2=1%  B1=14.8%  solar=0 W  ac=57 W  usbc=0 W  src=/home/rootrecord/RootRecord-Ecosystem/2 - RootRecord-Database/Energy  LAP=100%/Full/AC
2026-09-30T03:10:43-10:00  ▸  SUMMARY=river2pro soc=14.31% solar=0W ac_out=47W usbc=17W src=ble db=ok
2026-09-30T03:10:43-10:00job:sys_stats_cycle RUN  bash "/home/rootrecord/RootRecord-Ecosystem/1 - Servers/1 - RootRecord-Pacific-Solar-Server/System/scripts/sys-sample.sh"
2026-09-30T03:10:43-10:00job:sys_stats_cycle | SYSTEM  cpu=7%  load=0.83  mem=70%  src=sqlite
2026-09-30T03:10:43-10:00job:sys_stats_cycle | OK wrote /home/rootrecord/RootRecord-Ecosystem/2 - RootRecord-Database/System/samples/sys-20260930-031043.json
2026-09-30T03:11:29-10:00job:github_sync_all | ↑ [ecosystem] committed 3 local file(s)
2026-09-30T03:11:29-10:00job:github_sync_all | ↓ [ecosystem] fetching origin/main
2026-09-30T03:11:29-10:00job:github_sync_all | From github.com:RootRecord-Software-Solutions/RootRecord-Ecosystem
2026-09-30T03:11:29-10:00job:github_sync_all | * branch            main       -> FETCH_HEAD
2026-09-30T03:11:29-10:00job:github_sync_all | ↑ [ecosystem] local is ahead of GitHub
2026-09-30T03:11:29-10:00job:github_sync_all | To github.com:RootRecord-Software-Solutions/RootRecord-Ecosystem.git
2026-09-30T03:11:29-10:00job:github_sync_all | ed1905b..d60e58d  HEAD -> main
2026-09-30T03:11:29-10:00job:github_sync_all | branch 'main' set up to track 'origin/main'.
2026-09-30T03:11:29-10:00job:github_sync_all | ↑ [ecosystem] 3 files → RootRecord-Software-Solutions/RootRecord-Ecosystem (main)
2026-09-30T03:11:29-10:00job:github_sync_all | ↑ [pacific] committed 1 local file(s)
2026-09-30T03:11:29-10:00job:github_sync_all | ↓ [pacific] fetching origin/main
2026-09-30T03:11:29-10:00job:github_sync_all | From github.com:RootRecord-Software-Solutions/RootRecord-Pacific-Solar-Server
2026-09-30T03:11:29-10:00job:github_sync_all | * branch            main       -> FETCH_HEAD
2026-09-30T03:11:29-10:00job:github_sync_all | ↑ [pacific] local is ahead of GitHub
2026-09-30T03:11:29-10:00job:github_sync_all | To github.com:RootRecord-Software-Solutions/RootRecord-Pacific-Solar-Server.git
2026-09-30T03:11:29-10:00job:github_sync_all | 8d7fed9..5574518  HEAD -> main
2026-09-30T03:11:29-10:00job:github_sync_all | branch 'main' set up to track 'origin/main'.
2026-09-30T03:11:29-10:00job:github_sync_all | ↑ [pacific] 1 files → RootRecord-Software-Solutions/RootRecord-Pacific-Solar-Server (main)
2026-09-30T03:11:29-10:00job:github_sync_all | ↑ [database] committed 16 local file(s)
2026-09-30T03:11:29-10:00job:github_sync_all | ↓ [database] fetching origin/main
2026-09-30T03:11:29-10:00job:github_sync_all | From github.com:RootRecord-Software-Solutions/RootRecord-Database
2026-09-30T03:11:29-10:00job:github_sync_all | * branch            main       -> FETCH_HEAD
2026-09-30T03:11:29-10:00job:github_sync_all | ↑ [database] local is ahead of GitHub
2026-09-30T03:11:29-10:00job:github_sync_all | To github.com:RootRecord-Software-Solutions/RootRecord-Database.git
2026-09-30T03:11:29-10:00job:github_sync_all | f9c784e..f041770  HEAD -> main
2026-09-30T03:11:29-10:00job:github_sync_all | branch 'main' set up to track 'origin/main'.
2026-09-30T03:11:29-10:00job:github_sync_all | ↑ [database] 16 files → RootRecord-Software-Solutions/RootRecord-Database (main)
2026-09-30T03:11:29-10:00job:github_sync_all | ↑ [library] committed 2 local file(s)
2026-09-30T03:11:29-10:00job:github_sync_all | ↓ [library] fetching origin/main
2026-09-30T03:11:29-10:00job:github_sync_all | From github.com:RootRecord-Software-Solutions/RootRecord-Library
2026-09-30T03:11:29-10:00job:github_sync_all | * branch            main       -> FETCH_HEAD
2026-09-30T03:11:29-10:00job:github_sync_all | ↑ [library] local is ahead of GitHub
2026-09-30T03:11:29-10:00job:github_sync_all | To github.com:RootRecord-Software-Solutions/RootRecord-Library.git
2026-09-30T03:11:29-10:00job:github_sync_all | 37fe61a..604eab6  HEAD -> main
2026-09-30T03:11:29-10:00job:github_sync_all | branch 'main' set up to track 'origin/main'.
2026-09-30T03:11:29-10:00job:github_sync_all | ↑ [library] 2 files → RootRecord-Software-Solutions/RootRecord-Library (main)
2026-09-30T03:11:29-10:00job:github_sync_all | — [skills] no local changes
2026-09-30T03:11:29-10:00job:github_sync_all | ↓ [skills] fetching origin/main
2026-09-30T03:11:29-10:00job:github_sync_all | From github.com:rootrecordsoftwaresolutions/Solar-Pacific-RootRecord-Server
2026-09-30T03:11:29-10:00job:github_sync_all | * branch            main       -> FETCH_HEAD
2026-09-30T03:11:29-10:00job:security_camera_frame_grab RUN  bash "/home/rootrecord/RootRecord-Ecosystem/1 - Servers/1 - RootRecord-Pacific-Solar-Server/Security/Cameras/grab_all.sh"
2026-09-30T03:11:44-10:00job:security_camera_frame_grab | 03:11:29  📷  a-eyes  ch1 → ch1-20260930T131129Z.jpg  (342.8 KB, 4.40s)
2026-09-30T03:11:44-10:00job:security_camera_frame_grab | 03:11:34  📷  a-eyes  ch2 → ch2-20260930T131134Z.jpg  (312.6 KB, 4.38s)
2026-09-30T03:11:44-10:00job:security_camera_frame_grab | 03:11:38  📷  a-eyes  ch3 → ch3-20260930T131138Z.jpg  (368.8 KB, 4.47s)
2026-09-30T03:11:44-10:00job:security_camera_frame_grab | 03:11:42  📷  a-eyes  ch4 → ch4-20260930T131142Z.jpg  (12.5 KB, 1.59s)
2026-09-30T03:11:44-10:00ENERGY  status=live  B2=1%  B1=14.3%  solar=0 W  ac=57 W  usbc=0 W  src=/home/rootrecord/RootRecord-Ecosystem/2 - RootRecord-Database/Energy  LAP=100%/Full/AC
2026-09-30T03:11:55-10:00  ✗  ecoflow_read_cycle  WAITING
2026-09-30T03:11:55-10:00job:sys_stats_cycle RUN  bash "/home/rootrecord/RootRecord-Ecosystem/1 - Servers/1 - RootRecord-Pacific-Solar-Server/System/scripts/sys-sample.sh"
2026-09-30T03:11:56-10:00job:sys_stats_cycle | SYSTEM  cpu=5%  load=0.82  mem=62%  src=sqlite
2026-09-30T03:11:56-10:00job:sys_stats_cycle | OK wrote /home/rootrecord/RootRecord-Ecosystem/2 - RootRecord-Database/System/samples/sys-20260930-031155.json
2026-09-30T03:12:34-10:00job:github_sync_all | ↑ [ecosystem] committed 1 local file(s)
2026-09-30T03:12:34-10:00job:github_sync_all | ↓ [ecosystem] fetching origin/main
2026-09-30T03:12:34-10:00job:github_sync_all | From github.com:RootRecord-Software-Solutions/RootRecord-Ecosystem
2026-09-30T03:12:34-10:00job:github_sync_all | * branch            main       -> FETCH_HEAD
2026-09-30T03:12:34-10:00job:github_sync_all | ↑ [ecosystem] local is ahead of GitHub
2026-09-30T03:12:34-10:00job:github_sync_all | To github.com:RootRecord-Software-Solutions/RootRecord-Ecosystem.git
2026-09-30T03:12:34-10:00job:github_sync_all | d60e58d..d79c54c  HEAD -> main
2026-09-30T03:12:34-10:00job:github_sync_all | branch 'main' set up to track 'origin/main'.
2026-09-30T03:12:34-10:00job:github_sync_all | ↑ [ecosystem] 1 files → RootRecord-Software-Solutions/RootRecord-Ecosystem (main)
2026-09-30T03:12:34-10:00job:github_sync_all | — [pacific] no local changes
2026-09-30T03:12:34-10:00job:github_sync_all | ↓ [pacific] fetching origin/main
2026-09-30T03:12:34-10:00job:github_sync_all | From github.com:RootRecord-Software-Solutions/RootRecord-Pacific-Solar-Server
2026-09-30T03:12:34-10:00job:github_sync_all | * branch            main       -> FETCH_HEAD
2026-09-30T03:12:34-10:00job:github_sync_all | — [pacific] local and GitHub already match
2026-09-30T03:12:34-10:00job:github_sync_all | — [pacific] nothing to push
2026-09-30T03:12:34-10:00job:github_sync_all | ↑ [database] committed 9 local file(s)
2026-09-30T03:12:34-10:00job:github_sync_all | ↓ [database] fetching origin/main
2026-09-30T03:12:34-10:00job:github_sync_all | From github.com:RootRecord-Software-Solutions/RootRecord-Database
2026-09-30T03:12:34-10:00job:github_sync_all | * branch            main       -> FETCH_HEAD
2026-09-30T03:12:34-10:00job:github_sync_all | ↑ [database] local is ahead of GitHub
2026-09-30T03:12:34-10:00job:github_sync_all | To github.com:RootRecord-Software-Solutions/RootRecord-Database.git
2026-09-30T03:12:34-10:00job:github_sync_all | f041770..c956197  HEAD -> main
2026-09-30T03:12:34-10:00job:github_sync_all | branch 'main' set up to track 'origin/main'.
2026-09-30T03:12:34-10:00job:github_sync_all | ↑ [database] 9 files → RootRecord-Software-Solutions/RootRecord-Database (main)
2026-09-30T03:12:34-10:00job:github_sync_all | — [library] no local changes
2026-09-30T03:12:34-10:00job:github_sync_all | ↓ [library] fetching origin/main
2026-09-30T03:12:34-10:00job:github_sync_all | From github.com:RootRecord-Software-Solutions/RootRecord-Library
2026-09-30T03:12:34-10:00job:github_sync_all | * branch            main       -> FETCH_HEAD
2026-09-30T03:12:34-10:00job:github_sync_all | — [library] local and GitHub already match
2026-09-30T03:12:34-10:00job:github_sync_all | — [library] nothing to push
2026-09-30T03:12:34-10:00job:github_sync_all | — [skills] no local changes
2026-09-30T03:12:34-10:00job:github_sync_all | ↓ [skills] fetching origin/main
2026-09-30T03:12:34-10:00job:github_sync_all | From github.com:rootrecordsoftwaresolutions/Solar-Pacific-RootRecord-Server
2026-09-30T03:12:34-10:00job:github_sync_all | * branch            main       -> FETCH_HEAD
2026-09-30T03:12:34-10:00job:github_sync_all | — [skills] local and GitHub already match
2026-09-30T03:12:34-10:00job:github_sync_all | — [skills] nothing to push
2026-09-30T03:12:34-10:00job:worklog_scan RUN  bash "/home/rootrecord/RootRecord-Ecosystem/1 - Servers/1 - RootRecord-Pacific-Solar-Server/Reports/scripts/worklog_once.sh"
2026-09-30T03:12:39-10:00job:worklog_scan | OK wrote/updated /home/rootrecord/RootRecord-Ecosystem/2 - RootRecord-Database/Worklog/worklog_current.md
2026-09-30T03:12:39-10:00job:security_camera_frame_grab RUN  bash "/home/rootrecord/RootRecord-Ecosystem/1 - Servers/1 - RootRecord-Pacific-Solar-Server/Security/Cameras/grab_all.sh"
2026-09-30T03:12:54-10:00job:security_camera_frame_grab | 03:12:39  📷  a-eyes  ch1 → ch1-20260930T131239Z.jpg  (340.6 KB, 4.38s)
2026-09-30T03:12:54-10:00job:security_camera_frame_grab | 03:12:43  📷  a-eyes  ch2 → ch2-20260930T131243Z.jpg  (321.3 KB, 4.47s)
2026-09-30T03:12:54-10:00job:security_camera_frame_grab | 03:12:48  📷  a-eyes  ch3 → ch3-20260930T131248Z.jpg  (366.7 KB, 4.38s)
2026-09-30T03:12:54-10:00job:security_camera_frame_grab | 03:12:52  📷  a-eyes  ch4 → ch4-20260930T131252Z.jpg  (12.6 KB, 1.52s)
2026-09-30T03:12:54-10:00ENERGY  status=live  B2=1%  B1=14.3%  solar=0 W  ac=57 W  usbc=0 W  src=/home/rootrecord/RootRecord-Ecosystem/2 - RootRecord-Database/Energy  LAP=100%/Full/AC
2026-09-30T03:13:04-10:00  ✗  ecoflow_read_cycle  WAITING
2026-09-30T03:13:04-10:00job:sys_stats_cycle RUN  bash "/home/rootrecord/RootRecord-Ecosystem/1 - Servers/1 - RootRecord-Pacific-Solar-Server/System/scripts/sys-sample.sh"
2026-09-30T03:13:05-10:00job:sys_stats_cycle | SYSTEM  cpu=9%  load=1.56  mem=62%  src=sqlite
2026-09-30T03:13:05-10:00job:sys_stats_cycle | OK wrote /home/rootrecord/RootRecord-Ecosystem/2 - RootRecord-Database/System/samples/sys-20260930-031305.json
2026-09-30T03:13:41-10:00job:github_sync_all | — [ecosystem] no committable local changes
2026-09-30T03:13:41-10:00job:github_sync_all | ↓ [ecosystem] fetching origin/main
2026-09-30T03:13:41-10:00job:github_sync_all | From github.com:RootRecord-Software-Solutions/RootRecord-Ecosystem
2026-09-30T03:13:41-10:00job:github_sync_all | * branch            main       -> FETCH_HEAD
2026-09-30T03:13:41-10:00job:github_sync_all | — [ecosystem] local and GitHub already match
2026-09-30T03:13:41-10:00job:github_sync_all | — [ecosystem] nothing to push
2026-09-30T03:13:41-10:00job:github_sync_all | — [pacific] no local changes
2026-09-30T03:13:41-10:00job:github_sync_all | ↓ [pacific] fetching origin/main
2026-09-30T03:13:41-10:00job:github_sync_all | From github.com:RootRecord-Software-Solutions/RootRecord-Pacific-Solar-Server
2026-09-30T03:13:41-10:00job:github_sync_all | * branch            main       -> FETCH_HEAD
2026-09-30T03:13:41-10:00job:github_sync_all | — [pacific] local and GitHub already match
2026-09-30T03:13:41-10:00job:github_sync_all | — [pacific] nothing to push
2026-09-30T03:13:41-10:00job:github_sync_all | ↑ [database] committed 12 local file(s)
2026-09-30T03:13:41-10:00job:github_sync_all | ↓ [database] fetching origin/main
2026-09-30T03:13:41-10:00job:github_sync_all | From github.com:RootRecord-Software-Solutions/RootRecord-Database
2026-09-30T03:13:41-10:00job:github_sync_all | * branch            main       -> FETCH_HEAD
2026-09-30T03:13:41-10:00job:github_sync_all | ↑ [database] local is ahead of GitHub
2026-09-30T03:13:41-10:00job:github_sync_all | To github.com:RootRecord-Software-Solutions/RootRecord-Database.git
2026-09-30T03:13:41-10:00job:github_sync_all | c956197..75a7f69  HEAD -> main
2026-09-30T03:13:41-10:00job:github_sync_all | branch 'main' set up to track 'origin/main'.
2026-09-30T03:13:41-10:00job:github_sync_all | ↑ [database] 12 files → RootRecord-Software-Solutions/RootRecord-Database (main)
2026-09-30T03:13:41-10:00job:github_sync_all | — [library] no local changes
2026-09-30T03:13:41-10:00job:github_sync_all | ↓ [library] fetching origin/main
2026-09-30T03:13:41-10:00job:github_sync_all | From github.com:RootRecord-Software-Solutions/RootRecord-Library
2026-09-30T03:13:41-10:00job:github_sync_all | * branch            main       -> FETCH_HEAD
2026-09-30T03:13:41-10:00job:github_sync_all | — [library] local and GitHub already match
2026-09-30T03:13:41-10:00job:github_sync_all | — [library] nothing to push
2026-09-30T03:13:41-10:00job:github_sync_all | — [skills] no local changes
2026-09-30T03:13:41-10:00job:github_sync_all | ↓ [skills] fetching origin/main
2026-09-30T03:13:41-10:00job:github_sync_all | From github.com:rootrecordsoftwaresolutions/Solar-Pacific-RootRecord-Server
2026-09-30T03:13:41-10:00job:github_sync_all | * branch            main       -> FETCH_HEAD
2026-09-30T03:13:41-10:00job:github_sync_all | — [skills] local and GitHub already match
2026-09-30T03:13:41-10:00job:github_sync_all | — [skills] nothing to push
2026-09-30T03:13:41-10:00job:security_camera_frame_grab RUN  bash "/home/rootrecord/RootRecord-Ecosystem/1 - Servers/1 - RootRecord-Pacific-Solar-Server/Security/Cameras/grab_all.sh"
2026-09-30T03:13:56-10:00job:security_camera_frame_grab | 03:13:41  📷  a-eyes  ch1 → ch1-20260930T131341Z.jpg  (338.9 KB, 4.56s)
2026-09-30T03:13:56-10:00job:security_camera_frame_grab | 03:13:46  📷  a-eyes  ch2 → ch2-20260930T131346Z.jpg  (330.5 KB, 4.41s)
2026-09-30T03:13:56-10:00job:security_camera_frame_grab | 03:13:50  📷  a-eyes  ch3 → ch3-20260930T131350Z.jpg  (361.1 KB, 4.52s)
2026-09-30T03:13:56-10:00job:security_camera_frame_grab | 03:13:55  📷  a-eyes  ch4 → ch4-20260930T131355Z.jpg  (12.6 KB, 1.71s)
2026-09-30T03:13:57-10:00ENERGY  status=live  B2=1%  B1=14.3%  solar=0 W  ac=57 W  usbc=0 W  src=/home/rootrecord/RootRecord-Ecosystem/2 - RootRecord-Database/Energy  LAP=100%/Full/AC
2026-09-30T03:14:12-10:00  ▸  SUMMARY=river2pro soc=13.66% solar=0W ac_out=33W usbc=14W src=ble db=ok
2026-09-30T03:14:12-10:00job:sys_stats_cycle RUN  bash "/home/rootrecord/RootRecord-Ecosystem/1 - Servers/1 - RootRecord-Pacific-Solar-Server/System/scripts/sys-sample.sh"
2026-09-30T03:14:13-10:00job:sys_stats_cycle | SYSTEM  cpu=6%  load=1.19  mem=62%  src=sqlite
2026-09-30T03:14:13-10:00job:sys_stats_cycle | OK wrote /home/rootrecord/RootRecord-Ecosystem/2 - RootRecord-Database/System/samples/sys-20260930-031412.json
2026-09-30T03:14:49-10:00job:github_sync_all | — [ecosystem] no committable local changes
2026-09-30T03:14:49-10:00job:github_sync_all | ↓ [ecosystem] fetching origin/main
2026-09-30T03:14:49-10:00job:github_sync_all | From github.com:RootRecord-Software-Solutions/RootRecord-Ecosystem
2026-09-30T03:14:49-10:00job:github_sync_all | * branch            main       -> FETCH_HEAD
2026-09-30T03:14:49-10:00job:github_sync_all | — [ecosystem] local and GitHub already match
2026-09-30T03:14:49-10:00job:github_sync_all | — [ecosystem] nothing to push
2026-09-30T03:14:49-10:00job:github_sync_all | — [pacific] no local changes
2026-09-30T03:14:49-10:00job:github_sync_all | ↓ [pacific] fetching origin/main
2026-09-30T03:14:49-10:00job:github_sync_all | From github.com:RootRecord-Software-Solutions/RootRecord-Pacific-Solar-Server
2026-09-30T03:14:49-10:00job:github_sync_all | * branch            main       -> FETCH_HEAD
2026-09-30T03:14:49-10:00job:github_sync_all | — [pacific] local and GitHub already match
2026-09-30T03:14:49-10:00job:github_sync_all | — [pacific] nothing to push
2026-09-30T03:14:49-10:00job:github_sync_all | ↑ [database] committed 12 local file(s)
2026-09-30T03:14:49-10:00job:github_sync_all | ↓ [database] fetching origin/main
2026-09-30T03:14:49-10:00job:github_sync_all | From github.com:RootRecord-Software-Solutions/RootRecord-Database
2026-09-30T03:14:49-10:00job:github_sync_all | * branch            main       -> FETCH_HEAD
2026-09-30T03:14:49-10:00job:github_sync_all | ↑ [database] local is ahead of GitHub
2026-09-30T03:14:49-10:00job:github_sync_all | To github.com:RootRecord-Software-Solutions/RootRecord-Database.git
2026-09-30T03:14:49-10:00job:github_sync_all | 75a7f69..76995b2  HEAD -> main
2026-09-30T03:14:49-10:00job:github_sync_all | branch 'main' set up to track 'origin/main'.
2026-09-30T03:14:49-10:00job:github_sync_all | ↑ [database] 12 files → RootRecord-Software-Solutions/RootRecord-Database (main)
2026-09-30T03:14:49-10:00job:github_sync_all | — [library] no local changes
2026-09-30T03:14:49-10:00job:github_sync_all | ↓ [library] fetching origin/main
2026-09-30T03:14:49-10:00job:github_sync_all | From github.com:RootRecord-Software-Solutions/RootRecord-Library
2026-09-30T03:14:49-10:00job:github_sync_all | * branch            main       -> FETCH_HEAD
2026-09-30T03:14:49-10:00job:github_sync_all | — [library] local and GitHub already match
2026-09-30T03:14:49-10:00job:github_sync_all | — [library] nothing to push
2026-09-30T03:14:49-10:00job:github_sync_all | — [skills] no local changes
2026-09-30T03:14:49-10:00job:github_sync_all | ↓ [skills] fetching origin/main
2026-09-30T03:14:49-10:00job:github_sync_all | From github.com:rootrecordsoftwaresolutions/Solar-Pacific-RootRecord-Server
2026-09-30T03:14:49-10:00job:github_sync_all | * branch            main       -> FETCH_HEAD
2026-09-30T03:14:49-10:00job:github_sync_all | — [skills] local and GitHub already match
2026-09-30T03:14:49-10:00job:github_sync_all | — [skills] nothing to push
2026-09-30T03:14:49-10:00job:worklog_scan RUN  bash "/home/rootrecord/RootRecord-Ecosystem/1 - Servers/1 - RootRecord-Pacific-Solar-Server/Reports/scripts/worklog_once.sh"
2026-09-30T03:14:52-10:00job:worklog_scan | OK wrote/updated /home/rootrecord/RootRecord-Ecosystem/2 - RootRecord-Database/Worklog/worklog_current.md
2026-09-30T03:14:52-10:00job:security_camera_frame_grab RUN  bash "/home/rootrecord/RootRecord-Ecosystem/1 - Servers/1 - RootRecord-Pacific-Solar-Server/Security/Cameras/grab_all.sh"
2026-09-30T03:15:08-10:00job:security_camera_frame_grab | 03:14:52  📷  a-eyes  ch1 → ch1-20260930T131452Z.jpg  (339.5 KB, 4.40s)
2026-09-30T03:15:08-10:00job:security_camera_frame_grab | 03:14:57  📷  a-eyes  ch2 → ch2-20260930T131457Z.jpg  (324.2 KB, 4.49s)
2026-09-30T03:15:08-10:00job:security_camera_frame_grab | 03:15:01  📷  a-eyes  ch3 → ch3-20260930T131501Z.jpg  (340.2 KB, 4.67s)
2026-09-30T03:15:08-10:00job:security_camera_frame_grab | 03:15:06  📷  a-eyes  ch4 → ch4-20260930T131506Z.jpg  (12.6 KB, 1.48s)
2026-09-30T03:15:08-10:00ENERGY  status=live  B2=1%  B1=13.7%  solar=0 W  ac=57 W  usbc=0 W  src=/home/rootrecord/RootRecord-Ecosystem/2 - RootRecord-Database/Energy  LAP=100%/Full/AC
2026-09-30T03:15:23-10:00  ▸  SUMMARY=river2pro soc=13.44% solar=0W ac_out=37W usbc=23W src=ble db=ok
2026-09-30T03:15:23-10:00job:sys_stats_cycle RUN  bash "/home/rootrecord/RootRecord-Ecosystem/1 - Servers/1 - RootRecord-Pacific-Solar-Server/System/scripts/sys-sample.sh"
2026-09-30T03:15:24-10:00job:sys_stats_cycle | SYSTEM  cpu=7%  load=0.82  mem=62%  src=sqlite
2026-09-30T03:15:24-10:00job:sys_stats_cycle | OK wrote /home/rootrecord/RootRecord-Ecosystem/2 - RootRecord-Database/System/samples/sys-20260930-031524.json
2026-09-30T03:15:58-10:00job:github_sync_all | — [ecosystem] no committable local changes
2026-09-30T03:15:58-10:00job:github_sync_all | ↓ [ecosystem] fetching origin/main
2026-09-30T03:15:58-10:00job:github_sync_all | From github.com:RootRecord-Software-Solutions/RootRecord-Ecosystem
2026-09-30T03:15:58-10:00job:github_sync_all | * branch            main       -> FETCH_HEAD
2026-09-30T03:15:58-10:00job:github_sync_all | — [ecosystem] local and GitHub already match
2026-09-30T03:15:58-10:00job:github_sync_all | — [ecosystem] nothing to push
2026-09-30T03:15:58-10:00job:github_sync_all | — [pacific] no local changes
2026-09-30T03:15:58-10:00job:github_sync_all | ↓ [pacific] fetching origin/main
2026-09-30T03:15:58-10:00job:github_sync_all | From github.com:RootRecord-Software-Solutions/RootRecord-Pacific-Solar-Server
2026-09-30T03:15:58-10:00job:github_sync_all | * branch            main       -> FETCH_HEAD
2026-09-30T03:15:58-10:00job:github_sync_all | — [pacific] local and GitHub already match
2026-09-30T03:15:58-10:00job:github_sync_all | — [pacific] nothing to push
2026-09-30T03:15:58-10:00job:github_sync_all | ↑ [database] committed 17 local file(s)
2026-09-30T03:15:58-10:00job:github_sync_all | ↓ [database] fetching origin/main
2026-09-30T03:15:58-10:00job:github_sync_all | From github.com:RootRecord-Software-Solutions/RootRecord-Database
2026-09-30T03:15:58-10:00job:github_sync_all | * branch            main       -> FETCH_HEAD
2026-09-30T03:15:58-10:00job:github_sync_all | ↑ [database] local is ahead of GitHub
2026-09-30T03:15:58-10:00job:github_sync_all | To github.com:RootRecord-Software-Solutions/RootRecord-Database.git
2026-09-30T03:15:58-10:00job:github_sync_all | 76995b2..f15ba21  HEAD -> main
2026-09-30T03:15:58-10:00job:github_sync_all | branch 'main' set up to track 'origin/main'.
2026-09-30T03:15:58-10:00job:github_sync_all | ↑ [database] 17 files → RootRecord-Software-Solutions/RootRecord-Database (main)
2026-09-30T03:15:58-10:00job:github_sync_all | — [library] no local changes
2026-09-30T03:15:58-10:00job:github_sync_all | ↓ [library] fetching origin/main
2026-09-30T03:15:58-10:00job:github_sync_all | From github.com:RootRecord-Software-Solutions/RootRecord-Library
2026-09-30T03:15:58-10:00job:github_sync_all | * branch            main       -> FETCH_HEAD
2026-09-30T03:15:58-10:00job:github_sync_all | — [library] local and GitHub already match
2026-09-30T03:15:58-10:00job:github_sync_all | — [library] nothing to push
2026-09-30T03:15:58-10:00job:github_sync_all | — [skills] no local changes
2026-09-30T03:15:58-10:00job:github_sync_all | ↓ [skills] fetching origin/main
2026-09-30T03:15:58-10:00job:github_sync_all | From github.com:rootrecordsoftwaresolutions/Solar-Pacific-RootRecord-Server
2026-09-30T03:15:58-10:00job:github_sync_all | * branch            main       -> FETCH_HEAD
2026-09-30T03:15:58-10:00job:github_sync_all | — [skills] local and GitHub already match
2026-09-30T03:15:58-10:00job:github_sync_all | — [skills] nothing to push
2026-09-30T03:15:58-10:00job:security_camera_frame_grab RUN  bash "/home/rootrecord/RootRecord-Ecosystem/1 - Servers/1 - RootRecord-Pacific-Solar-Server/Security/Cameras/grab_all.sh"
2026-09-30T03:16:14-10:00job:security_camera_frame_grab | 03:15:58  📷  a-eyes  ch1 → ch1-20260930T131558Z.jpg  (341.6 KB, 4.24s)
2026-09-30T03:16:14-10:00job:security_camera_frame_grab | 03:16:02  📷  a-eyes  ch2 → ch2-20260930T131602Z.jpg  (324.4 KB, 4.39s)
2026-09-30T03:16:14-10:00job:security_camera_frame_grab | 03:16:07  📷  a-eyes  ch3 → ch3-20260930T131607Z.jpg  (333.7 KB, 5.44s)
2026-09-30T03:16:14-10:00job:security_camera_frame_grab | 03:16:12  📷  a-eyes  ch4 → ch4-20260930T131612Z.jpg  (12.6 KB, 1.69s)
2026-09-30T03:16:14-10:00job:service_supervisor RUN  bash "/home/rootrecord/RootRecord-Ecosystem/1 - Servers/1 - RootRecord-Pacific-Solar-Server/Automations/scripts/supervise-services.sh"
2026-09-30T03:16:14-10:00job:service_supervisor | [supervisor] weather alive pid=304140 304463 305661 305866 308654 309134 309348 309668 313159 342702 392716 (act)
2026-09-30T03:16:14-10:00job:service_supervisor | [supervisor] relay alive pid=4374 (act)
2026-09-30T03:16:14-10:00ENERGY  status=live  B2=1%  B1=13.4%  solar=0 W  ac=57 W  usbc=0 W  src=/home/rootrecord/RootRecord-Ecosystem/2 - RootRecord-Database/Energy  LAP=100%/Full/AC
2026-09-30T03:16:25-10:00  ✗  ecoflow_read_cycle  WAITING
2026-09-30T03:16:25-10:00job:sys_stats_cycle RUN  bash "/home/rootrecord/RootRecord-Ecosystem/1 - Servers/1 - RootRecord-Pacific-Solar-Server/System/scripts/sys-sample.sh"
2026-09-30T03:16:25-10:00job:sys_stats_cycle | SYSTEM  cpu=18%  load=1.04  mem=62%  src=sqlite
2026-09-30T03:16:25-10:00job:sys_stats_cycle | OK wrote /home/rootrecord/RootRecord-Ecosystem/2 - RootRecord-Database/System/samples/sys-20260930-031625.json
2026-09-30T03:17:04-10:00job:github_sync_all | ↑ [ecosystem] committed 1 local file(s)
2026-09-30T03:17:04-10:00job:github_sync_all | ↓ [ecosystem] fetching origin/main
2026-09-30T03:17:04-10:00job:github_sync_all | From github.com:RootRecord-Software-Solutions/RootRecord-Ecosystem
2026-09-30T03:17:04-10:00job:github_sync_all | * branch            main       -> FETCH_HEAD
2026-09-30T03:17:04-10:00job:github_sync_all | ↑ [ecosystem] local is ahead of GitHub
2026-09-30T03:17:04-10:00job:github_sync_all | To github.com:RootRecord-Software-Solutions/RootRecord-Ecosystem.git
2026-09-30T03:17:04-10:00job:github_sync_all | d79c54c..d2dd8fd  HEAD -> main
2026-09-30T03:17:04-10:00job:github_sync_all | branch 'main' set up to track 'origin/main'.
2026-09-30T03:17:04-10:00job:github_sync_all | ↑ [ecosystem] 1 files → RootRecord-Software-Solutions/RootRecord-Ecosystem (main)
2026-09-30T03:17:04-10:00job:github_sync_all | ↑ [pacific] committed 1 local file(s)
2026-09-30T03:17:04-10:00job:github_sync_all | ↓ [pacific] fetching origin/main
2026-09-30T03:17:04-10:00job:github_sync_all | From github.com:RootRecord-Software-Solutions/RootRecord-Pacific-Solar-Server
2026-09-30T03:17:04-10:00job:github_sync_all | * branch            main       -> FETCH_HEAD
2026-09-30T03:17:04-10:00job:github_sync_all | ↑ [pacific] local is ahead of GitHub
2026-09-30T03:17:04-10:00job:github_sync_all | To github.com:RootRecord-Software-Solutions/RootRecord-Pacific-Solar-Server.git
2026-09-30T03:17:04-10:00job:github_sync_all | 5574518..f91ae39  HEAD -> main
2026-09-30T03:17:04-10:00job:github_sync_all | branch 'main' set up to track 'origin/main'.
2026-09-30T03:17:04-10:00job:github_sync_all | ↑ [pacific] 1 files → RootRecord-Software-Solutions/RootRecord-Pacific-Solar-Server (main)
2026-09-30T03:17:04-10:00job:github_sync_all | ↑ [database] committed 9 local file(s)
2026-09-30T03:17:04-10:00job:github_sync_all | ↓ [database] fetching origin/main
2026-09-30T03:17:04-10:00job:github_sync_all | From github.com:RootRecord-Software-Solutions/RootRecord-Database
2026-09-30T03:17:04-10:00job:github_sync_all | * branch            main       -> FETCH_HEAD
2026-09-30T03:17:04-10:00job:github_sync_all | ↑ [database] local is ahead of GitHub
2026-09-30T03:17:04-10:00job:github_sync_all | To github.com:RootRecord-Software-Solutions/RootRecord-Database.git
2026-09-30T03:17:04-10:00job:github_sync_all | f15ba21..53407c6  HEAD -> main
2026-09-30T03:17:04-10:00job:github_sync_all | branch 'main' set up to track 'origin/main'.
2026-09-30T03:17:04-10:00job:github_sync_all | ↑ [database] 9 files → RootRecord-Software-Solutions/RootRecord-Database (main)
2026-09-30T03:17:04-10:00job:github_sync_all | — [library] no local changes
2026-09-30T03:17:04-10:00job:github_sync_all | ↓ [library] fetching origin/main
2026-09-30T03:17:04-10:00job:github_sync_all | From github.com:RootRecord-Software-Solutions/RootRecord-Library
2026-09-30T03:17:04-10:00job:github_sync_all | * branch            main       -> FETCH_HEAD
2026-09-30T03:17:04-10:00job:github_sync_all | — [library] local and GitHub already match
2026-09-30T03:17:04-10:00job:github_sync_all | — [library] nothing to push
2026-09-30T03:17:04-10:00job:github_sync_all | — [skills] no local changes
2026-09-30T03:17:04-10:00job:github_sync_all | ↓ [skills] fetching origin/main
2026-09-30T03:17:04-10:00job:github_sync_all | From github.com:rootrecordsoftwaresolutions/Solar-Pacific-RootRecord-Server
2026-09-30T03:17:04-10:00job:github_sync_all | * branch            main       -> FETCH_HEAD
2026-09-30T03:17:04-10:00job:github_sync_all | — [skills] local and GitHub already match
2026-09-30T03:17:04-10:00job:github_sync_all | — [skills] nothing to push
2026-09-30T03:17:04-10:00job:worklog_scan RUN  bash "/home/rootrecord/RootRecord-Ecosystem/1 - Servers/1 - RootRecord-Pacific-Solar-Server/Reports/scripts/worklog_once.sh"
2026-09-30T03:17:11-10:00job:worklog_scan | OK wrote/updated /home/rootrecord/RootRecord-Ecosystem/2 - RootRecord-Database/Worklog/worklog_current.md
2026-09-30T03:17:11-10:00job:security_camera_frame_grab RUN  bash "/home/rootrecord/RootRecord-Ecosystem/1 - Servers/1 - RootRecord-Pacific-Solar-Server/Security/Cameras/grab_all.sh"
2026-09-30T03:17:26-10:00job:security_camera_frame_grab | 03:17:11  📷  a-eyes  ch1 → ch1-20260930T131711Z.jpg  (338.9 KB, 4.60s)
2026-09-30T03:17:26-10:00job:security_camera_frame_grab | 03:17:15  📷  a-eyes  ch2 → ch2-20260930T131715Z.jpg  (330.0 KB, 4.49s)
2026-09-30T03:17:26-10:00job:security_camera_frame_grab | 03:17:20  📷  a-eyes  ch3 → ch3-20260930T131720Z.jpg  (321.0 KB, 4.47s)
2026-09-30T03:17:26-10:00job:security_camera_frame_grab | 03:17:24  📷  a-eyes  ch4 → ch4-20260930T131724Z.jpg  (12.5 KB, 1.60s)
2026-09-30T03:17:26-10:00ENERGY  status=live  B2=1%  B1=13.4%  solar=0 W  ac=57 W  usbc=0 W  src=/home/rootrecord/RootRecord-Ecosystem/2 - RootRecord-Database/Energy  LAP=100%/Full/AC
2026-09-30T03:17:41-10:00  ▸  SUMMARY=river2pro soc=12.93% solar=0W ac_out=64W usbc=29W src=ble db=ok
2026-09-30T03:17:41-10:00job:sys_stats_cycle RUN  bash "/home/rootrecord/RootRecord-Ecosystem/1 - Servers/1 - RootRecord-Pacific-Solar-Server/System/scripts/sys-sample.sh"
2026-09-30T03:17:42-10:00job:sys_stats_cycle | SYSTEM  cpu=16%  load=1.25  mem=62%  src=sqlite
2026-09-30T03:17:42-10:00job:sys_stats_cycle | OK wrote /home/rootrecord/RootRecord-Ecosystem/2 - RootRecord-Database/System/samples/sys-20260930-031741.json
2026-09-30T03:18:18-10:00job:github_sync_all | — [ecosystem] no committable local changes
2026-09-30T03:18:18-10:00job:github_sync_all | ↓ [ecosystem] fetching origin/main
2026-09-30T03:18:18-10:00job:github_sync_all | From github.com:RootRecord-Software-Solutions/RootRecord-Ecosystem
2026-09-30T03:18:18-10:00job:github_sync_all | * branch            main       -> FETCH_HEAD
2026-09-30T03:18:18-10:00job:github_sync_all | — [ecosystem] local and GitHub already match
2026-09-30T03:18:18-10:00job:github_sync_all | — [ecosystem] nothing to push
2026-09-30T03:18:18-10:00job:github_sync_all | — [pacific] no local changes
2026-09-30T03:18:18-10:00job:github_sync_all | ↓ [pacific] fetching origin/main
2026-09-30T03:18:18-10:00job:github_sync_all | From github.com:RootRecord-Software-Solutions/RootRecord-Pacific-Solar-Server
2026-09-30T03:18:18-10:00job:github_sync_all | * branch            main       -> FETCH_HEAD
2026-09-30T03:18:18-10:00job:github_sync_all | — [pacific] local and GitHub already match
2026-09-30T03:18:18-10:00job:github_sync_all | — [pacific] nothing to push
2026-09-30T03:18:18-10:00job:github_sync_all | ↑ [database] committed 15 local file(s)
2026-09-30T03:18:18-10:00job:github_sync_all | ↓ [database] fetching origin/main
2026-09-30T03:18:18-10:00job:github_sync_all | From github.com:RootRecord-Software-Solutions/RootRecord-Database
2026-09-30T03:18:18-10:00job:github_sync_all | * branch            main       -> FETCH_HEAD
2026-09-30T03:18:18-10:00job:github_sync_all | ↑ [database] local is ahead of GitHub
2026-09-30T03:18:18-10:00job:github_sync_all | To github.com:RootRecord-Software-Solutions/RootRecord-Database.git
2026-09-30T03:18:18-10:00job:github_sync_all | 53407c6..86ec0d9  HEAD -> main
2026-09-30T03:18:18-10:00job:github_sync_all | branch 'main' set up to track 'origin/main'.
2026-09-30T03:18:18-10:00job:github_sync_all | ↑ [database] 15 files → RootRecord-Software-Solutions/RootRecord-Database (main)
2026-09-30T03:18:18-10:00job:github_sync_all | — [library] no local changes
2026-09-30T03:18:18-10:00job:github_sync_all | ↓ [library] fetching origin/main
2026-09-30T03:18:18-10:00job:github_sync_all | From github.com:RootRecord-Software-Solutions/RootRecord-Library
2026-09-30T03:18:18-10:00job:github_sync_all | * branch            main       -> FETCH_HEAD
2026-09-30T03:18:18-10:00job:github_sync_all | — [library] local and GitHub already match
2026-09-30T03:18:18-10:00job:github_sync_all | — [library] nothing to push
2026-09-30T03:18:18-10:00job:github_sync_all | — [skills] no local changes
2026-09-30T03:18:18-10:00job:github_sync_all | ↓ [skills] fetching origin/main
2026-09-30T03:18:18-10:00job:github_sync_all | From github.com:rootrecordsoftwaresolutions/Solar-Pacific-RootRecord-Server
2026-09-30T03:18:18-10:00job:github_sync_all | * branch            main       -> FETCH_HEAD
2026-09-30T03:18:18-10:00job:github_sync_all | — [skills] local and GitHub already match
2026-09-30T03:18:18-10:00job:github_sync_all | — [skills] nothing to push
2026-09-30T03:18:18-10:00job:security_camera_frame_grab RUN  bash "/home/rootrecord/RootRecord-Ecosystem/1 - Servers/1 - RootRecord-Pacific-Solar-Server/Security/Cameras/grab_all.sh"
2026-09-30T03:18:33-10:00job:security_camera_frame_grab | 03:18:18  📷  a-eyes  ch1 → ch1-20260930T131818Z.jpg  (340.7 KB, 4.63s)
2026-09-30T03:18:33-10:00job:security_camera_frame_grab | 03:18:23  📷  a-eyes  ch2 → ch2-20260930T131823Z.jpg  (327.7 KB, 4.49s)
2026-09-30T03:18:33-10:00job:security_camera_frame_grab | 03:18:27  📷  a-eyes  ch3 → ch3-20260930T131827Z.jpg  (316.0 KB, 4.27s)
2026-09-30T03:18:33-10:00job:security_camera_frame_grab | 03:18:31  📷  a-eyes  ch4 → ch4-20260930T131831Z.jpg  (12.6 KB, 1.70s)
2026-09-30T03:18:33-10:00ENERGY  status=live  B2=1%  B1=12.9%  solar=0 W  ac=57 W  usbc=0 W  src=/home/rootrecord/RootRecord-Ecosystem/2 - RootRecord-Database/Energy  LAP=100%/Full/AC
2026-09-30T03:18:44-10:00  ✗  ecoflow_read_cycle  WAITING
2026-09-30T03:18:44-10:00job:sys_stats_cycle RUN  bash "/home/rootrecord/RootRecord-Ecosystem/1 - Servers/1 - RootRecord-Pacific-Solar-Server/System/scripts/sys-sample.sh"
2026-09-30T03:18:45-10:00job:sys_stats_cycle | SYSTEM  cpu=12%  load=2.08  mem=62%  src=sqlite
2026-09-30T03:18:45-10:00job:sys_stats_cycle | OK wrote /home/rootrecord/RootRecord-Ecosystem/2 - RootRecord-Database/System/samples/sys-20260930-031844.json
2026-09-30T03:19:22-10:00job:github_sync_all | — [ecosystem] no committable local changes
2026-09-30T03:19:22-10:00job:github_sync_all | ↓ [ecosystem] fetching origin/main
2026-09-30T03:19:22-10:00job:github_sync_all | From github.com:RootRecord-Software-Solutions/RootRecord-Ecosystem
2026-09-30T03:19:22-10:00job:github_sync_all | * branch            main       -> FETCH_HEAD
2026-09-30T03:19:22-10:00job:github_sync_all | — [ecosystem] local and GitHub already match
2026-09-30T03:19:22-10:00job:github_sync_all | — [ecosystem] nothing to push
2026-09-30T03:19:22-10:00job:github_sync_all | — [pacific] no local changes
2026-09-30T03:19:22-10:00job:github_sync_all | ↓ [pacific] fetching origin/main
2026-09-30T03:19:22-10:00job:github_sync_all | From github.com:RootRecord-Software-Solutions/RootRecord-Pacific-Solar-Server
2026-09-30T03:19:22-10:00job:github_sync_all | * branch            main       -> FETCH_HEAD
2026-09-30T03:19:22-10:00job:github_sync_all | — [pacific] local and GitHub already match
2026-09-30T03:19:22-10:00job:github_sync_all | — [pacific] nothing to push
2026-09-30T03:19:22-10:00job:github_sync_all | ↑ [database] committed 9 local file(s)
2026-09-30T03:19:22-10:00job:github_sync_all | ↓ [database] fetching origin/main
2026-09-30T03:19:22-10:00job:github_sync_all | From github.com:RootRecord-Software-Solutions/RootRecord-Database
2026-09-30T03:19:22-10:00job:github_sync_all | * branch            main       -> FETCH_HEAD
2026-09-30T03:19:22-10:00job:github_sync_all | ↑ [database] local is ahead of GitHub
2026-09-30T03:19:22-10:00job:github_sync_all | To github.com:RootRecord-Software-Solutions/RootRecord-Database.git
2026-09-30T03:19:22-10:00job:github_sync_all | 86ec0d9..cacf2b9  HEAD -> main
2026-09-30T03:19:22-10:00job:github_sync_all | branch 'main' set up to track 'origin/main'.
2026-09-30T03:19:22-10:00job:github_sync_all | ↑ [database] 9 files → RootRecord-Software-Solutions/RootRecord-Database (main)
2026-09-30T03:19:22-10:00job:github_sync_all | — [library] no local changes
2026-09-30T03:19:22-10:00job:github_sync_all | ↓ [library] fetching origin/main
2026-09-30T03:19:22-10:00job:github_sync_all | From github.com:RootRecord-Software-Solutions/RootRecord-Library
2026-09-30T03:19:22-10:00job:github_sync_all | * branch            main       -> FETCH_HEAD
2026-09-30T03:19:22-10:00job:github_sync_all | — [library] local and GitHub already match
2026-09-30T03:19:22-10:00job:github_sync_all | — [library] nothing to push
2026-09-30T03:19:22-10:00job:github_sync_all | — [skills] no local changes
2026-09-30T03:19:22-10:00job:github_sync_all | ↓ [skills] fetching origin/main
2026-09-30T03:19:22-10:00job:github_sync_all | From github.com:rootrecordsoftwaresolutions/Solar-Pacific-RootRecord-Server
2026-09-30T03:19:22-10:00job:github_sync_all | * branch            main       -> FETCH_HEAD
2026-09-30T03:19:22-10:00job:github_sync_all | — [skills] local and GitHub already match
2026-09-30T03:19:22-10:00job:github_sync_all | — [skills] nothing to push
2026-09-30T03:19:22-10:00job:worklog_scan RUN  bash "/home/rootrecord/RootRecord-Ecosystem/1 - Servers/1 - RootRecord-Pacific-Solar-Server/Reports/scripts/worklog_once.sh"
2026-09-30T03:19:25-10:00job:worklog_scan | OK wrote/updated /home/rootrecord/RootRecord-Ecosystem/2 - RootRecord-Database/Worklog/worklog_current.md
2026-09-30T03:19:25-10:00job:security_camera_frame_grab RUN  bash "/home/rootrecord/RootRecord-Ecosystem/1 - Servers/1 - RootRecord-Pacific-Solar-Server/Security/Cameras/grab_all.sh"
2026-09-30T03:19:40-10:00job:security_camera_frame_grab | 03:19:25  📷  a-eyes  ch1 → ch1-20260930T131925Z.jpg  (341.0 KB, 4.34s)
2026-09-30T03:19:40-10:00job:security_camera_frame_grab | 03:19:30  📷  a-eyes  ch2 → ch2-20260930T131930Z.jpg  (335.9 KB, 4.45s)
2026-09-30T03:19:40-10:00job:security_camera_frame_grab | 03:19:34  📷  a-eyes  ch3 → ch3-20260930T131934Z.jpg  (350.0 KB, 4.41s)
2026-09-30T03:19:40-10:00job:security_camera_frame_grab | 03:19:39  📷  a-eyes  ch4 → ch4-20260930T131939Z.jpg  (12.6 KB, 1.52s)
2026-09-30T03:19:41-10:00ENERGY  status=live  B2=1%  B1=12.9%  solar=0 W  ac=57 W  usbc=0 W  src=/home/rootrecord/RootRecord-Ecosystem/2 - RootRecord-Database/Energy  LAP=100%/Full/AC
2026-09-30T03:19:51-10:00  ✗  ecoflow_read_cycle  WAITING
2026-09-30T03:19:51-10:00job:sys_stats_cycle RUN  bash "/home/rootrecord/RootRecord-Ecosystem/1 - Servers/1 - RootRecord-Pacific-Solar-Server/System/scripts/sys-sample.sh"
2026-09-30T03:19:52-10:00job:sys_stats_cycle | SYSTEM  cpu=17%  load=2.05  mem=61%  src=sqlite
2026-09-30T03:19:52-10:00job:sys_stats_cycle | OK wrote /home/rootrecord/RootRecord-Ecosystem/2 - RootRecord-Database/System/samples/sys-20260930-031952.json
2026-09-30T03:20:28-10:00job:github_sync_all | — [ecosystem] no committable local changes
2026-09-30T03:20:28-10:00job:github_sync_all | ↓ [ecosystem] fetching origin/main
2026-09-30T03:20:28-10:00job:github_sync_all | From github.com:RootRecord-Software-Solutions/RootRecord-Ecosystem
2026-09-30T03:20:28-10:00job:github_sync_all | * branch            main       -> FETCH_HEAD
2026-09-30T03:20:28-10:00job:github_sync_all | — [ecosystem] local and GitHub already match
2026-09-30T03:20:28-10:00job:github_sync_all | — [ecosystem] nothing to push
2026-09-30T03:20:28-10:00job:github_sync_all | — [pacific] no local changes
2026-09-30T03:20:28-10:00job:github_sync_all | ↓ [pacific] fetching origin/main
2026-09-30T03:20:28-10:00job:github_sync_all | From github.com:RootRecord-Software-Solutions/RootRecord-Pacific-Solar-Server
2026-09-30T03:20:28-10:00job:github_sync_all | * branch            main       -> FETCH_HEAD
2026-09-30T03:20:28-10:00job:github_sync_all | — [pacific] local and GitHub already match
2026-09-30T03:20:28-10:00job:github_sync_all | — [pacific] nothing to push
2026-09-30T03:20:28-10:00job:github_sync_all | ↑ [database] committed 13 local file(s)
2026-09-30T03:20:28-10:00job:github_sync_all | ↓ [database] fetching origin/main
2026-09-30T03:20:28-10:00job:github_sync_all | From github.com:RootRecord-Software-Solutions/RootRecord-Database
2026-09-30T03:20:28-10:00job:github_sync_all | * branch            main       -> FETCH_HEAD
2026-09-30T03:20:28-10:00job:github_sync_all | ↑ [database] local is ahead of GitHub
2026-09-30T03:20:28-10:00job:github_sync_all | To github.com:RootRecord-Software-Solutions/RootRecord-Database.git
2026-09-30T03:20:28-10:00job:github_sync_all | cacf2b9..d1f09f7  HEAD -> main
2026-09-30T03:20:28-10:00job:github_sync_all | branch 'main' set up to track 'origin/main'.
2026-09-30T03:20:28-10:00job:github_sync_all | ↑ [database] 13 files → RootRecord-Software-Solutions/RootRecord-Database (main)
2026-09-30T03:20:28-10:00job:github_sync_all | — [library] no local changes
2026-09-30T03:20:28-10:00job:github_sync_all | ↓ [library] fetching origin/main
2026-09-30T03:20:28-10:00job:github_sync_all | From github.com:RootRecord-Software-Solutions/RootRecord-Library
2026-09-30T03:20:28-10:00job:github_sync_all | * branch            main       -> FETCH_HEAD
2026-09-30T03:20:28-10:00job:github_sync_all | — [library] local and GitHub already match
2026-09-30T03:20:28-10:00job:github_sync_all | — [library] nothing to push
2026-09-30T03:20:28-10:00job:github_sync_all | — [skills] no local changes
2026-09-30T03:20:28-10:00job:github_sync_all | ↓ [skills] fetching origin/main
2026-09-30T03:20:28-10:00job:github_sync_all | From github.com:rootrecordsoftwaresolutions/Solar-Pacific-RootRecord-Server
2026-09-30T03:20:28-10:00job:github_sync_all | * branch            main       -> FETCH_HEAD
2026-09-30T03:20:28-10:00job:github_sync_all | — [skills] local and GitHub already match
2026-09-30T03:20:28-10:00job:github_sync_all | — [skills] nothing to push
2026-09-30T03:20:28-10:00job:security_camera_frame_grab RUN  bash "/home/rootrecord/RootRecord-Ecosystem/1 - Servers/1 - RootRecord-Pacific-Solar-Server/Security/Cameras/grab_all.sh"
2026-09-30T03:20:43-10:00job:security_camera_frame_grab | 03:20:28  📷  a-eyes  ch1 → ch1-20260930T132028Z.jpg  (337.7 KB, 4.44s)
2026-09-30T03:20:43-10:00job:security_camera_frame_grab | 03:20:33  📷  a-eyes  ch2 → ch2-20260930T132033Z.jpg  (287.0 KB, 4.47s)
2026-09-30T03:20:43-10:00job:security_camera_frame_grab | 03:20:37  📷  a-eyes  ch3 → ch3-20260930T132037Z.jpg  (335.1 KB, 4.39s)
2026-09-30T03:20:43-10:00job:security_camera_frame_grab | 03:20:42  📷  a-eyes  ch4 → ch4-20260930T132042Z.jpg  (12.7 KB, 1.82s)
2026-09-30T03:20:44-10:00ENERGY  status=live  B2=1%  B1=12.9%  solar=0 W  ac=57 W  usbc=0 W  src=/home/rootrecord/RootRecord-Ecosystem/2 - RootRecord-Database/Energy  LAP=100%/Full/AC
2026-09-30T03:20:54-10:00  ✗  ecoflow_read_cycle  WAITING
2026-09-30T03:20:54-10:00job:sys_stats_cycle RUN  bash "/home/rootrecord/RootRecord-Ecosystem/1 - Servers/1 - RootRecord-Pacific-Solar-Server/System/scripts/sys-sample.sh"
2026-09-30T03:20:55-10:00job:sys_stats_cycle | SYSTEM  cpu=18%  load=2.42  mem=61%  src=sqlite
2026-09-30T03:20:55-10:00job:sys_stats_cycle | OK wrote /home/rootrecord/RootRecord-Ecosystem/2 - RootRecord-Database/System/samples/sys-20260930-032055.json
2026-09-30T03:21:28-10:00job:github_sync_all | — [ecosystem] no committable local changes
2026-09-30T03:21:28-10:00job:github_sync_all | ↓ [ecosystem] fetching origin/main
2026-09-30T03:21:28-10:00job:github_sync_all | From github.com:RootRecord-Software-Solutions/RootRecord-Ecosystem
2026-09-30T03:21:28-10:00job:github_sync_all | * branch            main       -> FETCH_HEAD
2026-09-30T03:21:28-10:00job:github_sync_all | — [ecosystem] local and GitHub already match
2026-09-30T03:21:28-10:00job:github_sync_all | — [ecosystem] nothing to push
2026-09-30T03:21:28-10:00job:github_sync_all | — [pacific] no local changes
2026-09-30T03:21:28-10:00job:github_sync_all | ↓ [pacific] fetching origin/main
2026-09-30T03:21:28-10:00job:github_sync_all | From github.com:RootRecord-Software-Solutions/RootRecord-Pacific-Solar-Server
2026-09-30T03:21:28-10:00job:github_sync_all | * branch            main       -> FETCH_HEAD
2026-09-30T03:21:28-10:00job:github_sync_all | — [pacific] local and GitHub already match
2026-09-30T03:21:28-10:00job:github_sync_all | — [pacific] nothing to push
2026-09-30T03:21:28-10:00job:github_sync_all | ↑ [database] committed 10 local file(s)
2026-09-30T03:21:28-10:00job:github_sync_all | ↓ [database] fetching origin/main
2026-09-30T03:21:28-10:00job:github_sync_all | From github.com:RootRecord-Software-Solutions/RootRecord-Database
2026-09-30T03:21:28-10:00job:github_sync_all | * branch            main       -> FETCH_HEAD
2026-09-30T03:21:28-10:00job:github_sync_all | ↑ [database] local is ahead of GitHub
2026-09-30T03:21:29-10:00job:github_sync_all | To github.com:RootRecord-Software-Solutions/RootRecord-Database.git
2026-09-30T03:21:29-10:00job:github_sync_all | d1f09f7..0bff01e  HEAD -> main
2026-09-30T03:21:29-10:00job:github_sync_all | branch 'main' set up to track 'origin/main'.
2026-09-30T03:21:29-10:00job:github_sync_all | ↑ [database] 10 files → RootRecord-Software-Solutions/RootRecord-Database (main)
2026-09-30T03:21:29-10:00job:github_sync_all | — [library] no local changes
2026-09-30T03:21:29-10:00job:github_sync_all | ↓ [library] fetching origin/main
2026-09-30T03:21:29-10:00job:github_sync_all | From github.com:RootRecord-Software-Solutions/RootRecord-Library
2026-09-30T03:21:29-10:00job:github_sync_all | * branch            main       -> FETCH_HEAD
2026-09-30T03:21:29-10:00job:github_sync_all | — [library] local and GitHub already match
2026-09-30T03:21:29-10:00job:github_sync_all | — [library] nothing to push
2026-09-30T03:21:29-10:00job:github_sync_all | — [skills] no local changes
2026-09-30T03:21:29-10:00job:github_sync_all | ↓ [skills] fetching origin/main
2026-09-30T03:21:29-10:00job:github_sync_all | From github.com:rootrecordsoftwaresolutions/Solar-Pacific-RootRecord-Server
2026-09-30T03:21:29-10:00job:github_sync_all | * branch            main       -> FETCH_HEAD
2026-09-30T03:21:29-10:00job:github_sync_all | — [skills] local and GitHub already match
2026-09-30T03:21:29-10:00job:github_sync_all | — [skills] nothing to push
2026-09-30T03:21:29-10:00job:worklog_scan RUN  bash "/home/rootrecord/RootRecord-Ecosystem/1 - Servers/1 - RootRecord-Pacific-Solar-Server/Reports/scripts/worklog_once.sh"
2026-09-30T03:21:32-10:00job:worklog_scan | OK wrote/updated /home/rootrecord/RootRecord-Ecosystem/2 - RootRecord-Database/Worklog/worklog_current.md
2026-09-30T03:21:32-10:00job:security_camera_frame_grab RUN  bash "/home/rootrecord/RootRecord-Ecosystem/1 - Servers/1 - RootRecord-Pacific-Solar-Server/Security/Cameras/grab_all.sh"
2026-09-30T03:21:47-10:00job:security_camera_frame_grab | 03:21:32  📷  a-eyes  ch1 → ch1-20260930T132132Z.jpg  (339.9 KB, 4.46s)
2026-09-30T03:21:47-10:00job:security_camera_frame_grab | 03:21:37  📷  a-eyes  ch2 → ch2-20260930T132137Z.jpg  (288.8 KB, 4.26s)
2026-09-30T03:21:47-10:00job:security_camera_frame_grab | 03:21:41  📷  a-eyes  ch3 → ch3-20260930T132141Z.jpg  (330.1 KB, 4.38s)
2026-09-30T03:21:47-10:00job:security_camera_frame_grab | 03:21:45  📷  a-eyes  ch4 → ch4-20260930T132145Z.jpg  (12.6 KB, 1.70s)
2026-09-30T03:21:47-10:00job:service_supervisor RUN  bash "/home/rootrecord/RootRecord-Ecosystem/1 - Servers/1 - RootRecord-Pacific-Solar-Server/Automations/scripts/supervise-services.sh"
2026-09-30T03:21:47-10:00job:service_supervisor | [supervisor] weather alive pid=304140 304463 305661 305866 308654 309134 309348 309668 313159 342702 392716 (act)
2026-09-30T03:21:47-10:00job:service_supervisor | [supervisor] relay alive pid=4374 (act)
2026-09-30T03:21:48-10:00ENERGY  status=live  B2=1%  B1=12.9%  solar=0 W  ac=57 W  usbc=0 W  src=/home/rootrecord/RootRecord-Ecosystem/2 - RootRecord-Database/Energy  LAP=100%/Full/AC
2026-09-30T03:22:02-10:00  ▸  SUMMARY=river2pro soc=11.94% solar=0W ac_out=33W usbc=32W src=ble db=ok
2026-09-30T03:22:02-10:00job:sys_stats_cycle RUN  bash "/home/rootrecord/RootRecord-Ecosystem/1 - Servers/1 - RootRecord-Pacific-Solar-Server/System/scripts/sys-sample.sh"
2026-09-30T03:22:03-10:00job:sys_stats_cycle | SYSTEM  cpu=17%  load=2.29  mem=61%  src=sqlite
2026-09-30T03:22:03-10:00job:sys_stats_cycle | OK wrote /home/rootrecord/RootRecord-Ecosystem/2 - RootRecord-Database/System/samples/sys-20260930-032203.json
2026-09-30T03:22:36-10:00job:github_sync_all | — [ecosystem] no committable local changes
2026-09-30T03:22:36-10:00job:github_sync_all | ↓ [ecosystem] fetching origin/main
2026-09-30T03:22:36-10:00job:github_sync_all | From github.com:RootRecord-Software-Solutions/RootRecord-Ecosystem
2026-09-30T03:22:36-10:00job:github_sync_all | * branch            main       -> FETCH_HEAD
2026-09-30T03:22:36-10:00job:github_sync_all | — [ecosystem] local and GitHub already match
2026-09-30T03:22:36-10:00job:github_sync_all | — [ecosystem] nothing to push
2026-09-30T03:22:36-10:00job:github_sync_all | — [pacific] no local changes
2026-09-30T03:22:36-10:00job:github_sync_all | ↓ [pacific] fetching origin/main
2026-09-30T03:22:36-10:00job:github_sync_all | From github.com:RootRecord-Software-Solutions/RootRecord-Pacific-Solar-Server
2026-09-30T03:22:36-10:00job:github_sync_all | * branch            main       -> FETCH_HEAD
2026-09-30T03:22:36-10:00job:github_sync_all | — [pacific] local and GitHub already match
2026-09-30T03:22:36-10:00job:github_sync_all | — [pacific] nothing to push
2026-09-30T03:22:36-10:00job:github_sync_all | ↑ [database] committed 16 local file(s)
2026-09-30T03:22:36-10:00job:github_sync_all | ↓ [database] fetching origin/main
2026-09-30T03:22:36-10:00job:github_sync_all | From github.com:RootRecord-Software-Solutions/RootRecord-Database
2026-09-30T03:22:36-10:00job:github_sync_all | * branch            main       -> FETCH_HEAD
2026-09-30T03:22:36-10:00job:github_sync_all | ↑ [database] local is ahead of GitHub
2026-09-30T03:22:36-10:00job:github_sync_all | To github.com:RootRecord-Software-Solutions/RootRecord-Database.git
2026-09-30T03:22:36-10:00job:github_sync_all | 0bff01e..fb87ffc  HEAD -> main
2026-09-30T03:22:36-10:00job:github_sync_all | branch 'main' set up to track 'origin/main'.
2026-09-30T03:22:36-10:00job:github_sync_all | ↑ [database] 16 files → RootRecord-Software-Solutions/RootRecord-Database (main)
2026-09-30T03:22:36-10:00job:github_sync_all | — [library] no local changes
2026-09-30T03:22:36-10:00job:github_sync_all | ↓ [library] fetching origin/main
2026-09-30T03:22:36-10:00job:github_sync_all | From github.com:RootRecord-Software-Solutions/RootRecord-Library
2026-09-30T03:22:36-10:00job:github_sync_all | * branch            main       -> FETCH_HEAD
2026-09-30T03:22:36-10:00job:github_sync_all | — [library] local and GitHub already match
2026-09-30T03:22:36-10:00job:github_sync_all | — [library] nothing to push
2026-09-30T03:22:36-10:00job:github_sync_all | — [skills] no local changes
2026-09-30T03:22:36-10:00job:github_sync_all | ↓ [skills] fetching origin/main
2026-09-30T03:22:36-10:00job:github_sync_all | From github.com:rootrecordsoftwaresolutions/Solar-Pacific-RootRecord-Server
2026-09-30T03:22:36-10:00job:github_sync_all | * branch            main       -> FETCH_HEAD
2026-09-30T03:22:36-10:00job:github_sync_all | — [skills] local and GitHub already match
2026-09-30T03:22:36-10:00job:github_sync_all | — [skills] nothing to push
2026-09-30T03:22:36-10:00job:security_camera_frame_grab RUN  bash "/home/rootrecord/RootRecord-Ecosystem/1 - Servers/1 - RootRecord-Pacific-Solar-Server/Security/Cameras/grab_all.sh"
2026-09-30T03:22:51-10:00job:security_camera_frame_grab | 03:22:36  📷  a-eyes  ch1 → ch1-20260930T132236Z.jpg  (342.6 KB, 4.41s)
2026-09-30T03:22:51-10:00job:security_camera_frame_grab | 03:22:40  📷  a-eyes  ch2 → ch2-20260930T132240Z.jpg  (283.7 KB, 4.48s)
2026-09-30T03:22:51-10:00job:security_camera_frame_grab | 03:22:45  📷  a-eyes  ch3 → ch3-20260930T132245Z.jpg  (317.1 KB, 4.48s)
2026-09-30T03:22:51-10:00job:security_camera_frame_grab | 03:22:49  📷  a-eyes  ch4 → ch4-20260930T132249Z.jpg  (12.7 KB, 1.60s)
2026-09-30T03:22:51-10:00ENERGY  status=live  B2=1%  B1=11.9%  solar=0 W  ac=57 W  usbc=0 W  src=/home/rootrecord/RootRecord-Ecosystem/2 - RootRecord-Database/Energy  LAP=100%/Full/AC
2026-09-30T03:23:02-10:00  ✗  ecoflow_read_cycle  WAITING
2026-09-30T03:23:02-10:00job:sys_stats_cycle RUN  bash "/home/rootrecord/RootRecord-Ecosystem/1 - Servers/1 - RootRecord-Pacific-Solar-Server/System/scripts/sys-sample.sh"
2026-09-30T03:23:03-10:00job:sys_stats_cycle | SYSTEM  cpu=20%  load=1.89  mem=62%  src=sqlite
2026-09-30T03:23:03-10:00job:sys_stats_cycle | OK wrote /home/rootrecord/RootRecord-Ecosystem/2 - RootRecord-Database/System/samples/sys-20260930-032302.json
2026-09-30T03:23:38-10:00job:github_sync_all | — [ecosystem] no committable local changes
2026-09-30T03:23:38-10:00job:github_sync_all | ↓ [ecosystem] fetching origin/main
2026-09-30T03:23:38-10:00job:github_sync_all | From github.com:RootRecord-Software-Solutions/RootRecord-Ecosystem
2026-09-30T03:23:38-10:00job:github_sync_all | * branch            main       -> FETCH_HEAD
2026-09-30T03:23:38-10:00job:github_sync_all | — [ecosystem] local and GitHub already match
2026-09-30T03:23:38-10:00job:github_sync_all | — [ecosystem] nothing to push
2026-09-30T03:23:38-10:00job:github_sync_all | — [pacific] no local changes
2026-09-30T03:23:38-10:00job:github_sync_all | ↓ [pacific] fetching origin/main
2026-09-30T03:23:38-10:00job:github_sync_all | From github.com:RootRecord-Software-Solutions/RootRecord-Pacific-Solar-Server
2026-09-30T03:23:38-10:00job:github_sync_all | * branch            main       -> FETCH_HEAD
2026-09-30T03:23:38-10:00job:github_sync_all | — [pacific] local and GitHub already match
2026-09-30T03:23:38-10:00job:github_sync_all | — [pacific] nothing to push
2026-09-30T03:23:38-10:00job:github_sync_all | ↑ [database] committed 9 local file(s)
2026-09-30T03:23:38-10:00job:github_sync_all | ↓ [database] fetching origin/main
2026-09-30T03:23:38-10:00job:github_sync_all | From github.com:RootRecord-Software-Solutions/RootRecord-Database
2026-09-30T03:23:38-10:00job:github_sync_all | * branch            main       -> FETCH_HEAD
2026-09-30T03:23:38-10:00job:github_sync_all | ↑ [database] local is ahead of GitHub
2026-09-30T03:23:38-10:00job:github_sync_all | To github.com:RootRecord-Software-Solutions/RootRecord-Database.git
2026-09-30T03:23:38-10:00job:github_sync_all | fb87ffc..6a2ba57  HEAD -> main
2026-09-30T03:23:38-10:00job:github_sync_all | branch 'main' set up to track 'origin/main'.
2026-09-30T03:23:38-10:00job:github_sync_all | ↑ [database] 9 files → RootRecord-Software-Solutions/RootRecord-Database (main)
2026-09-30T03:23:38-10:00job:github_sync_all | — [library] no local changes
2026-09-30T03:23:38-10:00job:github_sync_all | ↓ [library] fetching origin/main
2026-09-30T03:23:38-10:00job:github_sync_all | From github.com:RootRecord-Software-Solutions/RootRecord-Library
2026-09-30T03:23:38-10:00job:github_sync_all | * branch            main       -> FETCH_HEAD
2026-09-30T03:23:38-10:00job:github_sync_all | — [library] local and GitHub already match
2026-09-30T03:23:38-10:00job:github_sync_all | — [library] nothing to push
2026-09-30T03:23:38-10:00job:github_sync_all | — [skills] no local changes
2026-09-30T03:23:38-10:00job:github_sync_all | ↓ [skills] fetching origin/main
2026-09-30T03:23:38-10:00job:github_sync_all | From github.com:rootrecordsoftwaresolutions/Solar-Pacific-RootRecord-Server
2026-09-30T03:23:38-10:00job:github_sync_all | * branch            main       -> FETCH_HEAD
2026-09-30T03:23:38-10:00job:github_sync_all | — [skills] local and GitHub already match
2026-09-30T03:23:38-10:00job:github_sync_all | — [skills] nothing to push
2026-09-30T03:23:38-10:00job:worklog_scan RUN  bash "/home/rootrecord/RootRecord-Ecosystem/1 - Servers/1 - RootRecord-Pacific-Solar-Server/Reports/scripts/worklog_once.sh"
2026-09-30T03:23:42-10:00job:worklog_scan | OK wrote/updated /home/rootrecord/RootRecord-Ecosystem/2 - RootRecord-Database/Worklog/worklog_current.md
2026-09-30T03:23:42-10:00job:security_camera_frame_grab RUN  bash "/home/rootrecord/RootRecord-Ecosystem/1 - Servers/1 - RootRecord-Pacific-Solar-Server/Security/Cameras/grab_all.sh"
2026-09-30T03:23:56-10:00job:security_camera_frame_grab | 03:23:42  📷  a-eyes  ch1 → ch1-20260930T132342Z.jpg  (344.6 KB, 4.58s)
2026-09-30T03:23:56-10:00job:security_camera_frame_grab | 03:23:46  📷  a-eyes  ch2 → ch2-20260930T132346Z.jpg  (298.2 KB, 4.28s)
2026-09-30T03:23:56-10:00job:security_camera_frame_grab | 03:23:51  📷  a-eyes  ch3 → ch3-20260930T132351Z.jpg  (320.8 KB, 4.37s)
2026-09-30T03:23:56-10:00job:security_camera_frame_grab | 03:23:55  📷  a-eyes  ch4 → ch4-20260930T132355Z.jpg  (12.8 KB, 1.54s)
2026-09-30T03:23:57-10:00ENERGY  status=live  B2=1%  B1=11.9%  solar=0 W  ac=57 W  usbc=0 W  src=/home/rootrecord/RootRecord-Ecosystem/2 - RootRecord-Database/Energy  LAP=100%/Full/AC
2026-09-30T03:24:11-10:00  ▸  SUMMARY=river2pro soc=11.48% solar=0W ac_out=39W usbc=29W src=ble db=ok
2026-09-30T03:24:11-10:00job:sys_stats_cycle RUN  bash "/home/rootrecord/RootRecord-Ecosystem/1 - Servers/1 - RootRecord-Pacific-Solar-Server/System/scripts/sys-sample.sh"
2026-09-30T03:24:12-10:00job:sys_stats_cycle | SYSTEM  cpu=18%  load=2.06  mem=62%  src=sqlite
2026-09-30T03:24:12-10:00job:sys_stats_cycle | OK wrote /home/rootrecord/RootRecord-Ecosystem/2 - RootRecord-Database/System/samples/sys-20260930-032412.json
2026-09-30T03:24:46-10:00job:github_sync_all | — [ecosystem] no committable local changes
2026-09-30T03:24:46-10:00job:github_sync_all | ↓ [ecosystem] fetching origin/main
2026-09-30T03:24:46-10:00job:github_sync_all | From github.com:RootRecord-Software-Solutions/RootRecord-Ecosystem
2026-09-30T03:24:46-10:00job:github_sync_all | * branch            main       -> FETCH_HEAD
2026-09-30T03:24:46-10:00job:github_sync_all | — [ecosystem] local and GitHub already match
2026-09-30T03:24:46-10:00job:github_sync_all | — [ecosystem] nothing to push
2026-09-30T03:24:46-10:00job:github_sync_all | — [pacific] no local changes
2026-09-30T03:24:46-10:00job:github_sync_all | ↓ [pacific] fetching origin/main
2026-09-30T03:24:46-10:00job:github_sync_all | From github.com:RootRecord-Software-Solutions/RootRecord-Pacific-Solar-Server
2026-09-30T03:24:46-10:00job:github_sync_all | * branch            main       -> FETCH_HEAD
2026-09-30T03:24:46-10:00job:github_sync_all | — [pacific] local and GitHub already match
2026-09-30T03:24:46-10:00job:github_sync_all | — [pacific] nothing to push
2026-09-30T03:24:46-10:00job:github_sync_all | ↑ [database] committed 15 local file(s)
2026-09-30T03:24:46-10:00job:github_sync_all | ↓ [database] fetching origin/main
2026-09-30T03:24:46-10:00job:github_sync_all | From github.com:RootRecord-Software-Solutions/RootRecord-Database
2026-09-30T03:24:46-10:00job:github_sync_all | * branch            main       -> FETCH_HEAD
2026-09-30T03:24:46-10:00job:github_sync_all | ↑ [database] local is ahead of GitHub
2026-09-30T03:24:46-10:00job:github_sync_all | To github.com:RootRecord-Software-Solutions/RootRecord-Database.git
2026-09-30T03:24:46-10:00job:github_sync_all | 6a2ba57..8707955  HEAD -> main
2026-09-30T03:24:46-10:00job:github_sync_all | branch 'main' set up to track 'origin/main'.
2026-09-30T03:24:46-10:00job:github_sync_all | ↑ [database] 15 files → RootRecord-Software-Solutions/RootRecord-Database (main)
2026-09-30T03:24:46-10:00job:github_sync_all | — [library] no local changes
2026-09-30T03:24:46-10:00job:github_sync_all | ↓ [library] fetching origin/main
2026-09-30T03:24:46-10:00job:github_sync_all | From github.com:RootRecord-Software-Solutions/RootRecord-Library
2026-09-30T03:24:46-10:00job:github_sync_all | * branch            main       -> FETCH_HEAD
2026-09-30T03:24:46-10:00job:github_sync_all | — [library] local and GitHub already match
2026-09-30T03:24:46-10:00job:github_sync_all | — [library] nothing to push
2026-09-30T03:24:46-10:00job:github_sync_all | — [skills] no local changes
2026-09-30T03:24:46-10:00job:github_sync_all | ↓ [skills] fetching origin/main
2026-09-30T03:24:46-10:00job:github_sync_all | From github.com:rootrecordsoftwaresolutions/Solar-Pacific-RootRecord-Server
2026-09-30T03:24:46-10:00job:github_sync_all | * branch            main       -> FETCH_HEAD
2026-09-30T03:24:46-10:00job:github_sync_all | — [skills] local and GitHub already match
2026-09-30T03:24:46-10:00job:github_sync_all | — [skills] nothing to push
2026-09-30T03:24:46-10:00job:security_camera_frame_grab RUN  bash "/home/rootrecord/RootRecord-Ecosystem/1 - Servers/1 - RootRecord-Pacific-Solar-Server/Security/Cameras/grab_all.sh"
2026-09-30T03:25:01-10:00job:security_camera_frame_grab | 03:24:46  📷  a-eyes  ch1 → ch1-20260930T132446Z.jpg  (336.3 KB, 4.48s)
2026-09-30T03:25:01-10:00job:security_camera_frame_grab | 03:24:51  📷  a-eyes  ch2 → ch2-20260930T132451Z.jpg  (285.5 KB, 4.39s)
2026-09-30T03:25:01-10:00job:security_camera_frame_grab | 03:24:55  📷  a-eyes  ch3 → ch3-20260930T132455Z.jpg  (303.5 KB, 4.35s)
2026-09-30T03:25:01-10:00job:security_camera_frame_grab | 03:25:00  📷  a-eyes  ch4 → ch4-20260930T132500Z.jpg  (12.7 KB, 1.50s)
2026-09-30T03:25:02-10:00ENERGY  status=live  B2=1%  B1=11.5%  solar=0 W  ac=57 W  usbc=0 W  src=/home/rootrecord/RootRecord-Ecosystem/2 - RootRecord-Database/Energy  LAP=100%/Full/AC
2026-09-30T03:25:12-10:00  ✗  ecoflow_read_cycle  WAITING
2026-09-30T03:25:12-10:00job:sys_stats_cycle RUN  bash "/home/rootrecord/RootRecord-Ecosystem/1 - Servers/1 - RootRecord-Pacific-Solar-Server/System/scripts/sys-sample.sh"
2026-09-30T03:25:13-10:00job:sys_stats_cycle | SYSTEM  cpu=22%  load=2.25  mem=61%  src=sqlite
2026-09-30T03:25:13-10:00job:sys_stats_cycle | OK wrote /home/rootrecord/RootRecord-Ecosystem/2 - RootRecord-Database/System/samples/sys-20260930-032512.json
2026-09-30T03:25:55-10:00job:github_sync_all | ↑ [ecosystem] committed 1 local file(s)
2026-09-30T03:25:55-10:00job:github_sync_all | ↓ [ecosystem] fetching origin/main
2026-09-30T03:25:55-10:00job:github_sync_all | From github.com:RootRecord-Software-Solutions/RootRecord-Ecosystem
2026-09-30T03:25:55-10:00job:github_sync_all | * branch            main       -> FETCH_HEAD
2026-09-30T03:25:55-10:00job:github_sync_all | ↑ [ecosystem] local is ahead of GitHub
2026-09-30T03:25:55-10:00job:github_sync_all | To github.com:RootRecord-Software-Solutions/RootRecord-Ecosystem.git
2026-09-30T03:25:55-10:00job:github_sync_all | d2dd8fd..ff18e11  HEAD -> main
2026-09-30T03:25:55-10:00job:github_sync_all | branch 'main' set up to track 'origin/main'.
2026-09-30T03:25:55-10:00job:github_sync_all | ↑ [ecosystem] 1 files → RootRecord-Software-Solutions/RootRecord-Ecosystem (main)
2026-09-30T03:25:55-10:00job:github_sync_all | ↑ [pacific] committed 1 local file(s)
2026-09-30T03:25:55-10:00job:github_sync_all | ↓ [pacific] fetching origin/main
2026-09-30T03:25:55-10:00job:github_sync_all | From github.com:RootRecord-Software-Solutions/RootRecord-Pacific-Solar-Server
2026-09-30T03:25:55-10:00job:github_sync_all | * branch            main       -> FETCH_HEAD
2026-09-30T03:25:55-10:00job:github_sync_all | ↑ [pacific] local is ahead of GitHub
2026-09-30T03:25:55-10:00job:github_sync_all | To github.com:RootRecord-Software-Solutions/RootRecord-Pacific-Solar-Server.git
2026-09-30T03:25:55-10:00job:github_sync_all | f91ae39..4101bf0  HEAD -> main
2026-09-30T03:25:55-10:00job:github_sync_all | branch 'main' set up to track 'origin/main'.
2026-09-30T03:25:55-10:00job:github_sync_all | ↑ [pacific] 1 files → RootRecord-Software-Solutions/RootRecord-Pacific-Solar-Server (main)
2026-09-30T03:25:55-10:00job:github_sync_all | ↑ [database] committed 10 local file(s)
2026-09-30T03:25:55-10:00job:github_sync_all | ↓ [database] fetching origin/main
2026-09-30T03:25:55-10:00job:github_sync_all | From github.com:RootRecord-Software-Solutions/RootRecord-Database
2026-09-30T03:25:55-10:00job:github_sync_all | * branch            main       -> FETCH_HEAD
2026-09-30T03:25:55-10:00job:github_sync_all | ↑ [database] local is ahead of GitHub
2026-09-30T03:25:55-10:00job:github_sync_all | To github.com:RootRecord-Software-Solutions/RootRecord-Database.git
2026-09-30T03:25:55-10:00job:github_sync_all | 8707955..3080db7  HEAD -> main
2026-09-30T03:25:55-10:00job:github_sync_all | branch 'main' set up to track 'origin/main'.
2026-09-30T03:25:55-10:00job:github_sync_all | ↑ [database] 10 files → RootRecord-Software-Solutions/RootRecord-Database (main)
2026-09-30T03:25:55-10:00job:github_sync_all | — [library] no local changes
2026-09-30T03:25:55-10:00job:github_sync_all | ↓ [library] fetching origin/main
2026-09-30T03:25:55-10:00job:github_sync_all | From github.com:RootRecord-Software-Solutions/RootRecord-Library
2026-09-30T03:25:55-10:00job:github_sync_all | * branch            main       -> FETCH_HEAD
2026-09-30T03:25:55-10:00job:github_sync_all | — [library] local and GitHub already match
2026-09-30T03:25:55-10:00job:github_sync_all | — [library] nothing to push
2026-09-30T03:25:55-10:00job:github_sync_all | — [skills] no local changes
2026-09-30T03:25:55-10:00job:github_sync_all | ↓ [skills] fetching origin/main
2026-09-30T03:25:55-10:00job:github_sync_all | From github.com:rootrecordsoftwaresolutions/Solar-Pacific-RootRecord-Server
2026-09-30T03:25:55-10:00job:github_sync_all | * branch            main       -> FETCH_HEAD
2026-09-30T03:25:55-10:00job:github_sync_all | — [skills] local and GitHub already match
2026-09-30T03:25:55-10:00job:github_sync_all | — [skills] nothing to push
2026-09-30T03:25:55-10:00job:worklog_scan RUN  bash "/home/rootrecord/RootRecord-Ecosystem/1 - Servers/1 - RootRecord-Pacific-Solar-Server/Reports/scripts/worklog_once.sh"
2026-09-30T03:26:02-10:00job:worklog_scan | OK wrote/updated /home/rootrecord/RootRecord-Ecosystem/2 - RootRecord-Database/Worklog/worklog_current.md
2026-09-30T03:26:02-10:00job:security_camera_frame_grab RUN  bash "/home/rootrecord/RootRecord-Ecosystem/1 - Servers/1 - RootRecord-Pacific-Solar-Server/Security/Cameras/grab_all.sh"
2026-09-30T03:26:18-10:00job:security_camera_frame_grab | 03:26:02  📷  a-eyes  ch1 → ch1-20260930T132602Z.jpg  (343.8 KB, 4.33s)
2026-09-30T03:26:18-10:00job:security_camera_frame_grab | 03:26:07  📷  a-eyes  ch2 → ch2-20260930T132607Z.jpg  (287.7 KB, 4.46s)
2026-09-30T03:26:18-10:00job:security_camera_frame_grab | 03:26:11  📷  a-eyes  ch3 → ch3-20260930T132611Z.jpg  (323.4 KB, 4.18s)
2026-09-30T03:26:18-10:00job:security_camera_frame_grab | 03:26:15  📷  a-eyes  ch4 → ch4-20260930T132615Z.jpg  (12.7 KB, 2.95s)
2026-09-30T03:26:18-10:00ENERGY  status=live  B2=1%  B1=11.5%  solar=0 W  ac=57 W  usbc=0 W  src=/home/rootrecord/RootRecord-Ecosystem/2 - RootRecord-Database/Energy  LAP=100%/Full/AC
2026-09-30T03:26:33-10:00  ▸  SUMMARY=river2pro soc=10.93% solar=0W ac_out=38W usbc=29W src=ble db=ok
2026-09-30T03:26:33-10:00job:sys_stats_cycle RUN  bash "/home/rootrecord/RootRecord-Ecosystem/1 - Servers/1 - RootRecord-Pacific-Solar-Server/System/scripts/sys-sample.sh"
2026-09-30T03:26:34-10:00job:sys_stats_cycle | SYSTEM  cpu=19%  load=2.12  mem=61%  src=sqlite
2026-09-30T03:26:34-10:00job:sys_stats_cycle | OK wrote /home/rootrecord/RootRecord-Ecosystem/2 - RootRecord-Database/System/samples/sys-20260930-032634.json
2026-09-30T03:27:08-10:00job:github_sync_all | — [ecosystem] no committable local changes
2026-09-30T03:27:08-10:00job:github_sync_all | ↓ [ecosystem] fetching origin/main
2026-09-30T03:27:08-10:00job:github_sync_all | From github.com:RootRecord-Software-Solutions/RootRecord-Ecosystem
2026-09-30T03:27:08-10:00job:github_sync_all | * branch            main       -> FETCH_HEAD
2026-09-30T03:27:08-10:00job:github_sync_all | — [ecosystem] local and GitHub already match
2026-09-30T03:27:08-10:00job:github_sync_all | — [ecosystem] nothing to push
2026-09-30T03:27:08-10:00job:github_sync_all | — [pacific] no local changes
2026-09-30T03:27:08-10:00job:github_sync_all | ↓ [pacific] fetching origin/main
2026-09-30T03:27:08-10:00job:github_sync_all | From github.com:RootRecord-Software-Solutions/RootRecord-Pacific-Solar-Server
2026-09-30T03:27:08-10:00job:github_sync_all | * branch            main       -> FETCH_HEAD
2026-09-30T03:27:08-10:00job:github_sync_all | — [pacific] local and GitHub already match
2026-09-30T03:27:08-10:00job:github_sync_all | — [pacific] nothing to push
2026-09-30T03:27:08-10:00job:github_sync_all | ↑ [database] committed 15 local file(s)
2026-09-30T03:27:08-10:00job:github_sync_all | ↓ [database] fetching origin/main
2026-09-30T03:27:08-10:00job:github_sync_all | From github.com:RootRecord-Software-Solutions/RootRecord-Database
2026-09-30T03:27:08-10:00job:github_sync_all | * branch            main       -> FETCH_HEAD
2026-09-30T03:27:08-10:00job:github_sync_all | ↑ [database] local is ahead of GitHub
2026-09-30T03:27:08-10:00job:github_sync_all | To github.com:RootRecord-Software-Solutions/RootRecord-Database.git
2026-09-30T03:27:08-10:00job:github_sync_all | 3080db7..2389b54  HEAD -> main
2026-09-30T03:27:08-10:00job:github_sync_all | branch 'main' set up to track 'origin/main'.
2026-09-30T03:27:08-10:00job:github_sync_all | ↑ [database] 15 files → RootRecord-Software-Solutions/RootRecord-Database (main)
2026-09-30T03:27:08-10:00job:github_sync_all | — [library] no local changes
2026-09-30T03:27:08-10:00job:github_sync_all | ↓ [library] fetching origin/main
2026-09-30T03:27:08-10:00job:github_sync_all | From github.com:RootRecord-Software-Solutions/RootRecord-Library
2026-09-30T03:27:08-10:00job:github_sync_all | * branch            main       -> FETCH_HEAD
2026-09-30T03:27:08-10:00job:github_sync_all | — [library] local and GitHub already match
2026-09-30T03:27:08-10:00job:github_sync_all | — [library] nothing to push
2026-09-30T03:27:08-10:00job:github_sync_all | — [skills] no local changes
2026-09-30T03:27:08-10:00job:github_sync_all | ↓ [skills] fetching origin/main
2026-09-30T03:27:08-10:00job:github_sync_all | From github.com:rootrecordsoftwaresolutions/Solar-Pacific-RootRecord-Server
2026-09-30T03:27:08-10:00job:github_sync_all | * branch            main       -> FETCH_HEAD
2026-09-30T03:27:08-10:00job:github_sync_all | — [skills] local and GitHub already match
2026-09-30T03:27:08-10:00job:github_sync_all | — [skills] nothing to push
2026-09-30T03:27:08-10:00job:security_camera_frame_grab RUN  bash "/home/rootrecord/RootRecord-Ecosystem/1 - Servers/1 - RootRecord-Pacific-Solar-Server/Security/Cameras/grab_all.sh"
2026-09-30T03:27:23-10:00job:security_camera_frame_grab | 03:27:08  📷  a-eyes  ch1 → ch1-20260930T132708Z.jpg  (344.0 KB, 4.43s)
2026-09-30T03:27:23-10:00job:security_camera_frame_grab | 03:27:12  📷  a-eyes  ch2 → ch2-20260930T132712Z.jpg  (304.4 KB, 4.51s)
2026-09-30T03:27:23-10:00job:security_camera_frame_grab | 03:27:17  📷  a-eyes  ch3 → ch3-20260930T132717Z.jpg  (322.5 KB, 4.43s)
2026-09-30T03:27:23-10:00job:security_camera_frame_grab | 03:27:21  📷  a-eyes  ch4 → ch4-20260930T132721Z.jpg  (12.6 KB, 1.60s)
2026-09-30T03:27:23-10:00job:service_supervisor RUN  bash "/home/rootrecord/RootRecord-Ecosystem/1 - Servers/1 - RootRecord-Pacific-Solar-Server/Automations/scripts/supervise-services.sh"
2026-09-30T03:27:23-10:00job:service_supervisor | [supervisor] weather alive pid=304140 304463 305661 305866 308654 309134 309348 309668 313159 342702 392716 (act)
2026-09-30T03:27:23-10:00job:service_supervisor | [supervisor] relay alive pid=4374 (act)
2026-09-30T03:27:24-10:00ENERGY  status=live  B2=1%  B1=10.9%  solar=0 W  ac=57 W  usbc=0 W  src=/home/rootrecord/RootRecord-Ecosystem/2 - RootRecord-Database/Energy  LAP=100%/Full/AC
2026-09-30T03:27:34-10:00  ✗  ecoflow_read_cycle  WAITING
2026-09-30T03:27:34-10:00job:sys_stats_cycle RUN  bash "/home/rootrecord/RootRecord-Ecosystem/1 - Servers/1 - RootRecord-Pacific-Solar-Server/System/scripts/sys-sample.sh"
2026-09-30T03:27:35-10:00job:sys_stats_cycle | SYSTEM  cpu=14%  load=1.70  mem=61%  src=sqlite
2026-09-30T03:27:35-10:00job:sys_stats_cycle | OK wrote /home/rootrecord/RootRecord-Ecosystem/2 - RootRecord-Database/System/samples/sys-20260930-032734.json
2026-09-30T03:28:07-10:00job:github_sync_all | — [ecosystem] no committable local changes
2026-09-30T03:28:07-10:00job:github_sync_all | ↓ [ecosystem] fetching origin/main
2026-09-30T03:28:07-10:00job:github_sync_all | From github.com:RootRecord-Software-Solutions/RootRecord-Ecosystem
2026-09-30T03:28:07-10:00job:github_sync_all | * branch            main       -> FETCH_HEAD
2026-09-30T03:28:07-10:00job:github_sync_all | — [ecosystem] local and GitHub already match
2026-09-30T03:28:07-10:00job:github_sync_all | — [ecosystem] nothing to push
2026-09-30T03:28:07-10:00job:github_sync_all | — [pacific] no local changes
2026-09-30T03:28:07-10:00job:github_sync_all | ↓ [pacific] fetching origin/main
2026-09-30T03:28:07-10:00job:github_sync_all | From github.com:RootRecord-Software-Solutions/RootRecord-Pacific-Solar-Server
2026-09-30T03:28:07-10:00job:github_sync_all | * branch            main       -> FETCH_HEAD
2026-09-30T03:28:07-10:00job:github_sync_all | — [pacific] local and GitHub already match
2026-09-30T03:28:07-10:00job:github_sync_all | — [pacific] nothing to push
2026-09-30T03:28:07-10:00job:github_sync_all | ↑ [database] committed 9 local file(s)
2026-09-30T03:28:07-10:00job:github_sync_all | ↓ [database] fetching origin/main
2026-09-30T03:28:07-10:00job:github_sync_all | From github.com:RootRecord-Software-Solutions/RootRecord-Database
2026-09-30T03:28:07-10:00job:github_sync_all | * branch            main       -> FETCH_HEAD
2026-09-30T03:28:07-10:00job:github_sync_all | ↑ [database] local is ahead of GitHub
2026-09-30T03:28:07-10:00job:github_sync_all | To github.com:RootRecord-Software-Solutions/RootRecord-Database.git
2026-09-30T03:28:07-10:00job:github_sync_all | 2389b54..71635ff  HEAD -> main
2026-09-30T03:28:07-10:00job:github_sync_all | branch 'main' set up to track 'origin/main'.
2026-09-30T03:28:07-10:00job:github_sync_all | ↑ [database] 9 files → RootRecord-Software-Solutions/RootRecord-Database (main)
2026-09-30T03:28:07-10:00job:github_sync_all | — [library] no local changes
2026-09-30T03:28:07-10:00job:github_sync_all | ↓ [library] fetching origin/main
2026-09-30T03:28:07-10:00job:github_sync_all | From github.com:RootRecord-Software-Solutions/RootRecord-Library
2026-09-30T03:28:07-10:00job:github_sync_all | * branch            main       -> FETCH_HEAD
2026-09-30T03:28:07-10:00job:github_sync_all | — [library] local and GitHub already match
2026-09-30T03:28:07-10:00job:github_sync_all | — [library] nothing to push
2026-09-30T03:28:07-10:00job:github_sync_all | — [skills] no local changes
2026-09-30T03:28:07-10:00job:github_sync_all | ↓ [skills] fetching origin/main
2026-09-30T03:28:07-10:00job:github_sync_all | From github.com:rootrecordsoftwaresolutions/Solar-Pacific-RootRecord-Server
2026-09-30T03:28:07-10:00job:github_sync_all | * branch            main       -> FETCH_HEAD
2026-09-30T03:28:07-10:00job:github_sync_all | — [skills] local and GitHub already match
2026-09-30T03:28:07-10:00job:github_sync_all | — [skills] nothing to push
2026-09-30T03:28:07-10:00job:worklog_scan RUN  bash "/home/rootrecord/RootRecord-Ecosystem/1 - Servers/1 - RootRecord-Pacific-Solar-Server/Reports/scripts/worklog_once.sh"
2026-09-30T03:28:11-10:00job:worklog_scan | OK wrote/updated /home/rootrecord/RootRecord-Ecosystem/2 - RootRecord-Database/Worklog/worklog_current.md
2026-09-30T03:28:11-10:00job:security_camera_frame_grab RUN  bash "/home/rootrecord/RootRecord-Ecosystem/1 - Servers/1 - RootRecord-Pacific-Solar-Server/Security/Cameras/grab_all.sh"
2026-09-30T03:28:26-10:00job:security_camera_frame_grab | 03:28:11  📷  a-eyes  ch1 → ch1-20260930T132811Z.jpg  (344.0 KB, 4.47s)
2026-09-30T03:28:26-10:00job:security_camera_frame_grab | 03:28:15  📷  a-eyes  ch2 → ch2-20260930T132815Z.jpg  (298.6 KB, 4.38s)
2026-09-30T03:28:26-10:00job:security_camera_frame_grab | 03:28:20  📷  a-eyes  ch3 → ch3-20260930T132820Z.jpg  (300.9 KB, 4.57s)
2026-09-30T03:28:26-10:00job:security_camera_frame_grab | 03:28:24  📷  a-eyes  ch4 → ch4-20260930T132824Z.jpg  (12.7 KB, 1.61s)
2026-09-30T03:28:26-10:00ENERGY  status=live  B2=1%  B1=10.9%  solar=0 W  ac=57 W  usbc=0 W  src=/home/rootrecord/RootRecord-Ecosystem/2 - RootRecord-Database/Energy  LAP=100%/Full/AC
2026-09-30T03:28:41-10:00  ▸  SUMMARY=river2pro soc=10.48% solar=0W ac_out=40W usbc=26W src=ble db=ok
2026-09-30T03:28:41-10:00job:sys_stats_cycle RUN  bash "/home/rootrecord/RootRecord-Ecosystem/1 - Servers/1 - RootRecord-Pacific-Solar-Server/System/scripts/sys-sample.sh"
2026-09-30T03:28:42-10:00job:sys_stats_cycle | SYSTEM  cpu=14%  load=1.37  mem=60%  src=sqlite
2026-09-30T03:28:42-10:00job:sys_stats_cycle | OK wrote /home/rootrecord/RootRecord-Ecosystem/2 - RootRecord-Database/System/samples/sys-20260930-032841.json
2026-09-30T03:29:16-10:00job:github_sync_all | — [ecosystem] no committable local changes
2026-09-30T03:29:16-10:00job:github_sync_all | ↓ [ecosystem] fetching origin/main
2026-09-30T03:29:16-10:00job:github_sync_all | From github.com:RootRecord-Software-Solutions/RootRecord-Ecosystem
2026-09-30T03:29:16-10:00job:github_sync_all | * branch            main       -> FETCH_HEAD
2026-09-30T03:29:16-10:00job:github_sync_all | — [ecosystem] local and GitHub already match
2026-09-30T03:29:16-10:00job:github_sync_all | — [ecosystem] nothing to push
2026-09-30T03:29:16-10:00job:github_sync_all | — [pacific] no local changes
2026-09-30T03:29:16-10:00job:github_sync_all | ↓ [pacific] fetching origin/main
2026-09-30T03:29:16-10:00job:github_sync_all | From github.com:RootRecord-Software-Solutions/RootRecord-Pacific-Solar-Server
2026-09-30T03:29:16-10:00job:github_sync_all | * branch            main       -> FETCH_HEAD
2026-09-30T03:29:16-10:00job:github_sync_all | — [pacific] local and GitHub already match
2026-09-30T03:29:16-10:00job:github_sync_all | — [pacific] nothing to push
2026-09-30T03:29:16-10:00job:github_sync_all | ↑ [database] committed 15 local file(s)
2026-09-30T03:29:16-10:00job:github_sync_all | ↓ [database] fetching origin/main
2026-09-30T03:29:16-10:00job:github_sync_all | From github.com:RootRecord-Software-Solutions/RootRecord-Database
2026-09-30T03:29:16-10:00job:github_sync_all | * branch            main       -> FETCH_HEAD
2026-09-30T03:29:16-10:00job:github_sync_all | ↑ [database] local is ahead of GitHub
2026-09-30T03:29:16-10:00job:github_sync_all | To github.com:RootRecord-Software-Solutions/RootRecord-Database.git
2026-09-30T03:29:16-10:00job:github_sync_all | 71635ff..3631c22  HEAD -> main
2026-09-30T03:29:16-10:00job:github_sync_all | branch 'main' set up to track 'origin/main'.
2026-09-30T03:29:16-10:00job:github_sync_all | ↑ [database] 15 files → RootRecord-Software-Solutions/RootRecord-Database (main)
2026-09-30T03:29:16-10:00job:github_sync_all | — [library] no local changes
2026-09-30T03:29:16-10:00job:github_sync_all | ↓ [library] fetching origin/main
2026-09-30T03:29:16-10:00job:github_sync_all | From github.com:RootRecord-Software-Solutions/RootRecord-Library
2026-09-30T03:29:16-10:00job:github_sync_all | * branch            main       -> FETCH_HEAD
2026-09-30T03:29:16-10:00job:github_sync_all | — [library] local and GitHub already match
2026-09-30T03:29:16-10:00job:github_sync_all | — [library] nothing to push
2026-09-30T03:29:16-10:00job:github_sync_all | — [skills] no local changes
2026-09-30T03:29:16-10:00job:github_sync_all | ↓ [skills] fetching origin/main
2026-09-30T03:29:16-10:00job:github_sync_all | From github.com:rootrecordsoftwaresolutions/Solar-Pacific-RootRecord-Server
2026-09-30T03:29:16-10:00job:github_sync_all | * branch            main       -> FETCH_HEAD
2026-09-30T03:29:16-10:00job:github_sync_all | — [skills] local and GitHub already match
2026-09-30T03:29:16-10:00job:github_sync_all | — [skills] nothing to push
2026-09-30T03:29:16-10:00job:security_camera_frame_grab RUN  bash "/home/rootrecord/RootRecord-Ecosystem/1 - Servers/1 - RootRecord-Pacific-Solar-Server/Security/Cameras/grab_all.sh"
2026-09-30T03:29:20-10:00tunnel DNS/edge discovery failed — check internet + resolver (try 1.1.1.1)
2026-09-30T03:29:20-10:00cloudflared ERR: 2026-09-30T13:29:20Z WRN Serve tunnel error error="accept stream listener error: failed to accept QUIC stream: write udp
2026-09-30T03:29:20-10:00cloudflared ERR: 2026-09-30T13:29:20Z WRN Serve tunnel error error="accept stream listener error: failed to accept QUIC stream: write udp
2026-09-30T03:29:20-10:00cloudflared ERR: 2026-09-30T13:29:20Z WRN Serve tunnel error error="accept stream listener error: failed to accept QUIC stream: write udp
2026-09-30T03:29:20-10:00cloudflared ERR: 2026-09-30T13:29:20Z ERR Serve tunnel error error="datagram manager error: write udp [::]:38756->198.41.192.227:7844: se
2026-09-30T03:29:20-10:00cloudflared ERR: 2026-09-30T13:29:20Z ERR Failed to dial a quic connection error="failed to dial to edge with quic: write udp [::]:58694-
2026-09-30T03:29:20-10:00cloudflared ERR: 2026-09-30T13:29:20Z ERR Failed to dial a quic connection error="failed to dial to edge with quic: write udp [::]:58694-
2026-09-30T03:29:20-10:00tunnel connection terminated
2026-09-30T11:58:41-10:00tunnel connection terminated
2026-09-30T11:58:41-10:00tunnel connection terminated
2026-09-30T11:58:52-10:00tunnel timeout — reconnecting
2026-09-30T11:59:01-10:00tunnel timeout — reconnecting
2026-09-30T11:59:01-10:00tunnel timeout — reconnecting
2026-09-30T11:59:01-10:00tunnel timeout — reconnecting
2026-09-30T11:59:02-10:00tunnel timeout — reconnecting
2026-09-30T11:59:04-10:00tunnel timeout — reconnecting
2026-09-30T11:59:05-10:00tunnel timeout — reconnecting
2026-09-30T11:59:08-10:00tunnel timeout — reconnecting
2026-09-30T11:59:15-10:00job:security_camera_frame_grab | 03:29:16  ✗  a-eyes  ch1 FAILED: Command '['ffmpeg', '-y', '-hide_banner', '-loglevel', 'error', '-rtsp_transport', 'tcp', '-i', 'rtsp://admin:root@1512799@192.168.1.33:554/user=admin
2026-09-30T11:59:15-10:00job:security_camera_frame_grab | a-eyes: ch1 grab failed
2026-09-30T11:59:15-10:00job:security_camera_frame_grab | 11:59:06  ✗  a-eyes  ch2 FAILED: [tcp @ 0x5667caa32940] Connection to tcp://192.168.1.33:554?timeout=0 failed: No route to host
2026-09-30T11:59:15-10:00job:security_camera_frame_grab | [in#0 @ 0x5667caa2fc40] Error opening input: No route t
2026-09-30T11:59:15-10:00job:security_camera_frame_grab | a-eyes: ch2 grab failed
2026-09-30T11:59:15-10:00job:security_camera_frame_grab | 11:59:09  ✗  a-eyes  ch3 FAILED: [tcp @ 0x5dabda88f940] Connection to tcp://192.168.1.33:554?timeout=0 failed: No route to host
2026-09-30T11:59:15-10:00job:security_camera_frame_grab | [in#0 @ 0x5dabda88cc40] Error opening input: No route t
2026-09-30T11:59:15-10:00job:security_camera_frame_grab | a-eyes: ch3 grab failed
2026-09-30T11:59:15-10:00job:security_camera_frame_grab | 11:59:12  ✗  a-eyes  ch4 FAILED: [tcp @ 0x644140b20940] Connection to tcp://192.168.1.33:554?timeout=0 failed: No route to host
2026-09-30T11:59:15-10:00job:security_camera_frame_grab | [in#0 @ 0x644140b1dc40] Error opening input: No route t
2026-09-30T11:59:15-10:00job:security_camera_frame_grab | a-eyes: ch4 grab failed
2026-09-30T11:59:23-10:00internet DOWN — net services waiting (retry ~60s)
2026-09-30T11:59:23-10:00ENERGY  status=live  B2=1%  B1=10.5%  solar=0 W  ac=57 W  usbc=0 W  src=/home/rootrecord/RootRecord-Ecosystem/2 - RootRecord-Database/Energy  LAP=100%/Full/AC
2026-09-30T11:59:31-10:00tunnel connected  conn=2  edge=lax01
2026-09-30T11:59:31-10:00tunnel connected  conn=1  edge=lax07
2026-09-30T11:59:31-10:00tunnel connected  conn=3  edge=lax10
2026-09-30T11:59:33-10:00tunnel connected  conn=0  edge=lax01
2026-09-30T11:59:49-10:00  ▸  SUMMARY=delta2 soc=1.53% solar=134W ac_out=— usbc=0W src=ble db=ok
2026-09-30T11:59:49-10:00job:sys_stats_cycle RUN  bash "/home/rootrecord/RootRecord-Ecosystem/1 - Servers/1 - RootRecord-Pacific-Solar-Server/System/scripts/sys-sample.sh"
2026-09-30T12:00:14-10:00job:sys_stats_cycle | SYSTEM  cpu=13%  load=2.48  mem=63%  src=sqlite
2026-09-30T12:00:14-10:00job:sys_stats_cycle | OK wrote /home/rootrecord/RootRecord-Ecosystem/2 - RootRecord-Database/System/samples/sys-20260930-115949.json
2026-09-30T12:00:56-10:00job:github_sync_all | — [ecosystem] no committable local changes
2026-09-30T12:00:56-10:00job:github_sync_all | ↓ [ecosystem] fetching origin/main
2026-09-30T12:00:56-10:00job:github_sync_all | From github.com:RootRecord-Software-Solutions/RootRecord-Ecosystem
2026-09-30T12:00:56-10:00job:github_sync_all | * branch            main       -> FETCH_HEAD
2026-09-30T12:00:56-10:00job:github_sync_all | — [ecosystem] local and GitHub already match
2026-09-30T12:00:56-10:00job:github_sync_all | — [ecosystem] nothing to push
2026-09-30T12:00:56-10:00job:github_sync_all | — [pacific] no local changes
2026-09-30T12:00:56-10:00job:github_sync_all | ↓ [pacific] fetching origin/main
2026-09-30T12:00:56-10:00job:github_sync_all | From github.com:RootRecord-Software-Solutions/RootRecord-Pacific-Solar-Server
2026-09-30T12:00:56-10:00job:github_sync_all | * branch            main       -> FETCH_HEAD
2026-09-30T12:00:56-10:00job:github_sync_all | — [pacific] local and GitHub already match
2026-09-30T12:00:56-10:00job:github_sync_all | — [pacific] nothing to push
2026-09-30T12:00:56-10:00job:github_sync_all | ↑ [database] committed 15 local file(s)
2026-09-30T12:00:56-10:00job:github_sync_all | ↓ [database] fetching origin/main
2026-09-30T12:00:56-10:00job:github_sync_all | From github.com:RootRecord-Software-Solutions/RootRecord-Database
2026-09-30T12:00:56-10:00job:github_sync_all | * branch            main       -> FETCH_HEAD
2026-09-30T12:00:56-10:00job:github_sync_all | ↑ [database] local is ahead of GitHub
2026-09-30T12:00:56-10:00job:github_sync_all | To github.com:RootRecord-Software-Solutions/RootRecord-Database.git
2026-09-30T12:00:56-10:00job:github_sync_all | 3631c22..ab286c9  HEAD -> main
2026-09-30T12:00:56-10:00job:github_sync_all | branch 'main' set up to track 'origin/main'.
2026-09-30T12:00:56-10:00job:github_sync_all | ↑ [database] 15 files → RootRecord-Software-Solutions/RootRecord-Database (main)
2026-09-30T12:00:56-10:00job:github_sync_all | — [library] no local changes
2026-09-30T12:00:56-10:00job:github_sync_all | ↓ [library] fetching origin/main
2026-09-30T12:00:56-10:00job:github_sync_all | From github.com:RootRecord-Software-Solutions/RootRecord-Library
2026-09-30T12:00:56-10:00job:github_sync_all | * branch            main       -> FETCH_HEAD
2026-09-30T12:00:56-10:00job:github_sync_all | — [library] local and GitHub already match
2026-09-30T12:00:56-10:00job:github_sync_all | — [library] nothing to push
2026-09-30T12:00:56-10:00job:github_sync_all | — [skills] no local changes
2026-09-30T12:00:56-10:00job:github_sync_all | ↓ [skills] fetching origin/main
2026-09-30T12:00:56-10:00job:github_sync_all | Connection to github.com closed by remote host.
2026-09-30T12:00:56-10:00job:github_sync_all | fatal: Could not read from remote repository.
2026-09-30T12:00:56-10:00job:github_sync_all | Please make sure you have the correct access rights
2026-09-30T12:00:56-10:00job:github_sync_all | and the repository exists.
2026-09-30T12:00:56-10:00job:github_sync_all | ↻ [skills] sync retry 1/3
2026-09-30T12:00:56-10:00job:github_sync_all | — [skills] no local changes
2026-09-30T12:00:56-10:00job:github_sync_all | ↓ [skills] fetching origin/main
2026-09-30T12:00:56-10:00job:github_sync_all | From github.com:rootrecordsoftwaresolutions/Solar-Pacific-RootRecord-Server
2026-09-30T12:00:56-10:00job:github_sync_all | * branch            main       -> FETCH_HEAD
2026-09-30T12:00:56-10:00job:github_sync_all | — [skills] local and GitHub already match
2026-09-30T12:00:56-10:00job:worklog_scan RUN  bash "/home/rootrecord/RootRecord-Ecosystem/1 - Servers/1 - RootRecord-Pacific-Solar-Server/Reports/scripts/worklog_once.sh"
2026-09-30T12:01:00-10:00job:worklog_scan | OK wrote/updated /home/rootrecord/RootRecord-Ecosystem/2 - RootRecord-Database/Worklog/worklog_current.md
2026-09-30T12:01:00-10:00job:security_camera_frame_grab RUN  bash "/home/rootrecord/RootRecord-Ecosystem/1 - Servers/1 - RootRecord-Pacific-Solar-Server/Security/Cameras/grab_all.sh"
2026-09-30T12:01:13-10:00job:security_camera_frame_grab | 12:01:00  ✗  a-eyes  ch1 FAILED: [tcp @ 0x64f72878c940] Connection to tcp://192.168.1.33:554?timeout=0 failed: No route to host
2026-09-30T12:01:13-10:00job:security_camera_frame_grab | [in#0 @ 0x64f728789c40] Error opening input: No route t
2026-09-30T12:01:13-10:00job:security_camera_frame_grab | a-eyes: ch1 grab failed
2026-09-30T12:01:13-10:00job:security_camera_frame_grab | 12:01:03  ✗  a-eyes  ch2 FAILED: [tcp @ 0x5932b6c09940] Connection to tcp://192.168.1.33:554?timeout=0 failed: No route to host
2026-09-30T12:01:13-10:00job:security_camera_frame_grab | [in#0 @ 0x5932b6c06c40] Error opening input: No route t
2026-09-30T12:01:13-10:00job:security_camera_frame_grab | a-eyes: ch2 grab failed
2026-09-30T12:01:13-10:00job:security_camera_frame_grab | 12:01:06  ✗  a-eyes  ch3 FAILED: [tcp @ 0x5e594f7fe940] Connection to tcp://192.168.1.33:554?timeout=0 failed: No route to host
2026-09-30T12:01:13-10:00job:security_camera_frame_grab | [in#0 @ 0x5e594f7fbc40] Error opening input: No route t
2026-09-30T12:01:13-10:00job:security_camera_frame_grab | a-eyes: ch3 grab failed
2026-09-30T12:01:13-10:00job:security_camera_frame_grab | 12:01:10  ✗  a-eyes  ch4 FAILED: [tcp @ 0x5c5fc615b940] Connection to tcp://192.168.1.33:554?timeout=0 failed: No route to host
2026-09-30T12:01:13-10:00job:security_camera_frame_grab | [in#0 @ 0x5c5fc6158c40] Error opening input: No route t
2026-09-30T12:01:13-10:00job:security_camera_frame_grab | a-eyes: ch4 grab failed
2026-09-30T12:01:13-10:00ENERGY  status=live  B2=1.5%  B1=10.5%  solar=134 W  ac=40 W  usbc=0 W  src=/home/rootrecord/RootRecord-Ecosystem/2 - RootRecord-Database/Energy  LAP=100%/Full/AC
2026-09-30T12:01:28-10:00  ▸  SUMMARY=delta2 soc=2.03% solar=133W ac_out=— usbc=0W src=ble db=ok
2026-09-30T12:01:28-10:00job:sys_stats_cycle RUN  bash "/home/rootrecord/RootRecord-Ecosystem/1 - Servers/1 - RootRecord-Pacific-Solar-Server/System/scripts/sys-sample.sh"
2026-09-30T12:01:29-10:00job:sys_stats_cycle | SYSTEM  cpu=16%  load=2.23  mem=63%  src=sqlite
2026-09-30T12:01:29-10:00job:sys_stats_cycle | OK wrote /home/rootrecord/RootRecord-Ecosystem/2 - RootRecord-Database/System/samples/sys-20260930-120128.json
2026-09-30T12:02:04-10:00job:github_sync_all | — [ecosystem] no committable local changes
2026-09-30T12:02:04-10:00job:github_sync_all | ↓ [ecosystem] fetching origin/main
2026-09-30T12:02:04-10:00job:github_sync_all | From github.com:RootRecord-Software-Solutions/RootRecord-Ecosystem
2026-09-30T12:02:04-10:00job:github_sync_all | * branch            main       -> FETCH_HEAD
2026-09-30T12:02:04-10:00job:github_sync_all | — [ecosystem] local and GitHub already match
2026-09-30T12:02:04-10:00job:github_sync_all | — [ecosystem] nothing to push
2026-09-30T12:02:04-10:00job:github_sync_all | — [pacific] no local changes
2026-09-30T12:02:04-10:00job:github_sync_all | ↓ [pacific] fetching origin/main
2026-09-30T12:02:04-10:00job:github_sync_all | From github.com:RootRecord-Software-Solutions/RootRecord-Pacific-Solar-Server
2026-09-30T12:02:04-10:00job:github_sync_all | * branch            main       -> FETCH_HEAD
2026-09-30T12:02:04-10:00job:github_sync_all | — [pacific] local and GitHub already match
2026-09-30T12:02:04-10:00job:github_sync_all | — [pacific] nothing to push
2026-09-30T12:02:04-10:00job:github_sync_all | ↑ [database] committed 21 local file(s)
2026-09-30T12:02:04-10:00job:github_sync_all | ↓ [database] fetching origin/main
2026-09-30T12:02:04-10:00job:github_sync_all | From github.com:RootRecord-Software-Solutions/RootRecord-Database
2026-09-30T12:02:04-10:00job:github_sync_all | * branch            main       -> FETCH_HEAD
2026-09-30T12:02:04-10:00job:github_sync_all | ↑ [database] local is ahead of GitHub
2026-09-30T12:02:04-10:00job:github_sync_all | To github.com:RootRecord-Software-Solutions/RootRecord-Database.git
2026-09-30T12:02:04-10:00job:github_sync_all | ab286c9..8782714  HEAD -> main
2026-09-30T12:02:04-10:00job:github_sync_all | branch 'main' set up to track 'origin/main'.
2026-09-30T12:02:04-10:00job:github_sync_all | ↑ [database] 21 files → RootRecord-Software-Solutions/RootRecord-Database (main)
2026-09-30T12:02:04-10:00job:github_sync_all | — [library] no local changes
2026-09-30T12:02:04-10:00job:github_sync_all | ↓ [library] fetching origin/main
2026-09-30T12:02:04-10:00job:github_sync_all | From github.com:RootRecord-Software-Solutions/RootRecord-Library
2026-09-30T12:02:04-10:00job:github_sync_all | * branch            main       -> FETCH_HEAD
2026-09-30T12:02:04-10:00job:github_sync_all | — [library] local and GitHub already match
2026-09-30T12:02:04-10:00job:github_sync_all | — [library] nothing to push
2026-09-30T12:02:04-10:00job:github_sync_all | — [skills] no local changes
2026-09-30T12:02:04-10:00job:github_sync_all | ↓ [skills] fetching origin/main
2026-09-30T12:02:04-10:00job:github_sync_all | From github.com:rootrecordsoftwaresolutions/Solar-Pacific-RootRecord-Server
2026-09-30T12:02:04-10:00job:github_sync_all | * branch            main       -> FETCH_HEAD
2026-09-30T12:02:04-10:00job:github_sync_all | — [skills] local and GitHub already match
2026-09-30T12:02:04-10:00job:github_sync_all | — [skills] nothing to push
2026-09-30T12:02:04-10:00job:worklog_scan RUN  bash "/home/rootrecord/RootRecord-Ecosystem/1 - Servers/1 - RootRecord-Pacific-Solar-Server/Reports/scripts/worklog_once.sh"
2026-09-30T12:02:11-10:00job:worklog_scan | OK wrote/updated /home/rootrecord/RootRecord-Ecosystem/2 - RootRecord-Database/Worklog/worklog_current.md
2026-09-30T12:02:11-10:00job:security_camera_frame_grab RUN  bash "/home/rootrecord/RootRecord-Ecosystem/1 - Servers/1 - RootRecord-Pacific-Solar-Server/Security/Cameras/grab_all.sh"
2026-09-30T12:02:24-10:00job:security_camera_frame_grab | 12:02:11  ✗  a-eyes  ch1 FAILED: [tcp @ 0x5ae55344a940] Connection to tcp://192.168.1.33:554?timeout=0 failed: No route to host
2026-09-30T12:02:24-10:00job:security_camera_frame_grab | [in#0 @ 0x5ae553447c40] Error opening input: No route t
2026-09-30T12:02:24-10:00job:security_camera_frame_grab | a-eyes: ch1 grab failed
2026-09-30T12:02:24-10:00job:security_camera_frame_grab | 12:02:15  ✗  a-eyes  ch2 FAILED: [tcp @ 0x5f88f27c9940] Connection to tcp://192.168.1.33:554?timeout=0 failed: No route to host
2026-09-30T12:02:24-10:00job:security_camera_frame_grab | [in#0 @ 0x5f88f27c6c40] Error opening input: No route t
2026-09-30T12:02:24-10:00job:security_camera_frame_grab | a-eyes: ch2 grab failed
2026-09-30T12:02:24-10:00job:security_camera_frame_grab | 12:02:18  ✗  a-eyes  ch3 FAILED: [tcp @ 0x5d855c278940] Connection to tcp://192.168.1.33:554?timeout=0 failed: No route to host
2026-09-30T12:02:24-10:00job:security_camera_frame_grab | [in#0 @ 0x5d855c275c40] Error opening input: No route t
2026-09-30T12:02:24-10:00job:security_camera_frame_grab | a-eyes: ch3 grab failed
2026-09-30T12:02:24-10:00job:security_camera_frame_grab | 12:02:21  ✗  a-eyes  ch4 FAILED: [tcp @ 0x60a4b2b55940] Connection to tcp://192.168.1.33:554?timeout=0 failed: No route to host
2026-09-30T12:02:24-10:00job:security_camera_frame_grab | [in#0 @ 0x60a4b2b52c40] Error opening input: No route t
2026-09-30T12:02:24-10:00job:security_camera_frame_grab | a-eyes: ch4 grab failed
2026-09-30T12:02:24-10:00job:service_supervisor RUN  bash "/home/rootrecord/RootRecord-Ecosystem/1 - Servers/1 - RootRecord-Pacific-Solar-Server/Automations/scripts/supervise-services.sh"
2026-09-30T12:02:24-10:00job:service_supervisor | [supervisor] weather alive pid=304140 304463 305661 305866 308654 309134 309348 309668 313159 342702 392716 (act)
2026-09-30T12:02:24-10:00job:service_supervisor | [supervisor] relay alive pid=4374 (act)
2026-09-30T12:02:24-10:00ENERGY  status=live  B2=2.0%  B1=10.5%  solar=133 W  ac=40 W  usbc=0 W  src=/home/rootrecord/RootRecord-Ecosystem/2 - RootRecord-Database/Energy  LAP=100%/Full/AC
2026-09-30T12:02:39-10:00  ▸  SUMMARY=delta2 soc=2.34% solar=127W ac_out=— usbc=0W src=ble db=ok
2026-09-30T12:02:39-10:00job:sys_stats_cycle RUN  bash "/home/rootrecord/RootRecord-Ecosystem/1 - Servers/1 - RootRecord-Pacific-Solar-Server/System/scripts/sys-sample.sh"
2026-09-30T12:02:40-10:00job:sys_stats_cycle | SYSTEM  cpu=3%  load=1.81  mem=62%  src=sqlite
2026-09-30T12:02:40-10:00job:sys_stats_cycle | OK wrote /home/rootrecord/RootRecord-Ecosystem/2 - RootRecord-Database/System/samples/sys-20260930-120240.json
2026-09-30T12:03:23-10:00job:github_sync_all | ↑ [ecosystem] committed 1 local file(s)
2026-09-30T12:03:23-10:00job:github_sync_all | ↓ [ecosystem] fetching origin/main
2026-09-30T12:03:23-10:00job:github_sync_all | From github.com:RootRecord-Software-Solutions/RootRecord-Ecosystem
2026-09-30T12:03:23-10:00job:github_sync_all | * branch            main       -> FETCH_HEAD
2026-09-30T12:03:23-10:00job:github_sync_all | ↑ [ecosystem] local is ahead of GitHub
2026-09-30T12:03:23-10:00job:github_sync_all | To github.com:RootRecord-Software-Solutions/RootRecord-Ecosystem.git
2026-09-30T12:03:23-10:00job:github_sync_all | ff18e11..10d1279  HEAD -> main
2026-09-30T12:03:23-10:00job:github_sync_all | branch 'main' set up to track 'origin/main'.
2026-09-30T12:03:23-10:00job:github_sync_all | ↑ [ecosystem] 1 files → RootRecord-Software-Solutions/RootRecord-Ecosystem (main)
2026-09-30T12:03:23-10:00job:github_sync_all | ↑ [pacific] committed 1 local file(s)
2026-09-30T12:03:23-10:00job:github_sync_all | ↓ [pacific] fetching origin/main
2026-09-30T12:03:23-10:00job:github_sync_all | From github.com:RootRecord-Software-Solutions/RootRecord-Pacific-Solar-Server
2026-09-30T12:03:23-10:00job:github_sync_all | * branch            main       -> FETCH_HEAD
2026-09-30T12:03:23-10:00job:github_sync_all | ↑ [pacific] local is ahead of GitHub
2026-09-30T12:03:23-10:00job:github_sync_all | To github.com:RootRecord-Software-Solutions/RootRecord-Pacific-Solar-Server.git
2026-09-30T12:03:23-10:00job:github_sync_all | 4101bf0..32a36e3  HEAD -> main
2026-09-30T12:03:23-10:00job:github_sync_all | branch 'main' set up to track 'origin/main'.
2026-09-30T12:03:23-10:00job:github_sync_all | ↑ [pacific] 1 files → RootRecord-Software-Solutions/RootRecord-Pacific-Solar-Server (main)
2026-09-30T12:03:23-10:00job:github_sync_all | ↑ [database] committed 15 local file(s)
2026-09-30T12:03:23-10:00job:github_sync_all | ↓ [database] fetching origin/main
2026-09-30T12:03:23-10:00job:github_sync_all | From github.com:RootRecord-Software-Solutions/RootRecord-Database
2026-09-30T12:03:23-10:00job:github_sync_all | * branch            main       -> FETCH_HEAD
2026-09-30T12:03:23-10:00job:github_sync_all | ↑ [database] local is ahead of GitHub
2026-09-30T12:03:23-10:00job:github_sync_all | To github.com:RootRecord-Software-Solutions/RootRecord-Database.git
2026-09-30T12:03:23-10:00job:github_sync_all | 8782714..8bbba8a  HEAD -> main
2026-09-30T12:03:23-10:00job:github_sync_all | branch 'main' set up to track 'origin/main'.
2026-09-30T12:03:23-10:00job:github_sync_all | ↑ [database] 15 files → RootRecord-Software-Solutions/RootRecord-Database (main)
2026-09-30T12:03:23-10:00job:github_sync_all | — [library] no local changes
2026-09-30T12:03:23-10:00job:github_sync_all | ↓ [library] fetching origin/main
2026-09-30T12:03:23-10:00job:github_sync_all | From github.com:RootRecord-Software-Solutions/RootRecord-Library
2026-09-30T12:03:23-10:00job:github_sync_all | * branch            main       -> FETCH_HEAD
2026-09-30T12:03:23-10:00job:github_sync_all | — [library] local and GitHub already match
2026-09-30T12:03:23-10:00job:github_sync_all | — [library] nothing to push
2026-09-30T12:03:23-10:00job:github_sync_all | — [skills] no local changes
2026-09-30T12:03:23-10:00job:github_sync_all | ↓ [skills] fetching origin/main
2026-09-30T12:03:23-10:00job:github_sync_all | From github.com:rootrecordsoftwaresolutions/Solar-Pacific-RootRecord-Server
2026-09-30T12:03:23-10:00job:github_sync_all | * branch            main       -> FETCH_HEAD
2026-09-30T12:03:23-10:00job:github_sync_all | — [skills] local and GitHub already match
2026-09-30T12:03:23-10:00job:github_sync_all | — [skills] nothing to push
2026-09-30T12:03:23-10:00job:security_camera_frame_grab RUN  bash "/home/rootrecord/RootRecord-Ecosystem/1 - Servers/1 - RootRecord-Pacific-Solar-Server/Security/Cameras/grab_all.sh"
2026-09-30T12:03:36-10:00job:security_camera_frame_grab | 12:03:23  ✗  a-eyes  ch1 FAILED: [tcp @ 0x592216c72940] Connection to tcp://192.168.1.33:554?timeout=0 failed: No route to host
2026-09-30T12:03:36-10:00job:security_camera_frame_grab | [in#0 @ 0x592216c6fc40] Error opening input: No route t
2026-09-30T12:03:36-10:00job:security_camera_frame_grab | a-eyes: ch1 grab failed
2026-09-30T12:03:36-10:00job:security_camera_frame_grab | 12:03:26  ✗  a-eyes  ch2 FAILED: [tcp @ 0x62db2ac1f940] Connection to tcp://192.168.1.33:554?timeout=0 failed: No route to host
2026-09-30T12:03:36-10:00job:security_camera_frame_grab | [in#0 @ 0x62db2ac1cc40] Error opening input: No route t
2026-09-30T12:03:36-10:00job:security_camera_frame_grab | a-eyes: ch2 grab failed
2026-09-30T12:03:36-10:00job:security_camera_frame_grab | 12:03:29  ✗  a-eyes  ch3 FAILED: [tcp @ 0x61be5f536940] Connection to tcp://192.168.1.33:554?timeout=0 failed: No route to host
2026-09-30T12:03:36-10:00job:security_camera_frame_grab | [in#0 @ 0x61be5f533c40] Error opening input: No route t
2026-09-30T12:03:36-10:00job:security_camera_frame_grab | a-eyes: ch3 grab failed
2026-09-30T12:03:36-10:00job:security_camera_frame_grab | 12:03:32  ✗  a-eyes  ch4 FAILED: [tcp @ 0x5c04a01e6940] Connection to tcp://192.168.1.33:554?timeout=0 failed: No route to host
2026-09-30T12:03:36-10:00job:security_camera_frame_grab | [in#0 @ 0x5c04a01e3c40] Error opening input: No route t
2026-09-30T12:03:36-10:00job:security_camera_frame_grab | a-eyes: ch4 grab failed
2026-09-30T12:03:36-10:00ENERGY  status=live  B2=2.3%  B1=10.5%  solar=127 W  ac=40 W  usbc=0 W  src=/home/rootrecord/RootRecord-Ecosystem/2 - RootRecord-Database/Energy  LAP=100%/Full/AC
2026-09-30T12:03:51-10:00  ▸  SUMMARY=river2pro soc=89.97% solar=0W ac_out=53W usbc=11W src=ble db=ok
2026-09-30T12:03:51-10:00job:sys_stats_cycle RUN  bash "/home/rootrecord/RootRecord-Ecosystem/1 - Servers/1 - RootRecord-Pacific-Solar-Server/System/scripts/sys-sample.sh"
2026-09-30T12:03:52-10:00job:sys_stats_cycle | SYSTEM  cpu=10%  load=1.01  mem=61%  src=sqlite
2026-09-30T12:03:52-10:00job:sys_stats_cycle | OK wrote /home/rootrecord/RootRecord-Ecosystem/2 - RootRecord-Database/System/samples/sys-20260930-120351.json
2026-09-30T12:04:24-10:00job:github_sync_all | — [ecosystem] no committable local changes
2026-09-30T12:04:24-10:00job:github_sync_all | ↓ [ecosystem] fetching origin/main
2026-09-30T12:04:24-10:00job:github_sync_all | From github.com:RootRecord-Software-Solutions/RootRecord-Ecosystem
2026-09-30T12:04:24-10:00job:github_sync_all | * branch            main       -> FETCH_HEAD
2026-09-30T12:04:24-10:00job:github_sync_all | — [ecosystem] local and GitHub already match
2026-09-30T12:04:24-10:00job:github_sync_all | — [ecosystem] nothing to push
2026-09-30T12:04:24-10:00job:github_sync_all | — [pacific] no local changes
2026-09-30T12:04:24-10:00job:github_sync_all | ↓ [pacific] fetching origin/main
2026-09-30T12:04:24-10:00job:github_sync_all | From github.com:RootRecord-Software-Solutions/RootRecord-Pacific-Solar-Server
2026-09-30T12:04:24-10:00job:github_sync_all | * branch            main       -> FETCH_HEAD
2026-09-30T12:04:24-10:00job:github_sync_all | — [pacific] local and GitHub already match
2026-09-30T12:04:24-10:00job:github_sync_all | — [pacific] nothing to push
2026-09-30T12:04:24-10:00job:github_sync_all | ↑ [database] committed 12 local file(s)
2026-09-30T12:04:24-10:00job:github_sync_all | ↓ [database] fetching origin/main
2026-09-30T12:04:24-10:00job:github_sync_all | From github.com:RootRecord-Software-Solutions/RootRecord-Database
2026-09-30T12:04:24-10:00job:github_sync_all | * branch            main       -> FETCH_HEAD
2026-09-30T12:04:24-10:00job:github_sync_all | ↑ [database] local is ahead of GitHub
2026-09-30T12:04:24-10:00job:github_sync_all | To github.com:RootRecord-Software-Solutions/RootRecord-Database.git
2026-09-30T12:04:24-10:00job:github_sync_all | 8bbba8a..f3ad7d5  HEAD -> main
2026-09-30T12:04:24-10:00job:github_sync_all | branch 'main' set up to track 'origin/main'.
2026-09-30T12:04:24-10:00job:github_sync_all | ↑ [database] 12 files → RootRecord-Software-Solutions/RootRecord-Database (main)
2026-09-30T12:04:24-10:00job:github_sync_all | — [library] no local changes
2026-09-30T12:04:24-10:00job:github_sync_all | ↓ [library] fetching origin/main
2026-09-30T12:04:24-10:00job:github_sync_all | From github.com:RootRecord-Software-Solutions/RootRecord-Library
2026-09-30T12:04:24-10:00job:github_sync_all | * branch            main       -> FETCH_HEAD
2026-09-30T12:04:24-10:00job:github_sync_all | — [library] local and GitHub already match
2026-09-30T12:04:24-10:00job:github_sync_all | — [library] nothing to push
2026-09-30T12:04:24-10:00job:github_sync_all | — [skills] no local changes
2026-09-30T12:04:24-10:00job:github_sync_all | ↓ [skills] fetching origin/main
2026-09-30T12:04:24-10:00job:github_sync_all | From github.com:rootrecordsoftwaresolutions/Solar-Pacific-RootRecord-Server
2026-09-30T12:04:24-10:00job:github_sync_all | * branch            main       -> FETCH_HEAD
2026-09-30T12:04:24-10:00job:github_sync_all | — [skills] local and GitHub already match
2026-09-30T12:04:24-10:00job:github_sync_all | — [skills] nothing to push
2026-09-30T12:04:24-10:00job:worklog_scan RUN  bash "/home/rootrecord/RootRecord-Ecosystem/1 - Servers/1 - RootRecord-Pacific-Solar-Server/Reports/scripts/worklog_once.sh"
2026-09-30T12:04:30-10:00job:worklog_scan | OK wrote/updated /home/rootrecord/RootRecord-Ecosystem/2 - RootRecord-Database/Worklog/worklog_current.md
2026-09-30T12:04:30-10:00job:security_camera_frame_grab RUN  bash "/home/rootrecord/RootRecord-Ecosystem/1 - Servers/1 - RootRecord-Pacific-Solar-Server/Security/Cameras/grab_all.sh"
2026-09-30T12:04:43-10:00job:security_camera_frame_grab | 12:04:30  ✗  a-eyes  ch1 FAILED: [tcp @ 0x644286dc8940] Connection to tcp://192.168.1.33:554?timeout=0 failed: No route to host
2026-09-30T12:04:43-10:00job:security_camera_frame_grab | [in#0 @ 0x644286dc5c40] Error opening input: No route t
2026-09-30T12:04:43-10:00job:security_camera_frame_grab | a-eyes: ch1 grab failed
2026-09-30T12:04:43-10:00job:security_camera_frame_grab | 12:04:34  ✗  a-eyes  ch2 FAILED: [tcp @ 0x6126fbf2f940] Connection to tcp://192.168.1.33:554?timeout=0 failed: No route to host
2026-09-30T12:04:43-10:00job:security_camera_frame_grab | [in#0 @ 0x6126fbf2cc40] Error opening input: No route t
2026-09-30T12:04:43-10:00job:security_camera_frame_grab | a-eyes: ch2 grab failed
2026-09-30T12:04:43-10:00job:security_camera_frame_grab | 12:04:37  ✗  a-eyes  ch3 FAILED: [tcp @ 0x62497e87b940] Connection to tcp://192.168.1.33:554?timeout=0 failed: No route to host
2026-09-30T12:04:43-10:00job:security_camera_frame_grab | [in#0 @ 0x62497e878c40] Error opening input: No route t
2026-09-30T12:04:43-10:00job:security_camera_frame_grab | a-eyes: ch3 grab failed
2026-09-30T12:04:43-10:00job:security_camera_frame_grab | 12:04:40  ✗  a-eyes  ch4 FAILED: [tcp @ 0x5d0351d37940] Connection to tcp://192.168.1.33:554?timeout=0 failed: No route to host
2026-09-30T12:04:43-10:00job:security_camera_frame_grab | [in#0 @ 0x5d0351d34c40] Error opening input: No route t
2026-09-30T12:04:43-10:00job:security_camera_frame_grab | a-eyes: ch4 grab failed
2026-09-30T12:04:46-10:00ENERGY  status=live  B2=2.3%  B1=90.0%  solar=127 W  ac=53 W  usbc=0 W  src=/home/rootrecord/RootRecord-Ecosystem/2 - RootRecord-Database/Energy  LAP=100%/Full/AC
2026-09-30T12:05:01-10:00  ▸  SUMMARY=river2pro soc=89.73% solar=0W ac_out=57W usbc=11W src=ble db=ok
2026-09-30T12:05:01-10:00job:sys_stats_cycle RUN  bash "/home/rootrecord/RootRecord-Ecosystem/1 - Servers/1 - RootRecord-Pacific-Solar-Server/System/scripts/sys-sample.sh"
2026-09-30T12:05:02-10:00job:sys_stats_cycle | SYSTEM  cpu=2%  load=0.74  mem=62%  src=sqlite
2026-09-30T12:05:02-10:00job:sys_stats_cycle | OK wrote /home/rootrecord/RootRecord-Ecosystem/2 - RootRecord-Database/System/samples/sys-20260930-120501.json
2026-09-30T12:05:35-10:00job:github_sync_all | — [ecosystem] no committable local changes
2026-09-30T12:05:35-10:00job:github_sync_all | ↓ [ecosystem] fetching origin/main
2026-09-30T12:05:35-10:00job:github_sync_all | From github.com:RootRecord-Software-Solutions/RootRecord-Ecosystem
2026-09-30T12:05:35-10:00job:github_sync_all | * branch            main       -> FETCH_HEAD
2026-09-30T12:05:35-10:00job:github_sync_all | — [ecosystem] local and GitHub already match
2026-09-30T12:05:35-10:00job:github_sync_all | — [ecosystem] nothing to push
2026-09-30T12:05:35-10:00job:github_sync_all | — [pacific] no local changes
2026-09-30T12:05:35-10:00job:github_sync_all | ↓ [pacific] fetching origin/main
2026-09-30T12:05:35-10:00job:github_sync_all | From github.com:RootRecord-Software-Solutions/RootRecord-Pacific-Solar-Server
2026-09-30T12:05:35-10:00job:github_sync_all | * branch            main       -> FETCH_HEAD
2026-09-30T12:05:35-10:00job:github_sync_all | — [pacific] local and GitHub already match
2026-09-30T12:05:35-10:00job:github_sync_all | — [pacific] nothing to push
2026-09-30T12:05:35-10:00job:github_sync_all | ↑ [database] committed 17 local file(s)
2026-09-30T12:05:35-10:00job:github_sync_all | ↓ [database] fetching origin/main
2026-09-30T12:05:35-10:00job:github_sync_all | From github.com:RootRecord-Software-Solutions/RootRecord-Database
2026-09-30T12:05:35-10:00job:github_sync_all | * branch            main       -> FETCH_HEAD
2026-09-30T12:05:35-10:00job:github_sync_all | ↑ [database] local is ahead of GitHub
2026-09-30T12:05:35-10:00job:github_sync_all | To github.com:RootRecord-Software-Solutions/RootRecord-Database.git
2026-09-30T12:05:35-10:00job:github_sync_all | f3ad7d5..e9ca80a  HEAD -> main
2026-09-30T12:05:35-10:00job:github_sync_all | branch 'main' set up to track 'origin/main'.
2026-09-30T12:05:35-10:00job:github_sync_all | ↑ [database] 17 files → RootRecord-Software-Solutions/RootRecord-Database (main)
2026-09-30T12:05:35-10:00job:github_sync_all | — [library] no local changes
2026-09-30T12:05:35-10:00job:github_sync_all | ↓ [library] fetching origin/main
2026-09-30T12:05:35-10:00job:github_sync_all | From github.com:RootRecord-Software-Solutions/RootRecord-Library
2026-09-30T12:05:35-10:00job:github_sync_all | * branch            main       -> FETCH_HEAD
2026-09-30T12:05:35-10:00job:github_sync_all | — [library] local and GitHub already match
2026-09-30T12:05:35-10:00job:github_sync_all | — [library] nothing to push
2026-09-30T12:05:35-10:00job:github_sync_all | — [skills] no local changes
2026-09-30T12:05:35-10:00job:github_sync_all | ↓ [skills] fetching origin/main
2026-09-30T12:05:35-10:00job:github_sync_all | From github.com:rootrecordsoftwaresolutions/Solar-Pacific-RootRecord-Server
2026-09-30T12:05:35-10:00job:github_sync_all | * branch            main       -> FETCH_HEAD
2026-09-30T12:05:35-10:00job:github_sync_all | — [skills] local and GitHub already match
2026-09-30T12:05:35-10:00job:github_sync_all | — [skills] nothing to push
2026-09-30T12:05:35-10:00job:security_camera_frame_grab RUN  bash "/home/rootrecord/RootRecord-Ecosystem/1 - Servers/1 - RootRecord-Pacific-Solar-Server/Security/Cameras/grab_all.sh"
2026-09-30T12:05:47-10:00job:security_camera_frame_grab | 12:05:35  ✗  a-eyes  ch1 FAILED: [tcp @ 0x652ca8449940] Connection to tcp://192.168.1.33:554?timeout=0 failed: No route to host
2026-09-30T12:05:47-10:00job:security_camera_frame_grab | [in#0 @ 0x652ca8446c40] Error opening input: No route t
2026-09-30T12:05:47-10:00job:security_camera_frame_grab | a-eyes: ch1 grab failed
2026-09-30T12:05:47-10:00job:security_camera_frame_grab | 12:05:38  ✗  a-eyes  ch2 FAILED: [tcp @ 0x59ce3f6d7940] Connection to tcp://192.168.1.33:554?timeout=0 failed: No route to host
2026-09-30T12:05:47-10:00job:security_camera_frame_grab | [in#0 @ 0x59ce3f6d4c40] Error opening input: No route t
2026-09-30T12:05:47-10:00job:security_camera_frame_grab | a-eyes: ch2 grab failed
2026-09-30T12:05:47-10:00job:security_camera_frame_grab | 12:05:41  ✗  a-eyes  ch3 FAILED: [tcp @ 0x5a0efe16a940] Connection to tcp://192.168.1.33:554?timeout=0 failed: No route to host
2026-09-30T12:05:47-10:00job:security_camera_frame_grab | [in#0 @ 0x5a0efe167c40] Error opening input: No route t
2026-09-30T12:05:47-10:00job:security_camera_frame_grab | a-eyes: ch3 grab failed
2026-09-30T12:05:47-10:00job:security_camera_frame_grab | 12:05:44  ✗  a-eyes  ch4 FAILED: [tcp @ 0x5accd8222940] Connection to tcp://192.168.1.33:554?timeout=0 failed: No route to host
2026-09-30T12:05:47-10:00job:security_camera_frame_grab | [in#0 @ 0x5accd821fc40] Error opening input: No route t
2026-09-30T12:05:47-10:00job:security_camera_frame_grab | a-eyes: ch4 grab failed
2026-09-30T12:05:48-10:00ENERGY  status=live  B2=2.3%  B1=89.7%  solar=127 W  ac=57 W  usbc=0 W  src=/home/rootrecord/RootRecord-Ecosystem/2 - RootRecord-Database/Energy  LAP=100%/Full/AC
2026-09-30T12:06:04-10:00  ▸  SUMMARY=river2pro soc=89.51% solar=— ac_out=71W usbc=14W src=ble db=ok
2026-09-30T12:06:04-10:00job:sys_stats_cycle RUN  bash "/home/rootrecord/RootRecord-Ecosystem/1 - Servers/1 - RootRecord-Pacific-Solar-Server/System/scripts/sys-sample.sh"
2026-09-30T12:06:05-10:00job:sys_stats_cycle | SYSTEM  cpu=4%  load=0.43  mem=62%  src=sqlite
2026-09-30T12:06:05-10:00job:sys_stats_cycle | OK wrote /home/rootrecord/RootRecord-Ecosystem/2 - RootRecord-Database/System/samples/sys-20260930-120605.json
2026-09-30T12:06:38-10:00job:github_sync_all | — [ecosystem] no committable local changes
2026-09-30T12:06:38-10:00job:github_sync_all | ↓ [ecosystem] fetching origin/main
2026-09-30T12:06:38-10:00job:github_sync_all | From github.com:RootRecord-Software-Solutions/RootRecord-Ecosystem
2026-09-30T12:06:38-10:00job:github_sync_all | * branch            main       -> FETCH_HEAD
2026-09-30T12:06:38-10:00job:github_sync_all | — [ecosystem] local and GitHub already match
2026-09-30T12:06:38-10:00job:github_sync_all | — [ecosystem] nothing to push
2026-09-30T12:06:38-10:00job:github_sync_all | — [pacific] no local changes
2026-09-30T12:06:38-10:00job:github_sync_all | ↓ [pacific] fetching origin/main
2026-09-30T12:06:38-10:00job:github_sync_all | From github.com:RootRecord-Software-Solutions/RootRecord-Pacific-Solar-Server
2026-09-30T12:06:38-10:00job:github_sync_all | * branch            main       -> FETCH_HEAD
2026-09-30T12:06:38-10:00job:github_sync_all | — [pacific] local and GitHub already match
2026-09-30T12:06:38-10:00job:github_sync_all | — [pacific] nothing to push
2026-09-30T12:06:38-10:00job:github_sync_all | ↑ [database] committed 12 local file(s)
2026-09-30T12:06:38-10:00job:github_sync_all | ↓ [database] fetching origin/main
2026-09-30T12:06:38-10:00job:github_sync_all | From github.com:RootRecord-Software-Solutions/RootRecord-Database
2026-09-30T12:06:38-10:00job:github_sync_all | * branch            main       -> FETCH_HEAD
2026-09-30T12:06:38-10:00job:github_sync_all | ↑ [database] local is ahead of GitHub
2026-09-30T12:06:38-10:00job:github_sync_all | To github.com:RootRecord-Software-Solutions/RootRecord-Database.git
2026-09-30T12:06:38-10:00job:github_sync_all | e9ca80a..b5ead56  HEAD -> main
2026-09-30T12:06:38-10:00job:github_sync_all | branch 'main' set up to track 'origin/main'.
2026-09-30T12:06:38-10:00job:github_sync_all | ↑ [database] 12 files → RootRecord-Software-Solutions/RootRecord-Database (main)
2026-09-30T12:06:38-10:00job:github_sync_all | — [library] no local changes
2026-09-30T12:06:38-10:00job:github_sync_all | ↓ [library] fetching origin/main
2026-09-30T12:06:38-10:00job:github_sync_all | From github.com:RootRecord-Software-Solutions/RootRecord-Library
2026-09-30T12:06:38-10:00job:github_sync_all | * branch            main       -> FETCH_HEAD
2026-09-30T12:06:38-10:00job:github_sync_all | — [library] local and GitHub already match
2026-09-30T12:06:38-10:00job:github_sync_all | — [library] nothing to push
2026-09-30T12:06:38-10:00job:github_sync_all | — [skills] no local changes
2026-09-30T12:06:38-10:00job:github_sync_all | ↓ [skills] fetching origin/main
2026-09-30T12:06:38-10:00job:github_sync_all | From github.com:rootrecordsoftwaresolutions/Solar-Pacific-RootRecord-Server
2026-09-30T12:06:38-10:00job:github_sync_all | * branch            main       -> FETCH_HEAD
2026-09-30T12:06:38-10:00job:github_sync_all | — [skills] local and GitHub already match
2026-09-30T12:06:38-10:00job:github_sync_all | — [skills] nothing to push
2026-09-30T12:06:38-10:00job:worklog_scan RUN  bash "/home/rootrecord/RootRecord-Ecosystem/1 - Servers/1 - RootRecord-Pacific-Solar-Server/Reports/scripts/worklog_once.sh"
2026-09-30T12:06:42-10:00job:worklog_scan | OK wrote/updated /home/rootrecord/RootRecord-Ecosystem/2 - RootRecord-Database/Worklog/worklog_current.md
2026-09-30T12:06:42-10:00job:security_camera_frame_grab RUN  bash "/home/rootrecord/RootRecord-Ecosystem/1 - Servers/1 - RootRecord-Pacific-Solar-Server/Security/Cameras/grab_all.sh"
2026-09-30T12:06:54-10:00job:security_camera_frame_grab | 12:06:42  ✗  a-eyes  ch1 FAILED: [tcp @ 0x65331ef48940] Connection to tcp://192.168.1.33:554?timeout=0 failed: No route to host
2026-09-30T12:06:54-10:00job:security_camera_frame_grab | [in#0 @ 0x65331ef45c40] Error opening input: No route t
2026-09-30T12:06:54-10:00job:security_camera_frame_grab | a-eyes: ch1 grab failed
2026-09-30T12:06:54-10:00job:security_camera_frame_grab | 12:06:45  ✗  a-eyes  ch2 FAILED: [tcp @ 0x58ca3d6c4940] Connection to tcp://192.168.1.33:554?timeout=0 failed: No route to host
2026-09-30T12:06:54-10:00job:security_camera_frame_grab | [in#0 @ 0x58ca3d6c1c40] Error opening input: No route t
2026-09-30T12:06:54-10:00job:security_camera_frame_grab | a-eyes: ch2 grab failed
2026-09-30T12:06:54-10:00job:security_camera_frame_grab | 12:06:48  ✗  a-eyes  ch3 FAILED: [tcp @ 0x64b717362940] Connection to tcp://192.168.1.33:554?timeout=0 failed: No route to host
2026-09-30T12:06:54-10:00job:security_camera_frame_grab | [in#0 @ 0x64b71735fc40] Error opening input: No route t
2026-09-30T12:06:54-10:00job:security_camera_frame_grab | a-eyes: ch3 grab failed
2026-09-30T12:06:54-10:00job:security_camera_frame_grab | 12:06:51  ✗  a-eyes  ch4 FAILED: [tcp @ 0x59e9da4e9940] Connection to tcp://192.168.1.33:554?timeout=0 failed: No route to host
2026-09-30T12:06:54-10:00job:security_camera_frame_grab | [in#0 @ 0x59e9da4e6c40] Error opening input: No route t
2026-09-30T12:06:54-10:00job:security_camera_frame_grab | a-eyes: ch4 grab failed
2026-09-30T12:06:55-10:00ENERGY  status=live  B2=2.3%  B1=89.5%  solar=127 W  ac=71 W  usbc=0 W  src=/home/rootrecord/RootRecord-Ecosystem/2 - RootRecord-Database/Energy  LAP=100%/Full/AC
2026-09-30T12:07:10-10:00  ▸  SUMMARY=river2pro soc=89.29% solar=0W ac_out=54W usbc=14W src=ble db=ok
2026-09-30T12:07:10-10:00job:sys_stats_cycle RUN  bash "/home/rootrecord/RootRecord-Ecosystem/1 - Servers/1 - RootRecord-Pacific-Solar-Server/System/scripts/sys-sample.sh"
2026-09-30T12:07:11-10:00job:sys_stats_cycle | SYSTEM  cpu=8%  load=0.79  mem=62%  src=sqlite
2026-09-30T12:07:11-10:00job:sys_stats_cycle | OK wrote /home/rootrecord/RootRecord-Ecosystem/2 - RootRecord-Database/System/samples/sys-20260930-120710.json
2026-09-30T12:07:42-10:00job:github_sync_all | — [ecosystem] no committable local changes
2026-09-30T12:07:42-10:00job:github_sync_all | ↓ [ecosystem] fetching origin/main
2026-09-30T12:07:42-10:00job:github_sync_all | From github.com:RootRecord-Software-Solutions/RootRecord-Ecosystem
2026-09-30T12:07:42-10:00job:github_sync_all | * branch            main       -> FETCH_HEAD
2026-09-30T12:07:42-10:00job:github_sync_all | — [ecosystem] local and GitHub already match
2026-09-30T12:07:42-10:00job:github_sync_all | — [ecosystem] nothing to push
2026-09-30T12:07:42-10:00job:github_sync_all | — [pacific] no local changes
2026-09-30T12:07:42-10:00job:github_sync_all | ↓ [pacific] fetching origin/main
2026-09-30T12:07:42-10:00job:github_sync_all | From github.com:RootRecord-Software-Solutions/RootRecord-Pacific-Solar-Server
2026-09-30T12:07:42-10:00job:github_sync_all | * branch            main       -> FETCH_HEAD
2026-09-30T12:07:42-10:00job:github_sync_all | — [pacific] local and GitHub already match
2026-09-30T12:07:42-10:00job:github_sync_all | — [pacific] nothing to push
2026-09-30T12:07:42-10:00job:github_sync_all | ↑ [database] committed 16 local file(s)
2026-09-30T12:07:42-10:00job:github_sync_all | ↓ [database] fetching origin/main
2026-09-30T12:07:42-10:00job:github_sync_all | From github.com:RootRecord-Software-Solutions/RootRecord-Database
2026-09-30T12:07:42-10:00job:github_sync_all | * branch            main       -> FETCH_HEAD
2026-09-30T12:07:42-10:00job:github_sync_all | ↑ [database] local is ahead of GitHub
2026-09-30T12:07:42-10:00job:github_sync_all | To github.com:RootRecord-Software-Solutions/RootRecord-Database.git
2026-09-30T12:07:42-10:00job:github_sync_all | b5ead56..d4077d0  HEAD -> main
2026-09-30T12:07:42-10:00job:github_sync_all | branch 'main' set up to track 'origin/main'.
2026-09-30T12:07:42-10:00job:github_sync_all | ↑ [database] 16 files → RootRecord-Software-Solutions/RootRecord-Database (main)
2026-09-30T12:07:42-10:00job:github_sync_all | — [library] no local changes
2026-09-30T12:07:42-10:00job:github_sync_all | ↓ [library] fetching origin/main
2026-09-30T12:07:42-10:00job:github_sync_all | From github.com:RootRecord-Software-Solutions/RootRecord-Library
2026-09-30T12:07:42-10:00job:github_sync_all | * branch            main       -> FETCH_HEAD
2026-09-30T12:07:42-10:00job:github_sync_all | — [library] local and GitHub already match
2026-09-30T12:07:42-10:00job:github_sync_all | — [library] nothing to push
2026-09-30T12:07:42-10:00job:github_sync_all | — [skills] no local changes
2026-09-30T12:07:42-10:00job:github_sync_all | ↓ [skills] fetching origin/main
2026-09-30T12:07:42-10:00job:github_sync_all | From github.com:rootrecordsoftwaresolutions/Solar-Pacific-RootRecord-Server
2026-09-30T12:07:42-10:00job:github_sync_all | * branch            main       -> FETCH_HEAD
2026-09-30T12:07:42-10:00job:github_sync_all | — [skills] local and GitHub already match
2026-09-30T12:07:42-10:00job:github_sync_all | — [skills] nothing to push
2026-09-30T12:07:42-10:00job:security_camera_frame_grab RUN  bash "/home/rootrecord/RootRecord-Ecosystem/1 - Servers/1 - RootRecord-Pacific-Solar-Server/Security/Cameras/grab_all.sh"
2026-09-30T12:07:55-10:00job:security_camera_frame_grab | 12:07:42  ✗  a-eyes  ch1 FAILED: [tcp @ 0x5abebc073940] Connection to tcp://192.168.1.33:554?timeout=0 failed: No route to host
2026-09-30T12:07:55-10:00job:security_camera_frame_grab | [in#0 @ 0x5abebc070c40] Error opening input: No route t
2026-09-30T12:07:55-10:00job:security_camera_frame_grab | a-eyes: ch1 grab failed
2026-09-30T12:07:55-10:00job:security_camera_frame_grab | 12:07:45  ✗  a-eyes  ch2 FAILED: [tcp @ 0x610dfdfe8940] Connection to tcp://192.168.1.33:554?timeout=0 failed: No route to host
2026-09-30T12:07:55-10:00job:security_camera_frame_grab | [in#0 @ 0x610dfdfe5c40] Error opening input: No route t
2026-09-30T12:07:55-10:00job:security_camera_frame_grab | a-eyes: ch2 grab failed
2026-09-30T12:07:55-10:00job:security_camera_frame_grab | 12:07:48  ✗  a-eyes  ch3 FAILED: [tcp @ 0x5a1e9add3940] Connection to tcp://192.168.1.33:554?timeout=0 failed: No route to host
2026-09-30T12:07:55-10:00job:security_camera_frame_grab | [in#0 @ 0x5a1e9add0c40] Error opening input: No route t
2026-09-30T12:07:55-10:00job:security_camera_frame_grab | a-eyes: ch3 grab failed
2026-09-30T12:07:55-10:00job:security_camera_frame_grab | 12:07:51  ✗  a-eyes  ch4 FAILED: [tcp @ 0x618a605d0940] Connection to tcp://192.168.1.33:554?timeout=0 failed: No route to host
2026-09-30T12:07:55-10:00job:security_camera_frame_grab | [in#0 @ 0x618a605cdc40] Error opening input: No route t
2026-09-30T12:07:55-10:00job:security_camera_frame_grab | a-eyes: ch4 grab failed
2026-09-30T12:07:55-10:00job:service_supervisor RUN  bash "/home/rootrecord/RootRecord-Ecosystem/1 - Servers/1 - RootRecord-Pacific-Solar-Server/Automations/scripts/supervise-services.sh"
2026-09-30T12:07:55-10:00job:service_supervisor | [supervisor] weather alive pid=304140 304463 305661 305866 308654 309134 309348 309668 313159 342702 392716 (act)
2026-09-30T12:07:55-10:00job:service_supervisor | [supervisor] relay alive pid=4374 (act)
2026-09-30T12:07:55-10:00ENERGY  status=live  B2=2.3%  B1=89.3%  solar=127 W  ac=54 W  usbc=0 W  src=/home/rootrecord/RootRecord-Ecosystem/2 - RootRecord-Database/Energy  LAP=100%/Full/AC
2026-09-30T12:08:10-10:00  ▸  SUMMARY=river2pro soc=89.07% solar=0W ac_out=51W usbc=14W src=ble db=ok
2026-09-30T12:08:10-10:00job:sys_stats_cycle RUN  bash "/home/rootrecord/RootRecord-Ecosystem/1 - Servers/1 - RootRecord-Pacific-Solar-Server/System/scripts/sys-sample.sh"
2026-09-30T12:08:11-10:00job:sys_stats_cycle | SYSTEM  cpu=13%  load=0.46  mem=61%  src=sqlite
2026-09-30T12:08:11-10:00job:sys_stats_cycle | OK wrote /home/rootrecord/RootRecord-Ecosystem/2 - RootRecord-Database/System/samples/sys-20260930-120810.json
2026-09-30T12:08:45-10:00job:github_sync_all | — [ecosystem] no committable local changes
2026-09-30T12:08:45-10:00job:github_sync_all | ↓ [ecosystem] fetching origin/main
2026-09-30T12:08:45-10:00job:github_sync_all | From github.com:RootRecord-Software-Solutions/RootRecord-Ecosystem
2026-09-30T12:08:45-10:00job:github_sync_all | * branch            main       -> FETCH_HEAD
2026-09-30T12:08:45-10:00job:github_sync_all | — [ecosystem] local and GitHub already match
2026-09-30T12:08:45-10:00job:github_sync_all | — [ecosystem] nothing to push
2026-09-30T12:08:45-10:00job:github_sync_all | — [pacific] no local changes
2026-09-30T12:08:45-10:00job:github_sync_all | ↓ [pacific] fetching origin/main
2026-09-30T12:08:45-10:00job:github_sync_all | From github.com:RootRecord-Software-Solutions/RootRecord-Pacific-Solar-Server
2026-09-30T12:08:45-10:00job:github_sync_all | * branch            main       -> FETCH_HEAD
2026-09-30T12:08:45-10:00job:github_sync_all | — [pacific] local and GitHub already match
2026-09-30T12:08:45-10:00job:github_sync_all | — [pacific] nothing to push
2026-09-30T12:08:45-10:00job:github_sync_all | ↑ [database] committed 12 local file(s)
2026-09-30T12:08:45-10:00job:github_sync_all | ↓ [database] fetching origin/main
2026-09-30T12:08:45-10:00job:github_sync_all | From github.com:RootRecord-Software-Solutions/RootRecord-Database
2026-09-30T12:08:45-10:00job:github_sync_all | * branch            main       -> FETCH_HEAD
2026-09-30T12:08:45-10:00job:github_sync_all | ↑ [database] local is ahead of GitHub
2026-09-30T12:08:45-10:00job:github_sync_all | To github.com:RootRecord-Software-Solutions/RootRecord-Database.git
2026-09-30T12:08:45-10:00job:github_sync_all | d4077d0..820b38b  HEAD -> main
2026-09-30T12:08:45-10:00job:github_sync_all | branch 'main' set up to track 'origin/main'.
2026-09-30T12:08:45-10:00job:github_sync_all | ↑ [database] 12 files → RootRecord-Software-Solutions/RootRecord-Database (main)
2026-09-30T12:08:45-10:00job:github_sync_all | — [library] no local changes
2026-09-30T12:08:45-10:00job:github_sync_all | ↓ [library] fetching origin/main
2026-09-30T12:08:45-10:00job:github_sync_all | From github.com:RootRecord-Software-Solutions/RootRecord-Library
2026-09-30T12:08:45-10:00job:github_sync_all | * branch            main       -> FETCH_HEAD
2026-09-30T12:08:45-10:00job:github_sync_all | — [library] local and GitHub already match
2026-09-30T12:08:45-10:00job:github_sync_all | — [library] nothing to push
2026-09-30T12:08:45-10:00job:github_sync_all | — [skills] no local changes
2026-09-30T12:08:45-10:00job:github_sync_all | ↓ [skills] fetching origin/main
2026-09-30T12:08:45-10:00job:github_sync_all | From github.com:rootrecordsoftwaresolutions/Solar-Pacific-RootRecord-Server
2026-09-30T12:08:45-10:00job:github_sync_all | * branch            main       -> FETCH_HEAD
2026-09-30T12:08:45-10:00job:github_sync_all | — [skills] local and GitHub already match
2026-09-30T12:08:45-10:00job:github_sync_all | — [skills] nothing to push
2026-09-30T12:08:45-10:00job:worklog_scan RUN  bash "/home/rootrecord/RootRecord-Ecosystem/1 - Servers/1 - RootRecord-Pacific-Solar-Server/Reports/scripts/worklog_once.sh"
2026-09-30T12:08:48-10:00job:worklog_scan | OK wrote/updated /home/rootrecord/RootRecord-Ecosystem/2 - RootRecord-Database/Worklog/worklog_current.md
2026-09-30T12:08:48-10:00job:security_camera_frame_grab RUN  bash "/home/rootrecord/RootRecord-Ecosystem/1 - Servers/1 - RootRecord-Pacific-Solar-Server/Security/Cameras/grab_all.sh"
2026-09-30T12:09:01-10:00job:security_camera_frame_grab | 12:08:48  ✗  a-eyes  ch1 FAILED: [tcp @ 0x60e07a041940] Connection to tcp://192.168.1.33:554?timeout=0 failed: No route to host
2026-09-30T12:09:01-10:00job:security_camera_frame_grab | [in#0 @ 0x60e07a03ec40] Error opening input: No route t
2026-09-30T12:09:01-10:00job:security_camera_frame_grab | a-eyes: ch1 grab failed
2026-09-30T12:09:01-10:00job:security_camera_frame_grab | 12:08:52  ✗  a-eyes  ch2 FAILED: [tcp @ 0x5a188ee80940] Connection to tcp://192.168.1.33:554?timeout=0 failed: No route to host
2026-09-30T12:09:01-10:00job:security_camera_frame_grab | [in#0 @ 0x5a188ee7dc40] Error opening input: No route t
2026-09-30T12:09:01-10:00job:security_camera_frame_grab | a-eyes: ch2 grab failed
2026-09-30T12:09:01-10:00job:security_camera_frame_grab | 12:08:55  ✗  a-eyes  ch3 FAILED: [tcp @ 0x578149a90940] Connection to tcp://192.168.1.33:554?timeout=0 failed: No route to host
2026-09-30T12:09:01-10:00job:security_camera_frame_grab | [in#0 @ 0x578149a8dc40] Error opening input: No route t
2026-09-30T12:09:01-10:00job:security_camera_frame_grab | a-eyes: ch3 grab failed
2026-09-30T12:09:01-10:00job:security_camera_frame_grab | 12:08:58  ✗  a-eyes  ch4 FAILED: [tcp @ 0x639a9a342940] Connection to tcp://192.168.1.33:554?timeout=0 failed: No route to host
2026-09-30T12:09:01-10:00job:security_camera_frame_grab | [in#0 @ 0x639a9a33fc40] Error opening input: No route t
2026-09-30T12:09:01-10:00job:security_camera_frame_grab | a-eyes: ch4 grab failed
2026-09-30T12:09:01-10:00ENERGY  status=live  B2=2.3%  B1=89.1%  solar=127 W  ac=51 W  usbc=0 W  src=/home/rootrecord/RootRecord-Ecosystem/2 - RootRecord-Database/Energy  LAP=100%/Full/AC
2026-09-30T12:09:16-10:00  ▸  SUMMARY=delta2 soc=4.06% solar=142W ac_out=— usbc=0W src=ble db=ok
2026-09-30T12:09:16-10:00job:sys_stats_cycle RUN  bash "/home/rootrecord/RootRecord-Ecosystem/1 - Servers/1 - RootRecord-Pacific-Solar-Server/System/scripts/sys-sample.sh"
2026-09-30T12:09:17-10:00job:sys_stats_cycle | SYSTEM  cpu=5%  load=1.09  mem=62%  src=sqlite
2026-09-30T12:09:17-10:00job:sys_stats_cycle | OK wrote /home/rootrecord/RootRecord-Ecosystem/2 - RootRecord-Database/System/samples/sys-20260930-120916.json
2026-09-30T12:09:51-10:00job:github_sync_all | — [ecosystem] no committable local changes
2026-09-30T12:09:51-10:00job:github_sync_all | ↓ [ecosystem] fetching origin/main
2026-09-30T12:09:51-10:00job:github_sync_all | From github.com:RootRecord-Software-Solutions/RootRecord-Ecosystem
2026-09-30T12:09:51-10:00job:github_sync_all | * branch            main       -> FETCH_HEAD
2026-09-30T12:09:51-10:00job:github_sync_all | — [ecosystem] local and GitHub already match
2026-09-30T12:09:51-10:00job:github_sync_all | — [ecosystem] nothing to push
2026-09-30T12:09:51-10:00job:github_sync_all | — [pacific] no local changes
2026-09-30T12:09:51-10:00job:github_sync_all | ↓ [pacific] fetching origin/main
2026-09-30T12:09:51-10:00job:github_sync_all | From github.com:RootRecord-Software-Solutions/RootRecord-Pacific-Solar-Server
2026-09-30T12:09:51-10:00job:github_sync_all | * branch            main       -> FETCH_HEAD
2026-09-30T12:09:51-10:00job:github_sync_all | — [pacific] local and GitHub already match
2026-09-30T12:09:51-10:00job:github_sync_all | — [pacific] nothing to push
2026-09-30T12:09:51-10:00job:github_sync_all | ↑ [database] committed 15 local file(s)
2026-09-30T12:09:51-10:00job:github_sync_all | ↓ [database] fetching origin/main
2026-09-30T12:09:51-10:00job:github_sync_all | From github.com:RootRecord-Software-Solutions/RootRecord-Database
2026-09-30T12:09:51-10:00job:github_sync_all | * branch            main       -> FETCH_HEAD
2026-09-30T12:09:51-10:00job:github_sync_all | ↑ [database] local is ahead of GitHub
2026-09-30T12:09:51-10:00job:github_sync_all | To github.com:RootRecord-Software-Solutions/RootRecord-Database.git
2026-09-30T12:09:51-10:00job:github_sync_all | 820b38b..e66c82c  HEAD -> main
2026-09-30T12:09:51-10:00job:github_sync_all | branch 'main' set up to track 'origin/main'.
2026-09-30T12:09:51-10:00job:github_sync_all | ↑ [database] 15 files → RootRecord-Software-Solutions/RootRecord-Database (main)
2026-09-30T12:09:51-10:00job:github_sync_all | — [library] no local changes
2026-09-30T12:09:51-10:00job:github_sync_all | ↓ [library] fetching origin/main
2026-09-30T12:09:51-10:00job:github_sync_all | From github.com:RootRecord-Software-Solutions/RootRecord-Library
2026-09-30T12:09:51-10:00job:github_sync_all | * branch            main       -> FETCH_HEAD
2026-09-30T12:09:51-10:00job:github_sync_all | — [library] local and GitHub already match
2026-09-30T12:09:51-10:00job:github_sync_all | — [library] nothing to push
2026-09-30T12:09:51-10:00job:github_sync_all | — [skills] no local changes
2026-09-30T12:09:51-10:00job:github_sync_all | ↓ [skills] fetching origin/main
2026-09-30T12:09:51-10:00job:github_sync_all | From github.com:rootrecordsoftwaresolutions/Solar-Pacific-RootRecord-Server
2026-09-30T12:09:51-10:00job:github_sync_all | * branch            main       -> FETCH_HEAD
2026-09-30T12:09:51-10:00job:github_sync_all | — [skills] local and GitHub already match
2026-09-30T12:09:51-10:00job:github_sync_all | — [skills] nothing to push
2026-09-30T12:09:51-10:00job:security_camera_frame_grab RUN  bash "/home/rootrecord/RootRecord-Ecosystem/1 - Servers/1 - RootRecord-Pacific-Solar-Server/Security/Cameras/grab_all.sh"
2026-09-30T12:10:04-10:00job:security_camera_frame_grab | 12:09:51  ✗  a-eyes  ch1 FAILED: [tcp @ 0x58fb1a87c940] Connection to tcp://192.168.1.33:554?timeout=0 failed: No route to host
2026-09-30T12:10:04-10:00job:security_camera_frame_grab | [in#0 @ 0x58fb1a879c40] Error opening input: No route t
2026-09-30T12:10:04-10:00job:security_camera_frame_grab | a-eyes: ch1 grab failed
2026-09-30T12:10:04-10:00job:security_camera_frame_grab | 12:09:54  ✗  a-eyes  ch2 FAILED: [tcp @ 0x5bfdb57d6940] Connection to tcp://192.168.1.33:554?timeout=0 failed: No route to host
2026-09-30T12:10:04-10:00job:security_camera_frame_grab | [in#0 @ 0x5bfdb57d3c40] Error opening input: No route t
2026-09-30T12:10:04-10:00job:security_camera_frame_grab | a-eyes: ch2 grab failed
2026-09-30T12:10:04-10:00job:security_camera_frame_grab | 12:09:57  ✗  a-eyes  ch3 FAILED: [tcp @ 0x637bb5c92940] Connection to tcp://192.168.1.33:554?timeout=0 failed: No route to host
2026-09-30T12:10:04-10:00job:security_camera_frame_grab | [in#0 @ 0x637bb5c8fc40] Error opening input: No route t
2026-09-30T12:10:04-10:00job:security_camera_frame_grab | a-eyes: ch3 grab failed
2026-09-30T12:10:04-10:00job:security_camera_frame_grab | 12:10:01  ✗  a-eyes  ch4 FAILED: [tcp @ 0x6206edcf7940] Connection to tcp://192.168.1.33:554?timeout=0 failed: No route to host
2026-09-30T12:10:04-10:00job:security_camera_frame_grab | [in#0 @ 0x6206edcf4c40] Error opening input: No route t
2026-09-30T12:10:04-10:00job:security_camera_frame_grab | a-eyes: ch4 grab failed
2026-09-30T12:10:04-10:00ENERGY  status=live  B2=4.1%  B1=89.1%  solar=142 W  ac=51 W  usbc=0 W  src=/home/rootrecord/RootRecord-Ecosystem/2 - RootRecord-Database/Energy  LAP=100%/Full/AC
2026-09-30T12:10:19-10:00  ▸  SUMMARY=delta2 soc=4.26% solar=142W ac_out=— usbc=0W src=ble db=ok
2026-09-30T12:10:19-10:00job:sys_stats_cycle RUN  bash "/home/rootrecord/RootRecord-Ecosystem/1 - Servers/1 - RootRecord-Pacific-Solar-Server/System/scripts/sys-sample.sh"
2026-09-30T12:10:20-10:00job:sys_stats_cycle | SYSTEM  cpu=5%  load=0.92  mem=63%  src=sqlite
2026-09-30T12:10:20-10:00job:sys_stats_cycle | OK wrote /home/rootrecord/RootRecord-Ecosystem/2 - RootRecord-Database/System/samples/sys-20260930-121019.json
2026-09-30T12:10:54-10:00job:github_sync_all | — [ecosystem] no committable local changes
2026-09-30T12:10:54-10:00job:github_sync_all | ↓ [ecosystem] fetching origin/main
2026-09-30T12:10:54-10:00job:github_sync_all | From github.com:RootRecord-Software-Solutions/RootRecord-Ecosystem
2026-09-30T12:10:54-10:00job:github_sync_all | * branch            main       -> FETCH_HEAD
2026-09-30T12:10:54-10:00job:github_sync_all | — [ecosystem] local and GitHub already match
2026-09-30T12:10:54-10:00job:github_sync_all | — [ecosystem] nothing to push
2026-09-30T12:10:54-10:00job:github_sync_all | — [pacific] no local changes
2026-09-30T12:10:54-10:00job:github_sync_all | ↓ [pacific] fetching origin/main
2026-09-30T12:10:54-10:00job:github_sync_all | From github.com:RootRecord-Software-Solutions/RootRecord-Pacific-Solar-Server
2026-09-30T12:10:54-10:00job:github_sync_all | * branch            main       -> FETCH_HEAD
2026-09-30T12:10:54-10:00job:github_sync_all | — [pacific] local and GitHub already match
2026-09-30T12:10:54-10:00job:github_sync_all | — [pacific] nothing to push
2026-09-30T12:10:54-10:00job:github_sync_all | ↑ [database] committed 13 local file(s)
2026-09-30T12:10:54-10:00job:github_sync_all | ↓ [database] fetching origin/main
2026-09-30T12:10:54-10:00job:github_sync_all | From github.com:RootRecord-Software-Solutions/RootRecord-Database
2026-09-30T12:10:54-10:00job:github_sync_all | * branch            main       -> FETCH_HEAD
2026-09-30T12:10:54-10:00job:github_sync_all | ↑ [database] local is ahead of GitHub
2026-09-30T12:10:54-10:00job:github_sync_all | To github.com:RootRecord-Software-Solutions/RootRecord-Database.git
2026-09-30T12:10:54-10:00job:github_sync_all | e66c82c..8f05fe6  HEAD -> main
2026-09-30T12:10:54-10:00job:github_sync_all | branch 'main' set up to track 'origin/main'.
2026-09-30T12:10:54-10:00job:github_sync_all | ↑ [database] 13 files → RootRecord-Software-Solutions/RootRecord-Database (main)
2026-09-30T12:10:54-10:00job:github_sync_all | — [library] no local changes
2026-09-30T12:10:54-10:00job:github_sync_all | ↓ [library] fetching origin/main
2026-09-30T12:10:54-10:00job:github_sync_all | From github.com:RootRecord-Software-Solutions/RootRecord-Library
2026-09-30T12:10:54-10:00job:github_sync_all | * branch            main       -> FETCH_HEAD
2026-09-30T12:10:54-10:00job:github_sync_all | — [library] local and GitHub already match
2026-09-30T12:10:54-10:00job:github_sync_all | — [library] nothing to push
2026-09-30T12:10:54-10:00job:github_sync_all | — [skills] no local changes
2026-09-30T12:10:54-10:00job:github_sync_all | ↓ [skills] fetching origin/main
2026-09-30T12:10:54-10:00job:github_sync_all | From github.com:rootrecordsoftwaresolutions/Solar-Pacific-RootRecord-Server
2026-09-30T12:10:54-10:00job:github_sync_all | * branch            main       -> FETCH_HEAD
2026-09-30T12:10:54-10:00job:github_sync_all | — [skills] local and GitHub already match
2026-09-30T12:10:54-10:00job:github_sync_all | — [skills] nothing to push
2026-09-30T12:10:54-10:00job:worklog_scan RUN  bash "/home/rootrecord/RootRecord-Ecosystem/1 - Servers/1 - RootRecord-Pacific-Solar-Server/Reports/scripts/worklog_once.sh"
2026-09-30T12:11:01-10:00job:worklog_scan | OK wrote/updated /home/rootrecord/RootRecord-Ecosystem/2 - RootRecord-Database/Worklog/worklog_current.md
2026-09-30T12:11:01-10:00job:security_camera_frame_grab RUN  bash "/home/rootrecord/RootRecord-Ecosystem/1 - Servers/1 - RootRecord-Pacific-Solar-Server/Security/Cameras/grab_all.sh"
2026-09-30T12:11:14-10:00job:security_camera_frame_grab | 12:11:01  ✗  a-eyes  ch1 FAILED: [tcp @ 0x56233c06e940] Connection to tcp://192.168.1.33:554?timeout=0 failed: No route to host
2026-09-30T12:11:14-10:00job:security_camera_frame_grab | [in#0 @ 0x56233c06bc40] Error opening input: No route t
2026-09-30T12:11:14-10:00job:security_camera_frame_grab | a-eyes: ch1 grab failed
2026-09-30T12:11:14-10:00job:security_camera_frame_grab | 12:11:04  ✗  a-eyes  ch2 FAILED: [tcp @ 0x5cfad254a940] Connection to tcp://192.168.1.33:554?timeout=0 failed: No route to host
2026-09-30T12:11:14-10:00job:security_camera_frame_grab | [in#0 @ 0x5cfad2547c40] Error opening input: No route t
2026-09-30T12:11:14-10:00job:security_camera_frame_grab | a-eyes: ch2 grab failed
2026-09-30T12:11:14-10:00job:security_camera_frame_grab | 12:11:07  ✗  a-eyes  ch3 FAILED: [tcp @ 0x63f21b404940] Connection to tcp://192.168.1.33:554?timeout=0 failed: No route to host
2026-09-30T12:11:14-10:00job:security_camera_frame_grab | [in#0 @ 0x63f21b401c40] Error opening input: No route t
2026-09-30T12:11:14-10:00job:security_camera_frame_grab | a-eyes: ch3 grab failed
2026-09-30T12:11:14-10:00job:security_camera_frame_grab | 12:11:11  ✗  a-eyes  ch4 FAILED: [tcp @ 0x5cece1f4d940] Connection to tcp://192.168.1.33:554?timeout=0 failed: No route to host
2026-09-30T12:11:14-10:00job:security_camera_frame_grab | [in#0 @ 0x5cece1f4ac40] Error opening input: No route t
2026-09-30T12:11:14-10:00job:security_camera_frame_grab | a-eyes: ch4 grab failed
2026-09-30T12:11:14-10:00ENERGY  status=live  B2=4.3%  B1=89.1%  solar=142 W  ac=51 W  usbc=0 W  src=/home/rootrecord/RootRecord-Ecosystem/2 - RootRecord-Database/Energy  LAP=100%/Full/AC
2026-09-30T12:11:29-10:00  ▸  SUMMARY=delta2 soc=4.66% solar=143W ac_out=— usbc=0W src=ble db=ok
2026-09-30T12:11:29-10:00job:sys_stats_cycle RUN  bash "/home/rootrecord/RootRecord-Ecosystem/1 - Servers/1 - RootRecord-Pacific-Solar-Server/System/scripts/sys-sample.sh"
2026-09-30T12:11:30-10:00job:sys_stats_cycle | SYSTEM  cpu=5%  load=0.83  mem=62%  src=sqlite
2026-09-30T12:11:30-10:00job:sys_stats_cycle | OK wrote /home/rootrecord/RootRecord-Ecosystem/2 - RootRecord-Database/System/samples/sys-20260930-121129.json
2026-09-30T12:12:08-10:00job:github_sync_all | ↑ [ecosystem] committed 1 local file(s)
2026-09-30T12:12:08-10:00job:github_sync_all | ↓ [ecosystem] fetching origin/main
2026-09-30T12:12:08-10:00job:github_sync_all | From github.com:RootRecord-Software-Solutions/RootRecord-Ecosystem
2026-09-30T12:12:08-10:00job:github_sync_all | * branch            main       -> FETCH_HEAD
2026-09-30T12:12:08-10:00job:github_sync_all | ↑ [ecosystem] local is ahead of GitHub
2026-09-30T12:12:08-10:00job:github_sync_all | To github.com:RootRecord-Software-Solutions/RootRecord-Ecosystem.git
2026-09-30T12:12:08-10:00job:github_sync_all | 10d1279..c46ccb8  HEAD -> main
2026-09-30T12:12:08-10:00job:github_sync_all | branch 'main' set up to track 'origin/main'.
2026-09-30T12:12:08-10:00job:github_sync_all | ↑ [ecosystem] 1 files → RootRecord-Software-Solutions/RootRecord-Ecosystem (main)
2026-09-30T12:12:08-10:00job:github_sync_all | ↑ [pacific] committed 1 local file(s)
2026-09-30T12:12:08-10:00job:github_sync_all | ↓ [pacific] fetching origin/main
2026-09-30T12:12:08-10:00job:github_sync_all | From github.com:RootRecord-Software-Solutions/RootRecord-Pacific-Solar-Server
2026-09-30T12:12:08-10:00job:github_sync_all | * branch            main       -> FETCH_HEAD
2026-09-30T12:12:08-10:00job:github_sync_all | ↑ [pacific] local is ahead of GitHub
2026-09-30T12:12:08-10:00job:github_sync_all | To github.com:RootRecord-Software-Solutions/RootRecord-Pacific-Solar-Server.git
2026-09-30T12:12:08-10:00job:github_sync_all | 32a36e3..8a3aeb7  HEAD -> main
2026-09-30T12:12:08-10:00job:github_sync_all | branch 'main' set up to track 'origin/main'.
2026-09-30T12:12:08-10:00job:github_sync_all | ↑ [pacific] 1 files → RootRecord-Software-Solutions/RootRecord-Pacific-Solar-Server (main)
2026-09-30T12:12:08-10:00job:github_sync_all | ↑ [database] committed 15 local file(s)
2026-09-30T12:12:08-10:00job:github_sync_all | ↓ [database] fetching origin/main
2026-09-30T12:12:08-10:00job:github_sync_all | From github.com:RootRecord-Software-Solutions/RootRecord-Database
2026-09-30T12:12:08-10:00job:github_sync_all | * branch            main       -> FETCH_HEAD
2026-09-30T12:12:08-10:00job:github_sync_all | ↑ [database] local is ahead of GitHub
2026-09-30T12:12:08-10:00job:github_sync_all | To github.com:RootRecord-Software-Solutions/RootRecord-Database.git
2026-09-30T12:12:08-10:00job:github_sync_all | 8f05fe6..51d6420  HEAD -> main
2026-09-30T12:12:08-10:00job:github_sync_all | branch 'main' set up to track 'origin/main'.
2026-09-30T12:12:08-10:00job:github_sync_all | ↑ [database] 15 files → RootRecord-Software-Solutions/RootRecord-Database (main)
2026-09-30T12:12:08-10:00job:github_sync_all | — [library] no local changes
2026-09-30T12:12:08-10:00job:github_sync_all | ↓ [library] fetching origin/main
2026-09-30T12:12:08-10:00job:github_sync_all | From github.com:RootRecord-Software-Solutions/RootRecord-Library
2026-09-30T12:12:08-10:00job:github_sync_all | * branch            main       -> FETCH_HEAD
2026-09-30T12:12:08-10:00job:github_sync_all | — [library] local and GitHub already match
2026-09-30T12:12:08-10:00job:github_sync_all | — [library] nothing to push
2026-09-30T12:12:08-10:00job:github_sync_all | — [skills] no local changes
2026-09-30T12:12:08-10:00job:github_sync_all | ↓ [skills] fetching origin/main
2026-09-30T12:12:08-10:00job:github_sync_all | From github.com:rootrecordsoftwaresolutions/Solar-Pacific-RootRecord-Server
2026-09-30T12:12:08-10:00job:github_sync_all | * branch            main       -> FETCH_HEAD
2026-09-30T12:12:08-10:00job:github_sync_all | — [skills] local and GitHub already match
2026-09-30T12:12:08-10:00job:github_sync_all | — [skills] nothing to push
2026-09-30T12:12:08-10:00job:security_camera_frame_grab RUN  bash "/home/rootrecord/RootRecord-Ecosystem/1 - Servers/1 - RootRecord-Pacific-Solar-Server/Security/Cameras/grab_all.sh"
2026-09-30T12:12:20-10:00job:security_camera_frame_grab | 12:12:08  ✗  a-eyes  ch1 FAILED: [tcp @ 0x6489db56b940] Connection to tcp://192.168.1.33:554?timeout=0 failed: No route to host
2026-09-30T12:12:20-10:00job:security_camera_frame_grab | [in#0 @ 0x6489db568c40] Error opening input: No route t
2026-09-30T12:12:20-10:00job:security_camera_frame_grab | a-eyes: ch1 grab failed
2026-09-30T12:12:20-10:00job:security_camera_frame_grab | 12:12:11  ✗  a-eyes  ch2 FAILED: [tcp @ 0x5f5402f71940] Connection to tcp://192.168.1.33:554?timeout=0 failed: No route to host
2026-09-30T12:12:20-10:00job:security_camera_frame_grab | [in#0 @ 0x5f5402f6ec40] Error opening input: No route t
2026-09-30T12:12:20-10:00job:security_camera_frame_grab | a-eyes: ch2 grab failed
2026-09-30T12:12:20-10:00job:security_camera_frame_grab | 12:12:14  ✗  a-eyes  ch3 FAILED: [tcp @ 0x56753b1c9940] Connection to tcp://192.168.1.33:554?timeout=0 failed: No route to host
2026-09-30T12:12:20-10:00job:security_camera_frame_grab | [in#0 @ 0x56753b1c6c40] Error opening input: No route t
2026-09-30T12:12:20-10:00job:security_camera_frame_grab | a-eyes: ch3 grab failed
2026-09-30T12:12:20-10:00job:security_camera_frame_grab | 12:12:17  ✗  a-eyes  ch4 FAILED: [tcp @ 0x61df0cda2940] Connection to tcp://192.168.1.33:554?timeout=0 failed: No route to host
2026-09-30T12:12:20-10:00job:security_camera_frame_grab | [in#0 @ 0x61df0cd9fc40] Error opening input: No route t
2026-09-30T12:12:20-10:00job:security_camera_frame_grab | a-eyes: ch4 grab failed
2026-09-30T12:12:21-10:00ENERGY  status=live  B2=4.7%  B1=89.1%  solar=143 W  ac=51 W  usbc=0 W  src=/home/rootrecord/RootRecord-Ecosystem/2 - RootRecord-Database/Energy  LAP=100%/Full/AC
2026-09-30T12:12:35-10:00  ▸  SUMMARY=delta2 soc=4.97% solar=146W ac_out=— usbc=0W src=ble db=ok
2026-09-30T12:12:35-10:00job:sys_stats_cycle RUN  bash "/home/rootrecord/RootRecord-Ecosystem/1 - Servers/1 - RootRecord-Pacific-Solar-Server/System/scripts/sys-sample.sh"
2026-09-30T12:12:36-10:00job:sys_stats_cycle | SYSTEM  cpu=5%  load=0.62  mem=62%  src=sqlite
2026-09-30T12:12:36-10:00job:sys_stats_cycle | OK wrote /home/rootrecord/RootRecord-Ecosystem/2 - RootRecord-Database/System/samples/sys-20260930-121235.json
2026-09-30T12:13:10-10:00job:github_sync_all | — [ecosystem] no committable local changes
2026-09-30T12:13:10-10:00job:github_sync_all | ↓ [ecosystem] fetching origin/main
2026-09-30T12:13:10-10:00job:github_sync_all | From github.com:RootRecord-Software-Solutions/RootRecord-Ecosystem
2026-09-30T12:13:10-10:00job:github_sync_all | * branch            main       -> FETCH_HEAD
2026-09-30T12:13:10-10:00job:github_sync_all | — [ecosystem] local and GitHub already match
2026-09-30T12:13:10-10:00job:github_sync_all | — [ecosystem] nothing to push
2026-09-30T12:13:10-10:00job:github_sync_all | — [pacific] no local changes
2026-09-30T12:13:10-10:00job:github_sync_all | ↓ [pacific] fetching origin/main
2026-09-30T12:13:10-10:00job:github_sync_all | From github.com:RootRecord-Software-Solutions/RootRecord-Pacific-Solar-Server
2026-09-30T12:13:10-10:00job:github_sync_all | * branch            main       -> FETCH_HEAD
2026-09-30T12:13:10-10:00job:github_sync_all | — [pacific] local and GitHub already match
2026-09-30T12:13:10-10:00job:github_sync_all | — [pacific] nothing to push
2026-09-30T12:13:10-10:00job:github_sync_all | ↑ [database] committed 12 local file(s)
2026-09-30T12:13:10-10:00job:github_sync_all | ↓ [database] fetching origin/main
2026-09-30T12:13:10-10:00job:github_sync_all | From github.com:RootRecord-Software-Solutions/RootRecord-Database
2026-09-30T12:13:10-10:00job:github_sync_all | * branch            main       -> FETCH_HEAD
2026-09-30T12:13:10-10:00job:github_sync_all | ↑ [database] local is ahead of GitHub
2026-09-30T12:13:10-10:00job:github_sync_all | To github.com:RootRecord-Software-Solutions/RootRecord-Database.git
2026-09-30T12:13:10-10:00job:github_sync_all | 51d6420..7449445  HEAD -> main
2026-09-30T12:13:10-10:00job:github_sync_all | branch 'main' set up to track 'origin/main'.
2026-09-30T12:13:10-10:00job:github_sync_all | ↑ [database] 12 files → RootRecord-Software-Solutions/RootRecord-Database (main)
2026-09-30T12:13:10-10:00job:github_sync_all | — [library] no local changes
2026-09-30T12:13:10-10:00job:github_sync_all | ↓ [library] fetching origin/main
2026-09-30T12:13:10-10:00job:github_sync_all | From github.com:RootRecord-Software-Solutions/RootRecord-Library
2026-09-30T12:13:10-10:00job:github_sync_all | * branch            main       -> FETCH_HEAD
2026-09-30T12:13:10-10:00job:github_sync_all | — [library] local and GitHub already match
2026-09-30T12:13:10-10:00job:github_sync_all | — [library] nothing to push
2026-09-30T12:13:10-10:00job:github_sync_all | — [skills] no local changes
2026-09-30T12:13:10-10:00job:github_sync_all | ↓ [skills] fetching origin/main
2026-09-30T12:13:10-10:00job:github_sync_all | From github.com:rootrecordsoftwaresolutions/Solar-Pacific-RootRecord-Server
2026-09-30T12:13:10-10:00job:github_sync_all | * branch            main       -> FETCH_HEAD
2026-09-30T12:13:10-10:00job:github_sync_all | — [skills] local and GitHub already match
2026-09-30T12:13:10-10:00job:github_sync_all | — [skills] nothing to push
2026-09-30T12:13:10-10:00job:worklog_scan RUN  bash "/home/rootrecord/RootRecord-Ecosystem/1 - Servers/1 - RootRecord-Pacific-Solar-Server/Reports/scripts/worklog_once.sh"
2026-09-30T12:13:14-10:00job:worklog_scan | OK wrote/updated /home/rootrecord/RootRecord-Ecosystem/2 - RootRecord-Database/Worklog/worklog_current.md
2026-09-30T12:13:14-10:00job:security_camera_frame_grab RUN  bash "/home/rootrecord/RootRecord-Ecosystem/1 - Servers/1 - RootRecord-Pacific-Solar-Server/Security/Cameras/grab_all.sh"
2026-09-30T12:13:27-10:00job:security_camera_frame_grab | 12:13:14  ✗  a-eyes  ch1 FAILED: [tcp @ 0x5e5e5da44940] Connection to tcp://192.168.1.33:554?timeout=0 failed: No route to host
2026-09-30T12:13:27-10:00job:security_camera_frame_grab | [in#0 @ 0x5e5e5da41c40] Error opening input: No route t
2026-09-30T12:13:27-10:00job:security_camera_frame_grab | a-eyes: ch1 grab failed
2026-09-30T12:13:27-10:00job:security_camera_frame_grab | 12:13:17  ✗  a-eyes  ch2 FAILED: [tcp @ 0x58fbb72bd940] Connection to tcp://192.168.1.33:554?timeout=0 failed: No route to host
2026-09-30T12:13:27-10:00job:security_camera_frame_grab | [in#0 @ 0x58fbb72bac40] Error opening input: No route t
2026-09-30T12:13:27-10:00job:security_camera_frame_grab | a-eyes: ch2 grab failed
2026-09-30T12:13:27-10:00job:security_camera_frame_grab | 12:13:21  ✗  a-eyes  ch3 FAILED: [tcp @ 0x640dd8499940] Connection to tcp://192.168.1.33:554?timeout=0 failed: No route to host
2026-09-30T12:13:27-10:00job:security_camera_frame_grab | [in#0 @ 0x640dd8496c40] Error opening input: No route t
2026-09-30T12:13:27-10:00job:security_camera_frame_grab | a-eyes: ch3 grab failed
2026-09-30T12:13:27-10:00job:security_camera_frame_grab | 12:13:24  ✗  a-eyes  ch4 FAILED: [tcp @ 0x60e0f05e8940] Connection to tcp://192.168.1.33:554?timeout=0 failed: No route to host
2026-09-30T12:13:27-10:00job:security_camera_frame_grab | [in#0 @ 0x60e0f05e5c40] Error opening input: No route t
2026-09-30T12:13:27-10:00job:security_camera_frame_grab | a-eyes: ch4 grab failed
2026-09-30T12:13:27-10:00job:service_supervisor RUN  bash "/home/rootrecord/RootRecord-Ecosystem/1 - Servers/1 - RootRecord-Pacific-Solar-Server/Automations/scripts/supervise-services.sh"
2026-09-30T12:13:27-10:00job:service_supervisor | [supervisor] weather alive pid=304140 304463 305661 305866 308654 309134 309348 309668 313159 342702 392716 (act)
2026-09-30T12:13:27-10:00job:service_supervisor | [supervisor] relay alive pid=4374 (act)
2026-09-30T12:13:27-10:00ENERGY  status=live  B2=5.0%  B1=89.1%  solar=146 W  ac=51 W  usbc=0 W  src=/home/rootrecord/RootRecord-Ecosystem/2 - RootRecord-Database/Energy  LAP=100%/Full/AC
2026-09-30T12:13:42-10:00  ▸  SUMMARY=river2pro soc=87.89% solar=0W ac_out=50W usbc=14W src=ble db=ok
2026-09-30T12:13:42-10:00job:sys_stats_cycle RUN  bash "/home/rootrecord/RootRecord-Ecosystem/1 - Servers/1 - RootRecord-Pacific-Solar-Server/System/scripts/sys-sample.sh"
2026-09-30T12:13:43-10:00job:sys_stats_cycle | SYSTEM  cpu=13%  load=0.75  mem=62%  src=sqlite
2026-09-30T12:13:43-10:00job:sys_stats_cycle | OK wrote /home/rootrecord/RootRecord-Ecosystem/2 - RootRecord-Database/System/samples/sys-20260930-121343.json
2026-09-30T12:14:16-10:00job:github_sync_all | — [ecosystem] no committable local changes
2026-09-30T12:14:16-10:00job:github_sync_all | ↓ [ecosystem] fetching origin/main
2026-09-30T12:14:16-10:00job:github_sync_all | From github.com:RootRecord-Software-Solutions/RootRecord-Ecosystem
2026-09-30T12:14:16-10:00job:github_sync_all | * branch            main       -> FETCH_HEAD
2026-09-30T12:14:16-10:00job:github_sync_all | — [ecosystem] local and GitHub already match
2026-09-30T12:14:16-10:00job:github_sync_all | — [ecosystem] nothing to push
2026-09-30T12:14:16-10:00job:github_sync_all | — [pacific] no local changes
2026-09-30T12:14:16-10:00job:github_sync_all | ↓ [pacific] fetching origin/main
2026-09-30T12:14:16-10:00job:github_sync_all | From github.com:RootRecord-Software-Solutions/RootRecord-Pacific-Solar-Server
2026-09-30T12:14:16-10:00job:github_sync_all | * branch            main       -> FETCH_HEAD
2026-09-30T12:14:16-10:00job:github_sync_all | — [pacific] local and GitHub already match
2026-09-30T12:14:16-10:00job:github_sync_all | — [pacific] nothing to push
2026-09-30T12:14:16-10:00job:github_sync_all | ↑ [database] committed 15 local file(s)
2026-09-30T12:14:16-10:00job:github_sync_all | ↓ [database] fetching origin/main
2026-09-30T12:14:16-10:00job:github_sync_all | From github.com:RootRecord-Software-Solutions/RootRecord-Database
2026-09-30T12:14:16-10:00job:github_sync_all | * branch            main       -> FETCH_HEAD
2026-09-30T12:14:16-10:00job:github_sync_all | ↑ [database] local is ahead of GitHub
2026-09-30T12:14:16-10:00job:github_sync_all | To github.com:RootRecord-Software-Solutions/RootRecord-Database.git
2026-09-30T12:14:16-10:00job:github_sync_all | 7449445..400df93  HEAD -> main
2026-09-30T12:14:16-10:00job:github_sync_all | branch 'main' set up to track 'origin/main'.
2026-09-30T12:14:16-10:00job:github_sync_all | ↑ [database] 15 files → RootRecord-Software-Solutions/RootRecord-Database (main)
2026-09-30T12:14:16-10:00job:github_sync_all | — [library] no local changes
2026-09-30T12:14:16-10:00job:github_sync_all | ↓ [library] fetching origin/main
2026-09-30T12:14:16-10:00job:github_sync_all | From github.com:RootRecord-Software-Solutions/RootRecord-Library
2026-09-30T12:14:16-10:00job:github_sync_all | * branch            main       -> FETCH_HEAD
2026-09-30T12:14:16-10:00job:github_sync_all | — [library] local and GitHub already match
2026-09-30T12:14:16-10:00job:github_sync_all | — [library] nothing to push
2026-09-30T12:14:16-10:00job:github_sync_all | — [skills] no local changes
2026-09-30T12:14:16-10:00job:github_sync_all | ↓ [skills] fetching origin/main
2026-09-30T12:14:16-10:00job:github_sync_all | From github.com:rootrecordsoftwaresolutions/Solar-Pacific-RootRecord-Server
2026-09-30T12:14:16-10:00job:github_sync_all | * branch            main       -> FETCH_HEAD
2026-09-30T12:14:16-10:00job:github_sync_all | — [skills] local and GitHub already match
2026-09-30T12:14:16-10:00job:github_sync_all | — [skills] nothing to push
2026-09-30T12:14:16-10:00job:security_camera_frame_grab RUN  bash "/home/rootrecord/RootRecord-Ecosystem/1 - Servers/1 - RootRecord-Pacific-Solar-Server/Security/Cameras/grab_all.sh"
2026-09-30T12:14:29-10:00job:security_camera_frame_grab | 12:14:16  ✗  a-eyes  ch1 FAILED: [tcp @ 0x55dbb38b8940] Connection to tcp://192.168.1.33:554?timeout=0 failed: No route to host
2026-09-30T12:14:29-10:00job:security_camera_frame_grab | [in#0 @ 0x55dbb38b5c40] Error opening input: No route t
2026-09-30T12:14:29-10:00job:security_camera_frame_grab | a-eyes: ch1 grab failed
2026-09-30T12:14:29-10:00job:security_camera_frame_grab | 12:14:19  ✗  a-eyes  ch2 FAILED: [tcp @ 0x56e0666f1940] Connection to tcp://192.168.1.33:554?timeout=0 failed: No route to host
2026-09-30T12:14:29-10:00job:security_camera_frame_grab | [in#0 @ 0x56e0666eec40] Error opening input: No route t
2026-09-30T12:14:29-10:00job:security_camera_frame_grab | a-eyes: ch2 grab failed
2026-09-30T12:14:29-10:00job:security_camera_frame_grab | 12:14:22  ✗  a-eyes  ch3 FAILED: [tcp @ 0x5decacd8a940] Connection to tcp://192.168.1.33:554?timeout=0 failed: No route to host
2026-09-30T12:14:29-10:00job:security_camera_frame_grab | [in#0 @ 0x5decacd87c40] Error opening input: No route t
2026-09-30T12:14:29-10:00job:security_camera_frame_grab | a-eyes: ch3 grab failed
2026-09-30T12:14:29-10:00job:security_camera_frame_grab | 12:14:26  ✗  a-eyes  ch4 FAILED: [tcp @ 0x5af12e461940] Connection to tcp://192.168.1.33:554?timeout=0 failed: No route to host
2026-09-30T12:14:29-10:00job:security_camera_frame_grab | [in#0 @ 0x5af12e45ec40] Error opening input: No route t
2026-09-30T12:14:29-10:00job:security_camera_frame_grab | a-eyes: ch4 grab failed
2026-09-30T12:14:29-10:00ENERGY  status=live  B2=5.0%  B1=87.9%  solar=146 W  ac=50 W  usbc=0 W  src=/home/rootrecord/RootRecord-Ecosystem/2 - RootRecord-Database/Energy  LAP=100%/Full/AC
2026-09-30T12:14:44-10:00  ▸  SUMMARY=river2pro soc=87.65% solar=0W ac_out=85W usbc=14W src=ble db=ok
2026-09-30T12:14:44-10:00job:sys_stats_cycle RUN  bash "/home/rootrecord/RootRecord-Ecosystem/1 - Servers/1 - RootRecord-Pacific-Solar-Server/System/scripts/sys-sample.sh"
2026-09-30T12:14:45-10:00job:sys_stats_cycle | SYSTEM  cpu=3%  load=0.79  mem=62%  src=sqlite
2026-09-30T12:14:45-10:00job:sys_stats_cycle | OK wrote /home/rootrecord/RootRecord-Ecosystem/2 - RootRecord-Database/System/samples/sys-20260930-121444.json
2026-09-30T12:15:18-10:00job:github_sync_all | — [ecosystem] no committable local changes
2026-09-30T12:15:18-10:00job:github_sync_all | ↓ [ecosystem] fetching origin/main
2026-09-30T12:15:18-10:00job:github_sync_all | From github.com:RootRecord-Software-Solutions/RootRecord-Ecosystem
2026-09-30T12:15:18-10:00job:github_sync_all | * branch            main       -> FETCH_HEAD
2026-09-30T12:15:18-10:00job:github_sync_all | — [ecosystem] local and GitHub already match
2026-09-30T12:15:18-10:00job:github_sync_all | — [ecosystem] nothing to push
2026-09-30T12:15:18-10:00job:github_sync_all | — [pacific] no local changes
2026-09-30T12:15:18-10:00job:github_sync_all | ↓ [pacific] fetching origin/main
2026-09-30T12:15:18-10:00job:github_sync_all | From github.com:RootRecord-Software-Solutions/RootRecord-Pacific-Solar-Server
2026-09-30T12:15:18-10:00job:github_sync_all | * branch            main       -> FETCH_HEAD
2026-09-30T12:15:18-10:00job:github_sync_all | — [pacific] local and GitHub already match
2026-09-30T12:15:18-10:00job:github_sync_all | — [pacific] nothing to push
2026-09-30T12:15:18-10:00job:github_sync_all | ↑ [database] committed 12 local file(s)
2026-09-30T12:15:18-10:00job:github_sync_all | ↓ [database] fetching origin/main
2026-09-30T12:15:18-10:00job:github_sync_all | From github.com:RootRecord-Software-Solutions/RootRecord-Database
2026-09-30T12:15:18-10:00job:github_sync_all | * branch            main       -> FETCH_HEAD
2026-09-30T12:15:18-10:00job:github_sync_all | ↑ [database] local is ahead of GitHub
2026-09-30T12:15:18-10:00job:github_sync_all | To github.com:RootRecord-Software-Solutions/RootRecord-Database.git
2026-09-30T12:15:18-10:00job:github_sync_all | 400df93..9d835c6  HEAD -> main
2026-09-30T12:15:18-10:00job:github_sync_all | branch 'main' set up to track 'origin/main'.
2026-09-30T12:15:18-10:00job:github_sync_all | ↑ [database] 12 files → RootRecord-Software-Solutions/RootRecord-Database (main)
2026-09-30T12:15:18-10:00job:github_sync_all | — [library] no local changes
2026-09-30T12:15:18-10:00job:github_sync_all | ↓ [library] fetching origin/main
2026-09-30T12:15:18-10:00job:github_sync_all | From github.com:RootRecord-Software-Solutions/RootRecord-Library
2026-09-30T12:15:18-10:00job:github_sync_all | * branch            main       -> FETCH_HEAD
2026-09-30T12:15:18-10:00job:github_sync_all | — [library] local and GitHub already match
2026-09-30T12:15:18-10:00job:github_sync_all | — [library] nothing to push
2026-09-30T12:15:18-10:00job:github_sync_all | — [skills] no local changes
2026-09-30T12:15:18-10:00job:github_sync_all | ↓ [skills] fetching origin/main
2026-09-30T12:15:18-10:00job:github_sync_all | From github.com:rootrecordsoftwaresolutions/Solar-Pacific-RootRecord-Server
2026-09-30T12:15:18-10:00job:github_sync_all | * branch            main       -> FETCH_HEAD
2026-09-30T12:15:18-10:00job:github_sync_all | — [skills] local and GitHub already match
2026-09-30T12:15:18-10:00job:github_sync_all | — [skills] nothing to push
2026-09-30T12:15:18-10:00job:worklog_scan RUN  bash "/home/rootrecord/RootRecord-Ecosystem/1 - Servers/1 - RootRecord-Pacific-Solar-Server/Reports/scripts/worklog_once.sh"
2026-09-30T12:15:21-10:00job:worklog_scan | OK wrote/updated /home/rootrecord/RootRecord-Ecosystem/2 - RootRecord-Database/Worklog/worklog_current.md
2026-09-30T12:15:21-10:00job:security_camera_frame_grab RUN  bash "/home/rootrecord/RootRecord-Ecosystem/1 - Servers/1 - RootRecord-Pacific-Solar-Server/Security/Cameras/grab_all.sh"
2026-09-30T12:15:34-10:00job:security_camera_frame_grab | 12:15:21  ✗  a-eyes  ch1 FAILED: [tcp @ 0x652646fa0940] Connection to tcp://192.168.1.33:554?timeout=0 failed: No route to host
2026-09-30T12:15:34-10:00job:security_camera_frame_grab | [in#0 @ 0x652646f9dc40] Error opening input: No route t
2026-09-30T12:15:34-10:00job:security_camera_frame_grab | a-eyes: ch1 grab failed
2026-09-30T12:15:34-10:00job:security_camera_frame_grab | 12:15:24  ✗  a-eyes  ch2 FAILED: [tcp @ 0x5c88b4010940] Connection to tcp://192.168.1.33:554?timeout=0 failed: No route to host
2026-09-30T12:15:34-10:00job:security_camera_frame_grab | [in#0 @ 0x5c88b400dc40] Error opening input: No route t
2026-09-30T12:15:34-10:00job:security_camera_frame_grab | a-eyes: ch2 grab failed
2026-09-30T12:15:34-10:00job:security_camera_frame_grab | 12:15:27  ✗  a-eyes  ch3 FAILED: [tcp @ 0x59e6267ea940] Connection to tcp://192.168.1.33:554?timeout=0 failed: No route to host
2026-09-30T12:15:34-10:00job:security_camera_frame_grab | [in#0 @ 0x59e6267e7c40] Error opening input: No route t
2026-09-30T12:15:34-10:00job:security_camera_frame_grab | a-eyes: ch3 grab failed
2026-09-30T12:15:34-10:00job:security_camera_frame_grab | 12:15:30  ✗  a-eyes  ch4 FAILED: [tcp @ 0x60b67daf9940] Connection to tcp://192.168.1.33:554?timeout=0 failed: No route to host
2026-09-30T12:15:34-10:00job:security_camera_frame_grab | [in#0 @ 0x60b67daf6c40] Error opening input: No route t
2026-09-30T12:15:34-10:00job:security_camera_frame_grab | a-eyes: ch4 grab failed
2026-09-30T12:15:34-10:00ENERGY  status=live  B2=5.0%  B1=87.7%  solar=146 W  ac=85 W  usbc=0 W  src=/home/rootrecord/RootRecord-Ecosystem/2 - RootRecord-Database/Energy  LAP=100%/Full/AC
2026-09-30T12:15:49-10:00  ▸  SUMMARY=delta2 soc=5.78% solar=150W ac_out=— usbc=0W src=ble db=ok
2026-09-30T12:15:49-10:00job:sys_stats_cycle RUN  bash "/home/rootrecord/RootRecord-Ecosystem/1 - Servers/1 - RootRecord-Pacific-Solar-Server/System/scripts/sys-sample.sh"
2026-09-30T12:15:50-10:00job:sys_stats_cycle | SYSTEM  cpu=10%  load=0.85  mem=62%  src=sqlite
2026-09-30T12:15:50-10:00job:sys_stats_cycle | OK wrote /home/rootrecord/RootRecord-Ecosystem/2 - RootRecord-Database/System/samples/sys-20260930-121549.json
2026-09-30T12:16:23-10:00job:github_sync_all | — [ecosystem] no committable local changes
2026-09-30T12:16:23-10:00job:github_sync_all | ↓ [ecosystem] fetching origin/main
2026-09-30T12:16:23-10:00job:github_sync_all | From github.com:RootRecord-Software-Solutions/RootRecord-Ecosystem
2026-09-30T12:16:23-10:00job:github_sync_all | * branch            main       -> FETCH_HEAD
2026-09-30T12:16:23-10:00job:github_sync_all | — [ecosystem] local and GitHub already match
2026-09-30T12:16:23-10:00job:github_sync_all | — [ecosystem] nothing to push
2026-09-30T12:16:23-10:00job:github_sync_all | — [pacific] no local changes
2026-09-30T12:16:23-10:00job:github_sync_all | ↓ [pacific] fetching origin/main
2026-09-30T12:16:23-10:00job:github_sync_all | From github.com:RootRecord-Software-Solutions/RootRecord-Pacific-Solar-Server
2026-09-30T12:16:23-10:00job:github_sync_all | * branch            main       -> FETCH_HEAD
2026-09-30T12:16:23-10:00job:github_sync_all | — [pacific] local and GitHub already match
2026-09-30T12:16:23-10:00job:github_sync_all | — [pacific] nothing to push
2026-09-30T12:16:23-10:00job:github_sync_all | ↑ [database] committed 17 local file(s)
2026-09-30T12:16:23-10:00job:github_sync_all | ↓ [database] fetching origin/main
2026-09-30T12:16:23-10:00job:github_sync_all | From github.com:RootRecord-Software-Solutions/RootRecord-Database
2026-09-30T12:16:23-10:00job:github_sync_all | * branch            main       -> FETCH_HEAD
2026-09-30T12:16:23-10:00job:github_sync_all | ↑ [database] local is ahead of GitHub
2026-09-30T12:16:23-10:00job:github_sync_all | To github.com:RootRecord-Software-Solutions/RootRecord-Database.git
2026-09-30T12:16:23-10:00job:github_sync_all | 9d835c6..503e241  HEAD -> main
2026-09-30T12:16:23-10:00job:github_sync_all | branch 'main' set up to track 'origin/main'.
2026-09-30T12:16:23-10:00job:github_sync_all | ↑ [database] 17 files → RootRecord-Software-Solutions/RootRecord-Database (main)
2026-09-30T12:16:23-10:00job:github_sync_all | — [library] no local changes
2026-09-30T12:16:23-10:00job:github_sync_all | ↓ [library] fetching origin/main
2026-09-30T12:16:23-10:00job:github_sync_all | From github.com:RootRecord-Software-Solutions/RootRecord-Library
2026-09-30T12:16:23-10:00job:github_sync_all | * branch            main       -> FETCH_HEAD
2026-09-30T12:16:23-10:00job:github_sync_all | — [library] local and GitHub already match
2026-09-30T12:16:23-10:00job:github_sync_all | — [library] nothing to push
2026-09-30T12:16:23-10:00job:github_sync_all | — [skills] no local changes
2026-09-30T12:16:23-10:00job:github_sync_all | ↓ [skills] fetching origin/main
2026-09-30T12:16:23-10:00job:github_sync_all | From github.com:rootrecordsoftwaresolutions/Solar-Pacific-RootRecord-Server
2026-09-30T12:16:23-10:00job:github_sync_all | * branch            main       -> FETCH_HEAD
2026-09-30T12:16:23-10:00job:github_sync_all | — [skills] local and GitHub already match
2026-09-30T12:16:23-10:00job:github_sync_all | — [skills] nothing to push
2026-09-30T12:16:23-10:00job:security_camera_frame_grab RUN  bash "/home/rootrecord/RootRecord-Ecosystem/1 - Servers/1 - RootRecord-Pacific-Solar-Server/Security/Cameras/grab_all.sh"
2026-09-30T12:16:36-10:00job:security_camera_frame_grab | 12:16:23  ✗  a-eyes  ch1 FAILED: [tcp @ 0x5db441f6d940] Connection to tcp://192.168.1.33:554?timeout=0 failed: No route to host
2026-09-30T12:16:36-10:00job:security_camera_frame_grab | [in#0 @ 0x5db441f6ac40] Error opening input: No route t
2026-09-30T12:16:36-10:00job:security_camera_frame_grab | a-eyes: ch1 grab failed
2026-09-30T12:16:36-10:00job:security_camera_frame_grab | 12:16:26  ✗  a-eyes  ch2 FAILED: [tcp @ 0x63d6e8d07940] Connection to tcp://192.168.1.33:554?timeout=0 failed: No route to host
2026-09-30T12:16:36-10:00job:security_camera_frame_grab | [in#0 @ 0x63d6e8d04c40] Error opening input: No route t
2026-09-30T12:16:36-10:00job:security_camera_frame_grab | a-eyes: ch2 grab failed
2026-09-30T12:16:36-10:00job:security_camera_frame_grab | 12:16:30  ✗  a-eyes  ch3 FAILED: [tcp @ 0x5ab66b1dc940] Connection to tcp://192.168.1.33:554?timeout=0 failed: No route to host
2026-09-30T12:16:36-10:00job:security_camera_frame_grab | [in#0 @ 0x5ab66b1d9c40] Error opening input: No route t
2026-09-30T12:16:36-10:00job:security_camera_frame_grab | a-eyes: ch3 grab failed
2026-09-30T12:16:36-10:00job:security_camera_frame_grab | 12:16:33  ✗  a-eyes  ch4 FAILED: [tcp @ 0x5e0ad6055940] Connection to tcp://192.168.1.33:554?timeout=0 failed: No route to host
2026-09-30T12:16:36-10:00job:security_camera_frame_grab | [in#0 @ 0x5e0ad6052c40] Error opening input: No route t
2026-09-30T12:16:36-10:00job:security_camera_frame_grab | a-eyes: ch4 grab failed
2026-09-30T12:16:36-10:00ENERGY  status=live  B2=5.8%  B1=87.7%  solar=150 W  ac=85 W  usbc=0 W  src=/home/rootrecord/RootRecord-Ecosystem/2 - RootRecord-Database/Energy  LAP=100%/Full/AC
2026-09-30T12:16:51-10:00  ▸  SUMMARY=river2pro soc=87.18% solar=0W ac_out=53W usbc=11W src=ble db=ok
2026-09-30T12:16:51-10:00job:sys_stats_cycle RUN  bash "/home/rootrecord/RootRecord-Ecosystem/1 - Servers/1 - RootRecord-Pacific-Solar-Server/System/scripts/sys-sample.sh"
2026-09-30T12:16:52-10:00job:sys_stats_cycle | SYSTEM  cpu=4%  load=0.90  mem=66%  src=sqlite
2026-09-30T12:16:52-10:00job:sys_stats_cycle | OK wrote /home/rootrecord/RootRecord-Ecosystem/2 - RootRecord-Database/System/samples/sys-20260930-121652.json
2026-09-30T12:17:24-10:00job:github_sync_all | — [ecosystem] no committable local changes
2026-09-30T12:17:24-10:00job:github_sync_all | ↓ [ecosystem] fetching origin/main
2026-09-30T12:17:24-10:00job:github_sync_all | From github.com:RootRecord-Software-Solutions/RootRecord-Ecosystem
2026-09-30T12:17:24-10:00job:github_sync_all | * branch            main       -> FETCH_HEAD
2026-09-30T12:17:24-10:00job:github_sync_all | — [ecosystem] local and GitHub already match
2026-09-30T12:17:24-10:00job:github_sync_all | — [ecosystem] nothing to push
2026-09-30T12:17:24-10:00job:github_sync_all | — [pacific] no local changes
2026-09-30T12:17:24-10:00job:github_sync_all | ↓ [pacific] fetching origin/main
2026-09-30T12:17:24-10:00job:github_sync_all | From github.com:RootRecord-Software-Solutions/RootRecord-Pacific-Solar-Server
2026-09-30T12:17:24-10:00job:github_sync_all | * branch            main       -> FETCH_HEAD
2026-09-30T12:17:24-10:00job:github_sync_all | — [pacific] local and GitHub already match
2026-09-30T12:17:24-10:00job:github_sync_all | — [pacific] nothing to push
2026-09-30T12:17:24-10:00job:github_sync_all | ↑ [database] committed 12 local file(s)
2026-09-30T12:17:24-10:00job:github_sync_all | ↓ [database] fetching origin/main
2026-09-30T12:17:24-10:00job:github_sync_all | From github.com:RootRecord-Software-Solutions/RootRecord-Database
2026-09-30T12:17:24-10:00job:github_sync_all | * branch            main       -> FETCH_HEAD
2026-09-30T12:17:24-10:00job:github_sync_all | ↑ [database] local is ahead of GitHub
2026-09-30T12:17:24-10:00job:github_sync_all | To github.com:RootRecord-Software-Solutions/RootRecord-Database.git
2026-09-30T12:17:24-10:00job:github_sync_all | 503e241..735af83  HEAD -> main
2026-09-30T12:17:24-10:00job:github_sync_all | branch 'main' set up to track 'origin/main'.
2026-09-30T12:17:24-10:00job:github_sync_all | ↑ [database] 12 files → RootRecord-Software-Solutions/RootRecord-Database (main)
2026-09-30T12:17:24-10:00job:github_sync_all | — [library] no local changes
2026-09-30T12:17:24-10:00job:github_sync_all | ↓ [library] fetching origin/main
2026-09-30T12:17:24-10:00job:github_sync_all | From github.com:RootRecord-Software-Solutions/RootRecord-Library
2026-09-30T12:17:24-10:00job:github_sync_all | * branch            main       -> FETCH_HEAD
2026-09-30T12:17:24-10:00job:github_sync_all | — [library] local and GitHub already match
2026-09-30T12:17:24-10:00job:github_sync_all | — [library] nothing to push
2026-09-30T12:17:24-10:00job:github_sync_all | — [skills] no local changes
2026-09-30T12:17:24-10:00job:github_sync_all | ↓ [skills] fetching origin/main
2026-09-30T12:17:24-10:00job:github_sync_all | From github.com:rootrecordsoftwaresolutions/Solar-Pacific-RootRecord-Server
2026-09-30T12:17:24-10:00job:github_sync_all | * branch            main       -> FETCH_HEAD
2026-09-30T12:17:24-10:00job:github_sync_all | — [skills] local and GitHub already match
2026-09-30T12:17:24-10:00job:github_sync_all | — [skills] nothing to push
2026-09-30T12:17:24-10:00job:worklog_scan RUN  bash "/home/rootrecord/RootRecord-Ecosystem/1 - Servers/1 - RootRecord-Pacific-Solar-Server/Reports/scripts/worklog_once.sh"
2026-09-30T12:17:28-10:00job:worklog_scan | OK wrote/updated /home/rootrecord/RootRecord-Ecosystem/2 - RootRecord-Database/Worklog/worklog_current.md
2026-09-30T12:17:28-10:00job:security_camera_frame_grab RUN  bash "/home/rootrecord/RootRecord-Ecosystem/1 - Servers/1 - RootRecord-Pacific-Solar-Server/Security/Cameras/grab_all.sh"
2026-09-30T12:17:41-10:00job:security_camera_frame_grab | 12:17:28  ✗  a-eyes  ch1 FAILED: [tcp @ 0x57d576bfa940] Connection to tcp://192.168.1.33:554?timeout=0 failed: No route to host
2026-09-30T12:17:41-10:00job:security_camera_frame_grab | [in#0 @ 0x57d576bf7c40] Error opening input: No route t
2026-09-30T12:17:41-10:00job:security_camera_frame_grab | a-eyes: ch1 grab failed
2026-09-30T12:17:41-10:00job:security_camera_frame_grab | 12:17:31  ✗  a-eyes  ch2 FAILED: [tcp @ 0x6253e020c940] Connection to tcp://192.168.1.33:554?timeout=0 failed: No route to host
2026-09-30T12:17:41-10:00job:security_camera_frame_grab | [in#0 @ 0x6253e0209c40] Error opening input: No route t
2026-09-30T12:17:41-10:00job:security_camera_frame_grab | a-eyes: ch2 grab failed
2026-09-30T12:17:41-10:00job:security_camera_frame_grab | 12:17:34  ✗  a-eyes  ch3 FAILED: [tcp @ 0x61111dc3d940] Connection to tcp://192.168.1.33:554?timeout=0 failed: No route to host
2026-09-30T12:17:41-10:00job:security_camera_frame_grab | [in#0 @ 0x61111dc3ac40] Error opening input: No route t
2026-09-30T12:17:41-10:00job:security_camera_frame_grab | a-eyes: ch3 grab failed
2026-09-30T12:17:41-10:00job:security_camera_frame_grab | 12:17:38  ✗  a-eyes  ch4 FAILED: [tcp @ 0x5a7472eb3940] Connection to tcp://192.168.1.33:554?timeout=0 failed: No route to host
2026-09-30T12:17:41-10:00job:security_camera_frame_grab | [in#0 @ 0x5a7472eb0c40] Error opening input: No route t
2026-09-30T12:17:41-10:00job:security_camera_frame_grab | a-eyes: ch4 grab failed
2026-09-30T12:17:41-10:00ENERGY  status=live  B2=5.8%  B1=87.2%  solar=150 W  ac=53 W  usbc=0 W  src=/home/rootrecord/RootRecord-Ecosystem/2 - RootRecord-Database/Energy  LAP=100%/Full/AC
2026-09-30T12:17:56-10:00  ▸  SUMMARY=delta2 soc=6.39% solar=151W ac_out=— usbc=0W src=ble db=ok
2026-09-30T12:17:56-10:00job:sys_stats_cycle RUN  bash "/home/rootrecord/RootRecord-Ecosystem/1 - Servers/1 - RootRecord-Pacific-Solar-Server/System/scripts/sys-sample.sh"
2026-09-30T12:17:57-10:00job:sys_stats_cycle | SYSTEM  cpu=7%  load=0.62  mem=65%  src=sqlite
2026-09-30T12:17:57-10:00job:sys_stats_cycle | OK wrote /home/rootrecord/RootRecord-Ecosystem/2 - RootRecord-Database/System/samples/sys-20260930-121756.json
2026-09-30T12:18:32-10:00job:github_sync_all | — [ecosystem] no committable local changes
2026-09-30T12:18:32-10:00job:github_sync_all | ↓ [ecosystem] fetching origin/main
2026-09-30T12:18:32-10:00job:github_sync_all | From github.com:RootRecord-Software-Solutions/RootRecord-Ecosystem
2026-09-30T12:18:32-10:00job:github_sync_all | * branch            main       -> FETCH_HEAD
2026-09-30T12:18:32-10:00job:github_sync_all | — [ecosystem] local and GitHub already match
2026-09-30T12:18:32-10:00job:github_sync_all | — [ecosystem] nothing to push
2026-09-30T12:18:32-10:00job:github_sync_all | — [pacific] no local changes
2026-09-30T12:18:32-10:00job:github_sync_all | ↓ [pacific] fetching origin/main
2026-09-30T12:18:32-10:00job:github_sync_all | From github.com:RootRecord-Software-Solutions/RootRecord-Pacific-Solar-Server
2026-09-30T12:18:32-10:00job:github_sync_all | * branch            main       -> FETCH_HEAD
2026-09-30T12:18:32-10:00job:github_sync_all | — [pacific] local and GitHub already match
2026-09-30T12:18:32-10:00job:github_sync_all | — [pacific] nothing to push
2026-09-30T12:18:32-10:00job:github_sync_all | ↑ [database] committed 15 local file(s)
2026-09-30T12:18:32-10:00job:github_sync_all | ↓ [database] fetching origin/main
2026-09-30T12:18:32-10:00job:github_sync_all | From github.com:RootRecord-Software-Solutions/RootRecord-Database
2026-09-30T12:18:32-10:00job:github_sync_all | * branch            main       -> FETCH_HEAD
2026-09-30T12:18:32-10:00job:github_sync_all | ↑ [database] local is ahead of GitHub
2026-09-30T12:18:32-10:00job:github_sync_all | To github.com:RootRecord-Software-Solutions/RootRecord-Database.git
2026-09-30T12:18:32-10:00job:github_sync_all | 735af83..3a04028  HEAD -> main
2026-09-30T12:18:32-10:00job:github_sync_all | branch 'main' set up to track 'origin/main'.
2026-09-30T12:18:32-10:00job:github_sync_all | ↑ [database] 15 files → RootRecord-Software-Solutions/RootRecord-Database (main)
2026-09-30T12:18:32-10:00job:github_sync_all | — [library] no local changes
2026-09-30T12:18:32-10:00job:github_sync_all | ↓ [library] fetching origin/main
2026-09-30T12:18:32-10:00job:github_sync_all | From github.com:RootRecord-Software-Solutions/RootRecord-Library
2026-09-30T12:18:32-10:00job:github_sync_all | * branch            main       -> FETCH_HEAD
2026-09-30T12:18:32-10:00job:github_sync_all | — [library] local and GitHub already match
2026-09-30T12:18:32-10:00job:github_sync_all | — [library] nothing to push
2026-09-30T12:18:32-10:00job:github_sync_all | — [skills] no local changes
2026-09-30T12:18:32-10:00job:github_sync_all | ↓ [skills] fetching origin/main
2026-09-30T12:18:32-10:00job:github_sync_all | From github.com:rootrecordsoftwaresolutions/Solar-Pacific-RootRecord-Server
2026-09-30T12:18:32-10:00job:github_sync_all | * branch            main       -> FETCH_HEAD
2026-09-30T12:18:32-10:00job:github_sync_all | — [skills] local and GitHub already match
2026-09-30T12:18:32-10:00job:github_sync_all | — [skills] nothing to push
2026-09-30T12:18:32-10:00job:security_camera_frame_grab RUN  bash "/home/rootrecord/RootRecord-Ecosystem/1 - Servers/1 - RootRecord-Pacific-Solar-Server/Security/Cameras/grab_all.sh"
2026-09-30T12:18:44-10:00job:security_camera_frame_grab | 12:18:32  ✗  a-eyes  ch1 FAILED: [tcp @ 0x5dd97280c940] Connection to tcp://192.168.1.33:554?timeout=0 failed: No route to host
2026-09-30T12:18:44-10:00job:security_camera_frame_grab | [in#0 @ 0x5dd972809c40] Error opening input: No route t
2026-09-30T12:18:44-10:00job:security_camera_frame_grab | a-eyes: ch1 grab failed
2026-09-30T12:18:44-10:00job:security_camera_frame_grab | 12:18:35  ✗  a-eyes  ch2 FAILED: [tcp @ 0x64c9bb096940] Connection to tcp://192.168.1.33:554?timeout=0 failed: No route to host
2026-09-30T12:18:44-10:00job:security_camera_frame_grab | [in#0 @ 0x64c9bb093c40] Error opening input: No route t
2026-09-30T12:18:44-10:00job:security_camera_frame_grab | a-eyes: ch2 grab failed
2026-09-30T12:18:44-10:00job:security_camera_frame_grab | 12:18:38  ✗  a-eyes  ch3 FAILED: [tcp @ 0x5b5a6d672940] Connection to tcp://192.168.1.33:554?timeout=0 failed: No route to host
2026-09-30T12:18:44-10:00job:security_camera_frame_grab | [in#0 @ 0x5b5a6d66fc40] Error opening input: No route t
2026-09-30T12:18:44-10:00job:security_camera_frame_grab | a-eyes: ch3 grab failed
2026-09-30T12:18:44-10:00job:security_camera_frame_grab | 12:18:41  ✗  a-eyes  ch4 FAILED: [tcp @ 0x5e70ac9e4940] Connection to tcp://192.168.1.33:554?timeout=0 failed: No route to host
2026-09-30T12:18:44-10:00job:security_camera_frame_grab | [in#0 @ 0x5e70ac9e1c40] Error opening input: No route t
2026-09-30T12:18:44-10:00job:security_camera_frame_grab | a-eyes: ch4 grab failed
2026-09-30T12:18:44-10:00job:service_supervisor RUN  bash "/home/rootrecord/RootRecord-Ecosystem/1 - Servers/1 - RootRecord-Pacific-Solar-Server/Automations/scripts/supervise-services.sh"
2026-09-30T12:18:44-10:00job:service_supervisor | [supervisor] weather alive pid=304140 304463 305661 305866 308654 309134 309348 309668 313159 342702 392716 (act)
2026-09-30T12:18:44-10:00job:service_supervisor | [supervisor] relay alive pid=4374 (act)
2026-09-30T12:18:45-10:00ENERGY  status=live  B2=6.4%  B1=87.2%  solar=151 W  ac=53 W  usbc=0 W  src=/home/rootrecord/RootRecord-Ecosystem/2 - RootRecord-Database/Energy  LAP=100%/Full/AC
2026-09-30T12:19:00-10:00  ▸  SUMMARY=river2pro soc=86.7% solar=0W ac_out=64W usbc=14W src=ble db=ok
2026-09-30T12:19:00-10:00job:sys_stats_cycle RUN  bash "/home/rootrecord/RootRecord-Ecosystem/1 - Servers/1 - RootRecord-Pacific-Solar-Server/System/scripts/sys-sample.sh"
2026-09-30T12:19:00-10:00job:sys_stats_cycle | SYSTEM  cpu=5%  load=0.85  mem=66%  src=sqlite
2026-09-30T12:19:00-10:00job:sys_stats_cycle | OK wrote /home/rootrecord/RootRecord-Ecosystem/2 - RootRecord-Database/System/samples/sys-20260930-121900.json
2026-09-30T12:19:39-10:00job:github_sync_all | ↑ [ecosystem] committed 1 local file(s)
2026-09-30T12:19:39-10:00job:github_sync_all | ↓ [ecosystem] fetching origin/main
2026-09-30T12:19:39-10:00job:github_sync_all | From github.com:RootRecord-Software-Solutions/RootRecord-Ecosystem
2026-09-30T12:19:39-10:00job:github_sync_all | * branch            main       -> FETCH_HEAD
2026-09-30T12:19:39-10:00job:github_sync_all | ↑ [ecosystem] local is ahead of GitHub
2026-09-30T12:19:39-10:00job:github_sync_all | To github.com:RootRecord-Software-Solutions/RootRecord-Ecosystem.git
2026-09-30T12:19:39-10:00job:github_sync_all | c46ccb8..3f23a7d  HEAD -> main
2026-09-30T12:19:39-10:00job:github_sync_all | branch 'main' set up to track 'origin/main'.
2026-09-30T12:19:39-10:00job:github_sync_all | ↑ [ecosystem] 1 files → RootRecord-Software-Solutions/RootRecord-Ecosystem (main)
2026-09-30T12:19:39-10:00job:github_sync_all | ↑ [pacific] committed 1 local file(s)
2026-09-30T12:19:39-10:00job:github_sync_all | ↓ [pacific] fetching origin/main
2026-09-30T12:19:39-10:00job:github_sync_all | From github.com:RootRecord-Software-Solutions/RootRecord-Pacific-Solar-Server
2026-09-30T12:19:39-10:00job:github_sync_all | * branch            main       -> FETCH_HEAD
2026-09-30T12:19:39-10:00job:github_sync_all | ↑ [pacific] local is ahead of GitHub
2026-09-30T12:19:39-10:00job:github_sync_all | To github.com:RootRecord-Software-Solutions/RootRecord-Pacific-Solar-Server.git
2026-09-30T12:19:39-10:00job:github_sync_all | 8a3aeb7..8e7cdb0  HEAD -> main
2026-09-30T12:19:39-10:00job:github_sync_all | branch 'main' set up to track 'origin/main'.
2026-09-30T12:19:39-10:00job:github_sync_all | ↑ [pacific] 1 files → RootRecord-Software-Solutions/RootRecord-Pacific-Solar-Server (main)
2026-09-30T12:19:39-10:00job:github_sync_all | ↑ [database] committed 12 local file(s)
2026-09-30T12:19:39-10:00job:github_sync_all | ↓ [database] fetching origin/main
2026-09-30T12:19:39-10:00job:github_sync_all | From github.com:RootRecord-Software-Solutions/RootRecord-Database
2026-09-30T12:19:39-10:00job:github_sync_all | * branch            main       -> FETCH_HEAD
2026-09-30T12:19:39-10:00job:github_sync_all | ↑ [database] local is ahead of GitHub
2026-09-30T12:19:39-10:00job:github_sync_all | To github.com:RootRecord-Software-Solutions/RootRecord-Database.git
2026-09-30T12:19:39-10:00job:github_sync_all | 3a04028..59e36af  HEAD -> main
2026-09-30T12:19:39-10:00job:github_sync_all | branch 'main' set up to track 'origin/main'.
2026-09-30T12:19:39-10:00job:github_sync_all | ↑ [database] 12 files → RootRecord-Software-Solutions/RootRecord-Database (main)
2026-09-30T12:19:39-10:00job:github_sync_all | — [library] no local changes
2026-09-30T12:19:39-10:00job:github_sync_all | ↓ [library] fetching origin/main
2026-09-30T12:19:39-10:00job:github_sync_all | From github.com:RootRecord-Software-Solutions/RootRecord-Library
2026-09-30T12:19:39-10:00job:github_sync_all | * branch            main       -> FETCH_HEAD
2026-09-30T12:19:39-10:00job:github_sync_all | — [library] local and GitHub already match
2026-09-30T12:19:39-10:00job:github_sync_all | — [library] nothing to push
2026-09-30T12:19:39-10:00job:github_sync_all | — [skills] no local changes
2026-09-30T12:19:39-10:00job:github_sync_all | ↓ [skills] fetching origin/main
2026-09-30T12:19:39-10:00job:github_sync_all | From github.com:rootrecordsoftwaresolutions/Solar-Pacific-RootRecord-Server
2026-09-30T12:19:39-10:00job:github_sync_all | * branch            main       -> FETCH_HEAD
2026-09-30T12:19:39-10:00job:github_sync_all | — [skills] local and GitHub already match
2026-09-30T12:19:39-10:00job:github_sync_all | — [skills] nothing to push
2026-09-30T12:19:39-10:00job:worklog_scan RUN  bash "/home/rootrecord/RootRecord-Ecosystem/1 - Servers/1 - RootRecord-Pacific-Solar-Server/Reports/scripts/worklog_once.sh"
2026-09-30T12:19:46-10:00job:worklog_scan | OK wrote/updated /home/rootrecord/RootRecord-Ecosystem/2 - RootRecord-Database/Worklog/worklog_current.md
2026-09-30T12:19:46-10:00job:security_camera_frame_grab RUN  bash "/home/rootrecord/RootRecord-Ecosystem/1 - Servers/1 - RootRecord-Pacific-Solar-Server/Security/Cameras/grab_all.sh"
2026-09-30T12:19:59-10:00job:security_camera_frame_grab | 12:19:46  ✗  a-eyes  ch1 FAILED: [tcp @ 0x61d5e170e940] Connection to tcp://192.168.1.33:554?timeout=0 failed: No route to host
2026-09-30T12:19:59-10:00job:security_camera_frame_grab | [in#0 @ 0x61d5e170bc40] Error opening input: No route t
2026-09-30T12:19:59-10:00job:security_camera_frame_grab | a-eyes: ch1 grab failed
2026-09-30T12:19:59-10:00job:security_camera_frame_grab | 12:19:50  ✗  a-eyes  ch2 FAILED: [tcp @ 0x57159c7a6940] Connection to tcp://192.168.1.33:554?timeout=0 failed: No route to host
2026-09-30T12:19:59-10:00job:security_camera_frame_grab | [in#0 @ 0x57159c7a3c40] Error opening input: No route t
2026-09-30T12:19:59-10:00job:security_camera_frame_grab | a-eyes: ch2 grab failed
2026-09-30T12:19:59-10:00job:security_camera_frame_grab | 12:19:53  ✗  a-eyes  ch3 FAILED: [tcp @ 0x56b68b402940] Connection to tcp://192.168.1.33:554?timeout=0 failed: No route to host
2026-09-30T12:19:59-10:00job:security_camera_frame_grab | [in#0 @ 0x56b68b3ffc40] Error opening input: No route t
2026-09-30T12:19:59-10:00job:security_camera_frame_grab | a-eyes: ch3 grab failed
2026-09-30T12:19:59-10:00job:security_camera_frame_grab | 12:19:56  ✗  a-eyes  ch4 FAILED: [tcp @ 0x55e6a7989940] Connection to tcp://192.168.1.33:554?timeout=0 failed: No route to host
2026-09-30T12:19:59-10:00job:security_camera_frame_grab | [in#0 @ 0x55e6a7986c40] Error opening input: No route t
2026-09-30T12:19:59-10:00job:security_camera_frame_grab | a-eyes: ch4 grab failed
2026-09-30T12:19:59-10:00ENERGY  status=live  B2=6.4%  B1=86.7%  solar=151 W  ac=64 W  usbc=0 W  src=/home/rootrecord/RootRecord-Ecosystem/2 - RootRecord-Database/Energy  LAP=100%/Full/AC
2026-09-30T12:20:14-10:00  ▸  SUMMARY=river2pro soc=86.41% solar=— ac_out=61W usbc=17W src=ble db=ok
2026-09-30T12:20:14-10:00job:sys_stats_cycle RUN  bash "/home/rootrecord/RootRecord-Ecosystem/1 - Servers/1 - RootRecord-Pacific-Solar-Server/System/scripts/sys-sample.sh"
2026-09-30T12:20:15-10:00job:sys_stats_cycle | SYSTEM  cpu=6%  load=0.94  mem=68%  src=sqlite
2026-09-30T12:20:15-10:00job:sys_stats_cycle | OK wrote /home/rootrecord/RootRecord-Ecosystem/2 - RootRecord-Database/System/samples/sys-20260930-122014.json
2026-09-30T12:20:58-10:00job:github_sync_all | ↑ [ecosystem] committed 1 local file(s)
2026-09-30T12:20:58-10:00job:github_sync_all | ↓ [ecosystem] fetching origin/main
2026-09-30T12:20:58-10:00job:github_sync_all | From github.com:RootRecord-Software-Solutions/RootRecord-Ecosystem
2026-09-30T12:20:58-10:00job:github_sync_all | * branch            main       -> FETCH_HEAD
2026-09-30T12:20:58-10:00job:github_sync_all | ↑ [ecosystem] local is ahead of GitHub
2026-09-30T12:20:58-10:00job:github_sync_all | To github.com:RootRecord-Software-Solutions/RootRecord-Ecosystem.git
2026-09-30T12:20:58-10:00job:github_sync_all | 3f23a7d..6e52d8b  HEAD -> main
2026-09-30T12:20:58-10:00job:github_sync_all | branch 'main' set up to track 'origin/main'.
2026-09-30T12:20:58-10:00job:github_sync_all | ↑ [ecosystem] 1 files → RootRecord-Software-Solutions/RootRecord-Ecosystem (main)
2026-09-30T12:20:58-10:00job:github_sync_all | ↑ [pacific] committed 1 local file(s)
2026-09-30T12:20:58-10:00job:github_sync_all | ↓ [pacific] fetching origin/main
2026-09-30T12:20:58-10:00job:github_sync_all | From github.com:RootRecord-Software-Solutions/RootRecord-Pacific-Solar-Server
2026-09-30T12:20:58-10:00job:github_sync_all | * branch            main       -> FETCH_HEAD
2026-09-30T12:20:58-10:00job:github_sync_all | ↑ [pacific] local is ahead of GitHub
2026-09-30T12:20:58-10:00job:github_sync_all | To github.com:RootRecord-Software-Solutions/RootRecord-Pacific-Solar-Server.git
2026-09-30T12:20:58-10:00job:github_sync_all | 8e7cdb0..965d47d  HEAD -> main
2026-09-30T12:20:58-10:00job:github_sync_all | branch 'main' set up to track 'origin/main'.
2026-09-30T12:20:58-10:00job:github_sync_all | ↑ [pacific] 1 files → RootRecord-Software-Solutions/RootRecord-Pacific-Solar-Server (main)
2026-09-30T12:20:58-10:00job:github_sync_all | ↑ [database] committed 16 local file(s)
2026-09-30T12:20:58-10:00job:github_sync_all | ↓ [database] fetching origin/main
2026-09-30T12:20:58-10:00job:github_sync_all | From github.com:RootRecord-Software-Solutions/RootRecord-Database
2026-09-30T12:20:58-10:00job:github_sync_all | * branch            main       -> FETCH_HEAD
2026-09-30T12:20:58-10:00job:github_sync_all | ↑ [database] local is ahead of GitHub
2026-09-30T12:20:58-10:00job:github_sync_all | To github.com:RootRecord-Software-Solutions/RootRecord-Database.git
2026-09-30T12:20:58-10:00job:github_sync_all | 59e36af..27b592d  HEAD -> main
2026-09-30T12:20:58-10:00job:github_sync_all | branch 'main' set up to track 'origin/main'.
2026-09-30T12:20:58-10:00job:github_sync_all | ↑ [database] 16 files → RootRecord-Software-Solutions/RootRecord-Database (main)
2026-09-30T12:20:58-10:00job:github_sync_all | — [library] no local changes
2026-09-30T12:20:58-10:00job:github_sync_all | ↓ [library] fetching origin/main
2026-09-30T12:20:58-10:00job:github_sync_all | From github.com:RootRecord-Software-Solutions/RootRecord-Library
2026-09-30T12:20:58-10:00job:github_sync_all | * branch            main       -> FETCH_HEAD
2026-09-30T12:20:58-10:00job:github_sync_all | — [library] local and GitHub already match
2026-09-30T12:20:58-10:00job:github_sync_all | — [library] nothing to push
2026-09-30T12:20:58-10:00job:github_sync_all | — [skills] no local changes
2026-09-30T12:20:58-10:00job:github_sync_all | ↓ [skills] fetching origin/main
2026-09-30T12:20:58-10:00job:github_sync_all | From github.com:rootrecordsoftwaresolutions/Solar-Pacific-RootRecord-Server
2026-09-30T12:20:58-10:00job:github_sync_all | * branch            main       -> FETCH_HEAD
2026-09-30T12:20:58-10:00job:github_sync_all | — [skills] local and GitHub already match
2026-09-30T12:20:58-10:00job:github_sync_all | — [skills] nothing to push
2026-09-30T12:20:58-10:00job:security_camera_frame_grab RUN  bash "/home/rootrecord/RootRecord-Ecosystem/1 - Servers/1 - RootRecord-Pacific-Solar-Server/Security/Cameras/grab_all.sh"
2026-09-30T12:21:11-10:00job:security_camera_frame_grab | 12:20:58  ✗  a-eyes  ch1 FAILED: [tcp @ 0x59a3affea940] Connection to tcp://192.168.1.33:554?timeout=0 failed: No route to host
2026-09-30T12:21:11-10:00job:security_camera_frame_grab | [in#0 @ 0x59a3affe7c40] Error opening input: No route t
2026-09-30T12:21:11-10:00job:security_camera_frame_grab | a-eyes: ch1 grab failed
2026-09-30T12:21:11-10:00job:security_camera_frame_grab | 12:21:01  ✗  a-eyes  ch2 FAILED: [tcp @ 0x5dd188320940] Connection to tcp://192.168.1.33:554?timeout=0 failed: No route to host
2026-09-30T12:21:11-10:00job:security_camera_frame_grab | [in#0 @ 0x5dd18831dc40] Error opening input: No route t
2026-09-30T12:21:11-10:00job:security_camera_frame_grab | a-eyes: ch2 grab failed
2026-09-30T12:21:11-10:00job:security_camera_frame_grab | 12:21:05  ✗  a-eyes  ch3 FAILED: [tcp @ 0x6091839bd940] Connection to tcp://192.168.1.33:554?timeout=0 failed: No route to host
2026-09-30T12:21:11-10:00job:security_camera_frame_grab | [in#0 @ 0x6091839bac40] Error opening input: No route t
2026-09-30T12:21:11-10:00job:security_camera_frame_grab | a-eyes: ch3 grab failed
2026-09-30T12:21:11-10:00job:security_camera_frame_grab | 12:21:08  ✗  a-eyes  ch4 FAILED: [tcp @ 0x64a07c2ad940] Connection to tcp://192.168.1.33:554?timeout=0 failed: No route to host
2026-09-30T12:21:11-10:00job:security_camera_frame_grab | [in#0 @ 0x64a07c2aac40] Error opening input: No route t
2026-09-30T12:21:11-10:00job:security_camera_frame_grab | a-eyes: ch4 grab failed
2026-09-30T12:21:11-10:00ENERGY  status=live  B2=6.4%  B1=86.4%  solar=151 W  ac=61 W  usbc=0 W  src=/home/rootrecord/RootRecord-Ecosystem/2 - RootRecord-Database/Energy  LAP=100%/Full/AC
2026-09-30T12:21:26-10:00  ▸  SUMMARY=delta2 soc=7.4% solar=149W ac_out=— usbc=0W src=ble db=ok
2026-09-30T12:21:26-10:00job:sys_stats_cycle RUN  bash "/home/rootrecord/RootRecord-Ecosystem/1 - Servers/1 - RootRecord-Pacific-Solar-Server/System/scripts/sys-sample.sh"
2026-09-30T12:21:27-10:00job:sys_stats_cycle | SYSTEM  cpu=4%  load=1.10  mem=67%  src=sqlite
2026-09-30T12:21:27-10:00job:sys_stats_cycle | OK wrote /home/rootrecord/RootRecord-Ecosystem/2 - RootRecord-Database/System/samples/sys-20260930-122127.json
2026-09-30T12:21:59-10:00job:github_sync_all | — [ecosystem] no committable local changes
2026-09-30T12:21:59-10:00job:github_sync_all | ↓ [ecosystem] fetching origin/main
2026-09-30T12:21:59-10:00job:github_sync_all | From github.com:RootRecord-Software-Solutions/RootRecord-Ecosystem
2026-09-30T12:21:59-10:00job:github_sync_all | * branch            main       -> FETCH_HEAD
2026-09-30T12:21:59-10:00job:github_sync_all | — [ecosystem] local and GitHub already match
2026-09-30T12:21:59-10:00job:github_sync_all | — [ecosystem] nothing to push
2026-09-30T12:21:59-10:00job:github_sync_all | — [pacific] no local changes
2026-09-30T12:21:59-10:00job:github_sync_all | ↓ [pacific] fetching origin/main
2026-09-30T12:21:59-10:00job:github_sync_all | From github.com:RootRecord-Software-Solutions/RootRecord-Pacific-Solar-Server
2026-09-30T12:21:59-10:00job:github_sync_all | * branch            main       -> FETCH_HEAD
2026-09-30T12:21:59-10:00job:github_sync_all | — [pacific] local and GitHub already match
2026-09-30T12:21:59-10:00job:github_sync_all | — [pacific] nothing to push
2026-09-30T12:21:59-10:00job:github_sync_all | ↑ [database] committed 12 local file(s)
2026-09-30T12:21:59-10:00job:github_sync_all | ↓ [database] fetching origin/main
2026-09-30T12:21:59-10:00job:github_sync_all | From github.com:RootRecord-Software-Solutions/RootRecord-Database
2026-09-30T12:21:59-10:00job:github_sync_all | * branch            main       -> FETCH_HEAD
2026-09-30T12:21:59-10:00job:github_sync_all | ↑ [database] local is ahead of GitHub
2026-09-30T12:21:59-10:00job:github_sync_all | To github.com:RootRecord-Software-Solutions/RootRecord-Database.git
2026-09-30T12:21:59-10:00job:github_sync_all | 27b592d..3c49137  HEAD -> main
2026-09-30T12:21:59-10:00job:github_sync_all | branch 'main' set up to track 'origin/main'.
2026-09-30T12:21:59-10:00job:github_sync_all | ↑ [database] 12 files → RootRecord-Software-Solutions/RootRecord-Database (main)
2026-09-30T12:21:59-10:00job:github_sync_all | — [library] no local changes
2026-09-30T12:21:59-10:00job:github_sync_all | ↓ [library] fetching origin/main
2026-09-30T12:21:59-10:00job:github_sync_all | From github.com:RootRecord-Software-Solutions/RootRecord-Library
2026-09-30T12:21:59-10:00job:github_sync_all | * branch            main       -> FETCH_HEAD
2026-09-30T12:21:59-10:00job:github_sync_all | — [library] local and GitHub already match
2026-09-30T12:21:59-10:00job:github_sync_all | — [library] nothing to push
2026-09-30T12:21:59-10:00job:github_sync_all | — [skills] no local changes
2026-09-30T12:21:59-10:00job:github_sync_all | ↓ [skills] fetching origin/main
2026-09-30T12:21:59-10:00job:github_sync_all | From github.com:rootrecordsoftwaresolutions/Solar-Pacific-RootRecord-Server
2026-09-30T12:21:59-10:00job:github_sync_all | * branch            main       -> FETCH_HEAD
2026-09-30T12:21:59-10:00job:github_sync_all | — [skills] local and GitHub already match
2026-09-30T12:21:59-10:00job:github_sync_all | — [skills] nothing to push
2026-09-30T12:21:59-10:00job:worklog_scan RUN  bash "/home/rootrecord/RootRecord-Ecosystem/1 - Servers/1 - RootRecord-Pacific-Solar-Server/Reports/scripts/worklog_once.sh"
2026-09-30T12:22:05-10:00job:worklog_scan | OK wrote/updated /home/rootrecord/RootRecord-Ecosystem/2 - RootRecord-Database/Worklog/worklog_current.md
2026-09-30T12:22:05-10:00job:security_camera_frame_grab RUN  bash "/home/rootrecord/RootRecord-Ecosystem/1 - Servers/1 - RootRecord-Pacific-Solar-Server/Security/Cameras/grab_all.sh"
2026-09-30T12:22:17-10:00job:security_camera_frame_grab | 12:22:05  ✗  a-eyes  ch1 FAILED: [tcp @ 0x62307cb55940] Connection to tcp://192.168.1.33:554?timeout=0 failed: No route to host
2026-09-30T12:22:17-10:00job:security_camera_frame_grab | [in#0 @ 0x62307cb52c40] Error opening input: No route t
2026-09-30T12:22:17-10:00job:security_camera_frame_grab | a-eyes: ch1 grab failed
2026-09-30T12:22:17-10:00job:security_camera_frame_grab | 12:22:08  ✗  a-eyes  ch2 FAILED: [tcp @ 0x614bc1523940] Connection to tcp://192.168.1.33:554?timeout=0 failed: No route to host
2026-09-30T12:22:17-10:00job:security_camera_frame_grab | [in#0 @ 0x614bc1520c40] Error opening input: No route t
2026-09-30T12:22:17-10:00job:security_camera_frame_grab | a-eyes: ch2 grab failed
2026-09-30T12:22:17-10:00job:security_camera_frame_grab | 12:22:11  ✗  a-eyes  ch3 FAILED: [tcp @ 0x617804ca4940] Connection to tcp://192.168.1.33:554?timeout=0 failed: No route to host
2026-09-30T12:22:17-10:00job:security_camera_frame_grab | [in#0 @ 0x617804ca1c40] Error opening input: No route t
2026-09-30T12:22:17-10:00job:security_camera_frame_grab | a-eyes: ch3 grab failed
2026-09-30T12:22:17-10:00job:security_camera_frame_grab | 12:22:14  ✗  a-eyes  ch4 FAILED: [tcp @ 0x58d77c206940] Connection to tcp://192.168.1.33:554?timeout=0 failed: No route to host
2026-09-30T12:22:17-10:00job:security_camera_frame_grab | [in#0 @ 0x58d77c203c40] Error opening input: No route t
2026-09-30T12:22:17-10:00job:security_camera_frame_grab | a-eyes: ch4 grab failed
2026-09-30T12:22:18-10:00ENERGY  status=live  B2=7.4%  B1=86.4%  solar=149 W  ac=61 W  usbc=0 W  src=/home/rootrecord/RootRecord-Ecosystem/2 - RootRecord-Database/Energy  LAP=100%/Full/AC
2026-09-30T12:22:33-10:00  ▸  SUMMARY=river2pro soc=85.89% solar=0W ac_out=57W usbc=11W src=ble db=ok
2026-09-30T12:22:33-10:00job:sys_stats_cycle RUN  bash "/home/rootrecord/RootRecord-Ecosystem/1 - Servers/1 - RootRecord-Pacific-Solar-Server/System/scripts/sys-sample.sh"
2026-09-30T12:22:34-10:00job:sys_stats_cycle | SYSTEM  cpu=4%  load=0.68  mem=68%  src=sqlite
2026-09-30T12:22:34-10:00job:sys_stats_cycle | OK wrote /home/rootrecord/RootRecord-Ecosystem/2 - RootRecord-Database/System/samples/sys-20260930-122233.json
2026-09-30T12:23:06-10:00job:github_sync_all | — [ecosystem] no committable local changes
2026-09-30T12:23:06-10:00job:github_sync_all | ↓ [ecosystem] fetching origin/main
2026-09-30T12:23:06-10:00job:github_sync_all | From github.com:RootRecord-Software-Solutions/RootRecord-Ecosystem
2026-09-30T12:23:06-10:00job:github_sync_all | * branch            main       -> FETCH_HEAD
2026-09-30T12:23:06-10:00job:github_sync_all | — [ecosystem] local and GitHub already match
2026-09-30T12:23:06-10:00job:github_sync_all | — [ecosystem] nothing to push
2026-09-30T12:23:06-10:00job:github_sync_all | — [pacific] no local changes
2026-09-30T12:23:06-10:00job:github_sync_all | ↓ [pacific] fetching origin/main
2026-09-30T12:23:06-10:00job:github_sync_all | From github.com:RootRecord-Software-Solutions/RootRecord-Pacific-Solar-Server
2026-09-30T12:23:06-10:00job:github_sync_all | * branch            main       -> FETCH_HEAD
2026-09-30T12:23:06-10:00job:github_sync_all | — [pacific] local and GitHub already match
2026-09-30T12:23:06-10:00job:github_sync_all | — [pacific] nothing to push
2026-09-30T12:23:06-10:00job:github_sync_all | ↑ [database] committed 15 local file(s)
2026-09-30T12:23:06-10:00job:github_sync_all | ↓ [database] fetching origin/main
2026-09-30T12:23:06-10:00job:github_sync_all | From github.com:RootRecord-Software-Solutions/RootRecord-Database
2026-09-30T12:23:06-10:00job:github_sync_all | * branch            main       -> FETCH_HEAD
2026-09-30T12:23:06-10:00job:github_sync_all | ↑ [database] local is ahead of GitHub
2026-09-30T12:23:06-10:00job:github_sync_all | To github.com:RootRecord-Software-Solutions/RootRecord-Database.git
2026-09-30T12:23:06-10:00job:github_sync_all | 3c49137..cc35158  HEAD -> main
2026-09-30T12:23:06-10:00job:github_sync_all | branch 'main' set up to track 'origin/main'.
2026-09-30T12:23:06-10:00job:github_sync_all | ↑ [database] 15 files → RootRecord-Software-Solutions/RootRecord-Database (main)
2026-09-30T12:23:06-10:00job:github_sync_all | — [library] no local changes
2026-09-30T12:23:06-10:00job:github_sync_all | ↓ [library] fetching origin/main
2026-09-30T12:23:06-10:00job:github_sync_all | From github.com:RootRecord-Software-Solutions/RootRecord-Library
2026-09-30T12:23:06-10:00job:github_sync_all | * branch            main       -> FETCH_HEAD
2026-09-30T12:23:06-10:00job:github_sync_all | — [library] local and GitHub already match
2026-09-30T12:23:06-10:00job:github_sync_all | — [library] nothing to push
2026-09-30T12:23:06-10:00job:github_sync_all | — [skills] no local changes
2026-09-30T12:23:06-10:00job:github_sync_all | ↓ [skills] fetching origin/main
2026-09-30T12:23:06-10:00job:github_sync_all | From github.com:rootrecordsoftwaresolutions/Solar-Pacific-RootRecord-Server
2026-09-30T12:23:06-10:00job:github_sync_all | * branch            main       -> FETCH_HEAD
2026-09-30T12:23:06-10:00job:github_sync_all | — [skills] local and GitHub already match
2026-09-30T12:23:06-10:00job:github_sync_all | — [skills] nothing to push
2026-09-30T12:23:06-10:00job:security_camera_frame_grab RUN  bash "/home/rootrecord/RootRecord-Ecosystem/1 - Servers/1 - RootRecord-Pacific-Solar-Server/Security/Cameras/grab_all.sh"
2026-09-30T12:23:19-10:00job:security_camera_frame_grab | 12:23:06  ✗  a-eyes  ch1 FAILED: [tcp @ 0x5f7a84315940] Connection to tcp://192.168.1.33:554?timeout=0 failed: No route to host
2026-09-30T12:23:19-10:00job:security_camera_frame_grab | [in#0 @ 0x5f7a84312c40] Error opening input: No route t
2026-09-30T12:23:19-10:00job:security_camera_frame_grab | a-eyes: ch1 grab failed
2026-09-30T12:23:19-10:00job:security_camera_frame_grab | 12:23:10  ✗  a-eyes  ch2 FAILED: [tcp @ 0x595548de3940] Connection to tcp://192.168.1.33:554?timeout=0 failed: No route to host
2026-09-30T12:23:19-10:00job:security_camera_frame_grab | [in#0 @ 0x595548de0c40] Error opening input: No route t
2026-09-30T12:23:19-10:00job:security_camera_frame_grab | a-eyes: ch2 grab failed
2026-09-30T12:23:19-10:00job:security_camera_frame_grab | 12:23:13  ✗  a-eyes  ch3 FAILED: [tcp @ 0x608736f66940] Connection to tcp://192.168.1.33:554?timeout=0 failed: No route to host
2026-09-30T12:23:19-10:00job:security_camera_frame_grab | [in#0 @ 0x608736f63c40] Error opening input: No route t
2026-09-30T12:23:19-10:00job:security_camera_frame_grab | a-eyes: ch3 grab failed
2026-09-30T12:23:19-10:00job:security_camera_frame_grab | 12:23:16  ✗  a-eyes  ch4 FAILED: [tcp @ 0x56f7e91d1940] Connection to tcp://192.168.1.33:554?timeout=0 failed: No route to host
2026-09-30T12:23:19-10:00job:security_camera_frame_grab | [in#0 @ 0x56f7e91cec40] Error opening input: No route t
2026-09-30T12:23:19-10:00job:security_camera_frame_grab | a-eyes: ch4 grab failed
2026-09-30T12:23:19-10:00ENERGY  status=live  B2=7.4%  B1=85.9%  solar=149 W  ac=57 W  usbc=0 W  src=/home/rootrecord/RootRecord-Ecosystem/2 - RootRecord-Database/Energy  LAP=100%/Full/AC
2026-09-30T12:23:34-10:00  ▸  SUMMARY=delta2 soc=8.02% solar=149W ac_out=— usbc=0W src=ble db=ok
2026-09-30T12:23:34-10:00job:sys_stats_cycle RUN  bash "/home/rootrecord/RootRecord-Ecosystem/1 - Servers/1 - RootRecord-Pacific-Solar-Server/System/scripts/sys-sample.sh"
2026-09-30T12:23:35-10:00job:sys_stats_cycle | SYSTEM  cpu=20%  load=0.85  mem=77%  src=sqlite
2026-09-30T12:23:35-10:00job:sys_stats_cycle | OK wrote /home/rootrecord/RootRecord-Ecosystem/2 - RootRecord-Database/System/samples/sys-20260930-122335.json
2026-09-30T12:24:08-10:00job:github_sync_all | — [ecosystem] no committable local changes
2026-09-30T12:24:08-10:00job:github_sync_all | ↓ [ecosystem] fetching origin/main
2026-09-30T12:24:08-10:00job:github_sync_all | From github.com:RootRecord-Software-Solutions/RootRecord-Ecosystem
2026-09-30T12:24:08-10:00job:github_sync_all | * branch            main       -> FETCH_HEAD
2026-09-30T12:24:08-10:00job:github_sync_all | — [ecosystem] local and GitHub already match
2026-09-30T12:24:08-10:00job:github_sync_all | — [ecosystem] nothing to push
2026-09-30T12:24:08-10:00job:github_sync_all | — [pacific] no local changes
2026-09-30T12:24:08-10:00job:github_sync_all | ↓ [pacific] fetching origin/main
2026-09-30T12:24:08-10:00job:github_sync_all | From github.com:RootRecord-Software-Solutions/RootRecord-Pacific-Solar-Server
2026-09-30T12:24:08-10:00job:github_sync_all | * branch            main       -> FETCH_HEAD
2026-09-30T12:24:08-10:00job:github_sync_all | — [pacific] local and GitHub already match
2026-09-30T12:24:08-10:00job:github_sync_all | — [pacific] nothing to push
2026-09-30T12:24:08-10:00job:github_sync_all | ↑ [database] committed 12 local file(s)
2026-09-30T12:24:08-10:00job:github_sync_all | ↓ [database] fetching origin/main
2026-09-30T12:24:08-10:00job:github_sync_all | From github.com:RootRecord-Software-Solutions/RootRecord-Database
2026-09-30T12:24:08-10:00job:github_sync_all | * branch            main       -> FETCH_HEAD
2026-09-30T12:24:08-10:00job:github_sync_all | ↑ [database] local is ahead of GitHub
2026-09-30T12:24:08-10:00job:github_sync_all | To github.com:RootRecord-Software-Solutions/RootRecord-Database.git
2026-09-30T12:24:08-10:00job:github_sync_all | cc35158..15627ae  HEAD -> main
2026-09-30T12:24:08-10:00job:github_sync_all | branch 'main' set up to track 'origin/main'.
2026-09-30T12:24:08-10:00job:github_sync_all | ↑ [database] 12 files → RootRecord-Software-Solutions/RootRecord-Database (main)
2026-09-30T12:24:08-10:00job:github_sync_all | — [library] no local changes
2026-09-30T12:24:08-10:00job:github_sync_all | ↓ [library] fetching origin/main
2026-09-30T12:24:08-10:00job:github_sync_all | From github.com:RootRecord-Software-Solutions/RootRecord-Library
2026-09-30T12:24:08-10:00job:github_sync_all | * branch            main       -> FETCH_HEAD
2026-09-30T12:24:08-10:00job:github_sync_all | — [library] local and GitHub already match
2026-09-30T12:24:08-10:00job:github_sync_all | — [library] nothing to push
2026-09-30T12:24:08-10:00job:github_sync_all | — [skills] no local changes
2026-09-30T12:24:08-10:00job:github_sync_all | ↓ [skills] fetching origin/main
2026-09-30T12:24:08-10:00job:github_sync_all | From github.com:rootrecordsoftwaresolutions/Solar-Pacific-RootRecord-Server
2026-09-30T12:24:08-10:00job:github_sync_all | * branch            main       -> FETCH_HEAD
2026-09-30T12:24:08-10:00job:github_sync_all | — [skills] local and GitHub already match
2026-09-30T12:24:08-10:00job:github_sync_all | — [skills] nothing to push
2026-09-30T12:24:08-10:00job:worklog_scan RUN  bash "/home/rootrecord/RootRecord-Ecosystem/1 - Servers/1 - RootRecord-Pacific-Solar-Server/Reports/scripts/worklog_once.sh"
2026-09-30T12:24:12-10:00job:worklog_scan | OK wrote/updated /home/rootrecord/RootRecord-Ecosystem/2 - RootRecord-Database/Worklog/worklog_current.md
2026-09-30T12:24:12-10:00job:security_camera_frame_grab RUN  bash "/home/rootrecord/RootRecord-Ecosystem/1 - Servers/1 - RootRecord-Pacific-Solar-Server/Security/Cameras/grab_all.sh"
2026-09-30T12:24:24-10:00job:security_camera_frame_grab | 12:24:12  ✗  a-eyes  ch1 FAILED: [tcp @ 0x55a5df9ce940] Connection to tcp://192.168.1.33:554?timeout=0 failed: No route to host
2026-09-30T12:24:24-10:00job:security_camera_frame_grab | [in#0 @ 0x55a5df9cbc40] Error opening input: No route t
2026-09-30T12:24:24-10:00job:security_camera_frame_grab | a-eyes: ch1 grab failed
2026-09-30T12:24:24-10:00job:security_camera_frame_grab | 12:24:15  ✗  a-eyes  ch2 FAILED: [tcp @ 0x591455249940] Connection to tcp://192.168.1.33:554?timeout=0 failed: No route to host
2026-09-30T12:24:24-10:00job:security_camera_frame_grab | [in#0 @ 0x591455246c40] Error opening input: No route t
2026-09-30T12:24:24-10:00job:security_camera_frame_grab | a-eyes: ch2 grab failed
2026-09-30T12:24:24-10:00job:security_camera_frame_grab | 12:24:18  ✗  a-eyes  ch3 FAILED: [tcp @ 0x5b67b76a0940] Connection to tcp://192.168.1.33:554?timeout=0 failed: No route to host
2026-09-30T12:24:24-10:00job:security_camera_frame_grab | [in#0 @ 0x5b67b769dc40] Error opening input: No route t
2026-09-30T12:24:24-10:00job:security_camera_frame_grab | a-eyes: ch3 grab failed
2026-09-30T12:24:24-10:00job:security_camera_frame_grab | 12:24:21  ✗  a-eyes  ch4 FAILED: [tcp @ 0x63eadec54940] Connection to tcp://192.168.1.33:554?timeout=0 failed: No route to host
2026-09-30T12:24:24-10:00job:security_camera_frame_grab | [in#0 @ 0x63eadec51c40] Error opening input: No route t
2026-09-30T12:24:24-10:00job:security_camera_frame_grab | a-eyes: ch4 grab failed
2026-09-30T12:24:24-10:00job:service_supervisor RUN  bash "/home/rootrecord/RootRecord-Ecosystem/1 - Servers/1 - RootRecord-Pacific-Solar-Server/Automations/scripts/supervise-services.sh"
2026-09-30T12:24:24-10:00job:service_supervisor | [supervisor] weather alive pid=304140 304463 305661 305866 308654 309134 309348 309668 313159 342702 392716 736568 (act)
2026-09-30T12:24:24-10:00job:service_supervisor | [supervisor] relay alive pid=4374 (act)
2026-09-30T12:24:25-10:00ENERGY  status=live  B2=8.0%  B1=85.9%  solar=149 W  ac=57 W  usbc=0 W  src=/home/rootrecord/RootRecord-Ecosystem/2 - RootRecord-Database/Energy  LAP=100%/Full/AC
2026-09-30T12:24:40-10:00  ▸  SUMMARY=river2pro soc=85.42% solar=0W ac_out=60W usbc=11W src=ble db=ok
2026-09-30T12:24:40-10:00job:sys_stats_cycle RUN  bash "/home/rootrecord/RootRecord-Ecosystem/1 - Servers/1 - RootRecord-Pacific-Solar-Server/System/scripts/sys-sample.sh"
2026-09-30T12:24:41-10:00job:sys_stats_cycle | SYSTEM  cpu=5%  load=1.26  mem=69%  src=sqlite
2026-09-30T12:24:41-10:00job:sys_stats_cycle | OK wrote /home/rootrecord/RootRecord-Ecosystem/2 - RootRecord-Database/System/samples/sys-20260930-122440.json
2026-09-30T12:25:14-10:00job:github_sync_all | — [ecosystem] no committable local changes
2026-09-30T12:25:14-10:00job:github_sync_all | ↓ [ecosystem] fetching origin/main
2026-09-30T12:25:14-10:00job:github_sync_all | From github.com:RootRecord-Software-Solutions/RootRecord-Ecosystem
2026-09-30T12:25:14-10:00job:github_sync_all | * branch            main       -> FETCH_HEAD
2026-09-30T12:25:14-10:00job:github_sync_all | — [ecosystem] local and GitHub already match
2026-09-30T12:25:14-10:00job:github_sync_all | — [ecosystem] nothing to push
2026-09-30T12:25:14-10:00job:github_sync_all | — [pacific] no local changes
2026-09-30T12:25:14-10:00job:github_sync_all | ↓ [pacific] fetching origin/main
2026-09-30T12:25:14-10:00job:github_sync_all | From github.com:RootRecord-Software-Solutions/RootRecord-Pacific-Solar-Server
2026-09-30T12:25:14-10:00job:github_sync_all | * branch            main       -> FETCH_HEAD
2026-09-30T12:25:14-10:00job:github_sync_all | — [pacific] local and GitHub already match
2026-09-30T12:25:14-10:00job:github_sync_all | — [pacific] nothing to push
2026-09-30T12:25:14-10:00job:github_sync_all | ↑ [database] committed 15 local file(s)
2026-09-30T12:25:14-10:00job:github_sync_all | ↓ [database] fetching origin/main
2026-09-30T12:25:14-10:00job:github_sync_all | From github.com:RootRecord-Software-Solutions/RootRecord-Database
2026-09-30T12:25:14-10:00job:github_sync_all | * branch            main       -> FETCH_HEAD
2026-09-30T12:25:14-10:00job:github_sync_all | ↑ [database] local is ahead of GitHub
2026-09-30T12:25:14-10:00job:github_sync_all | To github.com:RootRecord-Software-Solutions/RootRecord-Database.git
2026-09-30T12:25:14-10:00job:github_sync_all | 15627ae..840e77c  HEAD -> main
2026-09-30T12:25:14-10:00job:github_sync_all | branch 'main' set up to track 'origin/main'.
2026-09-30T12:25:14-10:00job:github_sync_all | ↑ [database] 15 files → RootRecord-Software-Solutions/RootRecord-Database (main)
2026-09-30T12:25:14-10:00job:github_sync_all | — [library] no local changes
2026-09-30T12:25:14-10:00job:github_sync_all | ↓ [library] fetching origin/main
2026-09-30T12:25:14-10:00job:github_sync_all | From github.com:RootRecord-Software-Solutions/RootRecord-Library
2026-09-30T12:25:14-10:00job:github_sync_all | * branch            main       -> FETCH_HEAD
2026-09-30T12:25:14-10:00job:github_sync_all | — [library] local and GitHub already match
2026-09-30T12:25:14-10:00job:github_sync_all | — [library] nothing to push
2026-09-30T12:25:14-10:00job:github_sync_all | — [skills] no local changes
2026-09-30T12:25:14-10:00job:github_sync_all | ↓ [skills] fetching origin/main
2026-09-30T12:25:14-10:00job:github_sync_all | From github.com:rootrecordsoftwaresolutions/Solar-Pacific-RootRecord-Server
2026-09-30T12:25:14-10:00job:github_sync_all | * branch            main       -> FETCH_HEAD
2026-09-30T12:25:14-10:00job:github_sync_all | — [skills] local and GitHub already match
2026-09-30T12:25:14-10:00job:github_sync_all | — [skills] nothing to push
2026-09-30T12:25:14-10:00job:security_camera_frame_grab RUN  bash "/home/rootrecord/RootRecord-Ecosystem/1 - Servers/1 - RootRecord-Pacific-Solar-Server/Security/Cameras/grab_all.sh"
2026-09-30T12:25:26-10:00job:security_camera_frame_grab | 12:25:14  ✗  a-eyes  ch1 FAILED: [tcp @ 0x5c3279d6b940] Connection to tcp://192.168.1.33:554?timeout=0 failed: No route to host
2026-09-30T12:25:26-10:00job:security_camera_frame_grab | [in#0 @ 0x5c3279d68c40] Error opening input: No route t
2026-09-30T12:25:26-10:00job:security_camera_frame_grab | a-eyes: ch1 grab failed
2026-09-30T12:25:26-10:00job:security_camera_frame_grab | 12:25:17  ✗  a-eyes  ch2 FAILED: [tcp @ 0x5d9a6390b940] Connection to tcp://192.168.1.33:554?timeout=0 failed: No route to host
2026-09-30T12:25:26-10:00job:security_camera_frame_grab | [in#0 @ 0x5d9a63908c40] Error opening input: No route t
2026-09-30T12:25:26-10:00job:security_camera_frame_grab | a-eyes: ch2 grab failed
2026-09-30T12:25:26-10:00job:security_camera_frame_grab | 12:25:20  ✗  a-eyes  ch3 FAILED: [tcp @ 0x5cc54dee5940] Connection to tcp://192.168.1.33:554?timeout=0 failed: No route to host
2026-09-30T12:25:26-10:00job:security_camera_frame_grab | [in#0 @ 0x5cc54dee2c40] Error opening input: No route t
2026-09-30T12:25:26-10:00job:security_camera_frame_grab | a-eyes: ch3 grab failed
2026-09-30T12:25:26-10:00job:security_camera_frame_grab | 12:25:23  ✗  a-eyes  ch4 FAILED: [tcp @ 0x55ead15c8940] Connection to tcp://192.168.1.33:554?timeout=0 failed: No route to host
2026-09-30T12:25:26-10:00job:security_camera_frame_grab | [in#0 @ 0x55ead15c5c40] Error opening input: No route t
2026-09-30T12:25:26-10:00job:security_camera_frame_grab | a-eyes: ch4 grab failed
2026-09-30T12:25:27-10:00ENERGY  status=live  B2=8.0%  B1=85.4%  solar=149 W  ac=60 W  usbc=0 W  src=/home/rootrecord/RootRecord-Ecosystem/2 - RootRecord-Database/Energy  LAP=100%/Full/AC
2026-09-30T12:25:42-10:00  ▸  SUMMARY=river2pro soc=85.17% solar=0W ac_out=57W usbc=14W src=ble db=ok
2026-09-30T12:25:42-10:00job:sys_stats_cycle RUN  bash "/home/rootrecord/RootRecord-Ecosystem/1 - Servers/1 - RootRecord-Pacific-Solar-Server/System/scripts/sys-sample.sh"
2026-09-30T12:25:43-10:00job:sys_stats_cycle | SYSTEM  cpu=5%  load=2.48  mem=70%  src=sqlite
2026-09-30T12:25:43-10:00job:sys_stats_cycle | OK wrote /home/rootrecord/RootRecord-Ecosystem/2 - RootRecord-Database/System/samples/sys-20260930-122542.json
2026-09-30T12:26:17-10:00job:github_sync_all | — [ecosystem] no committable local changes
2026-09-30T12:26:17-10:00job:github_sync_all | ↓ [ecosystem] fetching origin/main
2026-09-30T12:26:17-10:00job:github_sync_all | From github.com:RootRecord-Software-Solutions/RootRecord-Ecosystem
2026-09-30T12:26:17-10:00job:github_sync_all | * branch            main       -> FETCH_HEAD
2026-09-30T12:26:17-10:00job:github_sync_all | — [ecosystem] local and GitHub already match
2026-09-30T12:26:17-10:00job:github_sync_all | — [ecosystem] nothing to push
2026-09-30T12:26:17-10:00job:github_sync_all | — [pacific] no local changes
2026-09-30T12:26:17-10:00job:github_sync_all | ↓ [pacific] fetching origin/main
2026-09-30T12:26:17-10:00job:github_sync_all | From github.com:RootRecord-Software-Solutions/RootRecord-Pacific-Solar-Server
2026-09-30T12:26:17-10:00job:github_sync_all | * branch            main       -> FETCH_HEAD
2026-09-30T12:26:17-10:00job:github_sync_all | — [pacific] local and GitHub already match
2026-09-30T12:26:17-10:00job:github_sync_all | — [pacific] nothing to push
2026-09-30T12:26:17-10:00job:github_sync_all | ↑ [database] committed 13 local file(s)
2026-09-30T12:26:17-10:00job:github_sync_all | ↓ [database] fetching origin/main
2026-09-30T12:26:17-10:00job:github_sync_all | From github.com:RootRecord-Software-Solutions/RootRecord-Database
2026-09-30T12:26:17-10:00job:github_sync_all | * branch            main       -> FETCH_HEAD
2026-09-30T12:26:17-10:00job:github_sync_all | ↑ [database] local is ahead of GitHub
2026-09-30T12:26:17-10:00job:github_sync_all | To github.com:RootRecord-Software-Solutions/RootRecord-Database.git
2026-09-30T12:26:17-10:00job:github_sync_all | 840e77c..e5e1ffc  HEAD -> main
2026-09-30T12:26:17-10:00job:github_sync_all | branch 'main' set up to track 'origin/main'.
2026-09-30T12:26:17-10:00job:github_sync_all | ↑ [database] 13 files → RootRecord-Software-Solutions/RootRecord-Database (main)
2026-09-30T12:26:17-10:00job:github_sync_all | — [library] no local changes
2026-09-30T12:26:17-10:00job:github_sync_all | ↓ [library] fetching origin/main
2026-09-30T12:26:17-10:00job:github_sync_all | From github.com:RootRecord-Software-Solutions/RootRecord-Library
2026-09-30T12:26:17-10:00job:github_sync_all | * branch            main       -> FETCH_HEAD
2026-09-30T12:26:17-10:00job:github_sync_all | — [library] local and GitHub already match
2026-09-30T12:26:17-10:00job:github_sync_all | — [library] nothing to push
2026-09-30T12:26:17-10:00job:github_sync_all | — [skills] no local changes
2026-09-30T12:26:17-10:00job:github_sync_all | ↓ [skills] fetching origin/main
2026-09-30T12:26:17-10:00job:github_sync_all | From github.com:rootrecordsoftwaresolutions/Solar-Pacific-RootRecord-Server
2026-09-30T12:26:17-10:00job:github_sync_all | * branch            main       -> FETCH_HEAD
2026-09-30T12:26:17-10:00job:github_sync_all | — [skills] local and GitHub already match
2026-09-30T12:26:17-10:00job:github_sync_all | — [skills] nothing to push
2026-09-30T12:26:17-10:00job:worklog_scan RUN  bash "/home/rootrecord/RootRecord-Ecosystem/1 - Servers/1 - RootRecord-Pacific-Solar-Server/Reports/scripts/worklog_once.sh"
2026-09-30T12:26:21-10:00job:worklog_scan | OK wrote/updated /home/rootrecord/RootRecord-Ecosystem/2 - RootRecord-Database/Worklog/worklog_current.md
2026-09-30T12:26:21-10:00job:security_camera_frame_grab RUN  bash "/home/rootrecord/RootRecord-Ecosystem/1 - Servers/1 - RootRecord-Pacific-Solar-Server/Security/Cameras/grab_all.sh"
2026-09-30T12:26:33-10:00job:security_camera_frame_grab | 12:26:21  ✗  a-eyes  ch1 FAILED: [tcp @ 0x60663cf2c940] Connection to tcp://192.168.1.33:554?timeout=0 failed: No route to host
2026-09-30T12:26:33-10:00job:security_camera_frame_grab | [in#0 @ 0x60663cf29c40] Error opening input: No route t
2026-09-30T12:26:33-10:00job:security_camera_frame_grab | a-eyes: ch1 grab failed
2026-09-30T12:26:33-10:00job:security_camera_frame_grab | 12:26:24  ✗  a-eyes  ch2 FAILED: [tcp @ 0x61445d93e940] Connection to tcp://192.168.1.33:554?timeout=0 failed: No route to host
2026-09-30T12:26:33-10:00job:security_camera_frame_grab | [in#0 @ 0x61445d93bc40] Error opening input: No route t
2026-09-30T12:26:33-10:00job:security_camera_frame_grab | a-eyes: ch2 grab failed
2026-09-30T12:26:33-10:00job:security_camera_frame_grab | 12:26:27  ✗  a-eyes  ch3 FAILED: [tcp @ 0x5ff7f0ba6940] Connection to tcp://192.168.1.33:554?timeout=0 failed: No route to host
2026-09-30T12:26:33-10:00job:security_camera_frame_grab | [in#0 @ 0x5ff7f0ba3c40] Error opening input: No route t
2026-09-30T12:26:33-10:00job:security_camera_frame_grab | a-eyes: ch3 grab failed
2026-09-30T12:26:33-10:00job:security_camera_frame_grab | 12:26:30  ✗  a-eyes  ch4 FAILED: [tcp @ 0x630f81c54940] Connection to tcp://192.168.1.33:554?timeout=0 failed: No route to host
2026-09-30T12:26:33-10:00job:security_camera_frame_grab | [in#0 @ 0x630f81c51c40] Error opening input: No route t
2026-09-30T12:26:33-10:00job:security_camera_frame_grab | a-eyes: ch4 grab failed
2026-09-30T12:26:34-10:00ENERGY  status=live  B2=8.0%  B1=85.2%  solar=149 W  ac=57 W  usbc=0 W  src=/home/rootrecord/RootRecord-Ecosystem/2 - RootRecord-Database/Energy  LAP=100%/Full/AC
2026-09-30T12:26:49-10:00  ▸  SUMMARY=delta2 soc=8.93% solar=149W ac_out=— usbc=0W src=ble db=ok
2026-09-30T12:26:49-10:00job:sys_stats_cycle RUN  bash "/home/rootrecord/RootRecord-Ecosystem/1 - Servers/1 - RootRecord-Pacific-Solar-Server/System/scripts/sys-sample.sh"
2026-09-30T12:26:50-10:00job:sys_stats_cycle | SYSTEM  cpu=14%  load=1.80  mem=70%  src=sqlite
2026-09-30T12:26:50-10:00job:sys_stats_cycle | OK wrote /home/rootrecord/RootRecord-Ecosystem/2 - RootRecord-Database/System/samples/sys-20260930-122649.json
2026-09-30T12:27:24-10:00job:github_sync_all | — [ecosystem] no committable local changes
2026-09-30T12:27:24-10:00job:github_sync_all | ↓ [ecosystem] fetching origin/main
2026-09-30T12:27:24-10:00job:github_sync_all | From github.com:RootRecord-Software-Solutions/RootRecord-Ecosystem
2026-09-30T12:27:24-10:00job:github_sync_all | * branch            main       -> FETCH_HEAD
2026-09-30T12:27:24-10:00job:github_sync_all | — [ecosystem] local and GitHub already match
2026-09-30T12:27:24-10:00job:github_sync_all | — [ecosystem] nothing to push
2026-09-30T12:27:24-10:00job:github_sync_all | — [pacific] no local changes
2026-09-30T12:27:24-10:00job:github_sync_all | ↓ [pacific] fetching origin/main
2026-09-30T12:27:24-10:00job:github_sync_all | From github.com:RootRecord-Software-Solutions/RootRecord-Pacific-Solar-Server
2026-09-30T12:27:24-10:00job:github_sync_all | * branch            main       -> FETCH_HEAD
2026-09-30T12:27:24-10:00job:github_sync_all | — [pacific] local and GitHub already match
2026-09-30T12:27:24-10:00job:github_sync_all | — [pacific] nothing to push
2026-09-30T12:27:24-10:00job:github_sync_all | ↑ [database] committed 15 local file(s)
2026-09-30T12:27:24-10:00job:github_sync_all | ↓ [database] fetching origin/main
2026-09-30T12:27:24-10:00job:github_sync_all | From github.com:RootRecord-Software-Solutions/RootRecord-Database
2026-09-30T12:27:24-10:00job:github_sync_all | * branch            main       -> FETCH_HEAD
2026-09-30T12:27:24-10:00job:github_sync_all | ↑ [database] local is ahead of GitHub
2026-09-30T12:27:24-10:00job:github_sync_all | To github.com:RootRecord-Software-Solutions/RootRecord-Database.git
2026-09-30T12:27:24-10:00job:github_sync_all | e5e1ffc..b708530  HEAD -> main
2026-09-30T12:27:24-10:00job:github_sync_all | branch 'main' set up to track 'origin/main'.
2026-09-30T12:27:24-10:00job:github_sync_all | ↑ [database] 15 files → RootRecord-Software-Solutions/RootRecord-Database (main)
2026-09-30T12:27:24-10:00job:github_sync_all | — [library] no local changes
2026-09-30T12:27:24-10:00job:github_sync_all | ↓ [library] fetching origin/main
2026-09-30T12:27:24-10:00job:github_sync_all | From github.com:RootRecord-Software-Solutions/RootRecord-Library
2026-09-30T12:27:24-10:00job:github_sync_all | * branch            main       -> FETCH_HEAD
2026-09-30T12:27:24-10:00job:github_sync_all | — [library] local and GitHub already match
2026-09-30T12:27:24-10:00job:github_sync_all | — [library] nothing to push
2026-09-30T12:27:24-10:00job:github_sync_all | — [skills] no local changes
2026-09-30T12:27:24-10:00job:github_sync_all | ↓ [skills] fetching origin/main
2026-09-30T12:27:24-10:00job:github_sync_all | From github.com:rootrecordsoftwaresolutions/Solar-Pacific-RootRecord-Server
2026-09-30T12:27:24-10:00job:github_sync_all | * branch            main       -> FETCH_HEAD
2026-09-30T12:27:24-10:00job:github_sync_all | — [skills] local and GitHub already match
2026-09-30T12:27:24-10:00job:github_sync_all | — [skills] nothing to push
2026-09-30T12:27:24-10:00job:security_camera_frame_grab RUN  bash "/home/rootrecord/RootRecord-Ecosystem/1 - Servers/1 - RootRecord-Pacific-Solar-Server/Security/Cameras/grab_all.sh"
2026-09-30T12:27:37-10:00job:security_camera_frame_grab | 12:27:25  ✗  a-eyes  ch1 FAILED: [tcp @ 0x5e56098b3940] Connection to tcp://192.168.1.33:554?timeout=0 failed: No route to host
2026-09-30T12:27:37-10:00job:security_camera_frame_grab | [in#0 @ 0x5e56098b0c40] Error opening input: No route t
2026-09-30T12:27:37-10:00job:security_camera_frame_grab | a-eyes: ch1 grab failed
2026-09-30T12:27:37-10:00job:security_camera_frame_grab | 12:27:28  ✗  a-eyes  ch2 FAILED: [tcp @ 0x608926ecf940] Connection to tcp://192.168.1.33:554?timeout=0 failed: No route to host
2026-09-30T12:27:37-10:00job:security_camera_frame_grab | [in#0 @ 0x608926eccc40] Error opening input: No route t
2026-09-30T12:27:37-10:00job:security_camera_frame_grab | a-eyes: ch2 grab failed
2026-09-30T12:27:37-10:00job:security_camera_frame_grab | 12:27:31  ✗  a-eyes  ch3 FAILED: [tcp @ 0x55932060b940] Connection to tcp://192.168.1.33:554?timeout=0 failed: No route to host
2026-09-30T12:27:37-10:00job:security_camera_frame_grab | [in#0 @ 0x559320608c40] Error opening input: No route t
2026-09-30T12:27:37-10:00job:security_camera_frame_grab | a-eyes: ch3 grab failed
2026-09-30T12:27:37-10:00job:security_camera_frame_grab | 12:27:34  ✗  a-eyes  ch4 FAILED: [tcp @ 0x5d4bc3a51940] Connection to tcp://192.168.1.33:554?timeout=0 failed: No route to host
2026-09-30T12:27:37-10:00job:security_camera_frame_grab | [in#0 @ 0x5d4bc3a4ec40] Error opening input: No route t
2026-09-30T12:27:37-10:00job:security_camera_frame_grab | a-eyes: ch4 grab failed
2026-09-30T12:27:37-10:00ENERGY  status=live  B2=8.9%  B1=85.2%  solar=149 W  ac=57 W  usbc=0 W  src=/home/rootrecord/RootRecord-Ecosystem/2 - RootRecord-Database/Energy  LAP=100%/Full/AC
2026-09-30T12:27:52-10:00  ▸  SUMMARY=river2pro soc=84.69% solar=0W ac_out=48W usbc=14W src=ble db=ok
2026-09-30T12:27:52-10:00job:sys_stats_cycle RUN  bash "/home/rootrecord/RootRecord-Ecosystem/1 - Servers/1 - RootRecord-Pacific-Solar-Server/System/scripts/sys-sample.sh"
2026-09-30T12:27:53-10:00job:sys_stats_cycle | SYSTEM  cpu=17%  load=1.74  mem=70%  src=sqlite
2026-09-30T12:27:53-10:00job:sys_stats_cycle | OK wrote /home/rootrecord/RootRecord-Ecosystem/2 - RootRecord-Database/System/samples/sys-20260930-122753.json
2026-09-30T12:28:33-10:00job:github_sync_all | ↑ [ecosystem] committed 2 local file(s)
2026-09-30T12:28:33-10:00job:github_sync_all | ↓ [ecosystem] fetching origin/main
2026-09-30T12:28:33-10:00job:github_sync_all | From github.com:RootRecord-Software-Solutions/RootRecord-Ecosystem
2026-09-30T12:28:33-10:00job:github_sync_all | * branch            main       -> FETCH_HEAD
2026-09-30T12:28:33-10:00job:github_sync_all | ↑ [ecosystem] local is ahead of GitHub
2026-09-30T12:28:33-10:00job:github_sync_all | To github.com:RootRecord-Software-Solutions/RootRecord-Ecosystem.git
2026-09-30T12:28:33-10:00job:github_sync_all | 6e52d8b..5bf69ac  HEAD -> main
2026-09-30T12:28:33-10:00job:github_sync_all | branch 'main' set up to track 'origin/main'.
2026-09-30T12:28:33-10:00job:github_sync_all | ↑ [ecosystem] 2 files → RootRecord-Software-Solutions/RootRecord-Ecosystem (main)
2026-09-30T12:28:33-10:00job:github_sync_all | ↑ [pacific] committed 3 local file(s)
2026-09-30T12:28:33-10:00job:github_sync_all | ↓ [pacific] fetching origin/main
2026-09-30T12:28:33-10:00job:github_sync_all | From github.com:RootRecord-Software-Solutions/RootRecord-Pacific-Solar-Server
2026-09-30T12:28:33-10:00job:github_sync_all | * branch            main       -> FETCH_HEAD
2026-09-30T12:28:33-10:00job:github_sync_all | ↑ [pacific] local is ahead of GitHub
2026-09-30T12:28:33-10:00job:github_sync_all | To github.com:RootRecord-Software-Solutions/RootRecord-Pacific-Solar-Server.git
2026-09-30T12:28:33-10:00job:github_sync_all | 965d47d..a11e0b3  HEAD -> main
2026-09-30T12:28:33-10:00job:github_sync_all | branch 'main' set up to track 'origin/main'.
2026-09-30T12:28:33-10:00job:github_sync_all | ↑ [pacific] 3 files → RootRecord-Software-Solutions/RootRecord-Pacific-Solar-Server (main)
2026-09-30T12:28:33-10:00job:github_sync_all | ↑ [database] committed 13 local file(s)
2026-09-30T12:28:33-10:00job:github_sync_all | ↓ [database] fetching origin/main
2026-09-30T12:28:33-10:00job:github_sync_all | From github.com:RootRecord-Software-Solutions/RootRecord-Database
2026-09-30T12:28:33-10:00job:github_sync_all | * branch            main       -> FETCH_HEAD
2026-09-30T12:28:33-10:00job:github_sync_all | ↑ [database] local is ahead of GitHub
2026-09-30T12:28:33-10:00job:github_sync_all | To github.com:RootRecord-Software-Solutions/RootRecord-Database.git
2026-09-30T12:28:33-10:00job:github_sync_all | b708530..a97c65c  HEAD -> main
2026-09-30T12:28:33-10:00job:github_sync_all | branch 'main' set up to track 'origin/main'.
2026-09-30T12:28:33-10:00job:github_sync_all | ↑ [database] 13 files → RootRecord-Software-Solutions/RootRecord-Database (main)
2026-09-30T12:28:33-10:00job:github_sync_all | — [library] no local changes
2026-09-30T12:28:33-10:00job:github_sync_all | ↓ [library] fetching origin/main
2026-09-30T12:28:33-10:00job:github_sync_all | From github.com:RootRecord-Software-Solutions/RootRecord-Library
2026-09-30T12:28:33-10:00job:github_sync_all | * branch            main       -> FETCH_HEAD
2026-09-30T12:28:33-10:00job:github_sync_all | — [library] local and GitHub already match
2026-09-30T12:28:33-10:00job:github_sync_all | — [library] nothing to push
2026-09-30T12:28:33-10:00job:github_sync_all | — [skills] no local changes
2026-09-30T12:28:33-10:00job:github_sync_all | ↓ [skills] fetching origin/main
2026-09-30T12:28:33-10:00job:github_sync_all | From github.com:rootrecordsoftwaresolutions/Solar-Pacific-RootRecord-Server
2026-09-30T12:28:33-10:00job:github_sync_all | * branch            main       -> FETCH_HEAD
2026-09-30T12:28:33-10:00job:github_sync_all | — [skills] local and GitHub already match
2026-09-30T12:28:33-10:00job:github_sync_all | — [skills] nothing to push
2026-09-30T12:28:33-10:00job:worklog_scan RUN  bash "/home/rootrecord/RootRecord-Ecosystem/1 - Servers/1 - RootRecord-Pacific-Solar-Server/Reports/scripts/worklog_once.sh"
2026-09-30T12:28:42-10:00job:worklog_scan | OK wrote/updated /home/rootrecord/RootRecord-Ecosystem/2 - RootRecord-Database/Worklog/worklog_current.md
2026-09-30T12:28:42-10:00job:security_camera_frame_grab RUN  bash "/home/rootrecord/RootRecord-Ecosystem/1 - Servers/1 - RootRecord-Pacific-Solar-Server/Security/Cameras/grab_all.sh"
2026-09-30T12:28:54-10:00job:security_camera_frame_grab | 12:28:42  ✗  a-eyes  ch1 FAILED: [tcp @ 0x60bc8a7c0940] Connection to tcp://192.168.1.33:554?timeout=0 failed: No route to host
2026-09-30T12:28:54-10:00job:security_camera_frame_grab | [in#0 @ 0x60bc8a7bdc40] Error opening input: No route t
2026-09-30T12:28:54-10:00job:security_camera_frame_grab | a-eyes: ch1 grab failed
2026-09-30T12:28:54-10:00job:security_camera_frame_grab | 12:28:45  ✗  a-eyes  ch2 FAILED: [tcp @ 0x568755735940] Connection to tcp://192.168.1.33:554?timeout=0 failed: No route to host
2026-09-30T12:28:54-10:00job:security_camera_frame_grab | [in#0 @ 0x568755732c40] Error opening input: No route t
2026-09-30T12:28:54-10:00job:security_camera_frame_grab | a-eyes: ch2 grab failed
2026-09-30T12:28:54-10:00job:security_camera_frame_grab | 12:28:48  ✗  a-eyes  ch3 FAILED: [tcp @ 0x63e682bd4940] Connection to tcp://192.168.1.33:554?timeout=0 failed: No route to host
2026-09-30T12:28:54-10:00job:security_camera_frame_grab | [in#0 @ 0x63e682bd1c40] Error opening input: No route t
2026-09-30T12:28:54-10:00job:security_camera_frame_grab | a-eyes: ch3 grab failed
2026-09-30T12:28:54-10:00job:security_camera_frame_grab | 12:28:51  ✗  a-eyes  ch4 FAILED: [tcp @ 0x60945b5ac940] Connection to tcp://192.168.1.33:554?timeout=0 failed: No route to host
2026-09-30T12:28:54-10:00job:security_camera_frame_grab | [in#0 @ 0x60945b5a9c40] Error opening input: No route t
2026-09-30T12:28:54-10:00job:security_camera_frame_grab | a-eyes: ch4 grab failed
2026-09-30T12:28:55-10:00ENERGY  status=live  B2=8.9%  B1=84.7%  solar=149 W  ac=48 W  usbc=0 W  src=/home/rootrecord/RootRecord-Ecosystem/2 - RootRecord-Database/Energy  LAP=100%/Full/AC
2026-09-30T12:29:10-10:00  ▸  SUMMARY=river2pro soc=84.38% solar=0W ac_out=61W usbc=17W src=ble db=ok
2026-09-30T12:29:10-10:00job:sys_stats_cycle RUN  bash "/home/rootrecord/RootRecord-Ecosystem/1 - Servers/1 - RootRecord-Pacific-Solar-Server/System/scripts/sys-sample.sh"
2026-09-30T12:29:11-10:00job:sys_stats_cycle | SYSTEM  cpu=11%  load=2.94  mem=71%  src=sqlite
2026-09-30T12:29:11-10:00job:sys_stats_cycle | OK wrote /home/rootrecord/RootRecord-Ecosystem/2 - RootRecord-Database/System/samples/sys-20260930-122910.json
2026-09-30T12:29:58-10:00job:github_sync_all | ↑ [ecosystem] committed 6 local file(s)
2026-09-30T12:29:58-10:00job:github_sync_all | ↓ [ecosystem] fetching origin/main
2026-09-30T12:29:58-10:00job:github_sync_all | From github.com:RootRecord-Software-Solutions/RootRecord-Ecosystem
2026-09-30T12:29:58-10:00job:github_sync_all | * branch            main       -> FETCH_HEAD
2026-09-30T12:29:58-10:00job:github_sync_all | ↑ [ecosystem] local is ahead of GitHub
2026-09-30T12:29:58-10:00job:github_sync_all | To github.com:RootRecord-Software-Solutions/RootRecord-Ecosystem.git
2026-09-30T12:29:58-10:00job:github_sync_all | 5bf69ac..109ce53  HEAD -> main
2026-09-30T12:29:58-10:00job:github_sync_all | branch 'main' set up to track 'origin/main'.
2026-09-30T12:29:58-10:00job:github_sync_all | ↑ [ecosystem] 6 files → RootRecord-Software-Solutions/RootRecord-Ecosystem (main)
2026-09-30T12:29:58-10:00job:github_sync_all | ↑ [pacific] committed 5 local file(s)
2026-09-30T12:29:58-10:00job:github_sync_all | ↓ [pacific] fetching origin/main
2026-09-30T12:29:58-10:00job:github_sync_all | From github.com:RootRecord-Software-Solutions/RootRecord-Pacific-Solar-Server
2026-09-30T12:29:58-10:00job:github_sync_all | * branch            main       -> FETCH_HEAD
2026-09-30T12:29:58-10:00job:github_sync_all | ↑ [pacific] local is ahead of GitHub
2026-09-30T12:29:58-10:00job:github_sync_all | To github.com:RootRecord-Software-Solutions/RootRecord-Pacific-Solar-Server.git
2026-09-30T12:29:58-10:00job:github_sync_all | a11e0b3..bfd0f36  HEAD -> main
2026-09-30T12:29:58-10:00job:github_sync_all | branch 'main' set up to track 'origin/main'.
2026-09-30T12:29:58-10:00job:github_sync_all | ↑ [pacific] 5 files → RootRecord-Software-Solutions/RootRecord-Pacific-Solar-Server (main)
2026-09-30T12:29:58-10:00job:github_sync_all | ↑ [database] committed 15 local file(s)
2026-09-30T12:29:58-10:00job:github_sync_all | ↓ [database] fetching origin/main
2026-09-30T12:29:58-10:00job:github_sync_all | From github.com:RootRecord-Software-Solutions/RootRecord-Database
2026-09-30T12:29:58-10:00job:github_sync_all | * branch            main       -> FETCH_HEAD
2026-09-30T12:29:58-10:00job:github_sync_all | ↑ [database] local is ahead of GitHub
2026-09-30T12:29:58-10:00job:github_sync_all | To github.com:RootRecord-Software-Solutions/RootRecord-Database.git
2026-09-30T12:29:58-10:00job:github_sync_all | a97c65c..1489bf6  HEAD -> main
2026-09-30T12:29:58-10:00job:github_sync_all | branch 'main' set up to track 'origin/main'.
2026-09-30T12:29:58-10:00job:github_sync_all | ↑ [database] 15 files → RootRecord-Software-Solutions/RootRecord-Database (main)
2026-09-30T12:29:58-10:00job:github_sync_all | — [library] no local changes
2026-09-30T12:29:58-10:00job:github_sync_all | ↓ [library] fetching origin/main
2026-09-30T12:29:58-10:00job:github_sync_all | From github.com:RootRecord-Software-Solutions/RootRecord-Library
2026-09-30T12:29:58-10:00job:github_sync_all | * branch            main       -> FETCH_HEAD
2026-09-30T12:29:58-10:00job:github_sync_all | — [library] local and GitHub already match
2026-09-30T12:29:58-10:00job:github_sync_all | — [library] nothing to push
2026-09-30T12:29:58-10:00job:github_sync_all | — [skills] no local changes
2026-09-30T12:29:58-10:00job:github_sync_all | ↓ [skills] fetching origin/main
2026-09-30T12:29:58-10:00job:github_sync_all | From github.com:rootrecordsoftwaresolutions/Solar-Pacific-RootRecord-Server
2026-09-30T12:29:58-10:00job:github_sync_all | * branch            main       -> FETCH_HEAD
2026-09-30T12:29:58-10:00job:github_sync_all | — [skills] local and GitHub already match
2026-09-30T12:29:58-10:00job:github_sync_all | — [skills] nothing to push
2026-09-30T12:29:58-10:00job:security_camera_frame_grab RUN  bash "/home/rootrecord/RootRecord-Ecosystem/1 - Servers/1 - RootRecord-Pacific-Solar-Server/Security/Cameras/grab_all.sh"
2026-09-30T12:30:11-10:00job:security_camera_frame_grab | 12:29:58  ✗  a-eyes  ch1 FAILED: [tcp @ 0x59977ada8940] Connection to tcp://192.168.1.33:554?timeout=0 failed: No route to host
2026-09-30T12:30:11-10:00job:security_camera_frame_grab | [in#0 @ 0x59977ada5c40] Error opening input: No route t
2026-09-30T12:30:11-10:00job:security_camera_frame_grab | a-eyes: ch1 grab failed
2026-09-30T12:30:11-10:00job:security_camera_frame_grab | 12:30:02  ✗  a-eyes  ch2 FAILED: [tcp @ 0x586d6e3b6940] Connection to tcp://192.168.1.33:554?timeout=0 failed: No route to host
2026-09-30T12:30:11-10:00job:security_camera_frame_grab | [in#0 @ 0x586d6e3b3c40] Error opening input: No route t
2026-09-30T12:30:11-10:00job:security_camera_frame_grab | a-eyes: ch2 grab failed
2026-09-30T12:30:11-10:00job:security_camera_frame_grab | 12:30:05  ✗  a-eyes  ch3 FAILED: [tcp @ 0x5aea1fc87940] Connection to tcp://192.168.1.33:554?timeout=0 failed: No route to host
2026-09-30T12:30:11-10:00job:security_camera_frame_grab | [in#0 @ 0x5aea1fc84c40] Error opening input: No route t
2026-09-30T12:30:11-10:00job:security_camera_frame_grab | a-eyes: ch3 grab failed
2026-09-30T12:30:11-10:00job:security_camera_frame_grab | 12:30:08  ✗  a-eyes  ch4 FAILED: [tcp @ 0x56776628e940] Connection to tcp://192.168.1.33:554?timeout=0 failed: No route to host
2026-09-30T12:30:11-10:00job:security_camera_frame_grab | [in#0 @ 0x56776628bc40] Error opening input: No route t
2026-09-30T12:30:11-10:00job:security_camera_frame_grab | a-eyes: ch4 grab failed
2026-09-30T12:30:11-10:00job:service_supervisor RUN  bash "/home/rootrecord/RootRecord-Ecosystem/1 - Servers/1 - RootRecord-Pacific-Solar-Server/Automations/scripts/supervise-services.sh"
2026-09-30T12:30:11-10:00job:service_supervisor | [supervisor] weather alive pid=304140 304463 305661 305866 308654 309134 309348 309668 313159 392716 736568 775116 (act)
2026-09-30T12:30:11-10:00job:service_supervisor | [supervisor] relay alive pid=4374 (act)
2026-09-30T12:30:12-10:00ENERGY  status=live  B2=8.9%  B1=84.4%  solar=149 W  ac=61 W  usbc=0 W  src=/home/rootrecord/RootRecord-Ecosystem/2 - RootRecord-Database/Energy  LAP=100%/Full/AC
2026-09-30T12:30:26-10:00  ▸  SUMMARY=delta2 soc=9.94% solar=145W ac_out=— usbc=0W src=ble db=ok
2026-09-30T12:30:26-10:00job:sys_stats_cycle RUN  bash "/home/rootrecord/RootRecord-Ecosystem/1 - Servers/1 - RootRecord-Pacific-Solar-Server/System/scripts/sys-sample.sh"
2026-09-30T12:30:27-10:00job:sys_stats_cycle | SYSTEM  cpu=14%  load=1.61  mem=69%  src=sqlite
2026-09-30T12:30:27-10:00job:sys_stats_cycle | OK wrote /home/rootrecord/RootRecord-Ecosystem/2 - RootRecord-Database/System/samples/sys-20260930-123027.json
2026-09-30T12:31:02-10:00job:github_sync_all | — [ecosystem] no committable local changes
2026-09-30T12:31:02-10:00job:github_sync_all | ↓ [ecosystem] fetching origin/main
2026-09-30T12:31:02-10:00job:github_sync_all | From github.com:RootRecord-Software-Solutions/RootRecord-Ecosystem
2026-09-30T12:31:02-10:00job:github_sync_all | * branch            main       -> FETCH_HEAD
2026-09-30T12:31:02-10:00job:github_sync_all | — [ecosystem] local and GitHub already match
2026-09-30T12:31:02-10:00job:github_sync_all | — [ecosystem] nothing to push
2026-09-30T12:31:02-10:00job:github_sync_all | — [pacific] no local changes
2026-09-30T12:31:02-10:00job:github_sync_all | ↓ [pacific] fetching origin/main
2026-09-30T12:31:02-10:00job:github_sync_all | From github.com:RootRecord-Software-Solutions/RootRecord-Pacific-Solar-Server
2026-09-30T12:31:02-10:00job:github_sync_all | * branch            main       -> FETCH_HEAD
2026-09-30T12:31:02-10:00job:github_sync_all | — [pacific] local and GitHub already match
2026-09-30T12:31:02-10:00job:github_sync_all | — [pacific] nothing to push
2026-09-30T12:31:02-10:00job:github_sync_all | ↑ [database] committed 14 local file(s)
2026-09-30T12:31:02-10:00job:github_sync_all | ↓ [database] fetching origin/main
2026-09-30T12:31:02-10:00job:github_sync_all | From github.com:RootRecord-Software-Solutions/RootRecord-Database
2026-09-30T12:31:02-10:00job:github_sync_all | * branch            main       -> FETCH_HEAD
2026-09-30T12:31:02-10:00job:github_sync_all | ↑ [database] local is ahead of GitHub
2026-09-30T12:31:02-10:00job:github_sync_all | To github.com:RootRecord-Software-Solutions/RootRecord-Database.git
2026-09-30T12:31:02-10:00job:github_sync_all | 1489bf6..644a0bc  HEAD -> main
2026-09-30T12:31:02-10:00job:github_sync_all | branch 'main' set up to track 'origin/main'.
2026-09-30T12:31:02-10:00job:github_sync_all | ↑ [database] 14 files → RootRecord-Software-Solutions/RootRecord-Database (main)
2026-09-30T12:31:02-10:00job:github_sync_all | — [library] no local changes
2026-09-30T12:31:02-10:00job:github_sync_all | ↓ [library] fetching origin/main
2026-09-30T12:31:02-10:00job:github_sync_all | From github.com:RootRecord-Software-Solutions/RootRecord-Library
2026-09-30T12:31:02-10:00job:github_sync_all | * branch            main       -> FETCH_HEAD
2026-09-30T12:31:02-10:00job:github_sync_all | — [library] local and GitHub already match
2026-09-30T12:31:02-10:00job:github_sync_all | — [library] nothing to push
2026-09-30T12:31:02-10:00job:github_sync_all | — [skills] no local changes
2026-09-30T12:31:02-10:00job:github_sync_all | ↓ [skills] fetching origin/main
2026-09-30T12:31:02-10:00job:github_sync_all | From github.com:rootrecordsoftwaresolutions/Solar-Pacific-RootRecord-Server
2026-09-30T12:31:02-10:00job:github_sync_all | * branch            main       -> FETCH_HEAD
2026-09-30T12:31:02-10:00job:github_sync_all | — [skills] local and GitHub already match
2026-09-30T12:31:02-10:00job:github_sync_all | — [skills] nothing to push
2026-09-30T12:31:02-10:00job:worklog_scan RUN  bash "/home/rootrecord/RootRecord-Ecosystem/1 - Servers/1 - RootRecord-Pacific-Solar-Server/Reports/scripts/worklog_once.sh"
2026-09-30T12:31:09-10:00job:worklog_scan | OK wrote/updated /home/rootrecord/RootRecord-Ecosystem/2 - RootRecord-Database/Worklog/worklog_current.md
2026-09-30T12:31:09-10:00job:security_camera_frame_grab RUN  bash "/home/rootrecord/RootRecord-Ecosystem/1 - Servers/1 - RootRecord-Pacific-Solar-Server/Security/Cameras/grab_all.sh"
2026-09-30T12:31:20-10:00job:security_camera_frame_grab | 12:31:09  ✗  a-eyes  ch1 FAILED: [tcp @ 0x5cc6aaeca940] Connection to tcp://192.168.1.33:554?timeout=0 failed: No route to host
2026-09-30T12:31:20-10:00job:security_camera_frame_grab | [in#0 @ 0x5cc6aaec7c40] Error opening input: No route t
2026-09-30T12:31:20-10:00job:security_camera_frame_grab | a-eyes: ch1 grab failed
2026-09-30T12:31:20-10:00job:security_camera_frame_grab | 12:31:12  ✗  a-eyes  ch2 FAILED: [tcp @ 0x60a37ff85940] Connection to tcp://192.168.1.33:554?timeout=0 failed: No route to host
2026-09-30T12:31:20-10:00job:security_camera_frame_grab | [in#0 @ 0x60a37ff82c40] Error opening input: No route t
2026-09-30T12:31:20-10:00job:security_camera_frame_grab | a-eyes: ch2 grab failed
2026-09-30T12:31:20-10:00job:security_camera_frame_grab | 12:31:15  ✗  a-eyes  ch3 FAILED: [tcp @ 0x56d80dbf9940] Connection to tcp://192.168.1.33:554?timeout=0 failed: No route to host
2026-09-30T12:31:20-10:00job:security_camera_frame_grab | [in#0 @ 0x56d80dbf6c40] Error opening input: No route t
2026-09-30T12:31:20-10:00job:security_camera_frame_grab | a-eyes: ch3 grab failed
2026-09-30T12:31:20-10:00job:security_camera_frame_grab | 12:31:18  ✗  a-eyes  ch4 FAILED: [tcp @ 0x5ca909134940] Connection to tcp://192.168.1.33:554?timeout=0 failed: Connection refused
2026-09-30T12:31:20-10:00job:security_camera_frame_grab | [in#0 @ 0x5ca909131c40] Error opening input: Connecti
2026-09-30T12:31:20-10:00job:security_camera_frame_grab | a-eyes: ch4 grab failed
2026-09-30T12:31:21-10:00ENERGY  status=live  B2=9.9%  B1=84.4%  solar=145 W  ac=61 W  usbc=0 W  src=/home/rootrecord/RootRecord-Ecosystem/2 - RootRecord-Database/Energy  LAP=100%/Full/AC
2026-09-30T12:31:36-10:00  ▸  SUMMARY=delta2 soc=10.14% solar=146W ac_out=— usbc=69W src=ble db=ok
2026-09-30T12:31:36-10:00job:sys_stats_cycle RUN  bash "/home/rootrecord/RootRecord-Ecosystem/1 - Servers/1 - RootRecord-Pacific-Solar-Server/System/scripts/sys-sample.sh"
2026-09-30T12:31:37-10:00job:sys_stats_cycle | SYSTEM  cpu=5%  load=1.12  mem=68%  src=sqlite
2026-09-30T12:31:37-10:00job:sys_stats_cycle | OK wrote /home/rootrecord/RootRecord-Ecosystem/2 - RootRecord-Database/System/samples/sys-20260930-123136.json
2026-09-30T12:32:10-10:00job:github_sync_all | — [ecosystem] no committable local changes
2026-09-30T12:32:10-10:00job:github_sync_all | ↓ [ecosystem] fetching origin/main
2026-09-30T12:32:10-10:00job:github_sync_all | From github.com:RootRecord-Software-Solutions/RootRecord-Ecosystem
2026-09-30T12:32:10-10:00job:github_sync_all | * branch            main       -> FETCH_HEAD
2026-09-30T12:32:10-10:00job:github_sync_all | — [ecosystem] local and GitHub already match
2026-09-30T12:32:10-10:00job:github_sync_all | — [ecosystem] nothing to push
2026-09-30T12:32:10-10:00job:github_sync_all | — [pacific] no local changes
2026-09-30T12:32:10-10:00job:github_sync_all | ↓ [pacific] fetching origin/main
2026-09-30T12:32:10-10:00job:github_sync_all | From github.com:RootRecord-Software-Solutions/RootRecord-Pacific-Solar-Server
2026-09-30T12:32:10-10:00job:github_sync_all | * branch            main       -> FETCH_HEAD
2026-09-30T12:32:10-10:00job:github_sync_all | — [pacific] local and GitHub already match
2026-09-30T12:32:10-10:00job:github_sync_all | — [pacific] nothing to push
2026-09-30T12:32:10-10:00job:github_sync_all | ↑ [database] committed 16 local file(s)
2026-09-30T12:32:10-10:00job:github_sync_all | ↓ [database] fetching origin/main
2026-09-30T12:32:10-10:00job:github_sync_all | From github.com:RootRecord-Software-Solutions/RootRecord-Database
2026-09-30T12:32:10-10:00job:github_sync_all | * branch            main       -> FETCH_HEAD
2026-09-30T12:32:10-10:00job:github_sync_all | ↑ [database] local is ahead of GitHub
2026-09-30T12:32:10-10:00job:github_sync_all | To github.com:RootRecord-Software-Solutions/RootRecord-Database.git
2026-09-30T12:32:10-10:00job:github_sync_all | 644a0bc..2faf2bf  HEAD -> main
2026-09-30T12:32:10-10:00job:github_sync_all | branch 'main' set up to track 'origin/main'.
2026-09-30T12:32:10-10:00job:github_sync_all | ↑ [database] 16 files → RootRecord-Software-Solutions/RootRecord-Database (main)
2026-09-30T12:32:10-10:00job:github_sync_all | — [library] no local changes
2026-09-30T12:32:10-10:00job:github_sync_all | ↓ [library] fetching origin/main
2026-09-30T12:32:10-10:00job:github_sync_all | From github.com:RootRecord-Software-Solutions/RootRecord-Library
2026-09-30T12:32:10-10:00job:github_sync_all | * branch            main       -> FETCH_HEAD
2026-09-30T12:32:10-10:00job:github_sync_all | — [library] local and GitHub already match
2026-09-30T12:32:10-10:00job:github_sync_all | — [library] nothing to push
2026-09-30T12:32:10-10:00job:github_sync_all | — [skills] no local changes
2026-09-30T12:32:10-10:00job:github_sync_all | ↓ [skills] fetching origin/main
2026-09-30T12:32:10-10:00job:github_sync_all | From github.com:rootrecordsoftwaresolutions/Solar-Pacific-RootRecord-Server
2026-09-30T12:32:10-10:00job:github_sync_all | * branch            main       -> FETCH_HEAD
2026-09-30T12:32:10-10:00job:github_sync_all | — [skills] local and GitHub already match
2026-09-30T12:32:10-10:00job:github_sync_all | — [skills] nothing to push
2026-09-30T12:32:10-10:00job:security_camera_frame_grab RUN  bash "/home/rootrecord/RootRecord-Ecosystem/1 - Servers/1 - RootRecord-Pacific-Solar-Server/Security/Cameras/grab_all.sh"
2026-09-30T12:32:19-10:00job:security_camera_frame_grab | 12:32:10  📷  a-eyes  ch1 → ch1-20260930T223210Z.jpg  (359.6 KB, 2.88s)
2026-09-30T12:32:19-10:00job:security_camera_frame_grab | 12:32:13  📷  a-eyes  ch2 → ch2-20260930T223213Z.jpg  (11.7 KB, 1.61s)
2026-09-30T12:32:19-10:00job:security_camera_frame_grab | 12:32:14  📷  a-eyes  ch3 → ch3-20260930T223214Z.jpg  (307.3 KB, 2.85s)
2026-09-30T12:32:19-10:00job:security_camera_frame_grab | 12:32:17  📷  a-eyes  ch4 → ch4-20260930T223217Z.jpg  (11.6 KB, 1.50s)
2026-09-30T12:32:34-10:00  ▸  SUMMARY=river2pro soc=83.74% solar=0W ac_out=94W usbc=56W src=ble db=ok
2026-09-30T12:32:34-10:00job:sys_stats_cycle RUN  bash "/home/rootrecord/RootRecord-Ecosystem/1 - Servers/1 - RootRecord-Pacific-Solar-Server/System/scripts/sys-sample.sh"
2026-09-30T12:32:35-10:00job:sys_stats_cycle | SYSTEM  cpu=17%  load=1.52  mem=76%  src=sqlite
2026-09-30T12:32:35-10:00job:sys_stats_cycle | OK wrote /home/rootrecord/RootRecord-Ecosystem/2 - RootRecord-Database/System/samples/sys-20260930-123234.json
2026-09-30T12:33:10-10:00job:github_sync_all | — [ecosystem] no committable local changes
2026-09-30T12:33:10-10:00job:github_sync_all | ↓ [ecosystem] fetching origin/main
2026-09-30T12:33:10-10:00job:github_sync_all | From github.com:RootRecord-Software-Solutions/RootRecord-Ecosystem
2026-09-30T12:33:10-10:00job:github_sync_all | * branch            main       -> FETCH_HEAD
2026-09-30T12:33:10-10:00job:github_sync_all | — [ecosystem] local and GitHub already match
2026-09-30T12:33:10-10:00job:github_sync_all | — [ecosystem] nothing to push
2026-09-30T12:33:10-10:00job:github_sync_all | — [pacific] no local changes
2026-09-30T12:33:10-10:00job:github_sync_all | ↓ [pacific] fetching origin/main
2026-09-30T12:33:10-10:00job:github_sync_all | From github.com:RootRecord-Software-Solutions/RootRecord-Pacific-Solar-Server
2026-09-30T12:33:10-10:00job:github_sync_all | * branch            main       -> FETCH_HEAD
2026-09-30T12:33:10-10:00job:github_sync_all | — [pacific] local and GitHub already match
2026-09-30T12:33:10-10:00job:github_sync_all | — [pacific] nothing to push
2026-09-30T12:33:10-10:00job:github_sync_all | ↑ [database] committed 12 local file(s)
2026-09-30T12:33:10-10:00job:github_sync_all | ↓ [database] fetching origin/main
2026-09-30T12:33:10-10:00job:github_sync_all | From github.com:RootRecord-Software-Solutions/RootRecord-Database
2026-09-30T12:33:10-10:00job:github_sync_all | * branch            main       -> FETCH_HEAD
2026-09-30T12:33:10-10:00job:github_sync_all | ↑ [database] local is ahead of GitHub
2026-09-30T12:33:10-10:00job:github_sync_all | To github.com:RootRecord-Software-Solutions/RootRecord-Database.git
2026-09-30T12:33:10-10:00job:github_sync_all | 2faf2bf..393d265  HEAD -> main
2026-09-30T12:33:10-10:00job:github_sync_all | branch 'main' set up to track 'origin/main'.
2026-09-30T12:33:10-10:00job:github_sync_all | ↑ [database] 12 files → RootRecord-Software-Solutions/RootRecord-Database (main)
2026-09-30T12:33:10-10:00job:github_sync_all | — [library] no local changes
2026-09-30T12:33:10-10:00job:github_sync_all | ↓ [library] fetching origin/main
2026-09-30T12:33:10-10:00job:github_sync_all | From github.com:RootRecord-Software-Solutions/RootRecord-Library
2026-09-30T12:33:10-10:00job:github_sync_all | * branch            main       -> FETCH_HEAD
2026-09-30T12:33:10-10:00job:github_sync_all | — [library] local and GitHub already match
2026-09-30T12:33:10-10:00job:github_sync_all | — [library] nothing to push
2026-09-30T12:33:10-10:00job:github_sync_all | — [skills] no local changes
2026-09-30T12:33:10-10:00job:github_sync_all | ↓ [skills] fetching origin/main
2026-09-30T12:33:10-10:00job:github_sync_all | From github.com:rootrecordsoftwaresolutions/Solar-Pacific-RootRecord-Server
2026-09-30T12:33:10-10:00job:github_sync_all | * branch            main       -> FETCH_HEAD
2026-09-30T12:33:10-10:00job:github_sync_all | — [skills] local and GitHub already match
2026-09-30T12:33:10-10:00job:github_sync_all | — [skills] nothing to push
2026-09-30T12:33:10-10:00job:worklog_scan RUN  bash "/home/rootrecord/RootRecord-Ecosystem/1 - Servers/1 - RootRecord-Pacific-Solar-Server/Reports/scripts/worklog_once.sh"
2026-09-30T12:33:15-10:00job:worklog_scan | OK wrote/updated /home/rootrecord/RootRecord-Ecosystem/2 - RootRecord-Database/Worklog/worklog_current.md
2026-09-30T12:33:15-10:00job:security_camera_frame_grab RUN  bash "/home/rootrecord/RootRecord-Ecosystem/1 - Servers/1 - RootRecord-Pacific-Solar-Server/Security/Cameras/grab_all.sh"
2026-09-30T12:33:30-10:00job:security_camera_frame_grab | 12:33:15  📷  a-eyes  ch1 → ch1-20260930T223315Z.jpg  (450.4 KB, 4.49s)
2026-09-30T12:33:30-10:00job:security_camera_frame_grab | 12:33:19  📷  a-eyes  ch2 → ch2-20260930T223319Z.jpg  (228.3 KB, 4.38s)
2026-09-30T12:33:30-10:00job:security_camera_frame_grab | 12:33:24  📷  a-eyes  ch3 → ch3-20260930T223324Z.jpg  (361.7 KB, 4.28s)
2026-09-30T12:33:30-10:00job:security_camera_frame_grab | 12:33:28  📷  a-eyes  ch4 → ch4-20260930T223328Z.jpg  (11.6 KB, 1.47s)
2026-09-30T12:33:30-10:00ENERGY  status=live  B2=10.1%  B1=83.7%  solar=146 W  ac=94 W  usbc=69 W  src=/home/rootrecord/RootRecord-Ecosystem/2 - RootRecord-Database/Energy  LAP=100%/Full/AC
2026-09-30T12:33:45-10:00  ▸  SUMMARY=delta2 soc=10.34% solar=141W ac_out=— usbc=71W src=ble db=ok
2026-09-30T12:33:45-10:00job:sys_stats_cycle RUN  bash "/home/rootrecord/RootRecord-Ecosystem/1 - Servers/1 - RootRecord-Pacific-Solar-Server/System/scripts/sys-sample.sh"
2026-09-30T12:33:46-10:00job:sys_stats_cycle | SYSTEM  cpu=9%  load=1.05  mem=69%  src=sqlite
2026-09-30T12:33:46-10:00job:sys_stats_cycle | OK wrote /home/rootrecord/RootRecord-Ecosystem/2 - RootRecord-Database/System/samples/sys-20260930-123345.json
2026-09-30T12:34:22-10:00job:github_sync_all | — [ecosystem] no committable local changes
2026-09-30T12:34:22-10:00job:github_sync_all | ↓ [ecosystem] fetching origin/main
2026-09-30T12:34:22-10:00job:github_sync_all | From github.com:RootRecord-Software-Solutions/RootRecord-Ecosystem
2026-09-30T12:34:22-10:00job:github_sync_all | * branch            main       -> FETCH_HEAD
2026-09-30T12:34:22-10:00job:github_sync_all | — [ecosystem] local and GitHub already match
2026-09-30T12:34:22-10:00job:github_sync_all | — [ecosystem] nothing to push
2026-09-30T12:34:22-10:00job:github_sync_all | — [pacific] no local changes
2026-09-30T12:34:22-10:00job:github_sync_all | ↓ [pacific] fetching origin/main
2026-09-30T12:34:22-10:00job:github_sync_all | From github.com:RootRecord-Software-Solutions/RootRecord-Pacific-Solar-Server
2026-09-30T12:34:22-10:00job:github_sync_all | * branch            main       -> FETCH_HEAD
2026-09-30T12:34:22-10:00job:github_sync_all | — [pacific] local and GitHub already match
2026-09-30T12:34:22-10:00job:github_sync_all | — [pacific] nothing to push
2026-09-30T12:34:22-10:00job:github_sync_all | ↑ [database] committed 16 local file(s)
2026-09-30T12:34:22-10:00job:github_sync_all | ↓ [database] fetching origin/main
2026-09-30T12:34:22-10:00job:github_sync_all | From github.com:RootRecord-Software-Solutions/RootRecord-Database
2026-09-30T12:34:22-10:00job:github_sync_all | * branch            main       -> FETCH_HEAD
2026-09-30T12:34:22-10:00job:github_sync_all | ↑ [database] local is ahead of GitHub
2026-09-30T12:34:22-10:00job:github_sync_all | To github.com:RootRecord-Software-Solutions/RootRecord-Database.git
2026-09-30T12:34:22-10:00job:github_sync_all | 393d265..22d6c4d  HEAD -> main
2026-09-30T12:34:22-10:00job:github_sync_all | branch 'main' set up to track 'origin/main'.
2026-09-30T12:34:22-10:00job:github_sync_all | ↑ [database] 16 files → RootRecord-Software-Solutions/RootRecord-Database (main)
2026-09-30T12:34:22-10:00job:github_sync_all | — [library] no local changes
2026-09-30T12:34:22-10:00job:github_sync_all | ↓ [library] fetching origin/main
2026-09-30T12:34:22-10:00job:github_sync_all | From github.com:RootRecord-Software-Solutions/RootRecord-Library
2026-09-30T12:34:22-10:00job:github_sync_all | * branch            main       -> FETCH_HEAD
2026-09-30T12:34:22-10:00job:github_sync_all | — [library] local and GitHub already match
2026-09-30T12:34:22-10:00job:github_sync_all | — [library] nothing to push
2026-09-30T12:34:22-10:00job:github_sync_all | — [skills] no local changes
2026-09-30T12:34:22-10:00job:github_sync_all | ↓ [skills] fetching origin/main
2026-09-30T12:34:22-10:00job:github_sync_all | From github.com:rootrecordsoftwaresolutions/Solar-Pacific-RootRecord-Server
2026-09-30T12:34:22-10:00job:github_sync_all | * branch            main       -> FETCH_HEAD
2026-09-30T12:34:22-10:00job:github_sync_all | — [skills] local and GitHub already match
2026-09-30T12:34:22-10:00job:github_sync_all | — [skills] nothing to push
2026-09-30T12:34:22-10:00job:security_camera_frame_grab RUN  bash "/home/rootrecord/RootRecord-Ecosystem/1 - Servers/1 - RootRecord-Pacific-Solar-Server/Security/Cameras/grab_all.sh"
2026-09-30T12:34:37-10:00job:security_camera_frame_grab | 12:34:22  📷  a-eyes  ch1 → ch1-20260930T223422Z.jpg  (464.0 KB, 4.33s)
2026-09-30T12:34:37-10:00job:security_camera_frame_grab | 12:34:26  📷  a-eyes  ch2 → ch2-20260930T223426Z.jpg  (251.0 KB, 4.52s)
2026-09-30T12:34:37-10:00job:security_camera_frame_grab | 12:34:31  📷  a-eyes  ch3 → ch3-20260930T223431Z.jpg  (405.0 KB, 4.37s)
2026-09-30T12:34:37-10:00job:security_camera_frame_grab | 12:34:35  📷  a-eyes  ch4 → ch4-20260930T223435Z.jpg  (11.6 KB, 1.60s)
2026-09-30T12:34:37-10:00ENERGY  status=live  B2=10.3%  B1=83.7%  solar=141 W  ac=94 W  usbc=71 W  src=/home/rootrecord/RootRecord-Ecosystem/2 - RootRecord-Database/Energy  LAP=100%/Full/AC
2026-09-30T12:34:53-10:00  ▸  SUMMARY=river2pro soc=83.38% solar=0W ac_out=83W usbc=56W src=ble db=ok
2026-09-30T12:34:53-10:00job:sys_stats_cycle RUN  bash "/home/rootrecord/RootRecord-Ecosystem/1 - Servers/1 - RootRecord-Pacific-Solar-Server/System/scripts/sys-sample.sh"
2026-09-30T12:34:54-10:00job:sys_stats_cycle | SYSTEM  cpu=10%  load=0.66  mem=69%  src=sqlite
2026-09-30T12:34:54-10:00job:sys_stats_cycle | OK wrote /home/rootrecord/RootRecord-Ecosystem/2 - RootRecord-Database/System/samples/sys-20260930-123453.json
2026-09-30T12:35:27-10:00job:github_sync_all | — [ecosystem] no committable local changes
2026-09-30T12:35:27-10:00job:github_sync_all | ↓ [ecosystem] fetching origin/main
2026-09-30T12:35:27-10:00job:github_sync_all | From github.com:RootRecord-Software-Solutions/RootRecord-Ecosystem
2026-09-30T12:35:27-10:00job:github_sync_all | * branch            main       -> FETCH_HEAD
2026-09-30T12:35:27-10:00job:github_sync_all | — [ecosystem] local and GitHub already match
2026-09-30T12:35:27-10:00job:github_sync_all | — [ecosystem] nothing to push
2026-09-30T12:35:27-10:00job:github_sync_all | — [pacific] no local changes
2026-09-30T12:35:27-10:00job:github_sync_all | ↓ [pacific] fetching origin/main
2026-09-30T12:35:27-10:00job:github_sync_all | From github.com:RootRecord-Software-Solutions/RootRecord-Pacific-Solar-Server
2026-09-30T12:35:27-10:00job:github_sync_all | * branch            main       -> FETCH_HEAD
2026-09-30T12:35:27-10:00job:github_sync_all | — [pacific] local and GitHub already match
2026-09-30T12:35:27-10:00job:github_sync_all | — [pacific] nothing to push
2026-09-30T12:35:27-10:00job:github_sync_all | ↑ [database] committed 12 local file(s)
2026-09-30T12:35:27-10:00job:github_sync_all | ↓ [database] fetching origin/main
2026-09-30T12:35:27-10:00job:github_sync_all | From github.com:RootRecord-Software-Solutions/RootRecord-Database
2026-09-30T12:35:27-10:00job:github_sync_all | * branch            main       -> FETCH_HEAD
2026-09-30T12:35:27-10:00job:github_sync_all | ↑ [database] local is ahead of GitHub
2026-09-30T12:35:27-10:00job:github_sync_all | To github.com:RootRecord-Software-Solutions/RootRecord-Database.git
2026-09-30T12:35:27-10:00job:github_sync_all | 22d6c4d..19cbd7d  HEAD -> main
2026-09-30T12:35:27-10:00job:github_sync_all | branch 'main' set up to track 'origin/main'.
2026-09-30T12:35:27-10:00job:github_sync_all | ↑ [database] 12 files → RootRecord-Software-Solutions/RootRecord-Database (main)
2026-09-30T12:35:27-10:00job:github_sync_all | — [library] no local changes
2026-09-30T12:35:27-10:00job:github_sync_all | ↓ [library] fetching origin/main
2026-09-30T12:35:27-10:00job:github_sync_all | From github.com:RootRecord-Software-Solutions/RootRecord-Library
2026-09-30T12:35:27-10:00job:github_sync_all | * branch            main       -> FETCH_HEAD
2026-09-30T12:35:27-10:00job:github_sync_all | — [library] local and GitHub already match
2026-09-30T12:35:27-10:00job:github_sync_all | — [library] nothing to push
2026-09-30T12:35:27-10:00job:github_sync_all | — [skills] no local changes
2026-09-30T12:35:27-10:00job:github_sync_all | ↓ [skills] fetching origin/main
2026-09-30T12:35:27-10:00job:github_sync_all | From github.com:rootrecordsoftwaresolutions/Solar-Pacific-RootRecord-Server
2026-09-30T12:35:27-10:00job:github_sync_all | * branch            main       -> FETCH_HEAD
2026-09-30T12:35:27-10:00job:github_sync_all | — [skills] local and GitHub already match
2026-09-30T12:35:27-10:00job:github_sync_all | — [skills] nothing to push
2026-09-30T12:35:27-10:00job:worklog_scan RUN  bash "/home/rootrecord/RootRecord-Ecosystem/1 - Servers/1 - RootRecord-Pacific-Solar-Server/Reports/scripts/worklog_once.sh"
2026-09-30T12:35:32-10:00job:worklog_scan | OK wrote/updated /home/rootrecord/RootRecord-Ecosystem/2 - RootRecord-Database/Worklog/worklog_current.md
2026-09-30T12:35:32-10:00job:security_camera_frame_grab RUN  bash "/home/rootrecord/RootRecord-Ecosystem/1 - Servers/1 - RootRecord-Pacific-Solar-Server/Security/Cameras/grab_all.sh"
2026-09-30T12:35:47-10:00job:security_camera_frame_grab | 12:35:32  📷  a-eyes  ch1 → ch1-20260930T223532Z.jpg  (470.1 KB, 4.59s)
2026-09-30T12:35:47-10:00job:security_camera_frame_grab | 12:35:37  📷  a-eyes  ch2 → ch2-20260930T223537Z.jpg  (242.9 KB, 4.37s)
2026-09-30T12:35:47-10:00job:security_camera_frame_grab | 12:35:41  📷  a-eyes  ch3 → ch3-20260930T223541Z.jpg  (357.8 KB, 4.37s)
2026-09-30T12:35:47-10:00job:security_camera_frame_grab | 12:35:46  📷  a-eyes  ch4 → ch4-20260930T223546Z.jpg  (11.7 KB, 1.86s)
2026-09-30T12:35:47-10:00job:service_supervisor RUN  bash "/home/rootrecord/RootRecord-Ecosystem/1 - Servers/1 - RootRecord-Pacific-Solar-Server/Automations/scripts/supervise-services.sh"
2026-09-30T12:35:48-10:00job:service_supervisor | [supervisor] weather alive pid=304140 304463 305661 305866 308654 309134 309348 309668 313159 392716 736568 775116 (act)
2026-09-30T12:35:48-10:00job:service_supervisor | [supervisor] relay alive pid=4374 (act)
2026-09-30T12:35:48-10:00ENERGY  status=live  B2=10.3%  B1=83.4%  solar=141 W  ac=83 W  usbc=71 W  src=/home/rootrecord/RootRecord-Ecosystem/2 - RootRecord-Database/Energy  LAP=100%/Full/AC
2026-09-30T12:36:03-10:00  ▸  SUMMARY=river2pro soc=83.2% solar=0W ac_out=83W usbc=56W src=ble db=ok
2026-09-30T12:36:03-10:00job:sys_stats_cycle RUN  bash "/home/rootrecord/RootRecord-Ecosystem/1 - Servers/1 - RootRecord-Pacific-Solar-Server/System/scripts/sys-sample.sh"
2026-09-30T12:36:04-10:00job:sys_stats_cycle | SYSTEM  cpu=9%  load=1.22  mem=72%  src=sqlite
2026-09-30T12:36:04-10:00job:sys_stats_cycle | OK wrote /home/rootrecord/RootRecord-Ecosystem/2 - RootRecord-Database/System/samples/sys-20260930-123603.json
2026-09-30T12:36:38-10:00job:github_sync_all | — [ecosystem] no committable local changes
2026-09-30T12:36:38-10:00job:github_sync_all | ↓ [ecosystem] fetching origin/main
2026-09-30T12:36:38-10:00job:github_sync_all | From github.com:RootRecord-Software-Solutions/RootRecord-Ecosystem
2026-09-30T12:36:38-10:00job:github_sync_all | * branch            main       -> FETCH_HEAD
2026-09-30T12:36:38-10:00job:github_sync_all | — [ecosystem] local and GitHub already match
2026-09-30T12:36:38-10:00job:github_sync_all | — [ecosystem] nothing to push
2026-09-30T12:36:38-10:00job:github_sync_all | — [pacific] no local changes
2026-09-30T12:36:38-10:00job:github_sync_all | ↓ [pacific] fetching origin/main
2026-09-30T12:36:38-10:00job:github_sync_all | From github.com:RootRecord-Software-Solutions/RootRecord-Pacific-Solar-Server
2026-09-30T12:36:38-10:00job:github_sync_all | * branch            main       -> FETCH_HEAD
2026-09-30T12:36:38-10:00job:github_sync_all | — [pacific] local and GitHub already match
2026-09-30T12:36:38-10:00job:github_sync_all | — [pacific] nothing to push
2026-09-30T12:36:38-10:00job:github_sync_all | ↑ [database] committed 17 local file(s)
2026-09-30T12:36:38-10:00job:github_sync_all | ↓ [database] fetching origin/main
2026-09-30T12:36:38-10:00job:github_sync_all | From github.com:RootRecord-Software-Solutions/RootRecord-Database
2026-09-30T12:36:38-10:00job:github_sync_all | * branch            main       -> FETCH_HEAD
2026-09-30T12:36:38-10:00job:github_sync_all | ↑ [database] local is ahead of GitHub
2026-09-30T12:36:38-10:00job:github_sync_all | To github.com:RootRecord-Software-Solutions/RootRecord-Database.git
2026-09-30T12:36:38-10:00job:github_sync_all | 19cbd7d..b3a7e3d  HEAD -> main
2026-09-30T12:36:38-10:00job:github_sync_all | branch 'main' set up to track 'origin/main'.
2026-09-30T12:36:38-10:00job:github_sync_all | ↑ [database] 17 files → RootRecord-Software-Solutions/RootRecord-Database (main)
2026-09-30T12:36:38-10:00job:github_sync_all | — [library] no local changes
2026-09-30T12:36:38-10:00job:github_sync_all | ↓ [library] fetching origin/main
2026-09-30T12:36:38-10:00job:github_sync_all | From github.com:RootRecord-Software-Solutions/RootRecord-Library
2026-09-30T12:36:38-10:00job:github_sync_all | * branch            main       -> FETCH_HEAD
2026-09-30T12:36:38-10:00job:github_sync_all | — [library] local and GitHub already match
2026-09-30T12:36:38-10:00job:github_sync_all | — [library] nothing to push
2026-09-30T12:36:38-10:00job:github_sync_all | — [skills] no local changes
2026-09-30T12:36:38-10:00job:github_sync_all | ↓ [skills] fetching origin/main
2026-09-30T12:36:38-10:00job:github_sync_all | From github.com:rootrecordsoftwaresolutions/Solar-Pacific-RootRecord-Server
2026-09-30T12:36:38-10:00job:github_sync_all | * branch            main       -> FETCH_HEAD
2026-09-30T12:36:38-10:00job:github_sync_all | — [skills] local and GitHub already match
2026-09-30T12:36:38-10:00job:github_sync_all | — [skills] nothing to push
2026-09-30T12:36:38-10:00job:security_camera_frame_grab RUN  bash "/home/rootrecord/RootRecord-Ecosystem/1 - Servers/1 - RootRecord-Pacific-Solar-Server/Security/Cameras/grab_all.sh"
2026-09-30T12:36:53-10:00job:security_camera_frame_grab | 12:36:38  📷  a-eyes  ch1 → ch1-20260930T223638Z.jpg  (451.6 KB, 4.42s)
2026-09-30T12:36:53-10:00job:security_camera_frame_grab | 12:36:42  📷  a-eyes  ch2 → ch2-20260930T223642Z.jpg  (237.1 KB, 4.57s)
2026-09-30T12:36:53-10:00job:security_camera_frame_grab | 12:36:47  📷  a-eyes  ch3 → ch3-20260930T223647Z.jpg  (387.9 KB, 4.49s)
2026-09-30T12:36:53-10:00job:security_camera_frame_grab | 12:36:51  📷  a-eyes  ch4 → ch4-20260930T223651Z.jpg  (11.6 KB, 1.58s)
2026-09-30T12:36:53-10:00ENERGY  status=live  B2=10.3%  B1=83.2%  solar=141 W  ac=83 W  usbc=71 W  src=/home/rootrecord/RootRecord-Ecosystem/2 - RootRecord-Database/Energy  LAP=100%/Full/AC
2026-09-30T12:37:08-10:00  ▸  SUMMARY=delta2 soc=10.75% solar=135W ac_out=— usbc=72W src=ble db=ok
2026-09-30T12:37:08-10:00job:sys_stats_cycle RUN  bash "/home/rootrecord/RootRecord-Ecosystem/1 - Servers/1 - RootRecord-Pacific-Solar-Server/System/scripts/sys-sample.sh"
2026-09-30T12:37:09-10:00job:sys_stats_cycle | SYSTEM  cpu=13%  load=1.04  mem=70%  src=sqlite
2026-09-30T12:37:09-10:00job:sys_stats_cycle | OK wrote /home/rootrecord/RootRecord-Ecosystem/2 - RootRecord-Database/System/samples/sys-20260930-123709.json
2026-09-30T12:37:43-10:00job:github_sync_all | — [ecosystem] no committable local changes
2026-09-30T12:37:43-10:00job:github_sync_all | ↓ [ecosystem] fetching origin/main
2026-09-30T12:37:43-10:00job:github_sync_all | From github.com:RootRecord-Software-Solutions/RootRecord-Ecosystem
2026-09-30T12:37:43-10:00job:github_sync_all | * branch            main       -> FETCH_HEAD
2026-09-30T12:37:43-10:00job:github_sync_all | — [ecosystem] local and GitHub already match
2026-09-30T12:37:43-10:00job:github_sync_all | — [ecosystem] nothing to push
2026-09-30T12:37:43-10:00job:github_sync_all | — [pacific] no local changes
2026-09-30T12:37:43-10:00job:github_sync_all | ↓ [pacific] fetching origin/main
2026-09-30T12:37:43-10:00job:github_sync_all | From github.com:RootRecord-Software-Solutions/RootRecord-Pacific-Solar-Server
2026-09-30T12:37:43-10:00job:github_sync_all | * branch            main       -> FETCH_HEAD
2026-09-30T12:37:43-10:00job:github_sync_all | — [pacific] local and GitHub already match
2026-09-30T12:37:43-10:00job:github_sync_all | — [pacific] nothing to push
2026-09-30T12:37:43-10:00job:github_sync_all | ↑ [database] committed 12 local file(s)
2026-09-30T12:37:43-10:00job:github_sync_all | ↓ [database] fetching origin/main
2026-09-30T12:37:43-10:00job:github_sync_all | From github.com:RootRecord-Software-Solutions/RootRecord-Database
2026-09-30T12:37:43-10:00job:github_sync_all | * branch            main       -> FETCH_HEAD
2026-09-30T12:37:43-10:00job:github_sync_all | ↑ [database] local is ahead of GitHub
2026-09-30T12:37:43-10:00job:github_sync_all | To github.com:RootRecord-Software-Solutions/RootRecord-Database.git
2026-09-30T12:37:43-10:00job:github_sync_all | b3a7e3d..326b0b7  HEAD -> main
2026-09-30T12:37:43-10:00job:github_sync_all | branch 'main' set up to track 'origin/main'.
2026-09-30T12:37:43-10:00job:github_sync_all | ↑ [database] 12 files → RootRecord-Software-Solutions/RootRecord-Database (main)
2026-09-30T12:37:43-10:00job:github_sync_all | — [library] no local changes
2026-09-30T12:37:43-10:00job:github_sync_all | ↓ [library] fetching origin/main
2026-09-30T12:37:43-10:00job:github_sync_all | From github.com:RootRecord-Software-Solutions/RootRecord-Library
2026-09-30T12:37:43-10:00job:github_sync_all | * branch            main       -> FETCH_HEAD
2026-09-30T12:37:43-10:00job:github_sync_all | — [library] local and GitHub already match
2026-09-30T12:37:43-10:00job:github_sync_all | — [library] nothing to push
2026-09-30T12:37:43-10:00job:github_sync_all | — [skills] no local changes
2026-09-30T12:37:43-10:00job:github_sync_all | ↓ [skills] fetching origin/main
2026-09-30T12:37:43-10:00job:github_sync_all | From github.com:rootrecordsoftwaresolutions/Solar-Pacific-RootRecord-Server
2026-09-30T12:37:43-10:00job:github_sync_all | * branch            main       -> FETCH_HEAD
2026-09-30T12:37:43-10:00job:github_sync_all | — [skills] local and GitHub already match
2026-09-30T12:37:43-10:00job:github_sync_all | — [skills] nothing to push
2026-09-30T12:37:43-10:00job:worklog_scan RUN  bash "/home/rootrecord/RootRecord-Ecosystem/1 - Servers/1 - RootRecord-Pacific-Solar-Server/Reports/scripts/worklog_once.sh"
2026-09-30T12:37:47-10:00job:worklog_scan | OK wrote/updated /home/rootrecord/RootRecord-Ecosystem/2 - RootRecord-Database/Worklog/worklog_current.md
2026-09-30T12:37:47-10:00job:security_camera_frame_grab RUN  bash "/home/rootrecord/RootRecord-Ecosystem/1 - Servers/1 - RootRecord-Pacific-Solar-Server/Security/Cameras/grab_all.sh"
2026-09-30T12:38:02-10:00job:security_camera_frame_grab | 12:37:47  📷  a-eyes  ch1 → ch1-20260930T223747Z.jpg  (432.4 KB, 4.38s)
2026-09-30T12:38:02-10:00job:security_camera_frame_grab | 12:37:52  📷  a-eyes  ch2 → ch2-20260930T223752Z.jpg  (272.9 KB, 4.31s)
2026-09-30T12:38:02-10:00job:security_camera_frame_grab | 12:37:56  📷  a-eyes  ch3 → ch3-20260930T223756Z.jpg  (413.5 KB, 4.34s)
2026-09-30T12:38:02-10:00job:security_camera_frame_grab | 12:38:00  📷  a-eyes  ch4 → ch4-20260930T223800Z.jpg  (11.6 KB, 1.44s)
2026-09-30T12:38:02-10:00ENERGY  status=live  B2=10.8%  B1=83.2%  solar=135 W  ac=83 W  usbc=72 W  src=/home/rootrecord/RootRecord-Ecosystem/2 - RootRecord-Database/Energy  LAP=100%/Full/AC
2026-09-30T12:38:17-10:00  ▸  SUMMARY=delta2 soc=10.85% solar=134W ac_out=— usbc=74W src=ble db=ok
2026-09-30T12:38:17-10:00job:sys_stats_cycle RUN  bash "/home/rootrecord/RootRecord-Ecosystem/1 - Servers/1 - RootRecord-Pacific-Solar-Server/System/scripts/sys-sample.sh"
2026-09-30T12:38:18-10:00job:sys_stats_cycle | SYSTEM  cpu=7%  load=1.26  mem=71%  src=sqlite
2026-09-30T12:38:18-10:00job:sys_stats_cycle | OK wrote /home/rootrecord/RootRecord-Ecosystem/2 - RootRecord-Database/System/samples/sys-20260930-123818.json
2026-09-30T12:38:52-10:00job:github_sync_all | — [ecosystem] no committable local changes
2026-09-30T12:38:52-10:00job:github_sync_all | ↓ [ecosystem] fetching origin/main
2026-09-30T12:38:52-10:00job:github_sync_all | From github.com:RootRecord-Software-Solutions/RootRecord-Ecosystem
2026-09-30T12:38:52-10:00job:github_sync_all | * branch            main       -> FETCH_HEAD
2026-09-30T12:38:52-10:00job:github_sync_all | — [ecosystem] local and GitHub already match
2026-09-30T12:38:52-10:00job:github_sync_all | — [ecosystem] nothing to push
2026-09-30T12:38:52-10:00job:github_sync_all | — [pacific] no local changes
2026-09-30T12:38:52-10:00job:github_sync_all | ↓ [pacific] fetching origin/main
2026-09-30T12:38:52-10:00job:github_sync_all | From github.com:RootRecord-Software-Solutions/RootRecord-Pacific-Solar-Server
2026-09-30T12:38:52-10:00job:github_sync_all | * branch            main       -> FETCH_HEAD
2026-09-30T12:38:52-10:00job:github_sync_all | — [pacific] local and GitHub already match
2026-09-30T12:38:52-10:00job:github_sync_all | — [pacific] nothing to push
2026-09-30T12:38:52-10:00job:github_sync_all | ↑ [database] committed 15 local file(s)
2026-09-30T12:38:52-10:00job:github_sync_all | ↓ [database] fetching origin/main
2026-09-30T12:38:52-10:00job:github_sync_all | From github.com:RootRecord-Software-Solutions/RootRecord-Database
2026-09-30T12:38:52-10:00job:github_sync_all | * branch            main       -> FETCH_HEAD
2026-09-30T12:38:52-10:00job:github_sync_all | ↑ [database] local is ahead of GitHub
2026-09-30T12:38:52-10:00job:github_sync_all | To github.com:RootRecord-Software-Solutions/RootRecord-Database.git
2026-09-30T12:38:52-10:00job:github_sync_all | 326b0b7..fe571cc  HEAD -> main
2026-09-30T12:38:52-10:00job:github_sync_all | branch 'main' set up to track 'origin/main'.
2026-09-30T12:38:52-10:00job:github_sync_all | ↑ [database] 15 files → RootRecord-Software-Solutions/RootRecord-Database (main)
2026-09-30T12:38:52-10:00job:github_sync_all | — [library] no local changes
2026-09-30T12:38:52-10:00job:github_sync_all | ↓ [library] fetching origin/main
2026-09-30T12:38:52-10:00job:github_sync_all | From github.com:RootRecord-Software-Solutions/RootRecord-Library
2026-09-30T12:38:52-10:00job:github_sync_all | * branch            main       -> FETCH_HEAD
2026-09-30T12:38:52-10:00job:github_sync_all | — [library] local and GitHub already match
2026-09-30T12:38:52-10:00job:github_sync_all | — [library] nothing to push
2026-09-30T12:38:52-10:00job:github_sync_all | — [skills] no local changes
2026-09-30T12:38:52-10:00job:github_sync_all | ↓ [skills] fetching origin/main
2026-09-30T12:38:52-10:00job:github_sync_all | From github.com:rootrecordsoftwaresolutions/Solar-Pacific-RootRecord-Server
2026-09-30T12:38:52-10:00job:github_sync_all | * branch            main       -> FETCH_HEAD
2026-09-30T12:38:52-10:00job:github_sync_all | — [skills] local and GitHub already match
2026-09-30T12:38:52-10:00job:github_sync_all | — [skills] nothing to push
2026-09-30T12:38:52-10:00job:security_camera_frame_grab RUN  bash "/home/rootrecord/RootRecord-Ecosystem/1 - Servers/1 - RootRecord-Pacific-Solar-Server/Security/Cameras/grab_all.sh"
2026-09-30T12:39:07-10:00job:security_camera_frame_grab | 12:38:52  📷  a-eyes  ch1 → ch1-20260930T223852Z.jpg  (447.1 KB, 4.37s)
2026-09-30T12:39:07-10:00job:security_camera_frame_grab | 12:38:56  📷  a-eyes  ch2 → ch2-20260930T223856Z.jpg  (269.5 KB, 4.33s)
2026-09-30T12:39:07-10:00job:security_camera_frame_grab | 12:39:01  📷  a-eyes  ch3 → ch3-20260930T223901Z.jpg  (411.8 KB, 4.60s)
2026-09-30T12:39:07-10:00job:security_camera_frame_grab | 12:39:05  📷  a-eyes  ch4 → ch4-20260930T223905Z.jpg  (11.7 KB, 1.68s)
2026-09-30T12:39:08-10:00ENERGY  status=live  B2=10.8%  B1=83.2%  solar=134 W  ac=83 W  usbc=74 W  src=/home/rootrecord/RootRecord-Ecosystem/2 - RootRecord-Database/Energy  LAP=100%/Full/AC
2026-09-30T12:39:23-10:00  ▸  SUMMARY=river2pro soc=82.71% solar=0W ac_out=88W usbc=56W src=ble db=ok
2026-09-30T12:39:23-10:00job:sys_stats_cycle RUN  bash "/home/rootrecord/RootRecord-Ecosystem/1 - Servers/1 - RootRecord-Pacific-Solar-Server/System/scripts/sys-sample.sh"
2026-09-30T12:39:24-10:00job:sys_stats_cycle | SYSTEM  cpu=6%  load=0.84  mem=70%  src=sqlite
2026-09-30T12:39:24-10:00job:sys_stats_cycle | OK wrote /home/rootrecord/RootRecord-Ecosystem/2 - RootRecord-Database/System/samples/sys-20260930-123923.json
2026-09-30T12:39:59-10:00job:github_sync_all | — [ecosystem] no committable local changes
2026-09-30T12:39:59-10:00job:github_sync_all | ↓ [ecosystem] fetching origin/main
2026-09-30T12:39:59-10:00job:github_sync_all | From github.com:RootRecord-Software-Solutions/RootRecord-Ecosystem
2026-09-30T12:39:59-10:00job:github_sync_all | * branch            main       -> FETCH_HEAD
2026-09-30T12:39:59-10:00job:github_sync_all | — [ecosystem] local and GitHub already match
2026-09-30T12:39:59-10:00job:github_sync_all | — [ecosystem] nothing to push
2026-09-30T12:39:59-10:00job:github_sync_all | — [pacific] no local changes
2026-09-30T12:39:59-10:00job:github_sync_all | ↓ [pacific] fetching origin/main
2026-09-30T12:39:59-10:00job:github_sync_all | From github.com:RootRecord-Software-Solutions/RootRecord-Pacific-Solar-Server
2026-09-30T12:39:59-10:00job:github_sync_all | * branch            main       -> FETCH_HEAD
2026-09-30T12:39:59-10:00job:github_sync_all | — [pacific] local and GitHub already match
2026-09-30T12:39:59-10:00job:github_sync_all | — [pacific] nothing to push
2026-09-30T12:39:59-10:00job:github_sync_all | ↑ [database] committed 12 local file(s)
2026-09-30T12:39:59-10:00job:github_sync_all | ↓ [database] fetching origin/main
2026-09-30T12:39:59-10:00job:github_sync_all | From github.com:RootRecord-Software-Solutions/RootRecord-Database
2026-09-30T12:39:59-10:00job:github_sync_all | * branch            main       -> FETCH_HEAD
2026-09-30T12:39:59-10:00job:github_sync_all | ↑ [database] local is ahead of GitHub
2026-09-30T12:39:59-10:00job:github_sync_all | To github.com:RootRecord-Software-Solutions/RootRecord-Database.git
2026-09-30T12:39:59-10:00job:github_sync_all | fe571cc..7f4ff28  HEAD -> main
2026-09-30T12:39:59-10:00job:github_sync_all | branch 'main' set up to track 'origin/main'.
2026-09-30T12:39:59-10:00job:github_sync_all | ↑ [database] 12 files → RootRecord-Software-Solutions/RootRecord-Database (main)
2026-09-30T12:39:59-10:00job:github_sync_all | — [library] no local changes
2026-09-30T12:39:59-10:00job:github_sync_all | ↓ [library] fetching origin/main
2026-09-30T12:39:59-10:00job:github_sync_all | From github.com:RootRecord-Software-Solutions/RootRecord-Library
2026-09-30T12:39:59-10:00job:github_sync_all | * branch            main       -> FETCH_HEAD
2026-09-30T12:39:59-10:00job:github_sync_all | — [library] local and GitHub already match
2026-09-30T12:39:59-10:00job:github_sync_all | — [library] nothing to push
2026-09-30T12:39:59-10:00job:github_sync_all | — [skills] no local changes
2026-09-30T12:39:59-10:00job:github_sync_all | ↓ [skills] fetching origin/main
2026-09-30T12:39:59-10:00job:github_sync_all | From github.com:rootrecordsoftwaresolutions/Solar-Pacific-RootRecord-Server
2026-09-30T12:39:59-10:00job:github_sync_all | * branch            main       -> FETCH_HEAD
2026-09-30T12:39:59-10:00job:github_sync_all | — [skills] local and GitHub already match
2026-09-30T12:39:59-10:00job:github_sync_all | — [skills] nothing to push
2026-09-30T12:39:59-10:00job:worklog_scan RUN  bash "/home/rootrecord/RootRecord-Ecosystem/1 - Servers/1 - RootRecord-Pacific-Solar-Server/Reports/scripts/worklog_once.sh"
2026-09-30T12:40:07-10:00job:worklog_scan | OK wrote/updated /home/rootrecord/RootRecord-Ecosystem/2 - RootRecord-Database/Worklog/worklog_current.md
2026-09-30T12:40:07-10:00job:security_camera_frame_grab RUN  bash "/home/rootrecord/RootRecord-Ecosystem/1 - Servers/1 - RootRecord-Pacific-Solar-Server/Security/Cameras/grab_all.sh"
2026-09-30T12:40:22-10:00job:security_camera_frame_grab | 12:40:07  📷  a-eyes  ch1 → ch1-20260930T224007Z.jpg  (471.9 KB, 4.34s)
2026-09-30T12:40:22-10:00job:security_camera_frame_grab | 12:40:11  📷  a-eyes  ch2 → ch2-20260930T224011Z.jpg  (276.9 KB, 4.57s)
2026-09-30T12:40:22-10:00job:security_camera_frame_grab | 12:40:16  📷  a-eyes  ch3 → ch3-20260930T224016Z.jpg  (413.4 KB, 4.49s)
2026-09-30T12:40:22-10:00job:security_camera_frame_grab | 12:40:20  📷  a-eyes  ch4 → ch4-20260930T224020Z.jpg  (11.6 KB, 1.51s)
2026-09-30T12:40:22-10:00ENERGY  status=live  B2=10.8%  B1=82.7%  solar=134 W  ac=88 W  usbc=74 W  src=/home/rootrecord/RootRecord-Ecosystem/2 - RootRecord-Database/Energy  LAP=100%/Full/AC
2026-09-30T12:40:37-10:00  ▸  SUMMARY=delta2 soc=11.05% solar=136W ac_out=— usbc=72W src=ble db=ok
2026-09-30T12:40:37-10:00job:sys_stats_cycle RUN  bash "/home/rootrecord/RootRecord-Ecosystem/1 - Servers/1 - RootRecord-Pacific-Solar-Server/System/scripts/sys-sample.sh"
2026-09-30T12:40:38-10:00job:sys_stats_cycle | SYSTEM  cpu=5%  load=0.77  mem=70%  src=sqlite
2026-09-30T12:40:38-10:00job:sys_stats_cycle | OK wrote /home/rootrecord/RootRecord-Ecosystem/2 - RootRecord-Database/System/samples/sys-20260930-124037.json
2026-09-30T12:41:13-10:00job:github_sync_all | — [ecosystem] no committable local changes
2026-09-30T12:41:13-10:00job:github_sync_all | ↓ [ecosystem] fetching origin/main
2026-09-30T12:41:13-10:00job:github_sync_all | From github.com:RootRecord-Software-Solutions/RootRecord-Ecosystem
2026-09-30T12:41:13-10:00job:github_sync_all | * branch            main       -> FETCH_HEAD
2026-09-30T12:41:13-10:00job:github_sync_all | — [ecosystem] local and GitHub already match
2026-09-30T12:41:13-10:00job:github_sync_all | — [ecosystem] nothing to push
2026-09-30T12:41:13-10:00job:github_sync_all | — [pacific] no local changes
2026-09-30T12:41:13-10:00job:github_sync_all | ↓ [pacific] fetching origin/main
2026-09-30T12:41:13-10:00job:github_sync_all | From github.com:RootRecord-Software-Solutions/RootRecord-Pacific-Solar-Server
2026-09-30T12:41:13-10:00job:github_sync_all | * branch            main       -> FETCH_HEAD
2026-09-30T12:41:13-10:00job:github_sync_all | — [pacific] local and GitHub already match
2026-09-30T12:41:13-10:00job:github_sync_all | — [pacific] nothing to push
2026-09-30T12:41:13-10:00job:github_sync_all | ↑ [database] committed 16 local file(s)
2026-09-30T12:41:13-10:00job:github_sync_all | ↓ [database] fetching origin/main
2026-09-30T12:41:13-10:00job:github_sync_all | From github.com:RootRecord-Software-Solutions/RootRecord-Database
2026-09-30T12:41:13-10:00job:github_sync_all | * branch            main       -> FETCH_HEAD
2026-09-30T12:41:13-10:00job:github_sync_all | ↑ [database] local is ahead of GitHub
2026-09-30T12:41:13-10:00job:github_sync_all | To github.com:RootRecord-Software-Solutions/RootRecord-Database.git
2026-09-30T12:41:13-10:00job:github_sync_all | 7f4ff28..45d4744  HEAD -> main
2026-09-30T12:41:13-10:00job:github_sync_all | branch 'main' set up to track 'origin/main'.
2026-09-30T12:41:13-10:00job:github_sync_all | ↑ [database] 16 files → RootRecord-Software-Solutions/RootRecord-Database (main)
2026-09-30T12:41:13-10:00job:github_sync_all | — [library] no local changes
2026-09-30T12:41:13-10:00job:github_sync_all | ↓ [library] fetching origin/main
2026-09-30T12:41:13-10:00job:github_sync_all | From github.com:RootRecord-Software-Solutions/RootRecord-Library
2026-09-30T12:41:13-10:00job:github_sync_all | * branch            main       -> FETCH_HEAD
2026-09-30T12:41:13-10:00job:github_sync_all | — [library] local and GitHub already match
2026-09-30T12:41:13-10:00job:github_sync_all | — [library] nothing to push
2026-09-30T12:41:13-10:00job:github_sync_all | — [skills] no local changes
2026-09-30T12:41:13-10:00job:github_sync_all | ↓ [skills] fetching origin/main
2026-09-30T12:41:13-10:00job:github_sync_all | From github.com:rootrecordsoftwaresolutions/Solar-Pacific-RootRecord-Server
2026-09-30T12:41:13-10:00job:github_sync_all | * branch            main       -> FETCH_HEAD
2026-09-30T12:41:13-10:00job:github_sync_all | — [skills] local and GitHub already match
2026-09-30T12:41:13-10:00job:github_sync_all | — [skills] nothing to push
2026-09-30T12:41:13-10:00job:security_camera_frame_grab RUN  bash "/home/rootrecord/RootRecord-Ecosystem/1 - Servers/1 - RootRecord-Pacific-Solar-Server/Security/Cameras/grab_all.sh"
2026-09-30T12:41:28-10:00job:security_camera_frame_grab | 12:41:13  📷  a-eyes  ch1 → ch1-20260930T224113Z.jpg  (455.1 KB, 4.34s)
2026-09-30T12:41:28-10:00job:security_camera_frame_grab | 12:41:18  📷  a-eyes  ch2 → ch2-20260930T224118Z.jpg  (269.0 KB, 4.58s)
2026-09-30T12:41:28-10:00job:security_camera_frame_grab | 12:41:22  📷  a-eyes  ch3 → ch3-20260930T224122Z.jpg  (415.5 KB, 4.38s)
2026-09-30T12:41:28-10:00job:security_camera_frame_grab | 12:41:27  📷  a-eyes  ch4 → ch4-20260930T224127Z.jpg  (11.5 KB, 1.59s)
2026-09-30T12:41:28-10:00job:service_supervisor RUN  bash "/home/rootrecord/RootRecord-Ecosystem/1 - Servers/1 - RootRecord-Pacific-Solar-Server/Automations/scripts/supervise-services.sh"
2026-09-30T12:41:28-10:00job:service_supervisor | [supervisor] weather alive pid=304140 304463 305661 305866 308654 309134 309348 309668 313159 392716 736568 775116 (act)
2026-09-30T12:41:28-10:00job:service_supervisor | [supervisor] relay alive pid=4374 (act)
2026-09-30T12:41:29-10:00ENERGY  status=live  B2=11.1%  B1=82.7%  solar=136 W  ac=88 W  usbc=72 W  src=/home/rootrecord/RootRecord-Ecosystem/2 - RootRecord-Database/Energy  LAP=100%/Full/AC
2026-09-30T12:41:44-10:00  ▸  SUMMARY=river2pro soc=82.35% solar=0W ac_out=82W usbc=56W src=ble db=ok
2026-09-30T12:41:44-10:00job:sys_stats_cycle RUN  bash "/home/rootrecord/RootRecord-Ecosystem/1 - Servers/1 - RootRecord-Pacific-Solar-Server/System/scripts/sys-sample.sh"
2026-09-30T12:41:45-10:00job:sys_stats_cycle | SYSTEM  cpu=6%  load=0.60  mem=68%  src=sqlite
2026-09-30T12:41:45-10:00job:sys_stats_cycle | OK wrote /home/rootrecord/RootRecord-Ecosystem/2 - RootRecord-Database/System/samples/sys-20260930-124144.json
2026-09-30T12:42:18-10:00job:github_sync_all | — [ecosystem] no committable local changes
2026-09-30T12:42:18-10:00job:github_sync_all | ↓ [ecosystem] fetching origin/main
2026-09-30T12:42:18-10:00job:github_sync_all | From github.com:RootRecord-Software-Solutions/RootRecord-Ecosystem
2026-09-30T12:42:18-10:00job:github_sync_all | * branch            main       -> FETCH_HEAD
2026-09-30T12:42:18-10:00job:github_sync_all | — [ecosystem] local and GitHub already match
2026-09-30T12:42:18-10:00job:github_sync_all | — [ecosystem] nothing to push
2026-09-30T12:42:18-10:00job:github_sync_all | — [pacific] no local changes
2026-09-30T12:42:18-10:00job:github_sync_all | ↓ [pacific] fetching origin/main
2026-09-30T12:42:18-10:00job:github_sync_all | From github.com:RootRecord-Software-Solutions/RootRecord-Pacific-Solar-Server
2026-09-30T12:42:18-10:00job:github_sync_all | * branch            main       -> FETCH_HEAD
2026-09-30T12:42:18-10:00job:github_sync_all | — [pacific] local and GitHub already match
2026-09-30T12:42:18-10:00job:github_sync_all | — [pacific] nothing to push
2026-09-30T12:42:18-10:00job:github_sync_all | ↑ [database] committed 12 local file(s)
2026-09-30T12:42:18-10:00job:github_sync_all | ↓ [database] fetching origin/main
2026-09-30T12:42:18-10:00job:github_sync_all | From github.com:RootRecord-Software-Solutions/RootRecord-Database
2026-09-30T12:42:18-10:00job:github_sync_all | * branch            main       -> FETCH_HEAD
2026-09-30T12:42:18-10:00job:github_sync_all | ↑ [database] local is ahead of GitHub
2026-09-30T12:42:18-10:00job:github_sync_all | To github.com:RootRecord-Software-Solutions/RootRecord-Database.git
2026-09-30T12:42:18-10:00job:github_sync_all | 45d4744..07ee1d8  HEAD -> main
2026-09-30T12:42:18-10:00job:github_sync_all | branch 'main' set up to track 'origin/main'.
2026-09-30T12:42:18-10:00job:github_sync_all | ↑ [database] 12 files → RootRecord-Software-Solutions/RootRecord-Database (main)
2026-09-30T12:42:18-10:00job:github_sync_all | — [library] no local changes
2026-09-30T12:42:18-10:00job:github_sync_all | ↓ [library] fetching origin/main
2026-09-30T12:42:18-10:00job:github_sync_all | From github.com:RootRecord-Software-Solutions/RootRecord-Library
2026-09-30T12:42:18-10:00job:github_sync_all | * branch            main       -> FETCH_HEAD
2026-09-30T12:42:18-10:00job:github_sync_all | — [library] local and GitHub already match
2026-09-30T12:42:18-10:00job:github_sync_all | — [library] nothing to push
2026-09-30T12:42:18-10:00job:github_sync_all | — [skills] no local changes
2026-09-30T12:42:18-10:00job:github_sync_all | ↓ [skills] fetching origin/main
2026-09-30T12:42:18-10:00job:github_sync_all | From github.com:rootrecordsoftwaresolutions/Solar-Pacific-RootRecord-Server
2026-09-30T12:42:18-10:00job:github_sync_all | * branch            main       -> FETCH_HEAD
2026-09-30T12:42:18-10:00job:github_sync_all | — [skills] local and GitHub already match
2026-09-30T12:42:18-10:00job:github_sync_all | — [skills] nothing to push
2026-09-30T12:42:18-10:00job:worklog_scan RUN  bash "/home/rootrecord/RootRecord-Ecosystem/1 - Servers/1 - RootRecord-Pacific-Solar-Server/Reports/scripts/worklog_once.sh"
2026-09-30T12:42:24-10:00job:worklog_scan | OK wrote/updated /home/rootrecord/RootRecord-Ecosystem/2 - RootRecord-Database/Worklog/worklog_current.md
2026-09-30T12:42:24-10:00job:security_camera_frame_grab RUN  bash "/home/rootrecord/RootRecord-Ecosystem/1 - Servers/1 - RootRecord-Pacific-Solar-Server/Security/Cameras/grab_all.sh"
2026-09-30T12:42:39-10:00job:security_camera_frame_grab | 12:42:24  📷  a-eyes  ch1 → ch1-20260930T224224Z.jpg  (471.6 KB, 4.50s)
2026-09-30T12:42:39-10:00job:security_camera_frame_grab | 12:42:28  📷  a-eyes  ch2 → ch2-20260930T224228Z.jpg  (292.1 KB, 4.59s)
2026-09-30T12:42:39-10:00job:security_camera_frame_grab | 12:42:33  📷  a-eyes  ch3 → ch3-20260930T224233Z.jpg  (425.2 KB, 4.46s)
2026-09-30T12:42:39-10:00job:security_camera_frame_grab | 12:42:37  📷  a-eyes  ch4 → ch4-20260930T224237Z.jpg  (11.6 KB, 1.53s)
2026-09-30T12:42:39-10:00ENERGY  status=live  B2=11.1%  B1=82.3%  solar=136 W  ac=82 W  usbc=72 W  src=/home/rootrecord/RootRecord-Ecosystem/2 - RootRecord-Database/Energy  LAP=100%/Full/AC
2026-09-30T12:42:55-10:00  ▸  SUMMARY=river2pro soc=82.17% solar=0W ac_out=105W usbc=56W src=ble db=ok
2026-09-30T12:42:55-10:00job:sys_stats_cycle RUN  bash "/home/rootrecord/RootRecord-Ecosystem/1 - Servers/1 - RootRecord-Pacific-Solar-Server/System/scripts/sys-sample.sh"
2026-09-30T12:42:55-10:00job:sys_stats_cycle | SYSTEM  cpu=4%  load=0.89  mem=66%  src=sqlite
2026-09-30T12:42:55-10:00job:sys_stats_cycle | OK wrote /home/rootrecord/RootRecord-Ecosystem/2 - RootRecord-Database/System/samples/sys-20260930-124255.json
2026-09-30T12:43:32-10:00job:github_sync_all | — [ecosystem] no committable local changes
2026-09-30T12:43:32-10:00job:github_sync_all | ↓ [ecosystem] fetching origin/main
2026-09-30T12:43:32-10:00job:github_sync_all | From github.com:RootRecord-Software-Solutions/RootRecord-Ecosystem
2026-09-30T12:43:32-10:00job:github_sync_all | * branch            main       -> FETCH_HEAD
2026-09-30T12:43:32-10:00job:github_sync_all | — [ecosystem] local and GitHub already match
2026-09-30T12:43:32-10:00job:github_sync_all | — [ecosystem] nothing to push
2026-09-30T12:43:32-10:00job:github_sync_all | — [pacific] no local changes
2026-09-30T12:43:32-10:00job:github_sync_all | ↓ [pacific] fetching origin/main
2026-09-30T12:43:32-10:00job:github_sync_all | From github.com:RootRecord-Software-Solutions/RootRecord-Pacific-Solar-Server
2026-09-30T12:43:32-10:00job:github_sync_all | * branch            main       -> FETCH_HEAD
2026-09-30T12:43:32-10:00job:github_sync_all | — [pacific] local and GitHub already match
2026-09-30T12:43:32-10:00job:github_sync_all | — [pacific] nothing to push
2026-09-30T12:43:32-10:00job:github_sync_all | ↑ [database] committed 15 local file(s)
2026-09-30T12:43:32-10:00job:github_sync_all | ↓ [database] fetching origin/main
2026-09-30T12:43:32-10:00job:github_sync_all | From github.com:RootRecord-Software-Solutions/RootRecord-Database
2026-09-30T12:43:32-10:00job:github_sync_all | * branch            main       -> FETCH_HEAD
2026-09-30T12:43:32-10:00job:github_sync_all | ↑ [database] local is ahead of GitHub
2026-09-30T12:43:32-10:00job:github_sync_all | To github.com:RootRecord-Software-Solutions/RootRecord-Database.git
2026-09-30T12:43:32-10:00job:github_sync_all | 07ee1d8..09d50a2  HEAD -> main
2026-09-30T12:43:32-10:00job:github_sync_all | branch 'main' set up to track 'origin/main'.
2026-09-30T12:43:32-10:00job:github_sync_all | ↑ [database] 15 files → RootRecord-Software-Solutions/RootRecord-Database (main)
2026-09-30T12:43:32-10:00job:github_sync_all | — [library] no local changes
2026-09-30T12:43:32-10:00job:github_sync_all | ↓ [library] fetching origin/main
2026-09-30T12:43:32-10:00job:github_sync_all | From github.com:RootRecord-Software-Solutions/RootRecord-Library
2026-09-30T12:43:32-10:00job:github_sync_all | * branch            main       -> FETCH_HEAD
2026-09-30T12:43:32-10:00job:github_sync_all | — [library] local and GitHub already match
2026-09-30T12:43:32-10:00job:github_sync_all | — [library] nothing to push
2026-09-30T12:43:32-10:00job:github_sync_all | — [skills] no local changes
2026-09-30T12:43:32-10:00job:github_sync_all | ↓ [skills] fetching origin/main
2026-09-30T12:43:32-10:00job:github_sync_all | From github.com:rootrecordsoftwaresolutions/Solar-Pacific-RootRecord-Server
2026-09-30T12:43:32-10:00job:github_sync_all | * branch            main       -> FETCH_HEAD
2026-09-30T12:43:32-10:00job:github_sync_all | — [skills] local and GitHub already match
2026-09-30T12:43:32-10:00job:github_sync_all | — [skills] nothing to push
2026-09-30T12:43:32-10:00job:security_camera_frame_grab RUN  bash "/home/rootrecord/RootRecord-Ecosystem/1 - Servers/1 - RootRecord-Pacific-Solar-Server/Security/Cameras/grab_all.sh"
2026-09-30T12:43:47-10:00job:security_camera_frame_grab | 12:43:32  📷  a-eyes  ch1 → ch1-20260930T224332Z.jpg  (490.5 KB, 4.35s)
2026-09-30T12:43:47-10:00job:security_camera_frame_grab | 12:43:36  📷  a-eyes  ch2 → ch2-20260930T224336Z.jpg  (307.4 KB, 4.58s)
2026-09-30T12:43:47-10:00job:security_camera_frame_grab | 12:43:41  📷  a-eyes  ch3 → ch3-20260930T224341Z.jpg  (422.0 KB, 4.47s)
2026-09-30T12:43:47-10:00job:security_camera_frame_grab | 12:43:45  📷  a-eyes  ch4 → ch4-20260930T224345Z.jpg  (11.6 KB, 1.49s)
2026-09-30T12:43:47-10:00ENERGY  status=live  B2=11.1%  B1=82.2%  solar=136 W  ac=105 W  usbc=72 W  src=/home/rootrecord/RootRecord-Ecosystem/2 - RootRecord-Database/Energy  LAP=100%/Full/AC
2026-09-30T12:44:02-10:00  ▸  SUMMARY=river2pro soc=81.98% solar=0W ac_out=82W usbc=56W src=ble db=ok
2026-09-30T12:44:02-10:00job:sys_stats_cycle RUN  bash "/home/rootrecord/RootRecord-Ecosystem/1 - Servers/1 - RootRecord-Pacific-Solar-Server/System/scripts/sys-sample.sh"
2026-09-30T12:44:03-10:00job:sys_stats_cycle | SYSTEM  cpu=4%  load=0.75  mem=67%  src=sqlite
2026-09-30T12:44:03-10:00job:sys_stats_cycle | OK wrote /home/rootrecord/RootRecord-Ecosystem/2 - RootRecord-Database/System/samples/sys-20260930-124402.json
2026-09-30T12:44:39-10:00job:github_sync_all | ↑ [ecosystem] committed 1 local file(s)
2026-09-30T12:44:39-10:00job:github_sync_all | ↓ [ecosystem] fetching origin/main
2026-09-30T12:44:39-10:00job:github_sync_all | From github.com:RootRecord-Software-Solutions/RootRecord-Ecosystem
2026-09-30T12:44:39-10:00job:github_sync_all | * branch            main       -> FETCH_HEAD
2026-09-30T12:44:39-10:00job:github_sync_all | ↑ [ecosystem] local is ahead of GitHub
2026-09-30T12:44:39-10:00job:github_sync_all | To github.com:RootRecord-Software-Solutions/RootRecord-Ecosystem.git
2026-09-30T12:44:39-10:00job:github_sync_all | 109ce53..d8b13b1  HEAD -> main
2026-09-30T12:44:39-10:00job:github_sync_all | branch 'main' set up to track 'origin/main'.
2026-09-30T12:44:39-10:00job:github_sync_all | ↑ [ecosystem] 1 files → RootRecord-Software-Solutions/RootRecord-Ecosystem (main)
2026-09-30T12:44:39-10:00job:github_sync_all | — [pacific] no local changes
2026-09-30T12:44:39-10:00job:github_sync_all | ↓ [pacific] fetching origin/main
2026-09-30T12:44:39-10:00job:github_sync_all | From github.com:RootRecord-Software-Solutions/RootRecord-Pacific-Solar-Server
2026-09-30T12:44:39-10:00job:github_sync_all | * branch            main       -> FETCH_HEAD
2026-09-30T12:44:39-10:00job:github_sync_all | — [pacific] local and GitHub already match
2026-09-30T12:44:39-10:00job:github_sync_all | — [pacific] nothing to push
2026-09-30T12:44:39-10:00job:github_sync_all | ↑ [database] committed 13 local file(s)
2026-09-30T12:44:39-10:00job:github_sync_all | ↓ [database] fetching origin/main
2026-09-30T12:44:39-10:00job:github_sync_all | From github.com:RootRecord-Software-Solutions/RootRecord-Database
2026-09-30T12:44:39-10:00job:github_sync_all | * branch            main       -> FETCH_HEAD
2026-09-30T12:44:39-10:00job:github_sync_all | ↑ [database] local is ahead of GitHub
2026-09-30T12:44:39-10:00job:github_sync_all | To github.com:RootRecord-Software-Solutions/RootRecord-Database.git
2026-09-30T12:44:39-10:00job:github_sync_all | 09d50a2..cc66db4  HEAD -> main
2026-09-30T12:44:39-10:00job:github_sync_all | branch 'main' set up to track 'origin/main'.
2026-09-30T12:44:39-10:00job:github_sync_all | ↑ [database] 13 files → RootRecord-Software-Solutions/RootRecord-Database (main)
2026-09-30T12:44:39-10:00job:github_sync_all | — [library] no local changes
2026-09-30T12:44:39-10:00job:github_sync_all | ↓ [library] fetching origin/main
2026-09-30T12:44:39-10:00job:github_sync_all | From github.com:RootRecord-Software-Solutions/RootRecord-Library
2026-09-30T12:44:39-10:00job:github_sync_all | * branch            main       -> FETCH_HEAD
2026-09-30T12:44:39-10:00job:github_sync_all | — [library] local and GitHub already match
2026-09-30T12:44:39-10:00job:github_sync_all | — [library] nothing to push
2026-09-30T12:44:39-10:00job:github_sync_all | — [skills] no local changes
2026-09-30T12:44:39-10:00job:github_sync_all | ↓ [skills] fetching origin/main
2026-09-30T12:44:39-10:00job:github_sync_all | From github.com:rootrecordsoftwaresolutions/Solar-Pacific-RootRecord-Server
2026-09-30T12:44:39-10:00job:github_sync_all | * branch            main       -> FETCH_HEAD
2026-09-30T12:44:39-10:00job:github_sync_all | — [skills] local and GitHub already match
2026-09-30T12:44:39-10:00job:github_sync_all | — [skills] nothing to push
2026-09-30T12:44:39-10:00job:worklog_scan RUN  bash "/home/rootrecord/RootRecord-Ecosystem/1 - Servers/1 - RootRecord-Pacific-Solar-Server/Reports/scripts/worklog_once.sh"
2026-09-30T12:44:43-10:00job:worklog_scan | OK wrote/updated /home/rootrecord/RootRecord-Ecosystem/2 - RootRecord-Database/Worklog/worklog_current.md
2026-09-30T12:44:43-10:00job:security_camera_frame_grab RUN  bash "/home/rootrecord/RootRecord-Ecosystem/1 - Servers/1 - RootRecord-Pacific-Solar-Server/Security/Cameras/grab_all.sh"
2026-09-30T12:44:58-10:00job:security_camera_frame_grab | 12:44:43  📷  a-eyes  ch1 → ch1-20260930T224443Z.jpg  (486.7 KB, 4.57s)
2026-09-30T12:44:58-10:00job:security_camera_frame_grab | 12:44:48  📷  a-eyes  ch2 → ch2-20260930T224448Z.jpg  (304.8 KB, 4.52s)
2026-09-30T12:44:58-10:00job:security_camera_frame_grab | 12:44:52  📷  a-eyes  ch3 → ch3-20260930T224452Z.jpg  (414.9 KB, 4.51s)
2026-09-30T12:44:58-10:00job:security_camera_frame_grab | 12:44:57  📷  a-eyes  ch4 → ch4-20260930T224457Z.jpg  (11.5 KB, 1.50s)
2026-09-30T12:44:58-10:00ENERGY  status=live  B2=11.1%  B1=82.0%  solar=136 W  ac=82 W  usbc=72 W  src=/home/rootrecord/RootRecord-Ecosystem/2 - RootRecord-Database/Energy  LAP=100%/Full/AC
2026-09-30T12:45:13-10:00  ▸  SUMMARY=river2pro soc=81.81% solar=0W ac_out=87W usbc=56W src=ble db=ok
2026-09-30T12:45:13-10:00job:sys_stats_cycle RUN  bash "/home/rootrecord/RootRecord-Ecosystem/1 - Servers/1 - RootRecord-Pacific-Solar-Server/System/scripts/sys-sample.sh"
2026-09-30T12:45:14-10:00job:sys_stats_cycle | SYSTEM  cpu=5%  load=0.85  mem=67%  src=sqlite
2026-09-30T12:45:14-10:00job:sys_stats_cycle | OK wrote /home/rootrecord/RootRecord-Ecosystem/2 - RootRecord-Database/System/samples/sys-20260930-124514.json
2026-09-30T12:45:53-10:00job:github_sync_all | ↑ [ecosystem] committed 1 local file(s)
2026-09-30T12:45:53-10:00job:github_sync_all | ↓ [ecosystem] fetching origin/main
2026-09-30T12:45:53-10:00job:github_sync_all | From github.com:RootRecord-Software-Solutions/RootRecord-Ecosystem
2026-09-30T12:45:53-10:00job:github_sync_all | * branch            main       -> FETCH_HEAD
2026-09-30T12:45:53-10:00job:github_sync_all | ↑ [ecosystem] local is ahead of GitHub
2026-09-30T12:45:53-10:00job:github_sync_all | To github.com:RootRecord-Software-Solutions/RootRecord-Ecosystem.git
2026-09-30T12:45:53-10:00job:github_sync_all | d8b13b1..ba69bd2  HEAD -> main
2026-09-30T12:45:53-10:00job:github_sync_all | branch 'main' set up to track 'origin/main'.
2026-09-30T12:45:53-10:00job:github_sync_all | ↑ [ecosystem] 1 files → RootRecord-Software-Solutions/RootRecord-Ecosystem (main)
2026-09-30T12:45:53-10:00job:github_sync_all | — [pacific] no local changes
2026-09-30T12:45:53-10:00job:github_sync_all | ↓ [pacific] fetching origin/main
2026-09-30T12:45:53-10:00job:github_sync_all | From github.com:RootRecord-Software-Solutions/RootRecord-Pacific-Solar-Server
2026-09-30T12:45:53-10:00job:github_sync_all | * branch            main       -> FETCH_HEAD
2026-09-30T12:45:53-10:00job:github_sync_all | — [pacific] local and GitHub already match
2026-09-30T12:45:53-10:00job:github_sync_all | — [pacific] nothing to push
2026-09-30T12:45:53-10:00job:github_sync_all | ↑ [database] committed 19 local file(s)
2026-09-30T12:45:53-10:00job:github_sync_all | ↓ [database] fetching origin/main
2026-09-30T12:45:53-10:00job:github_sync_all | From github.com:RootRecord-Software-Solutions/RootRecord-Database
2026-09-30T12:45:53-10:00job:github_sync_all | * branch            main       -> FETCH_HEAD
2026-09-30T12:45:53-10:00job:github_sync_all | ↑ [database] local is ahead of GitHub
2026-09-30T12:45:53-10:00job:github_sync_all | To github.com:RootRecord-Software-Solutions/RootRecord-Database.git
2026-09-30T12:45:53-10:00job:github_sync_all | cc66db4..4c5b8b2  HEAD -> main
2026-09-30T12:45:53-10:00job:github_sync_all | branch 'main' set up to track 'origin/main'.
2026-09-30T12:45:53-10:00job:github_sync_all | ↑ [database] 19 files → RootRecord-Software-Solutions/RootRecord-Database (main)
2026-09-30T12:45:53-10:00job:github_sync_all | — [library] no local changes
2026-09-30T12:45:53-10:00job:github_sync_all | ↓ [library] fetching origin/main
2026-09-30T12:45:53-10:00job:github_sync_all | From github.com:RootRecord-Software-Solutions/RootRecord-Library
2026-09-30T12:45:53-10:00job:github_sync_all | * branch            main       -> FETCH_HEAD
2026-09-30T12:45:53-10:00job:github_sync_all | — [library] local and GitHub already match
2026-09-30T12:45:53-10:00job:github_sync_all | — [library] nothing to push
2026-09-30T12:45:53-10:00job:github_sync_all | — [skills] no local changes
2026-09-30T12:45:53-10:00job:github_sync_all | ↓ [skills] fetching origin/main
2026-09-30T12:45:53-10:00job:github_sync_all | From github.com:rootrecordsoftwaresolutions/Solar-Pacific-RootRecord-Server
2026-09-30T12:45:53-10:00job:github_sync_all | * branch            main       -> FETCH_HEAD
2026-09-30T12:45:53-10:00job:github_sync_all | — [skills] local and GitHub already match
2026-09-30T12:45:53-10:00job:github_sync_all | — [skills] nothing to push
2026-09-30T12:45:53-10:00job:security_camera_frame_grab RUN  bash "/home/rootrecord/RootRecord-Ecosystem/1 - Servers/1 - RootRecord-Pacific-Solar-Server/Security/Cameras/grab_all.sh"
2026-09-30T12:46:08-10:00job:security_camera_frame_grab | 12:45:53  📷  a-eyes  ch1 → ch1-20260930T224553Z.jpg  (490.0 KB, 4.45s)
2026-09-30T12:46:08-10:00job:security_camera_frame_grab | 12:45:57  📷  a-eyes  ch2 → ch2-20260930T224557Z.jpg  (298.1 KB, 4.38s)
2026-09-30T12:46:08-10:00job:security_camera_frame_grab | 12:46:02  📷  a-eyes  ch3 → ch3-20260930T224602Z.jpg  (422.3 KB, 4.48s)
2026-09-30T12:46:08-10:00job:security_camera_frame_grab | 12:46:06  📷  a-eyes  ch4 → ch4-20260930T224606Z.jpg  (11.6 KB, 1.71s)
2026-09-30T12:46:08-10:00ENERGY  status=live  B2=11.1%  B1=81.8%  solar=136 W  ac=87 W  usbc=72 W  src=/home/rootrecord/RootRecord-Ecosystem/2 - RootRecord-Database/Energy  LAP=100%/Full/AC
2026-09-30T12:46:23-10:00  ▸  SUMMARY=river2pro soc=81.63% solar=0W ac_out=85W usbc=56W src=ble db=ok
2026-09-30T12:46:23-10:00job:sys_stats_cycle RUN  bash "/home/rootrecord/RootRecord-Ecosystem/1 - Servers/1 - RootRecord-Pacific-Solar-Server/System/scripts/sys-sample.sh"
2026-09-30T12:46:24-10:00job:sys_stats_cycle | SYSTEM  cpu=16%  load=1.38  mem=71%  src=sqlite
2026-09-30T12:46:24-10:00job:sys_stats_cycle | OK wrote /home/rootrecord/RootRecord-Ecosystem/2 - RootRecord-Database/System/samples/sys-20260930-124623.json
2026-09-30T12:47:00-10:00job:github_sync_all | ↑ [ecosystem] committed 1 local file(s)
2026-09-30T12:47:00-10:00job:github_sync_all | ↓ [ecosystem] fetching origin/main
2026-09-30T12:47:00-10:00job:github_sync_all | From github.com:RootRecord-Software-Solutions/RootRecord-Ecosystem
2026-09-30T12:47:00-10:00job:github_sync_all | * branch            main       -> FETCH_HEAD
2026-09-30T12:47:00-10:00job:github_sync_all | ↑ [ecosystem] local is ahead of GitHub
2026-09-30T12:47:00-10:00job:github_sync_all | To github.com:RootRecord-Software-Solutions/RootRecord-Ecosystem.git
2026-09-30T12:47:00-10:00job:github_sync_all | ba69bd2..76f81f5  HEAD -> main
2026-09-30T12:47:00-10:00job:github_sync_all | branch 'main' set up to track 'origin/main'.
2026-09-30T12:47:00-10:00job:github_sync_all | ↑ [ecosystem] 1 files → RootRecord-Software-Solutions/RootRecord-Ecosystem (main)
2026-09-30T12:47:00-10:00job:github_sync_all | — [pacific] no local changes
2026-09-30T12:47:00-10:00job:github_sync_all | ↓ [pacific] fetching origin/main
2026-09-30T12:47:00-10:00job:github_sync_all | From github.com:RootRecord-Software-Solutions/RootRecord-Pacific-Solar-Server
2026-09-30T12:47:00-10:00job:github_sync_all | * branch            main       -> FETCH_HEAD
2026-09-30T12:47:00-10:00job:github_sync_all | — [pacific] local and GitHub already match
2026-09-30T12:47:00-10:00job:github_sync_all | — [pacific] nothing to push
2026-09-30T12:47:00-10:00job:github_sync_all | ↑ [database] committed 13 local file(s)
2026-09-30T12:47:00-10:00job:github_sync_all | ↓ [database] fetching origin/main
2026-09-30T12:47:00-10:00job:github_sync_all | From github.com:RootRecord-Software-Solutions/RootRecord-Database
2026-09-30T12:47:00-10:00job:github_sync_all | * branch            main       -> FETCH_HEAD
2026-09-30T12:47:00-10:00job:github_sync_all | ↑ [database] local is ahead of GitHub
2026-09-30T12:47:00-10:00job:github_sync_all | To github.com:RootRecord-Software-Solutions/RootRecord-Database.git
2026-09-30T12:47:00-10:00job:github_sync_all | 4c5b8b2..8390b9f  HEAD -> main
2026-09-30T12:47:00-10:00job:github_sync_all | branch 'main' set up to track 'origin/main'.
2026-09-30T12:47:00-10:00job:github_sync_all | ↑ [database] 13 files → RootRecord-Software-Solutions/RootRecord-Database (main)
2026-09-30T12:47:00-10:00job:github_sync_all | — [library] no local changes
2026-09-30T12:47:00-10:00job:github_sync_all | ↓ [library] fetching origin/main
2026-09-30T12:47:00-10:00job:github_sync_all | From github.com:RootRecord-Software-Solutions/RootRecord-Library
2026-09-30T12:47:00-10:00job:github_sync_all | * branch            main       -> FETCH_HEAD
2026-09-30T12:47:00-10:00job:github_sync_all | — [library] local and GitHub already match
2026-09-30T12:47:00-10:00job:github_sync_all | — [library] nothing to push
2026-09-30T12:47:00-10:00job:github_sync_all | — [skills] no local changes
2026-09-30T12:47:00-10:00job:github_sync_all | ↓ [skills] fetching origin/main
2026-09-30T12:47:00-10:00job:github_sync_all | From github.com:rootrecordsoftwaresolutions/Solar-Pacific-RootRecord-Server
2026-09-30T12:47:00-10:00job:github_sync_all | * branch            main       -> FETCH_HEAD
2026-09-30T12:47:00-10:00job:github_sync_all | — [skills] local and GitHub already match
2026-09-30T12:47:00-10:00job:github_sync_all | — [skills] nothing to push
2026-09-30T12:47:00-10:00job:worklog_scan RUN  bash "/home/rootrecord/RootRecord-Ecosystem/1 - Servers/1 - RootRecord-Pacific-Solar-Server/Reports/scripts/worklog_once.sh"
2026-09-30T12:47:09-10:00job:worklog_scan | OK wrote/updated /home/rootrecord/RootRecord-Ecosystem/2 - RootRecord-Database/Worklog/worklog_current.md
2026-09-30T12:47:09-10:00job:security_camera_frame_grab RUN  bash "/home/rootrecord/RootRecord-Ecosystem/1 - Servers/1 - RootRecord-Pacific-Solar-Server/Security/Cameras/grab_all.sh"
2026-09-30T12:47:24-10:00job:security_camera_frame_grab | 12:47:09  📷  a-eyes  ch1 → ch1-20260930T224709Z.jpg  (465.5 KB, 4.32s)
2026-09-30T12:47:24-10:00job:security_camera_frame_grab | 12:47:13  📷  a-eyes  ch2 → ch2-20260930T224713Z.jpg  (291.5 KB, 4.57s)
2026-09-30T12:47:24-10:00job:security_camera_frame_grab | 12:47:18  📷  a-eyes  ch3 → ch3-20260930T224718Z.jpg  (411.9 KB, 4.35s)
2026-09-30T12:47:24-10:00job:security_camera_frame_grab | 12:47:22  📷  a-eyes  ch4 → ch4-20260930T224722Z.jpg  (11.5 KB, 1.59s)
2026-09-30T12:47:24-10:00job:service_supervisor RUN  bash "/home/rootrecord/RootRecord-Ecosystem/1 - Servers/1 - RootRecord-Pacific-Solar-Server/Automations/scripts/supervise-services.sh"
2026-09-30T12:47:24-10:00job:service_supervisor | [supervisor] weather alive pid=304140 304463 305661 305866 308654 309134 309348 309668 313159 392716 736568 775116 (act)
2026-09-30T12:47:24-10:00job:service_supervisor | [supervisor] relay alive pid=4374 (act)
2026-09-30T12:47:24-10:00ENERGY  status=live  B2=11.1%  B1=81.6%  solar=136 W  ac=85 W  usbc=72 W  src=/home/rootrecord/RootRecord-Ecosystem/2 - RootRecord-Database/Energy  LAP=100%/Full/AC
2026-09-30T12:47:39-10:00  ▸  SUMMARY=delta2 soc=11.65% solar=128W ac_out=— usbc=72W src=ble db=ok
2026-09-30T12:47:39-10:00job:sys_stats_cycle RUN  bash "/home/rootrecord/RootRecord-Ecosystem/1 - Servers/1 - RootRecord-Pacific-Solar-Server/System/scripts/sys-sample.sh"
2026-09-30T12:47:40-10:00job:sys_stats_cycle | SYSTEM  cpu=16%  load=1.15  mem=67%  src=sqlite
2026-09-30T12:47:40-10:00job:sys_stats_cycle | OK wrote /home/rootrecord/RootRecord-Ecosystem/2 - RootRecord-Database/System/samples/sys-20260930-124739.json
2026-09-30T12:48:14-10:00job:github_sync_all | — [ecosystem] no committable local changes
2026-09-30T12:48:14-10:00job:github_sync_all | ↓ [ecosystem] fetching origin/main
2026-09-30T12:48:14-10:00job:github_sync_all | From github.com:RootRecord-Software-Solutions/RootRecord-Ecosystem
2026-09-30T12:48:14-10:00job:github_sync_all | * branch            main       -> FETCH_HEAD
2026-09-30T12:48:14-10:00job:github_sync_all | — [ecosystem] local and GitHub already match
2026-09-30T12:48:14-10:00job:github_sync_all | — [ecosystem] nothing to push
2026-09-30T12:48:14-10:00job:github_sync_all | — [pacific] no local changes
2026-09-30T12:48:14-10:00job:github_sync_all | ↓ [pacific] fetching origin/main
2026-09-30T12:48:14-10:00job:github_sync_all | From github.com:RootRecord-Software-Solutions/RootRecord-Pacific-Solar-Server
2026-09-30T12:48:14-10:00job:github_sync_all | * branch            main       -> FETCH_HEAD
2026-09-30T12:48:14-10:00job:github_sync_all | — [pacific] local and GitHub already match
2026-09-30T12:48:14-10:00job:github_sync_all | — [pacific] nothing to push
2026-09-30T12:48:14-10:00job:github_sync_all | ↑ [database] committed 15 local file(s)
2026-09-30T12:48:14-10:00job:github_sync_all | ↓ [database] fetching origin/main
2026-09-30T12:48:14-10:00job:github_sync_all | From github.com:RootRecord-Software-Solutions/RootRecord-Database
2026-09-30T12:48:14-10:00job:github_sync_all | * branch            main       -> FETCH_HEAD
2026-09-30T12:48:14-10:00job:github_sync_all | ↑ [database] local is ahead of GitHub
2026-09-30T12:48:14-10:00job:github_sync_all | To github.com:RootRecord-Software-Solutions/RootRecord-Database.git
2026-09-30T12:48:14-10:00job:github_sync_all | 8390b9f..4b0c8bd  HEAD -> main
2026-09-30T12:48:14-10:00job:github_sync_all | branch 'main' set up to track 'origin/main'.
2026-09-30T12:48:14-10:00job:github_sync_all | ↑ [database] 15 files → RootRecord-Software-Solutions/RootRecord-Database (main)
2026-09-30T12:48:14-10:00job:github_sync_all | — [library] no local changes
2026-09-30T12:48:14-10:00job:github_sync_all | ↓ [library] fetching origin/main
2026-09-30T12:48:14-10:00job:github_sync_all | From github.com:RootRecord-Software-Solutions/RootRecord-Library
2026-09-30T12:48:14-10:00job:github_sync_all | * branch            main       -> FETCH_HEAD
2026-09-30T12:48:14-10:00job:github_sync_all | — [library] local and GitHub already match
2026-09-30T12:48:14-10:00job:github_sync_all | — [library] nothing to push
2026-09-30T12:48:14-10:00job:github_sync_all | — [skills] no local changes
2026-09-30T12:48:14-10:00job:github_sync_all | ↓ [skills] fetching origin/main
2026-09-30T12:48:14-10:00job:github_sync_all | From github.com:rootrecordsoftwaresolutions/Solar-Pacific-RootRecord-Server
2026-09-30T12:48:14-10:00job:github_sync_all | * branch            main       -> FETCH_HEAD
2026-09-30T12:48:14-10:00job:github_sync_all | — [skills] local and GitHub already match
2026-09-30T12:48:14-10:00job:github_sync_all | — [skills] nothing to push
2026-09-30T12:48:14-10:00job:security_camera_frame_grab RUN  bash "/home/rootrecord/RootRecord-Ecosystem/1 - Servers/1 - RootRecord-Pacific-Solar-Server/Security/Cameras/grab_all.sh"
2026-09-30T12:48:29-10:00job:security_camera_frame_grab | 12:48:14  📷  a-eyes  ch1 → ch1-20260930T224814Z.jpg  (477.9 KB, 4.54s)
2026-09-30T12:48:29-10:00job:security_camera_frame_grab | 12:48:19  📷  a-eyes  ch2 → ch2-20260930T224819Z.jpg  (283.0 KB, 4.30s)
2026-09-30T12:48:29-10:00job:security_camera_frame_grab | 12:48:23  📷  a-eyes  ch3 → ch3-20260930T224823Z.jpg  (420.4 KB, 4.54s)
2026-09-30T12:48:29-10:00job:security_camera_frame_grab | 12:48:28  📷  a-eyes  ch4 → ch4-20260930T224828Z.jpg  (11.6 KB, 1.49s)
2026-09-30T12:48:30-10:00ENERGY  status=live  B2=11.7%  B1=81.6%  solar=128 W  ac=85 W  usbc=72 W  src=/home/rootrecord/RootRecord-Ecosystem/2 - RootRecord-Database/Energy  LAP=100%/Full/AC
2026-09-30T12:48:45-10:00  ▸  SUMMARY=delta2 soc=11.75% solar=126W ac_out=— usbc=73W src=ble db=ok
2026-09-30T12:48:45-10:00job:sys_stats_cycle RUN  bash "/home/rootrecord/RootRecord-Ecosystem/1 - Servers/1 - RootRecord-Pacific-Solar-Server/System/scripts/sys-sample.sh"
2026-09-30T12:48:46-10:00job:sys_stats_cycle | SYSTEM  cpu=9%  load=0.82  mem=67%  src=sqlite
2026-09-30T12:48:46-10:00job:sys_stats_cycle | OK wrote /home/rootrecord/RootRecord-Ecosystem/2 - RootRecord-Database/System/samples/sys-20260930-124845.json
2026-09-30T12:49:19-10:00job:github_sync_all | — [ecosystem] no committable local changes
2026-09-30T12:49:19-10:00job:github_sync_all | ↓ [ecosystem] fetching origin/main
2026-09-30T12:49:19-10:00job:github_sync_all | From github.com:RootRecord-Software-Solutions/RootRecord-Ecosystem
2026-09-30T12:49:19-10:00job:github_sync_all | * branch            main       -> FETCH_HEAD
2026-09-30T12:49:19-10:00job:github_sync_all | — [ecosystem] local and GitHub already match
2026-09-30T12:49:19-10:00job:github_sync_all | — [ecosystem] nothing to push
2026-09-30T12:49:19-10:00job:github_sync_all | — [pacific] no local changes
2026-09-30T12:49:19-10:00job:github_sync_all | ↓ [pacific] fetching origin/main
2026-09-30T12:49:19-10:00job:github_sync_all | From github.com:RootRecord-Software-Solutions/RootRecord-Pacific-Solar-Server
2026-09-30T12:49:19-10:00job:github_sync_all | * branch            main       -> FETCH_HEAD
2026-09-30T12:49:19-10:00job:github_sync_all | — [pacific] local and GitHub already match
2026-09-30T12:49:19-10:00job:github_sync_all | — [pacific] nothing to push
2026-09-30T12:49:19-10:00job:github_sync_all | ↑ [database] committed 12 local file(s)
2026-09-30T12:49:19-10:00job:github_sync_all | ↓ [database] fetching origin/main
2026-09-30T12:49:19-10:00job:github_sync_all | From github.com:RootRecord-Software-Solutions/RootRecord-Database
2026-09-30T12:49:19-10:00job:github_sync_all | * branch            main       -> FETCH_HEAD
2026-09-30T12:49:19-10:00job:github_sync_all | ↑ [database] local is ahead of GitHub
2026-09-30T12:49:19-10:00job:github_sync_all | To github.com:RootRecord-Software-Solutions/RootRecord-Database.git
2026-09-30T12:49:19-10:00job:github_sync_all | 4b0c8bd..a684e88  HEAD -> main
2026-09-30T12:49:19-10:00job:github_sync_all | branch 'main' set up to track 'origin/main'.
2026-09-30T12:49:19-10:00job:github_sync_all | ↑ [database] 12 files → RootRecord-Software-Solutions/RootRecord-Database (main)
2026-09-30T12:49:19-10:00job:github_sync_all | — [library] no local changes
2026-09-30T12:49:19-10:00job:github_sync_all | ↓ [library] fetching origin/main
2026-09-30T12:49:19-10:00job:github_sync_all | From github.com:RootRecord-Software-Solutions/RootRecord-Library
2026-09-30T12:49:19-10:00job:github_sync_all | * branch            main       -> FETCH_HEAD
2026-09-30T12:49:19-10:00job:github_sync_all | — [library] local and GitHub already match
2026-09-30T12:49:19-10:00job:github_sync_all | — [library] nothing to push
2026-09-30T12:49:19-10:00job:github_sync_all | — [skills] no local changes
2026-09-30T12:49:19-10:00job:github_sync_all | ↓ [skills] fetching origin/main
2026-09-30T12:49:19-10:00job:github_sync_all | From github.com:rootrecordsoftwaresolutions/Solar-Pacific-RootRecord-Server
2026-09-30T12:49:19-10:00job:github_sync_all | * branch            main       -> FETCH_HEAD
2026-09-30T12:49:19-10:00job:github_sync_all | — [skills] local and GitHub already match
2026-09-30T12:49:19-10:00job:github_sync_all | — [skills] nothing to push
2026-09-30T12:49:19-10:00job:worklog_scan RUN  bash "/home/rootrecord/RootRecord-Ecosystem/1 - Servers/1 - RootRecord-Pacific-Solar-Server/Reports/scripts/worklog_once.sh"
2026-09-30T12:49:25-10:00job:worklog_scan | OK wrote/updated /home/rootrecord/RootRecord-Ecosystem/2 - RootRecord-Database/Worklog/worklog_current.md
2026-09-30T12:49:25-10:00job:security_camera_frame_grab RUN  bash "/home/rootrecord/RootRecord-Ecosystem/1 - Servers/1 - RootRecord-Pacific-Solar-Server/Security/Cameras/grab_all.sh"
2026-09-30T12:49:40-10:00job:security_camera_frame_grab | 12:49:25  📷  a-eyes  ch1 → ch1-20260930T224925Z.jpg  (481.2 KB, 4.71s)
2026-09-30T12:49:40-10:00job:security_camera_frame_grab | 12:49:30  📷  a-eyes  ch2 → ch2-20260930T224930Z.jpg  (287.9 KB, 4.80s)
2026-09-30T12:49:40-10:00job:security_camera_frame_grab | 12:49:34  📷  a-eyes  ch3 → ch3-20260930T224934Z.jpg  (415.0 KB, 4.36s)
2026-09-30T12:49:40-10:00job:security_camera_frame_grab | 12:49:39  📷  a-eyes  ch4 → ch4-20260930T224939Z.jpg  (11.6 KB, 1.60s)
2026-09-30T12:49:41-10:00ENERGY  status=live  B2=11.8%  B1=81.6%  solar=126 W  ac=85 W  usbc=73 W  src=/home/rootrecord/RootRecord-Ecosystem/2 - RootRecord-Database/Energy  LAP=100%/Full/AC
2026-09-30T12:49:56-10:00  ▸  SUMMARY=delta2 soc=11.85% solar=123W ac_out=— usbc=72W src=ble db=ok
2026-09-30T12:49:56-10:00job:sys_stats_cycle RUN  bash "/home/rootrecord/RootRecord-Ecosystem/1 - Servers/1 - RootRecord-Pacific-Solar-Server/System/scripts/sys-sample.sh"
2026-09-30T12:49:56-10:00job:sys_stats_cycle | SYSTEM  cpu=8%  load=1.00  mem=67%  src=sqlite
2026-09-30T12:49:56-10:00job:sys_stats_cycle | OK wrote /home/rootrecord/RootRecord-Ecosystem/2 - RootRecord-Database/System/samples/sys-20260930-124956.json
2026-09-30T12:50:30-10:00job:github_sync_all | — [ecosystem] no committable local changes
2026-09-30T12:50:30-10:00job:github_sync_all | ↓ [ecosystem] fetching origin/main
2026-09-30T12:50:30-10:00job:github_sync_all | From github.com:RootRecord-Software-Solutions/RootRecord-Ecosystem
2026-09-30T12:50:30-10:00job:github_sync_all | * branch            main       -> FETCH_HEAD
2026-09-30T12:50:30-10:00job:github_sync_all | — [ecosystem] local and GitHub already match
2026-09-30T12:50:30-10:00job:github_sync_all | — [ecosystem] nothing to push
2026-09-30T12:50:30-10:00job:github_sync_all | — [pacific] no local changes
2026-09-30T12:50:30-10:00job:github_sync_all | ↓ [pacific] fetching origin/main
2026-09-30T12:50:30-10:00job:github_sync_all | From github.com:RootRecord-Software-Solutions/RootRecord-Pacific-Solar-Server
2026-09-30T12:50:30-10:00job:github_sync_all | * branch            main       -> FETCH_HEAD
2026-09-30T12:50:30-10:00job:github_sync_all | — [pacific] local and GitHub already match
2026-09-30T12:50:30-10:00job:github_sync_all | — [pacific] nothing to push
2026-09-30T12:50:30-10:00job:github_sync_all | ↑ [database] committed 15 local file(s)
2026-09-30T12:50:30-10:00job:github_sync_all | ↓ [database] fetching origin/main
2026-09-30T12:50:30-10:00job:github_sync_all | From github.com:RootRecord-Software-Solutions/RootRecord-Database
2026-09-30T12:50:30-10:00job:github_sync_all | * branch            main       -> FETCH_HEAD
2026-09-30T12:50:30-10:00job:github_sync_all | ↑ [database] local is ahead of GitHub
2026-09-30T12:50:30-10:00job:github_sync_all | To github.com:RootRecord-Software-Solutions/RootRecord-Database.git
2026-09-30T12:50:30-10:00job:github_sync_all | a684e88..485143a  HEAD -> main
2026-09-30T12:50:30-10:00job:github_sync_all | branch 'main' set up to track 'origin/main'.
2026-09-30T12:50:30-10:00job:github_sync_all | ↑ [database] 15 files → RootRecord-Software-Solutions/RootRecord-Database (main)
2026-09-30T12:50:30-10:00job:github_sync_all | — [library] no local changes
2026-09-30T12:50:30-10:00job:github_sync_all | ↓ [library] fetching origin/main
2026-09-30T12:50:30-10:00job:github_sync_all | From github.com:RootRecord-Software-Solutions/RootRecord-Library
2026-09-30T12:50:30-10:00job:github_sync_all | * branch            main       -> FETCH_HEAD
2026-09-30T12:50:30-10:00job:github_sync_all | — [library] local and GitHub already match
2026-09-30T12:50:30-10:00job:github_sync_all | — [library] nothing to push
2026-09-30T12:50:30-10:00job:github_sync_all | — [skills] no local changes
2026-09-30T12:50:30-10:00job:github_sync_all | ↓ [skills] fetching origin/main
2026-09-30T12:50:30-10:00job:github_sync_all | From github.com:rootrecordsoftwaresolutions/Solar-Pacific-RootRecord-Server
2026-09-30T12:50:30-10:00job:github_sync_all | * branch            main       -> FETCH_HEAD
2026-09-30T12:50:30-10:00job:github_sync_all | — [skills] local and GitHub already match
2026-09-30T12:50:30-10:00job:github_sync_all | — [skills] nothing to push
2026-09-30T12:50:30-10:00job:security_camera_frame_grab RUN  bash "/home/rootrecord/RootRecord-Ecosystem/1 - Servers/1 - RootRecord-Pacific-Solar-Server/Security/Cameras/grab_all.sh"
2026-09-30T12:50:45-10:00job:security_camera_frame_grab | 12:50:30  📷  a-eyes  ch1 → ch1-20260930T225030Z.jpg  (463.4 KB, 4.48s)
2026-09-30T12:50:45-10:00job:security_camera_frame_grab | 12:50:34  📷  a-eyes  ch2 → ch2-20260930T225034Z.jpg  (279.6 KB, 4.52s)
2026-09-30T12:50:45-10:00job:security_camera_frame_grab | 12:50:39  📷  a-eyes  ch3 → ch3-20260930T225039Z.jpg  (412.4 KB, 4.34s)
2026-09-30T12:50:45-10:00job:security_camera_frame_grab | 12:50:43  📷  a-eyes  ch4 → ch4-20260930T225043Z.jpg  (11.7 KB, 1.55s)
2026-09-30T12:50:45-10:00ENERGY  status=live  B2=11.8%  B1=81.6%  solar=123 W  ac=85 W  usbc=72 W  src=/home/rootrecord/RootRecord-Ecosystem/2 - RootRecord-Database/Energy  LAP=100%/Full/AC
2026-09-30T12:51:00-10:00  ▸  SUMMARY=river2pro soc=80.89% solar=0W ac_out=87W usbc=56W src=ble db=ok
2026-09-30T12:51:00-10:00job:sys_stats_cycle RUN  bash "/home/rootrecord/RootRecord-Ecosystem/1 - Servers/1 - RootRecord-Pacific-Solar-Server/System/scripts/sys-sample.sh"
2026-09-30T12:51:01-10:00job:sys_stats_cycle | SYSTEM  cpu=78%  load=1.08  mem=76%  src=sqlite
2026-09-30T12:51:01-10:00job:sys_stats_cycle | OK wrote /home/rootrecord/RootRecord-Ecosystem/2 - RootRecord-Database/System/samples/sys-20260930-125101.json
2026-09-30T12:51:37-10:00job:github_sync_all | — [ecosystem] no committable local changes
2026-09-30T12:51:37-10:00job:github_sync_all | ↓ [ecosystem] fetching origin/main
2026-09-30T12:51:37-10:00job:github_sync_all | From github.com:RootRecord-Software-Solutions/RootRecord-Ecosystem
2026-09-30T12:51:37-10:00job:github_sync_all | * branch            main       -> FETCH_HEAD
2026-09-30T12:51:37-10:00job:github_sync_all | — [ecosystem] local and GitHub already match
2026-09-30T12:51:37-10:00job:github_sync_all | — [ecosystem] nothing to push
2026-09-30T12:51:37-10:00job:github_sync_all | — [pacific] no local changes
2026-09-30T12:51:37-10:00job:github_sync_all | ↓ [pacific] fetching origin/main
2026-09-30T12:51:37-10:00job:github_sync_all | From github.com:RootRecord-Software-Solutions/RootRecord-Pacific-Solar-Server
2026-09-30T12:51:37-10:00job:github_sync_all | * branch            main       -> FETCH_HEAD
2026-09-30T12:51:37-10:00job:github_sync_all | — [pacific] local and GitHub already match
2026-09-30T12:51:37-10:00job:github_sync_all | — [pacific] nothing to push
2026-09-30T12:51:37-10:00job:github_sync_all | ↑ [database] committed 13 local file(s)
2026-09-30T12:51:37-10:00job:github_sync_all | ↓ [database] fetching origin/main
2026-09-30T12:51:37-10:00job:github_sync_all | From github.com:RootRecord-Software-Solutions/RootRecord-Database
2026-09-30T12:51:37-10:00job:github_sync_all | * branch            main       -> FETCH_HEAD
2026-09-30T12:51:37-10:00job:github_sync_all | ↑ [database] local is ahead of GitHub
2026-09-30T12:51:37-10:00job:github_sync_all | To github.com:RootRecord-Software-Solutions/RootRecord-Database.git
2026-09-30T12:51:37-10:00job:github_sync_all | 485143a..c2959b1  HEAD -> main
2026-09-30T12:51:37-10:00job:github_sync_all | branch 'main' set up to track 'origin/main'.
2026-09-30T12:51:37-10:00job:github_sync_all | ↑ [database] 13 files → RootRecord-Software-Solutions/RootRecord-Database (main)
2026-09-30T12:51:37-10:00job:github_sync_all | — [library] no local changes
2026-09-30T12:51:37-10:00job:github_sync_all | ↓ [library] fetching origin/main
2026-09-30T12:51:37-10:00job:github_sync_all | From github.com:RootRecord-Software-Solutions/RootRecord-Library
2026-09-30T12:51:37-10:00job:github_sync_all | * branch            main       -> FETCH_HEAD
2026-09-30T12:51:37-10:00job:github_sync_all | — [library] local and GitHub already match
2026-09-30T12:51:37-10:00job:github_sync_all | — [library] nothing to push
2026-09-30T12:51:37-10:00job:github_sync_all | — [skills] no local changes
2026-09-30T12:51:37-10:00job:github_sync_all | ↓ [skills] fetching origin/main
2026-09-30T12:51:37-10:00job:github_sync_all | From github.com:rootrecordsoftwaresolutions/Solar-Pacific-RootRecord-Server
2026-09-30T12:51:37-10:00job:github_sync_all | * branch            main       -> FETCH_HEAD
2026-09-30T12:51:37-10:00job:github_sync_all | — [skills] local and GitHub already match
2026-09-30T12:51:37-10:00job:github_sync_all | — [skills] nothing to push
2026-09-30T12:51:37-10:00job:worklog_scan RUN  bash "/home/rootrecord/RootRecord-Ecosystem/1 - Servers/1 - RootRecord-Pacific-Solar-Server/Reports/scripts/worklog_once.sh"
2026-09-30T12:51:41-10:00job:worklog_scan | OK wrote/updated /home/rootrecord/RootRecord-Ecosystem/2 - RootRecord-Database/Worklog/worklog_current.md
2026-09-30T12:51:41-10:00job:security_camera_frame_grab RUN  bash "/home/rootrecord/RootRecord-Ecosystem/1 - Servers/1 - RootRecord-Pacific-Solar-Server/Security/Cameras/grab_all.sh"
2026-09-30T12:51:56-10:00job:security_camera_frame_grab | 12:51:41  📷  a-eyes  ch1 → ch1-20260930T225141Z.jpg  (493.8 KB, 4.54s)
2026-09-30T12:51:56-10:00job:security_camera_frame_grab | 12:51:46  📷  a-eyes  ch2 → ch2-20260930T225146Z.jpg  (279.2 KB, 4.46s)
2026-09-30T12:51:56-10:00job:security_camera_frame_grab | 12:51:50  📷  a-eyes  ch3 → ch3-20260930T225150Z.jpg  (399.9 KB, 4.48s)
2026-09-30T12:51:56-10:00job:security_camera_frame_grab | 12:51:55  📷  a-eyes  ch4 → ch4-20260930T225155Z.jpg  (11.6 KB, 1.49s)
2026-09-30T12:51:57-10:00ENERGY  status=live  B2=11.8%  B1=80.9%  solar=123 W  ac=87 W  usbc=72 W  src=/home/rootrecord/RootRecord-Ecosystem/2 - RootRecord-Database/Energy  LAP=100%/Full/AC
2026-09-30T12:52:12-10:00  ▸  SUMMARY=river2pro soc=80.7% solar=0W ac_out=92W usbc=56W src=ble db=ok
2026-09-30T12:52:12-10:00job:sys_stats_cycle RUN  bash "/home/rootrecord/RootRecord-Ecosystem/1 - Servers/1 - RootRecord-Pacific-Solar-Server/System/scripts/sys-sample.sh"
2026-09-30T12:52:13-10:00job:sys_stats_cycle | SYSTEM  cpu=22%  load=1.26  mem=67%  src=sqlite
2026-09-30T12:52:13-10:00job:sys_stats_cycle | OK wrote /home/rootrecord/RootRecord-Ecosystem/2 - RootRecord-Database/System/samples/sys-20260930-125212.json
2026-09-30T12:52:48-10:00job:github_sync_all | — [ecosystem] no committable local changes
2026-09-30T12:52:48-10:00job:github_sync_all | ↓ [ecosystem] fetching origin/main
2026-09-30T12:52:48-10:00job:github_sync_all | From github.com:RootRecord-Software-Solutions/RootRecord-Ecosystem
2026-09-30T12:52:48-10:00job:github_sync_all | * branch            main       -> FETCH_HEAD
2026-09-30T12:52:48-10:00job:github_sync_all | — [ecosystem] local and GitHub already match
2026-09-30T12:52:48-10:00job:github_sync_all | — [ecosystem] nothing to push
2026-09-30T12:52:48-10:00job:github_sync_all | — [pacific] no local changes
2026-09-30T12:52:48-10:00job:github_sync_all | ↓ [pacific] fetching origin/main
2026-09-30T12:52:48-10:00job:github_sync_all | From github.com:RootRecord-Software-Solutions/RootRecord-Pacific-Solar-Server
2026-09-30T12:52:48-10:00job:github_sync_all | * branch            main       -> FETCH_HEAD
2026-09-30T12:52:48-10:00job:github_sync_all | — [pacific] local and GitHub already match
2026-09-30T12:52:48-10:00job:github_sync_all | — [pacific] nothing to push
2026-09-30T12:52:48-10:00job:github_sync_all | ↑ [database] committed 16 local file(s)
2026-09-30T12:52:48-10:00job:github_sync_all | ↓ [database] fetching origin/main
2026-09-30T12:52:48-10:00job:github_sync_all | From github.com:RootRecord-Software-Solutions/RootRecord-Database
2026-09-30T12:52:48-10:00job:github_sync_all | * branch            main       -> FETCH_HEAD
2026-09-30T12:52:48-10:00job:github_sync_all | ↑ [database] local is ahead of GitHub
2026-09-30T12:52:48-10:00job:github_sync_all | To github.com:RootRecord-Software-Solutions/RootRecord-Database.git
2026-09-30T12:52:48-10:00job:github_sync_all | c2959b1..79529e6  HEAD -> main
2026-09-30T12:52:48-10:00job:github_sync_all | branch 'main' set up to track 'origin/main'.
2026-09-30T12:52:48-10:00job:github_sync_all | ↑ [database] 16 files → RootRecord-Software-Solutions/RootRecord-Database (main)
2026-09-30T12:52:48-10:00job:github_sync_all | — [library] no local changes
2026-09-30T12:52:48-10:00job:github_sync_all | ↓ [library] fetching origin/main
2026-09-30T12:52:48-10:00job:github_sync_all | From github.com:RootRecord-Software-Solutions/RootRecord-Library
2026-09-30T12:52:48-10:00job:github_sync_all | * branch            main       -> FETCH_HEAD
2026-09-30T12:52:48-10:00job:github_sync_all | — [library] local and GitHub already match
2026-09-30T12:52:48-10:00job:github_sync_all | — [library] nothing to push
2026-09-30T12:52:48-10:00job:github_sync_all | — [skills] no local changes
2026-09-30T12:52:48-10:00job:github_sync_all | ↓ [skills] fetching origin/main
2026-09-30T12:52:48-10:00job:github_sync_all | From github.com:rootrecordsoftwaresolutions/Solar-Pacific-RootRecord-Server
2026-09-30T12:52:48-10:00job:github_sync_all | * branch            main       -> FETCH_HEAD
2026-09-30T12:52:48-10:00job:github_sync_all | — [skills] local and GitHub already match
2026-09-30T12:52:48-10:00job:github_sync_all | — [skills] nothing to push
2026-09-30T12:52:48-10:00job:security_camera_frame_grab RUN  bash "/home/rootrecord/RootRecord-Ecosystem/1 - Servers/1 - RootRecord-Pacific-Solar-Server/Security/Cameras/grab_all.sh"
2026-09-30T12:53:03-10:00job:security_camera_frame_grab | 12:52:48  📷  a-eyes  ch1 → ch1-20260930T225248Z.jpg  (469.4 KB, 4.47s)
2026-09-30T12:53:03-10:00job:security_camera_frame_grab | 12:52:53  📷  a-eyes  ch2 → ch2-20260930T225253Z.jpg  (275.8 KB, 4.41s)
2026-09-30T12:53:03-10:00job:security_camera_frame_grab | 12:52:57  📷  a-eyes  ch3 → ch3-20260930T225257Z.jpg  (395.0 KB, 4.37s)
2026-09-30T12:53:03-10:00job:security_camera_frame_grab | 12:53:02  📷  a-eyes  ch4 → ch4-20260930T225302Z.jpg  (11.7 KB, 1.60s)
2026-09-30T12:53:03-10:00job:service_supervisor RUN  bash "/home/rootrecord/RootRecord-Ecosystem/1 - Servers/1 - RootRecord-Pacific-Solar-Server/Automations/scripts/supervise-services.sh"
2026-09-30T12:53:03-10:00job:service_supervisor | [supervisor] weather alive pid=304140 304463 305661 305866 308654 309134 309348 309668 313159 392716 736568 775116 (act)
2026-09-30T12:53:03-10:00job:service_supervisor | [supervisor] relay alive pid=4374 (act)
2026-09-30T12:53:04-10:00ENERGY  status=live  B2=11.8%  B1=80.7%  solar=123 W  ac=92 W  usbc=72 W  src=/home/rootrecord/RootRecord-Ecosystem/2 - RootRecord-Database/Energy  LAP=100%/Full/AC
2026-09-30T12:53:19-10:00  ▸  SUMMARY=delta2 soc=11.95% solar=107W ac_out=— usbc=69W src=ble db=ok
2026-09-30T12:53:19-10:00job:sys_stats_cycle RUN  bash "/home/rootrecord/RootRecord-Ecosystem/1 - Servers/1 - RootRecord-Pacific-Solar-Server/System/scripts/sys-sample.sh"
2026-09-30T12:53:20-10:00job:sys_stats_cycle | SYSTEM  cpu=6%  load=1.80  mem=68%  src=sqlite
2026-09-30T12:53:20-10:00job:sys_stats_cycle | OK wrote /home/rootrecord/RootRecord-Ecosystem/2 - RootRecord-Database/System/samples/sys-20260930-125319.json
2026-09-30T12:53:51-10:00job:github_sync_all | — [ecosystem] no committable local changes
2026-09-30T12:53:51-10:00job:github_sync_all | ↓ [ecosystem] fetching origin/main
2026-09-30T12:53:51-10:00job:github_sync_all | From github.com:RootRecord-Software-Solutions/RootRecord-Ecosystem
2026-09-30T12:53:51-10:00job:github_sync_all | * branch            main       -> FETCH_HEAD
2026-09-30T12:53:51-10:00job:github_sync_all | — [ecosystem] local and GitHub already match
2026-09-30T12:53:51-10:00job:github_sync_all | — [ecosystem] nothing to push
2026-09-30T12:53:51-10:00job:github_sync_all | — [pacific] no local changes
2026-09-30T12:53:51-10:00job:github_sync_all | ↓ [pacific] fetching origin/main
2026-09-30T12:53:51-10:00job:github_sync_all | From github.com:RootRecord-Software-Solutions/RootRecord-Pacific-Solar-Server
2026-09-30T12:53:51-10:00job:github_sync_all | * branch            main       -> FETCH_HEAD
2026-09-30T12:53:51-10:00job:github_sync_all | — [pacific] local and GitHub already match
2026-09-30T12:53:51-10:00job:github_sync_all | — [pacific] nothing to push
2026-09-30T12:53:51-10:00job:github_sync_all | ↑ [database] committed 12 local file(s)
2026-09-30T12:53:51-10:00job:github_sync_all | ↓ [database] fetching origin/main
2026-09-30T12:53:51-10:00job:github_sync_all | From github.com:RootRecord-Software-Solutions/RootRecord-Database
2026-09-30T12:53:51-10:00job:github_sync_all | * branch            main       -> FETCH_HEAD
2026-09-30T12:53:51-10:00job:github_sync_all | ↑ [database] local is ahead of GitHub
2026-09-30T12:53:51-10:00job:github_sync_all | To github.com:RootRecord-Software-Solutions/RootRecord-Database.git
2026-09-30T12:53:51-10:00job:github_sync_all | 79529e6..3528bdc  HEAD -> main
2026-09-30T12:53:51-10:00job:github_sync_all | branch 'main' set up to track 'origin/main'.
2026-09-30T12:53:51-10:00job:github_sync_all | ↑ [database] 12 files → RootRecord-Software-Solutions/RootRecord-Database (main)
2026-09-30T12:53:51-10:00job:github_sync_all | — [library] no local changes
2026-09-30T12:53:51-10:00job:github_sync_all | ↓ [library] fetching origin/main
2026-09-30T12:53:51-10:00job:github_sync_all | From github.com:RootRecord-Software-Solutions/RootRecord-Library
2026-09-30T12:53:51-10:00job:github_sync_all | * branch            main       -> FETCH_HEAD
2026-09-30T12:53:51-10:00job:github_sync_all | — [library] local and GitHub already match
2026-09-30T12:53:51-10:00job:github_sync_all | — [library] nothing to push
2026-09-30T12:53:51-10:00job:github_sync_all | — [skills] no local changes
2026-09-30T12:53:51-10:00job:github_sync_all | ↓ [skills] fetching origin/main
2026-09-30T12:53:51-10:00job:github_sync_all | From github.com:rootrecordsoftwaresolutions/Solar-Pacific-RootRecord-Server
2026-09-30T12:53:51-10:00job:github_sync_all | * branch            main       -> FETCH_HEAD
2026-09-30T12:53:51-10:00job:github_sync_all | — [skills] local and GitHub already match
2026-09-30T12:53:51-10:00job:github_sync_all | — [skills] nothing to push
2026-09-30T12:53:51-10:00job:worklog_scan RUN  bash "/home/rootrecord/RootRecord-Ecosystem/1 - Servers/1 - RootRecord-Pacific-Solar-Server/Reports/scripts/worklog_once.sh"
2026-09-30T12:53:55-10:00job:worklog_scan | OK wrote/updated /home/rootrecord/RootRecord-Ecosystem/2 - RootRecord-Database/Worklog/worklog_current.md
2026-09-30T12:53:55-10:00job:security_camera_frame_grab RUN  bash "/home/rootrecord/RootRecord-Ecosystem/1 - Servers/1 - RootRecord-Pacific-Solar-Server/Security/Cameras/grab_all.sh"
2026-09-30T12:54:10-10:00job:security_camera_frame_grab | 12:53:55  📷  a-eyes  ch1 → ch1-20260930T225355Z.jpg  (512.7 KB, 4.46s)
2026-09-30T12:54:10-10:00job:security_camera_frame_grab | 12:54:00  📷  a-eyes  ch2 → ch2-20260930T225400Z.jpg  (283.4 KB, 4.37s)
2026-09-30T12:54:10-10:00job:security_camera_frame_grab | 12:54:04  📷  a-eyes  ch3 → ch3-20260930T225404Z.jpg  (417.1 KB, 4.37s)
2026-09-30T12:54:10-10:00job:security_camera_frame_grab | 12:54:09  📷  a-eyes  ch4 → ch4-20260930T225409Z.jpg  (11.6 KB, 1.71s)
2026-09-30T12:54:11-10:00ENERGY  status=live  B2=11.9%  B1=80.7%  solar=107 W  ac=92 W  usbc=69 W  src=/home/rootrecord/RootRecord-Ecosystem/2 - RootRecord-Database/Energy  LAP=100%/Full/AC
2026-09-30T12:54:25-10:00  ▸  SUMMARY=delta2 soc=11.95% solar=106W ac_out=— usbc=72W src=ble db=ok
2026-09-30T12:54:25-10:00job:sys_stats_cycle RUN  bash "/home/rootrecord/RootRecord-Ecosystem/1 - Servers/1 - RootRecord-Pacific-Solar-Server/System/scripts/sys-sample.sh"
2026-09-30T12:54:26-10:00job:sys_stats_cycle | SYSTEM  cpu=5%  load=1.55  mem=69%  src=sqlite
2026-09-30T12:54:26-10:00job:sys_stats_cycle | OK wrote /home/rootrecord/RootRecord-Ecosystem/2 - RootRecord-Database/System/samples/sys-20260930-125426.json
2026-09-30T12:55:06-10:00job:github_sync_all | ↑ [ecosystem] committed 1 local file(s)
2026-09-30T12:55:06-10:00job:github_sync_all | ↓ [ecosystem] fetching origin/main
2026-09-30T12:55:06-10:00job:github_sync_all | From github.com:RootRecord-Software-Solutions/RootRecord-Ecosystem
2026-09-30T12:55:06-10:00job:github_sync_all | * branch            main       -> FETCH_HEAD
2026-09-30T12:55:06-10:00job:github_sync_all | ↑ [ecosystem] local is ahead of GitHub
2026-09-30T12:55:06-10:00job:github_sync_all | To github.com:RootRecord-Software-Solutions/RootRecord-Ecosystem.git
2026-09-30T12:55:06-10:00job:github_sync_all | 76f81f5..9fbfa75  HEAD -> main
2026-09-30T12:55:06-10:00job:github_sync_all | branch 'main' set up to track 'origin/main'.
2026-09-30T12:55:06-10:00job:github_sync_all | ↑ [ecosystem] 1 files → RootRecord-Software-Solutions/RootRecord-Ecosystem (main)
2026-09-30T12:55:06-10:00job:github_sync_all | ↑ [pacific] committed 1 local file(s)
2026-09-30T12:55:06-10:00job:github_sync_all | ↓ [pacific] fetching origin/main
2026-09-30T12:55:06-10:00job:github_sync_all | From github.com:RootRecord-Software-Solutions/RootRecord-Pacific-Solar-Server
2026-09-30T12:55:06-10:00job:github_sync_all | * branch            main       -> FETCH_HEAD
2026-09-30T12:55:06-10:00job:github_sync_all | ↑ [pacific] local is ahead of GitHub
2026-09-30T12:55:06-10:00job:github_sync_all | To github.com:RootRecord-Software-Solutions/RootRecord-Pacific-Solar-Server.git
2026-09-30T12:55:06-10:00job:github_sync_all | bfd0f36..9650b0b  HEAD -> main
2026-09-30T12:55:06-10:00job:github_sync_all | branch 'main' set up to track 'origin/main'.
2026-09-30T12:55:06-10:00job:github_sync_all | ↑ [pacific] 1 files → RootRecord-Software-Solutions/RootRecord-Pacific-Solar-Server (main)
2026-09-30T12:55:06-10:00job:github_sync_all | ↑ [database] committed 15 local file(s)
2026-09-30T12:55:06-10:00job:github_sync_all | ↓ [database] fetching origin/main
2026-09-30T12:55:06-10:00job:github_sync_all | From github.com:RootRecord-Software-Solutions/RootRecord-Database
2026-09-30T12:55:06-10:00job:github_sync_all | * branch            main       -> FETCH_HEAD
2026-09-30T12:55:06-10:00job:github_sync_all | ↑ [database] local is ahead of GitHub
2026-09-30T12:55:06-10:00job:github_sync_all | To github.com:RootRecord-Software-Solutions/RootRecord-Database.git
2026-09-30T12:55:06-10:00job:github_sync_all | 3528bdc..b0722fb  HEAD -> main
2026-09-30T12:55:06-10:00job:github_sync_all | branch 'main' set up to track 'origin/main'.
2026-09-30T12:55:06-10:00job:github_sync_all | ↑ [database] 15 files → RootRecord-Software-Solutions/RootRecord-Database (main)
2026-09-30T12:55:06-10:00job:github_sync_all | — [library] no local changes
2026-09-30T12:55:06-10:00job:github_sync_all | ↓ [library] fetching origin/main
2026-09-30T12:55:06-10:00job:github_sync_all | From github.com:RootRecord-Software-Solutions/RootRecord-Library
2026-09-30T12:55:06-10:00job:github_sync_all | * branch            main       -> FETCH_HEAD
2026-09-30T12:55:06-10:00job:github_sync_all | — [library] local and GitHub already match
2026-09-30T12:55:06-10:00job:github_sync_all | — [library] nothing to push
2026-09-30T12:55:06-10:00job:github_sync_all | — [skills] no local changes
2026-09-30T12:55:06-10:00job:github_sync_all | ↓ [skills] fetching origin/main
2026-09-30T12:55:06-10:00job:github_sync_all | From github.com:rootrecordsoftwaresolutions/Solar-Pacific-RootRecord-Server
2026-09-30T12:55:06-10:00job:github_sync_all | * branch            main       -> FETCH_HEAD
2026-09-30T12:55:06-10:00job:github_sync_all | — [skills] local and GitHub already match
2026-09-30T12:55:06-10:00job:github_sync_all | — [skills] nothing to push
2026-09-30T12:55:06-10:00job:security_camera_frame_grab RUN  bash "/home/rootrecord/RootRecord-Ecosystem/1 - Servers/1 - RootRecord-Pacific-Solar-Server/Security/Cameras/grab_all.sh"
2026-09-30T12:55:21-10:00job:security_camera_frame_grab | 12:55:06  📷  a-eyes  ch1 → ch1-20260930T225506Z.jpg  (525.3 KB, 4.30s)
2026-09-30T12:55:21-10:00job:security_camera_frame_grab | 12:55:10  📷  a-eyes  ch2 → ch2-20260930T225510Z.jpg  (288.0 KB, 4.29s)
2026-09-30T12:55:21-10:00job:security_camera_frame_grab | 12:55:15  📷  a-eyes  ch3 → ch3-20260930T225515Z.jpg  (426.2 KB, 4.37s)
2026-09-30T12:55:21-10:00job:security_camera_frame_grab | 12:55:19  📷  a-eyes  ch4 → ch4-20260930T225519Z.jpg  (11.7 KB, 1.81s)
2026-09-30T12:55:21-10:00ENERGY  status=live  B2=11.9%  B1=80.7%  solar=106 W  ac=92 W  usbc=72 W  src=/home/rootrecord/RootRecord-Ecosystem/2 - RootRecord-Database/Energy  LAP=100%/Full/AC
2026-09-30T12:55:36-10:00  ▸  SUMMARY=delta2 soc=11.95% solar=107W ac_out=— usbc=73W src=ble db=ok
2026-09-30T12:55:36-10:00job:sys_stats_cycle RUN  bash "/home/rootrecord/RootRecord-Ecosystem/1 - Servers/1 - RootRecord-Pacific-Solar-Server/System/scripts/sys-sample.sh"
2026-09-30T12:55:37-10:00job:sys_stats_cycle | SYSTEM  cpu=9%  load=1.95  mem=69%  src=sqlite
2026-09-30T12:55:37-10:00job:sys_stats_cycle | OK wrote /home/rootrecord/RootRecord-Ecosystem/2 - RootRecord-Database/System/samples/sys-20260930-125536.json
2026-09-30T12:56:16-10:00job:github_sync_all | ↑ [ecosystem] committed 1 local file(s)
2026-09-30T12:56:16-10:00job:github_sync_all | ↓ [ecosystem] fetching origin/main
2026-09-30T12:56:16-10:00job:github_sync_all | From github.com:RootRecord-Software-Solutions/RootRecord-Ecosystem
2026-09-30T12:56:16-10:00job:github_sync_all | * branch            main       -> FETCH_HEAD
2026-09-30T12:56:16-10:00job:github_sync_all | ↑ [ecosystem] local is ahead of GitHub
2026-09-30T12:56:16-10:00job:github_sync_all | To github.com:RootRecord-Software-Solutions/RootRecord-Ecosystem.git
2026-09-30T12:56:16-10:00job:github_sync_all | 9fbfa75..25d93ed  HEAD -> main
2026-09-30T12:56:16-10:00job:github_sync_all | branch 'main' set up to track 'origin/main'.
2026-09-30T12:56:16-10:00job:github_sync_all | ↑ [ecosystem] 1 files → RootRecord-Software-Solutions/RootRecord-Ecosystem (main)
2026-09-30T12:56:16-10:00job:github_sync_all | ↑ [pacific] committed 2 local file(s)
2026-09-30T12:56:16-10:00job:github_sync_all | ↓ [pacific] fetching origin/main
2026-09-30T12:56:16-10:00job:github_sync_all | From github.com:RootRecord-Software-Solutions/RootRecord-Pacific-Solar-Server
2026-09-30T12:56:16-10:00job:github_sync_all | * branch            main       -> FETCH_HEAD
2026-09-30T12:56:16-10:00job:github_sync_all | ↑ [pacific] local is ahead of GitHub
2026-09-30T12:56:16-10:00job:github_sync_all | To github.com:RootRecord-Software-Solutions/RootRecord-Pacific-Solar-Server.git
2026-09-30T12:56:16-10:00job:github_sync_all | 9650b0b..b3a6c68  HEAD -> main
2026-09-30T12:56:16-10:00job:github_sync_all | branch 'main' set up to track 'origin/main'.
2026-09-30T12:56:16-10:00job:github_sync_all | ↑ [pacific] 2 files → RootRecord-Software-Solutions/RootRecord-Pacific-Solar-Server (main)
2026-09-30T12:56:16-10:00job:github_sync_all | ↑ [database] committed 13 local file(s)
2026-09-30T12:56:16-10:00job:github_sync_all | ↓ [database] fetching origin/main
2026-09-30T12:56:16-10:00job:github_sync_all | From github.com:RootRecord-Software-Solutions/RootRecord-Database
2026-09-30T12:56:16-10:00job:github_sync_all | * branch            main       -> FETCH_HEAD
2026-09-30T12:56:16-10:00job:github_sync_all | ↑ [database] local is ahead of GitHub
2026-09-30T12:56:16-10:00job:github_sync_all | To github.com:RootRecord-Software-Solutions/RootRecord-Database.git
2026-09-30T12:56:16-10:00job:github_sync_all | b0722fb..4c2c691  HEAD -> main
2026-09-30T12:56:16-10:00job:github_sync_all | branch 'main' set up to track 'origin/main'.
2026-09-30T12:56:16-10:00job:github_sync_all | ↑ [database] 13 files → RootRecord-Software-Solutions/RootRecord-Database (main)
2026-09-30T12:56:16-10:00job:github_sync_all | — [library] no local changes
2026-09-30T12:56:16-10:00job:github_sync_all | ↓ [library] fetching origin/main
2026-09-30T12:56:16-10:00job:github_sync_all | From github.com:RootRecord-Software-Solutions/RootRecord-Library
2026-09-30T12:56:16-10:00job:github_sync_all | * branch            main       -> FETCH_HEAD
2026-09-30T12:56:16-10:00job:github_sync_all | — [library] local and GitHub already match
2026-09-30T12:56:16-10:00job:github_sync_all | — [library] nothing to push
2026-09-30T12:56:16-10:00job:github_sync_all | — [skills] no local changes
2026-09-30T12:56:16-10:00job:github_sync_all | ↓ [skills] fetching origin/main
2026-09-30T12:56:16-10:00job:github_sync_all | From github.com:rootrecordsoftwaresolutions/Solar-Pacific-RootRecord-Server
2026-09-30T12:56:16-10:00job:github_sync_all | * branch            main       -> FETCH_HEAD
2026-09-30T12:56:16-10:00job:github_sync_all | — [skills] local and GitHub already match
2026-09-30T12:56:16-10:00job:github_sync_all | — [skills] nothing to push
2026-09-30T12:56:16-10:00job:worklog_scan RUN  bash "/home/rootrecord/RootRecord-Ecosystem/1 - Servers/1 - RootRecord-Pacific-Solar-Server/Reports/scripts/worklog_once.sh"
2026-09-30T12:56:25-10:00job:worklog_scan | OK wrote/updated /home/rootrecord/RootRecord-Ecosystem/2 - RootRecord-Database/Worklog/worklog_current.md
2026-09-30T12:56:25-10:00job:security_camera_frame_grab RUN  bash "/home/rootrecord/RootRecord-Ecosystem/1 - Servers/1 - RootRecord-Pacific-Solar-Server/Security/Cameras/grab_all.sh"
2026-09-30T12:56:41-10:00job:security_camera_frame_grab | 12:56:25  📷  a-eyes  ch1 → ch1-20260930T225625Z.jpg  (461.4 KB, 4.50s)
2026-09-30T12:56:41-10:00job:security_camera_frame_grab | 12:56:29  📷  a-eyes  ch2 → ch2-20260930T225629Z.jpg  (278.3 KB, 4.72s)
2026-09-30T12:56:41-10:00job:security_camera_frame_grab | 12:56:34  📷  a-eyes  ch3 → ch3-20260930T225634Z.jpg  (406.4 KB, 4.83s)
2026-09-30T12:56:41-10:00job:security_camera_frame_grab | 12:56:39  📷  a-eyes  ch4 → ch4-20260930T225639Z.jpg  (11.7 KB, 1.68s)
2026-09-30T12:56:41-10:00ENERGY  status=live  B2=11.9%  B1=80.7%  solar=107 W  ac=92 W  usbc=73 W  src=/home/rootrecord/RootRecord-Ecosystem/2 - RootRecord-Database/Energy  LAP=100%/Full/AC
2026-09-30T12:56:56-10:00  ▸  SUMMARY=delta2 soc=11.95% solar=94W ac_out=— usbc=76W src=ble db=ok
2026-09-30T12:56:56-10:00job:sys_stats_cycle RUN  bash "/home/rootrecord/RootRecord-Ecosystem/1 - Servers/1 - RootRecord-Pacific-Solar-Server/System/scripts/sys-sample.sh"
2026-09-30T12:56:57-10:00job:sys_stats_cycle | SYSTEM  cpu=8%  load=2.58  mem=68%  src=sqlite
2026-09-30T12:56:57-10:00job:sys_stats_cycle | OK wrote /home/rootrecord/RootRecord-Ecosystem/2 - RootRecord-Database/System/samples/sys-20260930-125656.json
2026-09-30T12:57:37-10:00job:github_sync_all | ↑ [ecosystem] committed 5 local file(s)
2026-09-30T12:57:37-10:00job:github_sync_all | ↓ [ecosystem] fetching origin/main
2026-09-30T12:57:37-10:00job:github_sync_all | From github.com:RootRecord-Software-Solutions/RootRecord-Ecosystem
2026-09-30T12:57:37-10:00job:github_sync_all | * branch            main       -> FETCH_HEAD
2026-09-30T12:57:37-10:00job:github_sync_all | ↑ [ecosystem] local is ahead of GitHub
2026-09-30T12:57:37-10:00job:github_sync_all | To github.com:RootRecord-Software-Solutions/RootRecord-Ecosystem.git
2026-09-30T12:57:37-10:00job:github_sync_all | 25d93ed..bc2232a  HEAD -> main
2026-09-30T12:57:37-10:00job:github_sync_all | branch 'main' set up to track 'origin/main'.
2026-09-30T12:57:37-10:00job:github_sync_all | ↑ [ecosystem] 5 files → RootRecord-Software-Solutions/RootRecord-Ecosystem (main)
2026-09-30T12:57:37-10:00job:github_sync_all | ↑ [pacific] committed 4 local file(s)
2026-09-30T12:57:37-10:00job:github_sync_all | ↓ [pacific] fetching origin/main
2026-09-30T12:57:37-10:00job:github_sync_all | From github.com:RootRecord-Software-Solutions/RootRecord-Pacific-Solar-Server
2026-09-30T12:57:37-10:00job:github_sync_all | * branch            main       -> FETCH_HEAD
2026-09-30T12:57:37-10:00job:github_sync_all | ↑ [pacific] local is ahead of GitHub
2026-09-30T12:57:37-10:00job:github_sync_all | To github.com:RootRecord-Software-Solutions/RootRecord-Pacific-Solar-Server.git
2026-09-30T12:57:37-10:00job:github_sync_all | b3a6c68..db8b990  HEAD -> main
2026-09-30T12:57:37-10:00job:github_sync_all | branch 'main' set up to track 'origin/main'.
2026-09-30T12:57:37-10:00job:github_sync_all | ↑ [pacific] 4 files → RootRecord-Software-Solutions/RootRecord-Pacific-Solar-Server (main)
2026-09-30T12:57:37-10:00job:github_sync_all | ↑ [database] committed 15 local file(s)
2026-09-30T12:57:37-10:00job:github_sync_all | ↓ [database] fetching origin/main
2026-09-30T12:57:37-10:00job:github_sync_all | From github.com:RootRecord-Software-Solutions/RootRecord-Database
2026-09-30T12:57:37-10:00job:github_sync_all | * branch            main       -> FETCH_HEAD
2026-09-30T12:57:37-10:00job:github_sync_all | ↑ [database] local is ahead of GitHub
2026-09-30T12:57:37-10:00job:github_sync_all | To github.com:RootRecord-Software-Solutions/RootRecord-Database.git
2026-09-30T12:57:37-10:00job:github_sync_all | 4c2c691..4412973  HEAD -> main
2026-09-30T12:57:37-10:00job:github_sync_all | branch 'main' set up to track 'origin/main'.
2026-09-30T12:57:37-10:00job:github_sync_all | ↑ [database] 15 files → RootRecord-Software-Solutions/RootRecord-Database (main)
2026-09-30T12:57:37-10:00job:github_sync_all | — [library] no local changes
2026-09-30T12:57:37-10:00job:github_sync_all | ↓ [library] fetching origin/main
2026-09-30T12:57:37-10:00job:github_sync_all | From github.com:RootRecord-Software-Solutions/RootRecord-Library
2026-09-30T12:57:37-10:00job:github_sync_all | * branch            main       -> FETCH_HEAD
2026-09-30T12:57:37-10:00job:github_sync_all | — [library] local and GitHub already match
2026-09-30T12:57:37-10:00job:github_sync_all | — [library] nothing to push
2026-09-30T12:57:37-10:00job:github_sync_all | — [skills] no local changes
2026-09-30T12:57:37-10:00job:github_sync_all | ↓ [skills] fetching origin/main
2026-09-30T12:57:37-10:00job:github_sync_all | From github.com:rootrecordsoftwaresolutions/Solar-Pacific-RootRecord-Server
2026-09-30T12:57:37-10:00job:github_sync_all | * branch            main       -> FETCH_HEAD
2026-09-30T12:57:37-10:00job:github_sync_all | — [skills] local and GitHub already match
2026-09-30T12:57:37-10:00job:github_sync_all | — [skills] nothing to push
2026-09-30T12:57:37-10:00job:security_camera_frame_grab RUN  bash "/home/rootrecord/RootRecord-Ecosystem/1 - Servers/1 - RootRecord-Pacific-Solar-Server/Security/Cameras/grab_all.sh"
2026-09-30T12:57:52-10:00job:security_camera_frame_grab | 12:57:37  📷  a-eyes  ch1 → ch1-20260930T225737Z.jpg  (451.7 KB, 4.41s)
2026-09-30T12:57:52-10:00job:security_camera_frame_grab | 12:57:41  📷  a-eyes  ch2 → ch2-20260930T225741Z.jpg  (269.9 KB, 4.48s)
2026-09-30T12:57:52-10:00job:security_camera_frame_grab | 12:57:46  📷  a-eyes  ch3 → ch3-20260930T225746Z.jpg  (389.3 KB, 4.38s)
2026-09-30T12:57:52-10:00job:security_camera_frame_grab | 12:57:50  📷  a-eyes  ch4 → ch4-20260930T225750Z.jpg  (11.7 KB, 1.50s)
2026-09-30T12:57:52-10:00ENERGY  status=live  B2=11.9%  B1=80.7%  solar=94 W  ac=92 W  usbc=76 W  src=/home/rootrecord/RootRecord-Ecosystem/2 - RootRecord-Database/Energy  LAP=100%/Full/AC
2026-09-30T12:58:07-10:00  ▸  SUMMARY=delta2 soc=11.95% solar=82W ac_out=— usbc=74W src=ble db=ok
2026-09-30T12:58:07-10:00job:sys_stats_cycle RUN  bash "/home/rootrecord/RootRecord-Ecosystem/1 - Servers/1 - RootRecord-Pacific-Solar-Server/System/scripts/sys-sample.sh"
2026-09-30T12:58:08-10:00job:sys_stats_cycle | SYSTEM  cpu=3%  load=1.63  mem=69%  src=sqlite
2026-09-30T12:58:08-10:00job:sys_stats_cycle | OK wrote /home/rootrecord/RootRecord-Ecosystem/2 - RootRecord-Database/System/samples/sys-20260930-125807.json
2026-09-30T12:58:42-10:00job:github_sync_all | — [ecosystem] no committable local changes
2026-09-30T12:58:42-10:00job:github_sync_all | ↓ [ecosystem] fetching origin/main
2026-09-30T12:58:42-10:00job:github_sync_all | From github.com:RootRecord-Software-Solutions/RootRecord-Ecosystem
2026-09-30T12:58:42-10:00job:github_sync_all | * branch            main       -> FETCH_HEAD
2026-09-30T12:58:42-10:00job:github_sync_all | — [ecosystem] local and GitHub already match
2026-09-30T12:58:42-10:00job:github_sync_all | — [ecosystem] nothing to push
2026-09-30T12:58:42-10:00job:github_sync_all | — [pacific] no local changes
2026-09-30T12:58:42-10:00job:github_sync_all | ↓ [pacific] fetching origin/main
2026-09-30T12:58:42-10:00job:github_sync_all | From github.com:RootRecord-Software-Solutions/RootRecord-Pacific-Solar-Server
2026-09-30T12:58:42-10:00job:github_sync_all | * branch            main       -> FETCH_HEAD
2026-09-30T12:58:42-10:00job:github_sync_all | — [pacific] local and GitHub already match
2026-09-30T12:58:42-10:00job:github_sync_all | — [pacific] nothing to push
2026-09-30T12:58:42-10:00job:github_sync_all | ↑ [database] committed 12 local file(s)
2026-09-30T12:58:42-10:00job:github_sync_all | ↓ [database] fetching origin/main
2026-09-30T12:58:42-10:00job:github_sync_all | From github.com:RootRecord-Software-Solutions/RootRecord-Database
2026-09-30T12:58:42-10:00job:github_sync_all | * branch            main       -> FETCH_HEAD
2026-09-30T12:58:42-10:00job:github_sync_all | ↑ [database] local is ahead of GitHub
2026-09-30T12:58:42-10:00job:github_sync_all | To github.com:RootRecord-Software-Solutions/RootRecord-Database.git
2026-09-30T12:58:42-10:00job:github_sync_all | 4412973..2d5eb99  HEAD -> main
2026-09-30T12:58:42-10:00job:github_sync_all | branch 'main' set up to track 'origin/main'.
2026-09-30T12:58:42-10:00job:github_sync_all | ↑ [database] 12 files → RootRecord-Software-Solutions/RootRecord-Database (main)
2026-09-30T12:58:42-10:00job:github_sync_all | — [library] no local changes
2026-09-30T12:58:42-10:00job:github_sync_all | ↓ [library] fetching origin/main
2026-09-30T12:58:42-10:00job:github_sync_all | From github.com:RootRecord-Software-Solutions/RootRecord-Library
2026-09-30T12:58:42-10:00job:github_sync_all | * branch            main       -> FETCH_HEAD
2026-09-30T12:58:42-10:00job:github_sync_all | — [library] local and GitHub already match
2026-09-30T12:58:42-10:00job:github_sync_all | — [library] nothing to push
2026-09-30T12:58:42-10:00job:github_sync_all | — [skills] no local changes
2026-09-30T12:58:42-10:00job:github_sync_all | ↓ [skills] fetching origin/main
2026-09-30T12:58:42-10:00job:github_sync_all | From github.com:rootrecordsoftwaresolutions/Solar-Pacific-RootRecord-Server
2026-09-30T12:58:42-10:00job:github_sync_all | * branch            main       -> FETCH_HEAD
2026-09-30T12:58:42-10:00job:github_sync_all | — [skills] local and GitHub already match
2026-09-30T12:58:42-10:00job:github_sync_all | — [skills] nothing to push
2026-09-30T12:58:42-10:00job:worklog_scan RUN  bash "/home/rootrecord/RootRecord-Ecosystem/1 - Servers/1 - RootRecord-Pacific-Solar-Server/Reports/scripts/worklog_once.sh"
2026-09-30T12:58:48-10:00job:worklog_scan | OK wrote/updated /home/rootrecord/RootRecord-Ecosystem/2 - RootRecord-Database/Worklog/worklog_current.md
2026-09-30T12:58:48-10:00job:security_camera_frame_grab RUN  bash "/home/rootrecord/RootRecord-Ecosystem/1 - Servers/1 - RootRecord-Pacific-Solar-Server/Security/Cameras/grab_all.sh"
2026-09-30T12:59:03-10:00job:security_camera_frame_grab | 12:58:48  📷  a-eyes  ch1 → ch1-20260930T225848Z.jpg  (477.7 KB, 4.25s)
2026-09-30T12:59:03-10:00job:security_camera_frame_grab | 12:58:53  📷  a-eyes  ch2 → ch2-20260930T225853Z.jpg  (256.9 KB, 4.36s)
2026-09-30T12:59:03-10:00job:security_camera_frame_grab | 12:58:57  📷  a-eyes  ch3 → ch3-20260930T225857Z.jpg  (398.2 KB, 4.47s)
2026-09-30T12:59:03-10:00job:security_camera_frame_grab | 12:59:02  📷  a-eyes  ch4 → ch4-20260930T225902Z.jpg  (11.7 KB, 1.61s)
2026-09-30T12:59:03-10:00job:service_supervisor RUN  bash "/home/rootrecord/RootRecord-Ecosystem/1 - Servers/1 - RootRecord-Pacific-Solar-Server/Automations/scripts/supervise-services.sh"
2026-09-30T12:59:03-10:00job:service_supervisor | [supervisor] weather alive pid=304140 304463 305661 305866 308654 309134 309348 309668 313159 392716 736568 775116 (act)
2026-09-30T12:59:03-10:00job:service_supervisor | [supervisor] relay alive pid=889569 (act)
2026-09-30T12:59:04-10:00ENERGY  status=live  B2=11.9%  B1=80.7%  solar=82 W  ac=92 W  usbc=74 W  src=/home/rootrecord/RootRecord-Ecosystem/2 - RootRecord-Database/Energy  LAP=100%/Full/AC
2026-09-30T12:59:19-10:00  ▸  SUMMARY=delta2 soc=11.95% solar=85W ac_out=— usbc=74W src=ble db=ok
2026-09-30T12:59:19-10:00job:sys_stats_cycle RUN  bash "/home/rootrecord/RootRecord-Ecosystem/1 - Servers/1 - RootRecord-Pacific-Solar-Server/System/scripts/sys-sample.sh"
2026-09-30T12:59:20-10:00job:sys_stats_cycle | SYSTEM  cpu=11%  load=1.12  mem=69%  src=sqlite
2026-09-30T12:59:20-10:00job:sys_stats_cycle | OK wrote /home/rootrecord/RootRecord-Ecosystem/2 - RootRecord-Database/System/samples/sys-20260930-125919.json
2026-09-30T12:59:54-10:00job:github_sync_all | — [ecosystem] no committable local changes
2026-09-30T12:59:54-10:00job:github_sync_all | ↓ [ecosystem] fetching origin/main
2026-09-30T12:59:54-10:00job:github_sync_all | From github.com:RootRecord-Software-Solutions/RootRecord-Ecosystem
2026-09-30T12:59:54-10:00job:github_sync_all | * branch            main       -> FETCH_HEAD
2026-09-30T12:59:54-10:00job:github_sync_all | — [ecosystem] local and GitHub already match
2026-09-30T12:59:54-10:00job:github_sync_all | — [ecosystem] nothing to push
2026-09-30T12:59:54-10:00job:github_sync_all | — [pacific] no local changes
2026-09-30T12:59:54-10:00job:github_sync_all | ↓ [pacific] fetching origin/main
2026-09-30T12:59:54-10:00job:github_sync_all | From github.com:RootRecord-Software-Solutions/RootRecord-Pacific-Solar-Server
2026-09-30T12:59:54-10:00job:github_sync_all | * branch            main       -> FETCH_HEAD
2026-09-30T12:59:54-10:00job:github_sync_all | — [pacific] local and GitHub already match
2026-09-30T12:59:54-10:00job:github_sync_all | — [pacific] nothing to push
2026-09-30T12:59:54-10:00job:github_sync_all | ↑ [database] committed 15 local file(s)
2026-09-30T12:59:54-10:00job:github_sync_all | ↓ [database] fetching origin/main
2026-09-30T12:59:54-10:00job:github_sync_all | From github.com:RootRecord-Software-Solutions/RootRecord-Database
2026-09-30T12:59:54-10:00job:github_sync_all | * branch            main       -> FETCH_HEAD
2026-09-30T12:59:54-10:00job:github_sync_all | ↑ [database] local is ahead of GitHub
2026-09-30T12:59:54-10:00job:github_sync_all | To github.com:RootRecord-Software-Solutions/RootRecord-Database.git
2026-09-30T12:59:54-10:00job:github_sync_all | 2d5eb99..d5250d8  HEAD -> main
2026-09-30T12:59:54-10:00job:github_sync_all | branch 'main' set up to track 'origin/main'.
2026-09-30T12:59:54-10:00job:github_sync_all | ↑ [database] 15 files → RootRecord-Software-Solutions/RootRecord-Database (main)
2026-09-30T12:59:54-10:00job:github_sync_all | — [library] no local changes
2026-09-30T12:59:54-10:00job:github_sync_all | ↓ [library] fetching origin/main
2026-09-30T12:59:54-10:00job:github_sync_all | From github.com:RootRecord-Software-Solutions/RootRecord-Library
2026-09-30T12:59:54-10:00job:github_sync_all | * branch            main       -> FETCH_HEAD
2026-09-30T12:59:54-10:00job:github_sync_all | — [library] local and GitHub already match
2026-09-30T12:59:54-10:00job:github_sync_all | — [library] nothing to push
2026-09-30T12:59:54-10:00job:github_sync_all | — [skills] no local changes
2026-09-30T12:59:54-10:00job:github_sync_all | ↓ [skills] fetching origin/main
2026-09-30T12:59:54-10:00job:github_sync_all | From github.com:rootrecordsoftwaresolutions/Solar-Pacific-RootRecord-Server
2026-09-30T12:59:54-10:00job:github_sync_all | * branch            main       -> FETCH_HEAD
2026-09-30T12:59:54-10:00job:github_sync_all | — [skills] local and GitHub already match
2026-09-30T12:59:54-10:00job:github_sync_all | — [skills] nothing to push
2026-09-30T12:59:54-10:00job:security_camera_frame_grab RUN  bash "/home/rootrecord/RootRecord-Ecosystem/1 - Servers/1 - RootRecord-Pacific-Solar-Server/Security/Cameras/grab_all.sh"
2026-09-30T13:00:09-10:00job:security_camera_frame_grab | 12:59:54  📷  a-eyes  ch1 → ch1-20260930T225954Z.jpg  (495.4 KB, 4.52s)
2026-09-30T13:00:09-10:00job:security_camera_frame_grab | 12:59:58  📷  a-eyes  ch2 → ch2-20260930T225958Z.jpg  (284.0 KB, 4.36s)
2026-09-30T13:00:09-10:00job:security_camera_frame_grab | 13:00:03  📷  a-eyes  ch3 → ch3-20260930T230003Z.jpg  (406.1 KB, 4.38s)
2026-09-30T13:00:09-10:00job:security_camera_frame_grab | 13:00:07  📷  a-eyes  ch4 → ch4-20260930T230007Z.jpg  (11.7 KB, 1.58s)
2026-09-30T13:00:09-10:00ENERGY  status=live  B2=11.9%  B1=80.7%  solar=85 W  ac=92 W  usbc=74 W  src=/home/rootrecord/RootRecord-Ecosystem/2 - RootRecord-Database/Energy  LAP=100%/Full/AC
2026-09-30T13:00:24-10:00  ▸  SUMMARY=river2pro soc=79.42% solar=0W ac_out=79W usbc=56W src=ble db=ok
2026-09-30T13:00:24-10:00job:sys_stats_cycle RUN  bash "/home/rootrecord/RootRecord-Ecosystem/1 - Servers/1 - RootRecord-Pacific-Solar-Server/System/scripts/sys-sample.sh"
2026-09-30T13:00:25-10:00job:sys_stats_cycle | SYSTEM  cpu=8%  load=1.22  mem=68%  src=sqlite
2026-09-30T13:00:25-10:00job:sys_stats_cycle | OK wrote /home/rootrecord/RootRecord-Ecosystem/2 - RootRecord-Database/System/samples/sys-20260930-130024.json
2026-09-30T13:01:22-10:00job:github_sync_all | — [ecosystem] no committable local changes
2026-09-30T13:01:22-10:00job:github_sync_all | ↓ [ecosystem] fetching origin/main
2026-09-30T13:01:22-10:00job:github_sync_all | From github.com:RootRecord-Software-Solutions/RootRecord-Ecosystem
2026-09-30T13:01:22-10:00job:github_sync_all | * branch            main       -> FETCH_HEAD
2026-09-30T13:01:22-10:00job:github_sync_all | — [ecosystem] local and GitHub already match
2026-09-30T13:01:22-10:00job:github_sync_all | — [ecosystem] nothing to push
2026-09-30T13:01:22-10:00job:github_sync_all | — [pacific] no local changes
2026-09-30T13:01:22-10:00job:github_sync_all | ↓ [pacific] fetching origin/main
2026-09-30T13:01:22-10:00job:github_sync_all | From github.com:RootRecord-Software-Solutions/RootRecord-Pacific-Solar-Server
2026-09-30T13:01:22-10:00job:github_sync_all | * branch            main       -> FETCH_HEAD
2026-09-30T13:01:22-10:00job:github_sync_all | — [pacific] local and GitHub already match
2026-09-30T13:01:22-10:00job:github_sync_all | — [pacific] nothing to push
2026-09-30T13:01:22-10:00job:github_sync_all | ↑ [database] committed 15 local file(s)
2026-09-30T13:01:22-10:00job:github_sync_all | ↓ [database] fetching origin/main
2026-09-30T13:01:22-10:00job:github_sync_all | From github.com:RootRecord-Software-Solutions/RootRecord-Database
2026-09-30T13:01:22-10:00job:github_sync_all | * branch            main       -> FETCH_HEAD
2026-09-30T13:01:22-10:00job:github_sync_all | ↑ [database] local is ahead of GitHub
2026-09-30T13:01:22-10:00job:github_sync_all | To github.com:RootRecord-Software-Solutions/RootRecord-Database.git
2026-09-30T13:01:22-10:00job:github_sync_all | d5250d8..9d0a934  HEAD -> main
2026-09-30T13:01:22-10:00job:github_sync_all | branch 'main' set up to track 'origin/main'.
2026-09-30T13:01:22-10:00job:github_sync_all | ↑ [database] 15 files → RootRecord-Software-Solutions/RootRecord-Database (main)
2026-09-30T13:01:22-10:00job:github_sync_all | — [library] no local changes
2026-09-30T13:01:22-10:00job:github_sync_all | ↓ [library] fetching origin/main
2026-09-30T13:01:22-10:00job:github_sync_all | From github.com:RootRecord-Software-Solutions/RootRecord-Library
2026-09-30T13:01:22-10:00job:github_sync_all | * branch            main       -> FETCH_HEAD
2026-09-30T13:01:22-10:00job:github_sync_all | — [library] local and GitHub already match
2026-09-30T13:01:22-10:00job:github_sync_all | — [library] nothing to push
2026-09-30T13:01:22-10:00job:github_sync_all | — [skills] no local changes
2026-09-30T13:01:22-10:00job:github_sync_all | ↓ [skills] fetching origin/main
2026-09-30T13:01:22-10:00job:github_sync_all | From github.com:rootrecordsoftwaresolutions/Solar-Pacific-RootRecord-Server
2026-09-30T13:01:22-10:00job:github_sync_all | * branch            main       -> FETCH_HEAD
2026-09-30T13:01:22-10:00job:github_sync_all | — [skills] local and GitHub already match
2026-09-30T13:01:22-10:00job:github_sync_all | — [skills] nothing to push
2026-09-30T13:01:22-10:00job:worklog_scan RUN  bash "/home/rootrecord/RootRecord-Ecosystem/1 - Servers/1 - RootRecord-Pacific-Solar-Server/Reports/scripts/worklog_once.sh"
2026-09-30T13:01:27-10:00job:worklog_scan | OK wrote/updated /home/rootrecord/RootRecord-Ecosystem/2 - RootRecord-Database/Worklog/worklog_current.md
2026-09-30T13:01:27-10:00job:security_camera_frame_grab RUN  bash "/home/rootrecord/RootRecord-Ecosystem/1 - Servers/1 - RootRecord-Pacific-Solar-Server/Security/Cameras/grab_all.sh"
2026-09-30T13:01:42-10:00job:security_camera_frame_grab | 13:01:27  📷  a-eyes  ch1 → ch1-20260930T230127Z.jpg  (487.5 KB, 4.57s)
2026-09-30T13:01:42-10:00job:security_camera_frame_grab | 13:01:31  📷  a-eyes  ch2 → ch2-20260930T230131Z.jpg  (296.8 KB, 4.41s)
2026-09-30T13:01:42-10:00job:security_camera_frame_grab | 13:01:36  📷  a-eyes  ch3 → ch3-20260930T230136Z.jpg  (404.5 KB, 4.48s)
2026-09-30T13:01:42-10:00job:security_camera_frame_grab | 13:01:40  📷  a-eyes  ch4 → ch4-20260930T230140Z.jpg  (11.6 KB, 1.79s)
2026-09-30T13:01:42-10:00job:automations_log_hourly_archive RUN  bash "/home/rootrecord/RootRecord-Ecosystem/1 - Servers/1 - RootRecord-Pacific-Solar-Server/Automations/scripts/archive_automations_log_hourly.sh"
