2026-09-29T02:01:06-10:00job:automations_log_hourly_archive OK
2026-09-29T02:01:06-10:00job:security_timelapse_hourly_compile RUN  bash "/home/rootrecord/RootRecord-Ecosystem/1 - Servers/1 - RootRecord-Pacific-Solar-Server/Security/Cameras/timelapse_hourly.sh"
2026-09-29T02:01:06-10:00job:security_timelapse_hourly_compile | 02:01:06  🎬  a-eyes-timelapse  hour 01 is outside the 05:00-19:00 window, skipping
2026-09-29T02:01:07-10:00  ▸  SUMMARY=river2pro soc=0% solar=0W ac_out=73W usbc=95W src=api db=ok
2026-09-29T02:01:07-10:00job:sys_stats_cycle RUN  bash "/home/rootrecord/RootRecord-Ecosystem/1 - Servers/1 - RootRecord-Pacific-Solar-Server/System/scripts/sys-sample.sh"
2026-09-29T02:01:08-10:00job:sys_stats_cycle | SYSTEM  cpu=22%  load=1.67  mem=60%  src=sqlite
2026-09-29T02:01:08-10:00job:sys_stats_cycle | OK wrote /home/rootrecord/RootRecord-Ecosystem/2 - RootRecord-Database/SYSTEM/samples/sys-20260929-020108.json
2026-09-29T02:01:34-10:00job:github_sync_all | — [pacific] no local changes
2026-09-29T02:01:34-10:00job:github_sync_all | ↓ [pacific] fetching origin/main
2026-09-29T02:01:34-10:00job:github_sync_all | From github.com:RootRecord-Software-Solutions/RootRecord-Pacific-Solar-Server
2026-09-29T02:01:34-10:00job:github_sync_all | * branch            main       -> FETCH_HEAD
2026-09-29T02:01:34-10:00job:github_sync_all | — [pacific] local and GitHub already match
2026-09-29T02:01:34-10:00job:github_sync_all | — [pacific] nothing to push
2026-09-29T02:01:34-10:00job:github_sync_all | ↑ [database] committed 20 local file(s)
2026-09-29T02:01:34-10:00job:github_sync_all | ↓ [database] fetching origin/main
2026-09-29T02:01:34-10:00job:github_sync_all | From github.com:RootRecord-Software-Solutions/RootRecord-Database
2026-09-29T02:01:34-10:00job:github_sync_all | * branch            main       -> FETCH_HEAD
2026-09-29T02:01:34-10:00job:github_sync_all | ↑ [database] local is ahead of GitHub
2026-09-29T02:01:34-10:00job:github_sync_all | To github.com:RootRecord-Software-Solutions/RootRecord-Database.git
2026-09-29T02:01:34-10:00job:github_sync_all | 4ff8799..aafe22a  HEAD -> main
2026-09-29T02:01:34-10:00job:github_sync_all | branch 'main' set up to track 'origin/main'.
2026-09-29T02:01:34-10:00job:github_sync_all | ↑ [database] 20 files → RootRecord-Software-Solutions/RootRecord-Database (main)
2026-09-29T02:01:34-10:00job:github_sync_all | — [library] no local changes
2026-09-29T02:01:34-10:00job:github_sync_all | ↓ [library] fetching origin/main
2026-09-29T02:01:34-10:00job:github_sync_all | From github.com:RootRecord-Software-Solutions/RootRecord-Library
2026-09-29T02:01:34-10:00job:github_sync_all | * branch            main       -> FETCH_HEAD
2026-09-29T02:01:34-10:00job:github_sync_all | — [library] local and GitHub already match
2026-09-29T02:01:34-10:00job:github_sync_all | — [library] nothing to push
2026-09-29T02:01:34-10:00job:github_sync_all | — [skills] no local changes
2026-09-29T02:01:34-10:00job:github_sync_all | ↓ [skills] fetching origin/main
2026-09-29T02:01:34-10:00job:github_sync_all | From github.com:rootrecordsoftwaresolutions/Solar-Pacific-RootRecord-Server
2026-09-29T02:01:34-10:00job:github_sync_all | * branch            main       -> FETCH_HEAD
2026-09-29T02:01:34-10:00job:github_sync_all | — [skills] local and GitHub already match
2026-09-29T02:01:34-10:00job:github_sync_all | — [skills] nothing to push
2026-09-29T02:01:34-10:00job:security_camera_frame_grab RUN  bash "/home/rootrecord/RootRecord-Ecosystem/1 - Servers/1 - RootRecord-Pacific-Solar-Server/Security/Cameras/grab_all.sh"
2026-09-29T02:01:46-10:00job:security_camera_frame_grab | 02:01:34  📷  a-eyes  ch1 → ch1-20260929T120134Z.jpg  (300.9 KB, 4.39s)
2026-09-29T02:01:46-10:00job:security_camera_frame_grab | 02:01:38  📷  a-eyes  ch2 → ch2-20260929T120138Z.jpg  (345.4 KB, 4.47s)
2026-09-29T02:01:46-10:00job:security_camera_frame_grab | 02:01:43  📷  a-eyes  ch3 → ch3-20260929T120143Z.jpg  (11.9 KB, 1.64s)
2026-09-29T02:01:46-10:00job:security_camera_frame_grab | 02:01:44  📷  a-eyes  ch4 → ch4-20260929T120144Z.jpg  (11.9 KB, 1.42s)
2026-09-29T02:01:46-10:00ENERGY  status=live  B2=78%  B1=0%  solar=0 W  ac=0 W  usbc=29 W  src=/home/rootrecord/RootRecord-Ecosystem/2 - RootRecord-Database/ENERGY
2026-09-29T02:01:47-10:00  ▸  SUMMARY=river2pro soc=0% solar=0W ac_out=73W usbc=95W src=api db=ok
2026-09-29T02:01:47-10:00job:sys_stats_cycle RUN  bash "/home/rootrecord/RootRecord-Ecosystem/1 - Servers/1 - RootRecord-Pacific-Solar-Server/System/scripts/sys-sample.sh"
2026-09-29T02:01:48-10:00job:sys_stats_cycle | SYSTEM  cpu=15%  load=1.57  mem=61%  src=sqlite
2026-09-29T02:01:48-10:00job:sys_stats_cycle | OK wrote /home/rootrecord/RootRecord-Ecosystem/2 - RootRecord-Database/SYSTEM/samples/sys-20260929-020147.json
2026-09-29T02:02:15-10:00job:github_sync_all | — [pacific] no local changes
2026-09-29T02:02:15-10:00job:github_sync_all | ↓ [pacific] fetching origin/main
2026-09-29T02:02:15-10:00job:github_sync_all | From github.com:RootRecord-Software-Solutions/RootRecord-Pacific-Solar-Server
2026-09-29T02:02:15-10:00job:github_sync_all | * branch            main       -> FETCH_HEAD
2026-09-29T02:02:15-10:00job:github_sync_all | — [pacific] local and GitHub already match
2026-09-29T02:02:15-10:00job:github_sync_all | — [pacific] nothing to push
2026-09-29T02:02:15-10:00job:github_sync_all | ↑ [database] committed 20 local file(s)
2026-09-29T02:02:15-10:00job:github_sync_all | ↓ [database] fetching origin/main
2026-09-29T02:02:15-10:00job:github_sync_all | From github.com:RootRecord-Software-Solutions/RootRecord-Database
2026-09-29T02:02:15-10:00job:github_sync_all | * branch            main       -> FETCH_HEAD
2026-09-29T02:02:15-10:00job:github_sync_all | ↑ [database] local is ahead of GitHub
2026-09-29T02:02:15-10:00job:github_sync_all | To github.com:RootRecord-Software-Solutions/RootRecord-Database.git
2026-09-29T02:02:15-10:00job:github_sync_all | aafe22a..51c1a4e  HEAD -> main
2026-09-29T02:02:15-10:00job:github_sync_all | branch 'main' set up to track 'origin/main'.
2026-09-29T02:02:15-10:00job:github_sync_all | ↑ [database] 20 files → RootRecord-Software-Solutions/RootRecord-Database (main)
2026-09-29T02:02:15-10:00job:github_sync_all | ↑ [library] committed 1 local file(s)
2026-09-29T02:02:15-10:00job:github_sync_all | ↓ [library] fetching origin/main
2026-09-29T02:02:15-10:00job:github_sync_all | From github.com:RootRecord-Software-Solutions/RootRecord-Library
2026-09-29T02:02:15-10:00job:github_sync_all | * branch            main       -> FETCH_HEAD
2026-09-29T02:02:15-10:00job:github_sync_all | ↑ [library] local is ahead of GitHub
2026-09-29T02:02:15-10:00job:github_sync_all | To github.com:RootRecord-Software-Solutions/RootRecord-Library.git
2026-09-29T02:02:15-10:00job:github_sync_all | f16615a..f241e2d  HEAD -> main
2026-09-29T02:02:15-10:00job:github_sync_all | branch 'main' set up to track 'origin/main'.
2026-09-29T02:02:15-10:00job:github_sync_all | ↑ [library] 1 files → RootRecord-Software-Solutions/RootRecord-Library (main)
2026-09-29T02:02:15-10:00job:github_sync_all | — [skills] no local changes
2026-09-29T02:02:15-10:00job:github_sync_all | ↓ [skills] fetching origin/main
2026-09-29T02:02:15-10:00job:github_sync_all | From github.com:rootrecordsoftwaresolutions/Solar-Pacific-RootRecord-Server
2026-09-29T02:02:15-10:00job:github_sync_all | * branch            main       -> FETCH_HEAD
2026-09-29T02:02:15-10:00job:github_sync_all | — [skills] local and GitHub already match
2026-09-29T02:02:15-10:00job:github_sync_all | — [skills] nothing to push
2026-09-29T02:02:15-10:00job:security_camera_frame_grab RUN  bash "/home/rootrecord/RootRecord-Ecosystem/1 - Servers/1 - RootRecord-Pacific-Solar-Server/Security/Cameras/grab_all.sh"
2026-09-29T02:02:28-10:00job:security_camera_frame_grab | 02:02:15  📷  a-eyes  ch1 → ch1-20260929T120215Z.jpg  (302.7 KB, 4.64s)
2026-09-29T02:02:28-10:00job:security_camera_frame_grab | 02:02:20  📷  a-eyes  ch2 → ch2-20260929T120220Z.jpg  (337.1 KB, 4.37s)
2026-09-29T02:02:28-10:00job:security_camera_frame_grab | 02:02:24  📷  a-eyes  ch3 → ch3-20260929T120224Z.jpg  (12.1 KB, 1.64s)
2026-09-29T02:02:28-10:00job:security_camera_frame_grab | 02:02:26  📷  a-eyes  ch4 → ch4-20260929T120226Z.jpg  (12.0 KB, 1.61s)
2026-09-29T02:02:29-10:00  ▸  SUMMARY=river2pro soc=0% solar=0W ac_out=73W usbc=95W src=api db=ok
2026-09-29T02:02:29-10:00job:sys_stats_cycle RUN  bash "/home/rootrecord/RootRecord-Ecosystem/1 - Servers/1 - RootRecord-Pacific-Solar-Server/System/scripts/sys-sample.sh"
2026-09-29T02:02:30-10:00job:sys_stats_cycle | SYSTEM  cpu=19%  load=1.60  mem=60%  src=sqlite
2026-09-29T02:02:30-10:00job:sys_stats_cycle | OK wrote /home/rootrecord/RootRecord-Ecosystem/2 - RootRecord-Database/SYSTEM/samples/sys-20260929-020229.json
2026-09-29T02:02:55-10:00job:github_sync_all | — [pacific] no local changes
2026-09-29T02:02:55-10:00job:github_sync_all | ↓ [pacific] fetching origin/main
2026-09-29T02:02:55-10:00job:github_sync_all | From github.com:RootRecord-Software-Solutions/RootRecord-Pacific-Solar-Server
2026-09-29T02:02:55-10:00job:github_sync_all | * branch            main       -> FETCH_HEAD
2026-09-29T02:02:55-10:00job:github_sync_all | — [pacific] local and GitHub already match
2026-09-29T02:02:55-10:00job:github_sync_all | — [pacific] nothing to push
2026-09-29T02:02:55-10:00job:github_sync_all | ↑ [database] committed 12 local file(s)
2026-09-29T02:02:55-10:00job:github_sync_all | ↓ [database] fetching origin/main
2026-09-29T02:02:55-10:00job:github_sync_all | From github.com:RootRecord-Software-Solutions/RootRecord-Database
2026-09-29T02:02:55-10:00job:github_sync_all | * branch            main       -> FETCH_HEAD
2026-09-29T02:02:55-10:00job:github_sync_all | ↑ [database] local is ahead of GitHub
2026-09-29T02:02:55-10:00job:github_sync_all | To github.com:RootRecord-Software-Solutions/RootRecord-Database.git
2026-09-29T02:02:55-10:00job:github_sync_all | 51c1a4e..0755635  HEAD -> main
2026-09-29T02:02:55-10:00job:github_sync_all | branch 'main' set up to track 'origin/main'.
2026-09-29T02:02:55-10:00job:github_sync_all | ↑ [database] 12 files → RootRecord-Software-Solutions/RootRecord-Database (main)
2026-09-29T02:02:55-10:00job:github_sync_all | — [library] no local changes
2026-09-29T02:02:55-10:00job:github_sync_all | ↓ [library] fetching origin/main
2026-09-29T02:02:55-10:00job:github_sync_all | From github.com:RootRecord-Software-Solutions/RootRecord-Library
2026-09-29T02:02:55-10:00job:github_sync_all | * branch            main       -> FETCH_HEAD
2026-09-29T02:02:55-10:00job:github_sync_all | — [library] local and GitHub already match
2026-09-29T02:02:55-10:00job:github_sync_all | — [library] nothing to push
2026-09-29T02:02:55-10:00job:github_sync_all | — [skills] no local changes
2026-09-29T02:02:55-10:00job:github_sync_all | ↓ [skills] fetching origin/main
2026-09-29T02:02:55-10:00job:github_sync_all | From github.com:rootrecordsoftwaresolutions/Solar-Pacific-RootRecord-Server
2026-09-29T02:02:55-10:00job:github_sync_all | * branch            main       -> FETCH_HEAD
2026-09-29T02:02:55-10:00job:github_sync_all | — [skills] local and GitHub already match
2026-09-29T02:02:55-10:00job:github_sync_all | — [skills] nothing to push
2026-09-29T02:02:55-10:00job:worklog_scan RUN  bash "/home/rootrecord/RootRecord-Ecosystem/1 - Servers/1 - RootRecord-Pacific-Solar-Server/Reports/scripts/worklog_once.sh"
2026-09-29T02:02:58-10:00job:worklog_scan | OK wrote/updated /home/rootrecord/RootRecord-Ecosystem/2 - RootRecord-Database/WORKLOG/worklog_current.md
2026-09-29T02:02:58-10:00job:security_camera_frame_grab RUN  bash "/home/rootrecord/RootRecord-Ecosystem/1 - Servers/1 - RootRecord-Pacific-Solar-Server/Security/Cameras/grab_all.sh"
2026-09-29T02:03:10-10:00job:security_camera_frame_grab | 02:02:58  📷  a-eyes  ch1 → ch1-20260929T120258Z.jpg  (303.5 KB, 4.60s)
2026-09-29T02:03:10-10:00job:security_camera_frame_grab | 02:03:02  📷  a-eyes  ch2 → ch2-20260929T120302Z.jpg  (345.0 KB, 4.38s)
2026-09-29T02:03:10-10:00job:security_camera_frame_grab | 02:03:07  📷  a-eyes  ch3 → ch3-20260929T120307Z.jpg  (12.0 KB, 1.61s)
2026-09-29T02:03:10-10:00job:security_camera_frame_grab | 02:03:08  📷  a-eyes  ch4 → ch4-20260929T120308Z.jpg  (12.0 KB, 1.72s)
2026-09-29T02:03:10-10:00ENERGY  status=live  B2=78%  B1=0%  solar=0 W  ac=0 W  usbc=29 W  src=/home/rootrecord/RootRecord-Ecosystem/2 - RootRecord-Database/ENERGY
2026-09-29T02:03:11-10:00  ▸  SUMMARY=delta2 soc=78% solar=0W ac_out=0W usbc=29W src=api db=ok
2026-09-29T02:03:11-10:00job:sys_stats_cycle RUN  bash "/home/rootrecord/RootRecord-Ecosystem/1 - Servers/1 - RootRecord-Pacific-Solar-Server/System/scripts/sys-sample.sh"
2026-09-29T02:03:12-10:00job:sys_stats_cycle | SYSTEM  cpu=19%  load=1.54  mem=60%  src=sqlite
2026-09-29T02:03:12-10:00job:sys_stats_cycle | OK wrote /home/rootrecord/RootRecord-Ecosystem/2 - RootRecord-Database/SYSTEM/samples/sys-20260929-020312.json
2026-09-29T02:03:38-10:00job:github_sync_all | — [pacific] no local changes
2026-09-29T02:03:38-10:00job:github_sync_all | ↓ [pacific] fetching origin/main
2026-09-29T02:03:38-10:00job:github_sync_all | From github.com:RootRecord-Software-Solutions/RootRecord-Pacific-Solar-Server
2026-09-29T02:03:38-10:00job:github_sync_all | * branch            main       -> FETCH_HEAD
2026-09-29T02:03:38-10:00job:github_sync_all | — [pacific] local and GitHub already match
2026-09-29T02:03:38-10:00job:github_sync_all | — [pacific] nothing to push
2026-09-29T02:03:38-10:00job:github_sync_all | ↑ [database] committed 15 local file(s)
2026-09-29T02:03:38-10:00job:github_sync_all | ↓ [database] fetching origin/main
2026-09-29T02:03:38-10:00job:github_sync_all | From github.com:RootRecord-Software-Solutions/RootRecord-Database
2026-09-29T02:03:38-10:00job:github_sync_all | * branch            main       -> FETCH_HEAD
2026-09-29T02:03:38-10:00job:github_sync_all | ↑ [database] local is ahead of GitHub
2026-09-29T02:03:38-10:00job:github_sync_all | To github.com:RootRecord-Software-Solutions/RootRecord-Database.git
2026-09-29T02:03:38-10:00job:github_sync_all | 0755635..5225d75  HEAD -> main
2026-09-29T02:03:38-10:00job:github_sync_all | branch 'main' set up to track 'origin/main'.
2026-09-29T02:03:38-10:00job:github_sync_all | ↑ [database] 15 files → RootRecord-Software-Solutions/RootRecord-Database (main)
2026-09-29T02:03:38-10:00job:github_sync_all | — [library] no local changes
2026-09-29T02:03:38-10:00job:github_sync_all | ↓ [library] fetching origin/main
2026-09-29T02:03:38-10:00job:github_sync_all | From github.com:RootRecord-Software-Solutions/RootRecord-Library
2026-09-29T02:03:38-10:00job:github_sync_all | * branch            main       -> FETCH_HEAD
2026-09-29T02:03:38-10:00job:github_sync_all | — [library] local and GitHub already match
2026-09-29T02:03:38-10:00job:github_sync_all | — [library] nothing to push
2026-09-29T02:03:38-10:00job:github_sync_all | — [skills] no local changes
2026-09-29T02:03:38-10:00job:github_sync_all | ↓ [skills] fetching origin/main
2026-09-29T02:03:38-10:00job:github_sync_all | From github.com:rootrecordsoftwaresolutions/Solar-Pacific-RootRecord-Server
2026-09-29T02:03:38-10:00job:github_sync_all | * branch            main       -> FETCH_HEAD
2026-09-29T02:03:38-10:00job:github_sync_all | — [skills] local and GitHub already match
2026-09-29T02:03:38-10:00job:github_sync_all | — [skills] nothing to push
2026-09-29T02:03:38-10:00job:security_camera_frame_grab RUN  bash "/home/rootrecord/RootRecord-Ecosystem/1 - Servers/1 - RootRecord-Pacific-Solar-Server/Security/Cameras/grab_all.sh"
2026-09-29T02:03:51-10:00job:security_camera_frame_grab | 02:03:39  📷  a-eyes  ch1 → ch1-20260929T120339Z.jpg  (304.8 KB, 4.35s)
2026-09-29T02:03:51-10:00job:security_camera_frame_grab | 02:03:43  📷  a-eyes  ch2 → ch2-20260929T120343Z.jpg  (346.3 KB, 4.38s)
2026-09-29T02:03:51-10:00job:security_camera_frame_grab | 02:03:47  📷  a-eyes  ch3 → ch3-20260929T120347Z.jpg  (12.0 KB, 1.75s)
2026-09-29T02:03:51-10:00job:security_camera_frame_grab | 02:03:49  📷  a-eyes  ch4 → ch4-20260929T120349Z.jpg  (12.0 KB, 1.56s)
2026-09-29T02:03:52-10:00  ▸  SUMMARY=delta2 soc=78% solar=0W ac_out=0W usbc=29W src=api db=ok
2026-09-29T02:03:52-10:00job:sys_stats_cycle RUN  bash "/home/rootrecord/RootRecord-Ecosystem/1 - Servers/1 - RootRecord-Pacific-Solar-Server/System/scripts/sys-sample.sh"
2026-09-29T02:03:52-10:00job:sys_stats_cycle | SYSTEM  cpu=13%  load=1.57  mem=60%  src=sqlite
2026-09-29T02:03:52-10:00job:sys_stats_cycle | OK wrote /home/rootrecord/RootRecord-Ecosystem/2 - RootRecord-Database/SYSTEM/samples/sys-20260929-020352.json
2026-09-29T02:04:18-10:00job:github_sync_all | — [pacific] no local changes
2026-09-29T02:04:18-10:00job:github_sync_all | ↓ [pacific] fetching origin/main
2026-09-29T02:04:18-10:00job:github_sync_all | From github.com:RootRecord-Software-Solutions/RootRecord-Pacific-Solar-Server
2026-09-29T02:04:18-10:00job:github_sync_all | * branch            main       -> FETCH_HEAD
2026-09-29T02:04:18-10:00job:github_sync_all | — [pacific] local and GitHub already match
2026-09-29T02:04:18-10:00job:github_sync_all | — [pacific] nothing to push
2026-09-29T02:04:18-10:00job:github_sync_all | ↑ [database] committed 11 local file(s)
2026-09-29T02:04:18-10:00job:github_sync_all | ↓ [database] fetching origin/main
2026-09-29T02:04:18-10:00job:github_sync_all | From github.com:RootRecord-Software-Solutions/RootRecord-Database
2026-09-29T02:04:18-10:00job:github_sync_all | * branch            main       -> FETCH_HEAD
2026-09-29T02:04:18-10:00job:github_sync_all | ↑ [database] local is ahead of GitHub
2026-09-29T02:04:18-10:00job:github_sync_all | To github.com:RootRecord-Software-Solutions/RootRecord-Database.git
2026-09-29T02:04:18-10:00job:github_sync_all | 5225d75..609c12a  HEAD -> main
2026-09-29T02:04:18-10:00job:github_sync_all | branch 'main' set up to track 'origin/main'.
2026-09-29T02:04:18-10:00job:github_sync_all | ↑ [database] 11 files → RootRecord-Software-Solutions/RootRecord-Database (main)
2026-09-29T02:04:18-10:00job:github_sync_all | — [library] no local changes
2026-09-29T02:04:18-10:00job:github_sync_all | ↓ [library] fetching origin/main
2026-09-29T02:04:18-10:00job:github_sync_all | From github.com:RootRecord-Software-Solutions/RootRecord-Library
2026-09-29T02:04:18-10:00job:github_sync_all | * branch            main       -> FETCH_HEAD
2026-09-29T02:04:18-10:00job:github_sync_all | — [library] local and GitHub already match
2026-09-29T02:04:18-10:00job:github_sync_all | — [library] nothing to push
2026-09-29T02:04:18-10:00job:github_sync_all | — [skills] no local changes
2026-09-29T02:04:18-10:00job:github_sync_all | ↓ [skills] fetching origin/main
2026-09-29T02:04:18-10:00job:github_sync_all | From github.com:rootrecordsoftwaresolutions/Solar-Pacific-RootRecord-Server
2026-09-29T02:04:18-10:00job:github_sync_all | * branch            main       -> FETCH_HEAD
2026-09-29T02:04:18-10:00job:github_sync_all | — [skills] local and GitHub already match
2026-09-29T02:04:18-10:00job:github_sync_all | — [skills] nothing to push
2026-09-29T02:04:18-10:00job:security_camera_frame_grab RUN  bash "/home/rootrecord/RootRecord-Ecosystem/1 - Servers/1 - RootRecord-Pacific-Solar-Server/Security/Cameras/grab_all.sh"
2026-09-29T02:04:30-10:00job:security_camera_frame_grab | 02:04:18  📷  a-eyes  ch1 → ch1-20260929T120418Z.jpg  (298.3 KB, 4.31s)
2026-09-29T02:04:30-10:00job:security_camera_frame_grab | 02:04:22  📷  a-eyes  ch2 → ch2-20260929T120422Z.jpg  (346.2 KB, 4.37s)
2026-09-29T02:04:30-10:00job:security_camera_frame_grab | 02:04:27  📷  a-eyes  ch3 → ch3-20260929T120427Z.jpg  (12.0 KB, 1.51s)
2026-09-29T02:04:30-10:00job:security_camera_frame_grab | 02:04:28  📷  a-eyes  ch4 → ch4-20260929T120428Z.jpg  (12.0 KB, 1.50s)
2026-09-29T02:04:30-10:00ENERGY  status=live  B2=78%  B1=0%  solar=0 W  ac=0 W  usbc=29 W  src=/home/rootrecord/RootRecord-Ecosystem/2 - RootRecord-Database/ENERGY
2026-09-29T02:04:31-10:00  ▸  SUMMARY=delta2 soc=78% solar=0W ac_out=0W usbc=29W src=api db=ok
2026-09-29T02:04:31-10:00job:sys_stats_cycle RUN  bash "/home/rootrecord/RootRecord-Ecosystem/1 - Servers/1 - RootRecord-Pacific-Solar-Server/System/scripts/sys-sample.sh"
2026-09-29T02:04:31-10:00job:sys_stats_cycle | SYSTEM  cpu=18%  load=2.15  mem=60%  src=sqlite
2026-09-29T02:04:31-10:00job:sys_stats_cycle | OK wrote /home/rootrecord/RootRecord-Ecosystem/2 - RootRecord-Database/SYSTEM/samples/sys-20260929-020431.json
2026-09-29T02:04:57-10:00job:github_sync_all | — [pacific] no local changes
2026-09-29T02:04:57-10:00job:github_sync_all | ↓ [pacific] fetching origin/main
2026-09-29T02:04:57-10:00job:github_sync_all | From github.com:RootRecord-Software-Solutions/RootRecord-Pacific-Solar-Server
2026-09-29T02:04:57-10:00job:github_sync_all | * branch            main       -> FETCH_HEAD
2026-09-29T02:04:57-10:00job:github_sync_all | — [pacific] local and GitHub already match
2026-09-29T02:04:57-10:00job:github_sync_all | — [pacific] nothing to push
2026-09-29T02:04:57-10:00job:github_sync_all | ↑ [database] committed 12 local file(s)
2026-09-29T02:04:57-10:00job:github_sync_all | ↓ [database] fetching origin/main
2026-09-29T02:04:57-10:00job:github_sync_all | From github.com:RootRecord-Software-Solutions/RootRecord-Database
2026-09-29T02:04:57-10:00job:github_sync_all | * branch            main       -> FETCH_HEAD
2026-09-29T02:04:57-10:00job:github_sync_all | ↑ [database] local is ahead of GitHub
2026-09-29T02:04:57-10:00job:github_sync_all | To github.com:RootRecord-Software-Solutions/RootRecord-Database.git
2026-09-29T02:04:57-10:00job:github_sync_all | 609c12a..ba586cb  HEAD -> main
2026-09-29T02:04:57-10:00job:github_sync_all | branch 'main' set up to track 'origin/main'.
2026-09-29T02:04:57-10:00job:github_sync_all | ↑ [database] 12 files → RootRecord-Software-Solutions/RootRecord-Database (main)
2026-09-29T02:04:57-10:00job:github_sync_all | — [library] no local changes
2026-09-29T02:04:57-10:00job:github_sync_all | ↓ [library] fetching origin/main
2026-09-29T02:04:57-10:00job:github_sync_all | From github.com:RootRecord-Software-Solutions/RootRecord-Library
2026-09-29T02:04:57-10:00job:github_sync_all | * branch            main       -> FETCH_HEAD
2026-09-29T02:04:57-10:00job:github_sync_all | — [library] local and GitHub already match
2026-09-29T02:04:57-10:00job:github_sync_all | — [library] nothing to push
2026-09-29T02:04:57-10:00job:github_sync_all | — [skills] no local changes
2026-09-29T02:04:57-10:00job:github_sync_all | ↓ [skills] fetching origin/main
2026-09-29T02:04:57-10:00job:github_sync_all | From github.com:rootrecordsoftwaresolutions/Solar-Pacific-RootRecord-Server
2026-09-29T02:04:57-10:00job:github_sync_all | * branch            main       -> FETCH_HEAD
2026-09-29T02:04:57-10:00job:github_sync_all | — [skills] local and GitHub already match
2026-09-29T02:04:57-10:00job:github_sync_all | — [skills] nothing to push
2026-09-29T02:04:57-10:00job:worklog_scan RUN  bash "/home/rootrecord/RootRecord-Ecosystem/1 - Servers/1 - RootRecord-Pacific-Solar-Server/Reports/scripts/worklog_once.sh"
2026-09-29T02:05:00-10:00job:worklog_scan | OK wrote/updated /home/rootrecord/RootRecord-Ecosystem/2 - RootRecord-Database/WORKLOG/worklog_current.md
2026-09-29T02:05:00-10:00job:security_camera_frame_grab RUN  bash "/home/rootrecord/RootRecord-Ecosystem/1 - Servers/1 - RootRecord-Pacific-Solar-Server/Security/Cameras/grab_all.sh"
2026-09-29T02:05:12-10:00job:security_camera_frame_grab | 02:05:00  📷  a-eyes  ch1 → ch1-20260929T120500Z.jpg  (301.0 KB, 4.47s)
2026-09-29T02:05:12-10:00job:security_camera_frame_grab | 02:05:04  📷  a-eyes  ch2 → ch2-20260929T120504Z.jpg  (343.4 KB, 4.38s)
2026-09-29T02:05:12-10:00job:security_camera_frame_grab | 02:05:09  📷  a-eyes  ch3 → ch3-20260929T120509Z.jpg  (12.0 KB, 1.61s)
2026-09-29T02:05:12-10:00job:security_camera_frame_grab | 02:05:10  📷  a-eyes  ch4 → ch4-20260929T120510Z.jpg  (12.0 KB, 1.71s)
2026-09-29T02:05:14-10:00  ▸  SUMMARY=delta2 soc=78% solar=0W ac_out=0W usbc=29W src=api db=ok
2026-09-29T02:05:14-10:00job:sys_stats_cycle RUN  bash "/home/rootrecord/RootRecord-Ecosystem/1 - Servers/1 - RootRecord-Pacific-Solar-Server/System/scripts/sys-sample.sh"
2026-09-29T02:05:14-10:00job:sys_stats_cycle | SYSTEM  cpu=19%  load=2.17  mem=60%  src=sqlite
2026-09-29T02:05:14-10:00job:sys_stats_cycle | OK wrote /home/rootrecord/RootRecord-Ecosystem/2 - RootRecord-Database/SYSTEM/samples/sys-20260929-020514.json
2026-09-29T02:05:42-10:00job:github_sync_all | — [pacific] no local changes
2026-09-29T02:05:42-10:00job:github_sync_all | ↓ [pacific] fetching origin/main
2026-09-29T02:05:42-10:00job:github_sync_all | From github.com:RootRecord-Software-Solutions/RootRecord-Pacific-Solar-Server
2026-09-29T02:05:42-10:00job:github_sync_all | * branch            main       -> FETCH_HEAD
2026-09-29T02:05:42-10:00job:github_sync_all | — [pacific] local and GitHub already match
2026-09-29T02:05:42-10:00job:github_sync_all | — [pacific] nothing to push
2026-09-29T02:05:42-10:00job:github_sync_all | ↑ [database] committed 16 local file(s)
2026-09-29T02:05:42-10:00job:github_sync_all | ↓ [database] fetching origin/main
2026-09-29T02:05:42-10:00job:github_sync_all | From github.com:RootRecord-Software-Solutions/RootRecord-Database
2026-09-29T02:05:42-10:00job:github_sync_all | * branch            main       -> FETCH_HEAD
2026-09-29T02:05:42-10:00job:github_sync_all | ↑ [database] local is ahead of GitHub
2026-09-29T02:05:42-10:00job:github_sync_all | To github.com:RootRecord-Software-Solutions/RootRecord-Database.git
2026-09-29T02:05:42-10:00job:github_sync_all | ba586cb..9f81b97  HEAD -> main
2026-09-29T02:05:42-10:00job:github_sync_all | branch 'main' set up to track 'origin/main'.
2026-09-29T02:05:42-10:00job:github_sync_all | ↑ [database] 16 files → RootRecord-Software-Solutions/RootRecord-Database (main)
2026-09-29T02:05:42-10:00job:github_sync_all | — [library] no local changes
2026-09-29T02:05:42-10:00job:github_sync_all | ↓ [library] fetching origin/main
2026-09-29T02:05:42-10:00job:github_sync_all | From github.com:RootRecord-Software-Solutions/RootRecord-Library
2026-09-29T02:05:42-10:00job:github_sync_all | * branch            main       -> FETCH_HEAD
2026-09-29T02:05:42-10:00job:github_sync_all | — [library] local and GitHub already match
2026-09-29T02:05:42-10:00job:github_sync_all | — [library] nothing to push
2026-09-29T02:05:42-10:00job:github_sync_all | — [skills] no local changes
2026-09-29T02:05:42-10:00job:github_sync_all | ↓ [skills] fetching origin/main
2026-09-29T02:05:42-10:00job:github_sync_all | From github.com:rootrecordsoftwaresolutions/Solar-Pacific-RootRecord-Server
2026-09-29T02:05:42-10:00job:github_sync_all | * branch            main       -> FETCH_HEAD
2026-09-29T02:05:42-10:00job:github_sync_all | — [skills] local and GitHub already match
2026-09-29T02:05:42-10:00job:github_sync_all | — [skills] nothing to push
2026-09-29T02:05:42-10:00job:security_camera_frame_grab RUN  bash "/home/rootrecord/RootRecord-Ecosystem/1 - Servers/1 - RootRecord-Pacific-Solar-Server/Security/Cameras/grab_all.sh"
2026-09-29T02:05:59-10:00job:security_camera_frame_grab | 02:05:43  📷  a-eyes  ch1 → ch1-20260929T120543Z.jpg  (297.9 KB, 4.42s)
2026-09-29T02:05:59-10:00job:security_camera_frame_grab | 02:05:47  📷  a-eyes  ch2 → ch2-20260929T120547Z.jpg  (343.2 KB, 4.60s)
2026-09-29T02:05:59-10:00job:security_camera_frame_grab | 02:05:52  📷  a-eyes  ch3 → ch3-20260929T120552Z.jpg  (12.0 KB, 5.01s)
2026-09-29T02:05:59-10:00job:security_camera_frame_grab | 02:05:57  📷  a-eyes  ch4 → ch4-20260929T120557Z.jpg  (12.1 KB, 1.89s)
2026-09-29T02:05:59-10:00ENERGY  status=live  B2=78%  B1=0%  solar=0 W  ac=0 W  usbc=29 W  src=/home/rootrecord/RootRecord-Ecosystem/2 - RootRecord-Database/ENERGY
2026-09-29T02:06:00-10:00  ▸  SUMMARY=river2pro soc=0% solar=0W ac_out=73W usbc=95W src=api db=ok
2026-09-29T02:06:00-10:00job:sys_stats_cycle RUN  bash "/home/rootrecord/RootRecord-Ecosystem/1 - Servers/1 - RootRecord-Pacific-Solar-Server/System/scripts/sys-sample.sh"
2026-09-29T02:06:00-10:00job:sys_stats_cycle | SYSTEM  cpu=19%  load=2.09  mem=61%  src=sqlite
2026-09-29T02:06:00-10:00job:sys_stats_cycle | OK wrote /home/rootrecord/RootRecord-Ecosystem/2 - RootRecord-Database/SYSTEM/samples/sys-20260929-020600.json
2026-09-29T02:06:28-10:00job:github_sync_all | — [pacific] no local changes
2026-09-29T02:06:28-10:00job:github_sync_all | ↓ [pacific] fetching origin/main
2026-09-29T02:06:28-10:00job:github_sync_all | From github.com:RootRecord-Software-Solutions/RootRecord-Pacific-Solar-Server
2026-09-29T02:06:28-10:00job:github_sync_all | * branch            main       -> FETCH_HEAD
2026-09-29T02:06:28-10:00job:github_sync_all | — [pacific] local and GitHub already match
2026-09-29T02:06:28-10:00job:github_sync_all | — [pacific] nothing to push
2026-09-29T02:06:28-10:00job:github_sync_all | ↑ [database] committed 12 local file(s)
2026-09-29T02:06:28-10:00job:github_sync_all | ↓ [database] fetching origin/main
2026-09-29T02:06:28-10:00job:github_sync_all | From github.com:RootRecord-Software-Solutions/RootRecord-Database
2026-09-29T02:06:28-10:00job:github_sync_all | * branch            main       -> FETCH_HEAD
2026-09-29T02:06:28-10:00job:github_sync_all | ↑ [database] local is ahead of GitHub
2026-09-29T02:06:28-10:00job:github_sync_all | To github.com:RootRecord-Software-Solutions/RootRecord-Database.git
2026-09-29T02:06:28-10:00job:github_sync_all | 9f81b97..7a8c712  HEAD -> main
2026-09-29T02:06:28-10:00job:github_sync_all | branch 'main' set up to track 'origin/main'.
2026-09-29T02:06:28-10:00job:github_sync_all | ↑ [database] 12 files → RootRecord-Software-Solutions/RootRecord-Database (main)
2026-09-29T02:06:28-10:00job:github_sync_all | — [library] no local changes
2026-09-29T02:06:28-10:00job:github_sync_all | ↓ [library] fetching origin/main
2026-09-29T02:06:28-10:00job:github_sync_all | From github.com:RootRecord-Software-Solutions/RootRecord-Library
2026-09-29T02:06:28-10:00job:github_sync_all | * branch            main       -> FETCH_HEAD
2026-09-29T02:06:28-10:00job:github_sync_all | — [library] local and GitHub already match
2026-09-29T02:06:28-10:00job:github_sync_all | — [library] nothing to push
2026-09-29T02:06:28-10:00job:github_sync_all | — [skills] no local changes
2026-09-29T02:06:28-10:00job:github_sync_all | ↓ [skills] fetching origin/main
2026-09-29T02:06:28-10:00job:github_sync_all | From github.com:rootrecordsoftwaresolutions/Solar-Pacific-RootRecord-Server
2026-09-29T02:06:28-10:00job:github_sync_all | * branch            main       -> FETCH_HEAD
2026-09-29T02:06:28-10:00job:github_sync_all | — [skills] local and GitHub already match
2026-09-29T02:06:28-10:00job:github_sync_all | — [skills] nothing to push
2026-09-29T02:06:28-10:00job:security_camera_frame_grab RUN  bash "/home/rootrecord/RootRecord-Ecosystem/1 - Servers/1 - RootRecord-Pacific-Solar-Server/Security/Cameras/grab_all.sh"
2026-09-29T02:06:40-10:00job:security_camera_frame_grab | 02:06:28  📷  a-eyes  ch1 → ch1-20260929T120628Z.jpg  (301.4 KB, 4.38s)
2026-09-29T02:06:40-10:00job:security_camera_frame_grab | 02:06:33  📷  a-eyes  ch2 → ch2-20260929T120633Z.jpg  (344.7 KB, 4.47s)
2026-09-29T02:06:40-10:00job:security_camera_frame_grab | 02:06:37  📷  a-eyes  ch3 → ch3-20260929T120637Z.jpg  (12.0 KB, 1.51s)
2026-09-29T02:06:40-10:00job:security_camera_frame_grab | 02:06:39  📷  a-eyes  ch4 → ch4-20260929T120639Z.jpg  (12.0 KB, 1.46s)
2026-09-29T02:06:41-10:00  ▸  SUMMARY=delta2 soc=78% solar=0W ac_out=0W usbc=29W src=api db=ok
2026-09-29T02:06:41-10:00job:sys_stats_cycle RUN  bash "/home/rootrecord/RootRecord-Ecosystem/1 - Servers/1 - RootRecord-Pacific-Solar-Server/System/scripts/sys-sample.sh"
2026-09-29T02:06:42-10:00job:sys_stats_cycle | SYSTEM  cpu=21%  load=2.65  mem=60%  src=sqlite
2026-09-29T02:06:42-10:00job:sys_stats_cycle | OK wrote /home/rootrecord/RootRecord-Ecosystem/2 - RootRecord-Database/SYSTEM/samples/sys-20260929-020642.json
2026-09-29T02:07:07-10:00job:github_sync_all | — [pacific] no local changes
2026-09-29T02:07:07-10:00job:github_sync_all | ↓ [pacific] fetching origin/main
2026-09-29T02:07:07-10:00job:github_sync_all | From github.com:RootRecord-Software-Solutions/RootRecord-Pacific-Solar-Server
2026-09-29T02:07:07-10:00job:github_sync_all | * branch            main       -> FETCH_HEAD
2026-09-29T02:07:07-10:00job:github_sync_all | — [pacific] local and GitHub already match
2026-09-29T02:07:07-10:00job:github_sync_all | — [pacific] nothing to push
2026-09-29T02:07:07-10:00job:github_sync_all | ↑ [database] committed 11 local file(s)
2026-09-29T02:07:07-10:00job:github_sync_all | ↓ [database] fetching origin/main
2026-09-29T02:07:07-10:00job:github_sync_all | From github.com:RootRecord-Software-Solutions/RootRecord-Database
2026-09-29T02:07:07-10:00job:github_sync_all | * branch            main       -> FETCH_HEAD
2026-09-29T02:07:07-10:00job:github_sync_all | ↑ [database] local is ahead of GitHub
2026-09-29T02:07:07-10:00job:github_sync_all | To github.com:RootRecord-Software-Solutions/RootRecord-Database.git
2026-09-29T02:07:07-10:00job:github_sync_all | 7a8c712..baeabb0  HEAD -> main
2026-09-29T02:07:07-10:00job:github_sync_all | branch 'main' set up to track 'origin/main'.
2026-09-29T02:07:07-10:00job:github_sync_all | ↑ [database] 11 files → RootRecord-Software-Solutions/RootRecord-Database (main)
2026-09-29T02:07:07-10:00job:github_sync_all | — [library] no local changes
2026-09-29T02:07:07-10:00job:github_sync_all | ↓ [library] fetching origin/main
2026-09-29T02:07:07-10:00job:github_sync_all | From github.com:RootRecord-Software-Solutions/RootRecord-Library
2026-09-29T02:07:07-10:00job:github_sync_all | * branch            main       -> FETCH_HEAD
2026-09-29T02:07:07-10:00job:github_sync_all | — [library] local and GitHub already match
2026-09-29T02:07:07-10:00job:github_sync_all | — [library] nothing to push
2026-09-29T02:07:07-10:00job:github_sync_all | — [skills] no local changes
2026-09-29T02:07:07-10:00job:github_sync_all | ↓ [skills] fetching origin/main
2026-09-29T02:07:07-10:00job:github_sync_all | From github.com:rootrecordsoftwaresolutions/Solar-Pacific-RootRecord-Server
2026-09-29T02:07:07-10:00job:github_sync_all | * branch            main       -> FETCH_HEAD
2026-09-29T02:07:07-10:00job:github_sync_all | — [skills] local and GitHub already match
2026-09-29T02:07:07-10:00job:github_sync_all | — [skills] nothing to push
2026-09-29T02:07:07-10:00job:worklog_scan RUN  bash "/home/rootrecord/RootRecord-Ecosystem/1 - Servers/1 - RootRecord-Pacific-Solar-Server/Reports/scripts/worklog_once.sh"
2026-09-29T02:07:11-10:00job:worklog_scan | OK wrote/updated /home/rootrecord/RootRecord-Ecosystem/2 - RootRecord-Database/WORKLOG/worklog_current.md
2026-09-29T02:07:11-10:00job:security_camera_frame_grab RUN  bash "/home/rootrecord/RootRecord-Ecosystem/1 - Servers/1 - RootRecord-Pacific-Solar-Server/Security/Cameras/grab_all.sh"
2026-09-29T02:07:23-10:00job:security_camera_frame_grab | 02:07:11  📷  a-eyes  ch1 → ch1-20260929T120711Z.jpg  (299.4 KB, 4.27s)
2026-09-29T02:07:23-10:00job:security_camera_frame_grab | 02:07:16  📷  a-eyes  ch2 → ch2-20260929T120716Z.jpg  (344.6 KB, 4.47s)
2026-09-29T02:07:23-10:00job:security_camera_frame_grab | 02:07:20  📷  a-eyes  ch3 → ch3-20260929T120720Z.jpg  (11.9 KB, 1.63s)
2026-09-29T02:07:23-10:00job:security_camera_frame_grab | 02:07:22  📷  a-eyes  ch4 → ch4-20260929T120722Z.jpg  (12.0 KB, 1.53s)
2026-09-29T02:07:24-10:00ENERGY  status=live  B2=78%  B1=0%  solar=0 W  ac=0 W  usbc=29 W  src=/home/rootrecord/RootRecord-Ecosystem/2 - RootRecord-Database/ENERGY
2026-09-29T02:07:24-10:00  ▸  SUMMARY=delta2 soc=78% solar=0W ac_out=0W usbc=29W src=api db=ok
2026-09-29T02:07:24-10:00job:sys_stats_cycle RUN  bash "/home/rootrecord/RootRecord-Ecosystem/1 - Servers/1 - RootRecord-Pacific-Solar-Server/System/scripts/sys-sample.sh"
2026-09-29T02:07:25-10:00job:sys_stats_cycle | SYSTEM  cpu=10%  load=1.99  mem=61%  src=sqlite
2026-09-29T02:07:25-10:00job:sys_stats_cycle | OK wrote /home/rootrecord/RootRecord-Ecosystem/2 - RootRecord-Database/SYSTEM/samples/sys-20260929-020725.json
2026-09-29T02:08:00-10:00job:github_sync_all | ↑ [pacific] committed 1 local file(s)
2026-09-29T02:08:00-10:00job:github_sync_all | ↓ [pacific] fetching origin/main
2026-09-29T02:08:00-10:00job:github_sync_all | From github.com:RootRecord-Software-Solutions/RootRecord-Pacific-Solar-Server
2026-09-29T02:08:00-10:00job:github_sync_all | * branch            main       -> FETCH_HEAD
2026-09-29T02:08:00-10:00job:github_sync_all | ↑ [pacific] local is ahead of GitHub
2026-09-29T02:08:00-10:00job:github_sync_all | To github.com:RootRecord-Software-Solutions/RootRecord-Pacific-Solar-Server.git
2026-09-29T02:08:00-10:00job:github_sync_all | cd3ae63..026c28c  HEAD -> main
2026-09-29T02:08:00-10:00job:github_sync_all | branch 'main' set up to track 'origin/main'.
2026-09-29T02:08:00-10:00job:github_sync_all | ↑ [pacific] 1 files → RootRecord-Software-Solutions/RootRecord-Pacific-Solar-Server (main)
2026-09-29T02:08:00-10:00job:github_sync_all | ↑ [database] committed 16 local file(s)
2026-09-29T02:08:00-10:00job:github_sync_all | ↓ [database] fetching origin/main
2026-09-29T02:08:00-10:00job:github_sync_all | From github.com:RootRecord-Software-Solutions/RootRecord-Database
2026-09-29T02:08:00-10:00job:github_sync_all | * branch            main       -> FETCH_HEAD
2026-09-29T02:08:00-10:00job:github_sync_all | ↑ [database] local is ahead of GitHub
2026-09-29T02:08:00-10:00job:github_sync_all | To github.com:RootRecord-Software-Solutions/RootRecord-Database.git
2026-09-29T02:08:00-10:00job:github_sync_all | baeabb0..fe36e8f  HEAD -> main
2026-09-29T02:08:00-10:00job:github_sync_all | branch 'main' set up to track 'origin/main'.
2026-09-29T02:08:00-10:00job:github_sync_all | ↑ [database] 16 files → RootRecord-Software-Solutions/RootRecord-Database (main)
2026-09-29T02:08:00-10:00job:github_sync_all | — [library] no local changes
2026-09-29T02:08:00-10:00job:github_sync_all | ↓ [library] fetching origin/main
2026-09-29T02:08:00-10:00job:github_sync_all | From github.com:RootRecord-Software-Solutions/RootRecord-Library
2026-09-29T02:08:00-10:00job:github_sync_all | * branch            main       -> FETCH_HEAD
2026-09-29T02:08:00-10:00job:github_sync_all | — [library] local and GitHub already match
2026-09-29T02:08:00-10:00job:github_sync_all | — [library] nothing to push
2026-09-29T02:08:00-10:00job:github_sync_all | — [skills] no local changes
2026-09-29T02:08:00-10:00job:github_sync_all | ↓ [skills] fetching origin/main
2026-09-29T02:08:00-10:00job:github_sync_all | From github.com:rootrecordsoftwaresolutions/Solar-Pacific-RootRecord-Server
2026-09-29T02:08:00-10:00job:github_sync_all | * branch            main       -> FETCH_HEAD
2026-09-29T02:08:00-10:00job:github_sync_all | — [skills] local and GitHub already match
2026-09-29T02:08:00-10:00job:github_sync_all | — [skills] nothing to push
2026-09-29T02:08:00-10:00job:security_camera_frame_grab RUN  bash "/home/rootrecord/RootRecord-Ecosystem/1 - Servers/1 - RootRecord-Pacific-Solar-Server/Security/Cameras/grab_all.sh"
2026-09-29T02:08:12-10:00job:security_camera_frame_grab | 02:08:00  📷  a-eyes  ch1 → ch1-20260929T120800Z.jpg  (305.2 KB, 4.54s)
2026-09-29T02:08:12-10:00job:security_camera_frame_grab | 02:08:05  📷  a-eyes  ch2 → ch2-20260929T120805Z.jpg  (343.9 KB, 4.31s)
2026-09-29T02:08:12-10:00job:security_camera_frame_grab | 02:08:09  📷  a-eyes  ch3 → ch3-20260929T120809Z.jpg  (12.1 KB, 1.67s)
2026-09-29T02:08:12-10:00job:security_camera_frame_grab | 02:08:11  📷  a-eyes  ch4 → ch4-20260929T120811Z.jpg  (11.9 KB, 1.73s)
2026-09-29T02:08:14-10:00  ▸  SUMMARY=delta2 soc=78% solar=0W ac_out=0W usbc=29W src=api db=ok
2026-09-29T02:08:14-10:00job:sys_stats_cycle RUN  bash "/home/rootrecord/RootRecord-Ecosystem/1 - Servers/1 - RootRecord-Pacific-Solar-Server/System/scripts/sys-sample.sh"
2026-09-29T02:08:14-10:00job:sys_stats_cycle | SYSTEM  cpu=18%  load=1.51  mem=61%  src=sqlite
2026-09-29T02:08:14-10:00job:sys_stats_cycle | OK wrote /home/rootrecord/RootRecord-Ecosystem/2 - RootRecord-Database/SYSTEM/samples/sys-20260929-020814.json
2026-09-29T02:08:42-10:00job:github_sync_all | — [pacific] no local changes
2026-09-29T02:08:42-10:00job:github_sync_all | ↓ [pacific] fetching origin/main
2026-09-29T02:08:42-10:00job:github_sync_all | From github.com:RootRecord-Software-Solutions/RootRecord-Pacific-Solar-Server
2026-09-29T02:08:42-10:00job:github_sync_all | * branch            main       -> FETCH_HEAD
2026-09-29T02:08:42-10:00job:github_sync_all | — [pacific] local and GitHub already match
2026-09-29T02:08:42-10:00job:github_sync_all | — [pacific] nothing to push
2026-09-29T02:08:42-10:00job:github_sync_all | ↑ [database] committed 13 local file(s)
2026-09-29T02:08:42-10:00job:github_sync_all | ↓ [database] fetching origin/main
2026-09-29T02:08:42-10:00job:github_sync_all | From github.com:RootRecord-Software-Solutions/RootRecord-Database
2026-09-29T02:08:42-10:00job:github_sync_all | * branch            main       -> FETCH_HEAD
2026-09-29T02:08:42-10:00job:github_sync_all | ↑ [database] local is ahead of GitHub
2026-09-29T02:08:42-10:00job:github_sync_all | To github.com:RootRecord-Software-Solutions/RootRecord-Database.git
2026-09-29T02:08:42-10:00job:github_sync_all | fe36e8f..795437f  HEAD -> main
2026-09-29T02:08:42-10:00job:github_sync_all | branch 'main' set up to track 'origin/main'.
2026-09-29T02:08:42-10:00job:github_sync_all | ↑ [database] 13 files → RootRecord-Software-Solutions/RootRecord-Database (main)
2026-09-29T02:08:42-10:00job:github_sync_all | — [library] no local changes
2026-09-29T02:08:42-10:00job:github_sync_all | ↓ [library] fetching origin/main
2026-09-29T02:08:42-10:00job:github_sync_all | From github.com:RootRecord-Software-Solutions/RootRecord-Library
2026-09-29T02:08:42-10:00job:github_sync_all | * branch            main       -> FETCH_HEAD
2026-09-29T02:08:42-10:00job:github_sync_all | — [library] local and GitHub already match
2026-09-29T02:08:42-10:00job:github_sync_all | — [library] nothing to push
2026-09-29T02:08:42-10:00job:github_sync_all | — [skills] no local changes
2026-09-29T02:08:42-10:00job:github_sync_all | ↓ [skills] fetching origin/main
2026-09-29T02:08:42-10:00job:github_sync_all | From github.com:rootrecordsoftwaresolutions/Solar-Pacific-RootRecord-Server
2026-09-29T02:08:42-10:00job:github_sync_all | * branch            main       -> FETCH_HEAD
2026-09-29T02:08:42-10:00job:github_sync_all | — [skills] local and GitHub already match
2026-09-29T02:08:42-10:00job:github_sync_all | — [skills] nothing to push
2026-09-29T02:08:42-10:00job:worklog_scan RUN  bash "/home/rootrecord/RootRecord-Ecosystem/1 - Servers/1 - RootRecord-Pacific-Solar-Server/Reports/scripts/worklog_once.sh"
2026-09-29T02:08:46-10:00job:worklog_scan | OK wrote/updated /home/rootrecord/RootRecord-Ecosystem/2 - RootRecord-Database/WORKLOG/worklog_current.md
2026-09-29T02:08:46-10:00job:security_camera_frame_grab RUN  bash "/home/rootrecord/RootRecord-Ecosystem/1 - Servers/1 - RootRecord-Pacific-Solar-Server/Security/Cameras/grab_all.sh"
2026-09-29T02:08:58-10:00job:security_camera_frame_grab | 02:08:46  📷  a-eyes  ch1 → ch1-20260929T120846Z.jpg  (303.2 KB, 4.51s)
2026-09-29T02:08:58-10:00job:security_camera_frame_grab | 02:08:50  📷  a-eyes  ch2 → ch2-20260929T120850Z.jpg  (343.4 KB, 4.27s)
2026-09-29T02:08:58-10:00job:security_camera_frame_grab | 02:08:55  📷  a-eyes  ch3 → ch3-20260929T120855Z.jpg  (12.0 KB, 1.63s)
2026-09-29T02:08:58-10:00job:security_camera_frame_grab | 02:08:56  📷  a-eyes  ch4 → ch4-20260929T120856Z.jpg  (12.1 KB, 1.52s)
2026-09-29T02:08:58-10:00ENERGY  status=live  B2=78%  B1=0%  solar=0 W  ac=0 W  usbc=29 W  src=/home/rootrecord/RootRecord-Ecosystem/2 - RootRecord-Database/ENERGY
2026-09-29T02:08:59-10:00  ▸  SUMMARY=river2pro soc=0% solar=0W ac_out=73W usbc=95W src=api db=ok
2026-09-29T02:08:59-10:00job:sys_stats_cycle RUN  bash "/home/rootrecord/RootRecord-Ecosystem/1 - Servers/1 - RootRecord-Pacific-Solar-Server/System/scripts/sys-sample.sh"
2026-09-29T02:09:00-10:00job:sys_stats_cycle | SYSTEM  cpu=10%  load=1.75  mem=61%  src=sqlite
2026-09-29T02:09:00-10:00job:sys_stats_cycle | OK wrote /home/rootrecord/RootRecord-Ecosystem/2 - RootRecord-Database/SYSTEM/samples/sys-20260929-020859.json
2026-09-29T02:09:26-10:00job:github_sync_all | — [pacific] no local changes
2026-09-29T02:09:26-10:00job:github_sync_all | ↓ [pacific] fetching origin/main
2026-09-29T02:09:26-10:00job:github_sync_all | From github.com:RootRecord-Software-Solutions/RootRecord-Pacific-Solar-Server
2026-09-29T02:09:26-10:00job:github_sync_all | * branch            main       -> FETCH_HEAD
2026-09-29T02:09:26-10:00job:github_sync_all | — [pacific] local and GitHub already match
2026-09-29T02:09:26-10:00job:github_sync_all | — [pacific] nothing to push
2026-09-29T02:09:26-10:00job:github_sync_all | ↑ [database] committed 15 local file(s)
2026-09-29T02:09:26-10:00job:github_sync_all | ↓ [database] fetching origin/main
2026-09-29T02:09:26-10:00job:github_sync_all | From github.com:RootRecord-Software-Solutions/RootRecord-Database
2026-09-29T02:09:26-10:00job:github_sync_all | * branch            main       -> FETCH_HEAD
2026-09-29T02:09:26-10:00job:github_sync_all | ↑ [database] local is ahead of GitHub
2026-09-29T02:09:26-10:00job:github_sync_all | To github.com:RootRecord-Software-Solutions/RootRecord-Database.git
2026-09-29T02:09:26-10:00job:github_sync_all | 795437f..3553167  HEAD -> main
2026-09-29T02:09:26-10:00job:github_sync_all | branch 'main' set up to track 'origin/main'.
2026-09-29T02:09:26-10:00job:github_sync_all | ↑ [database] 15 files → RootRecord-Software-Solutions/RootRecord-Database (main)
2026-09-29T02:09:26-10:00job:github_sync_all | ↑ [library] committed 7 local file(s)
2026-09-29T02:09:26-10:00job:github_sync_all | ↓ [library] fetching origin/main
2026-09-29T02:09:26-10:00job:github_sync_all | From github.com:RootRecord-Software-Solutions/RootRecord-Library
2026-09-29T02:09:26-10:00job:github_sync_all | * branch            main       -> FETCH_HEAD
2026-09-29T02:09:26-10:00job:github_sync_all | ↑ [library] local is ahead of GitHub
2026-09-29T02:09:26-10:00job:github_sync_all | To github.com:RootRecord-Software-Solutions/RootRecord-Library.git
2026-09-29T02:09:26-10:00job:github_sync_all | f241e2d..1011afe  HEAD -> main
2026-09-29T02:09:26-10:00job:github_sync_all | branch 'main' set up to track 'origin/main'.
2026-09-29T02:09:26-10:00job:github_sync_all | ↑ [library] 7 files → RootRecord-Software-Solutions/RootRecord-Library (main)
2026-09-29T02:09:26-10:00job:github_sync_all | — [skills] no local changes
2026-09-29T02:09:26-10:00job:github_sync_all | ↓ [skills] fetching origin/main
2026-09-29T02:09:26-10:00job:github_sync_all | From github.com:rootrecordsoftwaresolutions/Solar-Pacific-RootRecord-Server
2026-09-29T02:09:26-10:00job:github_sync_all | * branch            main       -> FETCH_HEAD
2026-09-29T02:09:26-10:00job:github_sync_all | — [skills] local and GitHub already match
2026-09-29T02:09:26-10:00job:github_sync_all | — [skills] nothing to push
2026-09-29T02:09:26-10:00job:security_camera_frame_grab RUN  bash "/home/rootrecord/RootRecord-Ecosystem/1 - Servers/1 - RootRecord-Pacific-Solar-Server/Security/Cameras/grab_all.sh"
2026-09-29T02:09:39-10:00job:security_camera_frame_grab | 02:09:26  📷  a-eyes  ch1 → ch1-20260929T120926Z.jpg  (303.6 KB, 4.66s)
2026-09-29T02:09:39-10:00job:security_camera_frame_grab | 02:09:31  📷  a-eyes  ch2 → ch2-20260929T120931Z.jpg  (343.9 KB, 4.68s)
2026-09-29T02:09:39-10:00job:security_camera_frame_grab | 02:09:36  📷  a-eyes  ch3 → ch3-20260929T120936Z.jpg  (12.1 KB, 1.61s)
2026-09-29T02:09:39-10:00job:security_camera_frame_grab | 02:09:37  📷  a-eyes  ch4 → ch4-20260929T120937Z.jpg  (12.0 KB, 1.64s)
2026-09-29T02:09:40-10:00  ▸  SUMMARY=river2pro soc=0% solar=0W ac_out=73W usbc=95W src=api db=ok
2026-09-29T02:09:40-10:00job:sys_stats_cycle RUN  bash "/home/rootrecord/RootRecord-Ecosystem/1 - Servers/1 - RootRecord-Pacific-Solar-Server/System/scripts/sys-sample.sh"
2026-09-29T02:09:41-10:00job:sys_stats_cycle | SYSTEM  cpu=12%  load=1.27  mem=61%  src=sqlite
2026-09-29T02:09:41-10:00job:sys_stats_cycle | OK wrote /home/rootrecord/RootRecord-Ecosystem/2 - RootRecord-Database/SYSTEM/samples/sys-20260929-020940.json
2026-09-29T02:10:06-10:00job:github_sync_all | — [pacific] no local changes
2026-09-29T02:10:06-10:00job:github_sync_all | ↓ [pacific] fetching origin/main
2026-09-29T02:10:06-10:00job:github_sync_all | From github.com:RootRecord-Software-Solutions/RootRecord-Pacific-Solar-Server
2026-09-29T02:10:06-10:00job:github_sync_all | * branch            main       -> FETCH_HEAD
2026-09-29T02:10:06-10:00job:github_sync_all | — [pacific] local and GitHub already match
2026-09-29T02:10:06-10:00job:github_sync_all | — [pacific] nothing to push
2026-09-29T02:10:06-10:00job:github_sync_all | ↑ [database] committed 12 local file(s)
2026-09-29T02:10:06-10:00job:github_sync_all | ↓ [database] fetching origin/main
2026-09-29T02:10:06-10:00job:github_sync_all | From github.com:RootRecord-Software-Solutions/RootRecord-Database
2026-09-29T02:10:06-10:00job:github_sync_all | * branch            main       -> FETCH_HEAD
2026-09-29T02:10:06-10:00job:github_sync_all | ↑ [database] local is ahead of GitHub
2026-09-29T02:10:06-10:00job:github_sync_all | To github.com:RootRecord-Software-Solutions/RootRecord-Database.git
2026-09-29T02:10:06-10:00job:github_sync_all | 3553167..b78efe1  HEAD -> main
2026-09-29T02:10:06-10:00job:github_sync_all | branch 'main' set up to track 'origin/main'.
2026-09-29T02:10:06-10:00job:github_sync_all | ↑ [database] 12 files → RootRecord-Software-Solutions/RootRecord-Database (main)
2026-09-29T02:10:06-10:00job:github_sync_all | — [library] no local changes
2026-09-29T02:10:06-10:00job:github_sync_all | ↓ [library] fetching origin/main
2026-09-29T02:10:06-10:00job:github_sync_all | From github.com:RootRecord-Software-Solutions/RootRecord-Library
2026-09-29T02:10:06-10:00job:github_sync_all | * branch            main       -> FETCH_HEAD
2026-09-29T02:10:06-10:00job:github_sync_all | — [library] local and GitHub already match
2026-09-29T02:10:06-10:00job:github_sync_all | — [library] nothing to push
2026-09-29T02:10:06-10:00job:github_sync_all | — [skills] no local changes
2026-09-29T02:10:06-10:00job:github_sync_all | ↓ [skills] fetching origin/main
2026-09-29T02:10:06-10:00job:github_sync_all | From github.com:rootrecordsoftwaresolutions/Solar-Pacific-RootRecord-Server
2026-09-29T02:10:06-10:00job:github_sync_all | * branch            main       -> FETCH_HEAD
2026-09-29T02:10:06-10:00job:github_sync_all | — [skills] local and GitHub already match
2026-09-29T02:10:06-10:00job:github_sync_all | — [skills] nothing to push
2026-09-29T02:10:06-10:00job:security_camera_frame_grab RUN  bash "/home/rootrecord/RootRecord-Ecosystem/1 - Servers/1 - RootRecord-Pacific-Solar-Server/Security/Cameras/grab_all.sh"
2026-09-29T02:10:18-10:00job:security_camera_frame_grab | 02:10:06  📷  a-eyes  ch1 → ch1-20260929T121006Z.jpg  (305.2 KB, 4.45s)
2026-09-29T02:10:18-10:00job:security_camera_frame_grab | 02:10:11  📷  a-eyes  ch2 → ch2-20260929T121011Z.jpg  (344.1 KB, 4.38s)
2026-09-29T02:10:18-10:00job:security_camera_frame_grab | 02:10:15  📷  a-eyes  ch3 → ch3-20260929T121015Z.jpg  (11.9 KB, 1.61s)
2026-09-29T02:10:18-10:00job:security_camera_frame_grab | 02:10:17  📷  a-eyes  ch4 → ch4-20260929T121017Z.jpg  (11.8 KB, 1.50s)
2026-09-29T02:10:18-10:00ENERGY  status=live  B2=78%  B1=0%  solar=0 W  ac=0 W  usbc=29 W  src=/home/rootrecord/RootRecord-Ecosystem/2 - RootRecord-Database/ENERGY
2026-09-29T02:10:19-10:00  ▸  SUMMARY=river2pro soc=0% solar=0W ac_out=73W usbc=95W src=api db=ok
2026-09-29T02:10:19-10:00job:sys_stats_cycle RUN  bash "/home/rootrecord/RootRecord-Ecosystem/1 - Servers/1 - RootRecord-Pacific-Solar-Server/System/scripts/sys-sample.sh"
2026-09-29T02:10:20-10:00job:sys_stats_cycle | SYSTEM  cpu=29%  load=1.68  mem=61%  src=sqlite
2026-09-29T02:10:20-10:00job:sys_stats_cycle | OK wrote /home/rootrecord/RootRecord-Ecosystem/2 - RootRecord-Database/SYSTEM/samples/sys-20260929-021020.json
2026-09-29T02:10:43-10:00job:github_sync_all | — [pacific] no local changes
2026-09-29T02:10:43-10:00job:github_sync_all | ↓ [pacific] fetching origin/main
2026-09-29T02:10:43-10:00job:github_sync_all | From github.com:RootRecord-Software-Solutions/RootRecord-Pacific-Solar-Server
2026-09-29T02:10:43-10:00job:github_sync_all | * branch            main       -> FETCH_HEAD
2026-09-29T02:10:43-10:00job:github_sync_all | — [pacific] local and GitHub already match
2026-09-29T02:10:43-10:00job:github_sync_all | — [pacific] nothing to push
2026-09-29T02:10:43-10:00job:github_sync_all | ↑ [database] committed 13 local file(s)
2026-09-29T02:10:43-10:00job:github_sync_all | ↓ [database] fetching origin/main
2026-09-29T02:10:43-10:00job:github_sync_all | From github.com:RootRecord-Software-Solutions/RootRecord-Database
2026-09-29T02:10:43-10:00job:github_sync_all | * branch            main       -> FETCH_HEAD
2026-09-29T02:10:43-10:00job:github_sync_all | ↑ [database] local is ahead of GitHub
2026-09-29T02:10:43-10:00job:github_sync_all | To github.com:RootRecord-Software-Solutions/RootRecord-Database.git
2026-09-29T02:10:43-10:00job:github_sync_all | b78efe1..10d3a82  HEAD -> main
2026-09-29T02:10:43-10:00job:github_sync_all | branch 'main' set up to track 'origin/main'.
2026-09-29T02:10:43-10:00job:github_sync_all | ↑ [database] 13 files → RootRecord-Software-Solutions/RootRecord-Database (main)
2026-09-29T02:10:43-10:00job:github_sync_all | — [library] no local changes
2026-09-29T02:10:43-10:00job:github_sync_all | ↓ [library] fetching origin/main
2026-09-29T02:10:43-10:00job:github_sync_all | From github.com:RootRecord-Software-Solutions/RootRecord-Library
2026-09-29T02:10:43-10:00job:github_sync_all | * branch            main       -> FETCH_HEAD
2026-09-29T02:10:43-10:00job:github_sync_all | — [library] local and GitHub already match
2026-09-29T02:10:43-10:00job:github_sync_all | — [library] nothing to push
2026-09-29T02:10:43-10:00job:github_sync_all | — [skills] no local changes
2026-09-29T02:10:43-10:00job:github_sync_all | ↓ [skills] fetching origin/main
2026-09-29T02:10:43-10:00job:github_sync_all | From github.com:rootrecordsoftwaresolutions/Solar-Pacific-RootRecord-Server
2026-09-29T02:10:43-10:00job:github_sync_all | * branch            main       -> FETCH_HEAD
2026-09-29T02:10:43-10:00job:github_sync_all | — [skills] local and GitHub already match
2026-09-29T02:10:43-10:00job:github_sync_all | — [skills] nothing to push
2026-09-29T02:10:43-10:00job:worklog_scan RUN  bash "/home/rootrecord/RootRecord-Ecosystem/1 - Servers/1 - RootRecord-Pacific-Solar-Server/Reports/scripts/worklog_once.sh"
2026-09-29T02:10:46-10:00job:worklog_scan | OK wrote/updated /home/rootrecord/RootRecord-Ecosystem/2 - RootRecord-Database/WORKLOG/worklog_current.md
2026-09-29T02:10:46-10:00job:security_camera_frame_grab RUN  bash "/home/rootrecord/RootRecord-Ecosystem/1 - Servers/1 - RootRecord-Pacific-Solar-Server/Security/Cameras/grab_all.sh"
2026-09-29T02:10:59-10:00job:security_camera_frame_grab | 02:10:46  📷  a-eyes  ch1 → ch1-20260929T121046Z.jpg  (301.6 KB, 4.35s)
2026-09-29T02:10:59-10:00job:security_camera_frame_grab | 02:10:50  📷  a-eyes  ch2 → ch2-20260929T121050Z.jpg  (344.8 KB, 4.26s)
2026-09-29T02:10:59-10:00job:security_camera_frame_grab | 02:10:55  📷  a-eyes  ch3 → ch3-20260929T121055Z.jpg  (12.0 KB, 1.74s)
2026-09-29T02:10:59-10:00job:security_camera_frame_grab | 02:10:56  📷  a-eyes  ch4 → ch4-20260929T121056Z.jpg  (12.0 KB, 2.45s)
2026-09-29T02:11:01-10:00  ▸  SUMMARY=river2pro soc=0% solar=0W ac_out=73W usbc=95W src=api db=ok
2026-09-29T02:11:01-10:00job:sys_stats_cycle RUN  bash "/home/rootrecord/RootRecord-Ecosystem/1 - Servers/1 - RootRecord-Pacific-Solar-Server/System/scripts/sys-sample.sh"
2026-09-29T02:11:01-10:00job:sys_stats_cycle | SYSTEM  cpu=17%  load=1.17  mem=61%  src=sqlite
2026-09-29T02:11:01-10:00job:sys_stats_cycle | OK wrote /home/rootrecord/RootRecord-Ecosystem/2 - RootRecord-Database/SYSTEM/samples/sys-20260929-021101.json
2026-09-29T02:11:27-10:00job:github_sync_all | — [pacific] no local changes
2026-09-29T02:11:27-10:00job:github_sync_all | ↓ [pacific] fetching origin/main
2026-09-29T02:11:27-10:00job:github_sync_all | From github.com:RootRecord-Software-Solutions/RootRecord-Pacific-Solar-Server
2026-09-29T02:11:27-10:00job:github_sync_all | * branch            main       -> FETCH_HEAD
2026-09-29T02:11:27-10:00job:github_sync_all | — [pacific] local and GitHub already match
2026-09-29T02:11:27-10:00job:github_sync_all | — [pacific] nothing to push
2026-09-29T02:11:27-10:00job:github_sync_all | ↑ [database] committed 16 local file(s)
2026-09-29T02:11:27-10:00job:github_sync_all | ↓ [database] fetching origin/main
2026-09-29T02:11:27-10:00job:github_sync_all | From github.com:RootRecord-Software-Solutions/RootRecord-Database
2026-09-29T02:11:27-10:00job:github_sync_all | * branch            main       -> FETCH_HEAD
2026-09-29T02:11:27-10:00job:github_sync_all | ↑ [database] local is ahead of GitHub
2026-09-29T02:11:27-10:00job:github_sync_all | To github.com:RootRecord-Software-Solutions/RootRecord-Database.git
2026-09-29T02:11:27-10:00job:github_sync_all | 10d3a82..56c0d7a  HEAD -> main
2026-09-29T02:11:27-10:00job:github_sync_all | branch 'main' set up to track 'origin/main'.
2026-09-29T02:11:27-10:00job:github_sync_all | ↑ [database] 16 files → RootRecord-Software-Solutions/RootRecord-Database (main)
2026-09-29T02:11:27-10:00job:github_sync_all | — [library] no local changes
2026-09-29T02:11:27-10:00job:github_sync_all | ↓ [library] fetching origin/main
2026-09-29T02:11:27-10:00job:github_sync_all | From github.com:RootRecord-Software-Solutions/RootRecord-Library
2026-09-29T02:11:27-10:00job:github_sync_all | * branch            main       -> FETCH_HEAD
2026-09-29T02:11:27-10:00job:github_sync_all | — [library] local and GitHub already match
2026-09-29T02:11:27-10:00job:github_sync_all | — [library] nothing to push
2026-09-29T02:11:27-10:00job:github_sync_all | — [skills] no local changes
2026-09-29T02:11:27-10:00job:github_sync_all | ↓ [skills] fetching origin/main
2026-09-29T02:11:27-10:00job:github_sync_all | From github.com:rootrecordsoftwaresolutions/Solar-Pacific-RootRecord-Server
2026-09-29T02:11:27-10:00job:github_sync_all | * branch            main       -> FETCH_HEAD
2026-09-29T02:11:27-10:00job:github_sync_all | — [skills] local and GitHub already match
2026-09-29T02:11:27-10:00job:github_sync_all | — [skills] nothing to push
2026-09-29T02:11:27-10:00job:security_camera_frame_grab RUN  bash "/home/rootrecord/RootRecord-Ecosystem/1 - Servers/1 - RootRecord-Pacific-Solar-Server/Security/Cameras/grab_all.sh"
2026-09-29T02:11:39-10:00job:security_camera_frame_grab | 02:11:27  📷  a-eyes  ch1 → ch1-20260929T121127Z.jpg  (306.6 KB, 4.32s)
2026-09-29T02:11:39-10:00job:security_camera_frame_grab | 02:11:31  📷  a-eyes  ch2 → ch2-20260929T121131Z.jpg  (344.5 KB, 4.40s)
2026-09-29T02:11:39-10:00job:security_camera_frame_grab | 02:11:35  📷  a-eyes  ch3 → ch3-20260929T121135Z.jpg  (11.8 KB, 1.81s)
2026-09-29T02:11:39-10:00job:security_camera_frame_grab | 02:11:37  📷  a-eyes  ch4 → ch4-20260929T121137Z.jpg  (11.9 KB, 1.71s)
2026-09-29T02:11:39-10:00ENERGY  status=live  B2=78%  B1=0%  solar=0 W  ac=0 W  usbc=29 W  src=/home/rootrecord/RootRecord-Ecosystem/2 - RootRecord-Database/ENERGY
2026-09-29T02:11:40-10:00  ▸  SUMMARY=river2pro soc=0% solar=0W ac_out=73W usbc=95W src=api db=ok
2026-09-29T02:11:40-10:00job:sys_stats_cycle RUN  bash "/home/rootrecord/RootRecord-Ecosystem/1 - Servers/1 - RootRecord-Pacific-Solar-Server/System/scripts/sys-sample.sh"
2026-09-29T02:11:41-10:00job:sys_stats_cycle | SYSTEM  cpu=27%  load=1.54  mem=61%  src=sqlite
2026-09-29T02:11:41-10:00job:sys_stats_cycle | OK wrote /home/rootrecord/RootRecord-Ecosystem/2 - RootRecord-Database/SYSTEM/samples/sys-20260929-021141.json
2026-09-29T02:12:07-10:00job:github_sync_all | — [pacific] no local changes
2026-09-29T02:12:07-10:00job:github_sync_all | ↓ [pacific] fetching origin/main
2026-09-29T02:12:07-10:00job:github_sync_all | From github.com:RootRecord-Software-Solutions/RootRecord-Pacific-Solar-Server
2026-09-29T02:12:07-10:00job:github_sync_all | * branch            main       -> FETCH_HEAD
2026-09-29T02:12:07-10:00job:github_sync_all | — [pacific] local and GitHub already match
2026-09-29T02:12:07-10:00job:github_sync_all | — [pacific] nothing to push
2026-09-29T02:12:07-10:00job:github_sync_all | ↑ [database] committed 11 local file(s)
2026-09-29T02:12:07-10:00job:github_sync_all | ↓ [database] fetching origin/main
2026-09-29T02:12:07-10:00job:github_sync_all | From github.com:RootRecord-Software-Solutions/RootRecord-Database
2026-09-29T02:12:07-10:00job:github_sync_all | * branch            main       -> FETCH_HEAD
2026-09-29T02:12:07-10:00job:github_sync_all | ↑ [database] local is ahead of GitHub
2026-09-29T02:12:07-10:00job:github_sync_all | To github.com:RootRecord-Software-Solutions/RootRecord-Database.git
2026-09-29T02:12:07-10:00job:github_sync_all | 56c0d7a..57bf258  HEAD -> main
2026-09-29T02:12:07-10:00job:github_sync_all | branch 'main' set up to track 'origin/main'.
2026-09-29T02:12:07-10:00job:github_sync_all | ↑ [database] 11 files → RootRecord-Software-Solutions/RootRecord-Database (main)
2026-09-29T02:12:07-10:00job:github_sync_all | — [library] no local changes
2026-09-29T02:12:07-10:00job:github_sync_all | ↓ [library] fetching origin/main
2026-09-29T02:12:07-10:00job:github_sync_all | From github.com:RootRecord-Software-Solutions/RootRecord-Library
2026-09-29T02:12:07-10:00job:github_sync_all | * branch            main       -> FETCH_HEAD
2026-09-29T02:12:07-10:00job:github_sync_all | — [library] local and GitHub already match
2026-09-29T02:12:07-10:00job:github_sync_all | — [library] nothing to push
2026-09-29T02:12:07-10:00job:github_sync_all | — [skills] no local changes
2026-09-29T02:12:07-10:00job:github_sync_all | ↓ [skills] fetching origin/main
2026-09-29T02:12:07-10:00job:github_sync_all | From github.com:rootrecordsoftwaresolutions/Solar-Pacific-RootRecord-Server
2026-09-29T02:12:07-10:00job:github_sync_all | * branch            main       -> FETCH_HEAD
2026-09-29T02:12:07-10:00job:github_sync_all | — [skills] local and GitHub already match
2026-09-29T02:12:07-10:00job:github_sync_all | — [skills] nothing to push
2026-09-29T02:12:07-10:00job:security_camera_frame_grab RUN  bash "/home/rootrecord/RootRecord-Ecosystem/1 - Servers/1 - RootRecord-Pacific-Solar-Server/Security/Cameras/grab_all.sh"
2026-09-29T02:12:19-10:00job:security_camera_frame_grab | 02:12:07  📷  a-eyes  ch1 → ch1-20260929T121207Z.jpg  (306.1 KB, 4.69s)
2026-09-29T02:12:19-10:00job:security_camera_frame_grab | 02:12:11  📷  a-eyes  ch2 → ch2-20260929T121211Z.jpg  (343.0 KB, 4.58s)
2026-09-29T02:12:19-10:00job:security_camera_frame_grab | 02:12:16  📷  a-eyes  ch3 → ch3-20260929T121216Z.jpg  (11.9 KB, 1.50s)
2026-09-29T02:12:19-10:00job:security_camera_frame_grab | 02:12:18  📷  a-eyes  ch4 → ch4-20260929T121218Z.jpg  (11.9 KB, 1.51s)
2026-09-29T02:12:20-10:00  ▸  SUMMARY=river2pro soc=0% solar=0W ac_out=73W usbc=95W src=api db=ok
2026-09-29T02:12:20-10:00job:sys_stats_cycle RUN  bash "/home/rootrecord/RootRecord-Ecosystem/1 - Servers/1 - RootRecord-Pacific-Solar-Server/System/scripts/sys-sample.sh"
2026-09-29T02:12:21-10:00job:sys_stats_cycle | SYSTEM  cpu=19%  load=1.95  mem=61%  src=sqlite
2026-09-29T02:12:21-10:00job:sys_stats_cycle | OK wrote /home/rootrecord/RootRecord-Ecosystem/2 - RootRecord-Database/SYSTEM/samples/sys-20260929-021221.json
2026-09-29T02:12:45-10:00job:github_sync_all | — [pacific] no local changes
2026-09-29T02:12:45-10:00job:github_sync_all | ↓ [pacific] fetching origin/main
2026-09-29T02:12:45-10:00job:github_sync_all | From github.com:RootRecord-Software-Solutions/RootRecord-Pacific-Solar-Server
2026-09-29T02:12:45-10:00job:github_sync_all | * branch            main       -> FETCH_HEAD
2026-09-29T02:12:45-10:00job:github_sync_all | — [pacific] local and GitHub already match
2026-09-29T02:12:45-10:00job:github_sync_all | — [pacific] nothing to push
2026-09-29T02:12:45-10:00job:github_sync_all | ↑ [database] committed 12 local file(s)
2026-09-29T02:12:45-10:00job:github_sync_all | ↓ [database] fetching origin/main
2026-09-29T02:12:45-10:00job:github_sync_all | From github.com:RootRecord-Software-Solutions/RootRecord-Database
2026-09-29T02:12:45-10:00job:github_sync_all | * branch            main       -> FETCH_HEAD
2026-09-29T02:12:45-10:00job:github_sync_all | ↑ [database] local is ahead of GitHub
2026-09-29T02:12:45-10:00job:github_sync_all | To github.com:RootRecord-Software-Solutions/RootRecord-Database.git
2026-09-29T02:12:45-10:00job:github_sync_all | 57bf258..9d810d7  HEAD -> main
2026-09-29T02:12:45-10:00job:github_sync_all | branch 'main' set up to track 'origin/main'.
2026-09-29T02:12:45-10:00job:github_sync_all | ↑ [database] 12 files → RootRecord-Software-Solutions/RootRecord-Database (main)
2026-09-29T02:12:45-10:00job:github_sync_all | — [library] no local changes
2026-09-29T02:12:45-10:00job:github_sync_all | ↓ [library] fetching origin/main
2026-09-29T02:12:45-10:00job:github_sync_all | From github.com:RootRecord-Software-Solutions/RootRecord-Library
2026-09-29T02:12:45-10:00job:github_sync_all | * branch            main       -> FETCH_HEAD
2026-09-29T02:12:45-10:00job:github_sync_all | — [library] local and GitHub already match
2026-09-29T02:12:45-10:00job:github_sync_all | — [library] nothing to push
2026-09-29T02:12:45-10:00job:github_sync_all | — [skills] no local changes
2026-09-29T02:12:45-10:00job:github_sync_all | ↓ [skills] fetching origin/main
2026-09-29T02:12:45-10:00job:github_sync_all | From github.com:rootrecordsoftwaresolutions/Solar-Pacific-RootRecord-Server
2026-09-29T02:12:45-10:00job:github_sync_all | * branch            main       -> FETCH_HEAD
2026-09-29T02:12:45-10:00job:github_sync_all | — [skills] local and GitHub already match
2026-09-29T02:12:45-10:00job:github_sync_all | — [skills] nothing to push
2026-09-29T02:12:45-10:00job:worklog_scan RUN  bash "/home/rootrecord/RootRecord-Ecosystem/1 - Servers/1 - RootRecord-Pacific-Solar-Server/Reports/scripts/worklog_once.sh"
2026-09-29T02:12:48-10:00job:worklog_scan | OK wrote/updated /home/rootrecord/RootRecord-Ecosystem/2 - RootRecord-Database/WORKLOG/worklog_current.md
2026-09-29T02:12:48-10:00job:security_camera_frame_grab RUN  bash "/home/rootrecord/RootRecord-Ecosystem/1 - Servers/1 - RootRecord-Pacific-Solar-Server/Security/Cameras/grab_all.sh"
2026-09-29T02:12:59-10:00job:security_camera_frame_grab | 02:12:48  📷  a-eyes  ch1 → ch1-20260929T121248Z.jpg  (304.2 KB, 4.32s)
2026-09-29T02:12:59-10:00job:security_camera_frame_grab | 02:12:52  📷  a-eyes  ch2 → ch2-20260929T121252Z.jpg  (342.4 KB, 4.26s)
2026-09-29T02:12:59-10:00job:security_camera_frame_grab | 02:12:56  📷  a-eyes  ch3 → ch3-20260929T121256Z.jpg  (12.0 KB, 1.55s)
2026-09-29T02:12:59-10:00job:security_camera_frame_grab | 02:12:58  📷  a-eyes  ch4 → ch4-20260929T121258Z.jpg  (12.0 KB, 1.56s)
2026-09-29T02:13:00-10:00ENERGY  status=live  B2=78%  B1=0%  solar=0 W  ac=0 W  usbc=29 W  src=/home/rootrecord/RootRecord-Ecosystem/2 - RootRecord-Database/ENERGY
2026-09-29T02:13:01-10:00  ▸  SUMMARY=delta2 soc=78% solar=0W ac_out=0W usbc=29W src=api db=ok
2026-09-29T02:13:01-10:00job:sys_stats_cycle RUN  bash "/home/rootrecord/RootRecord-Ecosystem/1 - Servers/1 - RootRecord-Pacific-Solar-Server/System/scripts/sys-sample.sh"
2026-09-29T02:13:01-10:00job:sys_stats_cycle | SYSTEM  cpu=22%  load=2.23  mem=61%  src=sqlite
2026-09-29T02:13:01-10:00job:sys_stats_cycle | OK wrote /home/rootrecord/RootRecord-Ecosystem/2 - RootRecord-Database/SYSTEM/samples/sys-20260929-021301.json
2026-09-29T02:13:13-10:00job:github_sync_all FAIL code=-15
2026-09-29T02:13:13-10:00job:github_sync_all ! ↻ [pacific] push raced with another writer; retrying
2026-09-29T02:13:13-10:00job:security_camera_frame_grab RUN  bash "/home/rootrecord/RootRecord-Ecosystem/1 - Servers/1 - RootRecord-Pacific-Solar-Server/Security/Cameras/grab_all.sh"
2026-09-29T02:13:25-10:00job:security_camera_frame_grab | 02:13:13  📷  a-eyes  ch1 → ch1-20260929T121313Z.jpg  (303.9 KB, 4.42s)
2026-09-29T02:13:25-10:00job:security_camera_frame_grab | 02:13:18  📷  a-eyes  ch2 → ch2-20260929T121318Z.jpg  (342.2 KB, 4.48s)
2026-09-29T02:13:25-10:00job:security_camera_frame_grab | 02:13:22  📷  a-eyes  ch3 → ch3-20260929T121322Z.jpg  (11.9 KB, 1.44s)
2026-09-29T02:13:25-10:00job:security_camera_frame_grab | 02:13:24  📷  a-eyes  ch4 → ch4-20260929T121324Z.jpg  (11.9 KB, 1.59s)
2026-09-29T02:13:25-10:00internet OK — starting Cloudflare tunnel (attempt 1)
2026-09-29T02:13:25-10:00Starting cloudflared mode=token public_host=rootserver.rootrecord.cloud
2026-09-29T02:13:25-10:00Waiting for tunnel register (timeout=45s)…
2026-09-29T02:13:25-10:00tunnel starting
2026-09-29T02:13:47-10:00HTTP listening on http://127.0.0.1:8799 (open access on bind)
2026-09-29T02:13:47-10:00boot:start  jobs=10
2026-09-29T02:13:47-10:00boot:run  priority=0  id=self_terminal
2026-09-29T02:13:47-10:00boot:p0 self_process pid=933807
2026-09-29T02:13:47-10:00boot:run  priority=1  id=cloudflare_tunnel
2026-09-29T02:13:47-10:00boot:p1 cloudflare_tunnel host=rootserver.rootrecord.cloud
2026-09-29T02:13:47-10:00internet OK at boot — starting tunnel
2026-09-29T02:13:47-10:00Starting cloudflared mode=token public_host=rootserver.rootrecord.cloud
2026-09-29T02:13:47-10:00Waiting for tunnel register (timeout=45s)…
2026-09-29T02:13:47-10:00tunnel starting
2026-09-29T02:13:47-10:00tunnel connected  conn=0  edge=lax11
2026-09-29T02:13:47-10:00Tunnel READY — first connection registered.
2026-09-29T02:13:47-10:00boot:run  priority=2  id=github_setup_remotes
2026-09-29T02:13:47-10:00tunnel ingress  rootserver.rootrecord.cloud → 127.0.0.1:8799
2026-09-29T02:13:47-10:00boot:run  priority=3  id=ollama_warmup
2026-09-29T02:13:47-10:00job:ollama_warmup RUN  bash '/home/rootrecord/RootRecord-Ecosystem/1 - Servers/1 - RootRecord-Pacific-Solar-Server/System/scripts/plumbing/ollama-warmup.sh'
2026-09-29T02:13:47-10:00job:ollama_warmup | [ok] ollama up
2026-09-29T02:13:47-10:00boot:run  priority=4  id=flm_npu_warmup
2026-09-29T02:13:47-10:00job:flm_npu_warmup RUN  bash '/home/rootrecord/RootRecord-Ecosystem/1 - Servers/1 - RootRecord-Pacific-Solar-Server/System/scripts/plumbing/flm-warmup.sh'
2026-09-29T02:13:48-10:00tunnel connected  conn=1  edge=sjc05
2026-09-29T02:13:48-10:00job:flm_npu_warmup | [skip] FLM binary not found (NPU path optional; Ollama remains fallback)
2026-09-29T02:13:48-10:00boot:run  priority=5  id=council_relay
2026-09-29T02:13:48-10:00job:council_relay RUN  bash "/home/rootrecord/RootRecord-Ecosystem/1 - Servers/1 - RootRecord-Pacific-Solar-Server/Communications/telegram/scripts/ensure-relay.sh"
2026-09-29T02:13:48-10:00job:council_relay | [ok] council-relay already running
2026-09-29T02:13:48-10:00boot:run  priority=6  id=security_camera_server
2026-09-29T02:13:48-10:00job:security_camera_server RUN  bash "/home/rootrecord/RootRecord-Ecosystem/1 - Servers/1 - RootRecord-Pacific-Solar-Server/Security/Cameras/ensure_cam_server.sh"
2026-09-29T02:13:48-10:00job:security_camera_server | security cam server started
2026-09-29T02:13:48-10:00boot:run  priority=7  id=security_timelapse_catchup
2026-09-29T02:13:48-10:00job:security_timelapse_catchup RUN  bash "/home/rootrecord/RootRecord-Ecosystem/1 - Servers/1 - RootRecord-Pacific-Solar-Server/Security/Cameras/timelapse_catchup.sh"
2026-09-29T02:13:48-10:00job:security_timelapse_catchup | 02:13:48  🎬  a-eyes-timelapse  catchup: checking 20260929, now=02:13 HST
2026-09-29T02:13:48-10:00job:security_timelapse_catchup | 02:13:48  🎬  a-eyes-timelapse  catchup: window still open today, skipping daily render
2026-09-29T02:13:48-10:00boot:run  priority=8  id=weather_poller
2026-09-29T02:13:48-10:00job:weather_poller RUN  bash "/home/rootrecord/RootRecord-Ecosystem/1 - Servers/1 - RootRecord-Pacific-Solar-Server/Weather/scripts/ensure-weather-poller.sh"
2026-09-29T02:13:49-10:00tunnel connected  conn=2  edge=sjc08
2026-09-29T02:13:49-10:00job:weather_poller | [ensure-weather-poller] starting -- entry=/home/rootrecord/RootRecord-Ecosystem/1 - Servers/1 - RootRecord-Pacific-Solar-Server/Weather/scripts/run_poller.py log=/home/rootrecord/RootRecord-Ecosystem/2 - RootRecord-Database/WEATHER/Hawai'i/logs/weather-poller.log
2026-09-29T02:13:49-10:00job:weather_poller | [ensure-weather-poller] verify: weather poller is running
2026-09-29T02:13:49-10:00boot:run  priority=9  id=network_globe_hawaii
2026-09-29T02:13:49-10:00job:network_globe_hawaii RUN  bash "/home/rootrecord/RootRecord-Ecosystem/1 - Servers/1 - RootRecord-Pacific-Solar-Server/Communications/network/scripts/ensure-network-globe-hawaii.sh"
2026-09-29T02:13:50-10:00tunnel connected  conn=3  edge=lax07
2026-09-29T02:13:50-10:00job:network_globe_hawaii | [ensure-network-globe-hawaii] starting network-globe-hawaii.service
2026-09-29T02:13:50-10:00job:network_globe_hawaii | [ensure-network-globe-hawaii] verify: network-globe-hawaii.service is active
2026-09-29T02:13:50-10:00boot:done
2026-09-29T02:13:52-10:00  ▸  SUMMARY=delta2 soc=78% solar=0W ac_out=0W usbc=29W src=api db=ok
2026-09-29T02:13:52-10:00scheduler  every_seconds=6  every_minute=1  every_hour=2  on_at=3
2026-09-29T02:13:52-10:00ENERGY  status=live  B2=78%  B1=0%  solar=0 W  ac=0 W  usbc=29 W  src=/home/rootrecord/RootRecord-Ecosystem/2 - RootRecord-Database/ENERGY
2026-09-29T02:13:53-10:00  ▸  SUMMARY=delta2 soc=78% solar=0W ac_out=0W usbc=29W src=api db=ok
2026-09-29T02:13:53-10:00job:sys_stats_cycle RUN  bash "/home/rootrecord/RootRecord-Ecosystem/1 - Servers/1 - RootRecord-Pacific-Solar-Server/System/scripts/sys-sample.sh"
2026-09-29T02:13:53-10:00job:sys_stats_cycle | SYSTEM  cpu=10%  load=4.55  mem=59%  src=sqlite
2026-09-29T02:13:53-10:00job:sys_stats_cycle | OK wrote /home/rootrecord/RootRecord-Ecosystem/2 - RootRecord-Database/SYSTEM/samples/sys-20260929-021353.json
2026-09-29T02:14:20-10:00job:github_sync_all | ↑ [pacific] committed 1 local file(s)
2026-09-29T02:14:20-10:00job:github_sync_all | ↓ [pacific] fetching origin/main
2026-09-29T02:14:20-10:00job:github_sync_all | From github.com:RootRecord-Software-Solutions/RootRecord-Pacific-Solar-Server
2026-09-29T02:14:20-10:00job:github_sync_all | * branch            main       -> FETCH_HEAD
2026-09-29T02:14:20-10:00job:github_sync_all | * [new branch]      main       -> origin/main
2026-09-29T02:14:20-10:00job:github_sync_all | ↑ [pacific] local is ahead of GitHub
2026-09-29T02:14:20-10:00job:github_sync_all | To github.com:RootRecord-Software-Solutions/RootRecord-Pacific-Solar-Server.git
2026-09-29T02:14:20-10:00job:github_sync_all | eb8f465..884c832  HEAD -> main
2026-09-29T02:14:20-10:00job:github_sync_all | branch 'main' set up to track 'origin/main'.
2026-09-29T02:14:20-10:00job:github_sync_all | ↑ [pacific] 1 files → RootRecord-Software-Solutions/RootRecord-Pacific-Solar-Server (main)
2026-09-29T02:14:20-10:00job:github_sync_all | ↑ [database] committed 23 local file(s)
2026-09-29T02:14:20-10:00job:github_sync_all | ↓ [database] fetching origin/main
2026-09-29T02:14:20-10:00job:github_sync_all | From github.com:RootRecord-Software-Solutions/RootRecord-Database
2026-09-29T02:14:20-10:00job:github_sync_all | * branch            main       -> FETCH_HEAD
2026-09-29T02:14:20-10:00job:github_sync_all | * [new branch]      main       -> origin/main
2026-09-29T02:14:20-10:00job:github_sync_all | ↑ [database] local is ahead of GitHub
2026-09-29T02:14:20-10:00job:github_sync_all | To github.com:RootRecord-Software-Solutions/RootRecord-Database.git
2026-09-29T02:14:20-10:00job:github_sync_all | 9d810d7..5234b15  HEAD -> main
2026-09-29T02:14:20-10:00job:github_sync_all | branch 'main' set up to track 'origin/main'.
2026-09-29T02:14:20-10:00job:github_sync_all | ↑ [database] 23 files → RootRecord-Software-Solutions/RootRecord-Database (main)
2026-09-29T02:14:20-10:00job:github_sync_all | — [library] no local changes
2026-09-29T02:14:20-10:00job:github_sync_all | ↓ [library] fetching origin/main
2026-09-29T02:14:20-10:00job:github_sync_all | From github.com:RootRecord-Software-Solutions/RootRecord-Library
2026-09-29T02:14:20-10:00job:github_sync_all | * branch            main       -> FETCH_HEAD
2026-09-29T02:14:20-10:00job:github_sync_all | * [new branch]      main       -> origin/main
2026-09-29T02:14:20-10:00job:github_sync_all | — [library] local and GitHub already match
2026-09-29T02:14:20-10:00job:github_sync_all | — [library] nothing to push
2026-09-29T02:14:20-10:00job:github_sync_all | — [skills] no local changes
2026-09-29T02:14:20-10:00job:github_sync_all | ↓ [skills] fetching origin/main
2026-09-29T02:14:20-10:00job:github_sync_all | From github.com:rootrecordsoftwaresolutions/Solar-Pacific-RootRecord-Server
2026-09-29T02:14:20-10:00job:github_sync_all | * branch            main       -> FETCH_HEAD
2026-09-29T02:14:20-10:00job:github_sync_all | * [new branch]      main       -> origin/main
2026-09-29T02:14:20-10:00job:github_sync_all | — [skills] local and GitHub already match
2026-09-29T02:14:20-10:00job:github_sync_all | — [skills] nothing to push
2026-09-29T02:14:20-10:00job:worklog_scan RUN  bash "/home/rootrecord/RootRecord-Ecosystem/1 - Servers/1 - RootRecord-Pacific-Solar-Server/Reports/scripts/worklog_once.sh"
2026-09-29T02:14:23-10:00job:worklog_scan | OK wrote/updated /home/rootrecord/RootRecord-Ecosystem/2 - RootRecord-Database/WORKLOG/worklog_current.md
2026-09-29T02:14:23-10:00job:security_camera_frame_grab RUN  bash "/home/rootrecord/RootRecord-Ecosystem/1 - Servers/1 - RootRecord-Pacific-Solar-Server/Security/Cameras/grab_all.sh"
2026-09-29T02:14:36-10:00job:security_camera_frame_grab | 02:14:23  📷  a-eyes  ch1 → ch1-20260929T121423Z.jpg  (301.8 KB, 4.32s)
2026-09-29T02:14:36-10:00job:security_camera_frame_grab | 02:14:28  📷  a-eyes  ch2 → ch2-20260929T121428Z.jpg  (340.9 KB, 4.41s)
2026-09-29T02:14:36-10:00job:security_camera_frame_grab | 02:14:32  📷  a-eyes  ch3 → ch3-20260929T121432Z.jpg  (11.9 KB, 2.32s)
2026-09-29T02:14:36-10:00job:security_camera_frame_grab | 02:14:34  📷  a-eyes  ch4 → ch4-20260929T121434Z.jpg  (11.8 KB, 1.59s)
2026-09-29T02:14:37-10:00  ▸  SUMMARY=river2pro soc=0% solar=0W ac_out=73W usbc=95W src=api db=ok
2026-09-29T02:14:37-10:00job:sys_stats_cycle RUN  bash "/home/rootrecord/RootRecord-Ecosystem/1 - Servers/1 - RootRecord-Pacific-Solar-Server/System/scripts/sys-sample.sh"
2026-09-29T02:14:38-10:00job:sys_stats_cycle | SYSTEM  cpu=6%  load=2.84  mem=59%  src=sqlite
2026-09-29T02:14:38-10:00job:sys_stats_cycle | OK wrote /home/rootrecord/RootRecord-Ecosystem/2 - RootRecord-Database/SYSTEM/samples/sys-20260929-021437.json
2026-09-29T02:15:03-10:00job:github_sync_all | — [pacific] no local changes
2026-09-29T02:15:03-10:00job:github_sync_all | ↓ [pacific] fetching origin/main
2026-09-29T02:15:03-10:00job:github_sync_all | From github.com:RootRecord-Software-Solutions/RootRecord-Pacific-Solar-Server
2026-09-29T02:15:03-10:00job:github_sync_all | * branch            main       -> FETCH_HEAD
2026-09-29T02:15:03-10:00job:github_sync_all | — [pacific] local and GitHub already match
2026-09-29T02:15:03-10:00job:github_sync_all | — [pacific] nothing to push
2026-09-29T02:15:03-10:00job:github_sync_all | ↑ [database] committed 16 local file(s)
2026-09-29T02:15:03-10:00job:github_sync_all | ↓ [database] fetching origin/main
2026-09-29T02:15:03-10:00job:github_sync_all | From github.com:RootRecord-Software-Solutions/RootRecord-Database
2026-09-29T02:15:03-10:00job:github_sync_all | * branch            main       -> FETCH_HEAD
2026-09-29T02:15:03-10:00job:github_sync_all | ↑ [database] local is ahead of GitHub
2026-09-29T02:15:03-10:00job:github_sync_all | To github.com:RootRecord-Software-Solutions/RootRecord-Database.git
2026-09-29T02:15:03-10:00job:github_sync_all | 5234b15..2328f9b  HEAD -> main
2026-09-29T02:15:03-10:00job:github_sync_all | branch 'main' set up to track 'origin/main'.
2026-09-29T02:15:03-10:00job:github_sync_all | ↑ [database] 16 files → RootRecord-Software-Solutions/RootRecord-Database (main)
2026-09-29T02:15:03-10:00job:github_sync_all | — [library] no local changes
2026-09-29T02:15:03-10:00job:github_sync_all | ↓ [library] fetching origin/main
2026-09-29T02:15:03-10:00job:github_sync_all | From github.com:RootRecord-Software-Solutions/RootRecord-Library
2026-09-29T02:15:03-10:00job:github_sync_all | * branch            main       -> FETCH_HEAD
2026-09-29T02:15:03-10:00job:github_sync_all | — [library] local and GitHub already match
2026-09-29T02:15:03-10:00job:github_sync_all | — [library] nothing to push
2026-09-29T02:15:03-10:00job:github_sync_all | — [skills] no local changes
2026-09-29T02:15:03-10:00job:github_sync_all | ↓ [skills] fetching origin/main
2026-09-29T02:15:03-10:00job:github_sync_all | From github.com:rootrecordsoftwaresolutions/Solar-Pacific-RootRecord-Server
2026-09-29T02:15:03-10:00job:github_sync_all | * branch            main       -> FETCH_HEAD
2026-09-29T02:15:03-10:00job:github_sync_all | — [skills] local and GitHub already match
2026-09-29T02:15:03-10:00job:github_sync_all | — [skills] nothing to push
2026-09-29T02:15:03-10:00job:security_camera_frame_grab RUN  bash "/home/rootrecord/RootRecord-Ecosystem/1 - Servers/1 - RootRecord-Pacific-Solar-Server/Security/Cameras/grab_all.sh"
2026-09-29T02:15:15-10:00job:security_camera_frame_grab | 02:15:03  📷  a-eyes  ch1 → ch1-20260929T121503Z.jpg  (304.5 KB, 4.54s)
2026-09-29T02:15:15-10:00job:security_camera_frame_grab | 02:15:08  📷  a-eyes  ch2 → ch2-20260929T121508Z.jpg  (344.5 KB, 4.27s)
2026-09-29T02:15:15-10:00job:security_camera_frame_grab | 02:15:12  📷  a-eyes  ch3 → ch3-20260929T121512Z.jpg  (11.9 KB, 1.51s)
2026-09-29T02:15:15-10:00job:security_camera_frame_grab | 02:15:14  📷  a-eyes  ch4 → ch4-20260929T121514Z.jpg  (11.9 KB, 1.72s)
2026-09-29T02:15:16-10:00ENERGY  status=live  B2=78%  B1=0%  solar=0 W  ac=0 W  usbc=29 W  src=/home/rootrecord/RootRecord-Ecosystem/2 - RootRecord-Database/ENERGY
2026-09-29T02:15:17-10:00  ▸  SUMMARY=river2pro soc=0% solar=0W ac_out=73W usbc=95W src=api db=ok
2026-09-29T02:15:17-10:00job:sys_stats_cycle RUN  bash "/home/rootrecord/RootRecord-Ecosystem/1 - Servers/1 - RootRecord-Pacific-Solar-Server/System/scripts/sys-sample.sh"
2026-09-29T02:15:17-10:00job:sys_stats_cycle | SYSTEM  cpu=14%  load=2.44  mem=60%  src=sqlite
2026-09-29T02:15:17-10:00job:sys_stats_cycle | OK wrote /home/rootrecord/RootRecord-Ecosystem/2 - RootRecord-Database/SYSTEM/samples/sys-20260929-021517.json
2026-09-29T02:15:48-10:00job:github_sync_all | ↑ [pacific] committed 2 local file(s)
2026-09-29T02:15:48-10:00job:github_sync_all | ↓ [pacific] fetching origin/main
2026-09-29T02:15:48-10:00job:github_sync_all | From github.com:RootRecord-Software-Solutions/RootRecord-Pacific-Solar-Server
2026-09-29T02:15:48-10:00job:github_sync_all | * branch            main       -> FETCH_HEAD
2026-09-29T02:15:48-10:00job:github_sync_all | ↑ [pacific] local is ahead of GitHub
2026-09-29T02:15:48-10:00job:github_sync_all | To github.com:RootRecord-Software-Solutions/RootRecord-Pacific-Solar-Server.git
2026-09-29T02:15:48-10:00job:github_sync_all | 884c832..89a8d6d  HEAD -> main
2026-09-29T02:15:48-10:00job:github_sync_all | branch 'main' set up to track 'origin/main'.
2026-09-29T02:15:48-10:00job:github_sync_all | ↑ [pacific] 2 files → RootRecord-Software-Solutions/RootRecord-Pacific-Solar-Server (main)
2026-09-29T02:15:48-10:00job:github_sync_all | ↑ [database] committed 14 local file(s)
2026-09-29T02:15:48-10:00job:github_sync_all | ↓ [database] fetching origin/main
2026-09-29T02:15:48-10:00job:github_sync_all | From github.com:RootRecord-Software-Solutions/RootRecord-Database
2026-09-29T02:15:48-10:00job:github_sync_all | * branch            main       -> FETCH_HEAD
2026-09-29T02:15:48-10:00job:github_sync_all | ↑ [database] local is ahead of GitHub
2026-09-29T02:15:48-10:00job:github_sync_all | To github.com:RootRecord-Software-Solutions/RootRecord-Database.git
2026-09-29T02:15:48-10:00job:github_sync_all | 2328f9b..5973d53  HEAD -> main
2026-09-29T02:15:48-10:00job:github_sync_all | branch 'main' set up to track 'origin/main'.
2026-09-29T02:15:48-10:00job:github_sync_all | ↑ [database] 14 files → RootRecord-Software-Solutions/RootRecord-Database (main)
2026-09-29T02:15:48-10:00job:github_sync_all | — [library] no local changes
2026-09-29T02:15:48-10:00job:github_sync_all | ↓ [library] fetching origin/main
2026-09-29T02:15:48-10:00job:github_sync_all | From github.com:RootRecord-Software-Solutions/RootRecord-Library
2026-09-29T02:15:48-10:00job:github_sync_all | * branch            main       -> FETCH_HEAD
2026-09-29T02:15:48-10:00job:github_sync_all | — [library] local and GitHub already match
2026-09-29T02:15:48-10:00job:github_sync_all | — [library] nothing to push
2026-09-29T02:15:48-10:00job:github_sync_all | — [skills] no local changes
2026-09-29T02:15:48-10:00job:github_sync_all | ↓ [skills] fetching origin/main
2026-09-29T02:15:48-10:00job:github_sync_all | From github.com:rootrecordsoftwaresolutions/Solar-Pacific-RootRecord-Server
2026-09-29T02:15:48-10:00job:github_sync_all | * branch            main       -> FETCH_HEAD
2026-09-29T02:15:48-10:00job:github_sync_all | — [skills] local and GitHub already match
2026-09-29T02:15:48-10:00job:github_sync_all | — [skills] nothing to push
2026-09-29T02:15:48-10:00job:security_camera_frame_grab RUN  bash "/home/rootrecord/RootRecord-Ecosystem/1 - Servers/1 - RootRecord-Pacific-Solar-Server/Security/Cameras/grab_all.sh"
2026-09-29T02:16:00-10:00job:security_camera_frame_grab | 02:15:48  📷  a-eyes  ch1 → ch1-20260929T121548Z.jpg  (308.2 KB, 4.43s)
2026-09-29T02:16:00-10:00job:security_camera_frame_grab | 02:15:53  📷  a-eyes  ch2 → ch2-20260929T121553Z.jpg  (342.5 KB, 4.50s)
2026-09-29T02:16:00-10:00job:security_camera_frame_grab | 02:15:57  📷  a-eyes  ch3 → ch3-20260929T121557Z.jpg  (12.0 KB, 1.63s)
2026-09-29T02:16:00-10:00job:security_camera_frame_grab | 02:15:59  📷  a-eyes  ch4 → ch4-20260929T121559Z.jpg  (12.0 KB, 1.51s)
2026-09-29T02:16:02-10:00  ▸  SUMMARY=delta2 soc=78% solar=0W ac_out=0W usbc=29W src=api db=ok
2026-09-29T02:16:02-10:00job:sys_stats_cycle RUN  bash "/home/rootrecord/RootRecord-Ecosystem/1 - Servers/1 - RootRecord-Pacific-Solar-Server/System/scripts/sys-sample.sh"
2026-09-29T02:16:02-10:00job:sys_stats_cycle | SYSTEM  cpu=8%  load=2.23  mem=60%  src=sqlite
2026-09-29T02:16:02-10:00job:sys_stats_cycle | OK wrote /home/rootrecord/RootRecord-Ecosystem/2 - RootRecord-Database/SYSTEM/samples/sys-20260929-021602.json
2026-09-29T02:16:38-10:00job:github_sync_all | ↑ [pacific] committed 1 local file(s)
2026-09-29T02:16:38-10:00job:github_sync_all | ↓ [pacific] fetching origin/main
2026-09-29T02:16:38-10:00job:github_sync_all | From github.com:RootRecord-Software-Solutions/RootRecord-Pacific-Solar-Server
2026-09-29T02:16:38-10:00job:github_sync_all | * branch            main       -> FETCH_HEAD
2026-09-29T02:16:38-10:00job:github_sync_all | ↑ [pacific] local is ahead of GitHub
2026-09-29T02:16:38-10:00job:github_sync_all | To github.com:RootRecord-Software-Solutions/RootRecord-Pacific-Solar-Server.git
2026-09-29T02:16:38-10:00job:github_sync_all | 89a8d6d..4a4107a  HEAD -> main
2026-09-29T02:16:38-10:00job:github_sync_all | branch 'main' set up to track 'origin/main'.
2026-09-29T02:16:38-10:00job:github_sync_all | ↑ [pacific] 1 files → RootRecord-Software-Solutions/RootRecord-Pacific-Solar-Server (main)
2026-09-29T02:16:38-10:00job:github_sync_all | ↑ [database] committed 13 local file(s)
2026-09-29T02:16:38-10:00job:github_sync_all | ↓ [database] fetching origin/main
2026-09-29T02:16:38-10:00job:github_sync_all | From github.com:RootRecord-Software-Solutions/RootRecord-Database
2026-09-29T02:16:38-10:00job:github_sync_all | * branch            main       -> FETCH_HEAD
2026-09-29T02:16:38-10:00job:github_sync_all | ↑ [database] local is ahead of GitHub
2026-09-29T02:16:38-10:00job:github_sync_all | To github.com:RootRecord-Software-Solutions/RootRecord-Database.git
2026-09-29T02:16:38-10:00job:github_sync_all | 5973d53..6273306  HEAD -> main
2026-09-29T02:16:38-10:00job:github_sync_all | branch 'main' set up to track 'origin/main'.
2026-09-29T02:16:38-10:00job:github_sync_all | ↑ [database] 13 files → RootRecord-Software-Solutions/RootRecord-Database (main)
2026-09-29T02:16:38-10:00job:github_sync_all | — [library] no local changes
2026-09-29T02:16:38-10:00job:github_sync_all | ↓ [library] fetching origin/main
2026-09-29T02:16:38-10:00job:github_sync_all | From github.com:RootRecord-Software-Solutions/RootRecord-Library
2026-09-29T02:16:38-10:00job:github_sync_all | * branch            main       -> FETCH_HEAD
2026-09-29T02:16:38-10:00job:github_sync_all | — [library] local and GitHub already match
2026-09-29T02:16:38-10:00job:github_sync_all | — [library] nothing to push
2026-09-29T02:16:38-10:00job:github_sync_all | — [skills] no local changes
2026-09-29T02:16:38-10:00job:github_sync_all | ↓ [skills] fetching origin/main
2026-09-29T02:16:38-10:00job:github_sync_all | From github.com:rootrecordsoftwaresolutions/Solar-Pacific-RootRecord-Server
2026-09-29T02:16:38-10:00job:github_sync_all | * branch            main       -> FETCH_HEAD
2026-09-29T02:16:38-10:00job:github_sync_all | — [skills] local and GitHub already match
2026-09-29T02:16:38-10:00job:github_sync_all | — [skills] nothing to push
2026-09-29T02:16:38-10:00job:worklog_scan RUN  bash "/home/rootrecord/RootRecord-Ecosystem/1 - Servers/1 - RootRecord-Pacific-Solar-Server/Reports/scripts/worklog_once.sh"
2026-09-29T02:16:41-10:00job:worklog_scan | OK wrote/updated /home/rootrecord/RootRecord-Ecosystem/2 - RootRecord-Database/WORKLOG/worklog_current.md
2026-09-29T02:16:41-10:00job:security_camera_frame_grab RUN  bash "/home/rootrecord/RootRecord-Ecosystem/1 - Servers/1 - RootRecord-Pacific-Solar-Server/Security/Cameras/grab_all.sh"
2026-09-29T02:16:53-10:00job:security_camera_frame_grab | 02:16:41  📷  a-eyes  ch1 → ch1-20260929T121641Z.jpg  (304.5 KB, 4.52s)
2026-09-29T02:16:53-10:00job:security_camera_frame_grab | 02:16:45  📷  a-eyes  ch2 → ch2-20260929T121645Z.jpg  (343.5 KB, 4.48s)
2026-09-29T02:16:53-10:00job:security_camera_frame_grab | 02:16:50  📷  a-eyes  ch3 → ch3-20260929T121650Z.jpg  (12.0 KB, 1.51s)
2026-09-29T02:16:53-10:00job:security_camera_frame_grab | 02:16:51  📷  a-eyes  ch4 → ch4-20260929T121651Z.jpg  (12.0 KB, 1.54s)
2026-09-29T02:16:53-10:00ENERGY  status=live  B2=78%  B1=0%  solar=0 W  ac=0 W  usbc=29 W  src=/home/rootrecord/RootRecord-Ecosystem/2 - RootRecord-Database/ENERGY
2026-09-29T02:16:54-10:00  ▸  SUMMARY=delta2 soc=78% solar=0W ac_out=0W usbc=29W src=api db=ok
2026-09-29T02:16:54-10:00job:sys_stats_cycle RUN  bash "/home/rootrecord/RootRecord-Ecosystem/1 - Servers/1 - RootRecord-Pacific-Solar-Server/System/scripts/sys-sample.sh"
2026-09-29T02:16:55-10:00job:sys_stats_cycle | SYSTEM  cpu=9%  load=1.19  mem=60%  src=sqlite
2026-09-29T02:16:55-10:00job:sys_stats_cycle | OK wrote /home/rootrecord/RootRecord-Ecosystem/2 - RootRecord-Database/SYSTEM/samples/sys-20260929-021655.json
2026-09-29T02:17:24-10:00job:github_sync_all | ↑ [pacific] committed 1 local file(s)
2026-09-29T02:17:24-10:00job:github_sync_all | ↓ [pacific] fetching origin/main
2026-09-29T02:17:24-10:00job:github_sync_all | From github.com:RootRecord-Software-Solutions/RootRecord-Pacific-Solar-Server
2026-09-29T02:17:24-10:00job:github_sync_all | * branch            main       -> FETCH_HEAD
2026-09-29T02:17:24-10:00job:github_sync_all | ↑ [pacific] local is ahead of GitHub
2026-09-29T02:17:24-10:00job:github_sync_all | To github.com:RootRecord-Software-Solutions/RootRecord-Pacific-Solar-Server.git
2026-09-29T02:17:24-10:00job:github_sync_all | 4a4107a..69cf507  HEAD -> main
2026-09-29T02:17:24-10:00job:github_sync_all | branch 'main' set up to track 'origin/main'.
2026-09-29T02:17:24-10:00job:github_sync_all | ↑ [pacific] 1 files → RootRecord-Software-Solutions/RootRecord-Pacific-Solar-Server (main)
2026-09-29T02:17:24-10:00job:github_sync_all | ↑ [database] committed 15 local file(s)
2026-09-29T02:17:24-10:00job:github_sync_all | ↓ [database] fetching origin/main
2026-09-29T02:17:24-10:00job:github_sync_all | From github.com:RootRecord-Software-Solutions/RootRecord-Database
2026-09-29T02:17:24-10:00job:github_sync_all | * branch            main       -> FETCH_HEAD
2026-09-29T02:17:24-10:00job:github_sync_all | ↑ [database] local is ahead of GitHub
2026-09-29T02:17:24-10:00job:github_sync_all | To github.com:RootRecord-Software-Solutions/RootRecord-Database.git
2026-09-29T02:17:24-10:00job:github_sync_all | 6273306..6bf4e99  HEAD -> main
2026-09-29T02:17:24-10:00job:github_sync_all | branch 'main' set up to track 'origin/main'.
2026-09-29T02:17:24-10:00job:github_sync_all | ↑ [database] 15 files → RootRecord-Software-Solutions/RootRecord-Database (main)
2026-09-29T02:17:24-10:00job:github_sync_all | — [library] no local changes
2026-09-29T02:17:24-10:00job:github_sync_all | ↓ [library] fetching origin/main
2026-09-29T02:17:24-10:00job:github_sync_all | From github.com:RootRecord-Software-Solutions/RootRecord-Library
2026-09-29T02:17:24-10:00job:github_sync_all | * branch            main       -> FETCH_HEAD
2026-09-29T02:17:24-10:00job:github_sync_all | — [library] local and GitHub already match
2026-09-29T02:17:24-10:00job:github_sync_all | — [library] nothing to push
2026-09-29T02:17:24-10:00job:github_sync_all | — [skills] no local changes
2026-09-29T02:17:24-10:00job:github_sync_all | ↓ [skills] fetching origin/main
2026-09-29T02:17:24-10:00job:github_sync_all | From github.com:rootrecordsoftwaresolutions/Solar-Pacific-RootRecord-Server
2026-09-29T02:17:24-10:00job:github_sync_all | * branch            main       -> FETCH_HEAD
2026-09-29T02:17:24-10:00job:github_sync_all | — [skills] local and GitHub already match
2026-09-29T02:17:24-10:00job:github_sync_all | — [skills] nothing to push
2026-09-29T02:17:24-10:00job:security_camera_frame_grab RUN  bash "/home/rootrecord/RootRecord-Ecosystem/1 - Servers/1 - RootRecord-Pacific-Solar-Server/Security/Cameras/grab_all.sh"
2026-09-29T02:17:36-10:00job:security_camera_frame_grab | 02:17:24  📷  a-eyes  ch1 → ch1-20260929T121724Z.jpg  (301.9 KB, 4.35s)
2026-09-29T02:17:36-10:00job:security_camera_frame_grab | 02:17:29  📷  a-eyes  ch2 → ch2-20260929T121729Z.jpg  (342.7 KB, 4.28s)
2026-09-29T02:17:36-10:00job:security_camera_frame_grab | 02:17:33  📷  a-eyes  ch3 → ch3-20260929T121733Z.jpg  (11.9 KB, 1.71s)
2026-09-29T02:17:36-10:00job:security_camera_frame_grab | 02:17:35  📷  a-eyes  ch4 → ch4-20260929T121735Z.jpg  (11.9 KB, 1.65s)
2026-09-29T02:17:37-10:00  ▸  SUMMARY=river2pro soc=0% solar=0W ac_out=73W usbc=95W src=api db=ok
2026-09-29T02:17:37-10:00job:sys_stats_cycle RUN  bash "/home/rootrecord/RootRecord-Ecosystem/1 - Servers/1 - RootRecord-Pacific-Solar-Server/System/scripts/sys-sample.sh"
2026-09-29T02:17:38-10:00job:sys_stats_cycle | SYSTEM  cpu=9%  load=1.39  mem=59%  src=sqlite
2026-09-29T02:17:38-10:00job:sys_stats_cycle | OK wrote /home/rootrecord/RootRecord-Ecosystem/2 - RootRecord-Database/SYSTEM/samples/sys-20260929-021738.json
2026-09-29T02:18:02-10:00job:github_sync_all | — [pacific] no local changes
2026-09-29T02:18:02-10:00job:github_sync_all | ↓ [pacific] fetching origin/main
2026-09-29T02:18:02-10:00job:github_sync_all | From github.com:RootRecord-Software-Solutions/RootRecord-Pacific-Solar-Server
2026-09-29T02:18:02-10:00job:github_sync_all | * branch            main       -> FETCH_HEAD
2026-09-29T02:18:02-10:00job:github_sync_all | — [pacific] local and GitHub already match
2026-09-29T02:18:02-10:00job:github_sync_all | — [pacific] nothing to push
2026-09-29T02:18:02-10:00job:github_sync_all | ↑ [database] committed 12 local file(s)
2026-09-29T02:18:02-10:00job:github_sync_all | ↓ [database] fetching origin/main
2026-09-29T02:18:02-10:00job:github_sync_all | From github.com:RootRecord-Software-Solutions/RootRecord-Database
2026-09-29T02:18:02-10:00job:github_sync_all | * branch            main       -> FETCH_HEAD
2026-09-29T02:18:02-10:00job:github_sync_all | ↑ [database] local is ahead of GitHub
2026-09-29T02:18:02-10:00job:github_sync_all | To github.com:RootRecord-Software-Solutions/RootRecord-Database.git
2026-09-29T02:18:02-10:00job:github_sync_all | 6bf4e99..586cd97  HEAD -> main
2026-09-29T02:18:02-10:00job:github_sync_all | branch 'main' set up to track 'origin/main'.
2026-09-29T02:18:02-10:00job:github_sync_all | ↑ [database] 12 files → RootRecord-Software-Solutions/RootRecord-Database (main)
2026-09-29T02:18:02-10:00job:github_sync_all | — [library] no local changes
2026-09-29T02:18:02-10:00job:github_sync_all | ↓ [library] fetching origin/main
2026-09-29T02:18:02-10:00job:github_sync_all | From github.com:RootRecord-Software-Solutions/RootRecord-Library
2026-09-29T02:18:02-10:00job:github_sync_all | * branch            main       -> FETCH_HEAD
2026-09-29T02:18:02-10:00job:github_sync_all | — [library] local and GitHub already match
2026-09-29T02:18:02-10:00job:github_sync_all | — [library] nothing to push
2026-09-29T02:18:02-10:00job:github_sync_all | — [skills] no local changes
2026-09-29T02:18:02-10:00job:github_sync_all | ↓ [skills] fetching origin/main
2026-09-29T02:18:02-10:00job:github_sync_all | From github.com:rootrecordsoftwaresolutions/Solar-Pacific-RootRecord-Server
2026-09-29T02:18:02-10:00job:github_sync_all | * branch            main       -> FETCH_HEAD
2026-09-29T02:18:02-10:00job:github_sync_all | — [skills] local and GitHub already match
2026-09-29T02:18:02-10:00job:github_sync_all | — [skills] nothing to push
2026-09-29T02:18:02-10:00job:worklog_scan RUN  bash "/home/rootrecord/RootRecord-Ecosystem/1 - Servers/1 - RootRecord-Pacific-Solar-Server/Reports/scripts/worklog_once.sh"
2026-09-29T02:18:05-10:00job:worklog_scan | OK wrote/updated /home/rootrecord/RootRecord-Ecosystem/2 - RootRecord-Database/WORKLOG/worklog_current.md
2026-09-29T02:18:05-10:00job:security_camera_frame_grab RUN  bash "/home/rootrecord/RootRecord-Ecosystem/1 - Servers/1 - RootRecord-Pacific-Solar-Server/Security/Cameras/grab_all.sh"
2026-09-29T02:18:17-10:00job:security_camera_frame_grab | 02:18:05  📷  a-eyes  ch1 → ch1-20260929T121805Z.jpg  (306.6 KB, 4.36s)
2026-09-29T02:18:17-10:00job:security_camera_frame_grab | 02:18:09  📷  a-eyes  ch2 → ch2-20260929T121809Z.jpg  (344.9 KB, 4.48s)
2026-09-29T02:18:17-10:00job:security_camera_frame_grab | 02:18:14  📷  a-eyes  ch3 → ch3-20260929T121814Z.jpg  (11.9 KB, 1.50s)
2026-09-29T02:18:17-10:00job:security_camera_frame_grab | 02:18:15  📷  a-eyes  ch4 → ch4-20260929T121815Z.jpg  (11.9 KB, 1.65s)
2026-09-29T02:18:17-10:00ENERGY  status=live  B2=78%  B1=0%  solar=0 W  ac=0 W  usbc=29 W  src=/home/rootrecord/RootRecord-Ecosystem/2 - RootRecord-Database/ENERGY
2026-09-29T02:18:18-10:00  ▸  SUMMARY=river2pro soc=0% solar=0W ac_out=73W usbc=95W src=api db=ok
2026-09-29T02:18:18-10:00job:sys_stats_cycle RUN  bash "/home/rootrecord/RootRecord-Ecosystem/1 - Servers/1 - RootRecord-Pacific-Solar-Server/System/scripts/sys-sample.sh"
2026-09-29T02:18:19-10:00job:sys_stats_cycle | SYSTEM  cpu=11%  load=1.21  mem=60%  src=sqlite
2026-09-29T02:18:19-10:00job:sys_stats_cycle | OK wrote /home/rootrecord/RootRecord-Ecosystem/2 - RootRecord-Database/SYSTEM/samples/sys-20260929-021819.json
2026-09-29T02:18:43-10:00job:github_sync_all | — [pacific] no local changes
2026-09-29T02:18:43-10:00job:github_sync_all | ↓ [pacific] fetching origin/main
2026-09-29T02:18:43-10:00job:github_sync_all | From github.com:RootRecord-Software-Solutions/RootRecord-Pacific-Solar-Server
2026-09-29T02:18:43-10:00job:github_sync_all | * branch            main       -> FETCH_HEAD
2026-09-29T02:18:43-10:00job:github_sync_all | — [pacific] local and GitHub already match
2026-09-29T02:18:43-10:00job:github_sync_all | — [pacific] nothing to push
2026-09-29T02:18:43-10:00job:github_sync_all | ↑ [database] committed 16 local file(s)
2026-09-29T02:18:43-10:00job:github_sync_all | ↓ [database] fetching origin/main
2026-09-29T02:18:43-10:00job:github_sync_all | From github.com:RootRecord-Software-Solutions/RootRecord-Database
2026-09-29T02:18:43-10:00job:github_sync_all | * branch            main       -> FETCH_HEAD
2026-09-29T02:18:43-10:00job:github_sync_all | ↑ [database] local is ahead of GitHub
2026-09-29T02:18:43-10:00job:github_sync_all | To github.com:RootRecord-Software-Solutions/RootRecord-Database.git
2026-09-29T02:18:43-10:00job:github_sync_all | 586cd97..023821d  HEAD -> main
2026-09-29T02:18:43-10:00job:github_sync_all | branch 'main' set up to track 'origin/main'.
2026-09-29T02:18:43-10:00job:github_sync_all | ↑ [database] 16 files → RootRecord-Software-Solutions/RootRecord-Database (main)
2026-09-29T02:18:43-10:00job:github_sync_all | — [library] no local changes
2026-09-29T02:18:43-10:00job:github_sync_all | ↓ [library] fetching origin/main
2026-09-29T02:18:43-10:00job:github_sync_all | From github.com:RootRecord-Software-Solutions/RootRecord-Library
2026-09-29T02:18:43-10:00job:github_sync_all | * branch            main       -> FETCH_HEAD
2026-09-29T02:18:43-10:00job:github_sync_all | — [library] local and GitHub already match
2026-09-29T02:18:43-10:00job:github_sync_all | — [library] nothing to push
2026-09-29T02:18:43-10:00job:github_sync_all | — [skills] no local changes
2026-09-29T02:18:43-10:00job:github_sync_all | ↓ [skills] fetching origin/main
2026-09-29T02:18:43-10:00job:github_sync_all | From github.com:rootrecordsoftwaresolutions/Solar-Pacific-RootRecord-Server
2026-09-29T02:18:43-10:00job:github_sync_all | * branch            main       -> FETCH_HEAD
2026-09-29T02:18:43-10:00job:github_sync_all | — [skills] local and GitHub already match
2026-09-29T02:18:43-10:00job:github_sync_all | — [skills] nothing to push
2026-09-29T02:18:43-10:00job:security_camera_frame_grab RUN  bash "/home/rootrecord/RootRecord-Ecosystem/1 - Servers/1 - RootRecord-Pacific-Solar-Server/Security/Cameras/grab_all.sh"
2026-09-29T02:18:56-10:00job:security_camera_frame_grab | 02:18:43  📷  a-eyes  ch1 → ch1-20260929T121843Z.jpg  (306.1 KB, 4.39s)
2026-09-29T02:18:56-10:00job:security_camera_frame_grab | 02:18:48  📷  a-eyes  ch2 → ch2-20260929T121848Z.jpg  (345.9 KB, 4.32s)
2026-09-29T02:18:56-10:00job:security_camera_frame_grab | 02:18:52  📷  a-eyes  ch3 → ch3-20260929T121852Z.jpg  (11.9 KB, 1.74s)
2026-09-29T02:18:56-10:00job:security_camera_frame_grab | 02:18:54  📷  a-eyes  ch4 → ch4-20260929T121854Z.jpg  (11.9 KB, 1.72s)
2026-09-29T02:18:57-10:00  ▸  SUMMARY=river2pro soc=0% solar=0W ac_out=73W usbc=95W src=api db=ok
2026-09-29T02:18:57-10:00job:sys_stats_cycle RUN  bash "/home/rootrecord/RootRecord-Ecosystem/1 - Servers/1 - RootRecord-Pacific-Solar-Server/System/scripts/sys-sample.sh"
2026-09-29T02:18:57-10:00job:sys_stats_cycle | SYSTEM  cpu=9%  load=1.62  mem=59%  src=sqlite
2026-09-29T02:18:57-10:00job:sys_stats_cycle | OK wrote /home/rootrecord/RootRecord-Ecosystem/2 - RootRecord-Database/SYSTEM/samples/sys-20260929-021857.json
2026-09-29T02:19:08-10:00tunnel timeout — reconnecting
2026-09-29T02:19:08-10:00tunnel timeout — reconnecting
2026-09-29T02:19:08-10:00tunnel timeout — reconnecting
2026-09-29T02:19:08-10:00tunnel timeout — reconnecting
2026-09-29T02:19:09-10:00tunnel timeout — reconnecting
2026-09-29T02:19:09-10:00tunnel connected  conn=0  edge=lax11
2026-09-29T02:19:09-10:00tunnel timeout — reconnecting
2026-09-29T02:19:10-10:00tunnel timeout — reconnecting
2026-09-29T02:19:23-10:00job:github_sync_all | — [pacific] no local changes
2026-09-29T02:19:23-10:00job:github_sync_all | ↓ [pacific] fetching origin/main
2026-09-29T02:19:23-10:00job:github_sync_all | From github.com:RootRecord-Software-Solutions/RootRecord-Pacific-Solar-Server
2026-09-29T02:19:23-10:00job:github_sync_all | * branch            main       -> FETCH_HEAD
2026-09-29T02:19:23-10:00job:github_sync_all | — [pacific] local and GitHub already match
2026-09-29T02:19:23-10:00job:github_sync_all | — [pacific] nothing to push
2026-09-29T02:19:23-10:00job:github_sync_all | ↑ [database] committed 11 local file(s)
2026-09-29T02:19:23-10:00job:github_sync_all | ↓ [database] fetching origin/main
2026-09-29T02:19:23-10:00job:github_sync_all | From github.com:RootRecord-Software-Solutions/RootRecord-Database
2026-09-29T02:19:23-10:00job:github_sync_all | * branch            main       -> FETCH_HEAD
2026-09-29T02:19:23-10:00job:github_sync_all | ↑ [database] local is ahead of GitHub
2026-09-29T02:19:23-10:00job:github_sync_all | To github.com:RootRecord-Software-Solutions/RootRecord-Database.git
2026-09-29T02:19:23-10:00job:github_sync_all | 023821d..6db380c  HEAD -> main
2026-09-29T02:19:23-10:00job:github_sync_all | branch 'main' set up to track 'origin/main'.
2026-09-29T02:19:23-10:00job:github_sync_all | ↑ [database] 11 files → RootRecord-Software-Solutions/RootRecord-Database (main)
2026-09-29T02:19:23-10:00job:github_sync_all | — [library] no local changes
2026-09-29T02:19:23-10:00job:github_sync_all | ↓ [library] fetching origin/main
2026-09-29T02:19:23-10:00job:github_sync_all | From github.com:RootRecord-Software-Solutions/RootRecord-Library
2026-09-29T02:19:23-10:00job:github_sync_all | * branch            main       -> FETCH_HEAD
2026-09-29T02:19:23-10:00job:github_sync_all | — [library] local and GitHub already match
2026-09-29T02:19:23-10:00job:github_sync_all | — [library] nothing to push
2026-09-29T02:19:23-10:00job:github_sync_all | — [skills] no local changes
2026-09-29T02:19:23-10:00job:github_sync_all | ↓ [skills] fetching origin/main
2026-09-29T02:19:23-10:00job:github_sync_all | From github.com:rootrecordsoftwaresolutions/Solar-Pacific-RootRecord-Server
2026-09-29T02:19:23-10:00job:github_sync_all | * branch            main       -> FETCH_HEAD
2026-09-29T02:19:23-10:00job:github_sync_all | — [skills] local and GitHub already match
2026-09-29T02:19:23-10:00job:github_sync_all | — [skills] nothing to push
2026-09-29T02:19:23-10:00job:security_camera_frame_grab RUN  bash "/home/rootrecord/RootRecord-Ecosystem/1 - Servers/1 - RootRecord-Pacific-Solar-Server/Security/Cameras/grab_all.sh"
2026-09-29T02:19:25-10:00tunnel connected  conn=1  edge=lax01
2026-09-29T02:19:26-10:00tunnel connected  conn=2  edge=lax01
2026-09-29T02:19:26-10:00tunnel connected  conn=3  edge=lax09
2026-09-29T02:19:35-10:00job:security_camera_frame_grab | 02:19:23  📷  a-eyes  ch1 → ch1-20260929T121923Z.jpg  (307.0 KB, 4.34s)
2026-09-29T02:19:35-10:00job:security_camera_frame_grab | 02:19:28  📷  a-eyes  ch2 → ch2-20260929T121928Z.jpg  (344.6 KB, 4.33s)
2026-09-29T02:19:35-10:00job:security_camera_frame_grab | 02:19:32  📷  a-eyes  ch3 → ch3-20260929T121932Z.jpg  (11.9 KB, 1.68s)
2026-09-29T02:19:35-10:00job:security_camera_frame_grab | 02:19:34  📷  a-eyes  ch4 → ch4-20260929T121934Z.jpg  (11.9 KB, 1.50s)
2026-09-29T02:19:35-10:00ENERGY  status=live  B2=78%  B1=0%  solar=0 W  ac=0 W  usbc=29 W  src=/home/rootrecord/RootRecord-Ecosystem/2 - RootRecord-Database/ENERGY
2026-09-29T02:19:37-10:00  ▸  SUMMARY=river2pro soc=0% solar=0W ac_out=73W usbc=95W src=api db=ok
2026-09-29T02:19:37-10:00job:sys_stats_cycle RUN  bash "/home/rootrecord/RootRecord-Ecosystem/1 - Servers/1 - RootRecord-Pacific-Solar-Server/System/scripts/sys-sample.sh"
2026-09-29T02:19:37-10:00job:sys_stats_cycle | SYSTEM  cpu=13%  load=1.40  mem=66%  src=sqlite
2026-09-29T02:19:37-10:00job:sys_stats_cycle | OK wrote /home/rootrecord/RootRecord-Ecosystem/2 - RootRecord-Database/SYSTEM/samples/sys-20260929-021937.json
2026-09-29T02:20:02-10:00job:github_sync_all | — [pacific] no local changes
2026-09-29T02:20:02-10:00job:github_sync_all | ↓ [pacific] fetching origin/main
2026-09-29T02:20:02-10:00job:github_sync_all | From github.com:RootRecord-Software-Solutions/RootRecord-Pacific-Solar-Server
2026-09-29T02:20:02-10:00job:github_sync_all | * branch            main       -> FETCH_HEAD
2026-09-29T02:20:02-10:00job:github_sync_all | — [pacific] local and GitHub already match
2026-09-29T02:20:02-10:00job:github_sync_all | — [pacific] nothing to push
2026-09-29T02:20:02-10:00job:github_sync_all | ↑ [database] committed 12 local file(s)
2026-09-29T02:20:02-10:00job:github_sync_all | ↓ [database] fetching origin/main
2026-09-29T02:20:02-10:00job:github_sync_all | From github.com:RootRecord-Software-Solutions/RootRecord-Database
2026-09-29T02:20:02-10:00job:github_sync_all | * branch            main       -> FETCH_HEAD
2026-09-29T02:20:02-10:00job:github_sync_all | ↑ [database] local is ahead of GitHub
2026-09-29T02:20:02-10:00job:github_sync_all | To github.com:RootRecord-Software-Solutions/RootRecord-Database.git
2026-09-29T02:20:02-10:00job:github_sync_all | 6db380c..e05630a  HEAD -> main
2026-09-29T02:20:02-10:00job:github_sync_all | branch 'main' set up to track 'origin/main'.
2026-09-29T02:20:02-10:00job:github_sync_all | ↑ [database] 12 files → RootRecord-Software-Solutions/RootRecord-Database (main)
2026-09-29T02:20:02-10:00job:github_sync_all | — [library] no local changes
2026-09-29T02:20:02-10:00job:github_sync_all | ↓ [library] fetching origin/main
2026-09-29T02:20:02-10:00job:github_sync_all | From github.com:RootRecord-Software-Solutions/RootRecord-Library
2026-09-29T02:20:02-10:00job:github_sync_all | * branch            main       -> FETCH_HEAD
2026-09-29T02:20:02-10:00job:github_sync_all | — [library] local and GitHub already match
2026-09-29T02:20:02-10:00job:github_sync_all | — [library] nothing to push
2026-09-29T02:20:02-10:00job:github_sync_all | — [skills] no local changes
2026-09-29T02:20:02-10:00job:github_sync_all | ↓ [skills] fetching origin/main
2026-09-29T02:20:02-10:00job:github_sync_all | From github.com:rootrecordsoftwaresolutions/Solar-Pacific-RootRecord-Server
2026-09-29T02:20:02-10:00job:github_sync_all | * branch            main       -> FETCH_HEAD
2026-09-29T02:20:02-10:00job:github_sync_all | — [skills] local and GitHub already match
2026-09-29T02:20:02-10:00job:github_sync_all | — [skills] nothing to push
2026-09-29T02:20:02-10:00job:worklog_scan RUN  bash "/home/rootrecord/RootRecord-Ecosystem/1 - Servers/1 - RootRecord-Pacific-Solar-Server/Reports/scripts/worklog_once.sh"
2026-09-29T02:20:05-10:00job:worklog_scan | OK wrote/updated /home/rootrecord/RootRecord-Ecosystem/2 - RootRecord-Database/WORKLOG/worklog_current.md
2026-09-29T02:20:05-10:00job:security_camera_frame_grab RUN  bash "/home/rootrecord/RootRecord-Ecosystem/1 - Servers/1 - RootRecord-Pacific-Solar-Server/Security/Cameras/grab_all.sh"
2026-09-29T02:20:17-10:00job:security_camera_frame_grab | 02:20:05  📷  a-eyes  ch1 → ch1-20260929T122005Z.jpg  (306.1 KB, 4.62s)
2026-09-29T02:20:17-10:00job:security_camera_frame_grab | 02:20:09  📷  a-eyes  ch2 → ch2-20260929T122009Z.jpg  (345.3 KB, 4.28s)
2026-09-29T02:20:17-10:00job:security_camera_frame_grab | 02:20:14  📷  a-eyes  ch3 → ch3-20260929T122014Z.jpg  (12.0 KB, 1.61s)
2026-09-29T02:20:17-10:00job:security_camera_frame_grab | 02:20:15  📷  a-eyes  ch4 → ch4-20260929T122015Z.jpg  (12.0 KB, 1.72s)
2026-09-29T02:20:18-10:00  ▸  SUMMARY=river2pro soc=0% solar=0W ac_out=73W usbc=95W src=api db=ok
2026-09-29T02:20:18-10:00job:sys_stats_cycle RUN  bash "/home/rootrecord/RootRecord-Ecosystem/1 - Servers/1 - RootRecord-Pacific-Solar-Server/System/scripts/sys-sample.sh"
2026-09-29T02:20:19-10:00job:sys_stats_cycle | SYSTEM  cpu=5%  load=1.09  mem=64%  src=sqlite
2026-09-29T02:20:19-10:00job:sys_stats_cycle | OK wrote /home/rootrecord/RootRecord-Ecosystem/2 - RootRecord-Database/SYSTEM/samples/sys-20260929-022019.json
2026-09-29T02:20:50-10:00job:github_sync_all | ↑ [pacific] committed 1 local file(s)
2026-09-29T02:20:50-10:00job:github_sync_all | ↓ [pacific] fetching origin/main
2026-09-29T02:20:50-10:00job:github_sync_all | From github.com:RootRecord-Software-Solutions/RootRecord-Pacific-Solar-Server
2026-09-29T02:20:50-10:00job:github_sync_all | * branch            main       -> FETCH_HEAD
2026-09-29T02:20:50-10:00job:github_sync_all | ↑ [pacific] local is ahead of GitHub
2026-09-29T02:20:50-10:00job:github_sync_all | To github.com:RootRecord-Software-Solutions/RootRecord-Pacific-Solar-Server.git
2026-09-29T02:20:50-10:00job:github_sync_all | 69cf507..7a3b236  HEAD -> main
2026-09-29T02:20:50-10:00job:github_sync_all | branch 'main' set up to track 'origin/main'.
2026-09-29T02:20:50-10:00job:github_sync_all | ↑ [pacific] 1 files → RootRecord-Software-Solutions/RootRecord-Pacific-Solar-Server (main)
2026-09-29T02:20:50-10:00job:github_sync_all | ↑ [database] committed 18 local file(s)
2026-09-29T02:20:50-10:00job:github_sync_all | ↓ [database] fetching origin/main
2026-09-29T02:20:50-10:00job:github_sync_all | From github.com:RootRecord-Software-Solutions/RootRecord-Database
2026-09-29T02:20:50-10:00job:github_sync_all | * branch            main       -> FETCH_HEAD
2026-09-29T02:20:50-10:00job:github_sync_all | ↑ [database] local is ahead of GitHub
2026-09-29T02:20:50-10:00job:github_sync_all | To github.com:RootRecord-Software-Solutions/RootRecord-Database.git
2026-09-29T02:20:50-10:00job:github_sync_all | e05630a..6fd90e3  HEAD -> main
2026-09-29T02:20:50-10:00job:github_sync_all | branch 'main' set up to track 'origin/main'.
2026-09-29T02:20:50-10:00job:github_sync_all | ↑ [database] 18 files → RootRecord-Software-Solutions/RootRecord-Database (main)
2026-09-29T02:20:50-10:00job:github_sync_all | ↑ [library] committed 1 local file(s)
2026-09-29T02:20:50-10:00job:github_sync_all | ↓ [library] fetching origin/main
2026-09-29T02:20:50-10:00job:github_sync_all | From github.com:RootRecord-Software-Solutions/RootRecord-Library
2026-09-29T02:20:50-10:00job:github_sync_all | * branch            main       -> FETCH_HEAD
2026-09-29T02:20:50-10:00job:github_sync_all | ↑ [library] local is ahead of GitHub
2026-09-29T02:20:50-10:00job:github_sync_all | To github.com:RootRecord-Software-Solutions/RootRecord-Library.git
2026-09-29T02:20:50-10:00job:github_sync_all | 1011afe..7969c4a  HEAD -> main
2026-09-29T02:20:50-10:00job:github_sync_all | branch 'main' set up to track 'origin/main'.
2026-09-29T02:20:50-10:00job:github_sync_all | ↑ [library] 1 files → RootRecord-Software-Solutions/RootRecord-Library (main)
2026-09-29T02:20:50-10:00job:github_sync_all | — [skills] no local changes
2026-09-29T02:20:50-10:00job:github_sync_all | ↓ [skills] fetching origin/main
2026-09-29T02:20:50-10:00job:github_sync_all | From github.com:rootrecordsoftwaresolutions/Solar-Pacific-RootRecord-Server
2026-09-29T02:20:50-10:00job:github_sync_all | * branch            main       -> FETCH_HEAD
2026-09-29T02:20:50-10:00job:github_sync_all | — [skills] local and GitHub already match
2026-09-29T02:20:50-10:00job:github_sync_all | — [skills] nothing to push
2026-09-29T02:20:50-10:00job:security_camera_frame_grab RUN  bash "/home/rootrecord/RootRecord-Ecosystem/1 - Servers/1 - RootRecord-Pacific-Solar-Server/Security/Cameras/grab_all.sh"
2026-09-29T02:21:02-10:00job:security_camera_frame_grab | 02:20:50  📷  a-eyes  ch1 → ch1-20260929T122050Z.jpg  (305.7 KB, 4.44s)
2026-09-29T02:21:02-10:00job:security_camera_frame_grab | 02:20:54  📷  a-eyes  ch2 → ch2-20260929T122054Z.jpg  (345.1 KB, 4.39s)
2026-09-29T02:21:02-10:00job:security_camera_frame_grab | 02:20:59  📷  a-eyes  ch3 → ch3-20260929T122059Z.jpg  (12.0 KB, 1.61s)
2026-09-29T02:21:02-10:00job:security_camera_frame_grab | 02:21:00  📷  a-eyes  ch4 → ch4-20260929T122100Z.jpg  (12.0 KB, 1.82s)
2026-09-29T02:21:03-10:00ENERGY  status=live  B2=78%  B1=0%  solar=0 W  ac=0 W  usbc=29 W  src=/home/rootrecord/RootRecord-Ecosystem/2 - RootRecord-Database/ENERGY
2026-09-29T02:21:03-10:00  ▸  SUMMARY=delta2 soc=78% solar=0W ac_out=0W usbc=29W src=api db=ok
2026-09-29T02:21:03-10:00job:sys_stats_cycle RUN  bash "/home/rootrecord/RootRecord-Ecosystem/1 - Servers/1 - RootRecord-Pacific-Solar-Server/System/scripts/sys-sample.sh"
2026-09-29T02:21:04-10:00job:sys_stats_cycle | SYSTEM  cpu=7%  load=1.00  mem=64%  src=sqlite
2026-09-29T02:21:04-10:00job:sys_stats_cycle | OK wrote /home/rootrecord/RootRecord-Ecosystem/2 - RootRecord-Database/SYSTEM/samples/sys-20260929-022104.json
2026-09-29T02:21:32-10:00job:github_sync_all | — [pacific] no local changes
2026-09-29T02:21:32-10:00job:github_sync_all | ↓ [pacific] fetching origin/main
2026-09-29T02:21:32-10:00job:github_sync_all | From github.com:RootRecord-Software-Solutions/RootRecord-Pacific-Solar-Server
2026-09-29T02:21:32-10:00job:github_sync_all | * branch            main       -> FETCH_HEAD
2026-09-29T02:21:32-10:00job:github_sync_all | — [pacific] local and GitHub already match
2026-09-29T02:21:32-10:00job:github_sync_all | — [pacific] nothing to push
2026-09-29T02:21:32-10:00job:github_sync_all | ↑ [database] committed 12 local file(s)
2026-09-29T02:21:32-10:00job:github_sync_all | ↓ [database] fetching origin/main
2026-09-29T02:21:32-10:00job:github_sync_all | From github.com:RootRecord-Software-Solutions/RootRecord-Database
2026-09-29T02:21:32-10:00job:github_sync_all | * branch            main       -> FETCH_HEAD
2026-09-29T02:21:32-10:00job:github_sync_all | ↑ [database] local is ahead of GitHub
2026-09-29T02:21:32-10:00job:github_sync_all | To github.com:RootRecord-Software-Solutions/RootRecord-Database.git
2026-09-29T02:21:32-10:00job:github_sync_all | 6fd90e3..8fc0fdf  HEAD -> main
2026-09-29T02:21:32-10:00job:github_sync_all | branch 'main' set up to track 'origin/main'.
2026-09-29T02:21:32-10:00job:github_sync_all | ↑ [database] 12 files → RootRecord-Software-Solutions/RootRecord-Database (main)
2026-09-29T02:21:32-10:00job:github_sync_all | — [library] no local changes
2026-09-29T02:21:32-10:00job:github_sync_all | ↓ [library] fetching origin/main
2026-09-29T02:21:32-10:00job:github_sync_all | From github.com:RootRecord-Software-Solutions/RootRecord-Library
2026-09-29T02:21:32-10:00job:github_sync_all | * branch            main       -> FETCH_HEAD
2026-09-29T02:21:32-10:00job:github_sync_all | — [library] local and GitHub already match
2026-09-29T02:21:32-10:00job:github_sync_all | — [library] nothing to push
2026-09-29T02:21:32-10:00job:github_sync_all | — [skills] no local changes
2026-09-29T02:21:32-10:00job:github_sync_all | ↓ [skills] fetching origin/main
2026-09-29T02:21:32-10:00job:github_sync_all | From github.com:rootrecordsoftwaresolutions/Solar-Pacific-RootRecord-Server
2026-09-29T02:21:32-10:00job:github_sync_all | * branch            main       -> FETCH_HEAD
2026-09-29T02:21:32-10:00job:github_sync_all | — [skills] local and GitHub already match
2026-09-29T02:21:32-10:00job:github_sync_all | — [skills] nothing to push
2026-09-29T02:21:32-10:00job:security_camera_frame_grab RUN  bash "/home/rootrecord/RootRecord-Ecosystem/1 - Servers/1 - RootRecord-Pacific-Solar-Server/Security/Cameras/grab_all.sh"
2026-09-29T02:21:44-10:00job:security_camera_frame_grab | 02:21:32  📷  a-eyes  ch1 → ch1-20260929T122132Z.jpg  (306.0 KB, 4.25s)
2026-09-29T02:21:44-10:00job:security_camera_frame_grab | 02:21:36  📷  a-eyes  ch2 → ch2-20260929T122136Z.jpg  (344.4 KB, 4.26s)
2026-09-29T02:21:44-10:00job:security_camera_frame_grab | 02:21:41  📷  a-eyes  ch3 → ch3-20260929T122141Z.jpg  (11.9 KB, 1.50s)
2026-09-29T02:21:44-10:00job:security_camera_frame_grab | 02:21:42  📷  a-eyes  ch4 → ch4-20260929T122142Z.jpg  (11.9 KB, 1.66s)
2026-09-29T02:21:45-10:00  ▸  SUMMARY=delta2 soc=78% solar=0W ac_out=0W usbc=29W src=api db=ok
2026-09-29T02:21:45-10:00job:sys_stats_cycle RUN  bash "/home/rootrecord/RootRecord-Ecosystem/1 - Servers/1 - RootRecord-Pacific-Solar-Server/System/scripts/sys-sample.sh"
2026-09-29T02:21:46-10:00job:sys_stats_cycle | SYSTEM  cpu=3%  load=1.03  mem=64%  src=sqlite
2026-09-29T02:21:46-10:00job:sys_stats_cycle | OK wrote /home/rootrecord/RootRecord-Ecosystem/2 - RootRecord-Database/SYSTEM/samples/sys-20260929-022146.json
2026-09-29T02:22:13-10:00job:github_sync_all | — [pacific] no local changes
2026-09-29T02:22:13-10:00job:github_sync_all | ↓ [pacific] fetching origin/main
2026-09-29T02:22:13-10:00job:github_sync_all | From github.com:RootRecord-Software-Solutions/RootRecord-Pacific-Solar-Server
2026-09-29T02:22:13-10:00job:github_sync_all | * branch            main       -> FETCH_HEAD
2026-09-29T02:22:13-10:00job:github_sync_all | — [pacific] local and GitHub already match
2026-09-29T02:22:13-10:00job:github_sync_all | — [pacific] nothing to push
2026-09-29T02:22:13-10:00job:github_sync_all | ↑ [database] committed 11 local file(s)
2026-09-29T02:22:13-10:00job:github_sync_all | ↓ [database] fetching origin/main
2026-09-29T02:22:13-10:00job:github_sync_all | From github.com:RootRecord-Software-Solutions/RootRecord-Database
2026-09-29T02:22:13-10:00job:github_sync_all | * branch            main       -> FETCH_HEAD
2026-09-29T02:22:13-10:00job:github_sync_all | ↑ [database] local is ahead of GitHub
2026-09-29T02:22:13-10:00job:github_sync_all | To github.com:RootRecord-Software-Solutions/RootRecord-Database.git
2026-09-29T02:22:13-10:00job:github_sync_all | 8fc0fdf..11278fa  HEAD -> main
2026-09-29T02:22:13-10:00job:github_sync_all | branch 'main' set up to track 'origin/main'.
2026-09-29T02:22:13-10:00job:github_sync_all | ↑ [database] 11 files → RootRecord-Software-Solutions/RootRecord-Database (main)
2026-09-29T02:22:13-10:00job:github_sync_all | — [library] no local changes
2026-09-29T02:22:13-10:00job:github_sync_all | ↓ [library] fetching origin/main
2026-09-29T02:22:13-10:00job:github_sync_all | From github.com:RootRecord-Software-Solutions/RootRecord-Library
2026-09-29T02:22:13-10:00job:github_sync_all | * branch            main       -> FETCH_HEAD
2026-09-29T02:22:13-10:00job:github_sync_all | — [library] local and GitHub already match
2026-09-29T02:22:13-10:00job:github_sync_all | — [library] nothing to push
2026-09-29T02:22:13-10:00job:github_sync_all | — [skills] no local changes
2026-09-29T02:22:13-10:00job:github_sync_all | ↓ [skills] fetching origin/main
2026-09-29T02:22:13-10:00job:github_sync_all | From github.com:rootrecordsoftwaresolutions/Solar-Pacific-RootRecord-Server
2026-09-29T02:22:13-10:00job:github_sync_all | * branch            main       -> FETCH_HEAD
2026-09-29T02:22:13-10:00job:github_sync_all | — [skills] local and GitHub already match
2026-09-29T02:22:13-10:00job:github_sync_all | — [skills] nothing to push
2026-09-29T02:22:13-10:00job:worklog_scan RUN  bash "/home/rootrecord/RootRecord-Ecosystem/1 - Servers/1 - RootRecord-Pacific-Solar-Server/Reports/scripts/worklog_once.sh"
2026-09-29T02:22:16-10:00job:worklog_scan | OK wrote/updated /home/rootrecord/RootRecord-Ecosystem/2 - RootRecord-Database/WORKLOG/worklog_current.md
2026-09-29T02:22:16-10:00job:security_camera_frame_grab RUN  bash "/home/rootrecord/RootRecord-Ecosystem/1 - Servers/1 - RootRecord-Pacific-Solar-Server/Security/Cameras/grab_all.sh"
2026-09-29T02:22:28-10:00job:security_camera_frame_grab | 02:22:16  📷  a-eyes  ch1 → ch1-20260929T122216Z.jpg  (303.8 KB, 4.46s)
2026-09-29T02:22:28-10:00job:security_camera_frame_grab | 02:22:20  📷  a-eyes  ch2 → ch2-20260929T122220Z.jpg  (345.1 KB, 4.42s)
2026-09-29T02:22:28-10:00job:security_camera_frame_grab | 02:22:25  📷  a-eyes  ch3 → ch3-20260929T122225Z.jpg  (12.0 KB, 1.67s)
2026-09-29T02:22:28-10:00job:security_camera_frame_grab | 02:22:27  📷  a-eyes  ch4 → ch4-20260929T122227Z.jpg  (12.0 KB, 1.55s)
2026-09-29T02:22:28-10:00ENERGY  status=live  B2=78%  B1=0%  solar=0 W  ac=0 W  usbc=29 W  src=/home/rootrecord/RootRecord-Ecosystem/2 - RootRecord-Database/ENERGY
2026-09-29T02:22:29-10:00  ▸  SUMMARY=river2pro soc=0% solar=0W ac_out=73W usbc=95W src=api db=ok
2026-09-29T02:22:29-10:00job:sys_stats_cycle RUN  bash "/home/rootrecord/RootRecord-Ecosystem/1 - Servers/1 - RootRecord-Pacific-Solar-Server/System/scripts/sys-sample.sh"
2026-09-29T02:22:30-10:00job:sys_stats_cycle | SYSTEM  cpu=4%  load=0.48  mem=64%  src=sqlite
2026-09-29T02:22:30-10:00job:sys_stats_cycle | OK wrote /home/rootrecord/RootRecord-Ecosystem/2 - RootRecord-Database/SYSTEM/samples/sys-20260929-022230.json
2026-09-29T02:22:55-10:00job:github_sync_all | — [pacific] no local changes
2026-09-29T02:22:55-10:00job:github_sync_all | ↓ [pacific] fetching origin/main
2026-09-29T02:22:55-10:00job:github_sync_all | From github.com:RootRecord-Software-Solutions/RootRecord-Pacific-Solar-Server
2026-09-29T02:22:55-10:00job:github_sync_all | * branch            main       -> FETCH_HEAD
2026-09-29T02:22:55-10:00job:github_sync_all | — [pacific] local and GitHub already match
2026-09-29T02:22:55-10:00job:github_sync_all | — [pacific] nothing to push
2026-09-29T02:22:55-10:00job:github_sync_all | ↑ [database] committed 15 local file(s)
2026-09-29T02:22:55-10:00job:github_sync_all | ↓ [database] fetching origin/main
2026-09-29T02:22:55-10:00job:github_sync_all | From github.com:RootRecord-Software-Solutions/RootRecord-Database
2026-09-29T02:22:55-10:00job:github_sync_all | * branch            main       -> FETCH_HEAD
2026-09-29T02:22:55-10:00job:github_sync_all | ↑ [database] local is ahead of GitHub
2026-09-29T02:22:55-10:00job:github_sync_all | To github.com:RootRecord-Software-Solutions/RootRecord-Database.git
2026-09-29T02:22:55-10:00job:github_sync_all | 11278fa..74191a5  HEAD -> main
2026-09-29T02:22:55-10:00job:github_sync_all | branch 'main' set up to track 'origin/main'.
2026-09-29T02:22:55-10:00job:github_sync_all | ↑ [database] 15 files → RootRecord-Software-Solutions/RootRecord-Database (main)
2026-09-29T02:22:55-10:00job:github_sync_all | — [library] no local changes
2026-09-29T02:22:55-10:00job:github_sync_all | ↓ [library] fetching origin/main
2026-09-29T02:22:55-10:00job:github_sync_all | From github.com:RootRecord-Software-Solutions/RootRecord-Library
2026-09-29T02:22:55-10:00job:github_sync_all | * branch            main       -> FETCH_HEAD
2026-09-29T02:22:55-10:00job:github_sync_all | — [library] local and GitHub already match
2026-09-29T02:22:55-10:00job:github_sync_all | — [library] nothing to push
2026-09-29T02:22:55-10:00job:github_sync_all | — [skills] no local changes
2026-09-29T02:22:55-10:00job:github_sync_all | ↓ [skills] fetching origin/main
2026-09-29T02:22:55-10:00job:github_sync_all | From github.com:rootrecordsoftwaresolutions/Solar-Pacific-RootRecord-Server
2026-09-29T02:22:55-10:00job:github_sync_all | * branch            main       -> FETCH_HEAD
2026-09-29T02:22:55-10:00job:github_sync_all | — [skills] local and GitHub already match
2026-09-29T02:22:55-10:00job:github_sync_all | — [skills] nothing to push
2026-09-29T02:22:55-10:00job:security_camera_frame_grab RUN  bash "/home/rootrecord/RootRecord-Ecosystem/1 - Servers/1 - RootRecord-Pacific-Solar-Server/Security/Cameras/grab_all.sh"
2026-09-29T02:23:07-10:00job:security_camera_frame_grab | 02:22:55  📷  a-eyes  ch1 → ch1-20260929T122255Z.jpg  (307.4 KB, 4.46s)
2026-09-29T02:23:07-10:00job:security_camera_frame_grab | 02:22:59  📷  a-eyes  ch2 → ch2-20260929T122259Z.jpg  (344.8 KB, 4.40s)
2026-09-29T02:23:07-10:00job:security_camera_frame_grab | 02:23:04  📷  a-eyes  ch3 → ch3-20260929T122304Z.jpg  (12.0 KB, 1.61s)
2026-09-29T02:23:07-10:00job:security_camera_frame_grab | 02:23:05  📷  a-eyes  ch4 → ch4-20260929T122305Z.jpg  (12.1 KB, 1.49s)
2026-09-29T02:23:08-10:00  ▸  SUMMARY=river2pro soc=0% solar=0W ac_out=73W usbc=95W src=api db=ok
2026-09-29T02:23:08-10:00job:sys_stats_cycle RUN  bash "/home/rootrecord/RootRecord-Ecosystem/1 - Servers/1 - RootRecord-Pacific-Solar-Server/System/scripts/sys-sample.sh"
2026-09-29T02:23:09-10:00job:sys_stats_cycle | SYSTEM  cpu=7%  load=0.82  mem=65%  src=sqlite
2026-09-29T02:23:09-10:00job:sys_stats_cycle | OK wrote /home/rootrecord/RootRecord-Ecosystem/2 - RootRecord-Database/SYSTEM/samples/sys-20260929-022309.json
2026-09-29T02:23:40-10:00job:github_sync_all | ↑ [pacific] committed 1 local file(s)
2026-09-29T02:23:40-10:00job:github_sync_all | ↓ [pacific] fetching origin/main
2026-09-29T02:23:40-10:00job:github_sync_all | From github.com:RootRecord-Software-Solutions/RootRecord-Pacific-Solar-Server
2026-09-29T02:23:40-10:00job:github_sync_all | * branch            main       -> FETCH_HEAD
2026-09-29T02:23:40-10:00job:github_sync_all | ↑ [pacific] local is ahead of GitHub
2026-09-29T02:23:40-10:00job:github_sync_all | To github.com:RootRecord-Software-Solutions/RootRecord-Pacific-Solar-Server.git
2026-09-29T02:23:40-10:00job:github_sync_all | 7a3b236..eff6e0f  HEAD -> main
2026-09-29T02:23:40-10:00job:github_sync_all | branch 'main' set up to track 'origin/main'.
2026-09-29T02:23:40-10:00job:github_sync_all | ↑ [pacific] 1 files → RootRecord-Software-Solutions/RootRecord-Pacific-Solar-Server (main)
2026-09-29T02:23:40-10:00job:github_sync_all | ↑ [database] committed 12 local file(s)
2026-09-29T02:23:40-10:00job:github_sync_all | ↓ [database] fetching origin/main
2026-09-29T02:23:40-10:00job:github_sync_all | From github.com:RootRecord-Software-Solutions/RootRecord-Database
2026-09-29T02:23:40-10:00job:github_sync_all | * branch            main       -> FETCH_HEAD
2026-09-29T02:23:40-10:00job:github_sync_all | ↑ [database] local is ahead of GitHub
2026-09-29T02:23:40-10:00job:github_sync_all | To github.com:RootRecord-Software-Solutions/RootRecord-Database.git
2026-09-29T02:23:40-10:00job:github_sync_all | 74191a5..70f00db  HEAD -> main
2026-09-29T02:23:40-10:00job:github_sync_all | branch 'main' set up to track 'origin/main'.
2026-09-29T02:23:40-10:00job:github_sync_all | ↑ [database] 12 files → RootRecord-Software-Solutions/RootRecord-Database (main)
2026-09-29T02:23:40-10:00job:github_sync_all | — [library] no local changes
2026-09-29T02:23:40-10:00job:github_sync_all | ↓ [library] fetching origin/main
2026-09-29T02:23:40-10:00job:github_sync_all | From github.com:RootRecord-Software-Solutions/RootRecord-Library
2026-09-29T02:23:40-10:00job:github_sync_all | * branch            main       -> FETCH_HEAD
2026-09-29T02:23:40-10:00job:github_sync_all | — [library] local and GitHub already match
2026-09-29T02:23:40-10:00job:github_sync_all | — [library] nothing to push
2026-09-29T02:23:40-10:00job:github_sync_all | — [skills] no local changes
2026-09-29T02:23:40-10:00job:github_sync_all | ↓ [skills] fetching origin/main
2026-09-29T02:23:40-10:00job:github_sync_all | From github.com:rootrecordsoftwaresolutions/Solar-Pacific-RootRecord-Server
2026-09-29T02:23:40-10:00job:github_sync_all | * branch            main       -> FETCH_HEAD
2026-09-29T02:23:40-10:00job:github_sync_all | — [skills] local and GitHub already match
2026-09-29T02:23:40-10:00job:github_sync_all | — [skills] nothing to push
2026-09-29T02:23:40-10:00job:security_camera_frame_grab RUN  bash "/home/rootrecord/RootRecord-Ecosystem/1 - Servers/1 - RootRecord-Pacific-Solar-Server/Security/Cameras/grab_all.sh"
2026-09-29T02:23:52-10:00job:security_camera_frame_grab | 02:23:40  📷  a-eyes  ch1 → ch1-20260929T122340Z.jpg  (306.2 KB, 4.25s)
2026-09-29T02:23:52-10:00job:security_camera_frame_grab | 02:23:44  📷  a-eyes  ch2 → ch2-20260929T122344Z.jpg  (345.6 KB, 4.48s)
2026-09-29T02:23:52-10:00job:security_camera_frame_grab | 02:23:49  📷  a-eyes  ch3 → ch3-20260929T122349Z.jpg  (12.0 KB, 1.61s)
2026-09-29T02:23:52-10:00job:security_camera_frame_grab | 02:23:50  📷  a-eyes  ch4 → ch4-20260929T122350Z.jpg  (12.1 KB, 1.54s)
2026-09-29T02:23:52-10:00ENERGY  status=live  B2=78%  B1=0%  solar=0 W  ac=0 W  usbc=29 W  src=/home/rootrecord/RootRecord-Ecosystem/2 - RootRecord-Database/ENERGY
2026-09-29T02:23:53-10:00  ▸  SUMMARY=delta2 soc=78% solar=0W ac_out=0W usbc=29W src=api db=ok
2026-09-29T02:23:53-10:00job:sys_stats_cycle RUN  bash "/home/rootrecord/RootRecord-Ecosystem/1 - Servers/1 - RootRecord-Pacific-Solar-Server/System/scripts/sys-sample.sh"
2026-09-29T02:23:54-10:00job:sys_stats_cycle | SYSTEM  cpu=9%  load=0.62  mem=64%  src=sqlite
2026-09-29T02:23:54-10:00job:sys_stats_cycle | OK wrote /home/rootrecord/RootRecord-Ecosystem/2 - RootRecord-Database/SYSTEM/samples/sys-20260929-022353.json
2026-09-29T02:24:26-10:00job:github_sync_all | ↑ [pacific] committed 1 local file(s)
2026-09-29T02:24:26-10:00job:github_sync_all | ↓ [pacific] fetching origin/main
2026-09-29T02:24:26-10:00job:github_sync_all | From github.com:RootRecord-Software-Solutions/RootRecord-Pacific-Solar-Server
2026-09-29T02:24:26-10:00job:github_sync_all | * branch            main       -> FETCH_HEAD
2026-09-29T02:24:26-10:00job:github_sync_all | ↑ [pacific] local is ahead of GitHub
2026-09-29T02:24:26-10:00job:github_sync_all | To github.com:RootRecord-Software-Solutions/RootRecord-Pacific-Solar-Server.git
2026-09-29T02:24:26-10:00job:github_sync_all | eff6e0f..31fd21e  HEAD -> main
2026-09-29T02:24:26-10:00job:github_sync_all | branch 'main' set up to track 'origin/main'.
2026-09-29T02:24:26-10:00job:github_sync_all | ↑ [pacific] 1 files → RootRecord-Software-Solutions/RootRecord-Pacific-Solar-Server (main)
2026-09-29T02:24:26-10:00job:github_sync_all | ↑ [database] committed 11 local file(s)
2026-09-29T02:24:26-10:00job:github_sync_all | ↓ [database] fetching origin/main
2026-09-29T02:24:26-10:00job:github_sync_all | From github.com:RootRecord-Software-Solutions/RootRecord-Database
2026-09-29T02:24:26-10:00job:github_sync_all | * branch            main       -> FETCH_HEAD
2026-09-29T02:24:26-10:00job:github_sync_all | ↑ [database] local is ahead of GitHub
2026-09-29T02:24:26-10:00job:github_sync_all | To github.com:RootRecord-Software-Solutions/RootRecord-Database.git
2026-09-29T02:24:26-10:00job:github_sync_all | 70f00db..5f543fa  HEAD -> main
2026-09-29T02:24:26-10:00job:github_sync_all | branch 'main' set up to track 'origin/main'.
2026-09-29T02:24:26-10:00job:github_sync_all | ↑ [database] 11 files → RootRecord-Software-Solutions/RootRecord-Database (main)
2026-09-29T02:24:26-10:00job:github_sync_all | ↑ [library] committed 2 local file(s)
2026-09-29T02:24:26-10:00job:github_sync_all | ↓ [library] fetching origin/main
2026-09-29T02:24:26-10:00job:github_sync_all | From github.com:RootRecord-Software-Solutions/RootRecord-Library
2026-09-29T02:24:26-10:00job:github_sync_all | * branch            main       -> FETCH_HEAD
2026-09-29T02:24:26-10:00job:github_sync_all | ↑ [library] local is ahead of GitHub
2026-09-29T02:24:26-10:00job:github_sync_all | To github.com:RootRecord-Software-Solutions/RootRecord-Library.git
2026-09-29T02:24:26-10:00job:github_sync_all | 7969c4a..0891b5e  HEAD -> main
2026-09-29T02:24:26-10:00job:github_sync_all | branch 'main' set up to track 'origin/main'.
2026-09-29T02:24:26-10:00job:github_sync_all | ↑ [library] 2 files → RootRecord-Software-Solutions/RootRecord-Library (main)
2026-09-29T02:24:26-10:00job:github_sync_all | — [skills] no local changes
2026-09-29T02:24:26-10:00job:github_sync_all | ↓ [skills] fetching origin/main
2026-09-29T02:24:26-10:00job:github_sync_all | From github.com:rootrecordsoftwaresolutions/Solar-Pacific-RootRecord-Server
2026-09-29T02:24:26-10:00job:github_sync_all | * branch            main       -> FETCH_HEAD
2026-09-29T02:24:26-10:00job:github_sync_all | — [skills] local and GitHub already match
2026-09-29T02:24:26-10:00job:github_sync_all | — [skills] nothing to push
2026-09-29T02:24:26-10:00job:worklog_scan RUN  bash "/home/rootrecord/RootRecord-Ecosystem/1 - Servers/1 - RootRecord-Pacific-Solar-Server/Reports/scripts/worklog_once.sh"
2026-09-29T02:24:31-10:00job:worklog_scan | OK wrote/updated /home/rootrecord/RootRecord-Ecosystem/2 - RootRecord-Database/WORKLOG/worklog_current.md
2026-09-29T02:24:31-10:00job:security_camera_frame_grab RUN  bash "/home/rootrecord/RootRecord-Ecosystem/1 - Servers/1 - RootRecord-Pacific-Solar-Server/Security/Cameras/grab_all.sh"
2026-09-29T02:24:43-10:00job:security_camera_frame_grab | 02:24:31  📷  a-eyes  ch1 → ch1-20260929T122431Z.jpg  (303.9 KB, 4.48s)
2026-09-29T02:24:43-10:00job:security_camera_frame_grab | 02:24:35  📷  a-eyes  ch2 → ch2-20260929T122435Z.jpg  (345.4 KB, 4.45s)
2026-09-29T02:24:43-10:00job:security_camera_frame_grab | 02:24:40  📷  a-eyes  ch3 → ch3-20260929T122440Z.jpg  (12.0 KB, 1.51s)
2026-09-29T02:24:43-10:00job:security_camera_frame_grab | 02:24:41  📷  a-eyes  ch4 → ch4-20260929T122441Z.jpg  (12.0 KB, 1.52s)
2026-09-29T02:24:44-10:00  ▸  SUMMARY=delta2 soc=78% solar=0W ac_out=0W usbc=29W src=api db=ok
2026-09-29T02:24:44-10:00job:sys_stats_cycle RUN  bash "/home/rootrecord/RootRecord-Ecosystem/1 - Servers/1 - RootRecord-Pacific-Solar-Server/System/scripts/sys-sample.sh"
2026-09-29T02:24:44-10:00job:sys_stats_cycle | SYSTEM  cpu=7%  load=0.78  mem=63%  src=sqlite
2026-09-29T02:24:44-10:00job:sys_stats_cycle | OK wrote /home/rootrecord/RootRecord-Ecosystem/2 - RootRecord-Database/SYSTEM/samples/sys-20260929-022444.json
2026-09-29T02:25:10-10:00job:github_sync_all | — [pacific] no local changes
2026-09-29T02:25:10-10:00job:github_sync_all | ↓ [pacific] fetching origin/main
2026-09-29T02:25:10-10:00job:github_sync_all | From github.com:RootRecord-Software-Solutions/RootRecord-Pacific-Solar-Server
2026-09-29T02:25:10-10:00job:github_sync_all | * branch            main       -> FETCH_HEAD
2026-09-29T02:25:10-10:00job:github_sync_all | — [pacific] local and GitHub already match
2026-09-29T02:25:10-10:00job:github_sync_all | — [pacific] nothing to push
2026-09-29T02:25:10-10:00job:github_sync_all | ↑ [database] committed 16 local file(s)
2026-09-29T02:25:10-10:00job:github_sync_all | ↓ [database] fetching origin/main
2026-09-29T02:25:10-10:00job:github_sync_all | From github.com:RootRecord-Software-Solutions/RootRecord-Database
2026-09-29T02:25:10-10:00job:github_sync_all | * branch            main       -> FETCH_HEAD
2026-09-29T02:25:10-10:00job:github_sync_all | ↑ [database] local is ahead of GitHub
2026-09-29T02:25:10-10:00job:github_sync_all | To github.com:RootRecord-Software-Solutions/RootRecord-Database.git
2026-09-29T02:25:10-10:00job:github_sync_all | 5f543fa..ade321d  HEAD -> main
2026-09-29T02:25:10-10:00job:github_sync_all | branch 'main' set up to track 'origin/main'.
2026-09-29T02:25:10-10:00job:github_sync_all | ↑ [database] 16 files → RootRecord-Software-Solutions/RootRecord-Database (main)
2026-09-29T02:25:10-10:00job:github_sync_all | — [library] no local changes
2026-09-29T02:25:10-10:00job:github_sync_all | ↓ [library] fetching origin/main
2026-09-29T02:25:10-10:00job:github_sync_all | From github.com:RootRecord-Software-Solutions/RootRecord-Library
2026-09-29T02:25:10-10:00job:github_sync_all | * branch            main       -> FETCH_HEAD
2026-09-29T02:25:10-10:00job:github_sync_all | — [library] local and GitHub already match
2026-09-29T02:25:10-10:00job:github_sync_all | — [library] nothing to push
2026-09-29T02:25:10-10:00job:github_sync_all | — [skills] no local changes
2026-09-29T02:25:10-10:00job:github_sync_all | ↓ [skills] fetching origin/main
2026-09-29T02:25:10-10:00job:github_sync_all | From github.com:rootrecordsoftwaresolutions/Solar-Pacific-RootRecord-Server
2026-09-29T02:25:10-10:00job:github_sync_all | * branch            main       -> FETCH_HEAD
2026-09-29T02:25:10-10:00job:github_sync_all | — [skills] local and GitHub already match
2026-09-29T02:25:10-10:00job:github_sync_all | — [skills] nothing to push
2026-09-29T02:25:10-10:00job:security_camera_frame_grab RUN  bash "/home/rootrecord/RootRecord-Ecosystem/1 - Servers/1 - RootRecord-Pacific-Solar-Server/Security/Cameras/grab_all.sh"
2026-09-29T02:25:23-10:00job:security_camera_frame_grab | 02:25:10  📷  a-eyes  ch1 → ch1-20260929T122510Z.jpg  (307.3 KB, 4.47s)
2026-09-29T02:25:23-10:00job:security_camera_frame_grab | 02:25:15  📷  a-eyes  ch2 → ch2-20260929T122515Z.jpg  (344.4 KB, 4.47s)
2026-09-29T02:25:23-10:00job:security_camera_frame_grab | 02:25:19  📷  a-eyes  ch3 → ch3-20260929T122519Z.jpg  (12.0 KB, 1.71s)
2026-09-29T02:25:23-10:00job:security_camera_frame_grab | 02:25:21  📷  a-eyes  ch4 → ch4-20260929T122521Z.jpg  (12.0 KB, 1.72s)
2026-09-29T02:25:23-10:00ENERGY  status=live  B2=78%  B1=0%  solar=0 W  ac=0 W  usbc=29 W  src=/home/rootrecord/RootRecord-Ecosystem/2 - RootRecord-Database/ENERGY
2026-09-29T02:25:24-10:00  ▸  SUMMARY=delta2 soc=78% solar=0W ac_out=0W usbc=29W src=api db=ok
2026-09-29T02:25:24-10:00job:sys_stats_cycle RUN  bash "/home/rootrecord/RootRecord-Ecosystem/1 - Servers/1 - RootRecord-Pacific-Solar-Server/System/scripts/sys-sample.sh"
2026-09-29T02:25:24-10:00job:sys_stats_cycle | SYSTEM  cpu=5%  load=0.58  mem=63%  src=sqlite
2026-09-29T02:25:24-10:00job:sys_stats_cycle | OK wrote /home/rootrecord/RootRecord-Ecosystem/2 - RootRecord-Database/SYSTEM/samples/sys-20260929-022524.json
2026-09-29T02:25:52-10:00job:github_sync_all | — [pacific] no local changes
2026-09-29T02:25:52-10:00job:github_sync_all | ↓ [pacific] fetching origin/main
2026-09-29T02:25:52-10:00job:github_sync_all | From github.com:RootRecord-Software-Solutions/RootRecord-Pacific-Solar-Server
2026-09-29T02:25:52-10:00job:github_sync_all | * branch            main       -> FETCH_HEAD
2026-09-29T02:25:52-10:00job:github_sync_all | — [pacific] local and GitHub already match
2026-09-29T02:25:52-10:00job:github_sync_all | — [pacific] nothing to push
2026-09-29T02:25:52-10:00job:github_sync_all | ↑ [database] committed 13 local file(s)
2026-09-29T02:25:52-10:00job:github_sync_all | ↓ [database] fetching origin/main
2026-09-29T02:25:52-10:00job:github_sync_all | From github.com:RootRecord-Software-Solutions/RootRecord-Database
2026-09-29T02:25:52-10:00job:github_sync_all | * branch            main       -> FETCH_HEAD
2026-09-29T02:25:52-10:00job:github_sync_all | ↑ [database] local is ahead of GitHub
2026-09-29T02:25:52-10:00job:github_sync_all | To github.com:RootRecord-Software-Solutions/RootRecord-Database.git
2026-09-29T02:25:52-10:00job:github_sync_all | ade321d..669b42d  HEAD -> main
2026-09-29T02:25:52-10:00job:github_sync_all | branch 'main' set up to track 'origin/main'.
2026-09-29T02:25:52-10:00job:github_sync_all | ↑ [database] 13 files → RootRecord-Software-Solutions/RootRecord-Database (main)
2026-09-29T02:25:52-10:00job:github_sync_all | — [library] no local changes
2026-09-29T02:25:52-10:00job:github_sync_all | ↓ [library] fetching origin/main
2026-09-29T02:25:52-10:00job:github_sync_all | From github.com:RootRecord-Software-Solutions/RootRecord-Library
2026-09-29T02:25:52-10:00job:github_sync_all | * branch            main       -> FETCH_HEAD
2026-09-29T02:25:52-10:00job:github_sync_all | — [library] local and GitHub already match
2026-09-29T02:25:52-10:00job:github_sync_all | — [library] nothing to push
2026-09-29T02:25:52-10:00job:github_sync_all | — [skills] no local changes
2026-09-29T02:25:52-10:00job:github_sync_all | ↓ [skills] fetching origin/main
2026-09-29T02:25:52-10:00job:github_sync_all | From github.com:rootrecordsoftwaresolutions/Solar-Pacific-RootRecord-Server
2026-09-29T02:25:52-10:00job:github_sync_all | * branch            main       -> FETCH_HEAD
2026-09-29T02:25:52-10:00job:github_sync_all | — [skills] local and GitHub already match
2026-09-29T02:25:52-10:00job:github_sync_all | — [skills] nothing to push
2026-09-29T02:25:52-10:00job:worklog_scan RUN  bash "/home/rootrecord/RootRecord-Ecosystem/1 - Servers/1 - RootRecord-Pacific-Solar-Server/Reports/scripts/worklog_once.sh"
2026-09-29T02:25:54-10:00job:worklog_scan | OK wrote/updated /home/rootrecord/RootRecord-Ecosystem/2 - RootRecord-Database/WORKLOG/worklog_current.md
2026-09-29T02:25:54-10:00job:security_camera_frame_grab RUN  bash "/home/rootrecord/RootRecord-Ecosystem/1 - Servers/1 - RootRecord-Pacific-Solar-Server/Security/Cameras/grab_all.sh"
2026-09-29T02:26:07-10:00job:security_camera_frame_grab | 02:25:54  📷  a-eyes  ch1 → ch1-20260929T122554Z.jpg  (307.6 KB, 4.42s)
2026-09-29T02:26:07-10:00job:security_camera_frame_grab | 02:25:59  📷  a-eyes  ch2 → ch2-20260929T122559Z.jpg  (345.0 KB, 4.55s)
2026-09-29T02:26:07-10:00job:security_camera_frame_grab | 02:26:03  📷  a-eyes  ch3 → ch3-20260929T122603Z.jpg  (12.1 KB, 1.64s)
2026-09-29T02:26:07-10:00job:security_camera_frame_grab | 02:26:05  📷  a-eyes  ch4 → ch4-20260929T122605Z.jpg  (12.1 KB, 1.64s)
2026-09-29T02:26:08-10:00  ▸  SUMMARY=river2pro soc=0% solar=0W ac_out=73W usbc=95W src=api db=ok
2026-09-29T02:26:08-10:00job:sys_stats_cycle RUN  bash "/home/rootrecord/RootRecord-Ecosystem/1 - Servers/1 - RootRecord-Pacific-Solar-Server/System/scripts/sys-sample.sh"
2026-09-29T02:26:09-10:00job:sys_stats_cycle | SYSTEM  cpu=6%  load=0.46  mem=64%  src=sqlite
2026-09-29T02:26:09-10:00job:sys_stats_cycle | OK wrote /home/rootrecord/RootRecord-Ecosystem/2 - RootRecord-Database/SYSTEM/samples/sys-20260929-022608.json
2026-09-29T02:26:37-10:00job:github_sync_all | — [pacific] no local changes
2026-09-29T02:26:37-10:00job:github_sync_all | ↓ [pacific] fetching origin/main
2026-09-29T02:26:37-10:00job:github_sync_all | From github.com:RootRecord-Software-Solutions/RootRecord-Pacific-Solar-Server
2026-09-29T02:26:37-10:00job:github_sync_all | * branch            main       -> FETCH_HEAD
2026-09-29T02:26:37-10:00job:github_sync_all | — [pacific] local and GitHub already match
2026-09-29T02:26:37-10:00job:github_sync_all | — [pacific] nothing to push
2026-09-29T02:26:37-10:00job:github_sync_all | ↑ [database] committed 15 local file(s)
2026-09-29T02:26:37-10:00job:github_sync_all | ↓ [database] fetching origin/main
2026-09-29T02:26:37-10:00job:github_sync_all | From github.com:RootRecord-Software-Solutions/RootRecord-Database
2026-09-29T02:26:37-10:00job:github_sync_all | * branch            main       -> FETCH_HEAD
2026-09-29T02:26:37-10:00job:github_sync_all | ↑ [database] local is ahead of GitHub
2026-09-29T02:26:37-10:00job:github_sync_all | To github.com:RootRecord-Software-Solutions/RootRecord-Database.git
2026-09-29T02:26:37-10:00job:github_sync_all | 669b42d..6343913  HEAD -> main
2026-09-29T02:26:37-10:00job:github_sync_all | branch 'main' set up to track 'origin/main'.
2026-09-29T02:26:37-10:00job:github_sync_all | ↑ [database] 15 files → RootRecord-Software-Solutions/RootRecord-Database (main)
2026-09-29T02:26:37-10:00job:github_sync_all | — [library] no local changes
2026-09-29T02:26:37-10:00job:github_sync_all | ↓ [library] fetching origin/main
2026-09-29T02:26:37-10:00job:github_sync_all | From github.com:RootRecord-Software-Solutions/RootRecord-Library
2026-09-29T02:26:37-10:00job:github_sync_all | * branch            main       -> FETCH_HEAD
2026-09-29T02:26:37-10:00job:github_sync_all | — [library] local and GitHub already match
2026-09-29T02:26:37-10:00job:github_sync_all | — [library] nothing to push
2026-09-29T02:26:37-10:00job:github_sync_all | — [skills] no local changes
2026-09-29T02:26:37-10:00job:github_sync_all | ↓ [skills] fetching origin/main
2026-09-29T02:26:37-10:00job:github_sync_all | From github.com:rootrecordsoftwaresolutions/Solar-Pacific-RootRecord-Server
2026-09-29T02:26:37-10:00job:github_sync_all | * branch            main       -> FETCH_HEAD
2026-09-29T02:26:37-10:00job:github_sync_all | — [skills] local and GitHub already match
2026-09-29T02:26:37-10:00job:github_sync_all | — [skills] nothing to push
2026-09-29T02:26:37-10:00job:security_camera_frame_grab RUN  bash "/home/rootrecord/RootRecord-Ecosystem/1 - Servers/1 - RootRecord-Pacific-Solar-Server/Security/Cameras/grab_all.sh"
2026-09-29T02:26:49-10:00job:security_camera_frame_grab | 02:26:37  📷  a-eyes  ch1 → ch1-20260929T122637Z.jpg  (307.7 KB, 4.28s)
2026-09-29T02:26:49-10:00job:security_camera_frame_grab | 02:26:41  📷  a-eyes  ch2 → ch2-20260929T122641Z.jpg  (345.5 KB, 4.62s)
2026-09-29T02:26:49-10:00job:security_camera_frame_grab | 02:26:46  📷  a-eyes  ch3 → ch3-20260929T122646Z.jpg  (12.0 KB, 1.60s)
2026-09-29T02:26:49-10:00job:security_camera_frame_grab | 02:26:47  📷  a-eyes  ch4 → ch4-20260929T122647Z.jpg  (12.0 KB, 1.62s)
2026-09-29T02:26:49-10:00ENERGY  status=live  B2=78%  B1=0%  solar=0 W  ac=0 W  usbc=29 W  src=/home/rootrecord/RootRecord-Ecosystem/2 - RootRecord-Database/ENERGY
2026-09-29T02:26:50-10:00  ▸  SUMMARY=river2pro soc=0% solar=0W ac_out=73W usbc=95W src=api db=ok
2026-09-29T02:26:50-10:00job:sys_stats_cycle RUN  bash "/home/rootrecord/RootRecord-Ecosystem/1 - Servers/1 - RootRecord-Pacific-Solar-Server/System/scripts/sys-sample.sh"
2026-09-29T02:26:51-10:00job:sys_stats_cycle | SYSTEM  cpu=6%  load=0.40  mem=64%  src=sqlite
2026-09-29T02:26:51-10:00job:sys_stats_cycle | OK wrote /home/rootrecord/RootRecord-Ecosystem/2 - RootRecord-Database/SYSTEM/samples/sys-20260929-022651.json
2026-09-29T02:27:18-10:00job:github_sync_all | — [pacific] no local changes
2026-09-29T02:27:18-10:00job:github_sync_all | ↓ [pacific] fetching origin/main
2026-09-29T02:27:18-10:00job:github_sync_all | From github.com:RootRecord-Software-Solutions/RootRecord-Pacific-Solar-Server
2026-09-29T02:27:18-10:00job:github_sync_all | * branch            main       -> FETCH_HEAD
2026-09-29T02:27:18-10:00job:github_sync_all | — [pacific] local and GitHub already match
2026-09-29T02:27:18-10:00job:github_sync_all | — [pacific] nothing to push
2026-09-29T02:27:18-10:00job:github_sync_all | ↑ [database] committed 11 local file(s)
2026-09-29T02:27:18-10:00job:github_sync_all | ↓ [database] fetching origin/main
2026-09-29T02:27:18-10:00job:github_sync_all | From github.com:RootRecord-Software-Solutions/RootRecord-Database
2026-09-29T02:27:18-10:00job:github_sync_all | * branch            main       -> FETCH_HEAD
2026-09-29T02:27:18-10:00job:github_sync_all | ↑ [database] local is ahead of GitHub
2026-09-29T02:27:18-10:00job:github_sync_all | To github.com:RootRecord-Software-Solutions/RootRecord-Database.git
2026-09-29T02:27:18-10:00job:github_sync_all | 6343913..8ef6c03  HEAD -> main
2026-09-29T02:27:18-10:00job:github_sync_all | branch 'main' set up to track 'origin/main'.
2026-09-29T02:27:18-10:00job:github_sync_all | ↑ [database] 11 files → RootRecord-Software-Solutions/RootRecord-Database (main)
2026-09-29T02:27:18-10:00job:github_sync_all | — [library] no local changes
2026-09-29T02:27:18-10:00job:github_sync_all | ↓ [library] fetching origin/main
2026-09-29T02:27:18-10:00job:github_sync_all | From github.com:RootRecord-Software-Solutions/RootRecord-Library
2026-09-29T02:27:18-10:00job:github_sync_all | * branch            main       -> FETCH_HEAD
2026-09-29T02:27:18-10:00job:github_sync_all | — [library] local and GitHub already match
2026-09-29T02:27:18-10:00job:github_sync_all | — [library] nothing to push
2026-09-29T02:27:18-10:00job:github_sync_all | — [skills] no local changes
2026-09-29T02:27:18-10:00job:github_sync_all | ↓ [skills] fetching origin/main
2026-09-29T02:27:18-10:00job:github_sync_all | From github.com:rootrecordsoftwaresolutions/Solar-Pacific-RootRecord-Server
2026-09-29T02:27:18-10:00job:github_sync_all | * branch            main       -> FETCH_HEAD
2026-09-29T02:27:18-10:00job:github_sync_all | — [skills] local and GitHub already match
2026-09-29T02:27:18-10:00job:github_sync_all | — [skills] nothing to push
2026-09-29T02:27:18-10:00job:security_camera_frame_grab RUN  bash "/home/rootrecord/RootRecord-Ecosystem/1 - Servers/1 - RootRecord-Pacific-Solar-Server/Security/Cameras/grab_all.sh"
2026-09-29T02:27:34-10:00job:security_camera_frame_grab | 02:27:18  📷  a-eyes  ch1 → ch1-20260929T122718Z.jpg  (307.7 KB, 4.46s)
2026-09-29T02:27:34-10:00job:security_camera_frame_grab | 02:27:23  📷  a-eyes  ch2 → ch2-20260929T122723Z.jpg  (345.4 KB, 4.48s)
2026-09-29T02:27:34-10:00job:security_camera_frame_grab | 02:27:27  📷  a-eyes  ch3 → ch3-20260929T122727Z.jpg  (12.0 KB, 5.19s)
2026-09-29T02:27:34-10:00job:security_camera_frame_grab | 02:27:33  📷  a-eyes  ch4 → ch4-20260929T122733Z.jpg  (12.1 KB, 1.61s)
2026-09-29T02:27:35-10:00  ▸  SUMMARY=river2pro soc=0% solar=0W ac_out=73W usbc=95W src=api db=ok
2026-09-29T02:27:35-10:00job:sys_stats_cycle RUN  bash "/home/rootrecord/RootRecord-Ecosystem/1 - Servers/1 - RootRecord-Pacific-Solar-Server/System/scripts/sys-sample.sh"
2026-09-29T02:27:36-10:00job:sys_stats_cycle | SYSTEM  cpu=4%  load=0.59  mem=63%  src=sqlite
2026-09-29T02:27:36-10:00job:sys_stats_cycle | OK wrote /home/rootrecord/RootRecord-Ecosystem/2 - RootRecord-Database/SYSTEM/samples/sys-20260929-022736.json
2026-09-29T02:27:55-10:00job:github_sync_all FAIL code=-15
2026-09-29T02:27:55-10:00job:github_sync_all ! — [pacific] no local changes
2026-09-29T02:27:55-10:00job:github_sync_all ! ↓ [pacific] fetching origin/main
2026-09-29T02:27:55-10:00job:github_sync_all ! From github.com:RootRecord-Software-Solutions/RootRecord-Pacific-Solar-Server
2026-09-29T02:27:55-10:00job:github_sync_all !  * branch            main       -> FETCH_HEAD
2026-09-29T02:27:55-10:00job:github_sync_all ! — [pacific] local and GitHub already match
2026-09-29T02:27:55-10:00job:github_sync_all ! — [pacific] nothing to push
2026-09-29T02:27:55-10:00job:github_sync_all ! ↑ [database] committed 12 local file(s)
2026-09-29T02:27:55-10:00job:github_sync_all ! ↓ [database] fetching origin/main
2026-09-29T02:27:55-10:00job:github_sync_all ! From github.com:RootRecord-Software-Solutions/RootRecord-Database
2026-09-29T02:27:55-10:00job:github_sync_all !  * branch            main       -> FETCH_HEAD
2026-09-29T02:27:55-10:00job:github_sync_all ! ↑ [database] local is ahead of GitHub
2026-09-29T02:27:55-10:00job:worklog_scan RUN  bash "/home/rootrecord/RootRecord-Ecosystem/1 - Servers/1 - RootRecord-Pacific-Solar-Server/Reports/scripts/worklog_once.sh"
2026-09-29T02:27:58-10:00job:worklog_scan | OK wrote/updated /home/rootrecord/RootRecord-Ecosystem/2 - RootRecord-Database/WORKLOG/worklog_current.md
2026-09-29T02:27:58-10:00job:security_camera_frame_grab RUN  bash "/home/rootrecord/RootRecord-Ecosystem/1 - Servers/1 - RootRecord-Pacific-Solar-Server/Security/Cameras/grab_all.sh"
2026-09-29T02:28:22-10:00HTTP listening on http://127.0.0.1:8799 (open access on bind)
2026-09-29T02:28:22-10:00boot:start  jobs=10
2026-09-29T02:28:22-10:00boot:run  priority=0  id=self_terminal
2026-09-29T02:28:22-10:00boot:p0 self_process pid=3226
2026-09-29T02:28:22-10:00boot:run  priority=1  id=cloudflare_tunnel
2026-09-29T02:28:23-10:00boot:p1 cloudflare_tunnel host=rootserver.rootrecord.cloud
2026-09-29T02:28:23-10:00internet OK at boot — starting tunnel
2026-09-29T02:28:23-10:00Starting cloudflared mode=token public_host=rootserver.rootrecord.cloud
2026-09-29T02:28:23-10:00Waiting for tunnel register (timeout=45s)…
2026-09-29T02:28:23-10:00tunnel starting
2026-09-29T02:28:23-10:00tunnel connected  conn=0  edge=sjc07
2026-09-29T02:28:23-10:00Tunnel READY — first connection registered.
2026-09-29T02:28:23-10:00boot:run  priority=2  id=github_setup_remotes
2026-09-29T02:28:23-10:00tunnel ingress  rootserver.rootrecord.cloud → 127.0.0.1:8799
2026-09-29T02:28:24-10:00tunnel connected  conn=1  edge=lax07
2026-09-29T02:28:24-10:00boot:run  priority=3  id=ollama_warmup
2026-09-29T02:28:24-10:00job:ollama_warmup RUN  bash '/home/rootrecord/RootRecord-Ecosystem/1 - Servers/1 - RootRecord-Pacific-Solar-Server/System/scripts/plumbing/ollama-warmup.sh'
2026-09-29T02:28:24-10:00job:ollama_warmup | [ok] ollama up
2026-09-29T02:28:24-10:00boot:run  priority=4  id=flm_npu_warmup
2026-09-29T02:28:24-10:00job:flm_npu_warmup RUN  bash '/home/rootrecord/RootRecord-Ecosystem/1 - Servers/1 - RootRecord-Pacific-Solar-Server/System/scripts/plumbing/flm-warmup.sh'
2026-09-29T02:28:24-10:00job:flm_npu_warmup | [skip] FLM binary not found (NPU path optional; Ollama remains fallback)
2026-09-29T02:28:24-10:00boot:run  priority=5  id=council_relay
2026-09-29T02:28:24-10:00job:council_relay RUN  bash "/home/rootrecord/RootRecord-Ecosystem/1 - Servers/1 - RootRecord-Pacific-Solar-Server/Communications/telegram/scripts/ensure-relay.sh"
2026-09-29T02:28:25-10:00tunnel connected  conn=2  edge=sjc10
2026-09-29T02:28:26-10:00tunnel connected  conn=3  edge=lax09
2026-09-29T02:28:27-10:00job:council_relay | [ok] council-relay started pid=4634 → /home/rootrecord/RootRecord-Ecosystem/2 - RootRecord-Database/Logs/Communications/council-relay.log
2026-09-29T02:28:27-10:00boot:run  priority=6  id=security_camera_server
2026-09-29T02:28:27-10:00job:security_camera_server RUN  bash "/home/rootrecord/RootRecord-Ecosystem/1 - Servers/1 - RootRecord-Pacific-Solar-Server/Security/Cameras/ensure_cam_server.sh"
2026-09-29T02:28:27-10:00job:security_camera_server | security cam server started
2026-09-29T02:28:27-10:00boot:run  priority=7  id=security_timelapse_catchup
2026-09-29T02:28:27-10:00job:security_timelapse_catchup RUN  bash "/home/rootrecord/RootRecord-Ecosystem/1 - Servers/1 - RootRecord-Pacific-Solar-Server/Security/Cameras/timelapse_catchup.sh"
2026-09-29T02:28:27-10:00job:security_timelapse_catchup | 02:28:27  🎬  a-eyes-timelapse  catchup: checking 20260929, now=02:28 HST
2026-09-29T02:28:27-10:00job:security_timelapse_catchup | 02:28:27  🎬  a-eyes-timelapse  catchup: window still open today, skipping daily render
2026-09-29T02:28:27-10:00boot:run  priority=8  id=weather_poller
2026-09-29T02:28:27-10:00job:weather_poller RUN  bash "/home/rootrecord/RootRecord-Ecosystem/1 - Servers/1 - RootRecord-Pacific-Solar-Server/Weather/scripts/ensure-weather-poller.sh"
2026-09-29T02:28:28-10:00job:weather_poller | [ensure-weather-poller] starting -- entry=/home/rootrecord/RootRecord-Ecosystem/1 - Servers/1 - RootRecord-Pacific-Solar-Server/Weather/scripts/run_poller.py log=/home/rootrecord/RootRecord-Ecosystem/2 - RootRecord-Database/WEATHER/Hawai'i/logs/weather-poller.log
2026-09-29T02:28:28-10:00job:weather_poller | [ensure-weather-poller] verify: weather poller is running
2026-09-29T02:28:28-10:00boot:run  priority=9  id=network_globe_hawaii
2026-09-29T02:28:28-10:00job:network_globe_hawaii RUN  bash "/home/rootrecord/RootRecord-Ecosystem/1 - Servers/1 - RootRecord-Pacific-Solar-Server/Communications/network/scripts/ensure-network-globe-hawaii.sh"
2026-09-29T02:28:29-10:00job:network_globe_hawaii | [ensure-network-globe-hawaii] starting network-globe-hawaii.service
2026-09-29T02:28:29-10:00job:network_globe_hawaii | [ensure-network-globe-hawaii] verify: network-globe-hawaii.service is active
2026-09-29T02:28:29-10:00boot:done
2026-09-29T02:28:32-10:00  ▸  SUMMARY=delta2 soc=78% solar=0W ac_out=0W usbc=29W src=api db=ok
2026-09-29T02:28:32-10:00scheduler  every_seconds=6  every_minute=1  every_hour=2  on_at=3
2026-09-29T02:28:32-10:00ENERGY  status=live  B2=78%  B1=0%  solar=0 W  ac=0 W  usbc=29 W  src=/home/rootrecord/RootRecord-Ecosystem/2 - RootRecord-Database/ENERGY
2026-09-29T02:28:33-10:00  ▸  SUMMARY=delta2 soc=78% solar=0W ac_out=0W usbc=29W src=api db=ok
2026-09-29T02:28:33-10:00job:sys_stats_cycle RUN  bash "/home/rootrecord/RootRecord-Ecosystem/1 - Servers/1 - RootRecord-Pacific-Solar-Server/System/scripts/sys-sample.sh"
2026-09-29T02:28:33-10:00job:sys_stats_cycle | SYSTEM  cpu=2%  load=2.41  mem=13%  src=sqlite
2026-09-29T02:28:33-10:00job:sys_stats_cycle | OK wrote /home/rootrecord/RootRecord-Ecosystem/2 - RootRecord-Database/SYSTEM/samples/sys-20260929-022833.json
2026-09-29T02:28:58-10:00job:github_sync_all | — [pacific] no local changes
2026-09-29T02:28:58-10:00job:github_sync_all | ↓ [pacific] fetching origin/main
2026-09-29T02:28:58-10:00job:github_sync_all | From github.com:RootRecord-Software-Solutions/RootRecord-Pacific-Solar-Server
2026-09-29T02:28:58-10:00job:github_sync_all | * branch            main       -> FETCH_HEAD
2026-09-29T02:28:58-10:00job:github_sync_all | * [new branch]      main       -> origin/main
2026-09-29T02:28:58-10:00job:github_sync_all | — [pacific] local and GitHub already match
2026-09-29T02:28:58-10:00job:github_sync_all | — [pacific] nothing to push
2026-09-29T02:28:58-10:00job:github_sync_all | ↑ [database] committed 20 local file(s)
2026-09-29T02:28:58-10:00job:github_sync_all | ↓ [database] fetching origin/main
2026-09-29T02:28:58-10:00job:github_sync_all | From github.com:RootRecord-Software-Solutions/RootRecord-Database
2026-09-29T02:28:58-10:00job:github_sync_all | * branch            main       -> FETCH_HEAD
2026-09-29T02:28:58-10:00job:github_sync_all | * [new branch]      main       -> origin/main
2026-09-29T02:28:58-10:00job:github_sync_all | ↑ [database] local is ahead of GitHub
2026-09-29T02:28:58-10:00job:github_sync_all | To github.com:RootRecord-Software-Solutions/RootRecord-Database.git
2026-09-29T02:28:58-10:00job:github_sync_all | 8ef6c03..cd22ffe  HEAD -> main
2026-09-29T02:28:58-10:00job:github_sync_all | branch 'main' set up to track 'origin/main'.
2026-09-29T02:28:58-10:00job:github_sync_all | ↑ [database] 20 files → RootRecord-Software-Solutions/RootRecord-Database (main)
2026-09-29T02:28:58-10:00job:github_sync_all | — [library] no local changes
2026-09-29T02:28:58-10:00job:github_sync_all | ↓ [library] fetching origin/main
2026-09-29T02:28:58-10:00job:github_sync_all | From github.com:RootRecord-Software-Solutions/RootRecord-Library
2026-09-29T02:28:58-10:00job:github_sync_all | * branch            main       -> FETCH_HEAD
2026-09-29T02:28:58-10:00job:github_sync_all | * [new branch]      main       -> origin/main
2026-09-29T02:28:58-10:00job:github_sync_all | — [library] local and GitHub already match
2026-09-29T02:28:58-10:00job:github_sync_all | — [library] nothing to push
2026-09-29T02:28:58-10:00job:github_sync_all | — [skills] no local changes
2026-09-29T02:28:58-10:00job:github_sync_all | ↓ [skills] fetching origin/main
2026-09-29T02:28:58-10:00job:github_sync_all | From github.com:rootrecordsoftwaresolutions/Solar-Pacific-RootRecord-Server
2026-09-29T02:28:58-10:00job:github_sync_all | * branch            main       -> FETCH_HEAD
2026-09-29T02:28:58-10:00job:github_sync_all | * [new branch]      main       -> origin/main
2026-09-29T02:28:58-10:00job:github_sync_all | — [skills] local and GitHub already match
2026-09-29T02:28:58-10:00job:github_sync_all | — [skills] nothing to push
2026-09-29T02:28:58-10:00job:worklog_scan RUN  bash "/home/rootrecord/RootRecord-Ecosystem/1 - Servers/1 - RootRecord-Pacific-Solar-Server/Reports/scripts/worklog_once.sh"
2026-09-29T02:29:08-10:00job:worklog_scan | OK wrote/updated /home/rootrecord/RootRecord-Ecosystem/2 - RootRecord-Database/WORKLOG/worklog_current.md
2026-09-29T02:29:08-10:00job:security_camera_frame_grab RUN  bash "/home/rootrecord/RootRecord-Ecosystem/1 - Servers/1 - RootRecord-Pacific-Solar-Server/Security/Cameras/grab_all.sh"
2026-09-29T02:29:20-10:00job:security_camera_frame_grab | 02:29:08  📷  a-eyes  ch1 → ch1-20260929T122908Z.jpg  (309.3 KB, 4.29s)
2026-09-29T02:29:20-10:00job:security_camera_frame_grab | 02:29:12  📷  a-eyes  ch2 → ch2-20260929T122912Z.jpg  (346.4 KB, 4.36s)
2026-09-29T02:29:20-10:00job:security_camera_frame_grab | 02:29:17  📷  a-eyes  ch3 → ch3-20260929T122917Z.jpg  (12.0 KB, 1.45s)
2026-09-29T02:29:20-10:00job:security_camera_frame_grab | 02:29:18  📷  a-eyes  ch4 → ch4-20260929T122918Z.jpg  (12.0 KB, 1.61s)
2026-09-29T02:29:21-10:00  ▸  SUMMARY=delta2 soc=78% solar=0W ac_out=0W usbc=29W src=api db=ok
2026-09-29T02:29:21-10:00job:sys_stats_cycle RUN  bash "/home/rootrecord/RootRecord-Ecosystem/1 - Servers/1 - RootRecord-Pacific-Solar-Server/System/scripts/sys-sample.sh"
2026-09-29T02:29:21-10:00job:sys_stats_cycle | SYSTEM  cpu=8%  load=3.56  mem=48%  src=sqlite
2026-09-29T02:29:21-10:00job:sys_stats_cycle | OK wrote /home/rootrecord/RootRecord-Ecosystem/2 - RootRecord-Database/SYSTEM/samples/sys-20260929-022921.json
2026-09-29T02:29:46-10:00job:github_sync_all | — [pacific] no local changes
2026-09-29T02:29:46-10:00job:github_sync_all | ↓ [pacific] fetching origin/main
2026-09-29T02:29:46-10:00job:github_sync_all | From github.com:RootRecord-Software-Solutions/RootRecord-Pacific-Solar-Server
2026-09-29T02:29:46-10:00job:github_sync_all | * branch            main       -> FETCH_HEAD
2026-09-29T02:29:46-10:00job:github_sync_all | — [pacific] local and GitHub already match
2026-09-29T02:29:46-10:00job:github_sync_all | — [pacific] nothing to push
2026-09-29T02:29:46-10:00job:github_sync_all | ↑ [database] committed 16 local file(s)
2026-09-29T02:29:46-10:00job:github_sync_all | ↓ [database] fetching origin/main
2026-09-29T02:29:46-10:00job:github_sync_all | From github.com:RootRecord-Software-Solutions/RootRecord-Database
2026-09-29T02:29:46-10:00job:github_sync_all | * branch            main       -> FETCH_HEAD
2026-09-29T02:29:46-10:00job:github_sync_all | ↑ [database] local is ahead of GitHub
2026-09-29T02:29:46-10:00job:github_sync_all | To github.com:RootRecord-Software-Solutions/RootRecord-Database.git
2026-09-29T02:29:46-10:00job:github_sync_all | cd22ffe..5882910  HEAD -> main
2026-09-29T02:29:46-10:00job:github_sync_all | branch 'main' set up to track 'origin/main'.
2026-09-29T02:29:46-10:00job:github_sync_all | ↑ [database] 16 files → RootRecord-Software-Solutions/RootRecord-Database (main)
2026-09-29T02:29:46-10:00job:github_sync_all | — [library] no local changes
2026-09-29T02:29:46-10:00job:github_sync_all | ↓ [library] fetching origin/main
2026-09-29T02:29:46-10:00job:github_sync_all | From github.com:RootRecord-Software-Solutions/RootRecord-Library
2026-09-29T02:29:46-10:00job:github_sync_all | * branch            main       -> FETCH_HEAD
2026-09-29T02:29:46-10:00job:github_sync_all | — [library] local and GitHub already match
2026-09-29T02:29:46-10:00job:github_sync_all | — [library] nothing to push
2026-09-29T02:29:46-10:00job:github_sync_all | — [skills] no local changes
2026-09-29T02:29:46-10:00job:github_sync_all | ↓ [skills] fetching origin/main
2026-09-29T02:29:46-10:00job:github_sync_all | From github.com:rootrecordsoftwaresolutions/Solar-Pacific-RootRecord-Server
2026-09-29T02:29:46-10:00job:github_sync_all | * branch            main       -> FETCH_HEAD
2026-09-29T02:29:46-10:00job:github_sync_all | — [skills] local and GitHub already match
2026-09-29T02:29:46-10:00job:github_sync_all | — [skills] nothing to push
2026-09-29T02:29:46-10:00job:security_camera_frame_grab RUN  bash "/home/rootrecord/RootRecord-Ecosystem/1 - Servers/1 - RootRecord-Pacific-Solar-Server/Security/Cameras/grab_all.sh"
2026-09-29T02:29:58-10:00job:security_camera_frame_grab | 02:29:46  📷  a-eyes  ch1 → ch1-20260929T122946Z.jpg  (302.2 KB, 4.35s)
2026-09-29T02:29:58-10:00job:security_camera_frame_grab | 02:29:50  📷  a-eyes  ch2 → ch2-20260929T122950Z.jpg  (347.0 KB, 4.49s)
2026-09-29T02:29:58-10:00job:security_camera_frame_grab | 02:29:55  📷  a-eyes  ch3 → ch3-20260929T122955Z.jpg  (12.1 KB, 1.61s)
2026-09-29T02:29:58-10:00job:security_camera_frame_grab | 02:29:56  📷  a-eyes  ch4 → ch4-20260929T122956Z.jpg  (12.1 KB, 1.49s)
2026-09-29T02:29:58-10:00ENERGY  status=live  B2=78%  B1=0%  solar=0 W  ac=0 W  usbc=29 W  src=/home/rootrecord/RootRecord-Ecosystem/2 - RootRecord-Database/ENERGY
2026-09-29T02:29:59-10:00  ▸  SUMMARY=river2pro soc=0% solar=0W ac_out=73W usbc=95W src=api db=ok
2026-09-29T02:29:59-10:00job:sys_stats_cycle RUN  bash "/home/rootrecord/RootRecord-Ecosystem/1 - Servers/1 - RootRecord-Pacific-Solar-Server/System/scripts/sys-sample.sh"
2026-09-29T02:29:59-10:00job:sys_stats_cycle | SYSTEM  cpu=5%  load=2.36  mem=46%  src=sqlite
2026-09-29T02:29:59-10:00job:sys_stats_cycle | OK wrote /home/rootrecord/RootRecord-Ecosystem/2 - RootRecord-Database/SYSTEM/samples/sys-20260929-022959.json
2026-09-29T02:30:23-10:00job:github_sync_all | — [pacific] no local changes
2026-09-29T02:30:23-10:00job:github_sync_all | ↓ [pacific] fetching origin/main
2026-09-29T02:30:23-10:00job:github_sync_all | From github.com:RootRecord-Software-Solutions/RootRecord-Pacific-Solar-Server
2026-09-29T02:30:23-10:00job:github_sync_all | * branch            main       -> FETCH_HEAD
2026-09-29T02:30:23-10:00job:github_sync_all | — [pacific] local and GitHub already match
2026-09-29T02:30:23-10:00job:github_sync_all | — [pacific] nothing to push
2026-09-29T02:30:23-10:00job:github_sync_all | ↑ [database] committed 11 local file(s)
2026-09-29T02:30:23-10:00job:github_sync_all | ↓ [database] fetching origin/main
2026-09-29T02:30:23-10:00job:github_sync_all | From github.com:RootRecord-Software-Solutions/RootRecord-Database
2026-09-29T02:30:23-10:00job:github_sync_all | * branch            main       -> FETCH_HEAD
2026-09-29T02:30:23-10:00job:github_sync_all | ↑ [database] local is ahead of GitHub
2026-09-29T02:30:23-10:00job:github_sync_all | To github.com:RootRecord-Software-Solutions/RootRecord-Database.git
2026-09-29T02:30:23-10:00job:github_sync_all | 5882910..6938d04  HEAD -> main
2026-09-29T02:30:23-10:00job:github_sync_all | branch 'main' set up to track 'origin/main'.
2026-09-29T02:30:23-10:00job:github_sync_all | ↑ [database] 11 files → RootRecord-Software-Solutions/RootRecord-Database (main)
2026-09-29T02:30:23-10:00job:github_sync_all | — [library] no local changes
2026-09-29T02:30:23-10:00job:github_sync_all | ↓ [library] fetching origin/main
2026-09-29T02:30:23-10:00job:github_sync_all | From github.com:RootRecord-Software-Solutions/RootRecord-Library
2026-09-29T02:30:23-10:00job:github_sync_all | * branch            main       -> FETCH_HEAD
2026-09-29T02:30:23-10:00job:github_sync_all | — [library] local and GitHub already match
2026-09-29T02:30:23-10:00job:github_sync_all | — [library] nothing to push
2026-09-29T02:30:23-10:00job:github_sync_all | — [skills] no local changes
2026-09-29T02:30:23-10:00job:github_sync_all | ↓ [skills] fetching origin/main
2026-09-29T02:30:23-10:00job:github_sync_all | From github.com:rootrecordsoftwaresolutions/Solar-Pacific-RootRecord-Server
2026-09-29T02:30:23-10:00job:github_sync_all | * branch            main       -> FETCH_HEAD
2026-09-29T02:30:23-10:00job:github_sync_all | — [skills] local and GitHub already match
2026-09-29T02:30:23-10:00job:github_sync_all | — [skills] nothing to push
2026-09-29T02:30:23-10:00job:security_camera_frame_grab RUN  bash "/home/rootrecord/RootRecord-Ecosystem/1 - Servers/1 - RootRecord-Pacific-Solar-Server/Security/Cameras/grab_all.sh"
2026-09-29T02:30:35-10:00job:security_camera_frame_grab | 02:30:23  📷  a-eyes  ch1 → ch1-20260929T123023Z.jpg  (300.9 KB, 4.47s)
2026-09-29T02:30:35-10:00job:security_camera_frame_grab | 02:30:28  📷  a-eyes  ch2 → ch2-20260929T123028Z.jpg  (347.8 KB, 4.22s)
2026-09-29T02:30:35-10:00job:security_camera_frame_grab | 02:30:32  📷  a-eyes  ch3 → ch3-20260929T123032Z.jpg  (12.0 KB, 1.44s)
2026-09-29T02:30:35-10:00job:security_camera_frame_grab | 02:30:33  📷  a-eyes  ch4 → ch4-20260929T123033Z.jpg  (12.1 KB, 1.59s)
2026-09-29T02:30:36-10:00  ▸  SUMMARY=river2pro soc=0% solar=0W ac_out=73W usbc=95W src=api db=ok
2026-09-29T02:30:36-10:00job:sys_stats_cycle RUN  bash "/home/rootrecord/RootRecord-Ecosystem/1 - Servers/1 - RootRecord-Pacific-Solar-Server/System/scripts/sys-sample.sh"
2026-09-29T02:30:37-10:00job:sys_stats_cycle | SYSTEM  cpu=3%  load=1.21  mem=46%  src=sqlite
2026-09-29T02:30:37-10:00job:sys_stats_cycle | OK wrote /home/rootrecord/RootRecord-Ecosystem/2 - RootRecord-Database/SYSTEM/samples/sys-20260929-023037.json
2026-09-29T02:31:01-10:00job:github_sync_all | — [pacific] no local changes
2026-09-29T02:31:01-10:00job:github_sync_all | ↓ [pacific] fetching origin/main
2026-09-29T02:31:01-10:00job:github_sync_all | From github.com:RootRecord-Software-Solutions/RootRecord-Pacific-Solar-Server
2026-09-29T02:31:01-10:00job:github_sync_all | * branch            main       -> FETCH_HEAD
2026-09-29T02:31:01-10:00job:github_sync_all | — [pacific] local and GitHub already match
2026-09-29T02:31:01-10:00job:github_sync_all | — [pacific] nothing to push
2026-09-29T02:31:01-10:00job:github_sync_all | ↑ [database] committed 14 local file(s)
2026-09-29T02:31:01-10:00job:github_sync_all | ↓ [database] fetching origin/main
2026-09-29T02:31:01-10:00job:github_sync_all | From github.com:RootRecord-Software-Solutions/RootRecord-Database
2026-09-29T02:31:01-10:00job:github_sync_all | * branch            main       -> FETCH_HEAD
2026-09-29T02:31:01-10:00job:github_sync_all | ↑ [database] local is ahead of GitHub
2026-09-29T02:31:01-10:00job:github_sync_all | To github.com:RootRecord-Software-Solutions/RootRecord-Database.git
2026-09-29T02:31:01-10:00job:github_sync_all | 6938d04..9f43979  HEAD -> main
2026-09-29T02:31:01-10:00job:github_sync_all | branch 'main' set up to track 'origin/main'.
2026-09-29T02:31:01-10:00job:github_sync_all | ↑ [database] 14 files → RootRecord-Software-Solutions/RootRecord-Database (main)
2026-09-29T02:31:01-10:00job:github_sync_all | — [library] no local changes
2026-09-29T02:31:01-10:00job:github_sync_all | ↓ [library] fetching origin/main
2026-09-29T02:31:01-10:00job:github_sync_all | From github.com:RootRecord-Software-Solutions/RootRecord-Library
2026-09-29T02:31:01-10:00job:github_sync_all | * branch            main       -> FETCH_HEAD
2026-09-29T02:31:01-10:00job:github_sync_all | — [library] local and GitHub already match
2026-09-29T02:31:01-10:00job:github_sync_all | — [library] nothing to push
2026-09-29T02:31:01-10:00job:github_sync_all | — [skills] no local changes
2026-09-29T02:31:01-10:00job:github_sync_all | ↓ [skills] fetching origin/main
2026-09-29T02:31:01-10:00job:github_sync_all | From github.com:rootrecordsoftwaresolutions/Solar-Pacific-RootRecord-Server
2026-09-29T02:31:01-10:00job:github_sync_all | * branch            main       -> FETCH_HEAD
2026-09-29T02:31:01-10:00job:github_sync_all | — [skills] local and GitHub already match
2026-09-29T02:31:01-10:00job:github_sync_all | — [skills] nothing to push
2026-09-29T02:31:01-10:00job:worklog_scan RUN  bash "/home/rootrecord/RootRecord-Ecosystem/1 - Servers/1 - RootRecord-Pacific-Solar-Server/Reports/scripts/worklog_once.sh"
2026-09-29T02:31:04-10:00job:worklog_scan | OK wrote/updated /home/rootrecord/RootRecord-Ecosystem/2 - RootRecord-Database/WORKLOG/worklog_current.md
2026-09-29T02:31:04-10:00job:security_camera_frame_grab RUN  bash "/home/rootrecord/RootRecord-Ecosystem/1 - Servers/1 - RootRecord-Pacific-Solar-Server/Security/Cameras/grab_all.sh"
2026-09-29T02:31:16-10:00job:security_camera_frame_grab | 02:31:04  📷  a-eyes  ch1 → ch1-20260929T123104Z.jpg  (304.3 KB, 4.32s)
2026-09-29T02:31:16-10:00job:security_camera_frame_grab | 02:31:08  📷  a-eyes  ch2 → ch2-20260929T123108Z.jpg  (349.0 KB, 4.46s)
2026-09-29T02:31:16-10:00job:security_camera_frame_grab | 02:31:13  📷  a-eyes  ch3 → ch3-20260929T123113Z.jpg  (12.0 KB, 1.54s)
2026-09-29T02:31:16-10:00job:security_camera_frame_grab | 02:31:14  📷  a-eyes  ch4 → ch4-20260929T123114Z.jpg  (11.9 KB, 1.44s)
2026-09-29T02:31:16-10:00ENERGY  status=live  B2=78%  B1=0%  solar=0 W  ac=0 W  usbc=29 W  src=/home/rootrecord/RootRecord-Ecosystem/2 - RootRecord-Database/ENERGY
2026-09-29T02:31:17-10:00  ▸  SUMMARY=river2pro soc=0% solar=0W ac_out=73W usbc=95W src=api db=ok
2026-09-29T02:31:17-10:00job:sys_stats_cycle RUN  bash "/home/rootrecord/RootRecord-Ecosystem/1 - Servers/1 - RootRecord-Pacific-Solar-Server/System/scripts/sys-sample.sh"
2026-09-29T02:31:18-10:00job:sys_stats_cycle | SYSTEM  cpu=6%  load=0.88  mem=47%  src=sqlite
2026-09-29T02:31:18-10:00job:sys_stats_cycle | OK wrote /home/rootrecord/RootRecord-Ecosystem/2 - RootRecord-Database/SYSTEM/samples/sys-20260929-023117.json
2026-09-29T02:31:41-10:00tunnel timeout — reconnecting
2026-09-29T02:31:41-10:00job:github_sync_all | — [pacific] no local changes
2026-09-29T02:31:41-10:00job:github_sync_all | ↓ [pacific] fetching origin/main
2026-09-29T02:31:41-10:00job:github_sync_all | From github.com:RootRecord-Software-Solutions/RootRecord-Pacific-Solar-Server
2026-09-29T02:31:41-10:00job:github_sync_all | * branch            main       -> FETCH_HEAD
2026-09-29T02:31:41-10:00job:github_sync_all | — [pacific] local and GitHub already match
2026-09-29T02:31:41-10:00job:github_sync_all | — [pacific] nothing to push
2026-09-29T02:31:41-10:00job:github_sync_all | ↑ [database] committed 16 local file(s)
2026-09-29T02:31:41-10:00job:github_sync_all | ↓ [database] fetching origin/main
2026-09-29T02:31:41-10:00job:github_sync_all | From github.com:RootRecord-Software-Solutions/RootRecord-Database
2026-09-29T02:31:41-10:00job:github_sync_all | * branch            main       -> FETCH_HEAD
2026-09-29T02:31:41-10:00job:github_sync_all | ↑ [database] local is ahead of GitHub
2026-09-29T02:31:41-10:00job:github_sync_all | To github.com:RootRecord-Software-Solutions/RootRecord-Database.git
2026-09-29T02:31:41-10:00job:github_sync_all | 9f43979..b422861  HEAD -> main
2026-09-29T02:31:41-10:00job:github_sync_all | branch 'main' set up to track 'origin/main'.
2026-09-29T02:31:41-10:00job:github_sync_all | ↑ [database] 16 files → RootRecord-Software-Solutions/RootRecord-Database (main)
2026-09-29T02:31:41-10:00job:github_sync_all | — [library] no local changes
2026-09-29T02:31:41-10:00job:github_sync_all | ↓ [library] fetching origin/main
2026-09-29T02:31:41-10:00job:github_sync_all | From github.com:RootRecord-Software-Solutions/RootRecord-Library
2026-09-29T02:31:41-10:00job:github_sync_all | * branch            main       -> FETCH_HEAD
2026-09-29T02:31:41-10:00job:github_sync_all | — [library] local and GitHub already match
2026-09-29T02:31:41-10:00job:github_sync_all | — [library] nothing to push
2026-09-29T02:31:41-10:00job:github_sync_all | — [skills] no local changes
2026-09-29T02:31:41-10:00job:github_sync_all | ↓ [skills] fetching origin/main
2026-09-29T02:31:41-10:00job:github_sync_all | From github.com:rootrecordsoftwaresolutions/Solar-Pacific-RootRecord-Server
2026-09-29T02:31:41-10:00job:github_sync_all | * branch            main       -> FETCH_HEAD
2026-09-29T02:31:41-10:00job:github_sync_all | — [skills] local and GitHub already match
2026-09-29T02:31:41-10:00job:github_sync_all | — [skills] nothing to push
2026-09-29T02:31:41-10:00job:security_camera_frame_grab RUN  bash "/home/rootrecord/RootRecord-Ecosystem/1 - Servers/1 - RootRecord-Pacific-Solar-Server/Security/Cameras/grab_all.sh"
2026-09-29T02:31:42-10:00tunnel timeout — reconnecting
2026-09-29T02:31:42-10:00tunnel timeout — reconnecting
2026-09-29T02:31:42-10:00tunnel timeout — reconnecting
2026-09-29T02:31:42-10:00tunnel timeout — reconnecting
2026-09-29T02:31:43-10:00tunnel timeout — reconnecting
2026-09-29T02:31:43-10:00tunnel connected  conn=0  edge=lax01
2026-09-29T02:31:44-10:00tunnel timeout — reconnecting
2026-09-29T02:31:51-10:00tunnel connected  conn=2  edge=lax01
2026-09-29T02:31:51-10:00tunnel connected  conn=1  edge=lax11
2026-09-29T02:31:51-10:00tunnel connected  conn=3  edge=lax11
2026-09-29T02:31:54-10:00job:security_camera_frame_grab | 02:31:42  📷  a-eyes  ch1 → ch1-20260929T123142Z.jpg  (306.6 KB, 4.39s)
2026-09-29T02:31:54-10:00job:security_camera_frame_grab | 02:31:46  📷  a-eyes  ch2 → ch2-20260929T123146Z.jpg  (348.0 KB, 4.48s)
2026-09-29T02:31:54-10:00job:security_camera_frame_grab | 02:31:50  📷  a-eyes  ch3 → ch3-20260929T123150Z.jpg  (12.0 KB, 1.61s)
2026-09-29T02:31:54-10:00job:security_camera_frame_grab | 02:31:52  📷  a-eyes  ch4 → ch4-20260929T123152Z.jpg  (12.0 KB, 1.60s)
2026-09-29T02:31:55-10:00  ▸  SUMMARY=delta2 soc=78% solar=0W ac_out=0W usbc=29W src=api db=ok
2026-09-29T02:31:55-10:00job:sys_stats_cycle RUN  bash "/home/rootrecord/RootRecord-Ecosystem/1 - Servers/1 - RootRecord-Pacific-Solar-Server/System/scripts/sys-sample.sh"
2026-09-29T02:31:55-10:00job:sys_stats_cycle | SYSTEM  cpu=6%  load=0.71  mem=47%  src=sqlite
2026-09-29T02:31:55-10:00job:sys_stats_cycle | OK wrote /home/rootrecord/RootRecord-Ecosystem/2 - RootRecord-Database/SYSTEM/samples/sys-20260929-023155.json
2026-09-29T02:32:21-10:00job:github_sync_all | — [pacific] no local changes
2026-09-29T02:32:21-10:00job:github_sync_all | ↓ [pacific] fetching origin/main
2026-09-29T02:32:21-10:00job:github_sync_all | From github.com:RootRecord-Software-Solutions/RootRecord-Pacific-Solar-Server
2026-09-29T02:32:21-10:00job:github_sync_all | * branch            main       -> FETCH_HEAD
2026-09-29T02:32:21-10:00job:github_sync_all | — [pacific] local and GitHub already match
2026-09-29T02:32:21-10:00job:github_sync_all | — [pacific] nothing to push
2026-09-29T02:32:21-10:00job:github_sync_all | ↑ [database] committed 11 local file(s)
2026-09-29T02:32:21-10:00job:github_sync_all | ↓ [database] fetching origin/main
2026-09-29T02:32:21-10:00job:github_sync_all | From github.com:RootRecord-Software-Solutions/RootRecord-Database
2026-09-29T02:32:21-10:00job:github_sync_all | * branch            main       -> FETCH_HEAD
2026-09-29T02:32:21-10:00job:github_sync_all | ↑ [database] local is ahead of GitHub
2026-09-29T02:32:21-10:00job:github_sync_all | To github.com:RootRecord-Software-Solutions/RootRecord-Database.git
2026-09-29T02:32:21-10:00job:github_sync_all | b422861..c84b538  HEAD -> main
2026-09-29T02:32:21-10:00job:github_sync_all | branch 'main' set up to track 'origin/main'.
2026-09-29T02:32:21-10:00job:github_sync_all | ↑ [database] 11 files → RootRecord-Software-Solutions/RootRecord-Database (main)
2026-09-29T02:32:21-10:00job:github_sync_all | — [library] no local changes
2026-09-29T02:32:21-10:00job:github_sync_all | ↓ [library] fetching origin/main
2026-09-29T02:32:21-10:00job:github_sync_all | From github.com:RootRecord-Software-Solutions/RootRecord-Library
2026-09-29T02:32:21-10:00job:github_sync_all | * branch            main       -> FETCH_HEAD
2026-09-29T02:32:21-10:00job:github_sync_all | — [library] local and GitHub already match
2026-09-29T02:32:21-10:00job:github_sync_all | — [library] nothing to push
2026-09-29T02:32:21-10:00job:github_sync_all | — [skills] no local changes
2026-09-29T02:32:21-10:00job:github_sync_all | ↓ [skills] fetching origin/main
2026-09-29T02:32:21-10:00job:github_sync_all | From github.com:rootrecordsoftwaresolutions/Solar-Pacific-RootRecord-Server
2026-09-29T02:32:21-10:00job:github_sync_all | * branch            main       -> FETCH_HEAD
2026-09-29T02:32:21-10:00job:github_sync_all | — [skills] local and GitHub already match
2026-09-29T02:32:21-10:00job:github_sync_all | — [skills] nothing to push
2026-09-29T02:32:21-10:00job:security_camera_frame_grab RUN  bash "/home/rootrecord/RootRecord-Ecosystem/1 - Servers/1 - RootRecord-Pacific-Solar-Server/Security/Cameras/grab_all.sh"
2026-09-29T02:32:33-10:00job:security_camera_frame_grab | 02:32:22  📷  a-eyes  ch1 → ch1-20260929T123222Z.jpg  (305.8 KB, 4.23s)
2026-09-29T02:32:33-10:00job:security_camera_frame_grab | 02:32:26  📷  a-eyes  ch2 → ch2-20260929T123226Z.jpg  (348.5 KB, 4.32s)
2026-09-29T02:32:33-10:00job:security_camera_frame_grab | 02:32:30  📷  a-eyes  ch3 → ch3-20260929T123230Z.jpg  (12.1 KB, 1.52s)
2026-09-29T02:32:33-10:00job:security_camera_frame_grab | 02:32:32  📷  a-eyes  ch4 → ch4-20260929T123232Z.jpg  (12.0 KB, 1.47s)
2026-09-29T02:32:33-10:00ENERGY  status=live  B2=78%  B1=0%  solar=0 W  ac=0 W  usbc=29 W  src=/home/rootrecord/RootRecord-Ecosystem/2 - RootRecord-Database/ENERGY
2026-09-29T02:32:34-10:00  ▸  SUMMARY=delta2 soc=78% solar=0W ac_out=0W usbc=29W src=api db=ok
2026-09-29T02:32:34-10:00job:sys_stats_cycle RUN  bash "/home/rootrecord/RootRecord-Ecosystem/1 - Servers/1 - RootRecord-Pacific-Solar-Server/System/scripts/sys-sample.sh"
2026-09-29T02:32:35-10:00job:sys_stats_cycle | SYSTEM  cpu=6%  load=0.74  mem=46%  src=sqlite
2026-09-29T02:32:35-10:00job:sys_stats_cycle | OK wrote /home/rootrecord/RootRecord-Ecosystem/2 - RootRecord-Database/SYSTEM/samples/sys-20260929-023235.json
2026-09-29T02:33:00-10:00job:github_sync_all | — [pacific] no local changes
2026-09-29T02:33:00-10:00job:github_sync_all | ↓ [pacific] fetching origin/main
2026-09-29T02:33:00-10:00job:github_sync_all | From github.com:RootRecord-Software-Solutions/RootRecord-Pacific-Solar-Server
2026-09-29T02:33:00-10:00job:github_sync_all | * branch            main       -> FETCH_HEAD
2026-09-29T02:33:00-10:00job:github_sync_all | — [pacific] local and GitHub already match
2026-09-29T02:33:00-10:00job:github_sync_all | — [pacific] nothing to push
2026-09-29T02:33:00-10:00job:github_sync_all | ↑ [database] committed 12 local file(s)
2026-09-29T02:33:00-10:00job:github_sync_all | ↓ [database] fetching origin/main
2026-09-29T02:33:00-10:00job:github_sync_all | From github.com:RootRecord-Software-Solutions/RootRecord-Database
2026-09-29T02:33:00-10:00job:github_sync_all | * branch            main       -> FETCH_HEAD
2026-09-29T02:33:00-10:00job:github_sync_all | ↑ [database] local is ahead of GitHub
2026-09-29T02:33:00-10:00job:github_sync_all | To github.com:RootRecord-Software-Solutions/RootRecord-Database.git
2026-09-29T02:33:00-10:00job:github_sync_all | c84b538..dd00e5d  HEAD -> main
2026-09-29T02:33:00-10:00job:github_sync_all | branch 'main' set up to track 'origin/main'.
2026-09-29T02:33:00-10:00job:github_sync_all | ↑ [database] 12 files → RootRecord-Software-Solutions/RootRecord-Database (main)
2026-09-29T02:33:00-10:00job:github_sync_all | — [library] no local changes
2026-09-29T02:33:00-10:00job:github_sync_all | ↓ [library] fetching origin/main
2026-09-29T02:33:00-10:00job:github_sync_all | From github.com:RootRecord-Software-Solutions/RootRecord-Library
2026-09-29T02:33:00-10:00job:github_sync_all | * branch            main       -> FETCH_HEAD
2026-09-29T02:33:00-10:00job:github_sync_all | — [library] local and GitHub already match
2026-09-29T02:33:00-10:00job:github_sync_all | — [library] nothing to push
2026-09-29T02:33:00-10:00job:github_sync_all | — [skills] no local changes
2026-09-29T02:33:00-10:00job:github_sync_all | ↓ [skills] fetching origin/main
2026-09-29T02:33:00-10:00job:github_sync_all | From github.com:rootrecordsoftwaresolutions/Solar-Pacific-RootRecord-Server
2026-09-29T02:33:00-10:00job:github_sync_all | * branch            main       -> FETCH_HEAD
2026-09-29T02:33:00-10:00job:github_sync_all | — [skills] local and GitHub already match
2026-09-29T02:33:00-10:00job:github_sync_all | — [skills] nothing to push
2026-09-29T02:33:00-10:00job:worklog_scan RUN  bash "/home/rootrecord/RootRecord-Ecosystem/1 - Servers/1 - RootRecord-Pacific-Solar-Server/Reports/scripts/worklog_once.sh"
2026-09-29T02:33:03-10:00job:worklog_scan | OK wrote/updated /home/rootrecord/RootRecord-Ecosystem/2 - RootRecord-Database/WORKLOG/worklog_current.md
2026-09-29T02:33:03-10:00job:security_camera_frame_grab RUN  bash "/home/rootrecord/RootRecord-Ecosystem/1 - Servers/1 - RootRecord-Pacific-Solar-Server/Security/Cameras/grab_all.sh"
2026-09-29T02:33:14-10:00job:security_camera_frame_grab | 02:33:03  📷  a-eyes  ch1 → ch1-20260929T123303Z.jpg  (308.4 KB, 4.28s)
2026-09-29T02:33:14-10:00job:security_camera_frame_grab | 02:33:07  📷  a-eyes  ch2 → ch2-20260929T123307Z.jpg  (346.4 KB, 4.26s)
2026-09-29T02:33:14-10:00job:security_camera_frame_grab | 02:33:11  📷  a-eyes  ch3 → ch3-20260929T123311Z.jpg  (11.9 KB, 1.72s)
2026-09-29T02:33:14-10:00job:security_camera_frame_grab | 02:33:13  📷  a-eyes  ch4 → ch4-20260929T123313Z.jpg  (12.1 KB, 1.53s)
2026-09-29T02:33:16-10:00  ▸  SUMMARY=river2pro soc=0% solar=0W ac_out=73W usbc=95W src=api db=ok
2026-09-29T02:33:16-10:00job:sys_stats_cycle RUN  bash "/home/rootrecord/RootRecord-Ecosystem/1 - Servers/1 - RootRecord-Pacific-Solar-Server/System/scripts/sys-sample.sh"
2026-09-29T02:33:16-10:00job:sys_stats_cycle | SYSTEM  cpu=11%  load=1.05  mem=47%  src=sqlite
2026-09-29T02:33:16-10:00job:sys_stats_cycle | OK wrote /home/rootrecord/RootRecord-Ecosystem/2 - RootRecord-Database/SYSTEM/samples/sys-20260929-023316.json
2026-09-29T02:33:47-10:00job:github_sync_all | — [pacific] no local changes
2026-09-29T02:33:47-10:00job:github_sync_all | ↓ [pacific] fetching origin/main
2026-09-29T02:33:47-10:00job:github_sync_all | From github.com:RootRecord-Software-Solutions/RootRecord-Pacific-Solar-Server
2026-09-29T02:33:47-10:00job:github_sync_all | * branch            main       -> FETCH_HEAD
2026-09-29T02:33:47-10:00job:github_sync_all | — [pacific] local and GitHub already match
2026-09-29T02:33:47-10:00job:github_sync_all | — [pacific] nothing to push
2026-09-29T02:33:47-10:00job:github_sync_all | ↑ [database] committed 16 local file(s)
2026-09-29T02:33:47-10:00job:github_sync_all | ↓ [database] fetching origin/main
2026-09-29T02:33:47-10:00job:github_sync_all | From github.com:RootRecord-Software-Solutions/RootRecord-Database
2026-09-29T02:33:47-10:00job:github_sync_all | * branch            main       -> FETCH_HEAD
2026-09-29T02:33:47-10:00job:github_sync_all | ↑ [database] local is ahead of GitHub
2026-09-29T02:33:47-10:00job:github_sync_all | To github.com:RootRecord-Software-Solutions/RootRecord-Database.git
2026-09-29T02:33:47-10:00job:github_sync_all | dd00e5d..45041f2  HEAD -> main
2026-09-29T02:33:47-10:00job:github_sync_all | branch 'main' set up to track 'origin/main'.
2026-09-29T02:33:47-10:00job:github_sync_all | ↑ [database] 16 files → RootRecord-Software-Solutions/RootRecord-Database (main)
2026-09-29T02:33:47-10:00job:github_sync_all | ↑ [library] committed 1 local file(s)
2026-09-29T02:33:47-10:00job:github_sync_all | ↓ [library] fetching origin/main
2026-09-29T02:33:47-10:00job:github_sync_all | From github.com:RootRecord-Software-Solutions/RootRecord-Library
2026-09-29T02:33:47-10:00job:github_sync_all | * branch            main       -> FETCH_HEAD
2026-09-29T02:33:47-10:00job:github_sync_all | ↑ [library] local is ahead of GitHub
2026-09-29T02:33:47-10:00job:github_sync_all | To github.com:RootRecord-Software-Solutions/RootRecord-Library.git
2026-09-29T02:33:47-10:00job:github_sync_all | 0891b5e..65d654f  HEAD -> main
2026-09-29T02:33:47-10:00job:github_sync_all | branch 'main' set up to track 'origin/main'.
2026-09-29T02:33:47-10:00job:github_sync_all | ↑ [library] 1 files → RootRecord-Software-Solutions/RootRecord-Library (main)
2026-09-29T02:33:47-10:00job:github_sync_all | — [skills] no local changes
2026-09-29T02:33:47-10:00job:github_sync_all | ↓ [skills] fetching origin/main
2026-09-29T02:33:47-10:00job:github_sync_all | From github.com:rootrecordsoftwaresolutions/Solar-Pacific-RootRecord-Server
2026-09-29T02:33:47-10:00job:github_sync_all | * branch            main       -> FETCH_HEAD
2026-09-29T02:33:47-10:00job:github_sync_all | — [skills] local and GitHub already match
2026-09-29T02:33:47-10:00job:github_sync_all | — [skills] nothing to push
2026-09-29T02:33:47-10:00job:security_camera_frame_grab RUN  bash "/home/rootrecord/RootRecord-Ecosystem/1 - Servers/1 - RootRecord-Pacific-Solar-Server/Security/Cameras/grab_all.sh"
2026-09-29T02:33:59-10:00job:security_camera_frame_grab | 02:33:47  📷  a-eyes  ch1 → ch1-20260929T123347Z.jpg  (308.7 KB, 4.46s)
2026-09-29T02:33:59-10:00job:security_camera_frame_grab | 02:33:51  📷  a-eyes  ch2 → ch2-20260929T123351Z.jpg  (346.3 KB, 4.46s)
2026-09-29T02:33:59-10:00job:security_camera_frame_grab | 02:33:56  📷  a-eyes  ch3 → ch3-20260929T123356Z.jpg  (12.1 KB, 1.51s)
2026-09-29T02:33:59-10:00job:security_camera_frame_grab | 02:33:57  📷  a-eyes  ch4 → ch4-20260929T123357Z.jpg  (12.1 KB, 1.63s)
2026-09-29T02:33:59-10:00ENERGY  status=live  B2=78%  B1=0%  solar=0 W  ac=0 W  usbc=29 W  src=/home/rootrecord/RootRecord-Ecosystem/2 - RootRecord-Database/ENERGY
2026-09-29T02:34:00-10:00  ▸  SUMMARY=delta2 soc=78% solar=0W ac_out=0W usbc=29W src=api db=ok
2026-09-29T02:34:00-10:00job:sys_stats_cycle RUN  bash "/home/rootrecord/RootRecord-Ecosystem/1 - Servers/1 - RootRecord-Pacific-Solar-Server/System/scripts/sys-sample.sh"
2026-09-29T02:34:01-10:00job:sys_stats_cycle | SYSTEM  cpu=12%  load=1.57  mem=50%  src=sqlite
2026-09-29T02:34:01-10:00job:sys_stats_cycle | OK wrote /home/rootrecord/RootRecord-Ecosystem/2 - RootRecord-Database/SYSTEM/samples/sys-20260929-023401.json
2026-09-29T02:34:25-10:00job:github_sync_all | — [pacific] no local changes
2026-09-29T02:34:25-10:00job:github_sync_all | ↓ [pacific] fetching origin/main
2026-09-29T02:34:25-10:00job:github_sync_all | From github.com:RootRecord-Software-Solutions/RootRecord-Pacific-Solar-Server
2026-09-29T02:34:25-10:00job:github_sync_all | * branch            main       -> FETCH_HEAD
2026-09-29T02:34:25-10:00job:github_sync_all | — [pacific] local and GitHub already match
2026-09-29T02:34:25-10:00job:github_sync_all | — [pacific] nothing to push
2026-09-29T02:34:25-10:00job:github_sync_all | ↑ [database] committed 12 local file(s)
2026-09-29T02:34:25-10:00job:github_sync_all | ↓ [database] fetching origin/main
2026-09-29T02:34:25-10:00job:github_sync_all | From github.com:RootRecord-Software-Solutions/RootRecord-Database
2026-09-29T02:34:25-10:00job:github_sync_all | * branch            main       -> FETCH_HEAD
2026-09-29T02:34:25-10:00job:github_sync_all | ↑ [database] local is ahead of GitHub
2026-09-29T02:34:25-10:00job:github_sync_all | To github.com:RootRecord-Software-Solutions/RootRecord-Database.git
2026-09-29T02:34:25-10:00job:github_sync_all | 45041f2..b8e1ff0  HEAD -> main
2026-09-29T02:34:25-10:00job:github_sync_all | branch 'main' set up to track 'origin/main'.
2026-09-29T02:34:25-10:00job:github_sync_all | ↑ [database] 12 files → RootRecord-Software-Solutions/RootRecord-Database (main)
2026-09-29T02:34:25-10:00job:github_sync_all | — [library] no local changes
2026-09-29T02:34:25-10:00job:github_sync_all | ↓ [library] fetching origin/main
2026-09-29T02:34:25-10:00job:github_sync_all | From github.com:RootRecord-Software-Solutions/RootRecord-Library
2026-09-29T02:34:25-10:00job:github_sync_all | * branch            main       -> FETCH_HEAD
2026-09-29T02:34:25-10:00job:github_sync_all | — [library] local and GitHub already match
2026-09-29T02:34:25-10:00job:github_sync_all | — [library] nothing to push
2026-09-29T02:34:25-10:00job:github_sync_all | — [skills] no local changes
2026-09-29T02:34:25-10:00job:github_sync_all | ↓ [skills] fetching origin/main
2026-09-29T02:34:25-10:00job:github_sync_all | From github.com:rootrecordsoftwaresolutions/Solar-Pacific-RootRecord-Server
2026-09-29T02:34:25-10:00job:github_sync_all | * branch            main       -> FETCH_HEAD
2026-09-29T02:34:25-10:00job:github_sync_all | — [skills] local and GitHub already match
2026-09-29T02:34:25-10:00job:github_sync_all | — [skills] nothing to push
2026-09-29T02:34:25-10:00job:security_camera_frame_grab RUN  bash "/home/rootrecord/RootRecord-Ecosystem/1 - Servers/1 - RootRecord-Pacific-Solar-Server/Security/Cameras/grab_all.sh"
2026-09-29T02:34:37-10:00job:security_camera_frame_grab | 02:34:25  📷  a-eyes  ch1 → ch1-20260929T123425Z.jpg  (308.4 KB, 4.30s)
2026-09-29T02:34:37-10:00job:security_camera_frame_grab | 02:34:29  📷  a-eyes  ch2 → ch2-20260929T123429Z.jpg  (345.9 KB, 4.33s)
2026-09-29T02:34:37-10:00job:security_camera_frame_grab | 02:34:34  📷  a-eyes  ch3 → ch3-20260929T123434Z.jpg  (12.0 KB, 1.72s)
2026-09-29T02:34:37-10:00job:security_camera_frame_grab | 02:34:35  📷  a-eyes  ch4 → ch4-20260929T123435Z.jpg  (12.0 KB, 1.62s)
2026-09-29T02:34:38-10:00  ▸  SUMMARY=river2pro soc=0% solar=0W ac_out=73W usbc=95W src=api db=ok
2026-09-29T02:34:38-10:00job:sys_stats_cycle RUN  bash "/home/rootrecord/RootRecord-Ecosystem/1 - Servers/1 - RootRecord-Pacific-Solar-Server/System/scripts/sys-sample.sh"
2026-09-29T02:34:39-10:00job:sys_stats_cycle | SYSTEM  cpu=3%  load=0.95  mem=49%  src=sqlite
2026-09-29T02:34:39-10:00job:sys_stats_cycle | OK wrote /home/rootrecord/RootRecord-Ecosystem/2 - RootRecord-Database/SYSTEM/samples/sys-20260929-023438.json
2026-09-29T02:35:02-10:00job:github_sync_all | — [pacific] no local changes
2026-09-29T02:35:02-10:00job:github_sync_all | ↓ [pacific] fetching origin/main
2026-09-29T02:35:02-10:00job:github_sync_all | From github.com:RootRecord-Software-Solutions/RootRecord-Pacific-Solar-Server
2026-09-29T02:35:02-10:00job:github_sync_all | * branch            main       -> FETCH_HEAD
2026-09-29T02:35:02-10:00job:github_sync_all | — [pacific] local and GitHub already match
2026-09-29T02:35:02-10:00job:github_sync_all | — [pacific] nothing to push
2026-09-29T02:35:02-10:00job:github_sync_all | ↑ [database] committed 11 local file(s)
2026-09-29T02:35:02-10:00job:github_sync_all | ↓ [database] fetching origin/main
2026-09-29T02:35:02-10:00job:github_sync_all | From github.com:RootRecord-Software-Solutions/RootRecord-Database
2026-09-29T02:35:02-10:00job:github_sync_all | * branch            main       -> FETCH_HEAD
2026-09-29T02:35:02-10:00job:github_sync_all | ↑ [database] local is ahead of GitHub
2026-09-29T02:35:02-10:00job:github_sync_all | To github.com:RootRecord-Software-Solutions/RootRecord-Database.git
2026-09-29T02:35:02-10:00job:github_sync_all | b8e1ff0..f681c61  HEAD -> main
2026-09-29T02:35:02-10:00job:github_sync_all | branch 'main' set up to track 'origin/main'.
2026-09-29T02:35:02-10:00job:github_sync_all | ↑ [database] 11 files → RootRecord-Software-Solutions/RootRecord-Database (main)
2026-09-29T02:35:02-10:00job:github_sync_all | — [library] no local changes
2026-09-29T02:35:02-10:00job:github_sync_all | ↓ [library] fetching origin/main
2026-09-29T02:35:02-10:00job:github_sync_all | From github.com:RootRecord-Software-Solutions/RootRecord-Library
2026-09-29T02:35:02-10:00job:github_sync_all | * branch            main       -> FETCH_HEAD
2026-09-29T02:35:02-10:00job:github_sync_all | — [library] local and GitHub already match
2026-09-29T02:35:02-10:00job:github_sync_all | — [library] nothing to push
2026-09-29T02:35:02-10:00job:github_sync_all | — [skills] no local changes
2026-09-29T02:35:02-10:00job:github_sync_all | ↓ [skills] fetching origin/main
2026-09-29T02:35:02-10:00job:github_sync_all | From github.com:rootrecordsoftwaresolutions/Solar-Pacific-RootRecord-Server
2026-09-29T02:35:02-10:00job:github_sync_all | * branch            main       -> FETCH_HEAD
2026-09-29T02:35:02-10:00job:github_sync_all | — [skills] local and GitHub already match
2026-09-29T02:35:02-10:00job:github_sync_all | — [skills] nothing to push
2026-09-29T02:35:02-10:00job:worklog_scan RUN  bash "/home/rootrecord/RootRecord-Ecosystem/1 - Servers/1 - RootRecord-Pacific-Solar-Server/Reports/scripts/worklog_once.sh"
2026-09-29T02:35:04-10:00job:worklog_scan | OK wrote/updated /home/rootrecord/RootRecord-Ecosystem/2 - RootRecord-Database/WORKLOG/worklog_current.md
2026-09-29T02:35:04-10:00job:security_camera_frame_grab RUN  bash "/home/rootrecord/RootRecord-Ecosystem/1 - Servers/1 - RootRecord-Pacific-Solar-Server/Security/Cameras/grab_all.sh"
2026-09-29T02:35:16-10:00job:security_camera_frame_grab | 02:35:04  📷  a-eyes  ch1 → ch1-20260929T123504Z.jpg  (308.9 KB, 4.35s)
2026-09-29T02:35:16-10:00job:security_camera_frame_grab | 02:35:09  📷  a-eyes  ch2 → ch2-20260929T123509Z.jpg  (344.6 KB, 4.48s)
2026-09-29T02:35:16-10:00job:security_camera_frame_grab | 02:35:13  📷  a-eyes  ch3 → ch3-20260929T123513Z.jpg  (12.0 KB, 1.62s)
2026-09-29T02:35:16-10:00job:security_camera_frame_grab | 02:35:15  📷  a-eyes  ch4 → ch4-20260929T123515Z.jpg  (12.0 KB, 1.61s)
2026-09-29T02:35:17-10:00ENERGY  status=live  B2=78%  B1=0%  solar=0 W  ac=0 W  usbc=29 W  src=/home/rootrecord/RootRecord-Ecosystem/2 - RootRecord-Database/ENERGY
2026-09-29T02:35:18-10:00  ▸  SUMMARY=river2pro soc=0% solar=0W ac_out=73W usbc=95W src=api db=ok
2026-09-29T02:35:18-10:00job:sys_stats_cycle RUN  bash "/home/rootrecord/RootRecord-Ecosystem/1 - Servers/1 - RootRecord-Pacific-Solar-Server/System/scripts/sys-sample.sh"
2026-09-29T02:35:19-10:00job:sys_stats_cycle | SYSTEM  cpu=3%  load=0.83  mem=48%  src=sqlite
2026-09-29T02:35:19-10:00job:sys_stats_cycle | OK wrote /home/rootrecord/RootRecord-Ecosystem/2 - RootRecord-Database/SYSTEM/samples/sys-20260929-023518.json
2026-09-29T02:35:43-10:00job:github_sync_all | — [pacific] no local changes
2026-09-29T02:35:43-10:00job:github_sync_all | ↓ [pacific] fetching origin/main
2026-09-29T02:35:43-10:00job:github_sync_all | From github.com:RootRecord-Software-Solutions/RootRecord-Pacific-Solar-Server
2026-09-29T02:35:43-10:00job:github_sync_all | * branch            main       -> FETCH_HEAD
2026-09-29T02:35:43-10:00job:github_sync_all | — [pacific] local and GitHub already match
2026-09-29T02:35:43-10:00job:github_sync_all | — [pacific] nothing to push
2026-09-29T02:35:43-10:00job:github_sync_all | ↑ [database] committed 17 local file(s)
2026-09-29T02:35:43-10:00job:github_sync_all | ↓ [database] fetching origin/main
2026-09-29T02:35:43-10:00job:github_sync_all | From github.com:RootRecord-Software-Solutions/RootRecord-Database
2026-09-29T02:35:43-10:00job:github_sync_all | * branch            main       -> FETCH_HEAD
2026-09-29T02:35:43-10:00job:github_sync_all | ↑ [database] local is ahead of GitHub
2026-09-29T02:35:43-10:00job:github_sync_all | To github.com:RootRecord-Software-Solutions/RootRecord-Database.git
2026-09-29T02:35:43-10:00job:github_sync_all | f681c61..79b4821  HEAD -> main
2026-09-29T02:35:43-10:00job:github_sync_all | branch 'main' set up to track 'origin/main'.
2026-09-29T02:35:43-10:00job:github_sync_all | ↑ [database] 17 files → RootRecord-Software-Solutions/RootRecord-Database (main)
2026-09-29T02:35:43-10:00job:github_sync_all | — [library] no local changes
2026-09-29T02:35:43-10:00job:github_sync_all | ↓ [library] fetching origin/main
2026-09-29T02:35:43-10:00job:github_sync_all | From github.com:RootRecord-Software-Solutions/RootRecord-Library
2026-09-29T02:35:43-10:00job:github_sync_all | * branch            main       -> FETCH_HEAD
2026-09-29T02:35:43-10:00job:github_sync_all | — [library] local and GitHub already match
2026-09-29T02:35:43-10:00job:github_sync_all | — [library] nothing to push
2026-09-29T02:35:43-10:00job:github_sync_all | — [skills] no local changes
2026-09-29T02:35:43-10:00job:github_sync_all | ↓ [skills] fetching origin/main
2026-09-29T02:35:43-10:00job:github_sync_all | From github.com:rootrecordsoftwaresolutions/Solar-Pacific-RootRecord-Server
2026-09-29T02:35:43-10:00job:github_sync_all | * branch            main       -> FETCH_HEAD
2026-09-29T02:35:43-10:00job:github_sync_all | — [skills] local and GitHub already match
2026-09-29T02:35:43-10:00job:github_sync_all | — [skills] nothing to push
2026-09-29T02:35:43-10:00job:security_camera_frame_grab RUN  bash "/home/rootrecord/RootRecord-Ecosystem/1 - Servers/1 - RootRecord-Pacific-Solar-Server/Security/Cameras/grab_all.sh"
2026-09-29T02:35:55-10:00job:security_camera_frame_grab | 02:35:43  📷  a-eyes  ch1 → ch1-20260929T123543Z.jpg  (309.1 KB, 4.49s)
2026-09-29T02:35:55-10:00job:security_camera_frame_grab | 02:35:48  📷  a-eyes  ch2 → ch2-20260929T123548Z.jpg  (343.8 KB, 4.38s)
2026-09-29T02:35:55-10:00job:security_camera_frame_grab | 02:35:52  📷  a-eyes  ch3 → ch3-20260929T123552Z.jpg  (12.1 KB, 1.50s)
2026-09-29T02:35:55-10:00job:security_camera_frame_grab | 02:35:54  📷  a-eyes  ch4 → ch4-20260929T123554Z.jpg  (12.2 KB, 1.51s)
2026-09-29T02:35:56-10:00  ▸  SUMMARY=river2pro soc=0% solar=0W ac_out=73W usbc=95W src=api db=ok
2026-09-29T02:35:56-10:00job:sys_stats_cycle RUN  bash "/home/rootrecord/RootRecord-Ecosystem/1 - Servers/1 - RootRecord-Pacific-Solar-Server/System/scripts/sys-sample.sh"
2026-09-29T02:35:57-10:00job:sys_stats_cycle | SYSTEM  cpu=3%  load=0.52  mem=48%  src=sqlite
2026-09-29T02:35:57-10:00job:sys_stats_cycle | OK wrote /home/rootrecord/RootRecord-Ecosystem/2 - RootRecord-Database/SYSTEM/samples/sys-20260929-023557.json
2026-09-29T02:36:22-10:00job:github_sync_all | — [pacific] no local changes
2026-09-29T02:36:22-10:00job:github_sync_all | ↓ [pacific] fetching origin/main
2026-09-29T02:36:22-10:00job:github_sync_all | From github.com:RootRecord-Software-Solutions/RootRecord-Pacific-Solar-Server
2026-09-29T02:36:22-10:00job:github_sync_all | * branch            main       -> FETCH_HEAD
2026-09-29T02:36:22-10:00job:github_sync_all | — [pacific] local and GitHub already match
2026-09-29T02:36:22-10:00job:github_sync_all | — [pacific] nothing to push
2026-09-29T02:36:22-10:00job:github_sync_all | ↑ [database] committed 11 local file(s)
2026-09-29T02:36:22-10:00job:github_sync_all | ↓ [database] fetching origin/main
2026-09-29T02:36:22-10:00job:github_sync_all | From github.com:RootRecord-Software-Solutions/RootRecord-Database
2026-09-29T02:36:22-10:00job:github_sync_all | * branch            main       -> FETCH_HEAD
2026-09-29T02:36:22-10:00job:github_sync_all | ↑ [database] local is ahead of GitHub
2026-09-29T02:36:22-10:00job:github_sync_all | To github.com:RootRecord-Software-Solutions/RootRecord-Database.git
2026-09-29T02:36:22-10:00job:github_sync_all | 79b4821..804ae58  HEAD -> main
2026-09-29T02:36:22-10:00job:github_sync_all | branch 'main' set up to track 'origin/main'.
2026-09-29T02:36:22-10:00job:github_sync_all | ↑ [database] 11 files → RootRecord-Software-Solutions/RootRecord-Database (main)
2026-09-29T02:36:22-10:00job:github_sync_all | — [library] no local changes
2026-09-29T02:36:22-10:00job:github_sync_all | ↓ [library] fetching origin/main
2026-09-29T02:36:22-10:00job:github_sync_all | From github.com:RootRecord-Software-Solutions/RootRecord-Library
2026-09-29T02:36:22-10:00job:github_sync_all | * branch            main       -> FETCH_HEAD
2026-09-29T02:36:22-10:00job:github_sync_all | — [library] local and GitHub already match
2026-09-29T02:36:22-10:00job:github_sync_all | — [library] nothing to push
2026-09-29T02:36:22-10:00job:github_sync_all | — [skills] no local changes
2026-09-29T02:36:22-10:00job:github_sync_all | ↓ [skills] fetching origin/main
2026-09-29T02:36:22-10:00job:github_sync_all | From github.com:rootrecordsoftwaresolutions/Solar-Pacific-RootRecord-Server
2026-09-29T02:36:22-10:00job:github_sync_all | * branch            main       -> FETCH_HEAD
2026-09-29T02:36:22-10:00job:github_sync_all | — [skills] local and GitHub already match
2026-09-29T02:36:22-10:00job:github_sync_all | — [skills] nothing to push
2026-09-29T02:36:22-10:00job:security_camera_frame_grab RUN  bash "/home/rootrecord/RootRecord-Ecosystem/1 - Servers/1 - RootRecord-Pacific-Solar-Server/Security/Cameras/grab_all.sh"
2026-09-29T02:36:34-10:00job:security_camera_frame_grab | 02:36:22  📷  a-eyes  ch1 → ch1-20260929T123622Z.jpg  (308.9 KB, 4.23s)
2026-09-29T02:36:34-10:00job:security_camera_frame_grab | 02:36:27  📷  a-eyes  ch2 → ch2-20260929T123627Z.jpg  (343.7 KB, 4.28s)
2026-09-29T02:36:34-10:00job:security_camera_frame_grab | 02:36:31  📷  a-eyes  ch3 → ch3-20260929T123631Z.jpg  (12.0 KB, 1.61s)
2026-09-29T02:36:34-10:00job:security_camera_frame_grab | 02:36:32  📷  a-eyes  ch4 → ch4-20260929T123632Z.jpg  (12.1 KB, 1.62s)
2026-09-29T02:36:34-10:00ENERGY  status=live  B2=78%  B1=0%  solar=0 W  ac=0 W  usbc=29 W  src=/home/rootrecord/RootRecord-Ecosystem/2 - RootRecord-Database/ENERGY
2026-09-29T02:36:35-10:00  ▸  SUMMARY=delta2 soc=78% solar=0W ac_out=0W usbc=29W src=api db=ok
2026-09-29T02:36:35-10:00job:sys_stats_cycle RUN  bash "/home/rootrecord/RootRecord-Ecosystem/1 - Servers/1 - RootRecord-Pacific-Solar-Server/System/scripts/sys-sample.sh"
2026-09-29T02:36:36-10:00job:sys_stats_cycle | SYSTEM  cpu=1%  load=0.80  mem=51%  src=sqlite
2026-09-29T02:36:36-10:00job:sys_stats_cycle | OK wrote /home/rootrecord/RootRecord-Ecosystem/2 - RootRecord-Database/SYSTEM/samples/sys-20260929-023636.json
2026-09-29T02:37:00-10:00job:github_sync_all | — [pacific] no local changes
2026-09-29T02:37:00-10:00job:github_sync_all | ↓ [pacific] fetching origin/main
2026-09-29T02:37:00-10:00job:github_sync_all | From github.com:RootRecord-Software-Solutions/RootRecord-Pacific-Solar-Server
2026-09-29T02:37:00-10:00job:github_sync_all | * branch            main       -> FETCH_HEAD
2026-09-29T02:37:00-10:00job:github_sync_all | — [pacific] local and GitHub already match
2026-09-29T02:37:00-10:00job:github_sync_all | — [pacific] nothing to push
2026-09-29T02:37:00-10:00job:github_sync_all | ↑ [database] committed 12 local file(s)
2026-09-29T02:37:00-10:00job:github_sync_all | ↓ [database] fetching origin/main
2026-09-29T02:37:00-10:00job:github_sync_all | From github.com:RootRecord-Software-Solutions/RootRecord-Database
2026-09-29T02:37:00-10:00job:github_sync_all | * branch            main       -> FETCH_HEAD
2026-09-29T02:37:00-10:00job:github_sync_all | ↑ [database] local is ahead of GitHub
2026-09-29T02:37:00-10:00job:github_sync_all | To github.com:RootRecord-Software-Solutions/RootRecord-Database.git
2026-09-29T02:37:00-10:00job:github_sync_all | 804ae58..bc5c61e  HEAD -> main
2026-09-29T02:37:00-10:00job:github_sync_all | branch 'main' set up to track 'origin/main'.
2026-09-29T02:37:00-10:00job:github_sync_all | ↑ [database] 12 files → RootRecord-Software-Solutions/RootRecord-Database (main)
2026-09-29T02:37:00-10:00job:github_sync_all | — [library] no local changes
2026-09-29T02:37:00-10:00job:github_sync_all | ↓ [library] fetching origin/main
2026-09-29T02:37:00-10:00job:github_sync_all | From github.com:RootRecord-Software-Solutions/RootRecord-Library
2026-09-29T02:37:00-10:00job:github_sync_all | * branch            main       -> FETCH_HEAD
2026-09-29T02:37:00-10:00job:github_sync_all | — [library] local and GitHub already match
2026-09-29T02:37:00-10:00job:github_sync_all | — [library] nothing to push
2026-09-29T02:37:00-10:00job:github_sync_all | — [skills] no local changes
2026-09-29T02:37:00-10:00job:github_sync_all | ↓ [skills] fetching origin/main
2026-09-29T02:37:00-10:00job:github_sync_all | From github.com:rootrecordsoftwaresolutions/Solar-Pacific-RootRecord-Server
2026-09-29T02:37:00-10:00job:github_sync_all | * branch            main       -> FETCH_HEAD
2026-09-29T02:37:00-10:00job:github_sync_all | — [skills] local and GitHub already match
2026-09-29T02:37:00-10:00job:github_sync_all | — [skills] nothing to push
2026-09-29T02:37:00-10:00job:worklog_scan RUN  bash "/home/rootrecord/RootRecord-Ecosystem/1 - Servers/1 - RootRecord-Pacific-Solar-Server/Reports/scripts/worklog_once.sh"
2026-09-29T02:37:03-10:00job:worklog_scan | OK wrote/updated /home/rootrecord/RootRecord-Ecosystem/2 - RootRecord-Database/WORKLOG/worklog_current.md
2026-09-29T02:37:03-10:00job:security_camera_frame_grab RUN  bash "/home/rootrecord/RootRecord-Ecosystem/1 - Servers/1 - RootRecord-Pacific-Solar-Server/Security/Cameras/grab_all.sh"
2026-09-29T02:37:15-10:00job:security_camera_frame_grab | 02:37:03  📷  a-eyes  ch1 → ch1-20260929T123703Z.jpg  (308.5 KB, 4.38s)
2026-09-29T02:37:15-10:00job:security_camera_frame_grab | 02:37:07  📷  a-eyes  ch2 → ch2-20260929T123707Z.jpg  (342.8 KB, 4.48s)
2026-09-29T02:37:15-10:00job:security_camera_frame_grab | 02:37:12  📷  a-eyes  ch3 → ch3-20260929T123712Z.jpg  (11.9 KB, 1.55s)
2026-09-29T02:37:15-10:00job:security_camera_frame_grab | 02:37:13  📷  a-eyes  ch4 → ch4-20260929T123713Z.jpg  (12.1 KB, 1.58s)
2026-09-29T02:37:16-10:00  ▸  SUMMARY=river2pro soc=0% solar=0W ac_out=73W usbc=95W src=api db=ok
2026-09-29T02:37:16-10:00job:sys_stats_cycle RUN  bash "/home/rootrecord/RootRecord-Ecosystem/1 - Servers/1 - RootRecord-Pacific-Solar-Server/System/scripts/sys-sample.sh"
2026-09-29T02:37:16-10:00job:sys_stats_cycle | SYSTEM  cpu=4%  load=0.54  mem=51%  src=sqlite
2026-09-29T02:37:16-10:00job:sys_stats_cycle | OK wrote /home/rootrecord/RootRecord-Ecosystem/2 - RootRecord-Database/SYSTEM/samples/sys-20260929-023716.json
2026-09-29T02:37:40-10:00job:github_sync_all | — [pacific] no local changes
2026-09-29T02:37:40-10:00job:github_sync_all | ↓ [pacific] fetching origin/main
2026-09-29T02:37:40-10:00job:github_sync_all | From github.com:RootRecord-Software-Solutions/RootRecord-Pacific-Solar-Server
2026-09-29T02:37:40-10:00job:github_sync_all | * branch            main       -> FETCH_HEAD
2026-09-29T02:37:40-10:00job:github_sync_all | — [pacific] local and GitHub already match
2026-09-29T02:37:40-10:00job:github_sync_all | — [pacific] nothing to push
2026-09-29T02:37:40-10:00job:github_sync_all | ↑ [database] committed 15 local file(s)
2026-09-29T02:37:40-10:00job:github_sync_all | ↓ [database] fetching origin/main
2026-09-29T02:37:40-10:00job:github_sync_all | From github.com:RootRecord-Software-Solutions/RootRecord-Database
2026-09-29T02:37:40-10:00job:github_sync_all | * branch            main       -> FETCH_HEAD
2026-09-29T02:37:40-10:00job:github_sync_all | ↑ [database] local is ahead of GitHub
2026-09-29T02:37:40-10:00job:github_sync_all | To github.com:RootRecord-Software-Solutions/RootRecord-Database.git
2026-09-29T02:37:40-10:00job:github_sync_all | bc5c61e..1c50261  HEAD -> main
2026-09-29T02:37:40-10:00job:github_sync_all | branch 'main' set up to track 'origin/main'.
2026-09-29T02:37:40-10:00job:github_sync_all | ↑ [database] 15 files → RootRecord-Software-Solutions/RootRecord-Database (main)
2026-09-29T02:37:40-10:00job:github_sync_all | — [library] no local changes
2026-09-29T02:37:40-10:00job:github_sync_all | ↓ [library] fetching origin/main
2026-09-29T02:37:40-10:00job:github_sync_all | From github.com:RootRecord-Software-Solutions/RootRecord-Library
2026-09-29T02:37:40-10:00job:github_sync_all | * branch            main       -> FETCH_HEAD
2026-09-29T02:37:40-10:00job:github_sync_all | — [library] local and GitHub already match
2026-09-29T02:37:40-10:00job:github_sync_all | — [library] nothing to push
2026-09-29T02:37:40-10:00job:github_sync_all | — [skills] no local changes
2026-09-29T02:37:40-10:00job:github_sync_all | ↓ [skills] fetching origin/main
2026-09-29T02:37:40-10:00job:github_sync_all | From github.com:rootrecordsoftwaresolutions/Solar-Pacific-RootRecord-Server
2026-09-29T02:37:40-10:00job:github_sync_all | * branch            main       -> FETCH_HEAD
2026-09-29T02:37:40-10:00job:github_sync_all | — [skills] local and GitHub already match
2026-09-29T02:37:40-10:00job:github_sync_all | — [skills] nothing to push
2026-09-29T02:37:40-10:00job:security_camera_frame_grab RUN  bash "/home/rootrecord/RootRecord-Ecosystem/1 - Servers/1 - RootRecord-Pacific-Solar-Server/Security/Cameras/grab_all.sh"
2026-09-29T02:37:53-10:00job:security_camera_frame_grab | 02:37:41  📷  a-eyes  ch1 → ch1-20260929T123741Z.jpg  (309.4 KB, 4.26s)
2026-09-29T02:37:53-10:00job:security_camera_frame_grab | 02:37:45  📷  a-eyes  ch2 → ch2-20260929T123745Z.jpg  (343.3 KB, 4.36s)
2026-09-29T02:37:53-10:00job:security_camera_frame_grab | 02:37:49  📷  a-eyes  ch3 → ch3-20260929T123749Z.jpg  (12.0 KB, 1.61s)
2026-09-29T02:37:53-10:00job:security_camera_frame_grab | 02:37:51  📷  a-eyes  ch4 → ch4-20260929T123751Z.jpg  (12.0 KB, 1.73s)
2026-09-29T02:37:53-10:00ENERGY  status=live  B2=78%  B1=0%  solar=0 W  ac=0 W  usbc=29 W  src=/home/rootrecord/RootRecord-Ecosystem/2 - RootRecord-Database/ENERGY
2026-09-29T02:37:54-10:00  ▸  SUMMARY=delta2 soc=78% solar=0W ac_out=0W usbc=29W src=api db=ok
2026-09-29T02:37:54-10:00job:sys_stats_cycle RUN  bash "/home/rootrecord/RootRecord-Ecosystem/1 - Servers/1 - RootRecord-Pacific-Solar-Server/System/scripts/sys-sample.sh"
2026-09-29T02:37:54-10:00job:sys_stats_cycle | SYSTEM  cpu=3%  load=0.57  mem=51%  src=sqlite
2026-09-29T02:37:54-10:00job:sys_stats_cycle | OK wrote /home/rootrecord/RootRecord-Ecosystem/2 - RootRecord-Database/SYSTEM/samples/sys-20260929-023754.json
2026-09-29T02:38:23-10:00job:github_sync_all | ↑ [pacific] committed 1 local file(s)
2026-09-29T02:38:23-10:00job:github_sync_all | ↓ [pacific] fetching origin/main
2026-09-29T02:38:23-10:00job:github_sync_all | From github.com:RootRecord-Software-Solutions/RootRecord-Pacific-Solar-Server
2026-09-29T02:38:23-10:00job:github_sync_all | * branch            main       -> FETCH_HEAD
2026-09-29T02:38:23-10:00job:github_sync_all | ↑ [pacific] local is ahead of GitHub
2026-09-29T02:38:23-10:00job:github_sync_all | To github.com:RootRecord-Software-Solutions/RootRecord-Pacific-Solar-Server.git
2026-09-29T02:38:23-10:00job:github_sync_all | 31fd21e..57d8af5  HEAD -> main
2026-09-29T02:38:23-10:00job:github_sync_all | branch 'main' set up to track 'origin/main'.
2026-09-29T02:38:23-10:00job:github_sync_all | ↑ [pacific] 1 files → RootRecord-Software-Solutions/RootRecord-Pacific-Solar-Server (main)
2026-09-29T02:38:23-10:00job:github_sync_all | ↑ [database] committed 11 local file(s)
2026-09-29T02:38:23-10:00job:github_sync_all | ↓ [database] fetching origin/main
2026-09-29T02:38:23-10:00job:github_sync_all | From github.com:RootRecord-Software-Solutions/RootRecord-Database
2026-09-29T02:38:23-10:00job:github_sync_all | * branch            main       -> FETCH_HEAD
2026-09-29T02:38:23-10:00job:github_sync_all | ↑ [database] local is ahead of GitHub
2026-09-29T02:38:23-10:00job:github_sync_all | To github.com:RootRecord-Software-Solutions/RootRecord-Database.git
2026-09-29T02:38:23-10:00job:github_sync_all | 1c50261..e77dae6  HEAD -> main
2026-09-29T02:38:23-10:00job:github_sync_all | branch 'main' set up to track 'origin/main'.
2026-09-29T02:38:23-10:00job:github_sync_all | ↑ [database] 11 files → RootRecord-Software-Solutions/RootRecord-Database (main)
2026-09-29T02:38:23-10:00job:github_sync_all | — [library] no local changes
2026-09-29T02:38:23-10:00job:github_sync_all | ↓ [library] fetching origin/main
2026-09-29T02:38:23-10:00job:github_sync_all | From github.com:RootRecord-Software-Solutions/RootRecord-Library
2026-09-29T02:38:23-10:00job:github_sync_all | * branch            main       -> FETCH_HEAD
2026-09-29T02:38:23-10:00job:github_sync_all | — [library] local and GitHub already match
2026-09-29T02:38:23-10:00job:github_sync_all | — [library] nothing to push
2026-09-29T02:38:23-10:00job:github_sync_all | — [skills] no local changes
2026-09-29T02:38:23-10:00job:github_sync_all | ↓ [skills] fetching origin/main
2026-09-29T02:38:23-10:00job:github_sync_all | From github.com:rootrecordsoftwaresolutions/Solar-Pacific-RootRecord-Server
2026-09-29T02:38:23-10:00job:github_sync_all | * branch            main       -> FETCH_HEAD
2026-09-29T02:38:23-10:00job:github_sync_all | — [skills] local and GitHub already match
2026-09-29T02:38:23-10:00job:github_sync_all | — [skills] nothing to push
2026-09-29T02:38:23-10:00job:security_camera_frame_grab RUN  bash "/home/rootrecord/RootRecord-Ecosystem/1 - Servers/1 - RootRecord-Pacific-Solar-Server/Security/Cameras/grab_all.sh"
2026-09-29T02:38:35-10:00job:security_camera_frame_grab | 02:38:23  📷  a-eyes  ch1 → ch1-20260929T123823Z.jpg  (308.6 KB, 4.29s)
2026-09-29T02:38:35-10:00job:security_camera_frame_grab | 02:38:27  📷  a-eyes  ch2 → ch2-20260929T123827Z.jpg  (343.3 KB, 4.44s)
2026-09-29T02:38:35-10:00job:security_camera_frame_grab | 02:38:31  📷  a-eyes  ch3 → ch3-20260929T123831Z.jpg  (12.0 KB, 1.52s)
2026-09-29T02:38:35-10:00job:security_camera_frame_grab | 02:38:33  📷  a-eyes  ch4 → ch4-20260929T123833Z.jpg  (12.1 KB, 1.60s)
2026-09-29T02:38:36-10:00  ▸  SUMMARY=river2pro soc=0% solar=0W ac_out=73W usbc=95W src=api db=ok
2026-09-29T02:38:36-10:00job:sys_stats_cycle RUN  bash "/home/rootrecord/RootRecord-Ecosystem/1 - Servers/1 - RootRecord-Pacific-Solar-Server/System/scripts/sys-sample.sh"
2026-09-29T02:38:36-10:00job:sys_stats_cycle | SYSTEM  cpu=3%  load=0.56  mem=53%  src=sqlite
2026-09-29T02:38:36-10:00job:sys_stats_cycle | OK wrote /home/rootrecord/RootRecord-Ecosystem/2 - RootRecord-Database/SYSTEM/samples/sys-20260929-023836.json
2026-09-29T02:39:04-10:00job:github_sync_all | — [pacific] no local changes
2026-09-29T02:39:04-10:00job:github_sync_all | ↓ [pacific] fetching origin/main
2026-09-29T02:39:04-10:00job:github_sync_all | From github.com:RootRecord-Software-Solutions/RootRecord-Pacific-Solar-Server
2026-09-29T02:39:04-10:00job:github_sync_all | * branch            main       -> FETCH_HEAD
2026-09-29T02:39:04-10:00job:github_sync_all | — [pacific] local and GitHub already match
2026-09-29T02:39:04-10:00job:github_sync_all | — [pacific] nothing to push
2026-09-29T02:39:04-10:00job:github_sync_all | ↑ [database] committed 12 local file(s)
2026-09-29T02:39:04-10:00job:github_sync_all | ↓ [database] fetching origin/main
2026-09-29T02:39:04-10:00job:github_sync_all | From github.com:RootRecord-Software-Solutions/RootRecord-Database
2026-09-29T02:39:04-10:00job:github_sync_all | * branch            main       -> FETCH_HEAD
2026-09-29T02:39:04-10:00job:github_sync_all | ↑ [database] local is ahead of GitHub
2026-09-29T02:39:04-10:00job:github_sync_all | To github.com:RootRecord-Software-Solutions/RootRecord-Database.git
2026-09-29T02:39:04-10:00job:github_sync_all | e77dae6..e6919e2  HEAD -> main
2026-09-29T02:39:04-10:00job:github_sync_all | branch 'main' set up to track 'origin/main'.
2026-09-29T02:39:04-10:00job:github_sync_all | ↑ [database] 12 files → RootRecord-Software-Solutions/RootRecord-Database (main)
2026-09-29T02:39:04-10:00job:github_sync_all | — [library] no local changes
2026-09-29T02:39:04-10:00job:github_sync_all | ↓ [library] fetching origin/main
2026-09-29T02:39:04-10:00job:github_sync_all | From github.com:RootRecord-Software-Solutions/RootRecord-Library
2026-09-29T02:39:04-10:00job:github_sync_all | * branch            main       -> FETCH_HEAD
2026-09-29T02:39:04-10:00job:github_sync_all | — [library] local and GitHub already match
2026-09-29T02:39:04-10:00job:github_sync_all | — [library] nothing to push
2026-09-29T02:39:04-10:00job:github_sync_all | — [skills] no local changes
2026-09-29T02:39:04-10:00job:github_sync_all | ↓ [skills] fetching origin/main
2026-09-29T02:39:04-10:00job:github_sync_all | From github.com:rootrecordsoftwaresolutions/Solar-Pacific-RootRecord-Server
2026-09-29T02:39:04-10:00job:github_sync_all | * branch            main       -> FETCH_HEAD
2026-09-29T02:39:04-10:00job:github_sync_all | — [skills] local and GitHub already match
2026-09-29T02:39:04-10:00job:github_sync_all | — [skills] nothing to push
2026-09-29T02:39:04-10:00job:worklog_scan RUN  bash "/home/rootrecord/RootRecord-Ecosystem/1 - Servers/1 - RootRecord-Pacific-Solar-Server/Reports/scripts/worklog_once.sh"
2026-09-29T02:39:08-10:00job:worklog_scan | OK wrote/updated /home/rootrecord/RootRecord-Ecosystem/2 - RootRecord-Database/WORKLOG/worklog_current.md
2026-09-29T02:39:08-10:00job:security_camera_frame_grab RUN  bash "/home/rootrecord/RootRecord-Ecosystem/1 - Servers/1 - RootRecord-Pacific-Solar-Server/Security/Cameras/grab_all.sh"
2026-09-29T02:39:20-10:00job:security_camera_frame_grab | 02:39:08  📷  a-eyes  ch1 → ch1-20260929T123908Z.jpg  (308.1 KB, 4.23s)
2026-09-29T02:39:20-10:00job:security_camera_frame_grab | 02:39:12  📷  a-eyes  ch2 → ch2-20260929T123912Z.jpg  (343.0 KB, 4.38s)
2026-09-29T02:39:20-10:00job:security_camera_frame_grab | 02:39:17  📷  a-eyes  ch3 → ch3-20260929T123917Z.jpg  (12.0 KB, 1.61s)
2026-09-29T02:39:20-10:00job:security_camera_frame_grab | 02:39:18  📷  a-eyes  ch4 → ch4-20260929T123918Z.jpg  (12.0 KB, 1.58s)
2026-09-29T02:39:20-10:00ENERGY  status=live  B2=78%  B1=0%  solar=0 W  ac=0 W  usbc=29 W  src=/home/rootrecord/RootRecord-Ecosystem/2 - RootRecord-Database/ENERGY
2026-09-29T02:39:21-10:00  ▸  SUMMARY=delta2 soc=78% solar=0W ac_out=0W usbc=29W src=api db=ok
2026-09-29T02:39:21-10:00job:sys_stats_cycle RUN  bash "/home/rootrecord/RootRecord-Ecosystem/1 - Servers/1 - RootRecord-Pacific-Solar-Server/System/scripts/sys-sample.sh"
2026-09-29T02:39:22-10:00job:sys_stats_cycle | SYSTEM  cpu=4%  load=0.83  mem=53%  src=sqlite
2026-09-29T02:39:22-10:00job:sys_stats_cycle | OK wrote /home/rootrecord/RootRecord-Ecosystem/2 - RootRecord-Database/SYSTEM/samples/sys-20260929-023921.json
2026-09-29T02:39:46-10:00job:github_sync_all | — [pacific] no local changes
2026-09-29T02:39:46-10:00job:github_sync_all | ↓ [pacific] fetching origin/main
2026-09-29T02:39:46-10:00job:github_sync_all | From github.com:RootRecord-Software-Solutions/RootRecord-Pacific-Solar-Server
2026-09-29T02:39:46-10:00job:github_sync_all | * branch            main       -> FETCH_HEAD
2026-09-29T02:39:46-10:00job:github_sync_all | — [pacific] local and GitHub already match
2026-09-29T02:39:46-10:00job:github_sync_all | — [pacific] nothing to push
2026-09-29T02:39:46-10:00job:github_sync_all | ↑ [database] committed 15 local file(s)
2026-09-29T02:39:46-10:00job:github_sync_all | ↓ [database] fetching origin/main
2026-09-29T02:39:46-10:00job:github_sync_all | From github.com:RootRecord-Software-Solutions/RootRecord-Database
2026-09-29T02:39:46-10:00job:github_sync_all | * branch            main       -> FETCH_HEAD
2026-09-29T02:39:46-10:00job:github_sync_all | ↑ [database] local is ahead of GitHub
2026-09-29T02:39:46-10:00job:github_sync_all | To github.com:RootRecord-Software-Solutions/RootRecord-Database.git
2026-09-29T02:39:46-10:00job:github_sync_all | e6919e2..d7f682f  HEAD -> main
2026-09-29T02:39:46-10:00job:github_sync_all | branch 'main' set up to track 'origin/main'.
2026-09-29T02:39:46-10:00job:github_sync_all | ↑ [database] 15 files → RootRecord-Software-Solutions/RootRecord-Database (main)
2026-09-29T02:39:46-10:00job:github_sync_all | — [library] no local changes
2026-09-29T02:39:46-10:00job:github_sync_all | ↓ [library] fetching origin/main
2026-09-29T02:39:46-10:00job:github_sync_all | From github.com:RootRecord-Software-Solutions/RootRecord-Library
2026-09-29T02:39:46-10:00job:github_sync_all | * branch            main       -> FETCH_HEAD
2026-09-29T02:39:46-10:00job:github_sync_all | — [library] local and GitHub already match
2026-09-29T02:39:46-10:00job:github_sync_all | — [library] nothing to push
2026-09-29T02:39:46-10:00job:github_sync_all | — [skills] no local changes
2026-09-29T02:39:46-10:00job:github_sync_all | ↓ [skills] fetching origin/main
2026-09-29T02:39:46-10:00job:github_sync_all | From github.com:rootrecordsoftwaresolutions/Solar-Pacific-RootRecord-Server
2026-09-29T02:39:46-10:00job:github_sync_all | * branch            main       -> FETCH_HEAD
2026-09-29T02:39:46-10:00job:github_sync_all | — [skills] local and GitHub already match
2026-09-29T02:39:46-10:00job:github_sync_all | — [skills] nothing to push
2026-09-29T02:39:46-10:00job:security_camera_frame_grab RUN  bash "/home/rootrecord/RootRecord-Ecosystem/1 - Servers/1 - RootRecord-Pacific-Solar-Server/Security/Cameras/grab_all.sh"
2026-09-29T02:39:57-10:00job:security_camera_frame_grab | 02:39:46  📷  a-eyes  ch1 → ch1-20260929T123946Z.jpg  (308.0 KB, 4.13s)
2026-09-29T02:39:57-10:00job:security_camera_frame_grab | 02:39:50  📷  a-eyes  ch2 → ch2-20260929T123950Z.jpg  (343.4 KB, 4.40s)
2026-09-29T02:39:57-10:00job:security_camera_frame_grab | 02:39:54  📷  a-eyes  ch3 → ch3-20260929T123954Z.jpg  (12.1 KB, 1.65s)
2026-09-29T02:39:57-10:00job:security_camera_frame_grab | 02:39:56  📷  a-eyes  ch4 → ch4-20260929T123956Z.jpg  (12.1 KB, 1.57s)
2026-09-29T02:39:58-10:00  ▸  SUMMARY=river2pro soc=0% solar=0W ac_out=73W usbc=95W src=api db=ok
2026-09-29T02:39:58-10:00job:sys_stats_cycle RUN  bash "/home/rootrecord/RootRecord-Ecosystem/1 - Servers/1 - RootRecord-Pacific-Solar-Server/System/scripts/sys-sample.sh"
2026-09-29T02:39:59-10:00job:sys_stats_cycle | SYSTEM  cpu=2%  load=1.05  mem=55%  src=sqlite
2026-09-29T02:39:59-10:00job:sys_stats_cycle | OK wrote /home/rootrecord/RootRecord-Ecosystem/2 - RootRecord-Database/SYSTEM/samples/sys-20260929-023959.json
2026-09-29T02:40:23-10:00job:github_sync_all | — [pacific] no local changes
2026-09-29T02:40:23-10:00job:github_sync_all | ↓ [pacific] fetching origin/main
2026-09-29T02:40:23-10:00job:github_sync_all | From github.com:RootRecord-Software-Solutions/RootRecord-Pacific-Solar-Server
2026-09-29T02:40:23-10:00job:github_sync_all | * branch            main       -> FETCH_HEAD
2026-09-29T02:40:23-10:00job:github_sync_all | — [pacific] local and GitHub already match
2026-09-29T02:40:23-10:00job:github_sync_all | — [pacific] nothing to push
2026-09-29T02:40:23-10:00job:github_sync_all | ↑ [database] committed 11 local file(s)
2026-09-29T02:40:23-10:00job:github_sync_all | ↓ [database] fetching origin/main
2026-09-29T02:40:23-10:00job:github_sync_all | From github.com:RootRecord-Software-Solutions/RootRecord-Database
2026-09-29T02:40:23-10:00job:github_sync_all | * branch            main       -> FETCH_HEAD
2026-09-29T02:40:23-10:00job:github_sync_all | ↑ [database] local is ahead of GitHub
2026-09-29T02:40:23-10:00job:github_sync_all | To github.com:RootRecord-Software-Solutions/RootRecord-Database.git
2026-09-29T02:40:23-10:00job:github_sync_all | d7f682f..4817f77  HEAD -> main
2026-09-29T02:40:23-10:00job:github_sync_all | branch 'main' set up to track 'origin/main'.
2026-09-29T02:40:23-10:00job:github_sync_all | ↑ [database] 11 files → RootRecord-Software-Solutions/RootRecord-Database (main)
2026-09-29T02:40:23-10:00job:github_sync_all | — [library] no local changes
2026-09-29T02:40:23-10:00job:github_sync_all | ↓ [library] fetching origin/main
2026-09-29T02:40:23-10:00job:github_sync_all | From github.com:RootRecord-Software-Solutions/RootRecord-Library
2026-09-29T02:40:23-10:00job:github_sync_all | * branch            main       -> FETCH_HEAD
2026-09-29T02:40:23-10:00job:github_sync_all | — [library] local and GitHub already match
2026-09-29T02:40:23-10:00job:github_sync_all | — [library] nothing to push
2026-09-29T02:40:23-10:00job:github_sync_all | — [skills] no local changes
2026-09-29T02:40:23-10:00job:github_sync_all | ↓ [skills] fetching origin/main
2026-09-29T02:40:23-10:00job:github_sync_all | From github.com:rootrecordsoftwaresolutions/Solar-Pacific-RootRecord-Server
2026-09-29T02:40:23-10:00job:github_sync_all | * branch            main       -> FETCH_HEAD
2026-09-29T02:40:23-10:00job:github_sync_all | — [skills] local and GitHub already match
2026-09-29T02:40:23-10:00job:github_sync_all | — [skills] nothing to push
2026-09-29T02:40:23-10:00job:security_camera_frame_grab RUN  bash "/home/rootrecord/RootRecord-Ecosystem/1 - Servers/1 - RootRecord-Pacific-Solar-Server/Security/Cameras/grab_all.sh"
2026-09-29T02:40:35-10:00job:security_camera_frame_grab | 02:40:23  📷  a-eyes  ch1 → ch1-20260929T124023Z.jpg  (307.6 KB, 4.35s)
2026-09-29T02:40:35-10:00job:security_camera_frame_grab | 02:40:27  📷  a-eyes  ch2 → ch2-20260929T124027Z.jpg  (342.3 KB, 4.25s)
2026-09-29T02:40:35-10:00job:security_camera_frame_grab | 02:40:32  📷  a-eyes  ch3 → ch3-20260929T124032Z.jpg  (12.0 KB, 1.56s)
2026-09-29T02:40:35-10:00job:security_camera_frame_grab | 02:40:33  📷  a-eyes  ch4 → ch4-20260929T124033Z.jpg  (12.1 KB, 1.70s)
2026-09-29T02:40:35-10:00ENERGY  status=live  B2=78%  B1=0%  solar=0 W  ac=0 W  usbc=29 W  src=/home/rootrecord/RootRecord-Ecosystem/2 - RootRecord-Database/ENERGY
2026-09-29T02:40:36-10:00  ▸  SUMMARY=river2pro soc=0% solar=0W ac_out=73W usbc=95W src=api db=ok
2026-09-29T02:40:36-10:00job:sys_stats_cycle RUN  bash "/home/rootrecord/RootRecord-Ecosystem/1 - Servers/1 - RootRecord-Pacific-Solar-Server/System/scripts/sys-sample.sh"
2026-09-29T02:40:37-10:00job:sys_stats_cycle | SYSTEM  cpu=4%  load=0.74  mem=54%  src=sqlite
2026-09-29T02:40:37-10:00job:sys_stats_cycle | OK wrote /home/rootrecord/RootRecord-Ecosystem/2 - RootRecord-Database/SYSTEM/samples/sys-20260929-024037.json
2026-09-29T02:41:00-10:00job:github_sync_all | — [pacific] no local changes
2026-09-29T02:41:00-10:00job:github_sync_all | ↓ [pacific] fetching origin/main
2026-09-29T02:41:00-10:00job:github_sync_all | From github.com:RootRecord-Software-Solutions/RootRecord-Pacific-Solar-Server
2026-09-29T02:41:00-10:00job:github_sync_all | * branch            main       -> FETCH_HEAD
2026-09-29T02:41:00-10:00job:github_sync_all | — [pacific] local and GitHub already match
2026-09-29T02:41:00-10:00job:github_sync_all | — [pacific] nothing to push
2026-09-29T02:41:00-10:00job:github_sync_all | ↑ [database] committed 13 local file(s)
2026-09-29T02:41:00-10:00job:github_sync_all | ↓ [database] fetching origin/main
2026-09-29T02:41:00-10:00job:github_sync_all | From github.com:RootRecord-Software-Solutions/RootRecord-Database
2026-09-29T02:41:00-10:00job:github_sync_all | * branch            main       -> FETCH_HEAD
2026-09-29T02:41:00-10:00job:github_sync_all | ↑ [database] local is ahead of GitHub
2026-09-29T02:41:00-10:00job:github_sync_all | To github.com:RootRecord-Software-Solutions/RootRecord-Database.git
2026-09-29T02:41:00-10:00job:github_sync_all | 4817f77..4a85c51  HEAD -> main
2026-09-29T02:41:00-10:00job:github_sync_all | branch 'main' set up to track 'origin/main'.
2026-09-29T02:41:00-10:00job:github_sync_all | ↑ [database] 13 files → RootRecord-Software-Solutions/RootRecord-Database (main)
2026-09-29T02:41:00-10:00job:github_sync_all | — [library] no local changes
2026-09-29T02:41:00-10:00job:github_sync_all | ↓ [library] fetching origin/main
2026-09-29T02:41:00-10:00job:github_sync_all | From github.com:RootRecord-Software-Solutions/RootRecord-Library
2026-09-29T02:41:00-10:00job:github_sync_all | * branch            main       -> FETCH_HEAD
2026-09-29T02:41:00-10:00job:github_sync_all | — [library] local and GitHub already match
2026-09-29T02:41:00-10:00job:github_sync_all | — [library] nothing to push
2026-09-29T02:41:00-10:00job:github_sync_all | — [skills] no local changes
2026-09-29T02:41:00-10:00job:github_sync_all | ↓ [skills] fetching origin/main
2026-09-29T02:41:00-10:00job:github_sync_all | From github.com:rootrecordsoftwaresolutions/Solar-Pacific-RootRecord-Server
2026-09-29T02:41:00-10:00job:github_sync_all | * branch            main       -> FETCH_HEAD
2026-09-29T02:41:00-10:00job:github_sync_all | — [skills] local and GitHub already match
2026-09-29T02:41:00-10:00job:github_sync_all | — [skills] nothing to push
2026-09-29T02:41:00-10:00job:worklog_scan RUN  bash "/home/rootrecord/RootRecord-Ecosystem/1 - Servers/1 - RootRecord-Pacific-Solar-Server/Reports/scripts/worklog_once.sh"
2026-09-29T02:41:03-10:00job:worklog_scan | OK wrote/updated /home/rootrecord/RootRecord-Ecosystem/2 - RootRecord-Database/WORKLOG/worklog_current.md
2026-09-29T02:41:03-10:00job:security_camera_frame_grab RUN  bash "/home/rootrecord/RootRecord-Ecosystem/1 - Servers/1 - RootRecord-Pacific-Solar-Server/Security/Cameras/grab_all.sh"
2026-09-29T02:41:15-10:00job:security_camera_frame_grab | 02:41:03  📷  a-eyes  ch1 → ch1-20260929T124103Z.jpg  (308.7 KB, 4.37s)
2026-09-29T02:41:15-10:00job:security_camera_frame_grab | 02:41:08  📷  a-eyes  ch2 → ch2-20260929T124108Z.jpg  (342.2 KB, 4.38s)
2026-09-29T02:41:15-10:00job:security_camera_frame_grab | 02:41:12  📷  a-eyes  ch3 → ch3-20260929T124112Z.jpg  (11.9 KB, 1.71s)
2026-09-29T02:41:15-10:00job:security_camera_frame_grab | 02:41:14  📷  a-eyes  ch4 → ch4-20260929T124114Z.jpg  (11.9 KB, 1.55s)
2026-09-29T02:41:16-10:00  ▸  SUMMARY=river2pro soc=0% solar=0W ac_out=73W usbc=95W src=api db=ok
2026-09-29T02:41:16-10:00job:sys_stats_cycle RUN  bash "/home/rootrecord/RootRecord-Ecosystem/1 - Servers/1 - RootRecord-Pacific-Solar-Server/System/scripts/sys-sample.sh"
2026-09-29T02:41:17-10:00job:sys_stats_cycle | SYSTEM  cpu=8%  load=0.50  mem=55%  src=sqlite
2026-09-29T02:41:17-10:00job:sys_stats_cycle | OK wrote /home/rootrecord/RootRecord-Ecosystem/2 - RootRecord-Database/SYSTEM/samples/sys-20260929-024117.json
2026-09-29T02:41:41-10:00job:github_sync_all | — [pacific] no local changes
2026-09-29T02:41:41-10:00job:github_sync_all | ↓ [pacific] fetching origin/main
2026-09-29T02:41:41-10:00job:github_sync_all | From github.com:RootRecord-Software-Solutions/RootRecord-Pacific-Solar-Server
2026-09-29T02:41:41-10:00job:github_sync_all | * branch            main       -> FETCH_HEAD
2026-09-29T02:41:41-10:00job:github_sync_all | — [pacific] local and GitHub already match
2026-09-29T02:41:41-10:00job:github_sync_all | — [pacific] nothing to push
2026-09-29T02:41:41-10:00job:github_sync_all | ↑ [database] committed 15 local file(s)
2026-09-29T02:41:41-10:00job:github_sync_all | ↓ [database] fetching origin/main
2026-09-29T02:41:41-10:00job:github_sync_all | From github.com:RootRecord-Software-Solutions/RootRecord-Database
2026-09-29T02:41:41-10:00job:github_sync_all | * branch            main       -> FETCH_HEAD
2026-09-29T02:41:41-10:00job:github_sync_all | ↑ [database] local is ahead of GitHub
2026-09-29T02:41:41-10:00job:github_sync_all | To github.com:RootRecord-Software-Solutions/RootRecord-Database.git
2026-09-29T02:41:41-10:00job:github_sync_all | 4a85c51..265794b  HEAD -> main
2026-09-29T02:41:41-10:00job:github_sync_all | branch 'main' set up to track 'origin/main'.
2026-09-29T02:41:41-10:00job:github_sync_all | ↑ [database] 15 files → RootRecord-Software-Solutions/RootRecord-Database (main)
2026-09-29T02:41:41-10:00job:github_sync_all | — [library] no local changes
2026-09-29T02:41:41-10:00job:github_sync_all | ↓ [library] fetching origin/main
2026-09-29T02:41:41-10:00job:github_sync_all | From github.com:RootRecord-Software-Solutions/RootRecord-Library
2026-09-29T02:41:41-10:00job:github_sync_all | * branch            main       -> FETCH_HEAD
2026-09-29T02:41:41-10:00job:github_sync_all | — [library] local and GitHub already match
2026-09-29T02:41:41-10:00job:github_sync_all | — [library] nothing to push
2026-09-29T02:41:41-10:00job:github_sync_all | — [skills] no local changes
2026-09-29T02:41:41-10:00job:github_sync_all | ↓ [skills] fetching origin/main
2026-09-29T02:41:41-10:00job:github_sync_all | From github.com:rootrecordsoftwaresolutions/Solar-Pacific-RootRecord-Server
2026-09-29T02:41:41-10:00job:github_sync_all | * branch            main       -> FETCH_HEAD
2026-09-29T02:41:41-10:00job:github_sync_all | — [skills] local and GitHub already match
2026-09-29T02:41:41-10:00job:github_sync_all | — [skills] nothing to push
2026-09-29T02:41:41-10:00job:security_camera_frame_grab RUN  bash "/home/rootrecord/RootRecord-Ecosystem/1 - Servers/1 - RootRecord-Pacific-Solar-Server/Security/Cameras/grab_all.sh"
2026-09-29T02:41:53-10:00job:security_camera_frame_grab | 02:41:41  📷  a-eyes  ch1 → ch1-20260929T124141Z.jpg  (308.6 KB, 4.36s)
2026-09-29T02:41:53-10:00job:security_camera_frame_grab | 02:41:45  📷  a-eyes  ch2 → ch2-20260929T124145Z.jpg  (342.3 KB, 4.36s)
2026-09-29T02:41:53-10:00job:security_camera_frame_grab | 02:41:50  📷  a-eyes  ch3 → ch3-20260929T124150Z.jpg  (11.9 KB, 1.51s)
2026-09-29T02:41:53-10:00job:security_camera_frame_grab | 02:41:51  📷  a-eyes  ch4 → ch4-20260929T124151Z.jpg  (11.9 KB, 1.62s)
2026-09-29T02:41:53-10:00ENERGY  status=live  B2=78%  B1=0%  solar=0 W  ac=0 W  usbc=29 W  src=/home/rootrecord/RootRecord-Ecosystem/2 - RootRecord-Database/ENERGY
2026-09-29T02:41:54-10:00  ▸  SUMMARY=delta2 soc=78% solar=0W ac_out=0W usbc=29W src=api db=ok
2026-09-29T02:41:54-10:00job:sys_stats_cycle RUN  bash "/home/rootrecord/RootRecord-Ecosystem/1 - Servers/1 - RootRecord-Pacific-Solar-Server/System/scripts/sys-sample.sh"
2026-09-29T02:41:55-10:00job:sys_stats_cycle | SYSTEM  cpu=8%  load=0.54  mem=55%  src=sqlite
2026-09-29T02:41:55-10:00job:sys_stats_cycle | OK wrote /home/rootrecord/RootRecord-Ecosystem/2 - RootRecord-Database/SYSTEM/samples/sys-20260929-024155.json
2026-09-29T02:42:22-10:00job:github_sync_all | — [pacific] no local changes
2026-09-29T02:42:22-10:00job:github_sync_all | ↓ [pacific] fetching origin/main
2026-09-29T02:42:22-10:00job:github_sync_all | From github.com:RootRecord-Software-Solutions/RootRecord-Pacific-Solar-Server
2026-09-29T02:42:22-10:00job:github_sync_all | * branch            main       -> FETCH_HEAD
2026-09-29T02:42:22-10:00job:github_sync_all | — [pacific] local and GitHub already match
2026-09-29T02:42:22-10:00job:github_sync_all | — [pacific] nothing to push
2026-09-29T02:42:22-10:00job:github_sync_all | ↑ [database] committed 11 local file(s)
2026-09-29T02:42:22-10:00job:github_sync_all | ↓ [database] fetching origin/main
2026-09-29T02:42:22-10:00job:github_sync_all | From github.com:RootRecord-Software-Solutions/RootRecord-Database
2026-09-29T02:42:22-10:00job:github_sync_all | * branch            main       -> FETCH_HEAD
2026-09-29T02:42:22-10:00job:github_sync_all | ↑ [database] local is ahead of GitHub
2026-09-29T02:42:22-10:00job:github_sync_all | To github.com:RootRecord-Software-Solutions/RootRecord-Database.git
2026-09-29T02:42:22-10:00job:github_sync_all | 265794b..8fa8bb8  HEAD -> main
2026-09-29T02:42:22-10:00job:github_sync_all | branch 'main' set up to track 'origin/main'.
2026-09-29T02:42:22-10:00job:github_sync_all | ↑ [database] 11 files → RootRecord-Software-Solutions/RootRecord-Database (main)
2026-09-29T02:42:22-10:00job:github_sync_all | — [library] no local changes
2026-09-29T02:42:22-10:00job:github_sync_all | ↓ [library] fetching origin/main
2026-09-29T02:42:22-10:00job:github_sync_all | From github.com:RootRecord-Software-Solutions/RootRecord-Library
2026-09-29T02:42:22-10:00job:github_sync_all | * branch            main       -> FETCH_HEAD
2026-09-29T02:42:22-10:00job:github_sync_all | — [library] local and GitHub already match
2026-09-29T02:42:22-10:00job:github_sync_all | — [library] nothing to push
2026-09-29T02:42:22-10:00job:github_sync_all | — [skills] no local changes
2026-09-29T02:42:22-10:00job:github_sync_all | ↓ [skills] fetching origin/main
2026-09-29T02:42:22-10:00job:github_sync_all | From github.com:rootrecordsoftwaresolutions/Solar-Pacific-RootRecord-Server
2026-09-29T02:42:22-10:00job:github_sync_all | * branch            main       -> FETCH_HEAD
2026-09-29T02:42:22-10:00job:github_sync_all | — [skills] local and GitHub already match
2026-09-29T02:42:22-10:00job:github_sync_all | — [skills] nothing to push
2026-09-29T02:42:22-10:00job:security_camera_frame_grab RUN  bash "/home/rootrecord/RootRecord-Ecosystem/1 - Servers/1 - RootRecord-Pacific-Solar-Server/Security/Cameras/grab_all.sh"
2026-09-29T02:42:34-10:00job:security_camera_frame_grab | 02:42:22  📷  a-eyes  ch1 → ch1-20260929T124222Z.jpg  (309.8 KB, 4.44s)
2026-09-29T02:42:34-10:00job:security_camera_frame_grab | 02:42:26  📷  a-eyes  ch2 → ch2-20260929T124226Z.jpg  (342.3 KB, 4.38s)
2026-09-29T02:42:34-10:00job:security_camera_frame_grab | 02:42:31  📷  a-eyes  ch3 → ch3-20260929T124231Z.jpg  (12.0 KB, 1.60s)
2026-09-29T02:42:34-10:00job:security_camera_frame_grab | 02:42:32  📷  a-eyes  ch4 → ch4-20260929T124232Z.jpg  (12.1 KB, 1.51s)
2026-09-29T02:42:35-10:00  ▸  SUMMARY=delta2 soc=78% solar=0W ac_out=0W usbc=29W src=api db=ok
2026-09-29T02:42:35-10:00job:sys_stats_cycle RUN  bash "/home/rootrecord/RootRecord-Ecosystem/1 - Servers/1 - RootRecord-Pacific-Solar-Server/System/scripts/sys-sample.sh"
2026-09-29T02:42:35-10:00job:sys_stats_cycle | SYSTEM  cpu=11%  load=0.59  mem=55%  src=sqlite
2026-09-29T02:42:35-10:00job:sys_stats_cycle | OK wrote /home/rootrecord/RootRecord-Ecosystem/2 - RootRecord-Database/SYSTEM/samples/sys-20260929-024235.json
2026-09-29T02:42:58-10:00job:github_sync_all | — [pacific] no local changes
2026-09-29T02:42:58-10:00job:github_sync_all | ↓ [pacific] fetching origin/main
2026-09-29T02:42:58-10:00job:github_sync_all | From github.com:RootRecord-Software-Solutions/RootRecord-Pacific-Solar-Server
2026-09-29T02:42:58-10:00job:github_sync_all | * branch            main       -> FETCH_HEAD
2026-09-29T02:42:58-10:00job:github_sync_all | — [pacific] local and GitHub already match
2026-09-29T02:42:58-10:00job:github_sync_all | — [pacific] nothing to push
2026-09-29T02:42:58-10:00job:github_sync_all | ↑ [database] committed 12 local file(s)
2026-09-29T02:42:58-10:00job:github_sync_all | ↓ [database] fetching origin/main
2026-09-29T02:42:58-10:00job:github_sync_all | From github.com:RootRecord-Software-Solutions/RootRecord-Database
2026-09-29T02:42:58-10:00job:github_sync_all | * branch            main       -> FETCH_HEAD
2026-09-29T02:42:58-10:00job:github_sync_all | ↑ [database] local is ahead of GitHub
2026-09-29T02:42:58-10:00job:github_sync_all | To github.com:RootRecord-Software-Solutions/RootRecord-Database.git
2026-09-29T02:42:58-10:00job:github_sync_all | 8fa8bb8..35a8ef8  HEAD -> main
2026-09-29T02:42:58-10:00job:github_sync_all | branch 'main' set up to track 'origin/main'.
2026-09-29T02:42:58-10:00job:github_sync_all | ↑ [database] 12 files → RootRecord-Software-Solutions/RootRecord-Database (main)
2026-09-29T02:42:58-10:00job:github_sync_all | — [library] no local changes
2026-09-29T02:42:58-10:00job:github_sync_all | ↓ [library] fetching origin/main
2026-09-29T02:42:58-10:00job:github_sync_all | From github.com:RootRecord-Software-Solutions/RootRecord-Library
2026-09-29T02:42:58-10:00job:github_sync_all | * branch            main       -> FETCH_HEAD
2026-09-29T02:42:58-10:00job:github_sync_all | — [library] local and GitHub already match
2026-09-29T02:42:58-10:00job:github_sync_all | — [library] nothing to push
2026-09-29T02:42:58-10:00job:github_sync_all | — [skills] no local changes
2026-09-29T02:42:58-10:00job:github_sync_all | ↓ [skills] fetching origin/main
2026-09-29T02:42:58-10:00job:github_sync_all | From github.com:rootrecordsoftwaresolutions/Solar-Pacific-RootRecord-Server
2026-09-29T02:42:58-10:00job:github_sync_all | * branch            main       -> FETCH_HEAD
2026-09-29T02:42:58-10:00job:github_sync_all | — [skills] local and GitHub already match
2026-09-29T02:42:58-10:00job:github_sync_all | — [skills] nothing to push
2026-09-29T02:42:58-10:00job:worklog_scan RUN  bash "/home/rootrecord/RootRecord-Ecosystem/1 - Servers/1 - RootRecord-Pacific-Solar-Server/Reports/scripts/worklog_once.sh"
2026-09-29T02:43:02-10:00job:worklog_scan | OK wrote/updated /home/rootrecord/RootRecord-Ecosystem/2 - RootRecord-Database/WORKLOG/worklog_current.md
2026-09-29T02:43:02-10:00job:security_camera_frame_grab RUN  bash "/home/rootrecord/RootRecord-Ecosystem/1 - Servers/1 - RootRecord-Pacific-Solar-Server/Security/Cameras/grab_all.sh"
2026-09-29T02:43:14-10:00job:security_camera_frame_grab | 02:43:02  📷  a-eyes  ch1 → ch1-20260929T124302Z.jpg  (307.2 KB, 4.34s)
2026-09-29T02:43:14-10:00job:security_camera_frame_grab | 02:43:06  📷  a-eyes  ch2 → ch2-20260929T124306Z.jpg  (343.1 KB, 4.44s)
2026-09-29T02:43:14-10:00job:security_camera_frame_grab | 02:43:11  📷  a-eyes  ch3 → ch3-20260929T124311Z.jpg  (12.0 KB, 1.47s)
2026-09-29T02:43:14-10:00job:security_camera_frame_grab | 02:43:12  📷  a-eyes  ch4 → ch4-20260929T124312Z.jpg  (12.0 KB, 1.53s)
2026-09-29T02:43:14-10:00ENERGY  status=live  B2=78%  B1=0%  solar=0 W  ac=0 W  usbc=29 W  src=/home/rootrecord/RootRecord-Ecosystem/2 - RootRecord-Database/ENERGY
2026-09-29T02:43:16-10:00  ▸  SUMMARY=delta2 soc=78% solar=0W ac_out=0W usbc=29W src=api db=ok
2026-09-29T02:43:16-10:00job:sys_stats_cycle RUN  bash "/home/rootrecord/RootRecord-Ecosystem/1 - Servers/1 - RootRecord-Pacific-Solar-Server/System/scripts/sys-sample.sh"
2026-09-29T02:43:16-10:00job:sys_stats_cycle | SYSTEM  cpu=9%  load=1.10  mem=55%  src=sqlite
2026-09-29T02:43:16-10:00job:sys_stats_cycle | OK wrote /home/rootrecord/RootRecord-Ecosystem/2 - RootRecord-Database/SYSTEM/samples/sys-20260929-024316.json
2026-09-29T02:43:41-10:00job:github_sync_all | — [pacific] no local changes
2026-09-29T02:43:41-10:00job:github_sync_all | ↓ [pacific] fetching origin/main
2026-09-29T02:43:41-10:00job:github_sync_all | From github.com:RootRecord-Software-Solutions/RootRecord-Pacific-Solar-Server
2026-09-29T02:43:41-10:00job:github_sync_all | * branch            main       -> FETCH_HEAD
2026-09-29T02:43:41-10:00job:github_sync_all | — [pacific] local and GitHub already match
2026-09-29T02:43:41-10:00job:github_sync_all | — [pacific] nothing to push
2026-09-29T02:43:41-10:00job:github_sync_all | ↑ [database] committed 15 local file(s)
2026-09-29T02:43:41-10:00job:github_sync_all | ↓ [database] fetching origin/main
2026-09-29T02:43:41-10:00job:github_sync_all | From github.com:RootRecord-Software-Solutions/RootRecord-Database
2026-09-29T02:43:41-10:00job:github_sync_all | * branch            main       -> FETCH_HEAD
2026-09-29T02:43:41-10:00job:github_sync_all | ↑ [database] local is ahead of GitHub
2026-09-29T02:43:41-10:00job:github_sync_all | To github.com:RootRecord-Software-Solutions/RootRecord-Database.git
2026-09-29T02:43:41-10:00job:github_sync_all | 35a8ef8..584af89  HEAD -> main
2026-09-29T02:43:41-10:00job:github_sync_all | branch 'main' set up to track 'origin/main'.
2026-09-29T02:43:41-10:00job:github_sync_all | ↑ [database] 15 files → RootRecord-Software-Solutions/RootRecord-Database (main)
2026-09-29T02:43:41-10:00job:github_sync_all | — [library] no local changes
2026-09-29T02:43:41-10:00job:github_sync_all | ↓ [library] fetching origin/main
2026-09-29T02:43:41-10:00job:github_sync_all | From github.com:RootRecord-Software-Solutions/RootRecord-Library
2026-09-29T02:43:41-10:00job:github_sync_all | * branch            main       -> FETCH_HEAD
2026-09-29T02:43:41-10:00job:github_sync_all | — [library] local and GitHub already match
2026-09-29T02:43:41-10:00job:github_sync_all | — [library] nothing to push
2026-09-29T02:43:41-10:00job:github_sync_all | — [skills] no local changes
2026-09-29T02:43:41-10:00job:github_sync_all | ↓ [skills] fetching origin/main
2026-09-29T02:43:41-10:00job:github_sync_all | From github.com:rootrecordsoftwaresolutions/Solar-Pacific-RootRecord-Server
2026-09-29T02:43:41-10:00job:github_sync_all | * branch            main       -> FETCH_HEAD
2026-09-29T02:43:41-10:00job:github_sync_all | — [skills] local and GitHub already match
2026-09-29T02:43:41-10:00job:github_sync_all | — [skills] nothing to push
2026-09-29T02:43:41-10:00job:security_camera_frame_grab RUN  bash "/home/rootrecord/RootRecord-Ecosystem/1 - Servers/1 - RootRecord-Pacific-Solar-Server/Security/Cameras/grab_all.sh"
2026-09-29T02:43:54-10:00job:security_camera_frame_grab | 02:43:41  📷  a-eyes  ch1 → ch1-20260929T124341Z.jpg  (308.5 KB, 4.53s)
2026-09-29T02:43:54-10:00job:security_camera_frame_grab | 02:43:46  📷  a-eyes  ch2 → ch2-20260929T124346Z.jpg  (343.2 KB, 4.61s)
2026-09-29T02:43:54-10:00job:security_camera_frame_grab | 02:43:50  📷  a-eyes  ch3 → ch3-20260929T124350Z.jpg  (12.0 KB, 1.50s)
2026-09-29T02:43:54-10:00job:security_camera_frame_grab | 02:43:52  📷  a-eyes  ch4 → ch4-20260929T124352Z.jpg  (12.0 KB, 2.02s)
2026-09-29T02:43:56-10:00  ▸  SUMMARY=delta2 soc=78% solar=0W ac_out=0W usbc=29W src=api db=ok
2026-09-29T02:43:56-10:00job:sys_stats_cycle RUN  bash "/home/rootrecord/RootRecord-Ecosystem/1 - Servers/1 - RootRecord-Pacific-Solar-Server/System/scripts/sys-sample.sh"
2026-09-29T02:43:56-10:00job:sys_stats_cycle | SYSTEM  cpu=17%  load=1.54  mem=56%  src=sqlite
2026-09-29T02:43:56-10:00job:sys_stats_cycle | OK wrote /home/rootrecord/RootRecord-Ecosystem/2 - RootRecord-Database/SYSTEM/samples/sys-20260929-024356.json
2026-09-29T02:44:21-10:00job:github_sync_all | — [pacific] no local changes
2026-09-29T02:44:21-10:00job:github_sync_all | ↓ [pacific] fetching origin/main
2026-09-29T02:44:21-10:00job:github_sync_all | From github.com:RootRecord-Software-Solutions/RootRecord-Pacific-Solar-Server
2026-09-29T02:44:21-10:00job:github_sync_all | * branch            main       -> FETCH_HEAD
2026-09-29T02:44:21-10:00job:github_sync_all | — [pacific] local and GitHub already match
2026-09-29T02:44:21-10:00job:github_sync_all | — [pacific] nothing to push
2026-09-29T02:44:21-10:00job:github_sync_all | ↑ [database] committed 11 local file(s)
2026-09-29T02:44:21-10:00job:github_sync_all | ↓ [database] fetching origin/main
2026-09-29T02:44:21-10:00job:github_sync_all | From github.com:RootRecord-Software-Solutions/RootRecord-Database
2026-09-29T02:44:21-10:00job:github_sync_all | * branch            main       -> FETCH_HEAD
2026-09-29T02:44:21-10:00job:github_sync_all | ↑ [database] local is ahead of GitHub
2026-09-29T02:44:21-10:00job:github_sync_all | To github.com:RootRecord-Software-Solutions/RootRecord-Database.git
2026-09-29T02:44:21-10:00job:github_sync_all | 584af89..768c10f  HEAD -> main
2026-09-29T02:44:21-10:00job:github_sync_all | branch 'main' set up to track 'origin/main'.
2026-09-29T02:44:21-10:00job:github_sync_all | ↑ [database] 11 files → RootRecord-Software-Solutions/RootRecord-Database (main)
2026-09-29T02:44:21-10:00job:github_sync_all | — [library] no local changes
2026-09-29T02:44:21-10:00job:github_sync_all | ↓ [library] fetching origin/main
2026-09-29T02:44:21-10:00job:github_sync_all | From github.com:RootRecord-Software-Solutions/RootRecord-Library
2026-09-29T02:44:21-10:00job:github_sync_all | * branch            main       -> FETCH_HEAD
2026-09-29T02:44:21-10:00job:github_sync_all | — [library] local and GitHub already match
2026-09-29T02:44:21-10:00job:github_sync_all | — [library] nothing to push
2026-09-29T02:44:21-10:00job:github_sync_all | — [skills] no local changes
2026-09-29T02:44:21-10:00job:github_sync_all | ↓ [skills] fetching origin/main
2026-09-29T02:44:21-10:00job:github_sync_all | From github.com:rootrecordsoftwaresolutions/Solar-Pacific-RootRecord-Server
2026-09-29T02:44:21-10:00job:github_sync_all | * branch            main       -> FETCH_HEAD
2026-09-29T02:44:21-10:00job:github_sync_all | — [skills] local and GitHub already match
2026-09-29T02:44:21-10:00job:github_sync_all | — [skills] nothing to push
2026-09-29T02:44:21-10:00job:security_camera_frame_grab RUN  bash "/home/rootrecord/RootRecord-Ecosystem/1 - Servers/1 - RootRecord-Pacific-Solar-Server/Security/Cameras/grab_all.sh"
2026-09-29T02:44:33-10:00job:security_camera_frame_grab | 02:44:21  📷  a-eyes  ch1 → ch1-20260929T124421Z.jpg  (309.9 KB, 4.45s)
2026-09-29T02:44:33-10:00job:security_camera_frame_grab | 02:44:25  📷  a-eyes  ch2 → ch2-20260929T124425Z.jpg  (342.3 KB, 4.28s)
2026-09-29T02:44:33-10:00job:security_camera_frame_grab | 02:44:30  📷  a-eyes  ch3 → ch3-20260929T124430Z.jpg  (12.0 KB, 1.60s)
2026-09-29T02:44:33-10:00job:security_camera_frame_grab | 02:44:31  📷  a-eyes  ch4 → ch4-20260929T124431Z.jpg  (11.9 KB, 1.66s)
2026-09-29T02:44:33-10:00ENERGY  status=live  B2=78%  B1=0%  solar=0 W  ac=0 W  usbc=29 W  src=/home/rootrecord/RootRecord-Ecosystem/2 - RootRecord-Database/ENERGY
2026-09-29T02:44:34-10:00  ▸  SUMMARY=delta2 soc=78% solar=0W ac_out=0W usbc=29W src=api db=ok
2026-09-29T02:44:34-10:00job:sys_stats_cycle RUN  bash "/home/rootrecord/RootRecord-Ecosystem/1 - Servers/1 - RootRecord-Pacific-Solar-Server/System/scripts/sys-sample.sh"
2026-09-29T02:44:35-10:00job:sys_stats_cycle | SYSTEM  cpu=17%  load=1.46  mem=58%  src=sqlite
2026-09-29T02:44:35-10:00job:sys_stats_cycle | OK wrote /home/rootrecord/RootRecord-Ecosystem/2 - RootRecord-Database/SYSTEM/samples/sys-20260929-024435.json
2026-09-29T02:45:04-10:00job:github_sync_all | ↑ [pacific] committed 3 local file(s)
2026-09-29T02:45:04-10:00job:github_sync_all | ↓ [pacific] fetching origin/main
2026-09-29T02:45:04-10:00job:github_sync_all | From github.com:RootRecord-Software-Solutions/RootRecord-Pacific-Solar-Server
2026-09-29T02:45:04-10:00job:github_sync_all | * branch            main       -> FETCH_HEAD
2026-09-29T02:45:04-10:00job:github_sync_all | ↑ [pacific] local is ahead of GitHub
2026-09-29T02:45:04-10:00job:github_sync_all | To github.com:RootRecord-Software-Solutions/RootRecord-Pacific-Solar-Server.git
2026-09-29T02:45:04-10:00job:github_sync_all | 57d8af5..b5ee862  HEAD -> main
2026-09-29T02:45:04-10:00job:github_sync_all | branch 'main' set up to track 'origin/main'.
2026-09-29T02:45:04-10:00job:github_sync_all | ↑ [pacific] 3 files → RootRecord-Software-Solutions/RootRecord-Pacific-Solar-Server (main)
2026-09-29T02:45:04-10:00job:github_sync_all | ↑ [database] committed 12 local file(s)
2026-09-29T02:45:04-10:00job:github_sync_all | ↓ [database] fetching origin/main
2026-09-29T02:45:04-10:00job:github_sync_all | From github.com:RootRecord-Software-Solutions/RootRecord-Database
2026-09-29T02:45:04-10:00job:github_sync_all | * branch            main       -> FETCH_HEAD
2026-09-29T02:45:04-10:00job:github_sync_all | ↑ [database] local is ahead of GitHub
2026-09-29T02:45:04-10:00job:github_sync_all | To github.com:RootRecord-Software-Solutions/RootRecord-Database.git
2026-09-29T02:45:04-10:00job:github_sync_all | 768c10f..5b7f782  HEAD -> main
2026-09-29T02:45:04-10:00job:github_sync_all | branch 'main' set up to track 'origin/main'.
2026-09-29T02:45:04-10:00job:github_sync_all | ↑ [database] 12 files → RootRecord-Software-Solutions/RootRecord-Database (main)
2026-09-29T02:45:04-10:00job:github_sync_all | — [library] no local changes
2026-09-29T02:45:04-10:00job:github_sync_all | ↓ [library] fetching origin/main
2026-09-29T02:45:04-10:00job:github_sync_all | From github.com:RootRecord-Software-Solutions/RootRecord-Library
2026-09-29T02:45:04-10:00job:github_sync_all | * branch            main       -> FETCH_HEAD
2026-09-29T02:45:04-10:00job:github_sync_all | — [library] local and GitHub already match
2026-09-29T02:45:04-10:00job:github_sync_all | — [library] nothing to push
2026-09-29T02:45:04-10:00job:github_sync_all | — [skills] no local changes
2026-09-29T02:45:04-10:00job:github_sync_all | ↓ [skills] fetching origin/main
2026-09-29T02:45:04-10:00job:github_sync_all | From github.com:rootrecordsoftwaresolutions/Solar-Pacific-RootRecord-Server
2026-09-29T02:45:04-10:00job:github_sync_all | * branch            main       -> FETCH_HEAD
2026-09-29T02:45:04-10:00job:github_sync_all | — [skills] local and GitHub already match
2026-09-29T02:45:04-10:00job:github_sync_all | — [skills] nothing to push
2026-09-29T02:45:04-10:00job:worklog_scan RUN  bash "/home/rootrecord/RootRecord-Ecosystem/1 - Servers/1 - RootRecord-Pacific-Solar-Server/Reports/scripts/worklog_once.sh"
2026-09-29T02:45:09-10:00job:worklog_scan | OK wrote/updated /home/rootrecord/RootRecord-Ecosystem/2 - RootRecord-Database/WORKLOG/worklog_current.md
2026-09-29T02:45:09-10:00job:security_camera_frame_grab RUN  bash "/home/rootrecord/RootRecord-Ecosystem/1 - Servers/1 - RootRecord-Pacific-Solar-Server/Security/Cameras/grab_all.sh"
2026-09-29T02:45:21-10:00job:security_camera_frame_grab | 02:45:09  📷  a-eyes  ch1 → ch1-20260929T124509Z.jpg  (306.6 KB, 4.46s)
2026-09-29T02:45:21-10:00job:security_camera_frame_grab | 02:45:14  📷  a-eyes  ch2 → ch2-20260929T124514Z.jpg  (342.6 KB, 4.28s)
2026-09-29T02:45:21-10:00job:security_camera_frame_grab | 02:45:18  📷  a-eyes  ch3 → ch3-20260929T124518Z.jpg  (12.0 KB, 1.53s)
2026-09-29T02:45:21-10:00job:security_camera_frame_grab | 02:45:20  📷  a-eyes  ch4 → ch4-20260929T124520Z.jpg  (12.0 KB, 1.48s)
2026-09-29T02:45:22-10:00  ▸  SUMMARY=delta2 soc=78% solar=0W ac_out=0W usbc=29W src=api db=ok
2026-09-29T02:45:22-10:00job:sys_stats_cycle RUN  bash "/home/rootrecord/RootRecord-Ecosystem/1 - Servers/1 - RootRecord-Pacific-Solar-Server/System/scripts/sys-sample.sh"
2026-09-29T02:45:23-10:00job:sys_stats_cycle | SYSTEM  cpu=16%  load=2.00  mem=59%  src=sqlite
2026-09-29T02:45:23-10:00job:sys_stats_cycle | OK wrote /home/rootrecord/RootRecord-Ecosystem/2 - RootRecord-Database/SYSTEM/samples/sys-20260929-024523.json
2026-09-29T02:45:51-10:00job:github_sync_all | ↑ [pacific] committed 1 local file(s)
2026-09-29T02:45:51-10:00job:github_sync_all | ↓ [pacific] fetching origin/main
2026-09-29T02:45:51-10:00job:github_sync_all | From github.com:RootRecord-Software-Solutions/RootRecord-Pacific-Solar-Server
2026-09-29T02:45:51-10:00job:github_sync_all | * branch            main       -> FETCH_HEAD
2026-09-29T02:45:51-10:00job:github_sync_all | ↑ [pacific] local is ahead of GitHub
2026-09-29T02:45:51-10:00job:github_sync_all | To github.com:RootRecord-Software-Solutions/RootRecord-Pacific-Solar-Server.git
2026-09-29T02:45:51-10:00job:github_sync_all | b5ee862..e5455c4  HEAD -> main
2026-09-29T02:45:51-10:00job:github_sync_all | branch 'main' set up to track 'origin/main'.
2026-09-29T02:45:51-10:00job:github_sync_all | ↑ [pacific] 1 files → RootRecord-Software-Solutions/RootRecord-Pacific-Solar-Server (main)
2026-09-29T02:45:51-10:00job:github_sync_all | ↑ [database] committed 18 local file(s)
2026-09-29T02:45:51-10:00job:github_sync_all | ↓ [database] fetching origin/main
2026-09-29T02:45:51-10:00job:github_sync_all | From github.com:RootRecord-Software-Solutions/RootRecord-Database
2026-09-29T02:45:51-10:00job:github_sync_all | * branch            main       -> FETCH_HEAD
2026-09-29T02:45:51-10:00job:github_sync_all | ↑ [database] local is ahead of GitHub
2026-09-29T02:45:51-10:00job:github_sync_all | To github.com:RootRecord-Software-Solutions/RootRecord-Database.git
2026-09-29T02:45:51-10:00job:github_sync_all | 5b7f782..b4f3e2f  HEAD -> main
2026-09-29T02:45:51-10:00job:github_sync_all | branch 'main' set up to track 'origin/main'.
2026-09-29T02:45:51-10:00job:github_sync_all | ↑ [database] 18 files → RootRecord-Software-Solutions/RootRecord-Database (main)
2026-09-29T02:45:51-10:00job:github_sync_all | — [library] no local changes
2026-09-29T02:45:51-10:00job:github_sync_all | ↓ [library] fetching origin/main
2026-09-29T02:45:51-10:00job:github_sync_all | From github.com:RootRecord-Software-Solutions/RootRecord-Library
2026-09-29T02:45:51-10:00job:github_sync_all | * branch            main       -> FETCH_HEAD
2026-09-29T02:45:51-10:00job:github_sync_all | — [library] local and GitHub already match
2026-09-29T02:45:51-10:00job:github_sync_all | — [library] nothing to push
2026-09-29T02:45:51-10:00job:github_sync_all | — [skills] no local changes
2026-09-29T02:45:51-10:00job:github_sync_all | ↓ [skills] fetching origin/main
2026-09-29T02:45:51-10:00job:github_sync_all | From github.com:rootrecordsoftwaresolutions/Solar-Pacific-RootRecord-Server
2026-09-29T02:45:51-10:00job:github_sync_all | * branch            main       -> FETCH_HEAD
2026-09-29T02:45:51-10:00job:github_sync_all | — [skills] local and GitHub already match
2026-09-29T02:45:51-10:00job:github_sync_all | — [skills] nothing to push
2026-09-29T02:45:51-10:00job:security_camera_frame_grab RUN  bash "/home/rootrecord/RootRecord-Ecosystem/1 - Servers/1 - RootRecord-Pacific-Solar-Server/Security/Cameras/grab_all.sh"
2026-09-29T02:46:03-10:00job:security_camera_frame_grab | 02:45:51  📷  a-eyes  ch1 → ch1-20260929T124551Z.jpg  (307.1 KB, 4.34s)
2026-09-29T02:46:03-10:00job:security_camera_frame_grab | 02:45:56  📷  a-eyes  ch2 → ch2-20260929T124556Z.jpg  (342.5 KB, 4.37s)
2026-09-29T02:46:03-10:00job:security_camera_frame_grab | 02:46:00  📷  a-eyes  ch3 → ch3-20260929T124600Z.jpg  (12.1 KB, 1.53s)
2026-09-29T02:46:03-10:00job:security_camera_frame_grab | 02:46:02  📷  a-eyes  ch4 → ch4-20260929T124602Z.jpg  (12.0 KB, 1.58s)
2026-09-29T02:46:04-10:00ENERGY  status=live  B2=78%  B1=0%  solar=0 W  ac=0 W  usbc=29 W  src=/home/rootrecord/RootRecord-Ecosystem/2 - RootRecord-Database/ENERGY
2026-09-29T02:46:04-10:00  ▸  SUMMARY=delta2 soc=78% solar=0W ac_out=0W usbc=29W src=api db=ok
2026-09-29T02:46:04-10:00job:sys_stats_cycle RUN  bash "/home/rootrecord/RootRecord-Ecosystem/1 - Servers/1 - RootRecord-Pacific-Solar-Server/System/scripts/sys-sample.sh"
2026-09-29T02:46:05-10:00job:sys_stats_cycle | SYSTEM  cpu=13%  load=1.38  mem=60%  src=sqlite
2026-09-29T02:46:05-10:00job:sys_stats_cycle | OK wrote /home/rootrecord/RootRecord-Ecosystem/2 - RootRecord-Database/SYSTEM/samples/sys-20260929-024605.json
2026-09-29T02:46:29-10:00job:github_sync_all | — [pacific] no local changes
2026-09-29T02:46:29-10:00job:github_sync_all | ↓ [pacific] fetching origin/main
2026-09-29T02:46:29-10:00job:github_sync_all | From github.com:RootRecord-Software-Solutions/RootRecord-Pacific-Solar-Server
2026-09-29T02:46:29-10:00job:github_sync_all | * branch            main       -> FETCH_HEAD
2026-09-29T02:46:29-10:00job:github_sync_all | — [pacific] local and GitHub already match
2026-09-29T02:46:29-10:00job:github_sync_all | — [pacific] nothing to push
2026-09-29T02:46:29-10:00job:github_sync_all | ↑ [database] committed 12 local file(s)
2026-09-29T02:46:29-10:00job:github_sync_all | ↓ [database] fetching origin/main
2026-09-29T02:46:29-10:00job:github_sync_all | From github.com:RootRecord-Software-Solutions/RootRecord-Database
2026-09-29T02:46:29-10:00job:github_sync_all | * branch            main       -> FETCH_HEAD
2026-09-29T02:46:29-10:00job:github_sync_all | ↑ [database] local is ahead of GitHub
2026-09-29T02:46:29-10:00job:github_sync_all | To github.com:RootRecord-Software-Solutions/RootRecord-Database.git
2026-09-29T02:46:29-10:00job:github_sync_all | b4f3e2f..b849ef9  HEAD -> main
2026-09-29T02:46:29-10:00job:github_sync_all | branch 'main' set up to track 'origin/main'.
2026-09-29T02:46:29-10:00job:github_sync_all | ↑ [database] 12 files → RootRecord-Software-Solutions/RootRecord-Database (main)
2026-09-29T02:46:29-10:00job:github_sync_all | — [library] no local changes
2026-09-29T02:46:29-10:00job:github_sync_all | ↓ [library] fetching origin/main
2026-09-29T02:46:29-10:00job:github_sync_all | From github.com:RootRecord-Software-Solutions/RootRecord-Library
2026-09-29T02:46:29-10:00job:github_sync_all | * branch            main       -> FETCH_HEAD
2026-09-29T02:46:29-10:00job:github_sync_all | — [library] local and GitHub already match
2026-09-29T02:46:29-10:00job:github_sync_all | — [library] nothing to push
2026-09-29T02:46:29-10:00job:github_sync_all | — [skills] no local changes
2026-09-29T02:46:29-10:00job:github_sync_all | ↓ [skills] fetching origin/main
2026-09-29T02:46:29-10:00job:github_sync_all | From github.com:rootrecordsoftwaresolutions/Solar-Pacific-RootRecord-Server
2026-09-29T02:46:29-10:00job:github_sync_all | * branch            main       -> FETCH_HEAD
2026-09-29T02:46:29-10:00job:github_sync_all | — [skills] local and GitHub already match
2026-09-29T02:46:29-10:00job:github_sync_all | — [skills] nothing to push
2026-09-29T02:46:29-10:00job:worklog_scan RUN  bash "/home/rootrecord/RootRecord-Ecosystem/1 - Servers/1 - RootRecord-Pacific-Solar-Server/Reports/scripts/worklog_once.sh"
2026-09-29T02:46:33-10:00job:worklog_scan | OK wrote/updated /home/rootrecord/RootRecord-Ecosystem/2 - RootRecord-Database/WORKLOG/worklog_current.md
2026-09-29T02:46:33-10:00job:security_camera_frame_grab RUN  bash "/home/rootrecord/RootRecord-Ecosystem/1 - Servers/1 - RootRecord-Pacific-Solar-Server/Security/Cameras/grab_all.sh"
2026-09-29T02:46:45-10:00job:security_camera_frame_grab | 02:46:33  📷  a-eyes  ch1 → ch1-20260929T124633Z.jpg  (305.2 KB, 4.52s)
2026-09-29T02:46:45-10:00job:security_camera_frame_grab | 02:46:37  📷  a-eyes  ch2 → ch2-20260929T124637Z.jpg  (343.0 KB, 4.32s)
2026-09-29T02:46:45-10:00job:security_camera_frame_grab | 02:46:42  📷  a-eyes  ch3 → ch3-20260929T124642Z.jpg  (12.0 KB, 1.48s)
2026-09-29T02:46:45-10:00job:security_camera_frame_grab | 02:46:43  📷  a-eyes  ch4 → ch4-20260929T124643Z.jpg  (12.1 KB, 1.50s)
2026-09-29T02:46:46-10:00  ▸  SUMMARY=river2pro soc=0% solar=0W ac_out=73W usbc=95W src=api db=ok
2026-09-29T02:46:46-10:00job:sys_stats_cycle RUN  bash "/home/rootrecord/RootRecord-Ecosystem/1 - Servers/1 - RootRecord-Pacific-Solar-Server/System/scripts/sys-sample.sh"
2026-09-29T02:46:47-10:00job:sys_stats_cycle | SYSTEM  cpu=14%  load=1.29  mem=59%  src=sqlite
2026-09-29T02:46:47-10:00job:sys_stats_cycle | OK wrote /home/rootrecord/RootRecord-Ecosystem/2 - RootRecord-Database/SYSTEM/samples/sys-20260929-024646.json
2026-09-29T02:47:11-10:00job:github_sync_all | — [pacific] no local changes
2026-09-29T02:47:11-10:00job:github_sync_all | ↓ [pacific] fetching origin/main
2026-09-29T02:47:11-10:00job:github_sync_all | From github.com:RootRecord-Software-Solutions/RootRecord-Pacific-Solar-Server
2026-09-29T02:47:11-10:00job:github_sync_all | * branch            main       -> FETCH_HEAD
2026-09-29T02:47:11-10:00job:github_sync_all | — [pacific] local and GitHub already match
2026-09-29T02:47:11-10:00job:github_sync_all | — [pacific] nothing to push
2026-09-29T02:47:11-10:00job:github_sync_all | ↑ [database] committed 15 local file(s)
2026-09-29T02:47:11-10:00job:github_sync_all | ↓ [database] fetching origin/main
2026-09-29T02:47:11-10:00job:github_sync_all | From github.com:RootRecord-Software-Solutions/RootRecord-Database
2026-09-29T02:47:11-10:00job:github_sync_all | * branch            main       -> FETCH_HEAD
2026-09-29T02:47:11-10:00job:github_sync_all | ↑ [database] local is ahead of GitHub
2026-09-29T02:47:11-10:00job:github_sync_all | To github.com:RootRecord-Software-Solutions/RootRecord-Database.git
2026-09-29T02:47:11-10:00job:github_sync_all | b849ef9..561b287  HEAD -> main
2026-09-29T02:47:11-10:00job:github_sync_all | branch 'main' set up to track 'origin/main'.
2026-09-29T02:47:11-10:00job:github_sync_all | ↑ [database] 15 files → RootRecord-Software-Solutions/RootRecord-Database (main)
2026-09-29T02:47:11-10:00job:github_sync_all | — [library] no local changes
2026-09-29T02:47:11-10:00job:github_sync_all | ↓ [library] fetching origin/main
2026-09-29T02:47:11-10:00job:github_sync_all | From github.com:RootRecord-Software-Solutions/RootRecord-Library
2026-09-29T02:47:11-10:00job:github_sync_all | * branch            main       -> FETCH_HEAD
2026-09-29T02:47:11-10:00job:github_sync_all | — [library] local and GitHub already match
2026-09-29T02:47:11-10:00job:github_sync_all | — [library] nothing to push
2026-09-29T02:47:11-10:00job:github_sync_all | — [skills] no local changes
2026-09-29T02:47:11-10:00job:github_sync_all | ↓ [skills] fetching origin/main
2026-09-29T02:47:11-10:00job:github_sync_all | From github.com:rootrecordsoftwaresolutions/Solar-Pacific-RootRecord-Server
2026-09-29T02:47:11-10:00job:github_sync_all | * branch            main       -> FETCH_HEAD
2026-09-29T02:47:11-10:00job:github_sync_all | — [skills] local and GitHub already match
2026-09-29T02:47:11-10:00job:github_sync_all | — [skills] nothing to push
2026-09-29T02:47:11-10:00job:security_camera_frame_grab RUN  bash "/home/rootrecord/RootRecord-Ecosystem/1 - Servers/1 - RootRecord-Pacific-Solar-Server/Security/Cameras/grab_all.sh"
2026-09-29T02:47:23-10:00job:security_camera_frame_grab | 02:47:11  📷  a-eyes  ch1 → ch1-20260929T124711Z.jpg  (309.6 KB, 4.28s)
2026-09-29T02:47:23-10:00job:security_camera_frame_grab | 02:47:15  📷  a-eyes  ch2 → ch2-20260929T124715Z.jpg  (342.5 KB, 4.27s)
2026-09-29T02:47:23-10:00job:security_camera_frame_grab | 02:47:20  📷  a-eyes  ch3 → ch3-20260929T124720Z.jpg  (12.1 KB, 1.48s)
2026-09-29T02:47:23-10:00job:security_camera_frame_grab | 02:47:21  📷  a-eyes  ch4 → ch4-20260929T124721Z.jpg  (12.0 KB, 1.51s)
2026-09-29T02:47:23-10:00ENERGY  status=live  B2=78%  B1=0%  solar=0 W  ac=0 W  usbc=29 W  src=/home/rootrecord/RootRecord-Ecosystem/2 - RootRecord-Database/ENERGY
2026-09-29T02:47:24-10:00  ▸  SUMMARY=delta2 soc=78% solar=0W ac_out=0W usbc=29W src=api db=ok
2026-09-29T02:47:24-10:00job:sys_stats_cycle RUN  bash "/home/rootrecord/RootRecord-Ecosystem/1 - Servers/1 - RootRecord-Pacific-Solar-Server/System/scripts/sys-sample.sh"
2026-09-29T02:47:24-10:00job:sys_stats_cycle | SYSTEM  cpu=38%  load=1.39  mem=60%  src=sqlite
2026-09-29T02:47:24-10:00job:sys_stats_cycle | OK wrote /home/rootrecord/RootRecord-Ecosystem/2 - RootRecord-Database/SYSTEM/samples/sys-20260929-024724.json
2026-09-29T02:47:49-10:00job:github_sync_all | — [pacific] no local changes
2026-09-29T02:47:49-10:00job:github_sync_all | ↓ [pacific] fetching origin/main
2026-09-29T02:47:49-10:00job:github_sync_all | From github.com:RootRecord-Software-Solutions/RootRecord-Pacific-Solar-Server
2026-09-29T02:47:49-10:00job:github_sync_all | * branch            main       -> FETCH_HEAD
2026-09-29T02:47:49-10:00job:github_sync_all | — [pacific] local and GitHub already match
2026-09-29T02:47:49-10:00job:github_sync_all | — [pacific] nothing to push
2026-09-29T02:47:49-10:00job:github_sync_all | ↑ [database] committed 12 local file(s)
2026-09-29T02:47:49-10:00job:github_sync_all | ↓ [database] fetching origin/main
2026-09-29T02:47:49-10:00job:github_sync_all | From github.com:RootRecord-Software-Solutions/RootRecord-Database
2026-09-29T02:47:49-10:00job:github_sync_all | * branch            main       -> FETCH_HEAD
2026-09-29T02:47:49-10:00job:github_sync_all | ↑ [database] local is ahead of GitHub
2026-09-29T02:47:49-10:00job:github_sync_all | To github.com:RootRecord-Software-Solutions/RootRecord-Database.git
2026-09-29T02:47:49-10:00job:github_sync_all | 561b287..f428b96  HEAD -> main
2026-09-29T02:47:49-10:00job:github_sync_all | branch 'main' set up to track 'origin/main'.
2026-09-29T02:47:49-10:00job:github_sync_all | ↑ [database] 12 files → RootRecord-Software-Solutions/RootRecord-Database (main)
2026-09-29T02:47:49-10:00job:github_sync_all | — [library] no local changes
2026-09-29T02:47:49-10:00job:github_sync_all | ↓ [library] fetching origin/main
2026-09-29T02:47:49-10:00job:github_sync_all | From github.com:RootRecord-Software-Solutions/RootRecord-Library
2026-09-29T02:47:49-10:00job:github_sync_all | * branch            main       -> FETCH_HEAD
2026-09-29T02:47:49-10:00job:github_sync_all | — [library] local and GitHub already match
2026-09-29T02:47:49-10:00job:github_sync_all | — [library] nothing to push
2026-09-29T02:47:49-10:00job:github_sync_all | — [skills] no local changes
2026-09-29T02:47:49-10:00job:github_sync_all | ↓ [skills] fetching origin/main
2026-09-29T02:47:49-10:00job:github_sync_all | From github.com:rootrecordsoftwaresolutions/Solar-Pacific-RootRecord-Server
2026-09-29T02:47:49-10:00job:github_sync_all | * branch            main       -> FETCH_HEAD
2026-09-29T02:47:49-10:00job:github_sync_all | — [skills] local and GitHub already match
2026-09-29T02:47:49-10:00job:github_sync_all | — [skills] nothing to push
2026-09-29T02:47:49-10:00job:security_camera_frame_grab RUN  bash "/home/rootrecord/RootRecord-Ecosystem/1 - Servers/1 - RootRecord-Pacific-Solar-Server/Security/Cameras/grab_all.sh"
2026-09-29T02:48:01-10:00job:security_camera_frame_grab | 02:47:49  📷  a-eyes  ch1 → ch1-20260929T124749Z.jpg  (306.4 KB, 4.46s)
2026-09-29T02:48:01-10:00job:security_camera_frame_grab | 02:47:54  📷  a-eyes  ch2 → ch2-20260929T124754Z.jpg  (342.0 KB, 4.45s)
2026-09-29T02:48:01-10:00job:security_camera_frame_grab | 02:47:58  📷  a-eyes  ch3 → ch3-20260929T124758Z.jpg  (12.1 KB, 1.48s)
2026-09-29T02:48:01-10:00job:security_camera_frame_grab | 02:48:00  📷  a-eyes  ch4 → ch4-20260929T124800Z.jpg  (12.1 KB, 1.54s)
2026-09-29T02:48:03-10:00  ▸  SUMMARY=delta2 soc=78% solar=0W ac_out=0W usbc=29W src=api db=ok
2026-09-29T02:48:03-10:00job:sys_stats_cycle RUN  bash "/home/rootrecord/RootRecord-Ecosystem/1 - Servers/1 - RootRecord-Pacific-Solar-Server/System/scripts/sys-sample.sh"
2026-09-29T02:48:03-10:00job:sys_stats_cycle | SYSTEM  cpu=12%  load=1.46  mem=60%  src=sqlite
2026-09-29T02:48:03-10:00job:sys_stats_cycle | OK wrote /home/rootrecord/RootRecord-Ecosystem/2 - RootRecord-Database/SYSTEM/samples/sys-20260929-024803.json
2026-09-29T02:48:33-10:00job:github_sync_all | ↑ [pacific] committed 1 local file(s)
2026-09-29T02:48:33-10:00job:github_sync_all | ↓ [pacific] fetching origin/main
2026-09-29T02:48:33-10:00job:github_sync_all | From github.com:RootRecord-Software-Solutions/RootRecord-Pacific-Solar-Server
2026-09-29T02:48:33-10:00job:github_sync_all | * branch            main       -> FETCH_HEAD
2026-09-29T02:48:33-10:00job:github_sync_all | ↑ [pacific] local is ahead of GitHub
2026-09-29T02:48:33-10:00job:github_sync_all | To github.com:RootRecord-Software-Solutions/RootRecord-Pacific-Solar-Server.git
2026-09-29T02:48:33-10:00job:github_sync_all | e5455c4..9dedd98  HEAD -> main
2026-09-29T02:48:33-10:00job:github_sync_all | branch 'main' set up to track 'origin/main'.
2026-09-29T02:48:33-10:00job:github_sync_all | ↑ [pacific] 1 files → RootRecord-Software-Solutions/RootRecord-Pacific-Solar-Server (main)
2026-09-29T02:48:33-10:00job:github_sync_all | ↑ [database] committed 13 local file(s)
2026-09-29T02:48:33-10:00job:github_sync_all | ↓ [database] fetching origin/main
2026-09-29T02:48:33-10:00job:github_sync_all | From github.com:RootRecord-Software-Solutions/RootRecord-Database
2026-09-29T02:48:33-10:00job:github_sync_all | * branch            main       -> FETCH_HEAD
2026-09-29T02:48:33-10:00job:github_sync_all | ↑ [database] local is ahead of GitHub
2026-09-29T02:48:33-10:00job:github_sync_all | To github.com:RootRecord-Software-Solutions/RootRecord-Database.git
2026-09-29T02:48:33-10:00job:github_sync_all | f428b96..7ffb937  HEAD -> main
2026-09-29T02:48:33-10:00job:github_sync_all | branch 'main' set up to track 'origin/main'.
2026-09-29T02:48:33-10:00job:github_sync_all | ↑ [database] 13 files → RootRecord-Software-Solutions/RootRecord-Database (main)
2026-09-29T02:48:33-10:00job:github_sync_all | ↑ [library] committed 2 local file(s)
2026-09-29T02:48:33-10:00job:github_sync_all | ↓ [library] fetching origin/main
2026-09-29T02:48:33-10:00job:github_sync_all | From github.com:RootRecord-Software-Solutions/RootRecord-Library
2026-09-29T02:48:33-10:00job:github_sync_all | * branch            main       -> FETCH_HEAD
2026-09-29T02:48:33-10:00job:github_sync_all | ↑ [library] local is ahead of GitHub
2026-09-29T02:48:33-10:00job:github_sync_all | To github.com:RootRecord-Software-Solutions/RootRecord-Library.git
2026-09-29T02:48:33-10:00job:github_sync_all | 65d654f..cc79f8e  HEAD -> main
2026-09-29T02:48:33-10:00job:github_sync_all | branch 'main' set up to track 'origin/main'.
2026-09-29T02:48:33-10:00job:github_sync_all | ↑ [library] 2 files → RootRecord-Software-Solutions/RootRecord-Library (main)
2026-09-29T02:48:33-10:00job:github_sync_all | — [skills] no local changes
2026-09-29T02:48:33-10:00job:github_sync_all | ↓ [skills] fetching origin/main
2026-09-29T02:48:33-10:00job:github_sync_all | From github.com:rootrecordsoftwaresolutions/Solar-Pacific-RootRecord-Server
2026-09-29T02:48:33-10:00job:github_sync_all | * branch            main       -> FETCH_HEAD
2026-09-29T02:48:33-10:00job:github_sync_all | — [skills] local and GitHub already match
2026-09-29T02:48:33-10:00job:github_sync_all | — [skills] nothing to push
2026-09-29T02:48:33-10:00job:worklog_scan RUN  bash "/home/rootrecord/RootRecord-Ecosystem/1 - Servers/1 - RootRecord-Pacific-Solar-Server/Reports/scripts/worklog_once.sh"
2026-09-29T02:48:37-10:00job:worklog_scan | OK wrote/updated /home/rootrecord/RootRecord-Ecosystem/2 - RootRecord-Database/WORKLOG/worklog_current.md
2026-09-29T02:48:37-10:00job:security_camera_frame_grab RUN  bash "/home/rootrecord/RootRecord-Ecosystem/1 - Servers/1 - RootRecord-Pacific-Solar-Server/Security/Cameras/grab_all.sh"
2026-09-29T02:48:49-10:00job:security_camera_frame_grab | 02:48:37  📷  a-eyes  ch1 → ch1-20260929T124837Z.jpg  (310.1 KB, 4.51s)
2026-09-29T02:48:49-10:00job:security_camera_frame_grab | 02:48:41  📷  a-eyes  ch2 → ch2-20260929T124841Z.jpg  (343.0 KB, 4.48s)
2026-09-29T02:48:49-10:00job:security_camera_frame_grab | 02:48:46  📷  a-eyes  ch3 → ch3-20260929T124846Z.jpg  (12.1 KB, 1.61s)
2026-09-29T02:48:49-10:00job:security_camera_frame_grab | 02:48:47  📷  a-eyes  ch4 → ch4-20260929T124847Z.jpg  (12.0 KB, 1.66s)
2026-09-29T02:48:49-10:00ENERGY  status=live  B2=78%  B1=0%  solar=0 W  ac=0 W  usbc=29 W  src=/home/rootrecord/RootRecord-Ecosystem/2 - RootRecord-Database/ENERGY
2026-09-29T02:48:50-10:00  ▸  SUMMARY=river2pro soc=0% solar=0W ac_out=73W usbc=95W src=api db=ok
2026-09-29T02:48:50-10:00job:sys_stats_cycle RUN  bash "/home/rootrecord/RootRecord-Ecosystem/1 - Servers/1 - RootRecord-Pacific-Solar-Server/System/scripts/sys-sample.sh"
2026-09-29T02:48:51-10:00job:sys_stats_cycle | SYSTEM  cpu=8%  load=1.10  mem=59%  src=sqlite
2026-09-29T02:48:51-10:00job:sys_stats_cycle | OK wrote /home/rootrecord/RootRecord-Ecosystem/2 - RootRecord-Database/SYSTEM/samples/sys-20260929-024850.json
2026-09-29T02:49:17-10:00job:github_sync_all | — [pacific] no local changes
2026-09-29T02:49:17-10:00job:github_sync_all | ↓ [pacific] fetching origin/main
2026-09-29T02:49:17-10:00job:github_sync_all | From github.com:RootRecord-Software-Solutions/RootRecord-Pacific-Solar-Server
2026-09-29T02:49:17-10:00job:github_sync_all | * branch            main       -> FETCH_HEAD
2026-09-29T02:49:17-10:00job:github_sync_all | — [pacific] local and GitHub already match
2026-09-29T02:49:17-10:00job:github_sync_all | — [pacific] nothing to push
2026-09-29T02:49:17-10:00job:github_sync_all | ↑ [database] committed 15 local file(s)
2026-09-29T02:49:17-10:00job:github_sync_all | ↓ [database] fetching origin/main
2026-09-29T02:49:17-10:00job:github_sync_all | From github.com:RootRecord-Software-Solutions/RootRecord-Database
2026-09-29T02:49:17-10:00job:github_sync_all | * branch            main       -> FETCH_HEAD
2026-09-29T02:49:17-10:00job:github_sync_all | ↑ [database] local is ahead of GitHub
2026-09-29T02:49:17-10:00job:github_sync_all | To github.com:RootRecord-Software-Solutions/RootRecord-Database.git
2026-09-29T02:49:17-10:00job:github_sync_all | 7ffb937..b32c684  HEAD -> main
2026-09-29T02:49:17-10:00job:github_sync_all | branch 'main' set up to track 'origin/main'.
2026-09-29T02:49:17-10:00job:github_sync_all | ↑ [database] 15 files → RootRecord-Software-Solutions/RootRecord-Database (main)
2026-09-29T02:49:17-10:00job:github_sync_all | — [library] no local changes
2026-09-29T02:49:17-10:00job:github_sync_all | ↓ [library] fetching origin/main
2026-09-29T02:49:17-10:00job:github_sync_all | From github.com:RootRecord-Software-Solutions/RootRecord-Library
2026-09-29T02:49:17-10:00job:github_sync_all | * branch            main       -> FETCH_HEAD
2026-09-29T02:49:17-10:00job:github_sync_all | — [library] local and GitHub already match
2026-09-29T02:49:17-10:00job:github_sync_all | — [library] nothing to push
2026-09-29T02:49:17-10:00job:github_sync_all | — [skills] no local changes
2026-09-29T02:49:17-10:00job:github_sync_all | ↓ [skills] fetching origin/main
2026-09-29T02:49:17-10:00job:github_sync_all | From github.com:rootrecordsoftwaresolutions/Solar-Pacific-RootRecord-Server
2026-09-29T02:49:17-10:00job:github_sync_all | * branch            main       -> FETCH_HEAD
2026-09-29T02:49:17-10:00job:github_sync_all | — [skills] local and GitHub already match
2026-09-29T02:49:17-10:00job:github_sync_all | — [skills] nothing to push
2026-09-29T02:49:17-10:00job:security_camera_frame_grab RUN  bash "/home/rootrecord/RootRecord-Ecosystem/1 - Servers/1 - RootRecord-Pacific-Solar-Server/Security/Cameras/grab_all.sh"
2026-09-29T02:49:29-10:00job:security_camera_frame_grab | 02:49:17  📷  a-eyes  ch1 → ch1-20260929T124917Z.jpg  (310.9 KB, 4.73s)
2026-09-29T02:49:29-10:00job:security_camera_frame_grab | 02:49:22  📷  a-eyes  ch2 → ch2-20260929T124922Z.jpg  (343.4 KB, 4.41s)
2026-09-29T02:49:29-10:00job:security_camera_frame_grab | 02:49:26  📷  a-eyes  ch3 → ch3-20260929T124926Z.jpg  (12.1 KB, 1.49s)
2026-09-29T02:49:29-10:00job:security_camera_frame_grab | 02:49:28  📷  a-eyes  ch4 → ch4-20260929T124928Z.jpg  (12.1 KB, 1.53s)
2026-09-29T02:49:30-10:00  ▸  SUMMARY=delta2 soc=78% solar=0W ac_out=0W usbc=29W src=api db=ok
2026-09-29T02:49:30-10:00job:sys_stats_cycle RUN  bash "/home/rootrecord/RootRecord-Ecosystem/1 - Servers/1 - RootRecord-Pacific-Solar-Server/System/scripts/sys-sample.sh"
2026-09-29T02:49:31-10:00job:sys_stats_cycle | SYSTEM  cpu=6%  load=0.83  mem=59%  src=sqlite
2026-09-29T02:49:31-10:00job:sys_stats_cycle | OK wrote /home/rootrecord/RootRecord-Ecosystem/2 - RootRecord-Database/SYSTEM/samples/sys-20260929-024931.json
2026-09-29T02:49:55-10:00job:github_sync_all | — [pacific] no local changes
2026-09-29T02:49:55-10:00job:github_sync_all | ↓ [pacific] fetching origin/main
2026-09-29T02:49:55-10:00job:github_sync_all | From github.com:RootRecord-Software-Solutions/RootRecord-Pacific-Solar-Server
2026-09-29T02:49:55-10:00job:github_sync_all | * branch            main       -> FETCH_HEAD
2026-09-29T02:49:55-10:00job:github_sync_all | — [pacific] local and GitHub already match
2026-09-29T02:49:55-10:00job:github_sync_all | — [pacific] nothing to push
2026-09-29T02:49:55-10:00job:github_sync_all | ↑ [database] committed 12 local file(s)
2026-09-29T02:49:55-10:00job:github_sync_all | ↓ [database] fetching origin/main
2026-09-29T02:49:55-10:00job:github_sync_all | From github.com:RootRecord-Software-Solutions/RootRecord-Database
2026-09-29T02:49:55-10:00job:github_sync_all | * branch            main       -> FETCH_HEAD
2026-09-29T02:49:55-10:00job:github_sync_all | ↑ [database] local is ahead of GitHub
2026-09-29T02:49:55-10:00job:github_sync_all | To github.com:RootRecord-Software-Solutions/RootRecord-Database.git
2026-09-29T02:49:55-10:00job:github_sync_all | b32c684..f551e99  HEAD -> main
2026-09-29T02:49:55-10:00job:github_sync_all | branch 'main' set up to track 'origin/main'.
2026-09-29T02:49:55-10:00job:github_sync_all | ↑ [database] 12 files → RootRecord-Software-Solutions/RootRecord-Database (main)
2026-09-29T02:49:55-10:00job:github_sync_all | — [library] no local changes
2026-09-29T02:49:55-10:00job:github_sync_all | ↓ [library] fetching origin/main
2026-09-29T02:49:55-10:00job:github_sync_all | From github.com:RootRecord-Software-Solutions/RootRecord-Library
2026-09-29T02:49:55-10:00job:github_sync_all | * branch            main       -> FETCH_HEAD
2026-09-29T02:49:55-10:00job:github_sync_all | — [library] local and GitHub already match
2026-09-29T02:49:55-10:00job:github_sync_all | — [library] nothing to push
2026-09-29T02:49:55-10:00job:github_sync_all | — [skills] no local changes
2026-09-29T02:49:55-10:00job:github_sync_all | ↓ [skills] fetching origin/main
2026-09-29T02:49:55-10:00job:github_sync_all | From github.com:rootrecordsoftwaresolutions/Solar-Pacific-RootRecord-Server
2026-09-29T02:49:55-10:00job:github_sync_all | * branch            main       -> FETCH_HEAD
2026-09-29T02:49:55-10:00job:github_sync_all | — [skills] local and GitHub already match
2026-09-29T02:49:55-10:00job:github_sync_all | — [skills] nothing to push
2026-09-29T02:49:55-10:00job:security_camera_frame_grab RUN  bash "/home/rootrecord/RootRecord-Ecosystem/1 - Servers/1 - RootRecord-Pacific-Solar-Server/Security/Cameras/grab_all.sh"
2026-09-29T02:50:07-10:00job:security_camera_frame_grab | 02:49:55  📷  a-eyes  ch1 → ch1-20260929T124955Z.jpg  (308.1 KB, 4.50s)
2026-09-29T02:50:07-10:00job:security_camera_frame_grab | 02:50:00  📷  a-eyes  ch2 → ch2-20260929T125000Z.jpg  (341.6 KB, 4.48s)
2026-09-29T02:50:07-10:00job:security_camera_frame_grab | 02:50:04  📷  a-eyes  ch3 → ch3-20260929T125004Z.jpg  (12.1 KB, 1.50s)
2026-09-29T02:50:07-10:00job:security_camera_frame_grab | 02:50:06  📷  a-eyes  ch4 → ch4-20260929T125006Z.jpg  (12.1 KB, 1.52s)
2026-09-29T02:50:07-10:00ENERGY  status=live  B2=78%  B1=0%  solar=0 W  ac=0 W  usbc=29 W  src=/home/rootrecord/RootRecord-Ecosystem/2 - RootRecord-Database/ENERGY
2026-09-29T02:50:08-10:00  ▸  SUMMARY=river2pro soc=0% solar=0W ac_out=73W usbc=95W src=api db=ok
2026-09-29T02:50:08-10:00job:sys_stats_cycle RUN  bash "/home/rootrecord/RootRecord-Ecosystem/1 - Servers/1 - RootRecord-Pacific-Solar-Server/System/scripts/sys-sample.sh"
2026-09-29T02:50:09-10:00job:sys_stats_cycle | SYSTEM  cpu=12%  load=0.74  mem=60%  src=sqlite
2026-09-29T02:50:09-10:00job:sys_stats_cycle | OK wrote /home/rootrecord/RootRecord-Ecosystem/2 - RootRecord-Database/SYSTEM/samples/sys-20260929-025009.json
2026-09-29T02:50:33-10:00job:github_sync_all | — [pacific] no local changes
2026-09-29T02:50:33-10:00job:github_sync_all | ↓ [pacific] fetching origin/main
2026-09-29T02:50:33-10:00job:github_sync_all | From github.com:RootRecord-Software-Solutions/RootRecord-Pacific-Solar-Server
2026-09-29T02:50:33-10:00job:github_sync_all | * branch            main       -> FETCH_HEAD
2026-09-29T02:50:33-10:00job:github_sync_all | — [pacific] local and GitHub already match
2026-09-29T02:50:33-10:00job:github_sync_all | — [pacific] nothing to push
2026-09-29T02:50:33-10:00job:github_sync_all | ↑ [database] committed 13 local file(s)
2026-09-29T02:50:33-10:00job:github_sync_all | ↓ [database] fetching origin/main
2026-09-29T02:50:33-10:00job:github_sync_all | From github.com:RootRecord-Software-Solutions/RootRecord-Database
2026-09-29T02:50:33-10:00job:github_sync_all | * branch            main       -> FETCH_HEAD
2026-09-29T02:50:33-10:00job:github_sync_all | ↑ [database] local is ahead of GitHub
2026-09-29T02:50:33-10:00job:github_sync_all | To github.com:RootRecord-Software-Solutions/RootRecord-Database.git
2026-09-29T02:50:33-10:00job:github_sync_all | f551e99..abda286  HEAD -> main
2026-09-29T02:50:33-10:00job:github_sync_all | branch 'main' set up to track 'origin/main'.
2026-09-29T02:50:33-10:00job:github_sync_all | ↑ [database] 13 files → RootRecord-Software-Solutions/RootRecord-Database (main)
2026-09-29T02:50:33-10:00job:github_sync_all | — [library] no local changes
2026-09-29T02:50:33-10:00job:github_sync_all | ↓ [library] fetching origin/main
2026-09-29T02:50:33-10:00job:github_sync_all | From github.com:RootRecord-Software-Solutions/RootRecord-Library
2026-09-29T02:50:33-10:00job:github_sync_all | * branch            main       -> FETCH_HEAD
2026-09-29T02:50:33-10:00job:github_sync_all | — [library] local and GitHub already match
2026-09-29T02:50:33-10:00job:github_sync_all | — [library] nothing to push
2026-09-29T02:50:33-10:00job:github_sync_all | — [skills] no local changes
2026-09-29T02:50:33-10:00job:github_sync_all | ↓ [skills] fetching origin/main
2026-09-29T02:50:33-10:00job:github_sync_all | From github.com:rootrecordsoftwaresolutions/Solar-Pacific-RootRecord-Server
2026-09-29T02:50:33-10:00job:github_sync_all | * branch            main       -> FETCH_HEAD
2026-09-29T02:50:33-10:00job:github_sync_all | — [skills] local and GitHub already match
2026-09-29T02:50:33-10:00job:github_sync_all | — [skills] nothing to push
2026-09-29T02:50:33-10:00job:worklog_scan RUN  bash "/home/rootrecord/RootRecord-Ecosystem/1 - Servers/1 - RootRecord-Pacific-Solar-Server/Reports/scripts/worklog_once.sh"
2026-09-29T02:50:36-10:00job:worklog_scan | OK wrote/updated /home/rootrecord/RootRecord-Ecosystem/2 - RootRecord-Database/WORKLOG/worklog_current.md
2026-09-29T02:50:36-10:00job:security_camera_frame_grab RUN  bash "/home/rootrecord/RootRecord-Ecosystem/1 - Servers/1 - RootRecord-Pacific-Solar-Server/Security/Cameras/grab_all.sh"
2026-09-29T02:50:48-10:00job:security_camera_frame_grab | 02:50:36  📷  a-eyes  ch1 → ch1-20260929T125036Z.jpg  (310.6 KB, 4.61s)
2026-09-29T02:50:48-10:00job:security_camera_frame_grab | 02:50:40  📷  a-eyes  ch2 → ch2-20260929T125040Z.jpg  (342.7 KB, 4.38s)
2026-09-29T02:50:48-10:00job:security_camera_frame_grab | 02:50:45  📷  a-eyes  ch3 → ch3-20260929T125045Z.jpg  (12.1 KB, 1.53s)
2026-09-29T02:50:48-10:00job:security_camera_frame_grab | 02:50:46  📷  a-eyes  ch4 → ch4-20260929T125046Z.jpg  (12.1 KB, 1.69s)
2026-09-29T02:50:49-10:00  ▸  SUMMARY=river2pro soc=0% solar=0W ac_out=73W usbc=95W src=api db=ok
2026-09-29T02:50:49-10:00job:sys_stats_cycle RUN  bash "/home/rootrecord/RootRecord-Ecosystem/1 - Servers/1 - RootRecord-Pacific-Solar-Server/System/scripts/sys-sample.sh"
2026-09-29T02:50:50-10:00job:sys_stats_cycle | SYSTEM  cpu=8%  load=1.23  mem=59%  src=sqlite
2026-09-29T02:50:50-10:00job:sys_stats_cycle | OK wrote /home/rootrecord/RootRecord-Ecosystem/2 - RootRecord-Database/SYSTEM/samples/sys-20260929-025050.json
2026-09-29T02:51:13-10:00job:github_sync_all | — [pacific] no local changes
2026-09-29T02:51:13-10:00job:github_sync_all | ↓ [pacific] fetching origin/main
2026-09-29T02:51:13-10:00job:github_sync_all | From github.com:RootRecord-Software-Solutions/RootRecord-Pacific-Solar-Server
2026-09-29T02:51:13-10:00job:github_sync_all | * branch            main       -> FETCH_HEAD
2026-09-29T02:51:13-10:00job:github_sync_all | — [pacific] local and GitHub already match
2026-09-29T02:51:13-10:00job:github_sync_all | — [pacific] nothing to push
2026-09-29T02:51:13-10:00job:github_sync_all | ↑ [database] committed 15 local file(s)
2026-09-29T02:51:13-10:00job:github_sync_all | ↓ [database] fetching origin/main
2026-09-29T02:51:13-10:00job:github_sync_all | From github.com:RootRecord-Software-Solutions/RootRecord-Database
2026-09-29T02:51:13-10:00job:github_sync_all | * branch            main       -> FETCH_HEAD
2026-09-29T02:51:13-10:00job:github_sync_all | ↑ [database] local is ahead of GitHub
2026-09-29T02:51:13-10:00job:github_sync_all | To github.com:RootRecord-Software-Solutions/RootRecord-Database.git
2026-09-29T02:51:13-10:00job:github_sync_all | abda286..e64f01f  HEAD -> main
2026-09-29T02:51:13-10:00job:github_sync_all | branch 'main' set up to track 'origin/main'.
2026-09-29T02:51:13-10:00job:github_sync_all | ↑ [database] 15 files → RootRecord-Software-Solutions/RootRecord-Database (main)
2026-09-29T02:51:13-10:00job:github_sync_all | — [library] no local changes
2026-09-29T02:51:13-10:00job:github_sync_all | ↓ [library] fetching origin/main
2026-09-29T02:51:13-10:00job:github_sync_all | From github.com:RootRecord-Software-Solutions/RootRecord-Library
2026-09-29T02:51:13-10:00job:github_sync_all | * branch            main       -> FETCH_HEAD
2026-09-29T02:51:13-10:00job:github_sync_all | — [library] local and GitHub already match
2026-09-29T02:51:13-10:00job:github_sync_all | — [library] nothing to push
2026-09-29T02:51:13-10:00job:github_sync_all | — [skills] no local changes
2026-09-29T02:51:13-10:00job:github_sync_all | ↓ [skills] fetching origin/main
2026-09-29T02:51:13-10:00job:github_sync_all | From github.com:rootrecordsoftwaresolutions/Solar-Pacific-RootRecord-Server
2026-09-29T02:51:13-10:00job:github_sync_all | * branch            main       -> FETCH_HEAD
2026-09-29T02:51:13-10:00job:github_sync_all | — [skills] local and GitHub already match
2026-09-29T02:51:13-10:00job:github_sync_all | — [skills] nothing to push
2026-09-29T02:51:13-10:00job:security_camera_frame_grab RUN  bash "/home/rootrecord/RootRecord-Ecosystem/1 - Servers/1 - RootRecord-Pacific-Solar-Server/Security/Cameras/grab_all.sh"
2026-09-29T02:51:25-10:00job:security_camera_frame_grab | 02:51:13  📷  a-eyes  ch1 → ch1-20260929T125113Z.jpg  (306.8 KB, 4.34s)
2026-09-29T02:51:25-10:00job:security_camera_frame_grab | 02:51:17  📷  a-eyes  ch2 → ch2-20260929T125117Z.jpg  (343.9 KB, 4.25s)
2026-09-29T02:51:25-10:00job:security_camera_frame_grab | 02:51:22  📷  a-eyes  ch3 → ch3-20260929T125122Z.jpg  (12.0 KB, 1.43s)
2026-09-29T02:51:25-10:00job:security_camera_frame_grab | 02:51:23  📷  a-eyes  ch4 → ch4-20260929T125123Z.jpg  (12.0 KB, 1.41s)
2026-09-29T02:51:25-10:00ENERGY  status=live  B2=78%  B1=0%  solar=0 W  ac=0 W  usbc=29 W  src=/home/rootrecord/RootRecord-Ecosystem/2 - RootRecord-Database/ENERGY
2026-09-29T02:51:26-10:00  ▸  SUMMARY=river2pro soc=0% solar=0W ac_out=73W usbc=95W src=api db=ok
2026-09-29T02:51:26-10:00job:sys_stats_cycle RUN  bash "/home/rootrecord/RootRecord-Ecosystem/1 - Servers/1 - RootRecord-Pacific-Solar-Server/System/scripts/sys-sample.sh"
2026-09-29T02:51:26-10:00job:sys_stats_cycle | SYSTEM  cpu=8%  load=0.85  mem=60%  src=sqlite
2026-09-29T02:51:26-10:00job:sys_stats_cycle | OK wrote /home/rootrecord/RootRecord-Ecosystem/2 - RootRecord-Database/SYSTEM/samples/sys-20260929-025126.json
2026-09-29T02:51:50-10:00job:github_sync_all | — [pacific] no local changes
2026-09-29T02:51:50-10:00job:github_sync_all | ↓ [pacific] fetching origin/main
2026-09-29T02:51:50-10:00job:github_sync_all | From github.com:RootRecord-Software-Solutions/RootRecord-Pacific-Solar-Server
2026-09-29T02:51:50-10:00job:github_sync_all | * branch            main       -> FETCH_HEAD
2026-09-29T02:51:50-10:00job:github_sync_all | — [pacific] local and GitHub already match
2026-09-29T02:51:50-10:00job:github_sync_all | — [pacific] nothing to push
2026-09-29T02:51:50-10:00job:github_sync_all | ↑ [database] committed 12 local file(s)
2026-09-29T02:51:50-10:00job:github_sync_all | ↓ [database] fetching origin/main
2026-09-29T02:51:50-10:00job:github_sync_all | From github.com:RootRecord-Software-Solutions/RootRecord-Database
2026-09-29T02:51:50-10:00job:github_sync_all | * branch            main       -> FETCH_HEAD
2026-09-29T02:51:50-10:00job:github_sync_all | ↑ [database] local is ahead of GitHub
2026-09-29T02:51:50-10:00job:github_sync_all | To github.com:RootRecord-Software-Solutions/RootRecord-Database.git
2026-09-29T02:51:50-10:00job:github_sync_all | e64f01f..d16006a  HEAD -> main
2026-09-29T02:51:50-10:00job:github_sync_all | branch 'main' set up to track 'origin/main'.
2026-09-29T02:51:50-10:00job:github_sync_all | ↑ [database] 12 files → RootRecord-Software-Solutions/RootRecord-Database (main)
2026-09-29T02:51:50-10:00job:github_sync_all | — [library] no local changes
2026-09-29T02:51:50-10:00job:github_sync_all | ↓ [library] fetching origin/main
2026-09-29T02:51:50-10:00job:github_sync_all | From github.com:RootRecord-Software-Solutions/RootRecord-Library
2026-09-29T02:51:50-10:00job:github_sync_all | * branch            main       -> FETCH_HEAD
2026-09-29T02:51:50-10:00job:github_sync_all | — [library] local and GitHub already match
2026-09-29T02:51:50-10:00job:github_sync_all | — [library] nothing to push
2026-09-29T02:51:50-10:00job:github_sync_all | — [skills] no local changes
2026-09-29T02:51:50-10:00job:github_sync_all | ↓ [skills] fetching origin/main
2026-09-29T02:51:50-10:00job:github_sync_all | From github.com:rootrecordsoftwaresolutions/Solar-Pacific-RootRecord-Server
2026-09-29T02:51:50-10:00job:github_sync_all | * branch            main       -> FETCH_HEAD
2026-09-29T02:51:50-10:00job:github_sync_all | — [skills] local and GitHub already match
2026-09-29T02:51:50-10:00job:github_sync_all | — [skills] nothing to push
2026-09-29T02:51:50-10:00job:security_camera_frame_grab RUN  bash "/home/rootrecord/RootRecord-Ecosystem/1 - Servers/1 - RootRecord-Pacific-Solar-Server/Security/Cameras/grab_all.sh"
2026-09-29T02:52:02-10:00job:security_camera_frame_grab | 02:51:50  📷  a-eyes  ch1 → ch1-20260929T125150Z.jpg  (310.8 KB, 4.25s)
2026-09-29T02:52:02-10:00job:security_camera_frame_grab | 02:51:55  📷  a-eyes  ch2 → ch2-20260929T125155Z.jpg  (341.7 KB, 4.27s)
2026-09-29T02:52:02-10:00job:security_camera_frame_grab | 02:51:59  📷  a-eyes  ch3 → ch3-20260929T125159Z.jpg  (12.0 KB, 1.61s)
2026-09-29T02:52:02-10:00job:security_camera_frame_grab | 02:52:01  📷  a-eyes  ch4 → ch4-20260929T125201Z.jpg  (12.0 KB, 1.72s)
2026-09-29T02:52:04-10:00  ▸  SUMMARY=delta2 soc=78% solar=0W ac_out=0W usbc=29W src=api db=ok
2026-09-29T02:52:04-10:00job:sys_stats_cycle RUN  bash "/home/rootrecord/RootRecord-Ecosystem/1 - Servers/1 - RootRecord-Pacific-Solar-Server/System/scripts/sys-sample.sh"
2026-09-29T02:52:04-10:00job:sys_stats_cycle | SYSTEM  cpu=8%  load=0.79  mem=59%  src=sqlite
2026-09-29T02:52:04-10:00job:sys_stats_cycle | OK wrote /home/rootrecord/RootRecord-Ecosystem/2 - RootRecord-Database/SYSTEM/samples/sys-20260929-025204.json
2026-09-29T02:52:29-10:00job:github_sync_all | — [pacific] no local changes
2026-09-29T02:52:29-10:00job:github_sync_all | ↓ [pacific] fetching origin/main
2026-09-29T02:52:29-10:00job:github_sync_all | From github.com:RootRecord-Software-Solutions/RootRecord-Pacific-Solar-Server
2026-09-29T02:52:29-10:00job:github_sync_all | * branch            main       -> FETCH_HEAD
2026-09-29T02:52:29-10:00job:github_sync_all | — [pacific] local and GitHub already match
2026-09-29T02:52:29-10:00job:github_sync_all | — [pacific] nothing to push
2026-09-29T02:52:29-10:00job:github_sync_all | ↑ [database] committed 12 local file(s)
2026-09-29T02:52:29-10:00job:github_sync_all | ↓ [database] fetching origin/main
2026-09-29T02:52:29-10:00job:github_sync_all | From github.com:RootRecord-Software-Solutions/RootRecord-Database
2026-09-29T02:52:29-10:00job:github_sync_all | * branch            main       -> FETCH_HEAD
2026-09-29T02:52:29-10:00job:github_sync_all | ↑ [database] local is ahead of GitHub
2026-09-29T02:52:29-10:00job:github_sync_all | To github.com:RootRecord-Software-Solutions/RootRecord-Database.git
2026-09-29T02:52:29-10:00job:github_sync_all | d16006a..775fa63  HEAD -> main
2026-09-29T02:52:29-10:00job:github_sync_all | branch 'main' set up to track 'origin/main'.
2026-09-29T02:52:29-10:00job:github_sync_all | ↑ [database] 12 files → RootRecord-Software-Solutions/RootRecord-Database (main)
2026-09-29T02:52:29-10:00job:github_sync_all | — [library] no local changes
2026-09-29T02:52:29-10:00job:github_sync_all | ↓ [library] fetching origin/main
2026-09-29T02:52:29-10:00job:github_sync_all | From github.com:RootRecord-Software-Solutions/RootRecord-Library
2026-09-29T02:52:29-10:00job:github_sync_all | * branch            main       -> FETCH_HEAD
2026-09-29T02:52:29-10:00job:github_sync_all | — [library] local and GitHub already match
2026-09-29T02:52:29-10:00job:github_sync_all | — [library] nothing to push
2026-09-29T02:52:29-10:00job:github_sync_all | — [skills] no local changes
2026-09-29T02:52:29-10:00job:github_sync_all | ↓ [skills] fetching origin/main
2026-09-29T02:52:29-10:00job:github_sync_all | From github.com:rootrecordsoftwaresolutions/Solar-Pacific-RootRecord-Server
2026-09-29T02:52:29-10:00job:github_sync_all | * branch            main       -> FETCH_HEAD
2026-09-29T02:52:29-10:00job:github_sync_all | — [skills] local and GitHub already match
2026-09-29T02:52:29-10:00job:github_sync_all | — [skills] nothing to push
2026-09-29T02:52:29-10:00job:worklog_scan RUN  bash "/home/rootrecord/RootRecord-Ecosystem/1 - Servers/1 - RootRecord-Pacific-Solar-Server/Reports/scripts/worklog_once.sh"
2026-09-29T02:52:37-10:00job:worklog_scan | OK wrote/updated /home/rootrecord/RootRecord-Ecosystem/2 - RootRecord-Database/WORKLOG/worklog_current.md
2026-09-29T02:52:37-10:00job:security_camera_frame_grab RUN  bash "/home/rootrecord/RootRecord-Ecosystem/1 - Servers/1 - RootRecord-Pacific-Solar-Server/Security/Cameras/grab_all.sh"
2026-09-29T02:52:49-10:00job:security_camera_frame_grab | 02:52:37  📷  a-eyes  ch1 → ch1-20260929T125237Z.jpg  (310.3 KB, 4.58s)
2026-09-29T02:52:49-10:00job:security_camera_frame_grab | 02:52:41  📷  a-eyes  ch2 → ch2-20260929T125241Z.jpg  (342.7 KB, 4.42s)
2026-09-29T02:52:49-10:00job:security_camera_frame_grab | 02:52:46  📷  a-eyes  ch3 → ch3-20260929T125246Z.jpg  (12.1 KB, 1.68s)
2026-09-29T02:52:49-10:00job:security_camera_frame_grab | 02:52:47  📷  a-eyes  ch4 → ch4-20260929T125247Z.jpg  (12.0 KB, 1.60s)
2026-09-29T02:52:50-10:00ENERGY  status=live  B2=78%  B1=0%  solar=0 W  ac=0 W  usbc=29 W  src=/home/rootrecord/RootRecord-Ecosystem/2 - RootRecord-Database/ENERGY
2026-09-29T02:52:50-10:00  ▸  SUMMARY=delta2 soc=78% solar=0W ac_out=0W usbc=29W src=api db=ok
2026-09-29T02:52:50-10:00job:sys_stats_cycle RUN  bash "/home/rootrecord/RootRecord-Ecosystem/1 - Servers/1 - RootRecord-Pacific-Solar-Server/System/scripts/sys-sample.sh"
2026-09-29T02:52:51-10:00job:sys_stats_cycle | SYSTEM  cpu=16%  load=1.68  mem=87%  src=sqlite
2026-09-29T02:52:51-10:00job:sys_stats_cycle | OK wrote /home/rootrecord/RootRecord-Ecosystem/2 - RootRecord-Database/SYSTEM/samples/sys-20260929-025251.json
2026-09-29T02:53:16-10:00job:github_sync_all | — [pacific] no local changes
2026-09-29T02:53:16-10:00job:github_sync_all | ↓ [pacific] fetching origin/main
2026-09-29T02:53:16-10:00job:github_sync_all | From github.com:RootRecord-Software-Solutions/RootRecord-Pacific-Solar-Server
2026-09-29T02:53:16-10:00job:github_sync_all | * branch            main       -> FETCH_HEAD
2026-09-29T02:53:16-10:00job:github_sync_all | — [pacific] local and GitHub already match
2026-09-29T02:53:16-10:00job:github_sync_all | — [pacific] nothing to push
2026-09-29T02:53:16-10:00job:github_sync_all | ↑ [database] committed 16 local file(s)
2026-09-29T02:53:16-10:00job:github_sync_all | ↓ [database] fetching origin/main
2026-09-29T02:53:16-10:00job:github_sync_all | From github.com:RootRecord-Software-Solutions/RootRecord-Database
2026-09-29T02:53:16-10:00job:github_sync_all | * branch            main       -> FETCH_HEAD
2026-09-29T02:53:16-10:00job:github_sync_all | ↑ [database] local is ahead of GitHub
2026-09-29T02:53:16-10:00job:github_sync_all | To github.com:RootRecord-Software-Solutions/RootRecord-Database.git
2026-09-29T02:53:16-10:00job:github_sync_all | 775fa63..d64b8fd  HEAD -> main
2026-09-29T02:53:16-10:00job:github_sync_all | branch 'main' set up to track 'origin/main'.
2026-09-29T02:53:16-10:00job:github_sync_all | ↑ [database] 16 files → RootRecord-Software-Solutions/RootRecord-Database (main)
2026-09-29T02:53:16-10:00job:github_sync_all | — [library] no local changes
2026-09-29T02:53:16-10:00job:github_sync_all | ↓ [library] fetching origin/main
2026-09-29T02:53:16-10:00job:github_sync_all | From github.com:RootRecord-Software-Solutions/RootRecord-Library
2026-09-29T02:53:16-10:00job:github_sync_all | * branch            main       -> FETCH_HEAD
2026-09-29T02:53:16-10:00job:github_sync_all | — [library] local and GitHub already match
2026-09-29T02:53:16-10:00job:github_sync_all | — [library] nothing to push
2026-09-29T02:53:16-10:00job:github_sync_all | — [skills] no local changes
2026-09-29T02:53:16-10:00job:github_sync_all | ↓ [skills] fetching origin/main
2026-09-29T02:53:16-10:00job:github_sync_all | From github.com:rootrecordsoftwaresolutions/Solar-Pacific-RootRecord-Server
2026-09-29T02:53:16-10:00job:github_sync_all | * branch            main       -> FETCH_HEAD
2026-09-29T02:53:16-10:00job:github_sync_all | — [skills] local and GitHub already match
2026-09-29T02:53:16-10:00job:github_sync_all | — [skills] nothing to push
2026-09-29T02:53:16-10:00job:security_camera_frame_grab RUN  bash "/home/rootrecord/RootRecord-Ecosystem/1 - Servers/1 - RootRecord-Pacific-Solar-Server/Security/Cameras/grab_all.sh"
2026-09-29T02:53:29-10:00job:security_camera_frame_grab | 02:53:17  📷  a-eyes  ch1 → ch1-20260929T125317Z.jpg  (310.7 KB, 4.35s)
2026-09-29T02:53:29-10:00job:security_camera_frame_grab | 02:53:21  📷  a-eyes  ch2 → ch2-20260929T125321Z.jpg  (342.2 KB, 4.42s)
2026-09-29T02:53:29-10:00job:security_camera_frame_grab | 02:53:25  📷  a-eyes  ch3 → ch3-20260929T125325Z.jpg  (12.1 KB, 1.68s)
2026-09-29T02:53:29-10:00job:security_camera_frame_grab | 02:53:27  📷  a-eyes  ch4 → ch4-20260929T125327Z.jpg  (12.1 KB, 1.74s)
2026-09-29T02:53:30-10:00  ▸  SUMMARY=river2pro soc=0% solar=0W ac_out=73W usbc=95W src=api db=ok
2026-09-29T02:53:30-10:00job:sys_stats_cycle RUN  bash "/home/rootrecord/RootRecord-Ecosystem/1 - Servers/1 - RootRecord-Pacific-Solar-Server/System/scripts/sys-sample.sh"
2026-09-29T02:53:31-10:00job:sys_stats_cycle | SYSTEM  cpu=16%  load=1.78  mem=48%  src=sqlite
2026-09-29T02:53:31-10:00job:sys_stats_cycle | OK wrote /home/rootrecord/RootRecord-Ecosystem/2 - RootRecord-Database/SYSTEM/samples/sys-20260929-025330.json
2026-09-29T02:53:57-10:00job:github_sync_all | — [pacific] no local changes
2026-09-29T02:53:57-10:00job:github_sync_all | ↓ [pacific] fetching origin/main
2026-09-29T02:53:57-10:00job:github_sync_all | From github.com:RootRecord-Software-Solutions/RootRecord-Pacific-Solar-Server
2026-09-29T02:53:57-10:00job:github_sync_all | * branch            main       -> FETCH_HEAD
2026-09-29T02:53:57-10:00job:github_sync_all | — [pacific] local and GitHub already match
2026-09-29T02:53:57-10:00job:github_sync_all | — [pacific] nothing to push
2026-09-29T02:53:57-10:00job:github_sync_all | ↑ [database] committed 14 local file(s)
2026-09-29T02:53:57-10:00job:github_sync_all | ↓ [database] fetching origin/main
2026-09-29T02:53:57-10:00job:github_sync_all | From github.com:RootRecord-Software-Solutions/RootRecord-Database
2026-09-29T02:53:57-10:00job:github_sync_all | * branch            main       -> FETCH_HEAD
2026-09-29T02:53:57-10:00job:github_sync_all | ↑ [database] local is ahead of GitHub
2026-09-29T02:53:57-10:00job:github_sync_all | To github.com:RootRecord-Software-Solutions/RootRecord-Database.git
2026-09-29T02:53:57-10:00job:github_sync_all | d64b8fd..111b105  HEAD -> main
2026-09-29T02:53:57-10:00job:github_sync_all | branch 'main' set up to track 'origin/main'.
2026-09-29T02:53:57-10:00job:github_sync_all | ↑ [database] 14 files → RootRecord-Software-Solutions/RootRecord-Database (main)
2026-09-29T02:53:57-10:00job:github_sync_all | — [library] no local changes
2026-09-29T02:53:57-10:00job:github_sync_all | ↓ [library] fetching origin/main
2026-09-29T02:53:57-10:00job:github_sync_all | From github.com:RootRecord-Software-Solutions/RootRecord-Library
2026-09-29T02:53:57-10:00job:github_sync_all | * branch            main       -> FETCH_HEAD
2026-09-29T02:53:57-10:00job:github_sync_all | — [library] local and GitHub already match
2026-09-29T02:53:57-10:00job:github_sync_all | — [library] nothing to push
2026-09-29T02:53:57-10:00job:github_sync_all | — [skills] no local changes
2026-09-29T02:53:57-10:00job:github_sync_all | ↓ [skills] fetching origin/main
2026-09-29T02:53:57-10:00job:github_sync_all | From github.com:rootrecordsoftwaresolutions/Solar-Pacific-RootRecord-Server
2026-09-29T02:53:57-10:00job:github_sync_all | * branch            main       -> FETCH_HEAD
2026-09-29T02:53:57-10:00job:github_sync_all | — [skills] local and GitHub already match
2026-09-29T02:53:57-10:00job:github_sync_all | — [skills] nothing to push
2026-09-29T02:53:57-10:00job:security_camera_frame_grab RUN  bash "/home/rootrecord/RootRecord-Ecosystem/1 - Servers/1 - RootRecord-Pacific-Solar-Server/Security/Cameras/grab_all.sh"
2026-09-29T02:54:09-10:00job:security_camera_frame_grab | 02:53:57  📷  a-eyes  ch1 → ch1-20260929T125357Z.jpg  (310.6 KB, 4.49s)
2026-09-29T02:54:09-10:00job:security_camera_frame_grab | 02:54:02  📷  a-eyes  ch2 → ch2-20260929T125402Z.jpg  (342.0 KB, 4.28s)
2026-09-29T02:54:09-10:00job:security_camera_frame_grab | 02:54:06  📷  a-eyes  ch3 → ch3-20260929T125406Z.jpg  (12.1 KB, 1.70s)
2026-09-29T02:54:09-10:00job:security_camera_frame_grab | 02:54:08  📷  a-eyes  ch4 → ch4-20260929T125408Z.jpg  (12.0 KB, 1.72s)
2026-09-29T02:54:10-10:00ENERGY  status=live  B2=78%  B1=0%  solar=0 W  ac=0 W  usbc=29 W  src=/home/rootrecord/RootRecord-Ecosystem/2 - RootRecord-Database/ENERGY
2026-09-29T02:54:10-10:00  ▸  SUMMARY=delta2 soc=78% solar=0W ac_out=0W usbc=29W src=api db=ok
2026-09-29T02:54:10-10:00job:sys_stats_cycle RUN  bash "/home/rootrecord/RootRecord-Ecosystem/1 - Servers/1 - RootRecord-Pacific-Solar-Server/System/scripts/sys-sample.sh"
2026-09-29T02:54:11-10:00job:sys_stats_cycle | SYSTEM  cpu=17%  load=1.56  mem=48%  src=sqlite
2026-09-29T02:54:11-10:00job:sys_stats_cycle | OK wrote /home/rootrecord/RootRecord-Ecosystem/2 - RootRecord-Database/SYSTEM/samples/sys-20260929-025411.json
2026-09-29T02:54:43-10:00job:github_sync_all | ↑ [pacific] committed 2 local file(s)
2026-09-29T02:54:43-10:00job:github_sync_all | ↓ [pacific] fetching origin/main
2026-09-29T02:54:43-10:00job:github_sync_all | From github.com:RootRecord-Software-Solutions/RootRecord-Pacific-Solar-Server
2026-09-29T02:54:43-10:00job:github_sync_all | * branch            main       -> FETCH_HEAD
2026-09-29T02:54:43-10:00job:github_sync_all | ↑ [pacific] local is ahead of GitHub
2026-09-29T02:54:43-10:00job:github_sync_all | To github.com:RootRecord-Software-Solutions/RootRecord-Pacific-Solar-Server.git
2026-09-29T02:54:43-10:00job:github_sync_all | 9dedd98..809167c  HEAD -> main
2026-09-29T02:54:43-10:00job:github_sync_all | branch 'main' set up to track 'origin/main'.
2026-09-29T02:54:43-10:00job:github_sync_all | ↑ [pacific] 2 files → RootRecord-Software-Solutions/RootRecord-Pacific-Solar-Server (main)
2026-09-29T02:54:43-10:00job:github_sync_all | ↑ [database] committed 12 local file(s)
2026-09-29T02:54:43-10:00job:github_sync_all | ↓ [database] fetching origin/main
2026-09-29T02:54:43-10:00job:github_sync_all | From github.com:RootRecord-Software-Solutions/RootRecord-Database
2026-09-29T02:54:43-10:00job:github_sync_all | * branch            main       -> FETCH_HEAD
2026-09-29T02:54:43-10:00job:github_sync_all | ↑ [database] local is ahead of GitHub
2026-09-29T02:54:43-10:00job:github_sync_all | To github.com:RootRecord-Software-Solutions/RootRecord-Database.git
2026-09-29T02:54:43-10:00job:github_sync_all | 111b105..e772af1  HEAD -> main
2026-09-29T02:54:43-10:00job:github_sync_all | branch 'main' set up to track 'origin/main'.
2026-09-29T02:54:43-10:00job:github_sync_all | ↑ [database] 12 files → RootRecord-Software-Solutions/RootRecord-Database (main)
2026-09-29T02:54:43-10:00job:github_sync_all | ↑ [library] committed 3 local file(s)
2026-09-29T02:54:43-10:00job:github_sync_all | ↓ [library] fetching origin/main
2026-09-29T02:54:43-10:00job:github_sync_all | From github.com:RootRecord-Software-Solutions/RootRecord-Library
2026-09-29T02:54:43-10:00job:github_sync_all | * branch            main       -> FETCH_HEAD
2026-09-29T02:54:43-10:00job:github_sync_all | ↑ [library] local is ahead of GitHub
2026-09-29T02:54:43-10:00job:github_sync_all | To github.com:RootRecord-Software-Solutions/RootRecord-Library.git
2026-09-29T02:54:43-10:00job:github_sync_all | cc79f8e..7df3f05  HEAD -> main
2026-09-29T02:54:43-10:00job:github_sync_all | branch 'main' set up to track 'origin/main'.
2026-09-29T02:54:43-10:00job:github_sync_all | ↑ [library] 3 files → RootRecord-Software-Solutions/RootRecord-Library (main)
2026-09-29T02:54:43-10:00job:github_sync_all | — [skills] no local changes
2026-09-29T02:54:43-10:00job:github_sync_all | ↓ [skills] fetching origin/main
2026-09-29T02:54:43-10:00job:github_sync_all | From github.com:rootrecordsoftwaresolutions/Solar-Pacific-RootRecord-Server
2026-09-29T02:54:43-10:00job:github_sync_all | * branch            main       -> FETCH_HEAD
2026-09-29T02:54:43-10:00job:github_sync_all | — [skills] local and GitHub already match
2026-09-29T02:54:43-10:00job:github_sync_all | — [skills] nothing to push
2026-09-29T02:54:43-10:00job:worklog_scan RUN  bash "/home/rootrecord/RootRecord-Ecosystem/1 - Servers/1 - RootRecord-Pacific-Solar-Server/Reports/scripts/worklog_once.sh"
2026-09-29T02:54:48-10:00job:worklog_scan | OK wrote/updated /home/rootrecord/RootRecord-Ecosystem/2 - RootRecord-Database/WORKLOG/worklog_current.md
2026-09-29T02:54:48-10:00job:security_camera_frame_grab RUN  bash "/home/rootrecord/RootRecord-Ecosystem/1 - Servers/1 - RootRecord-Pacific-Solar-Server/Security/Cameras/grab_all.sh"
2026-09-29T02:55:00-10:00job:security_camera_frame_grab | 02:54:48  📷  a-eyes  ch1 → ch1-20260929T125448Z.jpg  (312.6 KB, 4.49s)
2026-09-29T02:55:00-10:00job:security_camera_frame_grab | 02:54:53  📷  a-eyes  ch2 → ch2-20260929T125453Z.jpg  (342.4 KB, 4.48s)
2026-09-29T02:55:00-10:00job:security_camera_frame_grab | 02:54:57  📷  a-eyes  ch3 → ch3-20260929T125457Z.jpg  (12.1 KB, 1.63s)
2026-09-29T02:55:00-10:00job:security_camera_frame_grab | 02:54:59  📷  a-eyes  ch4 → ch4-20260929T125459Z.jpg  (12.0 KB, 1.57s)
2026-09-29T02:55:02-10:00  ▸  SUMMARY=delta2 soc=78% solar=0W ac_out=0W usbc=29W src=api db=ok
2026-09-29T02:55:02-10:00job:sys_stats_cycle RUN  bash "/home/rootrecord/RootRecord-Ecosystem/1 - Servers/1 - RootRecord-Pacific-Solar-Server/System/scripts/sys-sample.sh"
2026-09-29T02:55:03-10:00job:sys_stats_cycle | SYSTEM  cpu=11%  load=1.52  mem=48%  src=sqlite
2026-09-29T02:55:03-10:00job:sys_stats_cycle | OK wrote /home/rootrecord/RootRecord-Ecosystem/2 - RootRecord-Database/SYSTEM/samples/sys-20260929-025503.json
2026-09-29T02:55:30-10:00job:github_sync_all | — [pacific] no local changes
2026-09-29T02:55:30-10:00job:github_sync_all | ↓ [pacific] fetching origin/main
2026-09-29T02:55:30-10:00job:github_sync_all | From github.com:RootRecord-Software-Solutions/RootRecord-Pacific-Solar-Server
2026-09-29T02:55:30-10:00job:github_sync_all | * branch            main       -> FETCH_HEAD
2026-09-29T02:55:30-10:00job:github_sync_all | — [pacific] local and GitHub already match
2026-09-29T02:55:30-10:00job:github_sync_all | — [pacific] nothing to push
2026-09-29T02:55:30-10:00job:github_sync_all | ↑ [database] committed 18 local file(s)
2026-09-29T02:55:30-10:00job:github_sync_all | ↓ [database] fetching origin/main
2026-09-29T02:55:30-10:00job:github_sync_all | From github.com:RootRecord-Software-Solutions/RootRecord-Database
2026-09-29T02:55:30-10:00job:github_sync_all | * branch            main       -> FETCH_HEAD
2026-09-29T02:55:30-10:00job:github_sync_all | ↑ [database] local is ahead of GitHub
2026-09-29T02:55:30-10:00job:github_sync_all | To github.com:RootRecord-Software-Solutions/RootRecord-Database.git
2026-09-29T02:55:30-10:00job:github_sync_all | e772af1..bfa4e52  HEAD -> main
2026-09-29T02:55:30-10:00job:github_sync_all | branch 'main' set up to track 'origin/main'.
2026-09-29T02:55:30-10:00job:github_sync_all | ↑ [database] 18 files → RootRecord-Software-Solutions/RootRecord-Database (main)
2026-09-29T02:55:30-10:00job:github_sync_all | — [library] no local changes
2026-09-29T02:55:30-10:00job:github_sync_all | ↓ [library] fetching origin/main
2026-09-29T02:55:30-10:00job:github_sync_all | From github.com:RootRecord-Software-Solutions/RootRecord-Library
2026-09-29T02:55:30-10:00job:github_sync_all | * branch            main       -> FETCH_HEAD
2026-09-29T02:55:30-10:00job:github_sync_all | — [library] local and GitHub already match
2026-09-29T02:55:30-10:00job:github_sync_all | — [library] nothing to push
2026-09-29T02:55:30-10:00job:github_sync_all | — [skills] no local changes
2026-09-29T02:55:30-10:00job:github_sync_all | ↓ [skills] fetching origin/main
2026-09-29T02:55:30-10:00job:github_sync_all | From github.com:rootrecordsoftwaresolutions/Solar-Pacific-RootRecord-Server
2026-09-29T02:55:30-10:00job:github_sync_all | * branch            main       -> FETCH_HEAD
2026-09-29T02:55:30-10:00job:github_sync_all | — [skills] local and GitHub already match
2026-09-29T02:55:30-10:00job:github_sync_all | — [skills] nothing to push
2026-09-29T02:55:30-10:00job:security_camera_frame_grab RUN  bash "/home/rootrecord/RootRecord-Ecosystem/1 - Servers/1 - RootRecord-Pacific-Solar-Server/Security/Cameras/grab_all.sh"
2026-09-29T02:55:41-10:00job:security_camera_frame_grab | 02:55:30  📷  a-eyes  ch1 → ch1-20260929T125530Z.jpg  (310.7 KB, 4.26s)
2026-09-29T02:55:41-10:00job:security_camera_frame_grab | 02:55:34  📷  a-eyes  ch2 → ch2-20260929T125534Z.jpg  (342.3 KB, 4.25s)
2026-09-29T02:55:41-10:00job:security_camera_frame_grab | 02:55:38  📷  a-eyes  ch3 → ch3-20260929T125538Z.jpg  (12.1 KB, 1.52s)
2026-09-29T02:55:41-10:00job:security_camera_frame_grab | 02:55:40  📷  a-eyes  ch4 → ch4-20260929T125540Z.jpg  (12.1 KB, 1.70s)
2026-09-29T02:55:42-10:00ENERGY  status=live  B2=78%  B1=0%  solar=0 W  ac=0 W  usbc=29 W  src=/home/rootrecord/RootRecord-Ecosystem/2 - RootRecord-Database/ENERGY
2026-09-29T02:55:43-10:00  ▸  SUMMARY=delta2 soc=78% solar=0W ac_out=0W usbc=29W src=api db=ok
2026-09-29T02:55:43-10:00job:sys_stats_cycle RUN  bash "/home/rootrecord/RootRecord-Ecosystem/1 - Servers/1 - RootRecord-Pacific-Solar-Server/System/scripts/sys-sample.sh"
2026-09-29T02:55:43-10:00job:sys_stats_cycle | SYSTEM  cpu=13%  load=1.45  mem=48%  src=sqlite
2026-09-29T02:55:43-10:00job:sys_stats_cycle | OK wrote /home/rootrecord/RootRecord-Ecosystem/2 - RootRecord-Database/SYSTEM/samples/sys-20260929-025543.json
2026-09-29T02:56:07-10:00job:github_sync_all | — [pacific] no local changes
2026-09-29T02:56:07-10:00job:github_sync_all | ↓ [pacific] fetching origin/main
2026-09-29T02:56:07-10:00job:github_sync_all | From github.com:RootRecord-Software-Solutions/RootRecord-Pacific-Solar-Server
2026-09-29T02:56:07-10:00job:github_sync_all | * branch            main       -> FETCH_HEAD
2026-09-29T02:56:07-10:00job:github_sync_all | — [pacific] local and GitHub already match
2026-09-29T02:56:07-10:00job:github_sync_all | — [pacific] nothing to push
2026-09-29T02:56:07-10:00job:github_sync_all | ↑ [database] committed 11 local file(s)
2026-09-29T02:56:07-10:00job:github_sync_all | ↓ [database] fetching origin/main
2026-09-29T02:56:07-10:00job:github_sync_all | From github.com:RootRecord-Software-Solutions/RootRecord-Database
2026-09-29T02:56:07-10:00job:github_sync_all | * branch            main       -> FETCH_HEAD
2026-09-29T02:56:07-10:00job:github_sync_all | ↑ [database] local is ahead of GitHub
2026-09-29T02:56:07-10:00job:github_sync_all | To github.com:RootRecord-Software-Solutions/RootRecord-Database.git
2026-09-29T02:56:07-10:00job:github_sync_all | bfa4e52..f99da87  HEAD -> main
2026-09-29T02:56:07-10:00job:github_sync_all | branch 'main' set up to track 'origin/main'.
2026-09-29T02:56:07-10:00job:github_sync_all | ↑ [database] 11 files → RootRecord-Software-Solutions/RootRecord-Database (main)
2026-09-29T02:56:07-10:00job:github_sync_all | — [library] no local changes
2026-09-29T02:56:07-10:00job:github_sync_all | ↓ [library] fetching origin/main
2026-09-29T02:56:07-10:00job:github_sync_all | From github.com:RootRecord-Software-Solutions/RootRecord-Library
2026-09-29T02:56:07-10:00job:github_sync_all | * branch            main       -> FETCH_HEAD
2026-09-29T02:56:07-10:00job:github_sync_all | — [library] local and GitHub already match
2026-09-29T02:56:07-10:00job:github_sync_all | — [library] nothing to push
2026-09-29T02:56:07-10:00job:github_sync_all | — [skills] no local changes
2026-09-29T02:56:07-10:00job:github_sync_all | ↓ [skills] fetching origin/main
2026-09-29T02:56:07-10:00job:github_sync_all | From github.com:rootrecordsoftwaresolutions/Solar-Pacific-RootRecord-Server
2026-09-29T02:56:07-10:00job:github_sync_all | * branch            main       -> FETCH_HEAD
2026-09-29T02:56:07-10:00job:github_sync_all | — [skills] local and GitHub already match
2026-09-29T02:56:07-10:00job:github_sync_all | — [skills] nothing to push
2026-09-29T02:56:07-10:00job:worklog_scan RUN  bash "/home/rootrecord/RootRecord-Ecosystem/1 - Servers/1 - RootRecord-Pacific-Solar-Server/Reports/scripts/worklog_once.sh"
2026-09-29T02:56:11-10:00job:worklog_scan | OK wrote/updated /home/rootrecord/RootRecord-Ecosystem/2 - RootRecord-Database/WORKLOG/worklog_current.md
2026-09-29T02:56:11-10:00job:security_camera_frame_grab RUN  bash "/home/rootrecord/RootRecord-Ecosystem/1 - Servers/1 - RootRecord-Pacific-Solar-Server/Security/Cameras/grab_all.sh"
2026-09-29T02:56:22-10:00job:security_camera_frame_grab | 02:56:11  📷  a-eyes  ch1 → ch1-20260929T125611Z.jpg  (309.8 KB, 4.32s)
2026-09-29T02:56:22-10:00job:security_camera_frame_grab | 02:56:15  📷  a-eyes  ch2 → ch2-20260929T125615Z.jpg  (342.0 KB, 4.32s)
2026-09-29T02:56:22-10:00job:security_camera_frame_grab | 02:56:19  📷  a-eyes  ch3 → ch3-20260929T125619Z.jpg  (12.1 KB, 1.57s)
2026-09-29T02:56:22-10:00job:security_camera_frame_grab | 02:56:21  📷  a-eyes  ch4 → ch4-20260929T125621Z.jpg  (12.0 KB, 1.53s)
2026-09-29T02:56:24-10:00  ▸  SUMMARY=delta2 soc=78% solar=0W ac_out=0W usbc=29W src=api db=ok
2026-09-29T02:56:24-10:00job:sys_stats_cycle RUN  bash "/home/rootrecord/RootRecord-Ecosystem/1 - Servers/1 - RootRecord-Pacific-Solar-Server/System/scripts/sys-sample.sh"
2026-09-29T02:56:24-10:00job:sys_stats_cycle | SYSTEM  cpu=8%  load=1.51  mem=48%  src=sqlite
2026-09-29T02:56:24-10:00job:sys_stats_cycle | OK wrote /home/rootrecord/RootRecord-Ecosystem/2 - RootRecord-Database/SYSTEM/samples/sys-20260929-025624.json
2026-09-29T02:56:50-10:00job:github_sync_all | — [pacific] no local changes
2026-09-29T02:56:50-10:00job:github_sync_all | ↓ [pacific] fetching origin/main
2026-09-29T02:56:50-10:00job:github_sync_all | From github.com:RootRecord-Software-Solutions/RootRecord-Pacific-Solar-Server
2026-09-29T02:56:50-10:00job:github_sync_all | * branch            main       -> FETCH_HEAD
2026-09-29T02:56:50-10:00job:github_sync_all | — [pacific] local and GitHub already match
2026-09-29T02:56:50-10:00job:github_sync_all | — [pacific] nothing to push
2026-09-29T02:56:50-10:00job:github_sync_all | ↑ [database] committed 15 local file(s)
2026-09-29T02:56:50-10:00job:github_sync_all | ↓ [database] fetching origin/main
2026-09-29T02:56:50-10:00job:github_sync_all | From github.com:RootRecord-Software-Solutions/RootRecord-Database
2026-09-29T02:56:50-10:00job:github_sync_all | * branch            main       -> FETCH_HEAD
2026-09-29T02:56:50-10:00job:github_sync_all | ↑ [database] local is ahead of GitHub
2026-09-29T02:56:50-10:00job:github_sync_all | To github.com:RootRecord-Software-Solutions/RootRecord-Database.git
2026-09-29T02:56:50-10:00job:github_sync_all | f99da87..cf56fae  HEAD -> main
2026-09-29T02:56:50-10:00job:github_sync_all | branch 'main' set up to track 'origin/main'.
2026-09-29T02:56:50-10:00job:github_sync_all | ↑ [database] 15 files → RootRecord-Software-Solutions/RootRecord-Database (main)
2026-09-29T02:56:50-10:00job:github_sync_all | — [library] no local changes
2026-09-29T02:56:50-10:00job:github_sync_all | ↓ [library] fetching origin/main
2026-09-29T02:56:50-10:00job:github_sync_all | From github.com:RootRecord-Software-Solutions/RootRecord-Library
2026-09-29T02:56:50-10:00job:github_sync_all | * branch            main       -> FETCH_HEAD
2026-09-29T02:56:50-10:00job:github_sync_all | — [library] local and GitHub already match
2026-09-29T02:56:50-10:00job:github_sync_all | — [library] nothing to push
2026-09-29T02:56:50-10:00job:github_sync_all | — [skills] no local changes
2026-09-29T02:56:50-10:00job:github_sync_all | ↓ [skills] fetching origin/main
2026-09-29T02:56:50-10:00job:github_sync_all | From github.com:rootrecordsoftwaresolutions/Solar-Pacific-RootRecord-Server
2026-09-29T02:56:50-10:00job:github_sync_all | * branch            main       -> FETCH_HEAD
2026-09-29T02:56:50-10:00job:github_sync_all | — [skills] local and GitHub already match
2026-09-29T02:56:50-10:00job:github_sync_all | — [skills] nothing to push
2026-09-29T02:56:50-10:00job:security_camera_frame_grab RUN  bash "/home/rootrecord/RootRecord-Ecosystem/1 - Servers/1 - RootRecord-Pacific-Solar-Server/Security/Cameras/grab_all.sh"
2026-09-29T02:57:02-10:00job:security_camera_frame_grab | 02:56:50  📷  a-eyes  ch1 → ch1-20260929T125650Z.jpg  (310.4 KB, 4.32s)
2026-09-29T02:57:02-10:00job:security_camera_frame_grab | 02:56:54  📷  a-eyes  ch2 → ch2-20260929T125654Z.jpg  (342.8 KB, 4.47s)
2026-09-29T02:57:02-10:00job:security_camera_frame_grab | 02:56:59  📷  a-eyes  ch3 → ch3-20260929T125659Z.jpg  (12.1 KB, 1.50s)
2026-09-29T02:57:02-10:00job:security_camera_frame_grab | 02:57:00  📷  a-eyes  ch4 → ch4-20260929T125700Z.jpg  (12.0 KB, 1.61s)
2026-09-29T02:57:02-10:00ENERGY  status=live  B2=78%  B1=0%  solar=0 W  ac=0 W  usbc=29 W  src=/home/rootrecord/RootRecord-Ecosystem/2 - RootRecord-Database/ENERGY
2026-09-29T02:57:03-10:00  ▸  SUMMARY=delta2 soc=78% solar=0W ac_out=0W usbc=29W src=api db=ok
2026-09-29T02:57:03-10:00job:sys_stats_cycle RUN  bash "/home/rootrecord/RootRecord-Ecosystem/1 - Servers/1 - RootRecord-Pacific-Solar-Server/System/scripts/sys-sample.sh"
2026-09-29T02:57:03-10:00job:sys_stats_cycle | SYSTEM  cpu=14%  load=1.35  mem=48%  src=sqlite
2026-09-29T02:57:03-10:00job:sys_stats_cycle | OK wrote /home/rootrecord/RootRecord-Ecosystem/2 - RootRecord-Database/SYSTEM/samples/sys-20260929-025703.json
2026-09-29T02:57:28-10:00job:github_sync_all | — [pacific] no local changes
2026-09-29T02:57:28-10:00job:github_sync_all | ↓ [pacific] fetching origin/main
2026-09-29T02:57:28-10:00job:github_sync_all | From github.com:RootRecord-Software-Solutions/RootRecord-Pacific-Solar-Server
2026-09-29T02:57:28-10:00job:github_sync_all | * branch            main       -> FETCH_HEAD
2026-09-29T02:57:28-10:00job:github_sync_all | — [pacific] local and GitHub already match
2026-09-29T02:57:28-10:00job:github_sync_all | — [pacific] nothing to push
2026-09-29T02:57:28-10:00job:github_sync_all | ↑ [database] committed 12 local file(s)
2026-09-29T02:57:28-10:00job:github_sync_all | ↓ [database] fetching origin/main
2026-09-29T02:57:28-10:00job:github_sync_all | From github.com:RootRecord-Software-Solutions/RootRecord-Database
2026-09-29T02:57:28-10:00job:github_sync_all | * branch            main       -> FETCH_HEAD
2026-09-29T02:57:28-10:00job:github_sync_all | ↑ [database] local is ahead of GitHub
2026-09-29T02:57:28-10:00job:github_sync_all | To github.com:RootRecord-Software-Solutions/RootRecord-Database.git
2026-09-29T02:57:28-10:00job:github_sync_all | cf56fae..90555f6  HEAD -> main
2026-09-29T02:57:28-10:00job:github_sync_all | branch 'main' set up to track 'origin/main'.
2026-09-29T02:57:28-10:00job:github_sync_all | ↑ [database] 12 files → RootRecord-Software-Solutions/RootRecord-Database (main)
2026-09-29T02:57:28-10:00job:github_sync_all | — [library] no local changes
2026-09-29T02:57:28-10:00job:github_sync_all | ↓ [library] fetching origin/main
2026-09-29T02:57:28-10:00job:github_sync_all | From github.com:RootRecord-Software-Solutions/RootRecord-Library
2026-09-29T02:57:28-10:00job:github_sync_all | * branch            main       -> FETCH_HEAD
2026-09-29T02:57:28-10:00job:github_sync_all | — [library] local and GitHub already match
2026-09-29T02:57:28-10:00job:github_sync_all | — [library] nothing to push
2026-09-29T02:57:28-10:00job:github_sync_all | — [skills] no local changes
2026-09-29T02:57:28-10:00job:github_sync_all | ↓ [skills] fetching origin/main
2026-09-29T02:57:28-10:00job:github_sync_all | From github.com:rootrecordsoftwaresolutions/Solar-Pacific-RootRecord-Server
2026-09-29T02:57:28-10:00job:github_sync_all | * branch            main       -> FETCH_HEAD
2026-09-29T02:57:28-10:00job:github_sync_all | — [skills] local and GitHub already match
2026-09-29T02:57:28-10:00job:github_sync_all | — [skills] nothing to push
2026-09-29T02:57:28-10:00job:security_camera_frame_grab RUN  bash "/home/rootrecord/RootRecord-Ecosystem/1 - Servers/1 - RootRecord-Pacific-Solar-Server/Security/Cameras/grab_all.sh"
2026-09-29T02:57:40-10:00job:security_camera_frame_grab | 02:57:28  📷  a-eyes  ch1 → ch1-20260929T125728Z.jpg  (312.3 KB, 4.45s)
2026-09-29T02:57:40-10:00job:security_camera_frame_grab | 02:57:32  📷  a-eyes  ch2 → ch2-20260929T125732Z.jpg  (343.7 KB, 4.39s)
2026-09-29T02:57:40-10:00job:security_camera_frame_grab | 02:57:37  📷  a-eyes  ch3 → ch3-20260929T125737Z.jpg  (12.1 KB, 1.48s)
2026-09-29T02:57:40-10:00job:security_camera_frame_grab | 02:57:38  📷  a-eyes  ch4 → ch4-20260929T125738Z.jpg  (12.1 KB, 1.62s)
2026-09-29T02:57:41-10:00  ▸  SUMMARY=delta2 soc=78% solar=0W ac_out=0W usbc=29W src=api db=ok
2026-09-29T02:57:41-10:00job:sys_stats_cycle RUN  bash "/home/rootrecord/RootRecord-Ecosystem/1 - Servers/1 - RootRecord-Pacific-Solar-Server/System/scripts/sys-sample.sh"
2026-09-29T02:57:42-10:00job:sys_stats_cycle | SYSTEM  cpu=20%  load=1.32  mem=49%  src=sqlite
2026-09-29T02:57:42-10:00job:sys_stats_cycle | OK wrote /home/rootrecord/RootRecord-Ecosystem/2 - RootRecord-Database/SYSTEM/samples/sys-20260929-025742.json
2026-09-29T02:58:06-10:00job:github_sync_all | — [pacific] no local changes
2026-09-29T02:58:06-10:00job:github_sync_all | ↓ [pacific] fetching origin/main
2026-09-29T02:58:06-10:00job:github_sync_all | From github.com:RootRecord-Software-Solutions/RootRecord-Pacific-Solar-Server
2026-09-29T02:58:06-10:00job:github_sync_all | * branch            main       -> FETCH_HEAD
2026-09-29T02:58:06-10:00job:github_sync_all | — [pacific] local and GitHub already match
2026-09-29T02:58:06-10:00job:github_sync_all | — [pacific] nothing to push
2026-09-29T02:58:06-10:00job:github_sync_all | ↑ [database] committed 11 local file(s)
2026-09-29T02:58:06-10:00job:github_sync_all | ↓ [database] fetching origin/main
2026-09-29T02:58:06-10:00job:github_sync_all | From github.com:RootRecord-Software-Solutions/RootRecord-Database
2026-09-29T02:58:06-10:00job:github_sync_all | * branch            main       -> FETCH_HEAD
2026-09-29T02:58:06-10:00job:github_sync_all | ↑ [database] local is ahead of GitHub
2026-09-29T02:58:06-10:00job:github_sync_all | To github.com:RootRecord-Software-Solutions/RootRecord-Database.git
2026-09-29T02:58:06-10:00job:github_sync_all | 90555f6..23916b3  HEAD -> main
2026-09-29T02:58:06-10:00job:github_sync_all | branch 'main' set up to track 'origin/main'.
2026-09-29T02:58:06-10:00job:github_sync_all | ↑ [database] 11 files → RootRecord-Software-Solutions/RootRecord-Database (main)
2026-09-29T02:58:06-10:00job:github_sync_all | — [library] no local changes
2026-09-29T02:58:06-10:00job:github_sync_all | ↓ [library] fetching origin/main
2026-09-29T02:58:06-10:00job:github_sync_all | From github.com:RootRecord-Software-Solutions/RootRecord-Library
2026-09-29T02:58:06-10:00job:github_sync_all | * branch            main       -> FETCH_HEAD
2026-09-29T02:58:06-10:00job:github_sync_all | — [library] local and GitHub already match
2026-09-29T02:58:06-10:00job:github_sync_all | — [library] nothing to push
2026-09-29T02:58:06-10:00job:github_sync_all | — [skills] no local changes
2026-09-29T02:58:06-10:00job:github_sync_all | ↓ [skills] fetching origin/main
2026-09-29T02:58:06-10:00job:github_sync_all | From github.com:rootrecordsoftwaresolutions/Solar-Pacific-RootRecord-Server
2026-09-29T02:58:06-10:00job:github_sync_all | * branch            main       -> FETCH_HEAD
2026-09-29T02:58:06-10:00job:github_sync_all | — [skills] local and GitHub already match
2026-09-29T02:58:06-10:00job:github_sync_all | — [skills] nothing to push
2026-09-29T02:58:06-10:00job:worklog_scan RUN  bash "/home/rootrecord/RootRecord-Ecosystem/1 - Servers/1 - RootRecord-Pacific-Solar-Server/Reports/scripts/worklog_once.sh"
2026-09-29T02:58:08-10:00job:worklog_scan | OK wrote/updated /home/rootrecord/RootRecord-Ecosystem/2 - RootRecord-Database/WORKLOG/worklog_current.md
2026-09-29T02:58:08-10:00job:security_camera_frame_grab RUN  bash "/home/rootrecord/RootRecord-Ecosystem/1 - Servers/1 - RootRecord-Pacific-Solar-Server/Security/Cameras/grab_all.sh"
2026-09-29T02:58:20-10:00job:security_camera_frame_grab | 02:58:09  📷  a-eyes  ch1 → ch1-20260929T125809Z.jpg  (313.1 KB, 4.29s)
2026-09-29T02:58:20-10:00job:security_camera_frame_grab | 02:58:13  📷  a-eyes  ch2 → ch2-20260929T125813Z.jpg  (341.7 KB, 4.24s)
2026-09-29T02:58:20-10:00job:security_camera_frame_grab | 02:58:17  📷  a-eyes  ch3 → ch3-20260929T125817Z.jpg  (12.0 KB, 1.44s)
2026-09-29T02:58:20-10:00job:security_camera_frame_grab | 02:58:19  📷  a-eyes  ch4 → ch4-20260929T125819Z.jpg  (12.0 KB, 1.48s)
2026-09-29T02:58:20-10:00ENERGY  status=live  B2=78%  B1=0%  solar=0 W  ac=0 W  usbc=29 W  src=/home/rootrecord/RootRecord-Ecosystem/2 - RootRecord-Database/ENERGY
2026-09-29T02:58:21-10:00  ▸  SUMMARY=delta2 soc=78% solar=0W ac_out=0W usbc=29W src=api db=ok
2026-09-29T02:58:21-10:00job:sys_stats_cycle RUN  bash "/home/rootrecord/RootRecord-Ecosystem/1 - Servers/1 - RootRecord-Pacific-Solar-Server/System/scripts/sys-sample.sh"
2026-09-29T02:58:22-10:00job:sys_stats_cycle | SYSTEM  cpu=30%  load=1.12  mem=49%  src=sqlite
2026-09-29T02:58:22-10:00job:sys_stats_cycle | OK wrote /home/rootrecord/RootRecord-Ecosystem/2 - RootRecord-Database/SYSTEM/samples/sys-20260929-025822.json
2026-09-29T02:58:45-10:00job:github_sync_all | — [pacific] no local changes
2026-09-29T02:58:45-10:00job:github_sync_all | ↓ [pacific] fetching origin/main
2026-09-29T02:58:45-10:00job:github_sync_all | From github.com:RootRecord-Software-Solutions/RootRecord-Pacific-Solar-Server
2026-09-29T02:58:45-10:00job:github_sync_all | * branch            main       -> FETCH_HEAD
2026-09-29T02:58:45-10:00job:github_sync_all | — [pacific] local and GitHub already match
2026-09-29T02:58:45-10:00job:github_sync_all | — [pacific] nothing to push
2026-09-29T02:58:45-10:00job:github_sync_all | ↑ [database] committed 16 local file(s)
2026-09-29T02:58:45-10:00job:github_sync_all | ↓ [database] fetching origin/main
2026-09-29T02:58:45-10:00job:github_sync_all | From github.com:RootRecord-Software-Solutions/RootRecord-Database
2026-09-29T02:58:45-10:00job:github_sync_all | * branch            main       -> FETCH_HEAD
2026-09-29T02:58:45-10:00job:github_sync_all | ↑ [database] local is ahead of GitHub
2026-09-29T02:58:45-10:00job:github_sync_all | To github.com:RootRecord-Software-Solutions/RootRecord-Database.git
2026-09-29T02:58:45-10:00job:github_sync_all | 23916b3..e31572d  HEAD -> main
2026-09-29T02:58:45-10:00job:github_sync_all | branch 'main' set up to track 'origin/main'.
2026-09-29T02:58:45-10:00job:github_sync_all | ↑ [database] 16 files → RootRecord-Software-Solutions/RootRecord-Database (main)
2026-09-29T02:58:45-10:00job:github_sync_all | — [library] no local changes
2026-09-29T02:58:45-10:00job:github_sync_all | ↓ [library] fetching origin/main
2026-09-29T02:58:45-10:00job:github_sync_all | From github.com:RootRecord-Software-Solutions/RootRecord-Library
2026-09-29T02:58:45-10:00job:github_sync_all | * branch            main       -> FETCH_HEAD
2026-09-29T02:58:45-10:00job:github_sync_all | — [library] local and GitHub already match
2026-09-29T02:58:45-10:00job:github_sync_all | — [library] nothing to push
2026-09-29T02:58:45-10:00job:github_sync_all | — [skills] no local changes
2026-09-29T02:58:45-10:00job:github_sync_all | ↓ [skills] fetching origin/main
2026-09-29T02:58:45-10:00job:github_sync_all | From github.com:rootrecordsoftwaresolutions/Solar-Pacific-RootRecord-Server
2026-09-29T02:58:45-10:00job:github_sync_all | * branch            main       -> FETCH_HEAD
2026-09-29T02:58:45-10:00job:github_sync_all | — [skills] local and GitHub already match
2026-09-29T02:58:45-10:00job:github_sync_all | — [skills] nothing to push
2026-09-29T02:58:45-10:00job:security_camera_frame_grab RUN  bash "/home/rootrecord/RootRecord-Ecosystem/1 - Servers/1 - RootRecord-Pacific-Solar-Server/Security/Cameras/grab_all.sh"
2026-09-29T02:58:57-10:00job:security_camera_frame_grab | 02:58:45  📷  a-eyes  ch1 → ch1-20260929T125845Z.jpg  (311.0 KB, 4.27s)
2026-09-29T02:58:57-10:00job:security_camera_frame_grab | 02:58:50  📷  a-eyes  ch2 → ch2-20260929T125850Z.jpg  (342.7 KB, 4.17s)
2026-09-29T02:58:57-10:00job:security_camera_frame_grab | 02:58:54  📷  a-eyes  ch3 → ch3-20260929T125854Z.jpg  (12.1 KB, 1.47s)
2026-09-29T02:58:57-10:00job:security_camera_frame_grab | 02:58:55  📷  a-eyes  ch4 → ch4-20260929T125855Z.jpg  (12.1 KB, 1.45s)
2026-09-29T02:58:58-10:00  ▸  SUMMARY=river2pro soc=0% solar=0W ac_out=73W usbc=95W src=api db=ok
2026-09-29T02:58:58-10:00job:sys_stats_cycle RUN  bash "/home/rootrecord/RootRecord-Ecosystem/1 - Servers/1 - RootRecord-Pacific-Solar-Server/System/scripts/sys-sample.sh"
2026-09-29T02:58:59-10:00job:sys_stats_cycle | SYSTEM  cpu=20%  load=1.06  mem=49%  src=sqlite
2026-09-29T02:58:59-10:00job:sys_stats_cycle | OK wrote /home/rootrecord/RootRecord-Ecosystem/2 - RootRecord-Database/SYSTEM/samples/sys-20260929-025858.json
2026-09-29T02:59:24-10:00job:github_sync_all | ↑ [pacific] committed 3 local file(s)
2026-09-29T02:59:24-10:00job:github_sync_all | ↓ [pacific] fetching origin/main
2026-09-29T02:59:24-10:00job:github_sync_all | From github.com:RootRecord-Software-Solutions/RootRecord-Pacific-Solar-Server
2026-09-29T02:59:24-10:00job:github_sync_all | * branch            main       -> FETCH_HEAD
2026-09-29T02:59:24-10:00job:github_sync_all | ↑ [pacific] local is ahead of GitHub
2026-09-29T02:59:24-10:00job:github_sync_all | To github.com:RootRecord-Software-Solutions/RootRecord-Pacific-Solar-Server.git
2026-09-29T02:59:24-10:00job:github_sync_all | 809167c..ebc32a7  HEAD -> main
2026-09-29T02:59:24-10:00job:github_sync_all | branch 'main' set up to track 'origin/main'.
2026-09-29T02:59:24-10:00job:github_sync_all | ↑ [pacific] 3 files → RootRecord-Software-Solutions/RootRecord-Pacific-Solar-Server (main)
2026-09-29T02:59:24-10:00job:github_sync_all | ↑ [database] committed 12 local file(s)
2026-09-29T02:59:24-10:00job:github_sync_all | ↓ [database] fetching origin/main
2026-09-29T02:59:24-10:00job:github_sync_all | From github.com:RootRecord-Software-Solutions/RootRecord-Database
2026-09-29T02:59:24-10:00job:github_sync_all | * branch            main       -> FETCH_HEAD
2026-09-29T02:59:24-10:00job:github_sync_all | ↑ [database] local is ahead of GitHub
2026-09-29T02:59:24-10:00job:github_sync_all | To github.com:RootRecord-Software-Solutions/RootRecord-Database.git
2026-09-29T02:59:24-10:00job:github_sync_all | e31572d..4331c0f  HEAD -> main
2026-09-29T02:59:24-10:00job:github_sync_all | branch 'main' set up to track 'origin/main'.
2026-09-29T02:59:24-10:00job:github_sync_all | ↑ [database] 12 files → RootRecord-Software-Solutions/RootRecord-Database (main)
2026-09-29T02:59:24-10:00job:github_sync_all | — [library] no local changes
2026-09-29T02:59:24-10:00job:github_sync_all | ↓ [library] fetching origin/main
2026-09-29T02:59:24-10:00job:github_sync_all | From github.com:RootRecord-Software-Solutions/RootRecord-Library
2026-09-29T02:59:24-10:00job:github_sync_all | * branch            main       -> FETCH_HEAD
2026-09-29T02:59:24-10:00job:github_sync_all | — [library] local and GitHub already match
2026-09-29T02:59:24-10:00job:github_sync_all | — [library] nothing to push
2026-09-29T02:59:24-10:00job:github_sync_all | — [skills] no local changes
2026-09-29T02:59:24-10:00job:github_sync_all | ↓ [skills] fetching origin/main
2026-09-29T02:59:24-10:00job:github_sync_all | From github.com:rootrecordsoftwaresolutions/Solar-Pacific-RootRecord-Server
2026-09-29T02:59:24-10:00job:github_sync_all | * branch            main       -> FETCH_HEAD
2026-09-29T02:59:24-10:00job:github_sync_all | — [skills] local and GitHub already match
2026-09-29T02:59:24-10:00job:github_sync_all | — [skills] nothing to push
2026-09-29T02:59:24-10:00job:security_camera_frame_grab RUN  bash "/home/rootrecord/RootRecord-Ecosystem/1 - Servers/1 - RootRecord-Pacific-Solar-Server/Security/Cameras/grab_all.sh"
2026-09-29T02:59:37-10:00job:security_camera_frame_grab | 02:59:24  📷  a-eyes  ch1 → ch1-20260929T125924Z.jpg  (310.6 KB, 4.25s)
2026-09-29T02:59:37-10:00job:security_camera_frame_grab | 02:59:29  📷  a-eyes  ch2 → ch2-20260929T125929Z.jpg  (342.1 KB, 4.53s)
2026-09-29T02:59:37-10:00job:security_camera_frame_grab | 02:59:33  📷  a-eyes  ch3 → ch3-20260929T125933Z.jpg  (12.1 KB, 1.59s)
2026-09-29T02:59:37-10:00job:security_camera_frame_grab | 02:59:35  📷  a-eyes  ch4 → ch4-20260929T125935Z.jpg  (12.1 KB, 1.67s)
2026-09-29T02:59:37-10:00ENERGY  status=live  B2=78%  B1=0%  solar=0 W  ac=0 W  usbc=29 W  src=/home/rootrecord/RootRecord-Ecosystem/2 - RootRecord-Database/ENERGY
2026-09-29T02:59:38-10:00  ▸  SUMMARY=river2pro soc=0% solar=0W ac_out=73W usbc=95W src=api db=ok
2026-09-29T02:59:38-10:00job:sys_stats_cycle RUN  bash "/home/rootrecord/RootRecord-Ecosystem/1 - Servers/1 - RootRecord-Pacific-Solar-Server/System/scripts/sys-sample.sh"
2026-09-29T02:59:38-10:00job:sys_stats_cycle | SYSTEM  cpu=35%  load=1.81  mem=50%  src=sqlite
2026-09-29T02:59:38-10:00job:sys_stats_cycle | OK wrote /home/rootrecord/RootRecord-Ecosystem/2 - RootRecord-Database/SYSTEM/samples/sys-20260929-025938.json
2026-09-29T03:00:03-10:00job:github_sync_all | — [pacific] no local changes
2026-09-29T03:00:03-10:00job:github_sync_all | ↓ [pacific] fetching origin/main
2026-09-29T03:00:03-10:00job:github_sync_all | From github.com:RootRecord-Software-Solutions/RootRecord-Pacific-Solar-Server
2026-09-29T03:00:03-10:00job:github_sync_all | * branch            main       -> FETCH_HEAD
2026-09-29T03:00:03-10:00job:github_sync_all | — [pacific] local and GitHub already match
2026-09-29T03:00:03-10:00job:github_sync_all | — [pacific] nothing to push
2026-09-29T03:00:03-10:00job:github_sync_all | ↑ [database] committed 12 local file(s)
2026-09-29T03:00:03-10:00job:github_sync_all | ↓ [database] fetching origin/main
2026-09-29T03:00:03-10:00job:github_sync_all | From github.com:RootRecord-Software-Solutions/RootRecord-Database
2026-09-29T03:00:03-10:00job:github_sync_all | * branch            main       -> FETCH_HEAD
2026-09-29T03:00:03-10:00job:github_sync_all | ↑ [database] local is ahead of GitHub
2026-09-29T03:00:03-10:00job:github_sync_all | To github.com:RootRecord-Software-Solutions/RootRecord-Database.git
2026-09-29T03:00:03-10:00job:github_sync_all | 4331c0f..2c2ad97  HEAD -> main
2026-09-29T03:00:03-10:00job:github_sync_all | branch 'main' set up to track 'origin/main'.
2026-09-29T03:00:03-10:00job:github_sync_all | ↑ [database] 12 files → RootRecord-Software-Solutions/RootRecord-Database (main)
2026-09-29T03:00:03-10:00job:github_sync_all | — [library] no local changes
2026-09-29T03:00:03-10:00job:github_sync_all | ↓ [library] fetching origin/main
2026-09-29T03:00:03-10:00job:github_sync_all | From github.com:RootRecord-Software-Solutions/RootRecord-Library
2026-09-29T03:00:03-10:00job:github_sync_all | * branch            main       -> FETCH_HEAD
2026-09-29T03:00:03-10:00job:github_sync_all | — [library] local and GitHub already match
2026-09-29T03:00:03-10:00job:github_sync_all | — [library] nothing to push
2026-09-29T03:00:03-10:00job:github_sync_all | — [skills] no local changes
2026-09-29T03:00:03-10:00job:github_sync_all | ↓ [skills] fetching origin/main
2026-09-29T03:00:03-10:00job:github_sync_all | From github.com:rootrecordsoftwaresolutions/Solar-Pacific-RootRecord-Server
2026-09-29T03:00:03-10:00job:github_sync_all | * branch            main       -> FETCH_HEAD
2026-09-29T03:00:03-10:00job:github_sync_all | — [skills] local and GitHub already match
2026-09-29T03:00:03-10:00job:github_sync_all | — [skills] nothing to push
2026-09-29T03:00:03-10:00job:worklog_scan RUN  bash "/home/rootrecord/RootRecord-Ecosystem/1 - Servers/1 - RootRecord-Pacific-Solar-Server/Reports/scripts/worklog_once.sh"
2026-09-29T03:00:06-10:00job:worklog_scan | OK wrote/updated /home/rootrecord/RootRecord-Ecosystem/2 - RootRecord-Database/WORKLOG/worklog_current.md
2026-09-29T03:00:06-10:00job:security_camera_frame_grab RUN  bash "/home/rootrecord/RootRecord-Ecosystem/1 - Servers/1 - RootRecord-Pacific-Solar-Server/Security/Cameras/grab_all.sh"
2026-09-29T03:00:18-10:00job:security_camera_frame_grab | 03:00:06  📷  a-eyes  ch1 → ch1-20260929T130006Z.jpg  (307.7 KB, 4.22s)
2026-09-29T03:00:18-10:00job:security_camera_frame_grab | 03:00:11  📷  a-eyes  ch2 → ch2-20260929T130011Z.jpg  (342.0 KB, 4.48s)
2026-09-29T03:00:18-10:00job:security_camera_frame_grab | 03:00:15  📷  a-eyes  ch3 → ch3-20260929T130015Z.jpg  (12.1 KB, 1.51s)
2026-09-29T03:00:18-10:00job:security_camera_frame_grab | 03:00:17  📷  a-eyes  ch4 → ch4-20260929T130017Z.jpg  (12.0 KB, 1.61s)
2026-09-29T03:00:21-10:00  ▸  SUMMARY=river2pro soc=0% solar=0W ac_out=73W usbc=95W src=api db=ok
2026-09-29T03:00:21-10:00job:sys_stats_cycle RUN  bash "/home/rootrecord/RootRecord-Ecosystem/1 - Servers/1 - RootRecord-Pacific-Solar-Server/System/scripts/sys-sample.sh"
2026-09-29T03:00:21-10:00job:sys_stats_cycle | SYSTEM  cpu=13%  load=2.18  mem=51%  src=sqlite
2026-09-29T03:00:21-10:00job:sys_stats_cycle | OK wrote /home/rootrecord/RootRecord-Ecosystem/2 - RootRecord-Database/SYSTEM/samples/sys-20260929-030021.json
2026-09-29T03:00:51-10:00job:github_sync_all | — [pacific] no local changes
2026-09-29T03:00:51-10:00job:github_sync_all | ↓ [pacific] fetching origin/main
2026-09-29T03:00:51-10:00job:github_sync_all | From github.com:RootRecord-Software-Solutions/RootRecord-Pacific-Solar-Server
2026-09-29T03:00:51-10:00job:github_sync_all | * branch            main       -> FETCH_HEAD
2026-09-29T03:00:51-10:00job:github_sync_all | — [pacific] local and GitHub already match
2026-09-29T03:00:51-10:00job:github_sync_all | — [pacific] nothing to push
2026-09-29T03:00:51-10:00job:github_sync_all | ↑ [database] committed 21 local file(s)
2026-09-29T03:00:51-10:00job:github_sync_all | ↓ [database] fetching origin/main
2026-09-29T03:00:51-10:00job:github_sync_all | From github.com:RootRecord-Software-Solutions/RootRecord-Database
2026-09-29T03:00:51-10:00job:github_sync_all | * branch            main       -> FETCH_HEAD
2026-09-29T03:00:51-10:00job:github_sync_all | ↑ [database] local is ahead of GitHub
2026-09-29T03:00:51-10:00job:github_sync_all | To github.com:RootRecord-Software-Solutions/RootRecord-Database.git
2026-09-29T03:00:51-10:00job:github_sync_all | 2c2ad97..f98d475  HEAD -> main
2026-09-29T03:00:51-10:00job:github_sync_all | branch 'main' set up to track 'origin/main'.
2026-09-29T03:00:51-10:00job:github_sync_all | ↑ [database] 21 files → RootRecord-Software-Solutions/RootRecord-Database (main)
2026-09-29T03:00:51-10:00job:github_sync_all | ↑ [library] committed 2 local file(s)
2026-09-29T03:00:51-10:00job:github_sync_all | ↓ [library] fetching origin/main
2026-09-29T03:00:51-10:00job:github_sync_all | From github.com:RootRecord-Software-Solutions/RootRecord-Library
2026-09-29T03:00:51-10:00job:github_sync_all | * branch            main       -> FETCH_HEAD
2026-09-29T03:00:51-10:00job:github_sync_all | ↑ [library] local is ahead of GitHub
2026-09-29T03:00:51-10:00job:github_sync_all | To github.com:RootRecord-Software-Solutions/RootRecord-Library.git
2026-09-29T03:00:51-10:00job:github_sync_all | 7df3f05..5aa8f4d  HEAD -> main
2026-09-29T03:00:51-10:00job:github_sync_all | branch 'main' set up to track 'origin/main'.
2026-09-29T03:00:51-10:00job:github_sync_all | ↑ [library] 2 files → RootRecord-Software-Solutions/RootRecord-Library (main)
2026-09-29T03:00:51-10:00job:github_sync_all | — [skills] no local changes
2026-09-29T03:00:51-10:00job:github_sync_all | ↓ [skills] fetching origin/main
2026-09-29T03:00:51-10:00job:github_sync_all | From github.com:rootrecordsoftwaresolutions/Solar-Pacific-RootRecord-Server
2026-09-29T03:00:51-10:00job:github_sync_all | * branch            main       -> FETCH_HEAD
2026-09-29T03:00:51-10:00job:github_sync_all | — [skills] local and GitHub already match
2026-09-29T03:00:51-10:00job:github_sync_all | — [skills] nothing to push
2026-09-29T03:00:51-10:00job:security_camera_frame_grab RUN  bash "/home/rootrecord/RootRecord-Ecosystem/1 - Servers/1 - RootRecord-Pacific-Solar-Server/Security/Cameras/grab_all.sh"
2026-09-29T03:01:03-10:00job:security_camera_frame_grab | 03:00:51  📷  a-eyes  ch1 → ch1-20260929T130051Z.jpg  (311.3 KB, 4.23s)
2026-09-29T03:01:03-10:00job:security_camera_frame_grab | 03:00:56  📷  a-eyes  ch2 → ch2-20260929T130056Z.jpg  (341.9 KB, 4.47s)
2026-09-29T03:01:03-10:00job:security_camera_frame_grab | 03:01:00  📷  a-eyes  ch3 → ch3-20260929T130100Z.jpg  (12.0 KB, 1.61s)
2026-09-29T03:01:03-10:00job:security_camera_frame_grab | 03:01:02  📷  a-eyes  ch4 → ch4-20260929T130102Z.jpg  (12.0 KB, 1.51s)
2026-09-29T03:01:03-10:00job:automations_log_hourly_archive RUN  bash "/home/rootrecord/RootRecord-Ecosystem/1 - Servers/1 - RootRecord-Pacific-Solar-Server/Automations/scripts/archive_automations_log_hourly.sh"
