2026-09-30T16:01:40-10:00job:automations_log_hourly_archive OK
2026-09-30T16:01:40-10:00job:security_timelapse_hourly_compile RUN  bash "/home/rootrecord/RootRecord-Ecosystem/1 - Servers/1 - RootRecord-Pacific-Solar-Server/Security/Cameras/timelapse_hourly.sh"
2026-09-30T16:01:52-10:00job:security_timelapse_hourly_compile | 16:01:52  🎬  a-eyes-timelapse  hour 15 → hour_15.mp4  (40 frames, 12.86s)
2026-09-30T16:01:52-10:00job:security_timelapse_hourly_compile | 16:01:52  🎬  a-eyes-timelapse  hour 15 frames archived → /home/rootrecord/RootRecord-Ecosystem/2 - RootRecord-Database/Media/Timelapses/_archive/20260930/hour_15
2026-09-30T16:01:52-10:00ENERGY  status=live  B2=22.0%  B1=27.4%  solar=0 W  ac=94 W  usbc=0 W  src=/home/rootrecord/RootRecord-Ecosystem/2 - RootRecord-Database/Energy  LAP=100%/Full/AC
2026-09-30T16:02:02-10:00  ✗  ecoflow_read_cycle  WAITING
2026-09-30T16:02:02-10:00job:sys_stats_cycle RUN  bash "/home/rootrecord/RootRecord-Ecosystem/1 - Servers/1 - RootRecord-Pacific-Solar-Server/System/scripts/sys-sample.sh"
2026-09-30T16:02:04-10:00job:sys_stats_cycle | SYSTEM  cpu=6%  load=2.80  mem=40%  src=sqlite
2026-09-30T16:02:04-10:00job:sys_stats_cycle | OK wrote /home/rootrecord/RootRecord-Ecosystem/2 - RootRecord-Database/System/samples/sys-20260930-160203.json
2026-09-30T16:02:41-10:00job:github_sync_all | ↑ [ecosystem] committed 4 local file(s)
2026-09-30T16:02:41-10:00job:github_sync_all | ↓ [ecosystem] fetching origin/main
2026-09-30T16:02:41-10:00job:github_sync_all | From github.com:RootRecord-Software-Solutions/RootRecord-Ecosystem
2026-09-30T16:02:41-10:00job:github_sync_all | * branch            main       -> FETCH_HEAD
2026-09-30T16:02:41-10:00job:github_sync_all | ↑ [ecosystem] local is ahead of GitHub
2026-09-30T16:02:41-10:00job:github_sync_all | To github.com:RootRecord-Software-Solutions/RootRecord-Ecosystem.git
2026-09-30T16:02:41-10:00job:github_sync_all | 888dc0c..772959d  HEAD -> main
2026-09-30T16:02:41-10:00job:github_sync_all | branch 'main' set up to track 'origin/main'.
2026-09-30T16:02:41-10:00job:github_sync_all | ↑ [ecosystem] 4 files → RootRecord-Software-Solutions/RootRecord-Ecosystem (main)
2026-09-30T16:02:41-10:00job:github_sync_all | — [pacific] no local changes
2026-09-30T16:02:41-10:00job:github_sync_all | ↓ [pacific] fetching origin/main
2026-09-30T16:02:41-10:00job:github_sync_all | From github.com:RootRecord-Software-Solutions/RootRecord-Pacific-Solar-Server
2026-09-30T16:02:41-10:00job:github_sync_all | * branch            main       -> FETCH_HEAD
2026-09-30T16:02:41-10:00job:github_sync_all | — [pacific] local and GitHub already match
2026-09-30T16:02:41-10:00job:github_sync_all | — [pacific] nothing to push
2026-09-30T16:02:41-10:00job:github_sync_all | ↑ [database] committed 17 local file(s)
2026-09-30T16:02:41-10:00job:github_sync_all | ↓ [database] fetching origin/main
2026-09-30T16:02:41-10:00job:github_sync_all | From github.com:RootRecord-Software-Solutions/RootRecord-Database
2026-09-30T16:02:41-10:00job:github_sync_all | * branch              main       -> FETCH_HEAD
2026-09-30T16:02:41-10:00job:github_sync_all | ↑ [database] local is ahead of GitHub
2026-09-30T16:02:41-10:00job:github_sync_all | To github.com:RootRecord-Software-Solutions/RootRecord-Database.git
2026-09-30T16:02:41-10:00job:github_sync_all | 930df402..eab8495e  HEAD -> main
2026-09-30T16:02:41-10:00job:github_sync_all | branch 'main' set up to track 'origin/main'.
2026-09-30T16:02:41-10:00job:github_sync_all | ↑ [database] 17 files → RootRecord-Software-Solutions/RootRecord-Database (main)
2026-09-30T16:02:41-10:00job:github_sync_all | — [library] no local changes
2026-09-30T16:02:41-10:00job:github_sync_all | ↓ [library] fetching origin/main
2026-09-30T16:02:41-10:00job:github_sync_all | From github.com:RootRecord-Software-Solutions/RootRecord-Library
2026-09-30T16:02:41-10:00job:github_sync_all | * branch            main       -> FETCH_HEAD
2026-09-30T16:02:41-10:00job:github_sync_all | — [library] local and GitHub already match
2026-09-30T16:02:41-10:00job:github_sync_all | — [library] nothing to push
2026-09-30T16:02:41-10:00job:github_sync_all | — [skills] no local changes
2026-09-30T16:02:41-10:00job:github_sync_all | ↓ [skills] fetching origin/main
2026-09-30T16:02:41-10:00job:github_sync_all | From github.com:rootrecordsoftwaresolutions/Solar-Pacific-RootRecord-Server
2026-09-30T16:02:41-10:00job:github_sync_all | * branch            main       -> FETCH_HEAD
2026-09-30T16:02:41-10:00job:github_sync_all | — [skills] local and GitHub already match
2026-09-30T16:02:41-10:00job:github_sync_all | — [skills] nothing to push
2026-09-30T16:02:41-10:00job:worklog_scan RUN  bash "/home/rootrecord/RootRecord-Ecosystem/1 - Servers/1 - RootRecord-Pacific-Solar-Server/Reports/scripts/worklog_once.sh"
2026-09-30T16:02:45-10:00job:worklog_scan | OK wrote/updated /home/rootrecord/RootRecord-Ecosystem/2 - RootRecord-Database/Worklog/worklog_current.md
2026-09-30T16:02:45-10:00job:security_camera_frame_grab RUN  bash "/home/rootrecord/RootRecord-Ecosystem/1 - Servers/1 - RootRecord-Pacific-Solar-Server/Security/Cameras/grab_all.sh"
2026-09-30T16:03:03-10:00job:security_camera_frame_grab | 16:02:45  📷  a-eyes  ch1 → ch1-20261001T020245Z.jpg  (561.0 KB, 4.40s)
2026-09-30T16:03:03-10:00job:security_camera_frame_grab | 16:02:50  📷  a-eyes  ch2 → ch2-20261001T020250Z.jpg  (177.5 KB, 4.36s)
2026-09-30T16:03:03-10:00job:security_camera_frame_grab | 16:02:54  📷  a-eyes  ch3 → ch3-20261001T020254Z.jpg  (403.4 KB, 4.36s)
2026-09-30T16:03:03-10:00job:security_camera_frame_grab | 16:02:59  📷  a-eyes  ch4 → ch4-20261001T020259Z.jpg  (139.2 KB, 4.43s)
2026-09-30T16:03:03-10:00ENERGY  status=live  B2=22.0%  B1=27.4%  solar=0 W  ac=94 W  usbc=0 W  src=/home/rootrecord/RootRecord-Ecosystem/2 - RootRecord-Database/Energy  LAP=100%/Full/AC
2026-09-30T16:03:14-10:00  ✗  ecoflow_read_cycle  WAITING
2026-09-30T16:03:14-10:00job:sys_stats_cycle RUN  bash "/home/rootrecord/RootRecord-Ecosystem/1 - Servers/1 - RootRecord-Pacific-Solar-Server/System/scripts/sys-sample.sh"
2026-09-30T16:03:15-10:00job:sys_stats_cycle | SYSTEM  cpu=6%  load=1.25  mem=39%  src=sqlite
2026-09-30T16:03:15-10:00job:sys_stats_cycle | OK wrote /home/rootrecord/RootRecord-Ecosystem/2 - RootRecord-Database/System/samples/sys-20260930-160314.json
2026-09-30T16:03:53-10:00job:github_sync_all | ↑ [ecosystem] committed 2 local file(s)
2026-09-30T16:03:53-10:00job:github_sync_all | ↓ [ecosystem] fetching origin/main
2026-09-30T16:03:53-10:00job:github_sync_all | From github.com:RootRecord-Software-Solutions/RootRecord-Ecosystem
2026-09-30T16:03:53-10:00job:github_sync_all | * branch            main       -> FETCH_HEAD
2026-09-30T16:03:53-10:00job:github_sync_all | ↑ [ecosystem] local is ahead of GitHub
2026-09-30T16:03:53-10:00job:github_sync_all | To github.com:RootRecord-Software-Solutions/RootRecord-Ecosystem.git
2026-09-30T16:03:53-10:00job:github_sync_all | 772959d..9508087  HEAD -> main
2026-09-30T16:03:53-10:00job:github_sync_all | branch 'main' set up to track 'origin/main'.
2026-09-30T16:03:53-10:00job:github_sync_all | ↑ [ecosystem] 2 files → RootRecord-Software-Solutions/RootRecord-Ecosystem (main)
2026-09-30T16:03:53-10:00job:github_sync_all | — [pacific] no local changes
2026-09-30T16:03:53-10:00job:github_sync_all | ↓ [pacific] fetching origin/main
2026-09-30T16:03:53-10:00job:github_sync_all | From github.com:RootRecord-Software-Solutions/RootRecord-Pacific-Solar-Server
2026-09-30T16:03:53-10:00job:github_sync_all | * branch            main       -> FETCH_HEAD
2026-09-30T16:03:53-10:00job:github_sync_all | — [pacific] local and GitHub already match
2026-09-30T16:03:53-10:00job:github_sync_all | — [pacific] nothing to push
2026-09-30T16:03:53-10:00job:github_sync_all | ↑ [database] committed 13 local file(s)
2026-09-30T16:03:53-10:00job:github_sync_all | ↓ [database] fetching origin/main
2026-09-30T16:03:53-10:00job:github_sync_all | From github.com:RootRecord-Software-Solutions/RootRecord-Database
2026-09-30T16:03:53-10:00job:github_sync_all | * branch              main       -> FETCH_HEAD
2026-09-30T16:03:53-10:00job:github_sync_all | ↑ [database] local is ahead of GitHub
2026-09-30T16:03:53-10:00job:github_sync_all | To github.com:RootRecord-Software-Solutions/RootRecord-Database.git
2026-09-30T16:03:53-10:00job:github_sync_all | eab8495e..341caf11  HEAD -> main
2026-09-30T16:03:53-10:00job:github_sync_all | branch 'main' set up to track 'origin/main'.
2026-09-30T16:03:53-10:00job:github_sync_all | ↑ [database] 13 files → RootRecord-Software-Solutions/RootRecord-Database (main)
2026-09-30T16:03:53-10:00job:github_sync_all | — [library] no local changes
2026-09-30T16:03:53-10:00job:github_sync_all | ↓ [library] fetching origin/main
2026-09-30T16:03:53-10:00job:github_sync_all | From github.com:RootRecord-Software-Solutions/RootRecord-Library
2026-09-30T16:03:53-10:00job:github_sync_all | * branch            main       -> FETCH_HEAD
2026-09-30T16:03:53-10:00job:github_sync_all | — [library] local and GitHub already match
2026-09-30T16:03:53-10:00job:github_sync_all | — [library] nothing to push
2026-09-30T16:03:53-10:00job:github_sync_all | — [skills] no local changes
2026-09-30T16:03:53-10:00job:github_sync_all | ↓ [skills] fetching origin/main
2026-09-30T16:03:53-10:00job:github_sync_all | From github.com:rootrecordsoftwaresolutions/Solar-Pacific-RootRecord-Server
2026-09-30T16:03:53-10:00job:github_sync_all | * branch            main       -> FETCH_HEAD
2026-09-30T16:03:53-10:00job:github_sync_all | — [skills] local and GitHub already match
2026-09-30T16:03:53-10:00job:github_sync_all | — [skills] nothing to push
2026-09-30T16:03:53-10:00job:security_camera_frame_grab RUN  bash "/home/rootrecord/RootRecord-Ecosystem/1 - Servers/1 - RootRecord-Pacific-Solar-Server/Security/Cameras/grab_all.sh"
2026-09-30T16:04:11-10:00job:security_camera_frame_grab | 16:03:53  📷  a-eyes  ch1 → ch1-20261001T020353Z.jpg  (572.4 KB, 4.57s)
2026-09-30T16:04:11-10:00job:security_camera_frame_grab | 16:03:57  📷  a-eyes  ch2 → ch2-20261001T020357Z.jpg  (166.7 KB, 4.40s)
2026-09-30T16:04:11-10:00job:security_camera_frame_grab | 16:04:02  📷  a-eyes  ch3 → ch3-20261001T020402Z.jpg  (403.2 KB, 4.40s)
2026-09-30T16:04:11-10:00job:security_camera_frame_grab | 16:04:06  📷  a-eyes  ch4 → ch4-20261001T020406Z.jpg  (137.7 KB, 4.48s)
2026-09-30T16:04:11-10:00job:voice_kilauea_report RUN  nice -n 10 python3 "/home/rootrecord/RootRecord-Ecosystem/1 - Servers/1 - RootRecord-Pacific-Solar-Server/Media/Voice/scripts/voice_reports.py" kilauea_report
2026-09-30T16:04:34-10:00job:voice_kilauea_report | {"ok": true, "report": "kilauea_report", "md": "/home/rootrecord/RootRecord-Ecosystem/test-reports/Voice/kilauea_report_current.md", "sentences": 7, "voice": {"ok": true, "mode": "stitch", "report": "kilauea_report", "agent": "carly", "voice": "af_nova", "speed": 1.0, "wav": "/home/rootrecord/RootRecord-Ecosystem/2 - RootRecord-Database/Media/Audio/Voice/kilauea_report_current.wav", "clips_used": 0, "live_sentences": 9, "model_loaded": true, "render_s": 17.7, "sample_rate": 24000, "channels": 1, "subtype": "PCM_16", "duration_s": 41.396, "peak_dbfs": -1.5, "rms_dbfs": -20.73, "lead_silence_ms": 115, "qc": "PASS", "wall_s": 17.83, "peak_rss_mb": 1681, "rc": 0}, "deliver": {"ok": true, "sent": true, "persona": "carly", "chat": "-1004406495175", "message_id": 47, "transcript": true, "report": true, "photo": false, "plan": {"voice": true, "transcript": true, "report": true}}}
2026-09-30T16:04:34-10:00ENERGY  status=live  B2=22.0%  B1=27.4%  solar=0 W  ac=94 W  usbc=0 W  src=/home/rootrecord/RootRecord-Ecosystem/2 - RootRecord-Database/Energy  LAP=100%/Full/AC
2026-09-30T16:04:50-10:00  ▸  SUMMARY=river2pro soc=26.03% solar=0W ac_out=100W usbc=20W src=ble db=ok
2026-09-30T16:04:50-10:00job:sys_stats_cycle RUN  bash "/home/rootrecord/RootRecord-Ecosystem/1 - Servers/1 - RootRecord-Pacific-Solar-Server/System/scripts/sys-sample.sh"
2026-09-30T16:04:51-10:00job:sys_stats_cycle | SYSTEM  cpu=10%  load=1.42  mem=39%  src=sqlite
2026-09-30T16:04:51-10:00job:sys_stats_cycle | OK wrote /home/rootrecord/RootRecord-Ecosystem/2 - RootRecord-Database/System/samples/sys-20260930-160450.json
2026-09-30T16:05:27-10:00job:github_sync_all | ↑ [ecosystem] committed 7 local file(s)
2026-09-30T16:05:27-10:00job:github_sync_all | ↓ [ecosystem] fetching origin/main
2026-09-30T16:05:27-10:00job:github_sync_all | From github.com:RootRecord-Software-Solutions/RootRecord-Ecosystem
2026-09-30T16:05:27-10:00job:github_sync_all | * branch            main       -> FETCH_HEAD
2026-09-30T16:05:27-10:00job:github_sync_all | ↑ [ecosystem] local is ahead of GitHub
2026-09-30T16:05:27-10:00job:github_sync_all | To github.com:RootRecord-Software-Solutions/RootRecord-Ecosystem.git
2026-09-30T16:05:27-10:00job:github_sync_all | 9508087..744d583  HEAD -> main
2026-09-30T16:05:27-10:00job:github_sync_all | branch 'main' set up to track 'origin/main'.
2026-09-30T16:05:27-10:00job:github_sync_all | ↑ [ecosystem] 7 files → RootRecord-Software-Solutions/RootRecord-Ecosystem (main)
2026-09-30T16:05:27-10:00job:github_sync_all | — [pacific] no local changes
2026-09-30T16:05:27-10:00job:github_sync_all | ↓ [pacific] fetching origin/main
2026-09-30T16:05:27-10:00job:github_sync_all | From github.com:RootRecord-Software-Solutions/RootRecord-Pacific-Solar-Server
2026-09-30T16:05:27-10:00job:github_sync_all | * branch            main       -> FETCH_HEAD
2026-09-30T16:05:27-10:00job:github_sync_all | — [pacific] local and GitHub already match
2026-09-30T16:05:27-10:00job:github_sync_all | — [pacific] nothing to push
2026-09-30T16:05:27-10:00job:github_sync_all | ↑ [database] committed 13 local file(s)
2026-09-30T16:05:27-10:00job:github_sync_all | ↓ [database] fetching origin/main
2026-09-30T16:05:27-10:00job:github_sync_all | From github.com:RootRecord-Software-Solutions/RootRecord-Database
2026-09-30T16:05:27-10:00job:github_sync_all | * branch              main       -> FETCH_HEAD
2026-09-30T16:05:27-10:00job:github_sync_all | ↑ [database] local is ahead of GitHub
2026-09-30T16:05:27-10:00job:github_sync_all | To github.com:RootRecord-Software-Solutions/RootRecord-Database.git
2026-09-30T16:05:27-10:00job:github_sync_all | 341caf11..d6cb67fb  HEAD -> main
2026-09-30T16:05:27-10:00job:github_sync_all | branch 'main' set up to track 'origin/main'.
2026-09-30T16:05:27-10:00job:github_sync_all | ↑ [database] 13 files → RootRecord-Software-Solutions/RootRecord-Database (main)
2026-09-30T16:05:27-10:00job:github_sync_all | — [library] no local changes
2026-09-30T16:05:27-10:00job:github_sync_all | ↓ [library] fetching origin/main
2026-09-30T16:05:27-10:00job:github_sync_all | From github.com:RootRecord-Software-Solutions/RootRecord-Library
2026-09-30T16:05:27-10:00job:github_sync_all | * branch            main       -> FETCH_HEAD
2026-09-30T16:05:27-10:00job:github_sync_all | — [library] local and GitHub already match
2026-09-30T16:05:27-10:00job:github_sync_all | — [library] nothing to push
2026-09-30T16:05:27-10:00job:github_sync_all | — [skills] no local changes
2026-09-30T16:05:27-10:00job:github_sync_all | ↓ [skills] fetching origin/main
2026-09-30T16:05:27-10:00job:github_sync_all | From github.com:rootrecordsoftwaresolutions/Solar-Pacific-RootRecord-Server
2026-09-30T16:05:27-10:00job:github_sync_all | * branch            main       -> FETCH_HEAD
2026-09-30T16:05:27-10:00job:github_sync_all | — [skills] local and GitHub already match
2026-09-30T16:05:27-10:00job:github_sync_all | — [skills] nothing to push
2026-09-30T16:05:27-10:00job:worklog_scan RUN  bash "/home/rootrecord/RootRecord-Ecosystem/1 - Servers/1 - RootRecord-Pacific-Solar-Server/Reports/scripts/worklog_once.sh"
2026-09-30T16:05:30-10:00job:worklog_scan | OK wrote/updated /home/rootrecord/RootRecord-Ecosystem/2 - RootRecord-Database/Worklog/worklog_current.md
2026-09-30T16:05:30-10:00job:security_camera_frame_grab RUN  bash "/home/rootrecord/RootRecord-Ecosystem/1 - Servers/1 - RootRecord-Pacific-Solar-Server/Security/Cameras/grab_all.sh"
2026-09-30T16:05:48-10:00job:security_camera_frame_grab | 16:05:30  📷  a-eyes  ch1 → ch1-20261001T020530Z.jpg  (539.3 KB, 4.40s)
2026-09-30T16:05:48-10:00job:security_camera_frame_grab | 16:05:34  📷  a-eyes  ch2 → ch2-20261001T020534Z.jpg  (158.2 KB, 4.67s)
2026-09-30T16:05:48-10:00job:security_camera_frame_grab | 16:05:39  📷  a-eyes  ch3 → ch3-20261001T020539Z.jpg  (398.7 KB, 4.38s)
2026-09-30T16:05:48-10:00job:security_camera_frame_grab | 16:05:43  📷  a-eyes  ch4 → ch4-20261001T020543Z.jpg  (132.8 KB, 4.38s)
2026-09-30T16:05:48-10:00job:service_supervisor RUN  bash "/home/rootrecord/RootRecord-Ecosystem/1 - Servers/1 - RootRecord-Pacific-Solar-Server/Automations/scripts/supervise-services.sh"
2026-09-30T16:05:48-10:00job:service_supervisor | [supervisor] weather alive pid=97054 (act)
2026-09-30T16:05:48-10:00job:service_supervisor | [supervisor] relay alive pid=96403 (act)
2026-09-30T16:05:48-10:00job:geology_collect RUN  nice -n 10 python3 "/home/rootrecord/RootRecord-Ecosystem/1 - Servers/1 - RootRecord-Pacific-Solar-Server/Geology/scripts/geology_collect.py" all
2026-09-30T16:05:50-10:00job:geology_collect | {"ok": true, "at": "2026-09-30T16:05:48-10:00", "what": "all", "dry_run": false, "sources": {"hawaii": {"ok": true, "count": 12, "new": 0, "new_m2": 0, "ms": 805}, "global": {"ok": true, "count": 37, "new": 0, "ms": 338}, "hvo_notices": {"ok": true, "count": 44, "new": 0, "ms": 742}, "hvo_status": {"ok": true, "volcanoes": 8, "kilauea": "WATCH", "mauna_loa": "NORMAL", "ms": 406}}}
2026-09-30T16:05:50-10:00job:system_net_sample RUN  nice -n 10 python3 "/home/rootrecord/RootRecord-Ecosystem/1 - Servers/1 - RootRecord-Pacific-Solar-Server/System/scripts/host_desks.py" net-sample
2026-09-30T16:05:50-10:00job:system_net_sample | {"ok": true, "file": "/home/rootrecord/RootRecord-Ecosystem/2 - RootRecord-Database/System/network/Daily/net-20260930.jsonl", "iface": "wlo1", "hour": {"seconds": 2736, "rx": 141195769, "tx": 55198420, "total": 196394189, "iface": "wlo1", "link": "wireless"}, "day": null}
2026-09-30T16:05:50-10:00job:voice_solar_desk RUN  nice -n 10 python3 "/home/rootrecord/RootRecord-Ecosystem/1 - Servers/1 - RootRecord-Pacific-Solar-Server/Media/Voice/scripts/voice_reports.py" solar_desk
2026-09-30T16:06:10-10:00job:voice_solar_desk | {"ok": true, "report": "solar_desk", "md": "/home/rootrecord/RootRecord-Ecosystem/test-reports/Voice/solar_desk_current.md", "sentences": 4, "voice": {"ok": true, "mode": "stitch", "report": "solar_desk", "agent": "bruce", "voice": "am_echo", "speed": 0.92, "wav": "/home/rootrecord/RootRecord-Ecosystem/2 - RootRecord-Database/Media/Audio/Voice/solar_desk_current.wav", "clips_used": 0, "live_sentences": 4, "model_loaded": true, "render_s": 10.55, "sample_rate": 24000, "channels": 1, "subtype": "PCM_16", "duration_s": 17.826, "peak_dbfs": -1.5, "rms_dbfs": -20.13, "lead_silence_ms": 112, "qc": "PASS", "wall_s": 10.6, "peak_rss_mb": 1415, "rc": 0}, "deliver": {"ok": true, "sent": true, "persona": "bruce", "chat": "-1004406495175", "message_id": 50, "transcript": true, "report": true, "photo": false, "plan": {"voice": true, "transcript": true, "report": true}}}
2026-09-30T16:06:11-10:00ENERGY  status=live  B2=22.0%  B1=26.0%  solar=0 W  ac=100 W  usbc=0 W  src=/home/rootrecord/RootRecord-Ecosystem/2 - RootRecord-Database/Energy  LAP=100%/Full/AC
2026-09-30T16:06:21-10:00  ✗  ecoflow_read_cycle  WAITING
2026-09-30T16:06:21-10:00job:sys_stats_cycle RUN  bash "/home/rootrecord/RootRecord-Ecosystem/1 - Servers/1 - RootRecord-Pacific-Solar-Server/System/scripts/sys-sample.sh"
2026-09-30T16:06:22-10:00job:sys_stats_cycle | SYSTEM  cpu=3%  load=1.38  mem=42%  src=sqlite
2026-09-30T16:06:22-10:00job:sys_stats_cycle | OK wrote /home/rootrecord/RootRecord-Ecosystem/2 - RootRecord-Database/System/samples/sys-20260930-160622.json
2026-09-30T16:07:04-10:00job:github_sync_all | ↑ [ecosystem] committed 15 local file(s)
2026-09-30T16:07:04-10:00job:github_sync_all | ↓ [ecosystem] fetching origin/main
2026-09-30T16:07:04-10:00job:github_sync_all | From github.com:RootRecord-Software-Solutions/RootRecord-Ecosystem
2026-09-30T16:07:04-10:00job:github_sync_all | * branch            main       -> FETCH_HEAD
2026-09-30T16:07:04-10:00job:github_sync_all | ↑ [ecosystem] local is ahead of GitHub
2026-09-30T16:07:04-10:00job:github_sync_all | To github.com:RootRecord-Software-Solutions/RootRecord-Ecosystem.git
2026-09-30T16:07:04-10:00job:github_sync_all | 744d583..748025c  HEAD -> main
2026-09-30T16:07:04-10:00job:github_sync_all | branch 'main' set up to track 'origin/main'.
2026-09-30T16:07:04-10:00job:github_sync_all | ↑ [ecosystem] 15 files → RootRecord-Software-Solutions/RootRecord-Ecosystem (main)
2026-09-30T16:07:04-10:00job:github_sync_all | ↑ [pacific] committed 1 local file(s)
2026-09-30T16:07:04-10:00job:github_sync_all | ↓ [pacific] fetching origin/main
2026-09-30T16:07:04-10:00job:github_sync_all | From github.com:RootRecord-Software-Solutions/RootRecord-Pacific-Solar-Server
2026-09-30T16:07:04-10:00job:github_sync_all | * branch            main       -> FETCH_HEAD
2026-09-30T16:07:04-10:00job:github_sync_all | ↑ [pacific] local is ahead of GitHub
2026-09-30T16:07:04-10:00job:github_sync_all | To github.com:RootRecord-Software-Solutions/RootRecord-Pacific-Solar-Server.git
2026-09-30T16:07:04-10:00job:github_sync_all | 9bdd029..e8660c3  HEAD -> main
2026-09-30T16:07:04-10:00job:github_sync_all | branch 'main' set up to track 'origin/main'.
2026-09-30T16:07:04-10:00job:github_sync_all | ↑ [pacific] 1 files → RootRecord-Software-Solutions/RootRecord-Pacific-Solar-Server (main)
2026-09-30T16:07:04-10:00job:github_sync_all | ↑ [database] committed 21 local file(s)
2026-09-30T16:07:04-10:00job:github_sync_all | ↓ [database] fetching origin/main
2026-09-30T16:07:04-10:00job:github_sync_all | From github.com:RootRecord-Software-Solutions/RootRecord-Database
2026-09-30T16:07:04-10:00job:github_sync_all | * branch              main       -> FETCH_HEAD
2026-09-30T16:07:04-10:00job:github_sync_all | ↑ [database] local is ahead of GitHub
2026-09-30T16:07:04-10:00job:github_sync_all | To github.com:RootRecord-Software-Solutions/RootRecord-Database.git
2026-09-30T16:07:04-10:00job:github_sync_all | d6cb67fb..ec700953  HEAD -> main
2026-09-30T16:07:04-10:00job:github_sync_all | branch 'main' set up to track 'origin/main'.
2026-09-30T16:07:04-10:00job:github_sync_all | ↑ [database] 21 files → RootRecord-Software-Solutions/RootRecord-Database (main)
2026-09-30T16:07:04-10:00job:github_sync_all | — [library] no local changes
2026-09-30T16:07:04-10:00job:github_sync_all | ↓ [library] fetching origin/main
2026-09-30T16:07:04-10:00job:github_sync_all | From github.com:RootRecord-Software-Solutions/RootRecord-Library
2026-09-30T16:07:04-10:00job:github_sync_all | * branch            main       -> FETCH_HEAD
2026-09-30T16:07:04-10:00job:github_sync_all | — [library] local and GitHub already match
2026-09-30T16:07:04-10:00job:github_sync_all | — [library] nothing to push
2026-09-30T16:07:04-10:00job:github_sync_all | — [skills] no local changes
2026-09-30T16:07:04-10:00job:github_sync_all | ↓ [skills] fetching origin/main
2026-09-30T16:07:04-10:00job:github_sync_all | From github.com:rootrecordsoftwaresolutions/Solar-Pacific-RootRecord-Server
2026-09-30T16:07:04-10:00job:github_sync_all | * branch            main       -> FETCH_HEAD
2026-09-30T16:07:04-10:00job:github_sync_all | — [skills] local and GitHub already match
2026-09-30T16:07:04-10:00job:github_sync_all | — [skills] nothing to push
2026-09-30T16:07:04-10:00job:worklog_scan RUN  bash "/home/rootrecord/RootRecord-Ecosystem/1 - Servers/1 - RootRecord-Pacific-Solar-Server/Reports/scripts/worklog_once.sh"
2026-09-30T16:07:06-10:00job:worklog_scan | OK wrote/updated /home/rootrecord/RootRecord-Ecosystem/2 - RootRecord-Database/Worklog/worklog_current.md
2026-09-30T16:07:06-10:00job:security_camera_frame_grab RUN  bash "/home/rootrecord/RootRecord-Ecosystem/1 - Servers/1 - RootRecord-Pacific-Solar-Server/Security/Cameras/grab_all.sh"
2026-09-30T16:07:24-10:00job:security_camera_frame_grab | 16:07:06  📷  a-eyes  ch1 → ch1-20261001T020706Z.jpg  (560.1 KB, 4.28s)
2026-09-30T16:07:24-10:00job:security_camera_frame_grab | 16:07:10  📷  a-eyes  ch2 → ch2-20261001T020710Z.jpg  (154.3 KB, 4.44s)
2026-09-30T16:07:24-10:00job:security_camera_frame_grab | 16:07:15  📷  a-eyes  ch3 → ch3-20261001T020715Z.jpg  (392.9 KB, 4.51s)
2026-09-30T16:07:24-10:00job:security_camera_frame_grab | 16:07:19  📷  a-eyes  ch4 → ch4-20261001T020719Z.jpg  (127.3 KB, 4.46s)
2026-09-30T16:07:24-10:00job:voice_system_perf RUN  nice -n 10 python3 "/home/rootrecord/RootRecord-Ecosystem/1 - Servers/1 - RootRecord-Pacific-Solar-Server/Media/Voice/scripts/system_perf.py"
2026-09-30T16:08:45-10:00job:voice_system_perf | {"ok": true, "report": "system_perf", "md": "/home/rootrecord/RootRecord-Ecosystem/test-reports/Voice/system_perf_current.md", "cpu_pct": 4.0, "mem_pct": 40.8, "voice_rc": 0, "voice": {"ok": true, "mode": "stitch", "report": "system_perf", "agent": "bruce", "voice": "am_echo", "speed": 0.92, "wav": "/home/rootrecord/RootRecord-Ecosystem/2 - RootRecord-Database/Media/Audio/Voice/system_perf_current.wav", "clips_used": 0, "live_sentences": 11, "model_loaded": true, "render_s": 14.78, "sample_rate": 24000, "channels": 1, "subtype": "PCM_16", "duration_s": 32.302, "peak_dbfs": -1.96, "rms_dbfs": -20.11, "lead_silence_ms": 115, "qc": "PASS", "wall_s": 14.84, "peak_rss_mb": 1539}, "deliver": {"ok": true, "sent": true, "persona": "bruce", "chat": "-1004406495175", "message_id": 53, "transcript": true, "report": true, "photo": false, "plan": {"voice": true, "transcript": true, "report": true}}}
2026-09-30T16:08:45-10:00ENERGY  status=live  B2=22.0%  B1=26.0%  solar=0 W  ac=100 W  usbc=0 W  src=/home/rootrecord/RootRecord-Ecosystem/2 - RootRecord-Database/Energy  LAP=100%/Full/AC
2026-09-30T16:09:01-10:00  ▸  SUMMARY=river2pro soc=24.66% solar=0W ac_out=98W usbc=17W src=ble db=ok
2026-09-30T16:09:01-10:00job:sys_stats_cycle RUN  bash "/home/rootrecord/RootRecord-Ecosystem/1 - Servers/1 - RootRecord-Pacific-Solar-Server/System/scripts/sys-sample.sh"
2026-09-30T16:09:02-10:00job:sys_stats_cycle | SYSTEM  cpu=6%  load=1.28  mem=41%  src=sqlite
2026-09-30T16:09:02-10:00job:sys_stats_cycle | OK wrote /home/rootrecord/RootRecord-Ecosystem/2 - RootRecord-Database/System/samples/sys-20260930-160901.json
2026-09-30T16:09:43-10:00job:github_sync_all | ↑ [ecosystem] committed 8 local file(s)
2026-09-30T16:09:43-10:00job:github_sync_all | ↓ [ecosystem] fetching origin/main
2026-09-30T16:09:43-10:00job:github_sync_all | From github.com:RootRecord-Software-Solutions/RootRecord-Ecosystem
2026-09-30T16:09:43-10:00job:github_sync_all | * branch            main       -> FETCH_HEAD
2026-09-30T16:09:43-10:00job:github_sync_all | ↑ [ecosystem] local is ahead of GitHub
2026-09-30T16:09:43-10:00job:github_sync_all | To github.com:RootRecord-Software-Solutions/RootRecord-Ecosystem.git
2026-09-30T16:09:43-10:00job:github_sync_all | 748025c..7a5b8ae  HEAD -> main
2026-09-30T16:09:43-10:00job:github_sync_all | branch 'main' set up to track 'origin/main'.
2026-09-30T16:09:43-10:00job:github_sync_all | ↑ [ecosystem] 8 files → RootRecord-Software-Solutions/RootRecord-Ecosystem (main)
2026-09-30T16:09:43-10:00job:github_sync_all | ↑ [pacific] committed 1 local file(s)
2026-09-30T16:09:43-10:00job:github_sync_all | ↓ [pacific] fetching origin/main
2026-09-30T16:09:43-10:00job:github_sync_all | From github.com:RootRecord-Software-Solutions/RootRecord-Pacific-Solar-Server
2026-09-30T16:09:43-10:00job:github_sync_all | * branch            main       -> FETCH_HEAD
2026-09-30T16:09:43-10:00job:github_sync_all | ↑ [pacific] local is ahead of GitHub
2026-09-30T16:09:43-10:00job:github_sync_all | To github.com:RootRecord-Software-Solutions/RootRecord-Pacific-Solar-Server.git
2026-09-30T16:09:43-10:00job:github_sync_all | e8660c3..2019c79  HEAD -> main
2026-09-30T16:09:43-10:00job:github_sync_all | branch 'main' set up to track 'origin/main'.
2026-09-30T16:09:43-10:00job:github_sync_all | ↑ [pacific] 1 files → RootRecord-Software-Solutions/RootRecord-Pacific-Solar-Server (main)
2026-09-30T16:09:43-10:00job:github_sync_all | ↑ [database] committed 16 local file(s)
2026-09-30T16:09:43-10:00job:github_sync_all | ↓ [database] fetching origin/main
2026-09-30T16:09:43-10:00job:github_sync_all | From github.com:RootRecord-Software-Solutions/RootRecord-Database
2026-09-30T16:09:43-10:00job:github_sync_all | * branch              main       -> FETCH_HEAD
2026-09-30T16:09:43-10:00job:github_sync_all | ↑ [database] local is ahead of GitHub
2026-09-30T16:09:43-10:00job:github_sync_all | To github.com:RootRecord-Software-Solutions/RootRecord-Database.git
2026-09-30T16:09:43-10:00job:github_sync_all | ec700953..47ec5d90  HEAD -> main
2026-09-30T16:09:43-10:00job:github_sync_all | branch 'main' set up to track 'origin/main'.
2026-09-30T16:09:43-10:00job:github_sync_all | ↑ [database] 16 files → RootRecord-Software-Solutions/RootRecord-Database (main)
2026-09-30T16:09:43-10:00job:github_sync_all | — [library] no local changes
2026-09-30T16:09:43-10:00job:github_sync_all | ↓ [library] fetching origin/main
2026-09-30T16:09:43-10:00job:github_sync_all | From github.com:RootRecord-Software-Solutions/RootRecord-Library
2026-09-30T16:09:43-10:00job:github_sync_all | * branch            main       -> FETCH_HEAD
2026-09-30T16:09:43-10:00job:github_sync_all | — [library] local and GitHub already match
2026-09-30T16:09:43-10:00job:github_sync_all | — [library] nothing to push
2026-09-30T16:09:43-10:00job:github_sync_all | — [skills] no local changes
2026-09-30T16:09:43-10:00job:github_sync_all | ↓ [skills] fetching origin/main
2026-09-30T16:09:43-10:00job:github_sync_all | From github.com:rootrecordsoftwaresolutions/Solar-Pacific-RootRecord-Server
2026-09-30T16:09:43-10:00job:github_sync_all | * branch            main       -> FETCH_HEAD
2026-09-30T16:09:43-10:00job:github_sync_all | — [skills] local and GitHub already match
2026-09-30T16:09:43-10:00job:github_sync_all | — [skills] nothing to push
2026-09-30T16:09:43-10:00job:worklog_scan RUN  bash "/home/rootrecord/RootRecord-Ecosystem/1 - Servers/1 - RootRecord-Pacific-Solar-Server/Reports/scripts/worklog_once.sh"
2026-09-30T16:09:52-10:00job:worklog_scan | OK wrote/updated /home/rootrecord/RootRecord-Ecosystem/2 - RootRecord-Database/Worklog/worklog_current.md
2026-09-30T16:09:52-10:00job:security_camera_frame_grab RUN  bash "/home/rootrecord/RootRecord-Ecosystem/1 - Servers/1 - RootRecord-Pacific-Solar-Server/Security/Cameras/grab_all.sh"
2026-09-30T16:10:10-10:00job:security_camera_frame_grab | 16:09:52  📷  a-eyes  ch1 → ch1-20261001T020952Z.jpg  (524.7 KB, 4.58s)
2026-09-30T16:10:10-10:00job:security_camera_frame_grab | 16:09:57  📷  a-eyes  ch2 → ch2-20261001T020957Z.jpg  (157.8 KB, 4.38s)
2026-09-30T16:10:10-10:00job:security_camera_frame_grab | 16:10:01  📷  a-eyes  ch3 → ch3-20261001T021001Z.jpg  (396.8 KB, 4.48s)
2026-09-30T16:10:10-10:00job:security_camera_frame_grab | 16:10:06  📷  a-eyes  ch4 → ch4-20261001T021006Z.jpg  (141.8 KB, 4.37s)
2026-09-30T16:10:10-10:00job:voice_earthquake_report RUN  nice -n 10 python3 "/home/rootrecord/RootRecord-Ecosystem/1 - Servers/1 - RootRecord-Pacific-Solar-Server/Media/Voice/scripts/voice_reports.py" earthquake_report
2026-09-30T16:10:27-10:00job:voice_earthquake_report | {"ok": true, "report": "earthquake_report", "md": "/home/rootrecord/RootRecord-Ecosystem/test-reports/Voice/earthquake_report_current.md", "sentences": 6, "voice": {"ok": true, "mode": "stitch", "report": "earthquake_report", "agent": "carly", "voice": "af_nova", "speed": 1.0, "wav": "/home/rootrecord/RootRecord-Ecosystem/2 - RootRecord-Database/Media/Audio/Voice/earthquake_report_current.wav", "clips_used": 0, "live_sentences": 6, "model_loaded": true, "render_s": 11.98, "sample_rate": 24000, "channels": 1, "subtype": "PCM_16", "duration_s": 24.047, "peak_dbfs": -1.5, "rms_dbfs": -20.96, "lead_silence_ms": 112, "qc": "PASS", "wall_s": 12.03, "peak_rss_mb": 1498, "rc": 0}, "deliver": {"ok": true, "sent": true, "persona": "carly", "chat": "-1004406495175", "message_id": 56, "transcript": true, "report": true, "photo": false, "plan": {"voice": true, "transcript": true, "report": true}}}
2026-09-30T16:10:28-10:00ENERGY  status=live  B2=22.0%  B1=24.7%  solar=0 W  ac=98 W  usbc=0 W  src=/home/rootrecord/RootRecord-Ecosystem/2 - RootRecord-Database/Energy  LAP=100%/Full/AC
2026-09-30T16:10:43-10:00  ▸  SUMMARY=river2pro soc=24.13% solar=0W ac_out=93W usbc=17W src=ble db=ok
2026-09-30T16:10:43-10:00job:sys_stats_cycle RUN  bash "/home/rootrecord/RootRecord-Ecosystem/1 - Servers/1 - RootRecord-Pacific-Solar-Server/System/scripts/sys-sample.sh"
2026-09-30T16:10:44-10:00job:sys_stats_cycle | SYSTEM  cpu=4%  load=1.06  mem=41%  src=sqlite
2026-09-30T16:10:44-10:00job:sys_stats_cycle | OK wrote /home/rootrecord/RootRecord-Ecosystem/2 - RootRecord-Database/System/samples/sys-20260930-161043.json
2026-09-30T16:11:22-10:00job:github_sync_all | ↑ [ecosystem] committed 9 local file(s)
2026-09-30T16:11:22-10:00job:github_sync_all | ↓ [ecosystem] fetching origin/main
2026-09-30T16:11:22-10:00job:github_sync_all | From github.com:RootRecord-Software-Solutions/RootRecord-Ecosystem
2026-09-30T16:11:22-10:00job:github_sync_all | * branch            main       -> FETCH_HEAD
2026-09-30T16:11:22-10:00job:github_sync_all | ↑ [ecosystem] local is ahead of GitHub
2026-09-30T16:11:22-10:00job:github_sync_all | To github.com:RootRecord-Software-Solutions/RootRecord-Ecosystem.git
2026-09-30T16:11:22-10:00job:github_sync_all | 7a5b8ae..47f4ce4  HEAD -> main
2026-09-30T16:11:22-10:00job:github_sync_all | branch 'main' set up to track 'origin/main'.
2026-09-30T16:11:22-10:00job:github_sync_all | ↑ [ecosystem] 9 files → RootRecord-Software-Solutions/RootRecord-Ecosystem (main)
2026-09-30T16:11:22-10:00job:github_sync_all | — [pacific] no local changes
2026-09-30T16:11:22-10:00job:github_sync_all | ↓ [pacific] fetching origin/main
2026-09-30T16:11:22-10:00job:github_sync_all | From github.com:RootRecord-Software-Solutions/RootRecord-Pacific-Solar-Server
2026-09-30T16:11:22-10:00job:github_sync_all | * branch            main       -> FETCH_HEAD
2026-09-30T16:11:22-10:00job:github_sync_all | — [pacific] local and GitHub already match
2026-09-30T16:11:22-10:00job:github_sync_all | — [pacific] nothing to push
2026-09-30T16:11:22-10:00job:github_sync_all | ↑ [database] committed 18 local file(s)
2026-09-30T16:11:22-10:00job:github_sync_all | ↓ [database] fetching origin/main
2026-09-30T16:11:22-10:00job:github_sync_all | From github.com:RootRecord-Software-Solutions/RootRecord-Database
2026-09-30T16:11:22-10:00job:github_sync_all | * branch              main       -> FETCH_HEAD
2026-09-30T16:11:22-10:00job:github_sync_all | ↑ [database] local is ahead of GitHub
2026-09-30T16:11:22-10:00job:github_sync_all | To github.com:RootRecord-Software-Solutions/RootRecord-Database.git
2026-09-30T16:11:22-10:00job:github_sync_all | 47ec5d90..46fc5bd0  HEAD -> main
2026-09-30T16:11:22-10:00job:github_sync_all | branch 'main' set up to track 'origin/main'.
2026-09-30T16:11:22-10:00job:github_sync_all | ↑ [database] 18 files → RootRecord-Software-Solutions/RootRecord-Database (main)
2026-09-30T16:11:22-10:00job:github_sync_all | — [library] no local changes
2026-09-30T16:11:22-10:00job:github_sync_all | ↓ [library] fetching origin/main
2026-09-30T16:11:22-10:00job:github_sync_all | From github.com:RootRecord-Software-Solutions/RootRecord-Library
2026-09-30T16:11:22-10:00job:github_sync_all | * branch            main       -> FETCH_HEAD
2026-09-30T16:11:22-10:00job:github_sync_all | — [library] local and GitHub already match
2026-09-30T16:11:22-10:00job:github_sync_all | — [library] nothing to push
2026-09-30T16:11:22-10:00job:github_sync_all | — [skills] no local changes
2026-09-30T16:11:22-10:00job:github_sync_all | ↓ [skills] fetching origin/main
2026-09-30T16:11:22-10:00job:github_sync_all | From github.com:rootrecordsoftwaresolutions/Solar-Pacific-RootRecord-Server
2026-09-30T16:11:22-10:00job:github_sync_all | * branch            main       -> FETCH_HEAD
2026-09-30T16:11:22-10:00job:github_sync_all | — [skills] local and GitHub already match
2026-09-30T16:11:22-10:00job:github_sync_all | — [skills] nothing to push
2026-09-30T16:11:22-10:00job:worklog_scan RUN  bash "/home/rootrecord/RootRecord-Ecosystem/1 - Servers/1 - RootRecord-Pacific-Solar-Server/Reports/scripts/worklog_once.sh"
2026-09-30T16:11:28-10:00job:worklog_scan | OK wrote/updated /home/rootrecord/RootRecord-Ecosystem/2 - RootRecord-Database/Worklog/worklog_current.md
2026-09-30T16:11:28-10:00job:security_camera_frame_grab RUN  bash "/home/rootrecord/RootRecord-Ecosystem/1 - Servers/1 - RootRecord-Pacific-Solar-Server/Security/Cameras/grab_all.sh"
2026-09-30T16:11:46-10:00job:security_camera_frame_grab | 16:11:28  📷  a-eyes  ch1 → ch1-20261001T021128Z.jpg  (571.7 KB, 4.62s)
2026-09-30T16:11:46-10:00job:security_camera_frame_grab | 16:11:32  📷  a-eyes  ch2 → ch2-20261001T021132Z.jpg  (154.3 KB, 4.38s)
2026-09-30T16:11:46-10:00job:security_camera_frame_grab | 16:11:37  📷  a-eyes  ch3 → ch3-20261001T021137Z.jpg  (405.1 KB, 4.49s)
2026-09-30T16:11:46-10:00job:security_camera_frame_grab | 16:11:41  📷  a-eyes  ch4 → ch4-20261001T021141Z.jpg  (135.1 KB, 4.35s)
2026-09-30T16:11:46-10:00job:service_supervisor RUN  bash "/home/rootrecord/RootRecord-Ecosystem/1 - Servers/1 - RootRecord-Pacific-Solar-Server/Automations/scripts/supervise-services.sh"
2026-09-30T16:11:46-10:00job:service_supervisor | [supervisor] weather alive pid=97054 (act)
2026-09-30T16:11:46-10:00job:service_supervisor | [supervisor] relay alive pid=96403 (act)
2026-09-30T16:11:46-10:00job:geology_collect RUN  nice -n 10 python3 "/home/rootrecord/RootRecord-Ecosystem/1 - Servers/1 - RootRecord-Pacific-Solar-Server/Geology/scripts/geology_collect.py" all
2026-09-30T16:11:48-10:00job:geology_collect | {"ok": true, "at": "2026-09-30T16:11:46-10:00", "what": "all", "dry_run": false, "sources": {"hawaii": {"ok": true, "count": 12, "new": 1, "new_m2": 0, "ms": 440}, "global": {"ok": true, "count": 37, "new": 0, "ms": 290}, "hvo_notices": {"ok": true, "count": 44, "new": 0, "ms": 810}, "hvo_status": {"ok": true, "volcanoes": 8, "kilauea": "WATCH", "mauna_loa": "NORMAL", "ms": 620}}}
2026-09-30T16:11:48-10:00job:system_net_sample RUN  nice -n 10 python3 "/home/rootrecord/RootRecord-Ecosystem/1 - Servers/1 - RootRecord-Pacific-Solar-Server/System/scripts/host_desks.py" net-sample
2026-09-30T16:11:48-10:00job:system_net_sample | {"ok": true, "file": "/home/rootrecord/RootRecord-Ecosystem/2 - RootRecord-Database/System/network/Daily/net-20260930.jsonl", "iface": "wlo1", "hour": {"seconds": 3095, "rx": 191000307, "tx": 62136817, "total": 253137124, "iface": "wlo1", "link": "wireless"}, "day": null}
2026-09-30T16:11:49-10:00ENERGY  status=live  B2=22.0%  B1=24.1%  solar=0 W  ac=93 W  usbc=0 W  src=/home/rootrecord/RootRecord-Ecosystem/2 - RootRecord-Database/Energy  LAP=100%/Full/AC
2026-09-30T16:12:04-10:00  ▸  SUMMARY=river2pro soc=23.72% solar=0W ac_out=92W usbc=17W src=ble db=ok
2026-09-30T16:12:04-10:00job:sys_stats_cycle RUN  bash "/home/rootrecord/RootRecord-Ecosystem/1 - Servers/1 - RootRecord-Pacific-Solar-Server/System/scripts/sys-sample.sh"
2026-09-30T16:12:05-10:00job:sys_stats_cycle | SYSTEM  cpu=8%  load=1.24  mem=41%  src=sqlite
2026-09-30T16:12:05-10:00job:sys_stats_cycle | OK wrote /home/rootrecord/RootRecord-Ecosystem/2 - RootRecord-Database/System/samples/sys-20260930-161204.json
2026-09-30T16:12:44-10:00job:github_sync_all | ↑ [ecosystem] committed 17 local file(s)
2026-09-30T16:12:44-10:00job:github_sync_all | ↓ [ecosystem] fetching origin/main
2026-09-30T16:12:44-10:00job:github_sync_all | From github.com:RootRecord-Software-Solutions/RootRecord-Ecosystem
2026-09-30T16:12:44-10:00job:github_sync_all | * branch            main       -> FETCH_HEAD
2026-09-30T16:12:44-10:00job:github_sync_all | ↑ [ecosystem] local is ahead of GitHub
2026-09-30T16:12:44-10:00job:github_sync_all | To github.com:RootRecord-Software-Solutions/RootRecord-Ecosystem.git
2026-09-30T16:12:44-10:00job:github_sync_all | 47f4ce4..e4f89c1  HEAD -> main
2026-09-30T16:12:44-10:00job:github_sync_all | branch 'main' set up to track 'origin/main'.
2026-09-30T16:12:44-10:00job:github_sync_all | ↑ [ecosystem] 17 files → RootRecord-Software-Solutions/RootRecord-Ecosystem (main)
2026-09-30T16:12:44-10:00job:github_sync_all | ↑ [pacific] committed 3 local file(s)
2026-09-30T16:12:44-10:00job:github_sync_all | ↓ [pacific] fetching origin/main
2026-09-30T16:12:44-10:00job:github_sync_all | From github.com:RootRecord-Software-Solutions/RootRecord-Pacific-Solar-Server
2026-09-30T16:12:44-10:00job:github_sync_all | * branch            main       -> FETCH_HEAD
2026-09-30T16:12:44-10:00job:github_sync_all | ↑ [pacific] local is ahead of GitHub
2026-09-30T16:12:44-10:00job:github_sync_all | To github.com:RootRecord-Software-Solutions/RootRecord-Pacific-Solar-Server.git
2026-09-30T16:12:44-10:00job:github_sync_all | 2019c79..d1947a3  HEAD -> main
2026-09-30T16:12:44-10:00job:github_sync_all | branch 'main' set up to track 'origin/main'.
2026-09-30T16:12:44-10:00job:github_sync_all | ↑ [pacific] 3 files → RootRecord-Software-Solutions/RootRecord-Pacific-Solar-Server (main)
2026-09-30T16:12:44-10:00job:github_sync_all | ↑ [database] committed 25 local file(s)
2026-09-30T16:12:44-10:00job:github_sync_all | ↓ [database] fetching origin/main
2026-09-30T16:12:44-10:00job:github_sync_all | From github.com:RootRecord-Software-Solutions/RootRecord-Database
2026-09-30T16:12:44-10:00job:github_sync_all | * branch              main       -> FETCH_HEAD
2026-09-30T16:12:44-10:00job:github_sync_all | ↑ [database] local is ahead of GitHub
2026-09-30T16:12:44-10:00job:github_sync_all | To github.com:RootRecord-Software-Solutions/RootRecord-Database.git
2026-09-30T16:12:44-10:00job:github_sync_all | 46fc5bd0..95fb05e8  HEAD -> main
2026-09-30T16:12:44-10:00job:github_sync_all | branch 'main' set up to track 'origin/main'.
2026-09-30T16:12:44-10:00job:github_sync_all | ↑ [database] 25 files → RootRecord-Software-Solutions/RootRecord-Database (main)
2026-09-30T16:12:44-10:00job:github_sync_all | — [library] no local changes
2026-09-30T16:12:44-10:00job:github_sync_all | ↓ [library] fetching origin/main
2026-09-30T16:12:44-10:00job:github_sync_all | From github.com:RootRecord-Software-Solutions/RootRecord-Library
2026-09-30T16:12:44-10:00job:github_sync_all | * branch            main       -> FETCH_HEAD
2026-09-30T16:12:44-10:00job:github_sync_all | — [library] local and GitHub already match
2026-09-30T16:12:44-10:00job:github_sync_all | — [library] nothing to push
2026-09-30T16:12:44-10:00job:github_sync_all | — [skills] no local changes
2026-09-30T16:12:44-10:00job:github_sync_all | ↓ [skills] fetching origin/main
2026-09-30T16:12:44-10:00job:github_sync_all | From github.com:rootrecordsoftwaresolutions/Solar-Pacific-RootRecord-Server
2026-09-30T16:12:44-10:00job:github_sync_all | * branch            main       -> FETCH_HEAD
2026-09-30T16:12:44-10:00job:github_sync_all | — [skills] local and GitHub already match
2026-09-30T16:12:44-10:00job:github_sync_all | — [skills] nothing to push
2026-09-30T16:12:44-10:00job:security_camera_frame_grab RUN  bash "/home/rootrecord/RootRecord-Ecosystem/1 - Servers/1 - RootRecord-Pacific-Solar-Server/Security/Cameras/grab_all.sh"
2026-09-30T16:13:02-10:00job:security_camera_frame_grab | 16:12:44  📷  a-eyes  ch1 → ch1-20261001T021244Z.jpg  (554.8 KB, 4.26s)
2026-09-30T16:13:02-10:00job:security_camera_frame_grab | 16:12:49  📷  a-eyes  ch2 → ch2-20261001T021249Z.jpg  (151.8 KB, 4.45s)
2026-09-30T16:13:02-10:00job:security_camera_frame_grab | 16:12:53  📷  a-eyes  ch3 → ch3-20261001T021253Z.jpg  (405.2 KB, 4.58s)
2026-09-30T16:13:02-10:00job:security_camera_frame_grab | 16:12:58  📷  a-eyes  ch4 → ch4-20261001T021258Z.jpg  (133.4 KB, 4.49s)
2026-09-30T16:13:02-10:00job:voice_security_desk RUN  nice -n 10 python3 "/home/rootrecord/RootRecord-Ecosystem/1 - Servers/1 - RootRecord-Pacific-Solar-Server/Media/Voice/scripts/voice_reports.py" security_desk
2026-09-30T16:13:18-10:00job:voice_security_desk | {"ok": true, "report": "security_desk", "md": "/home/rootrecord/RootRecord-Ecosystem/test-reports/Voice/security_desk_current.md", "sentences": 6, "voice": {"ok": true, "mode": "stitch", "report": "security_desk", "agent": "carly", "voice": "af_nova", "speed": 1.0, "wav": "/home/rootrecord/RootRecord-Ecosystem/2 - RootRecord-Database/Media/Audio/Voice/security_desk_current.wav", "clips_used": 0, "live_sentences": 6, "model_loaded": true, "render_s": 10.83, "sample_rate": 24000, "channels": 1, "subtype": "PCM_16", "duration_s": 18.492, "peak_dbfs": -1.5, "rms_dbfs": -20.35, "lead_silence_ms": 112, "qc": "PASS", "wall_s": 10.88, "peak_rss_mb": 1380, "rc": 0}, "deliver": {"ok": true, "sent": true, "persona": "carly", "chat": "-1004406495175", "message_id": 62, "transcript": true, "report": true, "photo": false, "plan": {"voice": true, "transcript": true, "report": true}}}
2026-09-30T16:13:19-10:00ENERGY  status=live  B2=22.0%  B1=23.7%  solar=0 W  ac=92 W  usbc=0 W  src=/home/rootrecord/RootRecord-Ecosystem/2 - RootRecord-Database/Energy  LAP=100%/Full/AC
2026-09-30T16:13:34-10:00  ▸  SUMMARY=river2pro soc=23.3% solar=0W ac_out=86W usbc=17W src=ble db=ok
2026-09-30T16:13:34-10:00job:sys_stats_cycle RUN  bash "/home/rootrecord/RootRecord-Ecosystem/1 - Servers/1 - RootRecord-Pacific-Solar-Server/System/scripts/sys-sample.sh"
2026-09-30T16:13:35-10:00job:sys_stats_cycle | SYSTEM  cpu=3%  load=1.33  mem=41%  src=sqlite
2026-09-30T16:13:35-10:00job:sys_stats_cycle | OK wrote /home/rootrecord/RootRecord-Ecosystem/2 - RootRecord-Database/System/samples/sys-20260930-161334.json
2026-09-30T16:14:12-10:00job:github_sync_all | ↑ [ecosystem] committed 7 local file(s)
2026-09-30T16:14:12-10:00job:github_sync_all | ↓ [ecosystem] fetching origin/main
2026-09-30T16:14:12-10:00job:github_sync_all | From github.com:RootRecord-Software-Solutions/RootRecord-Ecosystem
2026-09-30T16:14:12-10:00job:github_sync_all | * branch            main       -> FETCH_HEAD
2026-09-30T16:14:12-10:00job:github_sync_all | ↑ [ecosystem] local is ahead of GitHub
2026-09-30T16:14:12-10:00job:github_sync_all | To github.com:RootRecord-Software-Solutions/RootRecord-Ecosystem.git
2026-09-30T16:14:12-10:00job:github_sync_all | e4f89c1..3389859  HEAD -> main
2026-09-30T16:14:12-10:00job:github_sync_all | branch 'main' set up to track 'origin/main'.
2026-09-30T16:14:12-10:00job:github_sync_all | ↑ [ecosystem] 7 files → RootRecord-Software-Solutions/RootRecord-Ecosystem (main)
2026-09-30T16:14:12-10:00job:github_sync_all | — [pacific] no local changes
2026-09-30T16:14:12-10:00job:github_sync_all | ↓ [pacific] fetching origin/main
2026-09-30T16:14:12-10:00job:github_sync_all | From github.com:RootRecord-Software-Solutions/RootRecord-Pacific-Solar-Server
2026-09-30T16:14:12-10:00job:github_sync_all | * branch            main       -> FETCH_HEAD
2026-09-30T16:14:12-10:00job:github_sync_all | — [pacific] local and GitHub already match
2026-09-30T16:14:12-10:00job:github_sync_all | — [pacific] nothing to push
2026-09-30T16:14:12-10:00job:github_sync_all | ↑ [database] committed 13 local file(s)
2026-09-30T16:14:12-10:00job:github_sync_all | ↓ [database] fetching origin/main
2026-09-30T16:14:12-10:00job:github_sync_all | From github.com:RootRecord-Software-Solutions/RootRecord-Database
2026-09-30T16:14:12-10:00job:github_sync_all | * branch              main       -> FETCH_HEAD
2026-09-30T16:14:12-10:00job:github_sync_all | ↑ [database] local is ahead of GitHub
2026-09-30T16:14:12-10:00job:github_sync_all | To github.com:RootRecord-Software-Solutions/RootRecord-Database.git
2026-09-30T16:14:12-10:00job:github_sync_all | 95fb05e8..0b3cd44f  HEAD -> main
2026-09-30T16:14:12-10:00job:github_sync_all | branch 'main' set up to track 'origin/main'.
2026-09-30T16:14:12-10:00job:github_sync_all | ↑ [database] 13 files → RootRecord-Software-Solutions/RootRecord-Database (main)
2026-09-30T16:14:12-10:00job:github_sync_all | — [library] no local changes
2026-09-30T16:14:12-10:00job:github_sync_all | ↓ [library] fetching origin/main
2026-09-30T16:14:12-10:00job:github_sync_all | From github.com:RootRecord-Software-Solutions/RootRecord-Library
2026-09-30T16:14:12-10:00job:github_sync_all | * branch            main       -> FETCH_HEAD
2026-09-30T16:14:12-10:00job:github_sync_all | — [library] local and GitHub already match
2026-09-30T16:14:12-10:00job:github_sync_all | — [library] nothing to push
2026-09-30T16:14:12-10:00job:github_sync_all | — [skills] no local changes
2026-09-30T16:14:12-10:00job:github_sync_all | ↓ [skills] fetching origin/main
2026-09-30T16:14:12-10:00job:github_sync_all | From github.com:rootrecordsoftwaresolutions/Solar-Pacific-RootRecord-Server
2026-09-30T16:14:12-10:00job:github_sync_all | * branch            main       -> FETCH_HEAD
2026-09-30T16:14:12-10:00job:github_sync_all | — [skills] local and GitHub already match
2026-09-30T16:14:12-10:00job:github_sync_all | — [skills] nothing to push
2026-09-30T16:14:12-10:00job:worklog_scan RUN  bash "/home/rootrecord/RootRecord-Ecosystem/1 - Servers/1 - RootRecord-Pacific-Solar-Server/Reports/scripts/worklog_once.sh"
2026-09-30T16:14:15-10:00job:worklog_scan | OK wrote/updated /home/rootrecord/RootRecord-Ecosystem/2 - RootRecord-Database/Worklog/worklog_current.md
2026-09-30T16:14:15-10:00job:security_camera_frame_grab RUN  bash "/home/rootrecord/RootRecord-Ecosystem/1 - Servers/1 - RootRecord-Pacific-Solar-Server/Security/Cameras/grab_all.sh"
2026-09-30T16:14:33-10:00job:security_camera_frame_grab | 16:14:15  📷  a-eyes  ch1 → ch1-20261001T021415Z.jpg  (569.4 KB, 4.46s)
2026-09-30T16:14:33-10:00job:security_camera_frame_grab | 16:14:20  📷  a-eyes  ch2 → ch2-20261001T021420Z.jpg  (151.5 KB, 4.36s)
2026-09-30T16:14:33-10:00job:security_camera_frame_grab | 16:14:24  📷  a-eyes  ch3 → ch3-20261001T021424Z.jpg  (409.7 KB, 4.24s)
2026-09-30T16:14:33-10:00job:security_camera_frame_grab | 16:14:28  📷  a-eyes  ch4 → ch4-20261001T021428Z.jpg  (136.0 KB, 4.48s)
2026-09-30T16:14:33-10:00ENERGY  status=live  B2=22.0%  B1=23.3%  solar=0 W  ac=86 W  usbc=0 W  src=/home/rootrecord/RootRecord-Ecosystem/2 - RootRecord-Database/Energy  LAP=100%/Full/AC
2026-09-30T16:14:44-10:00  ✗  ecoflow_read_cycle  WAITING
2026-09-30T16:14:44-10:00job:sys_stats_cycle RUN  bash "/home/rootrecord/RootRecord-Ecosystem/1 - Servers/1 - RootRecord-Pacific-Solar-Server/System/scripts/sys-sample.sh"
2026-09-30T16:14:45-10:00job:sys_stats_cycle | SYSTEM  cpu=3%  load=1.60  mem=42%  src=sqlite
2026-09-30T16:14:45-10:00job:sys_stats_cycle | OK wrote /home/rootrecord/RootRecord-Ecosystem/2 - RootRecord-Database/System/samples/sys-20260930-161444.json
2026-09-30T16:15:26-10:00job:github_sync_all | ↑ [ecosystem] committed 4 local file(s)
2026-09-30T16:15:26-10:00job:github_sync_all | ↓ [ecosystem] fetching origin/main
2026-09-30T16:15:26-10:00job:github_sync_all | From github.com:RootRecord-Software-Solutions/RootRecord-Ecosystem
2026-09-30T16:15:26-10:00job:github_sync_all | * branch            main       -> FETCH_HEAD
2026-09-30T16:15:26-10:00job:github_sync_all | ↑ [ecosystem] local is ahead of GitHub
2026-09-30T16:15:26-10:00job:github_sync_all | To github.com:RootRecord-Software-Solutions/RootRecord-Ecosystem.git
2026-09-30T16:15:26-10:00job:github_sync_all | 3389859..3dd6cff  HEAD -> main
2026-09-30T16:15:26-10:00job:github_sync_all | branch 'main' set up to track 'origin/main'.
2026-09-30T16:15:26-10:00job:github_sync_all | ↑ [ecosystem] 4 files → RootRecord-Software-Solutions/RootRecord-Ecosystem (main)
2026-09-30T16:15:26-10:00job:github_sync_all | ↑ [pacific] committed 4 local file(s)
2026-09-30T16:15:26-10:00job:github_sync_all | ↓ [pacific] fetching origin/main
2026-09-30T16:15:26-10:00job:github_sync_all | From github.com:RootRecord-Software-Solutions/RootRecord-Pacific-Solar-Server
2026-09-30T16:15:26-10:00job:github_sync_all | * branch            main       -> FETCH_HEAD
2026-09-30T16:15:26-10:00job:github_sync_all | ↑ [pacific] local is ahead of GitHub
2026-09-30T16:15:26-10:00job:github_sync_all | To github.com:RootRecord-Software-Solutions/RootRecord-Pacific-Solar-Server.git
2026-09-30T16:15:26-10:00job:github_sync_all | d1947a3..fa819b3  HEAD -> main
2026-09-30T16:15:26-10:00job:github_sync_all | branch 'main' set up to track 'origin/main'.
2026-09-30T16:15:26-10:00job:github_sync_all | ↑ [pacific] 4 files → RootRecord-Software-Solutions/RootRecord-Pacific-Solar-Server (main)
2026-09-30T16:15:26-10:00job:github_sync_all | ↑ [database] committed 12 local file(s)
2026-09-30T16:15:26-10:00job:github_sync_all | ↓ [database] fetching origin/main
2026-09-30T16:15:26-10:00job:github_sync_all | From github.com:RootRecord-Software-Solutions/RootRecord-Database
2026-09-30T16:15:26-10:00job:github_sync_all | * branch              main       -> FETCH_HEAD
2026-09-30T16:15:26-10:00job:github_sync_all | ↑ [database] local is ahead of GitHub
2026-09-30T16:15:26-10:00job:github_sync_all | To github.com:RootRecord-Software-Solutions/RootRecord-Database.git
2026-09-30T16:15:26-10:00job:github_sync_all | 0b3cd44f..4fb495e5  HEAD -> main
2026-09-30T16:15:26-10:00job:github_sync_all | branch 'main' set up to track 'origin/main'.
2026-09-30T16:15:26-10:00job:github_sync_all | ↑ [database] 12 files → RootRecord-Software-Solutions/RootRecord-Database (main)
2026-09-30T16:15:26-10:00job:github_sync_all | — [library] no local changes
2026-09-30T16:15:26-10:00job:github_sync_all | ↓ [library] fetching origin/main
2026-09-30T16:15:26-10:00job:github_sync_all | From github.com:RootRecord-Software-Solutions/RootRecord-Library
2026-09-30T16:15:26-10:00job:github_sync_all | * branch            main       -> FETCH_HEAD
2026-09-30T16:15:26-10:00job:github_sync_all | — [library] local and GitHub already match
2026-09-30T16:15:26-10:00job:github_sync_all | — [library] nothing to push
2026-09-30T16:15:26-10:00job:github_sync_all | — [skills] no local changes
2026-09-30T16:15:26-10:00job:github_sync_all | ↓ [skills] fetching origin/main
2026-09-30T16:15:26-10:00job:github_sync_all | From github.com:rootrecordsoftwaresolutions/Solar-Pacific-RootRecord-Server
2026-09-30T16:15:26-10:00job:github_sync_all | * branch            main       -> FETCH_HEAD
2026-09-30T16:15:26-10:00job:github_sync_all | — [skills] local and GitHub already match
2026-09-30T16:15:26-10:00job:github_sync_all | — [skills] nothing to push
2026-09-30T16:15:26-10:00job:security_camera_frame_grab RUN  bash "/home/rootrecord/RootRecord-Ecosystem/1 - Servers/1 - RootRecord-Pacific-Solar-Server/Security/Cameras/grab_all.sh"
2026-09-30T16:15:44-10:00job:security_camera_frame_grab | 16:15:26  📷  a-eyes  ch1 → ch1-20261001T021526Z.jpg  (590.4 KB, 4.44s)
2026-09-30T16:15:44-10:00job:security_camera_frame_grab | 16:15:30  📷  a-eyes  ch2 → ch2-20261001T021530Z.jpg  (151.8 KB, 4.57s)
2026-09-30T16:15:44-10:00job:security_camera_frame_grab | 16:15:35  📷  a-eyes  ch3 → ch3-20261001T021535Z.jpg  (400.4 KB, 4.48s)
2026-09-30T16:15:44-10:00job:security_camera_frame_grab | 16:15:40  📷  a-eyes  ch4 → ch4-20261001T021540Z.jpg  (137.1 KB, 4.58s)
2026-09-30T16:15:44-10:00ENERGY  status=live  B2=22.0%  B1=23.3%  solar=0 W  ac=86 W  usbc=0 W  src=/home/rootrecord/RootRecord-Ecosystem/2 - RootRecord-Database/Energy  LAP=100%/Full/AC
2026-09-30T16:16:00-10:00  ▸  SUMMARY=river2pro soc=22.66% solar=0W ac_out=87W usbc=20W src=ble db=ok
2026-09-30T16:16:00-10:00job:sys_stats_cycle RUN  bash "/home/rootrecord/RootRecord-Ecosystem/1 - Servers/1 - RootRecord-Pacific-Solar-Server/System/scripts/sys-sample.sh"
2026-09-30T16:16:01-10:00job:sys_stats_cycle | SYSTEM  cpu=6%  load=0.83  mem=42%  src=sqlite
2026-09-30T16:16:01-10:00job:sys_stats_cycle | OK wrote /home/rootrecord/RootRecord-Ecosystem/2 - RootRecord-Database/System/samples/sys-20260930-161600.json
2026-09-30T16:16:41-10:00job:github_sync_all | ↑ [ecosystem] committed 1 local file(s)
2026-09-30T16:16:41-10:00job:github_sync_all | ↓ [ecosystem] fetching origin/main
2026-09-30T16:16:41-10:00job:github_sync_all | From github.com:RootRecord-Software-Solutions/RootRecord-Ecosystem
2026-09-30T16:16:41-10:00job:github_sync_all | * branch            main       -> FETCH_HEAD
2026-09-30T16:16:41-10:00job:github_sync_all | ↑ [ecosystem] local is ahead of GitHub
2026-09-30T16:16:41-10:00job:github_sync_all | To github.com:RootRecord-Software-Solutions/RootRecord-Ecosystem.git
2026-09-30T16:16:41-10:00job:github_sync_all | 3dd6cff..756d785  HEAD -> main
2026-09-30T16:16:41-10:00job:github_sync_all | branch 'main' set up to track 'origin/main'.
2026-09-30T16:16:41-10:00job:github_sync_all | ↑ [ecosystem] 1 files → RootRecord-Software-Solutions/RootRecord-Ecosystem (main)
2026-09-30T16:16:41-10:00job:github_sync_all | ↑ [pacific] committed 1 local file(s)
2026-09-30T16:16:41-10:00job:github_sync_all | ↓ [pacific] fetching origin/main
2026-09-30T16:16:41-10:00job:github_sync_all | From github.com:RootRecord-Software-Solutions/RootRecord-Pacific-Solar-Server
2026-09-30T16:16:41-10:00job:github_sync_all | * branch            main       -> FETCH_HEAD
2026-09-30T16:16:41-10:00job:github_sync_all | ↑ [pacific] local is ahead of GitHub
2026-09-30T16:16:41-10:00job:github_sync_all | To github.com:RootRecord-Software-Solutions/RootRecord-Pacific-Solar-Server.git
2026-09-30T16:16:41-10:00job:github_sync_all | fa819b3..01a1de9  HEAD -> main
2026-09-30T16:16:41-10:00job:github_sync_all | branch 'main' set up to track 'origin/main'.
2026-09-30T16:16:41-10:00job:github_sync_all | ↑ [pacific] 1 files → RootRecord-Software-Solutions/RootRecord-Pacific-Solar-Server (main)
2026-09-30T16:16:41-10:00job:github_sync_all | ↑ [database] committed 14 local file(s)
2026-09-30T16:16:41-10:00job:github_sync_all | ↓ [database] fetching origin/main
2026-09-30T16:16:41-10:00job:github_sync_all | From github.com:RootRecord-Software-Solutions/RootRecord-Database
2026-09-30T16:16:41-10:00job:github_sync_all | * branch              main       -> FETCH_HEAD
2026-09-30T16:16:41-10:00job:github_sync_all | ↑ [database] local is ahead of GitHub
2026-09-30T16:16:41-10:00job:github_sync_all | To github.com:RootRecord-Software-Solutions/RootRecord-Database.git
2026-09-30T16:16:41-10:00job:github_sync_all | 4fb495e5..2a379984  HEAD -> main
2026-09-30T16:16:41-10:00job:github_sync_all | branch 'main' set up to track 'origin/main'.
2026-09-30T16:16:41-10:00job:github_sync_all | ↑ [database] 14 files → RootRecord-Software-Solutions/RootRecord-Database (main)
2026-09-30T16:16:41-10:00job:github_sync_all | — [library] no local changes
2026-09-30T16:16:41-10:00job:github_sync_all | ↓ [library] fetching origin/main
2026-09-30T16:16:41-10:00job:github_sync_all | From github.com:RootRecord-Software-Solutions/RootRecord-Library
2026-09-30T16:16:41-10:00job:github_sync_all | * branch            main       -> FETCH_HEAD
2026-09-30T16:16:41-10:00job:github_sync_all | — [library] local and GitHub already match
2026-09-30T16:16:41-10:00job:github_sync_all | — [library] nothing to push
2026-09-30T16:16:41-10:00job:github_sync_all | — [skills] no local changes
2026-09-30T16:16:41-10:00job:github_sync_all | ↓ [skills] fetching origin/main
2026-09-30T16:16:41-10:00job:github_sync_all | From github.com:rootrecordsoftwaresolutions/Solar-Pacific-RootRecord-Server
2026-09-30T16:16:41-10:00job:github_sync_all | * branch            main       -> FETCH_HEAD
2026-09-30T16:16:41-10:00job:github_sync_all | — [skills] local and GitHub already match
2026-09-30T16:16:41-10:00job:github_sync_all | — [skills] nothing to push
2026-09-30T16:16:41-10:00job:worklog_scan RUN  bash "/home/rootrecord/RootRecord-Ecosystem/1 - Servers/1 - RootRecord-Pacific-Solar-Server/Reports/scripts/worklog_once.sh"
2026-09-30T16:16:43-10:00job:worklog_scan | OK wrote/updated /home/rootrecord/RootRecord-Ecosystem/2 - RootRecord-Database/Worklog/worklog_current.md
2026-09-30T16:16:43-10:00job:security_camera_frame_grab RUN  bash "/home/rootrecord/RootRecord-Ecosystem/1 - Servers/1 - RootRecord-Pacific-Solar-Server/Security/Cameras/grab_all.sh"
2026-09-30T16:17:01-10:00job:security_camera_frame_grab | 16:16:44  📷  a-eyes  ch1 → ch1-20261001T021644Z.jpg  (574.3 KB, 4.41s)
2026-09-30T16:17:01-10:00job:security_camera_frame_grab | 16:16:48  📷  a-eyes  ch2 → ch2-20261001T021648Z.jpg  (145.6 KB, 4.38s)
2026-09-30T16:17:01-10:00job:security_camera_frame_grab | 16:16:52  📷  a-eyes  ch3 → ch3-20261001T021652Z.jpg  (389.2 KB, 4.38s)
2026-09-30T16:17:01-10:00job:security_camera_frame_grab | 16:16:57  📷  a-eyes  ch4 → ch4-20261001T021657Z.jpg  (137.8 KB, 4.52s)
2026-09-30T16:17:01-10:00job:service_supervisor RUN  bash "/home/rootrecord/RootRecord-Ecosystem/1 - Servers/1 - RootRecord-Pacific-Solar-Server/Automations/scripts/supervise-services.sh"
2026-09-30T16:17:01-10:00job:service_supervisor | [supervisor] weather alive pid=97054 (act)
2026-09-30T16:17:01-10:00job:service_supervisor | [supervisor] relay alive pid=96403 (act)
2026-09-30T16:17:02-10:00job:geology_collect RUN  nice -n 10 python3 "/home/rootrecord/RootRecord-Ecosystem/1 - Servers/1 - RootRecord-Pacific-Solar-Server/Geology/scripts/geology_collect.py" all
2026-09-30T16:17:04-10:00job:geology_collect | {"ok": true, "at": "2026-09-30T16:17:02-10:00", "what": "all", "dry_run": false, "sources": {"hawaii": {"ok": true, "count": 12, "new": 0, "new_m2": 0, "ms": 428}, "global": {"ok": true, "count": 37, "new": 0, "ms": 297}, "hvo_notices": {"ok": true, "count": 44, "new": 0, "ms": 707}, "hvo_status": {"ok": true, "volcanoes": 8, "kilauea": "WATCH", "mauna_loa": "NORMAL", "ms": 511}}}
2026-09-30T16:17:04-10:00job:system_net_sample RUN  nice -n 10 python3 "/home/rootrecord/RootRecord-Ecosystem/1 - Servers/1 - RootRecord-Pacific-Solar-Server/System/scripts/host_desks.py" net-sample
2026-09-30T16:17:04-10:00job:system_net_sample | {"ok": true, "file": "/home/rootrecord/RootRecord-Ecosystem/2 - RootRecord-Database/System/network/Daily/net-20260930.jsonl", "iface": "wlo1", "hour": {"seconds": 3410, "rx": 207626369, "tx": 69595863, "total": 277222232, "iface": "wlo1", "link": "wireless"}, "day": null}
2026-09-30T16:17:04-10:00job:voice_energy_report RUN  nice -n 10 python3 "/home/rootrecord/RootRecord-Ecosystem/1 - Servers/1 - RootRecord-Pacific-Solar-Server/Media/Voice/scripts/voice_reports.py" energy_report
2026-09-30T16:17:23-10:00job:voice_energy_report | {"ok": true, "report": "energy_report", "md": "/home/rootrecord/RootRecord-Ecosystem/test-reports/Voice/energy_report_current.md", "sentences": 5, "voice": {"ok": true, "mode": "stitch", "report": "energy_report", "agent": "carly", "voice": "af_nova", "speed": 1.0, "wav": "/home/rootrecord/RootRecord-Ecosystem/2 - RootRecord-Database/Media/Audio/Voice/energy_report_current.wav", "clips_used": 0, "live_sentences": 5, "model_loaded": true, "render_s": 10.65, "sample_rate": 24000, "channels": 1, "subtype": "PCM_16", "duration_s": 18.303, "peak_dbfs": -1.62, "rms_dbfs": -20.27, "lead_silence_ms": 111, "qc": "PASS", "wall_s": 10.71, "peak_rss_mb": 1417, "rc": 0}, "deliver": {"ok": true, "sent": true, "persona": "carly", "chat": "-1004406495175", "message_id": 74, "transcript": true, "report": true, "photo": true, "plan": {"voice": true, "transcript": true, "report": true}}}
2026-09-30T16:17:24-10:00ENERGY  status=live  B2=22.0%  B1=22.7%  solar=0 W  ac=87 W  usbc=0 W  src=/home/rootrecord/RootRecord-Ecosystem/2 - RootRecord-Database/Energy  LAP=100%/Full/AC
2026-09-30T16:17:32-10:00tunnel timeout — reconnecting
2026-09-30T16:17:32-10:00tunnel timeout — reconnecting
2026-09-30T16:17:34-10:00  ✗  ecoflow_read_cycle  WAITING
2026-09-30T16:17:34-10:00job:sys_stats_cycle RUN  bash "/home/rootrecord/RootRecord-Ecosystem/1 - Servers/1 - RootRecord-Pacific-Solar-Server/System/scripts/sys-sample.sh"
2026-09-30T16:17:35-10:00job:sys_stats_cycle | SYSTEM  cpu=4%  load=1.75  mem=42%  src=sqlite
2026-09-30T16:17:35-10:00job:sys_stats_cycle | OK wrote /home/rootrecord/RootRecord-Ecosystem/2 - RootRecord-Database/System/samples/sys-20260930-161735.json
2026-09-30T16:17:40-10:00tunnel connected  conn=3  edge=lax11
2026-09-30T16:18:13-10:00job:github_sync_all | ↑ [ecosystem] committed 33 local file(s)
2026-09-30T16:18:13-10:00job:github_sync_all | ↓ [ecosystem] fetching origin/main
2026-09-30T16:18:13-10:00job:github_sync_all | From github.com:RootRecord-Software-Solutions/RootRecord-Ecosystem
2026-09-30T16:18:13-10:00job:github_sync_all | * branch            main       -> FETCH_HEAD
2026-09-30T16:18:13-10:00job:github_sync_all | ↑ [ecosystem] local is ahead of GitHub
2026-09-30T16:18:13-10:00job:github_sync_all | To github.com:RootRecord-Software-Solutions/RootRecord-Ecosystem.git
2026-09-30T16:18:13-10:00job:github_sync_all | 756d785..7dd745f  HEAD -> main
2026-09-30T16:18:13-10:00job:github_sync_all | branch 'main' set up to track 'origin/main'.
2026-09-30T16:18:13-10:00job:github_sync_all | ↑ [ecosystem] 33 files → RootRecord-Software-Solutions/RootRecord-Ecosystem (main)
2026-09-30T16:18:13-10:00job:github_sync_all | — [pacific] no local changes
2026-09-30T16:18:13-10:00job:github_sync_all | ↓ [pacific] fetching origin/main
2026-09-30T16:18:13-10:00job:github_sync_all | From github.com:RootRecord-Software-Solutions/RootRecord-Pacific-Solar-Server
2026-09-30T16:18:13-10:00job:github_sync_all | * branch            main       -> FETCH_HEAD
2026-09-30T16:18:13-10:00job:github_sync_all | — [pacific] local and GitHub already match
2026-09-30T16:18:13-10:00job:github_sync_all | — [pacific] nothing to push
2026-09-30T16:18:13-10:00job:github_sync_all | ↑ [database] committed 20 local file(s)
2026-09-30T16:18:13-10:00job:github_sync_all | ↓ [database] fetching origin/main
2026-09-30T16:18:13-10:00job:github_sync_all | From github.com:RootRecord-Software-Solutions/RootRecord-Database
2026-09-30T16:18:13-10:00job:github_sync_all | * branch              main       -> FETCH_HEAD
2026-09-30T16:18:13-10:00job:github_sync_all | ↑ [database] local is ahead of GitHub
2026-09-30T16:18:13-10:00job:github_sync_all | To github.com:RootRecord-Software-Solutions/RootRecord-Database.git
2026-09-30T16:18:13-10:00job:github_sync_all | 2a379984..1eb5f321  HEAD -> main
2026-09-30T16:18:13-10:00job:github_sync_all | branch 'main' set up to track 'origin/main'.
2026-09-30T16:18:13-10:00job:github_sync_all | ↑ [database] 20 files → RootRecord-Software-Solutions/RootRecord-Database (main)
2026-09-30T16:18:13-10:00job:github_sync_all | — [library] no local changes
2026-09-30T16:18:13-10:00job:github_sync_all | ↓ [library] fetching origin/main
2026-09-30T16:18:13-10:00job:github_sync_all | From github.com:RootRecord-Software-Solutions/RootRecord-Library
2026-09-30T16:18:13-10:00job:github_sync_all | * branch            main       -> FETCH_HEAD
2026-09-30T16:18:13-10:00job:github_sync_all | — [library] local and GitHub already match
2026-09-30T16:18:13-10:00job:github_sync_all | — [library] nothing to push
2026-09-30T16:18:13-10:00job:github_sync_all | — [skills] no local changes
2026-09-30T16:18:13-10:00job:github_sync_all | ↓ [skills] fetching origin/main
2026-09-30T16:18:13-10:00job:github_sync_all | From github.com:rootrecordsoftwaresolutions/Solar-Pacific-RootRecord-Server
2026-09-30T16:18:13-10:00job:github_sync_all | * branch            main       -> FETCH_HEAD
2026-09-30T16:18:13-10:00job:github_sync_all | — [skills] local and GitHub already match
2026-09-30T16:18:13-10:00job:github_sync_all | — [skills] nothing to push
2026-09-30T16:18:13-10:00job:worklog_scan RUN  bash "/home/rootrecord/RootRecord-Ecosystem/1 - Servers/1 - RootRecord-Pacific-Solar-Server/Reports/scripts/worklog_once.sh"
2026-09-30T16:18:23-10:00job:worklog_scan | OK wrote/updated /home/rootrecord/RootRecord-Ecosystem/2 - RootRecord-Database/Worklog/worklog_current.md
2026-09-30T16:18:23-10:00job:security_camera_frame_grab RUN  bash "/home/rootrecord/RootRecord-Ecosystem/1 - Servers/1 - RootRecord-Pacific-Solar-Server/Security/Cameras/grab_all.sh"
2026-09-30T16:18:40-10:00job:security_camera_frame_grab | 16:18:23  📷  a-eyes  ch1 → ch1-20261001T021823Z.jpg  (571.4 KB, 4.42s)
2026-09-30T16:18:40-10:00job:security_camera_frame_grab | 16:18:27  📷  a-eyes  ch2 → ch2-20261001T021827Z.jpg  (148.0 KB, 4.40s)
2026-09-30T16:18:40-10:00job:security_camera_frame_grab | 16:18:32  📷  a-eyes  ch3 → ch3-20261001T021832Z.jpg  (392.6 KB, 4.32s)
2026-09-30T16:18:40-10:00job:security_camera_frame_grab | 16:18:36  📷  a-eyes  ch4 → ch4-20261001T021836Z.jpg  (133.0 KB, 4.40s)
2026-09-30T16:18:41-10:00ENERGY  status=live  B2=22.0%  B1=22.7%  solar=0 W  ac=87 W  usbc=0 W  src=/home/rootrecord/RootRecord-Ecosystem/2 - RootRecord-Database/Energy  LAP=100%/Full/AC
2026-09-30T16:18:51-10:00  ✗  ecoflow_read_cycle  WAITING
2026-09-30T16:18:51-10:00job:sys_stats_cycle RUN  bash "/home/rootrecord/RootRecord-Ecosystem/1 - Servers/1 - RootRecord-Pacific-Solar-Server/System/scripts/sys-sample.sh"
2026-09-30T16:18:52-10:00job:sys_stats_cycle | SYSTEM  cpu=5%  load=1.43  mem=42%  src=sqlite
2026-09-30T16:18:52-10:00job:sys_stats_cycle | OK wrote /home/rootrecord/RootRecord-Ecosystem/2 - RootRecord-Database/System/samples/sys-20260930-161852.json
2026-09-30T16:19:27-10:00job:github_sync_all | — [ecosystem] no committable local changes
2026-09-30T16:19:27-10:00job:github_sync_all | ↓ [ecosystem] fetching origin/main
2026-09-30T16:19:27-10:00job:github_sync_all | From github.com:RootRecord-Software-Solutions/RootRecord-Ecosystem
2026-09-30T16:19:27-10:00job:github_sync_all | * branch            main       -> FETCH_HEAD
2026-09-30T16:19:27-10:00job:github_sync_all | — [ecosystem] local and GitHub already match
2026-09-30T16:19:27-10:00job:github_sync_all | — [ecosystem] nothing to push
2026-09-30T16:19:27-10:00job:github_sync_all | — [pacific] no local changes
2026-09-30T16:19:27-10:00job:github_sync_all | ↓ [pacific] fetching origin/main
2026-09-30T16:19:27-10:00job:github_sync_all | From github.com:RootRecord-Software-Solutions/RootRecord-Pacific-Solar-Server
2026-09-30T16:19:27-10:00job:github_sync_all | * branch            main       -> FETCH_HEAD
2026-09-30T16:19:27-10:00job:github_sync_all | — [pacific] local and GitHub already match
2026-09-30T16:19:27-10:00job:github_sync_all | — [pacific] nothing to push
2026-09-30T16:19:27-10:00job:github_sync_all | ↑ [database] committed 13 local file(s)
2026-09-30T16:19:27-10:00job:github_sync_all | ↓ [database] fetching origin/main
2026-09-30T16:19:27-10:00job:github_sync_all | From github.com:RootRecord-Software-Solutions/RootRecord-Database
2026-09-30T16:19:27-10:00job:github_sync_all | * branch              main       -> FETCH_HEAD
2026-09-30T16:19:27-10:00job:github_sync_all | ↑ [database] local is ahead of GitHub
2026-09-30T16:19:27-10:00job:github_sync_all | To github.com:RootRecord-Software-Solutions/RootRecord-Database.git
2026-09-30T16:19:27-10:00job:github_sync_all | 1eb5f321..046b226b  HEAD -> main
2026-09-30T16:19:27-10:00job:github_sync_all | branch 'main' set up to track 'origin/main'.
2026-09-30T16:19:27-10:00job:github_sync_all | ↑ [database] 13 files → RootRecord-Software-Solutions/RootRecord-Database (main)
2026-09-30T16:19:27-10:00job:github_sync_all | — [library] no local changes
2026-09-30T16:19:27-10:00job:github_sync_all | ↓ [library] fetching origin/main
2026-09-30T16:19:27-10:00job:github_sync_all | From github.com:RootRecord-Software-Solutions/RootRecord-Library
2026-09-30T16:19:27-10:00job:github_sync_all | * branch            main       -> FETCH_HEAD
2026-09-30T16:19:27-10:00job:github_sync_all | — [library] local and GitHub already match
2026-09-30T16:19:27-10:00job:github_sync_all | — [library] nothing to push
2026-09-30T16:19:27-10:00job:github_sync_all | — [skills] no local changes
2026-09-30T16:19:27-10:00job:github_sync_all | ↓ [skills] fetching origin/main
2026-09-30T16:19:27-10:00job:github_sync_all | From github.com:rootrecordsoftwaresolutions/Solar-Pacific-RootRecord-Server
2026-09-30T16:19:27-10:00job:github_sync_all | * branch            main       -> FETCH_HEAD
2026-09-30T16:19:27-10:00job:github_sync_all | — [skills] local and GitHub already match
2026-09-30T16:19:27-10:00job:github_sync_all | — [skills] nothing to push
2026-09-30T16:19:27-10:00job:security_camera_frame_grab RUN  bash "/home/rootrecord/RootRecord-Ecosystem/1 - Servers/1 - RootRecord-Pacific-Solar-Server/Security/Cameras/grab_all.sh"
2026-09-30T16:19:45-10:00job:security_camera_frame_grab | 16:19:27  📷  a-eyes  ch1 → ch1-20261001T021927Z.jpg  (560.6 KB, 4.42s)
2026-09-30T16:19:45-10:00job:security_camera_frame_grab | 16:19:31  📷  a-eyes  ch2 → ch2-20261001T021931Z.jpg  (148.9 KB, 4.47s)
2026-09-30T16:19:45-10:00job:security_camera_frame_grab | 16:19:36  📷  a-eyes  ch3 → ch3-20261001T021936Z.jpg  (379.6 KB, 4.38s)
2026-09-30T16:19:45-10:00job:security_camera_frame_grab | 16:19:40  📷  a-eyes  ch4 → ch4-20261001T021940Z.jpg  (135.0 KB, 4.48s)
2026-09-30T16:19:45-10:00ENERGY  status=live  B2=22.0%  B1=22.7%  solar=0 W  ac=87 W  usbc=0 W  src=/home/rootrecord/RootRecord-Ecosystem/2 - RootRecord-Database/Energy  LAP=100%/Full/AC
2026-09-30T16:20:00-10:00  ▸  SUMMARY=river2pro soc=21.39% solar=0W ac_out=95W usbc=17W src=ble db=ok
2026-09-30T16:20:00-10:00job:sys_stats_cycle RUN  bash "/home/rootrecord/RootRecord-Ecosystem/1 - Servers/1 - RootRecord-Pacific-Solar-Server/System/scripts/sys-sample.sh"
2026-09-30T16:20:01-10:00job:sys_stats_cycle | SYSTEM  cpu=3%  load=0.62  mem=42%  src=sqlite
2026-09-30T16:20:01-10:00job:sys_stats_cycle | OK wrote /home/rootrecord/RootRecord-Ecosystem/2 - RootRecord-Database/System/samples/sys-20260930-162001.json
2026-09-30T16:20:38-10:00job:github_sync_all | — [ecosystem] no committable local changes
2026-09-30T16:20:38-10:00job:github_sync_all | ↓ [ecosystem] fetching origin/main
2026-09-30T16:20:38-10:00job:github_sync_all | From github.com:RootRecord-Software-Solutions/RootRecord-Ecosystem
2026-09-30T16:20:38-10:00job:github_sync_all | * branch            main       -> FETCH_HEAD
2026-09-30T16:20:38-10:00job:github_sync_all | — [ecosystem] local and GitHub already match
2026-09-30T16:20:38-10:00job:github_sync_all | — [ecosystem] nothing to push
2026-09-30T16:20:38-10:00job:github_sync_all | — [pacific] no local changes
2026-09-30T16:20:38-10:00job:github_sync_all | ↓ [pacific] fetching origin/main
2026-09-30T16:20:38-10:00job:github_sync_all | From github.com:RootRecord-Software-Solutions/RootRecord-Pacific-Solar-Server
2026-09-30T16:20:38-10:00job:github_sync_all | * branch            main       -> FETCH_HEAD
2026-09-30T16:20:38-10:00job:github_sync_all | — [pacific] local and GitHub already match
2026-09-30T16:20:38-10:00job:github_sync_all | — [pacific] nothing to push
2026-09-30T16:20:38-10:00job:github_sync_all | ↑ [database] committed 13 local file(s)
2026-09-30T16:20:38-10:00job:github_sync_all | ↓ [database] fetching origin/main
2026-09-30T16:20:38-10:00job:github_sync_all | From github.com:RootRecord-Software-Solutions/RootRecord-Database
2026-09-30T16:20:38-10:00job:github_sync_all | * branch              main       -> FETCH_HEAD
2026-09-30T16:20:38-10:00job:github_sync_all | ↑ [database] local is ahead of GitHub
2026-09-30T16:20:38-10:00job:github_sync_all | To github.com:RootRecord-Software-Solutions/RootRecord-Database.git
2026-09-30T16:20:38-10:00job:github_sync_all | 046b226b..cbf39b14  HEAD -> main
2026-09-30T16:20:38-10:00job:github_sync_all | branch 'main' set up to track 'origin/main'.
2026-09-30T16:20:38-10:00job:github_sync_all | ↑ [database] 13 files → RootRecord-Software-Solutions/RootRecord-Database (main)
2026-09-30T16:20:38-10:00job:github_sync_all | — [library] no local changes
2026-09-30T16:20:38-10:00job:github_sync_all | ↓ [library] fetching origin/main
2026-09-30T16:20:38-10:00job:github_sync_all | From github.com:RootRecord-Software-Solutions/RootRecord-Library
2026-09-30T16:20:38-10:00job:github_sync_all | * branch            main       -> FETCH_HEAD
2026-09-30T16:20:38-10:00job:github_sync_all | — [library] local and GitHub already match
2026-09-30T16:20:38-10:00job:github_sync_all | — [library] nothing to push
2026-09-30T16:20:38-10:00job:github_sync_all | — [skills] no local changes
2026-09-30T16:20:38-10:00job:github_sync_all | ↓ [skills] fetching origin/main
2026-09-30T16:20:38-10:00job:github_sync_all | From github.com:rootrecordsoftwaresolutions/Solar-Pacific-RootRecord-Server
2026-09-30T16:20:38-10:00job:github_sync_all | * branch            main       -> FETCH_HEAD
2026-09-30T16:20:38-10:00job:github_sync_all | — [skills] local and GitHub already match
2026-09-30T16:20:38-10:00job:github_sync_all | — [skills] nothing to push
2026-09-30T16:20:38-10:00job:worklog_scan RUN  bash "/home/rootrecord/RootRecord-Ecosystem/1 - Servers/1 - RootRecord-Pacific-Solar-Server/Reports/scripts/worklog_once.sh"
2026-09-30T16:20:42-10:00job:worklog_scan | OK wrote/updated /home/rootrecord/RootRecord-Ecosystem/2 - RootRecord-Database/Worklog/worklog_current.md
2026-09-30T16:20:42-10:00job:security_camera_frame_grab RUN  bash "/home/rootrecord/RootRecord-Ecosystem/1 - Servers/1 - RootRecord-Pacific-Solar-Server/Security/Cameras/grab_all.sh"
2026-09-30T16:21:00-10:00job:security_camera_frame_grab | 16:20:42  📷  a-eyes  ch1 → ch1-20261001T022042Z.jpg  (569.2 KB, 4.45s)
2026-09-30T16:21:00-10:00job:security_camera_frame_grab | 16:20:46  📷  a-eyes  ch2 → ch2-20261001T022046Z.jpg  (147.2 KB, 4.38s)
2026-09-30T16:21:00-10:00job:security_camera_frame_grab | 16:20:51  📷  a-eyes  ch3 → ch3-20261001T022051Z.jpg  (369.5 KB, 4.27s)
2026-09-30T16:21:00-10:00job:security_camera_frame_grab | 16:20:55  📷  a-eyes  ch4 → ch4-20261001T022055Z.jpg  (137.3 KB, 4.48s)
2026-09-30T16:21:00-10:00ENERGY  status=live  B2=22.0%  B1=21.4%  solar=0 W  ac=95 W  usbc=0 W  src=/home/rootrecord/RootRecord-Ecosystem/2 - RootRecord-Database/Energy  LAP=100%/Full/AC
2026-09-30T16:21:10-10:00  ✗  ecoflow_read_cycle  WAITING
2026-09-30T16:21:10-10:00job:sys_stats_cycle RUN  bash "/home/rootrecord/RootRecord-Ecosystem/1 - Servers/1 - RootRecord-Pacific-Solar-Server/System/scripts/sys-sample.sh"
2026-09-30T16:21:12-10:00job:sys_stats_cycle | SYSTEM  cpu=4%  load=0.59  mem=42%  src=sqlite
2026-09-30T16:21:12-10:00job:sys_stats_cycle | OK wrote /home/rootrecord/RootRecord-Ecosystem/2 - RootRecord-Database/System/samples/sys-20260930-162111.json
2026-09-30T16:21:48-10:00job:github_sync_all | — [ecosystem] no committable local changes
2026-09-30T16:21:48-10:00job:github_sync_all | ↓ [ecosystem] fetching origin/main
2026-09-30T16:21:48-10:00job:github_sync_all | From github.com:RootRecord-Software-Solutions/RootRecord-Ecosystem
2026-09-30T16:21:48-10:00job:github_sync_all | * branch            main       -> FETCH_HEAD
2026-09-30T16:21:48-10:00job:github_sync_all | — [ecosystem] local and GitHub already match
2026-09-30T16:21:48-10:00job:github_sync_all | — [ecosystem] nothing to push
2026-09-30T16:21:48-10:00job:github_sync_all | — [pacific] no local changes
2026-09-30T16:21:48-10:00job:github_sync_all | ↓ [pacific] fetching origin/main
2026-09-30T16:21:48-10:00job:github_sync_all | From github.com:RootRecord-Software-Solutions/RootRecord-Pacific-Solar-Server
2026-09-30T16:21:48-10:00job:github_sync_all | * branch            main       -> FETCH_HEAD
2026-09-30T16:21:48-10:00job:github_sync_all | — [pacific] local and GitHub already match
2026-09-30T16:21:48-10:00job:github_sync_all | — [pacific] nothing to push
2026-09-30T16:21:48-10:00job:github_sync_all | ↑ [database] committed 12 local file(s)
2026-09-30T16:21:48-10:00job:github_sync_all | ↓ [database] fetching origin/main
2026-09-30T16:21:48-10:00job:github_sync_all | From github.com:RootRecord-Software-Solutions/RootRecord-Database
2026-09-30T16:21:48-10:00job:github_sync_all | * branch              main       -> FETCH_HEAD
2026-09-30T16:21:48-10:00job:github_sync_all | ↑ [database] local is ahead of GitHub
2026-09-30T16:21:48-10:00job:github_sync_all | To github.com:RootRecord-Software-Solutions/RootRecord-Database.git
2026-09-30T16:21:48-10:00job:github_sync_all | cbf39b14..5e121a82  HEAD -> main
2026-09-30T16:21:48-10:00job:github_sync_all | branch 'main' set up to track 'origin/main'.
2026-09-30T16:21:48-10:00job:github_sync_all | ↑ [database] 12 files → RootRecord-Software-Solutions/RootRecord-Database (main)
2026-09-30T16:21:48-10:00job:github_sync_all | — [library] no local changes
2026-09-30T16:21:48-10:00job:github_sync_all | ↓ [library] fetching origin/main
2026-09-30T16:21:48-10:00job:github_sync_all | From github.com:RootRecord-Software-Solutions/RootRecord-Library
2026-09-30T16:21:48-10:00job:github_sync_all | * branch            main       -> FETCH_HEAD
2026-09-30T16:21:48-10:00job:github_sync_all | — [library] local and GitHub already match
2026-09-30T16:21:48-10:00job:github_sync_all | — [library] nothing to push
2026-09-30T16:21:48-10:00job:github_sync_all | — [skills] no local changes
2026-09-30T16:21:48-10:00job:github_sync_all | ↓ [skills] fetching origin/main
2026-09-30T16:21:48-10:00job:github_sync_all | From github.com:rootrecordsoftwaresolutions/Solar-Pacific-RootRecord-Server
2026-09-30T16:21:48-10:00job:github_sync_all | * branch            main       -> FETCH_HEAD
2026-09-30T16:21:48-10:00job:github_sync_all | — [skills] local and GitHub already match
2026-09-30T16:21:48-10:00job:github_sync_all | — [skills] nothing to push
2026-09-30T16:21:48-10:00job:security_camera_frame_grab RUN  bash "/home/rootrecord/RootRecord-Ecosystem/1 - Servers/1 - RootRecord-Pacific-Solar-Server/Security/Cameras/grab_all.sh"
2026-09-30T16:22:06-10:00job:security_camera_frame_grab | 16:21:48  📷  a-eyes  ch1 → ch1-20261001T022148Z.jpg  (568.3 KB, 4.45s)
2026-09-30T16:22:06-10:00job:security_camera_frame_grab | 16:21:52  📷  a-eyes  ch2 → ch2-20261001T022152Z.jpg  (150.4 KB, 4.46s)
2026-09-30T16:22:06-10:00job:security_camera_frame_grab | 16:21:57  📷  a-eyes  ch3 → ch3-20261001T022157Z.jpg  (369.4 KB, 4.37s)
2026-09-30T16:22:06-10:00job:security_camera_frame_grab | 16:22:01  📷  a-eyes  ch4 → ch4-20261001T022201Z.jpg  (140.5 KB, 4.38s)
2026-09-30T16:22:06-10:00job:service_supervisor RUN  bash "/home/rootrecord/RootRecord-Ecosystem/1 - Servers/1 - RootRecord-Pacific-Solar-Server/Automations/scripts/supervise-services.sh"
2026-09-30T16:22:06-10:00job:service_supervisor | [supervisor] weather alive pid=97054 (act)
2026-09-30T16:22:06-10:00job:service_supervisor | [supervisor] relay alive pid=96403 (act)
2026-09-30T16:22:06-10:00job:geology_collect RUN  nice -n 10 python3 "/home/rootrecord/RootRecord-Ecosystem/1 - Servers/1 - RootRecord-Pacific-Solar-Server/Geology/scripts/geology_collect.py" all
2026-09-30T16:22:09-10:00job:geology_collect | {"ok": true, "at": "2026-09-30T16:22:06-10:00", "what": "all", "dry_run": false, "sources": {"hawaii": {"ok": true, "count": 12, "new": 0, "new_m2": 0, "ms": 720}, "global": {"ok": true, "count": 37, "new": 0, "ms": 315}, "hvo_notices": {"ok": true, "count": 44, "new": 0, "ms": 909}, "hvo_status": {"ok": true, "volcanoes": 8, "kilauea": "WATCH", "mauna_loa": "NORMAL", "ms": 618}}}
2026-09-30T16:22:09-10:00job:system_net_sample RUN  nice -n 10 python3 "/home/rootrecord/RootRecord-Ecosystem/1 - Servers/1 - RootRecord-Pacific-Solar-Server/System/scripts/host_desks.py" net-sample
2026-09-30T16:22:09-10:00job:system_net_sample | {"ok": true, "file": "/home/rootrecord/RootRecord-Ecosystem/2 - RootRecord-Database/System/network/Daily/net-20260930.jsonl", "iface": "wlo1", "hour": {"seconds": 3715, "rx": 218084680, "tx": 75789707, "total": 293874387, "iface": "wlo1", "link": "wireless"}, "day": null}
2026-09-30T16:22:09-10:00ENERGY  status=live  B2=22.0%  B1=21.4%  solar=0 W  ac=95 W  usbc=0 W  src=/home/rootrecord/RootRecord-Ecosystem/2 - RootRecord-Database/Energy  LAP=100%/Full/AC
2026-09-30T16:22:25-10:00  ▸  SUMMARY=river2pro soc=20.66% solar=0W ac_out=101W usbc=17W src=ble db=ok
2026-09-30T16:22:25-10:00job:sys_stats_cycle RUN  bash "/home/rootrecord/RootRecord-Ecosystem/1 - Servers/1 - RootRecord-Pacific-Solar-Server/System/scripts/sys-sample.sh"
2026-09-30T16:22:26-10:00job:sys_stats_cycle | SYSTEM  cpu=4%  load=0.83  mem=41%  src=sqlite
2026-09-30T16:22:26-10:00job:sys_stats_cycle | OK wrote /home/rootrecord/RootRecord-Ecosystem/2 - RootRecord-Database/System/samples/sys-20260930-162225.json
2026-09-30T16:23:07-10:00job:github_sync_all | ↑ [ecosystem] committed 7 local file(s)
2026-09-30T16:23:07-10:00job:github_sync_all | ↓ [ecosystem] fetching origin/main
2026-09-30T16:23:07-10:00job:github_sync_all | From github.com:RootRecord-Software-Solutions/RootRecord-Ecosystem
2026-09-30T16:23:07-10:00job:github_sync_all | * branch            main       -> FETCH_HEAD
2026-09-30T16:23:07-10:00job:github_sync_all | ↑ [ecosystem] local is ahead of GitHub
2026-09-30T16:23:07-10:00job:github_sync_all | To github.com:RootRecord-Software-Solutions/RootRecord-Ecosystem.git
2026-09-30T16:23:07-10:00job:github_sync_all | 7dd745f..547fdf8  HEAD -> main
2026-09-30T16:23:07-10:00job:github_sync_all | branch 'main' set up to track 'origin/main'.
2026-09-30T16:23:07-10:00job:github_sync_all | ↑ [ecosystem] 7 files → RootRecord-Software-Solutions/RootRecord-Ecosystem (main)
2026-09-30T16:23:07-10:00job:github_sync_all | — [pacific] no local changes
2026-09-30T16:23:07-10:00job:github_sync_all | ↓ [pacific] fetching origin/main
2026-09-30T16:23:07-10:00job:github_sync_all | From github.com:RootRecord-Software-Solutions/RootRecord-Pacific-Solar-Server
2026-09-30T16:23:07-10:00job:github_sync_all | * branch            main       -> FETCH_HEAD
2026-09-30T16:23:07-10:00job:github_sync_all | — [pacific] local and GitHub already match
2026-09-30T16:23:07-10:00job:github_sync_all | — [pacific] nothing to push
2026-09-30T16:23:07-10:00job:github_sync_all | ↑ [database] committed 19 local file(s)
2026-09-30T16:23:07-10:00job:github_sync_all | ↓ [database] fetching origin/main
2026-09-30T16:23:07-10:00job:github_sync_all | From github.com:RootRecord-Software-Solutions/RootRecord-Database
2026-09-30T16:23:07-10:00job:github_sync_all | * branch              main       -> FETCH_HEAD
2026-09-30T16:23:07-10:00job:github_sync_all | ↑ [database] local is ahead of GitHub
2026-09-30T16:23:07-10:00job:github_sync_all | To github.com:RootRecord-Software-Solutions/RootRecord-Database.git
2026-09-30T16:23:07-10:00job:github_sync_all | 5e121a82..0fdf1bda  HEAD -> main
2026-09-30T16:23:07-10:00job:github_sync_all | branch 'main' set up to track 'origin/main'.
2026-09-30T16:23:07-10:00job:github_sync_all | ↑ [database] 19 files → RootRecord-Software-Solutions/RootRecord-Database (main)
2026-09-30T16:23:07-10:00job:github_sync_all | — [library] no local changes
2026-09-30T16:23:07-10:00job:github_sync_all | ↓ [library] fetching origin/main
2026-09-30T16:23:07-10:00job:github_sync_all | From github.com:RootRecord-Software-Solutions/RootRecord-Library
2026-09-30T16:23:07-10:00job:github_sync_all | * branch            main       -> FETCH_HEAD
2026-09-30T16:23:07-10:00job:github_sync_all | — [library] local and GitHub already match
2026-09-30T16:23:07-10:00job:github_sync_all | — [library] nothing to push
2026-09-30T16:23:07-10:00job:github_sync_all | — [skills] no local changes
2026-09-30T16:23:07-10:00job:github_sync_all | ↓ [skills] fetching origin/main
2026-09-30T16:23:07-10:00job:github_sync_all | From github.com:rootrecordsoftwaresolutions/Solar-Pacific-RootRecord-Server
2026-09-30T16:23:07-10:00job:github_sync_all | * branch            main       -> FETCH_HEAD
2026-09-30T16:23:07-10:00job:github_sync_all | — [skills] local and GitHub already match
2026-09-30T16:23:07-10:00job:github_sync_all | — [skills] nothing to push
2026-09-30T16:23:07-10:00job:worklog_scan RUN  bash "/home/rootrecord/RootRecord-Ecosystem/1 - Servers/1 - RootRecord-Pacific-Solar-Server/Reports/scripts/worklog_once.sh"
2026-09-30T16:23:09-10:00job:worklog_scan | OK wrote/updated /home/rootrecord/RootRecord-Ecosystem/2 - RootRecord-Database/Worklog/worklog_current.md
2026-09-30T16:23:09-10:00job:security_camera_frame_grab RUN  bash "/home/rootrecord/RootRecord-Ecosystem/1 - Servers/1 - RootRecord-Pacific-Solar-Server/Security/Cameras/grab_all.sh"
2026-09-30T16:23:27-10:00job:security_camera_frame_grab | 16:23:09  📷  a-eyes  ch1 → ch1-20261001T022309Z.jpg  (569.5 KB, 4.47s)
2026-09-30T16:23:27-10:00job:security_camera_frame_grab | 16:23:14  📷  a-eyes  ch2 → ch2-20261001T022314Z.jpg  (149.8 KB, 4.35s)
2026-09-30T16:23:27-10:00job:security_camera_frame_grab | 16:23:18  📷  a-eyes  ch3 → ch3-20261001T022318Z.jpg  (371.7 KB, 4.48s)
2026-09-30T16:23:27-10:00job:security_camera_frame_grab | 16:23:23  📷  a-eyes  ch4 → ch4-20261001T022323Z.jpg  (138.7 KB, 4.57s)
2026-09-30T16:23:27-10:00job:voice_nws_weather RUN  nice -n 10 python3 "/home/rootrecord/RootRecord-Ecosystem/1 - Servers/1 - RootRecord-Pacific-Solar-Server/Media/Voice/scripts/voice_reports.py" nws_weather
2026-09-30T16:23:38-10:00job:voice_nws_weather | {"ok": true, "report": "nws_weather", "md": "/home/rootrecord/RootRecord-Ecosystem/test-reports/Voice/nws_weather_current.md", "sentences": 4, "voice": {"ok": true, "mode": "stitch", "report": "nws_weather", "agent": "ava", "voice": "af_heart", "speed": 1.0, "wav": "/home/rootrecord/RootRecord-Ecosystem/2 - RootRecord-Database/Media/Audio/Voice/nws_weather_current.wav", "clips_used": 0, "live_sentences": 7, "model_loaded": true, "render_s": 9.98, "sample_rate": 24000, "channels": 1, "subtype": "PCM_16", "duration_s": 16.353, "peak_dbfs": -1.5, "rms_dbfs": -20.59, "lead_silence_ms": 115, "qc": "PASS", "wall_s": 10.04, "peak_rss_mb": 1391, "rc": 0}, "deliver": {"ok": true, "sent": false, "detail": "unchanged"}}
2026-09-30T16:23:39-10:00ENERGY  status=live  B2=22.0%  B1=20.7%  solar=0 W  ac=101 W  usbc=0 W  src=/home/rootrecord/RootRecord-Ecosystem/2 - RootRecord-Database/Energy  LAP=100%/Full/AC
2026-09-30T16:23:54-10:00  ▸  SUMMARY=river2pro soc=20.19% solar=0W ac_out=90W usbc=20W src=ble db=ok
2026-09-30T16:23:54-10:00job:sys_stats_cycle RUN  bash "/home/rootrecord/RootRecord-Ecosystem/1 - Servers/1 - RootRecord-Pacific-Solar-Server/System/scripts/sys-sample.sh"
2026-09-30T16:23:55-10:00job:sys_stats_cycle | SYSTEM  cpu=6%  load=1.40  mem=42%  src=sqlite
2026-09-30T16:23:55-10:00job:sys_stats_cycle | OK wrote /home/rootrecord/RootRecord-Ecosystem/2 - RootRecord-Database/System/samples/sys-20260930-162355.json
2026-09-30T16:24:34-10:00job:github_sync_all | ↑ [ecosystem] committed 4 local file(s)
2026-09-30T16:24:34-10:00job:github_sync_all | ↓ [ecosystem] fetching origin/main
2026-09-30T16:24:34-10:00job:github_sync_all | From github.com:RootRecord-Software-Solutions/RootRecord-Ecosystem
2026-09-30T16:24:34-10:00job:github_sync_all | * branch            main       -> FETCH_HEAD
2026-09-30T16:24:34-10:00job:github_sync_all | ↑ [ecosystem] local is ahead of GitHub
2026-09-30T16:24:34-10:00job:github_sync_all | To github.com:RootRecord-Software-Solutions/RootRecord-Ecosystem.git
2026-09-30T16:24:34-10:00job:github_sync_all | 547fdf8..f41a6e7  HEAD -> main
2026-09-30T16:24:34-10:00job:github_sync_all | branch 'main' set up to track 'origin/main'.
2026-09-30T16:24:34-10:00job:github_sync_all | ↑ [ecosystem] 4 files → RootRecord-Software-Solutions/RootRecord-Ecosystem (main)
2026-09-30T16:24:34-10:00job:github_sync_all | — [pacific] no local changes
2026-09-30T16:24:34-10:00job:github_sync_all | ↓ [pacific] fetching origin/main
2026-09-30T16:24:34-10:00job:github_sync_all | From github.com:RootRecord-Software-Solutions/RootRecord-Pacific-Solar-Server
2026-09-30T16:24:34-10:00job:github_sync_all | * branch            main       -> FETCH_HEAD
2026-09-30T16:24:34-10:00job:github_sync_all | — [pacific] local and GitHub already match
2026-09-30T16:24:34-10:00job:github_sync_all | — [pacific] nothing to push
2026-09-30T16:24:34-10:00job:github_sync_all | ↑ [database] committed 16 local file(s)
2026-09-30T16:24:34-10:00job:github_sync_all | ↓ [database] fetching origin/main
2026-09-30T16:24:34-10:00job:github_sync_all | From github.com:RootRecord-Software-Solutions/RootRecord-Database
2026-09-30T16:24:34-10:00job:github_sync_all | * branch              main       -> FETCH_HEAD
2026-09-30T16:24:34-10:00job:github_sync_all | ↑ [database] local is ahead of GitHub
2026-09-30T16:24:34-10:00job:github_sync_all | To github.com:RootRecord-Software-Solutions/RootRecord-Database.git
2026-09-30T16:24:34-10:00job:github_sync_all | 0fdf1bda..e644ab1c  HEAD -> main
2026-09-30T16:24:34-10:00job:github_sync_all | branch 'main' set up to track 'origin/main'.
2026-09-30T16:24:34-10:00job:github_sync_all | ↑ [database] 16 files → RootRecord-Software-Solutions/RootRecord-Database (main)
2026-09-30T16:24:34-10:00job:github_sync_all | — [library] no local changes
2026-09-30T16:24:34-10:00job:github_sync_all | ↓ [library] fetching origin/main
2026-09-30T16:24:34-10:00job:github_sync_all | From github.com:RootRecord-Software-Solutions/RootRecord-Library
2026-09-30T16:24:34-10:00job:github_sync_all | * branch            main       -> FETCH_HEAD
2026-09-30T16:24:34-10:00job:github_sync_all | — [library] local and GitHub already match
2026-09-30T16:24:34-10:00job:github_sync_all | — [library] nothing to push
2026-09-30T16:24:34-10:00job:github_sync_all | — [skills] no local changes
2026-09-30T16:24:34-10:00job:github_sync_all | ↓ [skills] fetching origin/main
2026-09-30T16:24:34-10:00job:github_sync_all | From github.com:rootrecordsoftwaresolutions/Solar-Pacific-RootRecord-Server
2026-09-30T16:24:34-10:00job:github_sync_all | * branch            main       -> FETCH_HEAD
2026-09-30T16:24:34-10:00job:github_sync_all | — [skills] local and GitHub already match
2026-09-30T16:24:34-10:00job:github_sync_all | — [skills] nothing to push
2026-09-30T16:24:34-10:00job:security_camera_frame_grab RUN  bash "/home/rootrecord/RootRecord-Ecosystem/1 - Servers/1 - RootRecord-Pacific-Solar-Server/Security/Cameras/grab_all.sh"
2026-09-30T16:24:52-10:00job:security_camera_frame_grab | 16:24:35  📷  a-eyes  ch1 → ch1-20261001T022435Z.jpg  (568.7 KB, 4.34s)
2026-09-30T16:24:52-10:00job:security_camera_frame_grab | 16:24:39  📷  a-eyes  ch2 → ch2-20261001T022439Z.jpg  (151.0 KB, 4.47s)
2026-09-30T16:24:52-10:00job:security_camera_frame_grab | 16:24:43  📷  a-eyes  ch3 → ch3-20261001T022443Z.jpg  (366.2 KB, 4.47s)
2026-09-30T16:24:52-10:00job:security_camera_frame_grab | 16:24:48  📷  a-eyes  ch4 → ch4-20261001T022448Z.jpg  (137.6 KB, 4.58s)
2026-09-30T16:24:53-10:00ENERGY  status=live  B2=22.0%  B1=20.2%  solar=0 W  ac=90 W  usbc=0 W  src=/home/rootrecord/RootRecord-Ecosystem/2 - RootRecord-Database/Energy  LAP=100%/Full/AC
2026-09-30T16:25:03-10:00  ✗  ecoflow_read_cycle  WAITING
2026-09-30T16:25:03-10:00job:sys_stats_cycle RUN  bash "/home/rootrecord/RootRecord-Ecosystem/1 - Servers/1 - RootRecord-Pacific-Solar-Server/System/scripts/sys-sample.sh"
2026-09-30T16:25:04-10:00job:sys_stats_cycle | SYSTEM  cpu=5%  load=1.13  mem=41%  src=sqlite
2026-09-30T16:25:04-10:00job:sys_stats_cycle | OK wrote /home/rootrecord/RootRecord-Ecosystem/2 - RootRecord-Database/System/samples/sys-20260930-162504.json
2026-09-30T16:25:40-10:00job:github_sync_all | — [ecosystem] no committable local changes
2026-09-30T16:25:40-10:00job:github_sync_all | ↓ [ecosystem] fetching origin/main
2026-09-30T16:25:40-10:00job:github_sync_all | From github.com:RootRecord-Software-Solutions/RootRecord-Ecosystem
2026-09-30T16:25:40-10:00job:github_sync_all | * branch            main       -> FETCH_HEAD
2026-09-30T16:25:40-10:00job:github_sync_all | — [ecosystem] local and GitHub already match
2026-09-30T16:25:40-10:00job:github_sync_all | — [ecosystem] nothing to push
2026-09-30T16:25:40-10:00job:github_sync_all | — [pacific] no local changes
2026-09-30T16:25:40-10:00job:github_sync_all | ↓ [pacific] fetching origin/main
2026-09-30T16:25:40-10:00job:github_sync_all | From github.com:RootRecord-Software-Solutions/RootRecord-Pacific-Solar-Server
2026-09-30T16:25:40-10:00job:github_sync_all | * branch            main       -> FETCH_HEAD
2026-09-30T16:25:40-10:00job:github_sync_all | — [pacific] local and GitHub already match
2026-09-30T16:25:40-10:00job:github_sync_all | — [pacific] nothing to push
2026-09-30T16:25:40-10:00job:github_sync_all | ↑ [database] committed 10 local file(s)
2026-09-30T16:25:40-10:00job:github_sync_all | ↓ [database] fetching origin/main
2026-09-30T16:25:40-10:00job:github_sync_all | From github.com:RootRecord-Software-Solutions/RootRecord-Database
2026-09-30T16:25:40-10:00job:github_sync_all | * branch              main       -> FETCH_HEAD
2026-09-30T16:25:40-10:00job:github_sync_all | ↑ [database] local is ahead of GitHub
2026-09-30T16:25:40-10:00job:github_sync_all | To github.com:RootRecord-Software-Solutions/RootRecord-Database.git
2026-09-30T16:25:40-10:00job:github_sync_all | e644ab1c..204ce57c  HEAD -> main
2026-09-30T16:25:40-10:00job:github_sync_all | branch 'main' set up to track 'origin/main'.
2026-09-30T16:25:40-10:00job:github_sync_all | ↑ [database] 10 files → RootRecord-Software-Solutions/RootRecord-Database (main)
2026-09-30T16:25:40-10:00job:github_sync_all | — [library] no local changes
2026-09-30T16:25:40-10:00job:github_sync_all | ↓ [library] fetching origin/main
2026-09-30T16:25:40-10:00job:github_sync_all | From github.com:RootRecord-Software-Solutions/RootRecord-Library
2026-09-30T16:25:40-10:00job:github_sync_all | * branch            main       -> FETCH_HEAD
2026-09-30T16:25:40-10:00job:github_sync_all | — [library] local and GitHub already match
2026-09-30T16:25:40-10:00job:github_sync_all | — [library] nothing to push
2026-09-30T16:25:40-10:00job:github_sync_all | — [skills] no local changes
2026-09-30T16:25:40-10:00job:github_sync_all | ↓ [skills] fetching origin/main
2026-09-30T16:25:40-10:00job:github_sync_all | From github.com:rootrecordsoftwaresolutions/Solar-Pacific-RootRecord-Server
2026-09-30T16:25:40-10:00job:github_sync_all | * branch            main       -> FETCH_HEAD
2026-09-30T16:25:40-10:00job:github_sync_all | — [skills] local and GitHub already match
2026-09-30T16:25:40-10:00job:github_sync_all | — [skills] nothing to push
2026-09-30T16:25:40-10:00job:worklog_scan RUN  bash "/home/rootrecord/RootRecord-Ecosystem/1 - Servers/1 - RootRecord-Pacific-Solar-Server/Reports/scripts/worklog_once.sh"
2026-09-30T16:25:45-10:00job:worklog_scan | OK wrote/updated /home/rootrecord/RootRecord-Ecosystem/2 - RootRecord-Database/Worklog/worklog_current.md
2026-09-30T16:25:45-10:00job:security_camera_frame_grab RUN  bash "/home/rootrecord/RootRecord-Ecosystem/1 - Servers/1 - RootRecord-Pacific-Solar-Server/Security/Cameras/grab_all.sh"
2026-09-30T16:26:03-10:00job:security_camera_frame_grab | 16:25:45  📷  a-eyes  ch1 → ch1-20261001T022545Z.jpg  (565.9 KB, 4.46s)
2026-09-30T16:26:03-10:00job:security_camera_frame_grab | 16:25:50  📷  a-eyes  ch2 → ch2-20261001T022550Z.jpg  (147.5 KB, 4.35s)
2026-09-30T16:26:03-10:00job:security_camera_frame_grab | 16:25:54  📷  a-eyes  ch3 → ch3-20261001T022554Z.jpg  (373.2 KB, 4.29s)
2026-09-30T16:26:03-10:00job:security_camera_frame_grab | 16:25:58  📷  a-eyes  ch4 → ch4-20261001T022558Z.jpg  (137.5 KB, 4.47s)
2026-09-30T16:26:03-10:00ENERGY  status=live  B2=22.0%  B1=20.2%  solar=0 W  ac=90 W  usbc=0 W  src=/home/rootrecord/RootRecord-Ecosystem/2 - RootRecord-Database/Energy  LAP=100%/Full/AC
2026-09-30T16:26:14-10:00  ✗  ecoflow_read_cycle  WAITING
2026-09-30T16:26:14-10:00job:sys_stats_cycle RUN  bash "/home/rootrecord/RootRecord-Ecosystem/1 - Servers/1 - RootRecord-Pacific-Solar-Server/System/scripts/sys-sample.sh"
2026-09-30T16:26:15-10:00job:sys_stats_cycle | SYSTEM  cpu=7%  load=0.89  mem=43%  src=sqlite
2026-09-30T16:26:15-10:00job:sys_stats_cycle | OK wrote /home/rootrecord/RootRecord-Ecosystem/2 - RootRecord-Database/System/samples/sys-20260930-162614.json
2026-09-30T16:26:50-10:00job:github_sync_all | — [ecosystem] no committable local changes
2026-09-30T16:26:50-10:00job:github_sync_all | ↓ [ecosystem] fetching origin/main
2026-09-30T16:26:50-10:00job:github_sync_all | From github.com:RootRecord-Software-Solutions/RootRecord-Ecosystem
2026-09-30T16:26:50-10:00job:github_sync_all | * branch            main       -> FETCH_HEAD
2026-09-30T16:26:50-10:00job:github_sync_all | — [ecosystem] local and GitHub already match
2026-09-30T16:26:50-10:00job:github_sync_all | — [ecosystem] nothing to push
2026-09-30T16:26:50-10:00job:github_sync_all | — [pacific] no local changes
2026-09-30T16:26:50-10:00job:github_sync_all | ↓ [pacific] fetching origin/main
2026-09-30T16:26:50-10:00job:github_sync_all | From github.com:RootRecord-Software-Solutions/RootRecord-Pacific-Solar-Server
2026-09-30T16:26:50-10:00job:github_sync_all | * branch            main       -> FETCH_HEAD
2026-09-30T16:26:50-10:00job:github_sync_all | — [pacific] local and GitHub already match
2026-09-30T16:26:50-10:00job:github_sync_all | — [pacific] nothing to push
2026-09-30T16:26:50-10:00job:github_sync_all | ↑ [database] committed 12 local file(s)
2026-09-30T16:26:50-10:00job:github_sync_all | ↓ [database] fetching origin/main
2026-09-30T16:26:50-10:00job:github_sync_all | From github.com:RootRecord-Software-Solutions/RootRecord-Database
2026-09-30T16:26:50-10:00job:github_sync_all | * branch              main       -> FETCH_HEAD
2026-09-30T16:26:50-10:00job:github_sync_all | ↑ [database] local is ahead of GitHub
2026-09-30T16:26:50-10:00job:github_sync_all | To github.com:RootRecord-Software-Solutions/RootRecord-Database.git
2026-09-30T16:26:50-10:00job:github_sync_all | 204ce57c..35c8407f  HEAD -> main
2026-09-30T16:26:50-10:00job:github_sync_all | branch 'main' set up to track 'origin/main'.
2026-09-30T16:26:50-10:00job:github_sync_all | ↑ [database] 12 files → RootRecord-Software-Solutions/RootRecord-Database (main)
2026-09-30T16:26:50-10:00job:github_sync_all | — [library] no local changes
2026-09-30T16:26:50-10:00job:github_sync_all | ↓ [library] fetching origin/main
2026-09-30T16:26:50-10:00job:github_sync_all | From github.com:RootRecord-Software-Solutions/RootRecord-Library
2026-09-30T16:26:50-10:00job:github_sync_all | * branch            main       -> FETCH_HEAD
2026-09-30T16:26:50-10:00job:github_sync_all | — [library] local and GitHub already match
2026-09-30T16:26:50-10:00job:github_sync_all | — [library] nothing to push
2026-09-30T16:26:50-10:00job:github_sync_all | — [skills] no local changes
2026-09-30T16:26:50-10:00job:github_sync_all | ↓ [skills] fetching origin/main
2026-09-30T16:26:50-10:00job:github_sync_all | From github.com:rootrecordsoftwaresolutions/Solar-Pacific-RootRecord-Server
2026-09-30T16:26:50-10:00job:github_sync_all | * branch            main       -> FETCH_HEAD
2026-09-30T16:26:50-10:00job:github_sync_all | — [skills] local and GitHub already match
2026-09-30T16:26:50-10:00job:github_sync_all | — [skills] nothing to push
2026-09-30T16:26:50-10:00job:security_camera_frame_grab RUN  bash "/home/rootrecord/RootRecord-Ecosystem/1 - Servers/1 - RootRecord-Pacific-Solar-Server/Security/Cameras/grab_all.sh"
2026-09-30T16:27:08-10:00job:security_camera_frame_grab | 16:26:50  📷  a-eyes  ch1 → ch1-20261001T022650Z.jpg  (564.5 KB, 4.41s)
2026-09-30T16:27:08-10:00job:security_camera_frame_grab | 16:26:55  📷  a-eyes  ch2 → ch2-20261001T022655Z.jpg  (142.3 KB, 4.46s)
2026-09-30T16:27:08-10:00job:security_camera_frame_grab | 16:26:59  📷  a-eyes  ch3 → ch3-20261001T022659Z.jpg  (359.6 KB, 4.28s)
2026-09-30T16:27:08-10:00job:security_camera_frame_grab | 16:27:04  📷  a-eyes  ch4 → ch4-20261001T022704Z.jpg  (132.6 KB, 4.44s)
2026-09-30T16:27:08-10:00job:service_supervisor RUN  bash "/home/rootrecord/RootRecord-Ecosystem/1 - Servers/1 - RootRecord-Pacific-Solar-Server/Automations/scripts/supervise-services.sh"
2026-09-30T16:27:08-10:00job:service_supervisor | [supervisor] weather alive pid=97054 (act)
2026-09-30T16:27:08-10:00job:service_supervisor | [supervisor] relay alive pid=96403 (act)
2026-09-30T16:27:08-10:00job:geology_collect RUN  nice -n 10 python3 "/home/rootrecord/RootRecord-Ecosystem/1 - Servers/1 - RootRecord-Pacific-Solar-Server/Geology/scripts/geology_collect.py" all
2026-09-30T16:27:12-10:00job:geology_collect | {"ok": true, "at": "2026-09-30T16:27:08-10:00", "what": "all", "dry_run": false, "sources": {"hawaii": {"ok": true, "count": 12, "new": 0, "new_m2": 0, "ms": 714}, "global": {"ok": true, "count": 37, "new": 0, "ms": 311}, "hvo_notices": {"ok": true, "count": 44, "new": 0, "ms": 1937}, "hvo_status": {"ok": true, "volcanoes": 8, "kilauea": "WATCH", "mauna_loa": "NORMAL", "ms": 618}}}
2026-09-30T16:27:12-10:00job:system_net_sample RUN  nice -n 10 python3 "/home/rootrecord/RootRecord-Ecosystem/1 - Servers/1 - RootRecord-Pacific-Solar-Server/System/scripts/host_desks.py" net-sample
2026-09-30T16:27:12-10:00job:system_net_sample | {"ok": true, "file": "/home/rootrecord/RootRecord-Ecosystem/2 - RootRecord-Database/System/network/Daily/net-20260930.jsonl", "iface": "wlo1", "hour": {"seconds": 3691, "rx": 244053806, "tx": 74757051, "total": 318810857, "iface": "wlo1", "link": "wireless"}, "day": null}
2026-09-30T16:27:12-10:00ENERGY  status=live  B2=22.0%  B1=20.2%  solar=0 W  ac=90 W  usbc=0 W  src=/home/rootrecord/RootRecord-Ecosystem/2 - RootRecord-Database/Energy  LAP=100%/Full/AC
2026-09-30T16:27:23-10:00  ✗  ecoflow_read_cycle  WAITING
2026-09-30T16:27:23-10:00job:sys_stats_cycle RUN  bash "/home/rootrecord/RootRecord-Ecosystem/1 - Servers/1 - RootRecord-Pacific-Solar-Server/System/scripts/sys-sample.sh"
2026-09-30T16:27:24-10:00job:sys_stats_cycle | SYSTEM  cpu=5%  load=0.80  mem=44%  src=sqlite
2026-09-30T16:27:24-10:00job:sys_stats_cycle | OK wrote /home/rootrecord/RootRecord-Ecosystem/2 - RootRecord-Database/System/samples/sys-20260930-162723.json
2026-09-30T16:28:03-10:00job:github_sync_all | ↑ [ecosystem] committed 7 local file(s)
2026-09-30T16:28:03-10:00job:github_sync_all | ↓ [ecosystem] fetching origin/main
2026-09-30T16:28:03-10:00job:github_sync_all | From github.com:RootRecord-Software-Solutions/RootRecord-Ecosystem
2026-09-30T16:28:03-10:00job:github_sync_all | * branch            main       -> FETCH_HEAD
2026-09-30T16:28:03-10:00job:github_sync_all | ↑ [ecosystem] local is ahead of GitHub
2026-09-30T16:28:03-10:00job:github_sync_all | To github.com:RootRecord-Software-Solutions/RootRecord-Ecosystem.git
2026-09-30T16:28:03-10:00job:github_sync_all | f41a6e7..6e1abae  HEAD -> main
2026-09-30T16:28:03-10:00job:github_sync_all | branch 'main' set up to track 'origin/main'.
2026-09-30T16:28:03-10:00job:github_sync_all | ↑ [ecosystem] 7 files → RootRecord-Software-Solutions/RootRecord-Ecosystem (main)
2026-09-30T16:28:03-10:00job:github_sync_all | — [pacific] no local changes
2026-09-30T16:28:03-10:00job:github_sync_all | ↓ [pacific] fetching origin/main
2026-09-30T16:28:03-10:00job:github_sync_all | From github.com:RootRecord-Software-Solutions/RootRecord-Pacific-Solar-Server
2026-09-30T16:28:03-10:00job:github_sync_all | * branch            main       -> FETCH_HEAD
2026-09-30T16:28:03-10:00job:github_sync_all | — [pacific] local and GitHub already match
2026-09-30T16:28:03-10:00job:github_sync_all | — [pacific] nothing to push
2026-09-30T16:28:03-10:00job:github_sync_all | ↑ [database] committed 16 local file(s)
2026-09-30T16:28:03-10:00job:github_sync_all | ↓ [database] fetching origin/main
2026-09-30T16:28:03-10:00job:github_sync_all | From github.com:RootRecord-Software-Solutions/RootRecord-Database
2026-09-30T16:28:03-10:00job:github_sync_all | * branch              main       -> FETCH_HEAD
2026-09-30T16:28:03-10:00job:github_sync_all | ↑ [database] local is ahead of GitHub
2026-09-30T16:28:03-10:00job:github_sync_all | To github.com:RootRecord-Software-Solutions/RootRecord-Database.git
2026-09-30T16:28:03-10:00job:github_sync_all | 35c8407f..e7d038dc  HEAD -> main
2026-09-30T16:28:03-10:00job:github_sync_all | branch 'main' set up to track 'origin/main'.
2026-09-30T16:28:03-10:00job:github_sync_all | ↑ [database] 16 files → RootRecord-Software-Solutions/RootRecord-Database (main)
2026-09-30T16:28:03-10:00job:github_sync_all | — [library] no local changes
2026-09-30T16:28:03-10:00job:github_sync_all | ↓ [library] fetching origin/main
2026-09-30T16:28:03-10:00job:github_sync_all | From github.com:RootRecord-Software-Solutions/RootRecord-Library
2026-09-30T16:28:03-10:00job:github_sync_all | * branch            main       -> FETCH_HEAD
2026-09-30T16:28:03-10:00job:github_sync_all | — [library] local and GitHub already match
2026-09-30T16:28:03-10:00job:github_sync_all | — [library] nothing to push
2026-09-30T16:28:03-10:00job:github_sync_all | — [skills] no local changes
2026-09-30T16:28:03-10:00job:github_sync_all | ↓ [skills] fetching origin/main
2026-09-30T16:28:03-10:00job:github_sync_all | From github.com:rootrecordsoftwaresolutions/Solar-Pacific-RootRecord-Server
2026-09-30T16:28:03-10:00job:github_sync_all | * branch            main       -> FETCH_HEAD
2026-09-30T16:28:03-10:00job:github_sync_all | — [skills] local and GitHub already match
2026-09-30T16:28:03-10:00job:github_sync_all | — [skills] nothing to push
2026-09-30T16:28:03-10:00job:worklog_scan RUN  bash "/home/rootrecord/RootRecord-Ecosystem/1 - Servers/1 - RootRecord-Pacific-Solar-Server/Reports/scripts/worklog_once.sh"
2026-09-30T16:28:11-10:00job:worklog_scan | OK wrote/updated /home/rootrecord/RootRecord-Ecosystem/2 - RootRecord-Database/Worklog/worklog_current.md
2026-09-30T16:28:11-10:00job:security_camera_frame_grab RUN  bash "/home/rootrecord/RootRecord-Ecosystem/1 - Servers/1 - RootRecord-Pacific-Solar-Server/Security/Cameras/grab_all.sh"
2026-09-30T16:28:29-10:00job:security_camera_frame_grab | 16:28:12  📷  a-eyes  ch1 → ch1-20261001T022812Z.jpg  (563.2 KB, 4.51s)
2026-09-30T16:28:29-10:00job:security_camera_frame_grab | 16:28:16  📷  a-eyes  ch2 → ch2-20261001T022816Z.jpg  (142.7 KB, 4.37s)
2026-09-30T16:28:29-10:00job:security_camera_frame_grab | 16:28:20  📷  a-eyes  ch3 → ch3-20261001T022820Z.jpg  (354.5 KB, 4.41s)
2026-09-30T16:28:29-10:00job:security_camera_frame_grab | 16:28:25  📷  a-eyes  ch4 → ch4-20261001T022825Z.jpg  (134.9 KB, 4.45s)
2026-09-30T16:28:30-10:00ENERGY  status=live  B2=22.0%  B1=20.2%  solar=0 W  ac=90 W  usbc=0 W  src=/home/rootrecord/RootRecord-Ecosystem/2 - RootRecord-Database/Energy  LAP=100%/Full/AC
2026-09-30T16:28:40-10:00  ✗  ecoflow_read_cycle  WAITING
2026-09-30T16:28:40-10:00job:sys_stats_cycle RUN  bash "/home/rootrecord/RootRecord-Ecosystem/1 - Servers/1 - RootRecord-Pacific-Solar-Server/System/scripts/sys-sample.sh"
2026-09-30T16:28:41-10:00job:sys_stats_cycle | SYSTEM  cpu=11%  load=1.27  mem=46%  src=sqlite
2026-09-30T16:28:41-10:00job:sys_stats_cycle | OK wrote /home/rootrecord/RootRecord-Ecosystem/2 - RootRecord-Database/System/samples/sys-20260930-162841.json
2026-09-30T16:29:24-10:00job:github_sync_all | ↑ [ecosystem] committed 2 local file(s)
2026-09-30T16:29:24-10:00job:github_sync_all | ↓ [ecosystem] fetching origin/main
2026-09-30T16:29:24-10:00job:github_sync_all | From github.com:RootRecord-Software-Solutions/RootRecord-Ecosystem
2026-09-30T16:29:24-10:00job:github_sync_all | * branch            main       -> FETCH_HEAD
2026-09-30T16:29:24-10:00job:github_sync_all | ↑ [ecosystem] local is ahead of GitHub
2026-09-30T16:29:24-10:00job:github_sync_all | To github.com:RootRecord-Software-Solutions/RootRecord-Ecosystem.git
2026-09-30T16:29:24-10:00job:github_sync_all | 6e1abae..9bcc718  HEAD -> main
2026-09-30T16:29:24-10:00job:github_sync_all | branch 'main' set up to track 'origin/main'.
2026-09-30T16:29:24-10:00job:github_sync_all | ↑ [ecosystem] 2 files → RootRecord-Software-Solutions/RootRecord-Ecosystem (main)
2026-09-30T16:29:24-10:00job:github_sync_all | ↑ [pacific] committed 2 local file(s)
2026-09-30T16:29:24-10:00job:github_sync_all | ↓ [pacific] fetching origin/main
2026-09-30T16:29:24-10:00job:github_sync_all | From github.com:RootRecord-Software-Solutions/RootRecord-Pacific-Solar-Server
2026-09-30T16:29:24-10:00job:github_sync_all | * branch            main       -> FETCH_HEAD
2026-09-30T16:29:24-10:00job:github_sync_all | ↑ [pacific] local is ahead of GitHub
2026-09-30T16:29:24-10:00job:github_sync_all | To github.com:RootRecord-Software-Solutions/RootRecord-Pacific-Solar-Server.git
2026-09-30T16:29:24-10:00job:github_sync_all | 01a1de9..2607c62  HEAD -> main
2026-09-30T16:29:24-10:00job:github_sync_all | branch 'main' set up to track 'origin/main'.
2026-09-30T16:29:24-10:00job:github_sync_all | ↑ [pacific] 2 files → RootRecord-Software-Solutions/RootRecord-Pacific-Solar-Server (main)
2026-09-30T16:29:24-10:00job:github_sync_all | ↑ [database] committed 13 local file(s)
2026-09-30T16:29:24-10:00job:github_sync_all | ↓ [database] fetching origin/main
2026-09-30T16:29:24-10:00job:github_sync_all | From github.com:RootRecord-Software-Solutions/RootRecord-Database
2026-09-30T16:29:24-10:00job:github_sync_all | * branch              main       -> FETCH_HEAD
2026-09-30T16:29:24-10:00job:github_sync_all | ↑ [database] local is ahead of GitHub
2026-09-30T16:29:24-10:00job:github_sync_all | To github.com:RootRecord-Software-Solutions/RootRecord-Database.git
2026-09-30T16:29:24-10:00job:github_sync_all | e7d038dc..88305752  HEAD -> main
2026-09-30T16:29:24-10:00job:github_sync_all | branch 'main' set up to track 'origin/main'.
2026-09-30T16:29:24-10:00job:github_sync_all | ↑ [database] 13 files → RootRecord-Software-Solutions/RootRecord-Database (main)
2026-09-30T16:29:24-10:00job:github_sync_all | — [library] no local changes
2026-09-30T16:29:24-10:00job:github_sync_all | ↓ [library] fetching origin/main
2026-09-30T16:29:24-10:00job:github_sync_all | From github.com:RootRecord-Software-Solutions/RootRecord-Library
2026-09-30T16:29:24-10:00job:github_sync_all | * branch            main       -> FETCH_HEAD
2026-09-30T16:29:24-10:00job:github_sync_all | — [library] local and GitHub already match
2026-09-30T16:29:24-10:00job:github_sync_all | — [library] nothing to push
2026-09-30T16:29:24-10:00job:github_sync_all | — [skills] no local changes
2026-09-30T16:29:24-10:00job:github_sync_all | ↓ [skills] fetching origin/main
2026-09-30T16:29:24-10:00job:github_sync_all | From github.com:rootrecordsoftwaresolutions/Solar-Pacific-RootRecord-Server
2026-09-30T16:29:24-10:00job:github_sync_all | * branch            main       -> FETCH_HEAD
2026-09-30T16:29:24-10:00job:github_sync_all | — [skills] local and GitHub already match
2026-09-30T16:29:24-10:00job:github_sync_all | — [skills] nothing to push
2026-09-30T16:29:24-10:00job:security_camera_frame_grab RUN  bash "/home/rootrecord/RootRecord-Ecosystem/1 - Servers/1 - RootRecord-Pacific-Solar-Server/Security/Cameras/grab_all.sh"
2026-09-30T16:29:42-10:00job:security_camera_frame_grab | 16:29:24  📷  a-eyes  ch1 → ch1-20261001T022924Z.jpg  (567.4 KB, 4.35s)
2026-09-30T16:29:42-10:00job:security_camera_frame_grab | 16:29:28  📷  a-eyes  ch2 → ch2-20261001T022928Z.jpg  (143.8 KB, 4.77s)
2026-09-30T16:29:42-10:00job:security_camera_frame_grab | 16:29:33  📷  a-eyes  ch3 → ch3-20261001T022933Z.jpg  (346.2 KB, 4.48s)
2026-09-30T16:29:42-10:00job:security_camera_frame_grab | 16:29:37  📷  a-eyes  ch4 → ch4-20261001T022937Z.jpg  (140.6 KB, 4.28s)
2026-09-30T16:29:42-10:00ENERGY  status=live  B2=22.0%  B1=20.2%  solar=0 W  ac=90 W  usbc=0 W  src=/home/rootrecord/RootRecord-Ecosystem/2 - RootRecord-Database/Energy  LAP=100%/Full/AC
2026-09-30T16:29:52-10:00  ✗  ecoflow_read_cycle  WAITING
2026-09-30T16:29:52-10:00job:sys_stats_cycle RUN  bash "/home/rootrecord/RootRecord-Ecosystem/1 - Servers/1 - RootRecord-Pacific-Solar-Server/System/scripts/sys-sample.sh"
2026-09-30T16:29:54-10:00job:sys_stats_cycle | SYSTEM  cpu=11%  load=1.83  mem=46%  src=sqlite
2026-09-30T16:29:54-10:00job:sys_stats_cycle | OK wrote /home/rootrecord/RootRecord-Ecosystem/2 - RootRecord-Database/System/samples/sys-20260930-162953.json
2026-09-30T16:30:35-10:00job:github_sync_all | ↑ [ecosystem] committed 2 local file(s)
2026-09-30T16:30:35-10:00job:github_sync_all | ↓ [ecosystem] fetching origin/main
2026-09-30T16:30:35-10:00job:github_sync_all | From github.com:RootRecord-Software-Solutions/RootRecord-Ecosystem
2026-09-30T16:30:35-10:00job:github_sync_all | * branch            main       -> FETCH_HEAD
2026-09-30T16:30:35-10:00job:github_sync_all | ↑ [ecosystem] local is ahead of GitHub
2026-09-30T16:30:35-10:00job:github_sync_all | To github.com:RootRecord-Software-Solutions/RootRecord-Ecosystem.git
2026-09-30T16:30:35-10:00job:github_sync_all | 9bcc718..1225276  HEAD -> main
2026-09-30T16:30:35-10:00job:github_sync_all | branch 'main' set up to track 'origin/main'.
2026-09-30T16:30:35-10:00job:github_sync_all | ↑ [ecosystem] 2 files → RootRecord-Software-Solutions/RootRecord-Ecosystem (main)
2026-09-30T16:30:35-10:00job:github_sync_all | ↑ [pacific] committed 2 local file(s)
2026-09-30T16:30:35-10:00job:github_sync_all | ↓ [pacific] fetching origin/main
2026-09-30T16:30:35-10:00job:github_sync_all | From github.com:RootRecord-Software-Solutions/RootRecord-Pacific-Solar-Server
2026-09-30T16:30:35-10:00job:github_sync_all | * branch            main       -> FETCH_HEAD
2026-09-30T16:30:35-10:00job:github_sync_all | ↑ [pacific] local is ahead of GitHub
2026-09-30T16:30:35-10:00job:github_sync_all | To github.com:RootRecord-Software-Solutions/RootRecord-Pacific-Solar-Server.git
2026-09-30T16:30:35-10:00job:github_sync_all | 2607c62..5a8f70d  HEAD -> main
2026-09-30T16:30:35-10:00job:github_sync_all | branch 'main' set up to track 'origin/main'.
2026-09-30T16:30:35-10:00job:github_sync_all | ↑ [pacific] 2 files → RootRecord-Software-Solutions/RootRecord-Pacific-Solar-Server (main)
2026-09-30T16:30:35-10:00job:github_sync_all | ↑ [database] committed 9 local file(s)
2026-09-30T16:30:35-10:00job:github_sync_all | ↓ [database] fetching origin/main
2026-09-30T16:30:35-10:00job:github_sync_all | From github.com:RootRecord-Software-Solutions/RootRecord-Database
2026-09-30T16:30:35-10:00job:github_sync_all | * branch              main       -> FETCH_HEAD
2026-09-30T16:30:35-10:00job:github_sync_all | ↑ [database] local is ahead of GitHub
2026-09-30T16:30:35-10:00job:github_sync_all | To github.com:RootRecord-Software-Solutions/RootRecord-Database.git
2026-09-30T16:30:35-10:00job:github_sync_all | 88305752..ccd83b70  HEAD -> main
2026-09-30T16:30:35-10:00job:github_sync_all | branch 'main' set up to track 'origin/main'.
2026-09-30T16:30:35-10:00job:github_sync_all | ↑ [database] 9 files → RootRecord-Software-Solutions/RootRecord-Database (main)
2026-09-30T16:30:35-10:00job:github_sync_all | — [library] no local changes
2026-09-30T16:30:35-10:00job:github_sync_all | ↓ [library] fetching origin/main
2026-09-30T16:30:35-10:00job:github_sync_all | From github.com:RootRecord-Software-Solutions/RootRecord-Library
2026-09-30T16:30:35-10:00job:github_sync_all | * branch            main       -> FETCH_HEAD
2026-09-30T16:30:35-10:00job:github_sync_all | — [library] local and GitHub already match
2026-09-30T16:30:35-10:00job:github_sync_all | — [library] nothing to push
2026-09-30T16:30:35-10:00job:github_sync_all | — [skills] no local changes
2026-09-30T16:30:35-10:00job:github_sync_all | ↓ [skills] fetching origin/main
2026-09-30T16:30:35-10:00job:github_sync_all | From github.com:rootrecordsoftwaresolutions/Solar-Pacific-RootRecord-Server
2026-09-30T16:30:35-10:00job:github_sync_all | * branch            main       -> FETCH_HEAD
2026-09-30T16:30:35-10:00job:github_sync_all | — [skills] local and GitHub already match
2026-09-30T16:30:35-10:00job:github_sync_all | — [skills] nothing to push
2026-09-30T16:30:35-10:00job:worklog_scan RUN  bash "/home/rootrecord/RootRecord-Ecosystem/1 - Servers/1 - RootRecord-Pacific-Solar-Server/Reports/scripts/worklog_once.sh"
2026-09-30T16:30:38-10:00job:worklog_scan | OK wrote/updated /home/rootrecord/RootRecord-Ecosystem/2 - RootRecord-Database/Worklog/worklog_current.md
2026-09-30T16:30:38-10:00job:security_camera_frame_grab RUN  bash "/home/rootrecord/RootRecord-Ecosystem/1 - Servers/1 - RootRecord-Pacific-Solar-Server/Security/Cameras/grab_all.sh"
2026-09-30T16:30:55-10:00job:security_camera_frame_grab | 16:30:38  📷  a-eyes  ch1 → ch1-20261001T023038Z.jpg  (569.4 KB, 4.40s)
2026-09-30T16:30:55-10:00job:security_camera_frame_grab | 16:30:42  📷  a-eyes  ch2 → ch2-20261001T023042Z.jpg  (144.8 KB, 4.44s)
2026-09-30T16:30:55-10:00job:security_camera_frame_grab | 16:30:47  📷  a-eyes  ch3 → ch3-20261001T023047Z.jpg  (339.2 KB, 4.49s)
2026-09-30T16:30:55-10:00job:security_camera_frame_grab | 16:30:51  📷  a-eyes  ch4 → ch4-20261001T023051Z.jpg  (139.3 KB, 4.38s)
2026-09-30T16:30:56-10:00ENERGY  status=live  B2=22.0%  B1=20.2%  solar=0 W  ac=90 W  usbc=0 W  src=/home/rootrecord/RootRecord-Ecosystem/2 - RootRecord-Database/Energy  LAP=100%/Full/AC
2026-09-30T16:31:11-10:00  ▸  SUMMARY=river2pro soc=17.89% solar=0W ac_out=90W usbc=20W src=ble db=ok
2026-09-30T16:31:11-10:00job:sys_stats_cycle RUN  bash "/home/rootrecord/RootRecord-Ecosystem/1 - Servers/1 - RootRecord-Pacific-Solar-Server/System/scripts/sys-sample.sh"
2026-09-30T16:31:12-10:00job:sys_stats_cycle | SYSTEM  cpu=17%  load=2.01  mem=47%  src=sqlite
2026-09-30T16:31:12-10:00job:sys_stats_cycle | OK wrote /home/rootrecord/RootRecord-Ecosystem/2 - RootRecord-Database/System/samples/sys-20260930-163112.json
2026-09-30T16:31:55-10:00job:github_sync_all | ↑ [ecosystem] committed 5 local file(s)
2026-09-30T16:31:55-10:00job:github_sync_all | ↓ [ecosystem] fetching origin/main
2026-09-30T16:31:55-10:00job:github_sync_all | From github.com:RootRecord-Software-Solutions/RootRecord-Ecosystem
2026-09-30T16:31:55-10:00job:github_sync_all | * branch            main       -> FETCH_HEAD
2026-09-30T16:31:55-10:00job:github_sync_all | ↑ [ecosystem] local is ahead of GitHub
2026-09-30T16:31:55-10:00job:github_sync_all | To github.com:RootRecord-Software-Solutions/RootRecord-Ecosystem.git
2026-09-30T16:31:55-10:00job:github_sync_all | 1225276..96f6ffe  HEAD -> main
2026-09-30T16:31:55-10:00job:github_sync_all | branch 'main' set up to track 'origin/main'.
2026-09-30T16:31:55-10:00job:github_sync_all | ↑ [ecosystem] 5 files → RootRecord-Software-Solutions/RootRecord-Ecosystem (main)
2026-09-30T16:31:55-10:00job:github_sync_all | — [pacific] no local changes
2026-09-30T16:31:55-10:00job:github_sync_all | ↓ [pacific] fetching origin/main
2026-09-30T16:31:55-10:00job:github_sync_all | From github.com:RootRecord-Software-Solutions/RootRecord-Pacific-Solar-Server
2026-09-30T16:31:55-10:00job:github_sync_all | * branch            main       -> FETCH_HEAD
2026-09-30T16:31:55-10:00job:github_sync_all | — [pacific] local and GitHub already match
2026-09-30T16:31:55-10:00job:github_sync_all | — [pacific] nothing to push
2026-09-30T16:31:55-10:00job:github_sync_all | ↑ [database] committed 19 local file(s)
2026-09-30T16:31:55-10:00job:github_sync_all | ↓ [database] fetching origin/main
2026-09-30T16:31:55-10:00job:github_sync_all | From github.com:RootRecord-Software-Solutions/RootRecord-Database
2026-09-30T16:31:55-10:00job:github_sync_all | * branch              main       -> FETCH_HEAD
2026-09-30T16:31:55-10:00job:github_sync_all | ↑ [database] local is ahead of GitHub
2026-09-30T16:31:55-10:00job:github_sync_all | To github.com:RootRecord-Software-Solutions/RootRecord-Database.git
2026-09-30T16:31:55-10:00job:github_sync_all | ccd83b70..4c6928a2  HEAD -> main
2026-09-30T16:31:55-10:00job:github_sync_all | branch 'main' set up to track 'origin/main'.
2026-09-30T16:31:55-10:00job:github_sync_all | ↑ [database] 19 files → RootRecord-Software-Solutions/RootRecord-Database (main)
2026-09-30T16:31:55-10:00job:github_sync_all | — [library] no local changes
2026-09-30T16:31:55-10:00job:github_sync_all | ↓ [library] fetching origin/main
2026-09-30T16:31:55-10:00job:github_sync_all | From github.com:RootRecord-Software-Solutions/RootRecord-Library
2026-09-30T16:31:55-10:00job:github_sync_all | * branch            main       -> FETCH_HEAD
2026-09-30T16:31:55-10:00job:github_sync_all | — [library] local and GitHub already match
2026-09-30T16:31:55-10:00job:github_sync_all | — [library] nothing to push
2026-09-30T16:31:55-10:00job:github_sync_all | — [skills] no local changes
2026-09-30T16:31:55-10:00job:github_sync_all | ↓ [skills] fetching origin/main
2026-09-30T16:31:55-10:00job:github_sync_all | From github.com:rootrecordsoftwaresolutions/Solar-Pacific-RootRecord-Server
2026-09-30T16:31:55-10:00job:github_sync_all | * branch            main       -> FETCH_HEAD
2026-09-30T16:31:55-10:00job:github_sync_all | — [skills] local and GitHub already match
2026-09-30T16:31:55-10:00job:github_sync_all | — [skills] nothing to push
2026-09-30T16:31:55-10:00job:security_camera_frame_grab RUN  bash "/home/rootrecord/RootRecord-Ecosystem/1 - Servers/1 - RootRecord-Pacific-Solar-Server/Security/Cameras/grab_all.sh"
2026-09-30T16:32:13-10:00job:security_camera_frame_grab | 16:31:55  📷  a-eyes  ch1 → ch1-20261001T023155Z.jpg  (573.4 KB, 4.42s)
2026-09-30T16:32:13-10:00job:security_camera_frame_grab | 16:32:00  📷  a-eyes  ch2 → ch2-20261001T023200Z.jpg  (147.9 KB, 4.56s)
2026-09-30T16:32:13-10:00job:security_camera_frame_grab | 16:32:04  📷  a-eyes  ch3 → ch3-20261001T023204Z.jpg  (321.2 KB, 4.48s)
2026-09-30T16:32:13-10:00job:security_camera_frame_grab | 16:32:09  📷  a-eyes  ch4 → ch4-20261001T023209Z.jpg  (142.4 KB, 4.37s)
2026-09-30T16:32:14-10:00ENERGY  status=live  B2=22.0%  B1=17.9%  solar=0 W  ac=90 W  usbc=0 W  src=/home/rootrecord/RootRecord-Ecosystem/2 - RootRecord-Database/Energy  LAP=100%/Full/AC
2026-09-30T16:32:24-10:00  ✗  ecoflow_read_cycle  WAITING
2026-09-30T16:32:24-10:00job:sys_stats_cycle RUN  bash "/home/rootrecord/RootRecord-Ecosystem/1 - Servers/1 - RootRecord-Pacific-Solar-Server/System/scripts/sys-sample.sh"
2026-09-30T16:32:25-10:00job:sys_stats_cycle | SYSTEM  cpu=3%  load=2.57  mem=44%  src=sqlite
2026-09-30T16:32:25-10:00job:sys_stats_cycle | OK wrote /home/rootrecord/RootRecord-Ecosystem/2 - RootRecord-Database/System/samples/sys-20260930-163224.json
2026-09-30T16:33:03-10:00job:github_sync_all | ↑ [ecosystem] committed 9 local file(s)
2026-09-30T16:33:03-10:00job:github_sync_all | ↓ [ecosystem] fetching origin/main
2026-09-30T16:33:03-10:00job:github_sync_all | From github.com:RootRecord-Software-Solutions/RootRecord-Ecosystem
2026-09-30T16:33:03-10:00job:github_sync_all | * branch            main       -> FETCH_HEAD
2026-09-30T16:33:03-10:00job:github_sync_all | ↑ [ecosystem] local is ahead of GitHub
2026-09-30T16:33:03-10:00job:github_sync_all | To github.com:RootRecord-Software-Solutions/RootRecord-Ecosystem.git
2026-09-30T16:33:03-10:00job:github_sync_all | 96f6ffe..bf7f739  HEAD -> main
2026-09-30T16:33:03-10:00job:github_sync_all | branch 'main' set up to track 'origin/main'.
2026-09-30T16:33:03-10:00job:github_sync_all | ↑ [ecosystem] 9 files → RootRecord-Software-Solutions/RootRecord-Ecosystem (main)
2026-09-30T16:33:03-10:00job:github_sync_all | — [pacific] no local changes
2026-09-30T16:33:03-10:00job:github_sync_all | ↓ [pacific] fetching origin/main
2026-09-30T16:33:03-10:00job:github_sync_all | From github.com:RootRecord-Software-Solutions/RootRecord-Pacific-Solar-Server
2026-09-30T16:33:03-10:00job:github_sync_all | * branch            main       -> FETCH_HEAD
2026-09-30T16:33:03-10:00job:github_sync_all | — [pacific] local and GitHub already match
2026-09-30T16:33:03-10:00job:github_sync_all | — [pacific] nothing to push
2026-09-30T16:33:03-10:00job:github_sync_all | ↑ [database] committed 9 local file(s)
2026-09-30T16:33:03-10:00job:github_sync_all | ↓ [database] fetching origin/main
2026-09-30T16:33:03-10:00job:github_sync_all | From github.com:RootRecord-Software-Solutions/RootRecord-Database
2026-09-30T16:33:03-10:00job:github_sync_all | * branch              main       -> FETCH_HEAD
2026-09-30T16:33:03-10:00job:github_sync_all | ↑ [database] local is ahead of GitHub
2026-09-30T16:33:03-10:00job:github_sync_all | To github.com:RootRecord-Software-Solutions/RootRecord-Database.git
2026-09-30T16:33:03-10:00job:github_sync_all | 4c6928a2..c3ff810f  HEAD -> main
2026-09-30T16:33:03-10:00job:github_sync_all | branch 'main' set up to track 'origin/main'.
2026-09-30T16:33:03-10:00job:github_sync_all | ↑ [database] 9 files → RootRecord-Software-Solutions/RootRecord-Database (main)
2026-09-30T16:33:03-10:00job:github_sync_all | — [library] no local changes
2026-09-30T16:33:03-10:00job:github_sync_all | ↓ [library] fetching origin/main
2026-09-30T16:33:03-10:00job:github_sync_all | From github.com:RootRecord-Software-Solutions/RootRecord-Library
2026-09-30T16:33:03-10:00job:github_sync_all | * branch            main       -> FETCH_HEAD
2026-09-30T16:33:03-10:00job:github_sync_all | — [library] local and GitHub already match
2026-09-30T16:33:03-10:00job:github_sync_all | — [library] nothing to push
2026-09-30T16:33:03-10:00job:github_sync_all | — [skills] no local changes
2026-09-30T16:33:03-10:00job:github_sync_all | ↓ [skills] fetching origin/main
2026-09-30T16:33:03-10:00job:github_sync_all | From github.com:rootrecordsoftwaresolutions/Solar-Pacific-RootRecord-Server
2026-09-30T16:33:03-10:00job:github_sync_all | * branch            main       -> FETCH_HEAD
2026-09-30T16:33:03-10:00job:github_sync_all | — [skills] local and GitHub already match
2026-09-30T16:33:03-10:00job:github_sync_all | — [skills] nothing to push
2026-09-30T16:33:03-10:00job:worklog_scan RUN  bash "/home/rootrecord/RootRecord-Ecosystem/1 - Servers/1 - RootRecord-Pacific-Solar-Server/Reports/scripts/worklog_once.sh"
2026-09-30T16:33:06-10:00job:worklog_scan | OK wrote/updated /home/rootrecord/RootRecord-Ecosystem/2 - RootRecord-Database/Worklog/worklog_current.md
2026-09-30T16:33:06-10:00job:security_camera_frame_grab RUN  bash "/home/rootrecord/RootRecord-Ecosystem/1 - Servers/1 - RootRecord-Pacific-Solar-Server/Security/Cameras/grab_all.sh"
2026-09-30T16:33:24-10:00job:security_camera_frame_grab | 16:33:06  📷  a-eyes  ch1 → ch1-20261001T023306Z.jpg  (577.7 KB, 4.27s)
2026-09-30T16:33:24-10:00job:security_camera_frame_grab | 16:33:11  📷  a-eyes  ch2 → ch2-20261001T023311Z.jpg  (147.9 KB, 4.42s)
2026-09-30T16:33:24-10:00job:security_camera_frame_grab | 16:33:15  📷  a-eyes  ch3 → ch3-20261001T023315Z.jpg  (307.9 KB, 4.30s)
2026-09-30T16:33:24-10:00job:security_camera_frame_grab | 16:33:19  📷  a-eyes  ch4 → ch4-20261001T023319Z.jpg  (143.1 KB, 4.45s)
2026-09-30T16:33:24-10:00job:service_supervisor RUN  bash "/home/rootrecord/RootRecord-Ecosystem/1 - Servers/1 - RootRecord-Pacific-Solar-Server/Automations/scripts/supervise-services.sh"
2026-09-30T16:33:24-10:00job:service_supervisor | [supervisor] weather alive pid=97054 (act)
2026-09-30T16:33:24-10:00job:service_supervisor | [supervisor] relay alive pid=96403 (act)
2026-09-30T16:33:24-10:00job:geology_collect RUN  nice -n 10 python3 "/home/rootrecord/RootRecord-Ecosystem/1 - Servers/1 - RootRecord-Pacific-Solar-Server/Geology/scripts/geology_collect.py" all
2026-09-30T16:33:27-10:00job:geology_collect | {"ok": true, "at": "2026-09-30T16:33:24-10:00", "what": "all", "dry_run": false, "sources": {"hawaii": {"ok": true, "count": 12, "new": 0, "new_m2": 0, "ms": 1324}, "global": {"ok": true, "count": 36, "new": 0, "ms": 315}, "hvo_notices": {"ok": true, "count": 44, "new": 0, "ms": 806}, "hvo_status": {"ok": true, "volcanoes": 8, "kilauea": "WATCH", "mauna_loa": "NORMAL", "ms": 512}}}
2026-09-30T16:33:27-10:00job:system_net_sample RUN  nice -n 10 python3 "/home/rootrecord/RootRecord-Ecosystem/1 - Servers/1 - RootRecord-Pacific-Solar-Server/System/scripts/host_desks.py" net-sample
2026-09-30T16:33:27-10:00job:system_net_sample | {"ok": true, "file": "/home/rootrecord/RootRecord-Ecosystem/2 - RootRecord-Database/System/network/Daily/net-20260930.jsonl", "iface": "wlo1", "hour": {"seconds": 3736, "rx": 311869456, "tx": 79095017, "total": 390964473, "iface": "wlo1", "link": "wireless"}, "day": null}
2026-09-30T16:33:27-10:00job:voice_remaining_tasks RUN  nice -n 10 python3 "/home/rootrecord/RootRecord-Ecosystem/1 - Servers/1 - RootRecord-Pacific-Solar-Server/Media/Voice/scripts/voice_reports.py" remaining_tasks
2026-09-30T16:33:40-10:00job:voice_remaining_tasks | {"ok": true, "report": "remaining_tasks", "md": "/home/rootrecord/RootRecord-Ecosystem/test-reports/Voice/remaining_tasks_current.md", "sentences": 3, "voice": {"ok": true, "mode": "stitch", "report": "remaining_tasks", "agent": "bruce", "voice": "am_echo", "speed": 1.0, "wav": "/home/rootrecord/RootRecord-Ecosystem/2 - RootRecord-Database/Media/Audio/Voice/remaining_tasks_current.wav", "clips_used": 0, "live_sentences": 3, "model_loaded": true, "render_s": 7.54, "sample_rate": 24000, "channels": 1, "subtype": "PCM_16", "duration_s": 9.292, "peak_dbfs": -2.25, "rms_dbfs": -20.11, "lead_silence_ms": 112, "qc": "PASS", "wall_s": 7.65, "peak_rss_mb": 1295, "rc": 0}, "deliver": {"ok": true, "sent": true, "persona": "bruce", "chat": "-1004406495175", "message_id": 85, "transcript": true, "report": true, "photo": false, "plan": {"voice": true, "transcript": true, "report": true}}}
2026-09-30T16:33:40-10:00ENERGY  status=live  B2=22.0%  B1=17.9%  solar=0 W  ac=90 W  usbc=0 W  src=/home/rootrecord/RootRecord-Ecosystem/2 - RootRecord-Database/Energy  LAP=100%/Full/AC
2026-09-30T16:33:51-10:00  ✗  ecoflow_read_cycle  WAITING
2026-09-30T16:33:51-10:00job:sys_stats_cycle RUN  bash "/home/rootrecord/RootRecord-Ecosystem/1 - Servers/1 - RootRecord-Pacific-Solar-Server/System/scripts/sys-sample.sh"
2026-09-30T16:33:52-10:00job:sys_stats_cycle | SYSTEM  cpu=18%  load=3.62  mem=41%  src=sqlite
2026-09-30T16:33:52-10:00job:sys_stats_cycle | OK wrote /home/rootrecord/RootRecord-Ecosystem/2 - RootRecord-Database/System/samples/sys-20260930-163351.json
2026-09-30T16:34:33-10:00job:github_sync_all | ↑ [ecosystem] committed 15 local file(s)
2026-09-30T16:34:33-10:00job:github_sync_all | ↓ [ecosystem] fetching origin/main
2026-09-30T16:34:33-10:00job:github_sync_all | From github.com:RootRecord-Software-Solutions/RootRecord-Ecosystem
2026-09-30T16:34:33-10:00job:github_sync_all | * branch            main       -> FETCH_HEAD
2026-09-30T16:34:33-10:00job:github_sync_all | ↑ [ecosystem] local is ahead of GitHub
2026-09-30T16:34:33-10:00job:github_sync_all | To github.com:RootRecord-Software-Solutions/RootRecord-Ecosystem.git
2026-09-30T16:34:33-10:00job:github_sync_all | bf7f739..b1dac18  HEAD -> main
2026-09-30T16:34:33-10:00job:github_sync_all | branch 'main' set up to track 'origin/main'.
2026-09-30T16:34:33-10:00job:github_sync_all | ↑ [ecosystem] 15 files → RootRecord-Software-Solutions/RootRecord-Ecosystem (main)
2026-09-30T16:34:33-10:00job:github_sync_all | — [pacific] no local changes
2026-09-30T16:34:33-10:00job:github_sync_all | ↓ [pacific] fetching origin/main
2026-09-30T16:34:33-10:00job:github_sync_all | From github.com:RootRecord-Software-Solutions/RootRecord-Pacific-Solar-Server
2026-09-30T16:34:33-10:00job:github_sync_all | * branch            main       -> FETCH_HEAD
2026-09-30T16:34:33-10:00job:github_sync_all | — [pacific] local and GitHub already match
2026-09-30T16:34:33-10:00job:github_sync_all | — [pacific] nothing to push
2026-09-30T16:34:33-10:00job:github_sync_all | ↑ [database] committed 22 local file(s)
2026-09-30T16:34:33-10:00job:github_sync_all | ↓ [database] fetching origin/main
2026-09-30T16:34:33-10:00job:github_sync_all | From github.com:RootRecord-Software-Solutions/RootRecord-Database
2026-09-30T16:34:33-10:00job:github_sync_all | * branch              main       -> FETCH_HEAD
2026-09-30T16:34:33-10:00job:github_sync_all | ↑ [database] local is ahead of GitHub
2026-09-30T16:34:33-10:00job:github_sync_all | To github.com:RootRecord-Software-Solutions/RootRecord-Database.git
2026-09-30T16:34:33-10:00job:github_sync_all | c3ff810f..d102c227  HEAD -> main
2026-09-30T16:34:33-10:00job:github_sync_all | branch 'main' set up to track 'origin/main'.
2026-09-30T16:34:33-10:00job:github_sync_all | ↑ [database] 22 files → RootRecord-Software-Solutions/RootRecord-Database (main)
2026-09-30T16:34:33-10:00job:github_sync_all | — [library] no local changes
2026-09-30T16:34:33-10:00job:github_sync_all | ↓ [library] fetching origin/main
2026-09-30T16:34:33-10:00job:github_sync_all | From github.com:RootRecord-Software-Solutions/RootRecord-Library
2026-09-30T16:34:33-10:00job:github_sync_all | * branch            main       -> FETCH_HEAD
2026-09-30T16:34:33-10:00job:github_sync_all | — [library] local and GitHub already match
2026-09-30T16:34:33-10:00job:github_sync_all | — [library] nothing to push
2026-09-30T16:34:33-10:00job:github_sync_all | — [skills] no local changes
2026-09-30T16:34:33-10:00job:github_sync_all | ↓ [skills] fetching origin/main
2026-09-30T16:34:33-10:00job:github_sync_all | From github.com:rootrecordsoftwaresolutions/Solar-Pacific-RootRecord-Server
2026-09-30T16:34:33-10:00job:github_sync_all | * branch            main       -> FETCH_HEAD
2026-09-30T16:34:33-10:00job:github_sync_all | — [skills] local and GitHub already match
2026-09-30T16:34:33-10:00job:github_sync_all | — [skills] nothing to push
2026-09-30T16:34:33-10:00job:security_camera_frame_grab RUN  bash "/home/rootrecord/RootRecord-Ecosystem/1 - Servers/1 - RootRecord-Pacific-Solar-Server/Security/Cameras/grab_all.sh"
2026-09-30T16:34:51-10:00job:security_camera_frame_grab | 16:34:33  📷  a-eyes  ch1 → ch1-20261001T023433Z.jpg  (576.9 KB, 4.36s)
2026-09-30T16:34:51-10:00job:security_camera_frame_grab | 16:34:37  📷  a-eyes  ch2 → ch2-20261001T023437Z.jpg  (141.1 KB, 4.64s)
2026-09-30T16:34:51-10:00job:security_camera_frame_grab | 16:34:42  📷  a-eyes  ch3 → ch3-20261001T023442Z.jpg  (289.4 KB, 4.37s)
2026-09-30T16:34:51-10:00job:security_camera_frame_grab | 16:34:46  📷  a-eyes  ch4 → ch4-20261001T023446Z.jpg  (135.7 KB, 4.47s)
2026-09-30T16:34:51-10:00ENERGY  status=live  B2=22.0%  B1=17.9%  solar=0 W  ac=90 W  usbc=0 W  src=/home/rootrecord/RootRecord-Ecosystem/2 - RootRecord-Database/Energy  LAP=100%/Full/AC
2026-09-30T16:35:02-10:00  ✗  ecoflow_read_cycle  WAITING
2026-09-30T16:35:02-10:00job:sys_stats_cycle RUN  bash "/home/rootrecord/RootRecord-Ecosystem/1 - Servers/1 - RootRecord-Pacific-Solar-Server/System/scripts/sys-sample.sh"
2026-09-30T16:35:03-10:00job:sys_stats_cycle | SYSTEM  cpu=6%  load=2.76  mem=39%  src=sqlite
2026-09-30T16:35:03-10:00job:sys_stats_cycle | OK wrote /home/rootrecord/RootRecord-Ecosystem/2 - RootRecord-Database/System/samples/sys-20260930-163502.json
2026-09-30T16:35:38-10:00job:github_sync_all | — [ecosystem] no committable local changes
2026-09-30T16:35:38-10:00job:github_sync_all | ↓ [ecosystem] fetching origin/main
2026-09-30T16:35:38-10:00job:github_sync_all | From github.com:RootRecord-Software-Solutions/RootRecord-Ecosystem
2026-09-30T16:35:38-10:00job:github_sync_all | * branch            main       -> FETCH_HEAD
2026-09-30T16:35:38-10:00job:github_sync_all | — [ecosystem] local and GitHub already match
2026-09-30T16:35:38-10:00job:github_sync_all | — [ecosystem] nothing to push
2026-09-30T16:35:38-10:00job:github_sync_all | — [pacific] no local changes
2026-09-30T16:35:38-10:00job:github_sync_all | ↓ [pacific] fetching origin/main
2026-09-30T16:35:38-10:00job:github_sync_all | From github.com:RootRecord-Software-Solutions/RootRecord-Pacific-Solar-Server
2026-09-30T16:35:38-10:00job:github_sync_all | * branch            main       -> FETCH_HEAD
2026-09-30T16:35:38-10:00job:github_sync_all | — [pacific] local and GitHub already match
2026-09-30T16:35:38-10:00job:github_sync_all | — [pacific] nothing to push
2026-09-30T16:35:38-10:00job:github_sync_all | ↑ [database] committed 10 local file(s)
2026-09-30T16:35:38-10:00job:github_sync_all | ↓ [database] fetching origin/main
2026-09-30T16:35:38-10:00job:github_sync_all | From github.com:RootRecord-Software-Solutions/RootRecord-Database
2026-09-30T16:35:38-10:00job:github_sync_all | * branch              main       -> FETCH_HEAD
2026-09-30T16:35:38-10:00job:github_sync_all | ↑ [database] local is ahead of GitHub
2026-09-30T16:35:38-10:00job:github_sync_all | To github.com:RootRecord-Software-Solutions/RootRecord-Database.git
2026-09-30T16:35:38-10:00job:github_sync_all | d102c227..16c449aa  HEAD -> main
2026-09-30T16:35:38-10:00job:github_sync_all | branch 'main' set up to track 'origin/main'.
2026-09-30T16:35:38-10:00job:github_sync_all | ↑ [database] 10 files → RootRecord-Software-Solutions/RootRecord-Database (main)
2026-09-30T16:35:38-10:00job:github_sync_all | — [library] no local changes
2026-09-30T16:35:38-10:00job:github_sync_all | ↓ [library] fetching origin/main
2026-09-30T16:35:38-10:00job:github_sync_all | From github.com:RootRecord-Software-Solutions/RootRecord-Library
2026-09-30T16:35:38-10:00job:github_sync_all | * branch            main       -> FETCH_HEAD
2026-09-30T16:35:38-10:00job:github_sync_all | — [library] local and GitHub already match
2026-09-30T16:35:38-10:00job:github_sync_all | — [library] nothing to push
2026-09-30T16:35:38-10:00job:github_sync_all | — [skills] no local changes
2026-09-30T16:35:38-10:00job:github_sync_all | ↓ [skills] fetching origin/main
2026-09-30T16:35:38-10:00job:github_sync_all | From github.com:rootrecordsoftwaresolutions/Solar-Pacific-RootRecord-Server
2026-09-30T16:35:38-10:00job:github_sync_all | * branch            main       -> FETCH_HEAD
2026-09-30T16:35:38-10:00job:github_sync_all | — [skills] local and GitHub already match
2026-09-30T16:35:38-10:00job:github_sync_all | — [skills] nothing to push
2026-09-30T16:35:38-10:00job:worklog_scan RUN  bash "/home/rootrecord/RootRecord-Ecosystem/1 - Servers/1 - RootRecord-Pacific-Solar-Server/Reports/scripts/worklog_once.sh"
2026-09-30T16:35:49-10:00job:worklog_scan | OK wrote/updated /home/rootrecord/RootRecord-Ecosystem/2 - RootRecord-Database/Worklog/worklog_current.md
2026-09-30T16:35:49-10:00job:security_camera_frame_grab RUN  bash "/home/rootrecord/RootRecord-Ecosystem/1 - Servers/1 - RootRecord-Pacific-Solar-Server/Security/Cameras/grab_all.sh"
2026-09-30T16:36:07-10:00job:security_camera_frame_grab | 16:35:49  📷  a-eyes  ch1 → ch1-20261001T023549Z.jpg  (580.8 KB, 4.64s)
2026-09-30T16:36:07-10:00job:security_camera_frame_grab | 16:35:53  📷  a-eyes  ch2 → ch2-20261001T023553Z.jpg  (137.7 KB, 4.37s)
2026-09-30T16:36:07-10:00job:security_camera_frame_grab | 16:35:58  📷  a-eyes  ch3 → ch3-20261001T023558Z.jpg  (272.9 KB, 4.40s)
2026-09-30T16:36:07-10:00job:security_camera_frame_grab | 16:36:02  📷  a-eyes  ch4 → ch4-20261001T023602Z.jpg  (136.0 KB, 4.35s)
2026-09-30T16:36:07-10:00ENERGY  status=live  B2=22.0%  B1=17.9%  solar=0 W  ac=90 W  usbc=0 W  src=/home/rootrecord/RootRecord-Ecosystem/2 - RootRecord-Database/Energy  LAP=100%/Full/AC
2026-09-30T16:36:22-10:00  ▸  SUMMARY=river2pro soc=16.2% solar=0W ac_out=90W usbc=20W src=ble db=ok
2026-09-30T16:36:22-10:00job:sys_stats_cycle RUN  bash "/home/rootrecord/RootRecord-Ecosystem/1 - Servers/1 - RootRecord-Pacific-Solar-Server/System/scripts/sys-sample.sh"
2026-09-30T16:36:23-10:00job:sys_stats_cycle | SYSTEM  cpu=7%  load=2.05  mem=38%  src=sqlite
2026-09-30T16:36:23-10:00job:sys_stats_cycle | OK wrote /home/rootrecord/RootRecord-Ecosystem/2 - RootRecord-Database/System/samples/sys-20260930-163623.json
2026-09-30T16:36:58-10:00job:github_sync_all | — [ecosystem] no committable local changes
2026-09-30T16:36:58-10:00job:github_sync_all | ↓ [ecosystem] fetching origin/main
2026-09-30T16:36:58-10:00job:github_sync_all | From github.com:RootRecord-Software-Solutions/RootRecord-Ecosystem
2026-09-30T16:36:58-10:00job:github_sync_all | * branch            main       -> FETCH_HEAD
2026-09-30T16:36:58-10:00job:github_sync_all | — [ecosystem] local and GitHub already match
2026-09-30T16:36:58-10:00job:github_sync_all | — [ecosystem] nothing to push
2026-09-30T16:36:58-10:00job:github_sync_all | — [pacific] no local changes
2026-09-30T16:36:58-10:00job:github_sync_all | ↓ [pacific] fetching origin/main
2026-09-30T16:36:58-10:00job:github_sync_all | From github.com:RootRecord-Software-Solutions/RootRecord-Pacific-Solar-Server
2026-09-30T16:36:58-10:00job:github_sync_all | * branch            main       -> FETCH_HEAD
2026-09-30T16:36:58-10:00job:github_sync_all | — [pacific] local and GitHub already match
2026-09-30T16:36:58-10:00job:github_sync_all | — [pacific] nothing to push
2026-09-30T16:36:58-10:00job:github_sync_all | ↑ [database] committed 16 local file(s)
2026-09-30T16:36:58-10:00job:github_sync_all | ↓ [database] fetching origin/main
2026-09-30T16:36:58-10:00job:github_sync_all | From github.com:RootRecord-Software-Solutions/RootRecord-Database
2026-09-30T16:36:58-10:00job:github_sync_all | * branch              main       -> FETCH_HEAD
2026-09-30T16:36:58-10:00job:github_sync_all | ↑ [database] local is ahead of GitHub
2026-09-30T16:36:58-10:00job:github_sync_all | To github.com:RootRecord-Software-Solutions/RootRecord-Database.git
2026-09-30T16:36:58-10:00job:github_sync_all | 16c449aa..9a7e02a3  HEAD -> main
2026-09-30T16:36:58-10:00job:github_sync_all | branch 'main' set up to track 'origin/main'.
2026-09-30T16:36:58-10:00job:github_sync_all | ↑ [database] 16 files → RootRecord-Software-Solutions/RootRecord-Database (main)
2026-09-30T16:36:58-10:00job:github_sync_all | — [library] no local changes
2026-09-30T16:36:58-10:00job:github_sync_all | ↓ [library] fetching origin/main
2026-09-30T16:36:58-10:00job:github_sync_all | From github.com:RootRecord-Software-Solutions/RootRecord-Library
2026-09-30T16:36:58-10:00job:github_sync_all | * branch            main       -> FETCH_HEAD
2026-09-30T16:36:58-10:00job:github_sync_all | — [library] local and GitHub already match
2026-09-30T16:36:58-10:00job:github_sync_all | — [library] nothing to push
2026-09-30T16:36:58-10:00job:github_sync_all | — [skills] no local changes
2026-09-30T16:36:58-10:00job:github_sync_all | ↓ [skills] fetching origin/main
2026-09-30T16:36:58-10:00job:github_sync_all | From github.com:rootrecordsoftwaresolutions/Solar-Pacific-RootRecord-Server
2026-09-30T16:36:58-10:00job:github_sync_all | * branch            main       -> FETCH_HEAD
2026-09-30T16:36:58-10:00job:github_sync_all | — [skills] local and GitHub already match
2026-09-30T16:36:58-10:00job:github_sync_all | — [skills] nothing to push
2026-09-30T16:36:58-10:00job:security_camera_frame_grab RUN  bash "/home/rootrecord/RootRecord-Ecosystem/1 - Servers/1 - RootRecord-Pacific-Solar-Server/Security/Cameras/grab_all.sh"
2026-09-30T16:37:16-10:00job:security_camera_frame_grab | 16:36:58  📷  a-eyes  ch1 → ch1-20261001T023658Z.jpg  (568.6 KB, 4.35s)
2026-09-30T16:37:16-10:00job:security_camera_frame_grab | 16:37:03  📷  a-eyes  ch2 → ch2-20261001T023703Z.jpg  (142.2 KB, 4.45s)
2026-09-30T16:37:16-10:00job:security_camera_frame_grab | 16:37:07  📷  a-eyes  ch3 → ch3-20261001T023707Z.jpg  (273.1 KB, 4.48s)
2026-09-30T16:37:16-10:00job:security_camera_frame_grab | 16:37:12  📷  a-eyes  ch4 → ch4-20261001T023712Z.jpg  (131.9 KB, 4.38s)
2026-09-30T16:37:16-10:00ENERGY  status=live  B2=22.0%  B1=16.2%  solar=0 W  ac=90 W  usbc=0 W  src=/home/rootrecord/RootRecord-Ecosystem/2 - RootRecord-Database/Energy  LAP=100%/Full/AC
2026-09-30T16:37:32-10:00  ▸  SUMMARY=river2pro soc=15.8% solar=0W ac_out=77W usbc=20W src=ble db=ok
2026-09-30T16:37:32-10:00job:sys_stats_cycle RUN  bash "/home/rootrecord/RootRecord-Ecosystem/1 - Servers/1 - RootRecord-Pacific-Solar-Server/System/scripts/sys-sample.sh"
2026-09-30T16:37:33-10:00job:sys_stats_cycle | SYSTEM  cpu=6%  load=1.90  mem=38%  src=sqlite
2026-09-30T16:37:33-10:00job:sys_stats_cycle | OK wrote /home/rootrecord/RootRecord-Ecosystem/2 - RootRecord-Database/System/samples/sys-20260930-163732.json
2026-09-30T16:38:09-10:00job:github_sync_all | — [ecosystem] no committable local changes
2026-09-30T16:38:09-10:00job:github_sync_all | ↓ [ecosystem] fetching origin/main
2026-09-30T16:38:09-10:00job:github_sync_all | From github.com:RootRecord-Software-Solutions/RootRecord-Ecosystem
2026-09-30T16:38:09-10:00job:github_sync_all | * branch            main       -> FETCH_HEAD
2026-09-30T16:38:09-10:00job:github_sync_all | — [ecosystem] local and GitHub already match
2026-09-30T16:38:09-10:00job:github_sync_all | — [ecosystem] nothing to push
2026-09-30T16:38:09-10:00job:github_sync_all | — [pacific] no local changes
2026-09-30T16:38:09-10:00job:github_sync_all | ↓ [pacific] fetching origin/main
2026-09-30T16:38:09-10:00job:github_sync_all | From github.com:RootRecord-Software-Solutions/RootRecord-Pacific-Solar-Server
2026-09-30T16:38:09-10:00job:github_sync_all | * branch            main       -> FETCH_HEAD
2026-09-30T16:38:09-10:00job:github_sync_all | — [pacific] local and GitHub already match
2026-09-30T16:38:09-10:00job:github_sync_all | — [pacific] nothing to push
2026-09-30T16:38:09-10:00job:github_sync_all | ↑ [database] committed 12 local file(s)
2026-09-30T16:38:09-10:00job:github_sync_all | ↓ [database] fetching origin/main
2026-09-30T16:38:09-10:00job:github_sync_all | From github.com:RootRecord-Software-Solutions/RootRecord-Database
2026-09-30T16:38:09-10:00job:github_sync_all | * branch              main       -> FETCH_HEAD
2026-09-30T16:38:09-10:00job:github_sync_all | ↑ [database] local is ahead of GitHub
2026-09-30T16:38:09-10:00job:github_sync_all | To github.com:RootRecord-Software-Solutions/RootRecord-Database.git
2026-09-30T16:38:09-10:00job:github_sync_all | 9a7e02a3..a60eda19  HEAD -> main
2026-09-30T16:38:09-10:00job:github_sync_all | branch 'main' set up to track 'origin/main'.
2026-09-30T16:38:09-10:00job:github_sync_all | ↑ [database] 12 files → RootRecord-Software-Solutions/RootRecord-Database (main)
2026-09-30T16:38:09-10:00job:github_sync_all | — [library] no local changes
2026-09-30T16:38:09-10:00job:github_sync_all | ↓ [library] fetching origin/main
2026-09-30T16:38:09-10:00job:github_sync_all | From github.com:RootRecord-Software-Solutions/RootRecord-Library
2026-09-30T16:38:09-10:00job:github_sync_all | * branch            main       -> FETCH_HEAD
2026-09-30T16:38:09-10:00job:github_sync_all | — [library] local and GitHub already match
2026-09-30T16:38:09-10:00job:github_sync_all | — [library] nothing to push
2026-09-30T16:38:09-10:00job:github_sync_all | — [skills] no local changes
2026-09-30T16:38:09-10:00job:github_sync_all | ↓ [skills] fetching origin/main
2026-09-30T16:38:09-10:00job:github_sync_all | From github.com:rootrecordsoftwaresolutions/Solar-Pacific-RootRecord-Server
2026-09-30T16:38:09-10:00job:github_sync_all | * branch            main       -> FETCH_HEAD
2026-09-30T16:38:09-10:00job:github_sync_all | — [skills] local and GitHub already match
2026-09-30T16:38:09-10:00job:github_sync_all | — [skills] nothing to push
2026-09-30T16:38:09-10:00job:worklog_scan RUN  bash "/home/rootrecord/RootRecord-Ecosystem/1 - Servers/1 - RootRecord-Pacific-Solar-Server/Reports/scripts/worklog_once.sh"
2026-09-30T16:38:13-10:00job:worklog_scan | OK wrote/updated /home/rootrecord/RootRecord-Ecosystem/2 - RootRecord-Database/Worklog/worklog_current.md
2026-09-30T16:38:13-10:00job:security_camera_frame_grab RUN  bash "/home/rootrecord/RootRecord-Ecosystem/1 - Servers/1 - RootRecord-Pacific-Solar-Server/Security/Cameras/grab_all.sh"
2026-09-30T16:38:31-10:00job:security_camera_frame_grab | 16:38:13  📷  a-eyes  ch1 → ch1-20261001T023813Z.jpg  (562.6 KB, 4.41s)
2026-09-30T16:38:31-10:00job:security_camera_frame_grab | 16:38:18  📷  a-eyes  ch2 → ch2-20261001T023818Z.jpg  (140.9 KB, 4.50s)
2026-09-30T16:38:31-10:00job:security_camera_frame_grab | 16:38:22  📷  a-eyes  ch3 → ch3-20261001T023822Z.jpg  (266.4 KB, 4.31s)
2026-09-30T16:38:31-10:00job:security_camera_frame_grab | 16:38:27  📷  a-eyes  ch4 → ch4-20261001T023827Z.jpg  (125.7 KB, 4.37s)
2026-09-30T16:38:31-10:00job:service_supervisor RUN  bash "/home/rootrecord/RootRecord-Ecosystem/1 - Servers/1 - RootRecord-Pacific-Solar-Server/Automations/scripts/supervise-services.sh"
2026-09-30T16:38:31-10:00job:service_supervisor | [supervisor] weather alive pid=97054 (act)
2026-09-30T16:38:31-10:00job:service_supervisor | [supervisor] relay alive pid=96403 (act)
2026-09-30T16:38:31-10:00job:geology_collect RUN  nice -n 10 python3 "/home/rootrecord/RootRecord-Ecosystem/1 - Servers/1 - RootRecord-Pacific-Solar-Server/Geology/scripts/geology_collect.py" all
2026-09-30T16:38:35-10:00job:geology_collect | {"ok": true, "at": "2026-09-30T16:38:31-10:00", "what": "all", "dry_run": false, "sources": {"hawaii": {"ok": true, "count": 12, "new": 0, "new_m2": 0, "ms": 436}, "global": {"ok": true, "count": 35, "new": 0, "ms": 293}, "hvo_notices": {"ok": true, "count": 44, "new": 0, "ms": 1837}, "hvo_status": {"ok": true, "volcanoes": 8, "kilauea": "WATCH", "mauna_loa": "NORMAL", "ms": 609}}}
2026-09-30T16:38:35-10:00job:system_net_sample RUN  nice -n 10 python3 "/home/rootrecord/RootRecord-Ecosystem/1 - Servers/1 - RootRecord-Pacific-Solar-Server/System/scripts/host_desks.py" net-sample
2026-09-30T16:38:35-10:00job:system_net_sample | {"ok": true, "file": "/home/rootrecord/RootRecord-Ecosystem/2 - RootRecord-Database/System/network/Daily/net-20260930.jsonl", "iface": "wlo1", "hour": {"seconds": 3652, "rx": 250160596, "tx": 76347824, "total": 326508420, "iface": "wlo1", "link": "wireless"}, "day": null}
2026-09-30T16:38:35-10:00job:voice_nws_weather RUN  nice -n 10 python3 "/home/rootrecord/RootRecord-Ecosystem/1 - Servers/1 - RootRecord-Pacific-Solar-Server/Media/Voice/scripts/voice_reports.py" nws_weather
2026-09-30T16:39:50-10:00job:voice_nws_weather | {"ok": true, "report": "nws_weather", "md": "/home/rootrecord/RootRecord-Ecosystem/test-reports/Voice/nws_weather_current.md", "sentences": 4, "voice": {"ok": true, "mode": "stitch", "report": "nws_weather", "agent": "ava", "voice": "af_heart", "speed": 1.0, "wav": "/home/rootrecord/RootRecord-Ecosystem/2 - RootRecord-Database/Media/Audio/Voice/nws_weather_current.wav", "clips_used": 0, "live_sentences": 7, "model_loaded": true, "render_s": 10.18, "sample_rate": 24000, "channels": 1, "subtype": "PCM_16", "duration_s": 17.503, "peak_dbfs": -1.5, "rms_dbfs": -20.57, "lead_silence_ms": 115, "qc": "PASS", "wall_s": 10.27, "peak_rss_mb": 1441, "rc": 0}, "deliver": {"ok": true, "sent": true, "persona": "ava", "chat": "-1004406495175", "message_id": 88, "transcript": true, "report": true, "photo": false, "plan": {"voice": true, "transcript": true, "report": true}}}
2026-09-30T16:39:51-10:00ENERGY  status=live  B2=22.0%  B1=15.8%  solar=0 W  ac=77 W  usbc=0 W  src=/home/rootrecord/RootRecord-Ecosystem/2 - RootRecord-Database/Energy  LAP=100%/Full/AC
2026-09-30T16:40:01-10:00  ✗  ecoflow_read_cycle  WAITING
2026-09-30T16:40:01-10:00job:sys_stats_cycle RUN  bash "/home/rootrecord/RootRecord-Ecosystem/1 - Servers/1 - RootRecord-Pacific-Solar-Server/System/scripts/sys-sample.sh"
2026-09-30T16:40:03-10:00job:sys_stats_cycle | SYSTEM  cpu=59%  load=4.55  mem=51%  src=sqlite
2026-09-30T16:40:03-10:00job:sys_stats_cycle | OK wrote /home/rootrecord/RootRecord-Ecosystem/2 - RootRecord-Database/System/samples/sys-20260930-164002.json
2026-09-30T16:40:53-10:00job:github_sync_all | ↑ [ecosystem] committed 22 local file(s)
2026-09-30T16:40:53-10:00job:github_sync_all | ↓ [ecosystem] fetching origin/main
2026-09-30T16:40:53-10:00job:github_sync_all | From github.com:RootRecord-Software-Solutions/RootRecord-Ecosystem
2026-09-30T16:40:53-10:00job:github_sync_all | * branch            main       -> FETCH_HEAD
2026-09-30T16:40:53-10:00job:github_sync_all | ↑ [ecosystem] local is ahead of GitHub
2026-09-30T16:40:53-10:00job:github_sync_all | To github.com:RootRecord-Software-Solutions/RootRecord-Ecosystem.git
2026-09-30T16:40:53-10:00job:github_sync_all | b1dac18..5321b55  HEAD -> main
2026-09-30T16:40:53-10:00job:github_sync_all | branch 'main' set up to track 'origin/main'.
2026-09-30T16:40:53-10:00job:github_sync_all | ↑ [ecosystem] 22 files → RootRecord-Software-Solutions/RootRecord-Ecosystem (main)
2026-09-30T16:40:53-10:00job:github_sync_all | ↑ [pacific] committed 8 local file(s)
2026-09-30T16:40:53-10:00job:github_sync_all | ↓ [pacific] fetching origin/main
2026-09-30T16:40:53-10:00job:github_sync_all | From github.com:RootRecord-Software-Solutions/RootRecord-Pacific-Solar-Server
2026-09-30T16:40:53-10:00job:github_sync_all | * branch            main       -> FETCH_HEAD
2026-09-30T16:40:53-10:00job:github_sync_all | ↑ [pacific] local is ahead of GitHub
2026-09-30T16:40:53-10:00job:github_sync_all | To github.com:RootRecord-Software-Solutions/RootRecord-Pacific-Solar-Server.git
2026-09-30T16:40:53-10:00job:github_sync_all | 5a8f70d..5c72dec  HEAD -> main
2026-09-30T16:40:53-10:00job:github_sync_all | branch 'main' set up to track 'origin/main'.
2026-09-30T16:40:53-10:00job:github_sync_all | ↑ [pacific] 8 files → RootRecord-Software-Solutions/RootRecord-Pacific-Solar-Server (main)
2026-09-30T16:40:53-10:00job:github_sync_all | ↑ [database] committed 23 local file(s)
2026-09-30T16:40:53-10:00job:github_sync_all | ↓ [database] fetching origin/main
2026-09-30T16:40:53-10:00job:github_sync_all | From github.com:RootRecord-Software-Solutions/RootRecord-Database
2026-09-30T16:40:53-10:00job:github_sync_all | * branch              main       -> FETCH_HEAD
2026-09-30T16:40:53-10:00job:github_sync_all | ↑ [database] local is ahead of GitHub
2026-09-30T16:40:53-10:00job:github_sync_all | To github.com:RootRecord-Software-Solutions/RootRecord-Database.git
2026-09-30T16:40:53-10:00job:github_sync_all | a60eda19..f6307f9b  HEAD -> main
2026-09-30T16:40:53-10:00job:github_sync_all | branch 'main' set up to track 'origin/main'.
2026-09-30T16:40:53-10:00job:github_sync_all | ↑ [database] 23 files → RootRecord-Software-Solutions/RootRecord-Database (main)
2026-09-30T16:40:53-10:00job:github_sync_all | — [library] no local changes
2026-09-30T16:40:53-10:00job:github_sync_all | ↓ [library] fetching origin/main
2026-09-30T16:40:53-10:00job:github_sync_all | From github.com:RootRecord-Software-Solutions/RootRecord-Library
2026-09-30T16:40:53-10:00job:github_sync_all | * branch            main       -> FETCH_HEAD
2026-09-30T16:40:53-10:00job:github_sync_all | — [library] local and GitHub already match
2026-09-30T16:40:53-10:00job:github_sync_all | — [library] nothing to push
2026-09-30T16:40:53-10:00job:github_sync_all | — [skills] no local changes
2026-09-30T16:40:53-10:00job:github_sync_all | ↓ [skills] fetching origin/main
2026-09-30T16:40:53-10:00job:github_sync_all | From github.com:rootrecordsoftwaresolutions/Solar-Pacific-RootRecord-Server
2026-09-30T16:40:53-10:00job:github_sync_all | * branch            main       -> FETCH_HEAD
2026-09-30T16:40:53-10:00job:github_sync_all | — [skills] local and GitHub already match
2026-09-30T16:40:53-10:00job:github_sync_all | — [skills] nothing to push
2026-09-30T16:40:53-10:00job:worklog_scan RUN  bash "/home/rootrecord/RootRecord-Ecosystem/1 - Servers/1 - RootRecord-Pacific-Solar-Server/Reports/scripts/worklog_once.sh"
2026-09-30T16:40:56-10:00job:worklog_scan | OK wrote/updated /home/rootrecord/RootRecord-Ecosystem/2 - RootRecord-Database/Worklog/worklog_current.md
2026-09-30T16:40:56-10:00job:security_camera_frame_grab RUN  bash "/home/rootrecord/RootRecord-Ecosystem/1 - Servers/1 - RootRecord-Pacific-Solar-Server/Security/Cameras/grab_all.sh"
2026-09-30T16:41:14-10:00job:security_camera_frame_grab | 16:40:56  📷  a-eyes  ch1 → ch1-20261001T024056Z.jpg  (497.8 KB, 4.61s)
2026-09-30T16:41:14-10:00job:security_camera_frame_grab | 16:41:01  📷  a-eyes  ch2 → ch2-20261001T024101Z.jpg  (151.2 KB, 4.38s)
2026-09-30T16:41:14-10:00job:security_camera_frame_grab | 16:41:05  📷  a-eyes  ch3 → ch3-20261001T024105Z.jpg  (267.8 KB, 4.37s)
2026-09-30T16:41:14-10:00job:security_camera_frame_grab | 16:41:10  📷  a-eyes  ch4 → ch4-20261001T024110Z.jpg  (123.3 KB, 4.47s)
2026-09-30T16:41:14-10:00ENERGY  status=live  B2=22.0%  B1=15.8%  solar=0 W  ac=77 W  usbc=0 W  src=/home/rootrecord/RootRecord-Ecosystem/2 - RootRecord-Database/Energy  LAP=100%/Full/AC
2026-09-30T16:41:30-10:00  ▸  SUMMARY=river2pro soc=14.47% solar=0W ac_out=94W usbc=20W src=ble db=ok
2026-09-30T16:41:30-10:00job:sys_stats_cycle RUN  bash "/home/rootrecord/RootRecord-Ecosystem/1 - Servers/1 - RootRecord-Pacific-Solar-Server/System/scripts/sys-sample.sh"
2026-09-30T16:41:31-10:00job:sys_stats_cycle | SYSTEM  cpu=4%  load=3.57  mem=38%  src=sqlite
2026-09-30T16:41:31-10:00job:sys_stats_cycle | OK wrote /home/rootrecord/RootRecord-Ecosystem/2 - RootRecord-Database/System/samples/sys-20260930-164130.json
2026-09-30T16:42:13-10:00job:github_sync_all | ↑ [ecosystem] committed 2 local file(s)
2026-09-30T16:42:13-10:00job:github_sync_all | ↓ [ecosystem] fetching origin/main
2026-09-30T16:42:13-10:00job:github_sync_all | From github.com:RootRecord-Software-Solutions/RootRecord-Ecosystem
2026-09-30T16:42:13-10:00job:github_sync_all | * branch            main       -> FETCH_HEAD
2026-09-30T16:42:13-10:00job:github_sync_all | ↑ [ecosystem] local is ahead of GitHub
2026-09-30T16:42:13-10:00job:github_sync_all | To github.com:RootRecord-Software-Solutions/RootRecord-Ecosystem.git
2026-09-30T16:42:13-10:00job:github_sync_all | 5321b55..e0aba5b  HEAD -> main
2026-09-30T16:42:13-10:00job:github_sync_all | branch 'main' set up to track 'origin/main'.
2026-09-30T16:42:13-10:00job:github_sync_all | ↑ [ecosystem] 2 files → RootRecord-Software-Solutions/RootRecord-Ecosystem (main)
2026-09-30T16:42:13-10:00job:github_sync_all | — [pacific] no local changes
2026-09-30T16:42:13-10:00job:github_sync_all | ↓ [pacific] fetching origin/main
2026-09-30T16:42:13-10:00job:github_sync_all | From github.com:RootRecord-Software-Solutions/RootRecord-Pacific-Solar-Server
2026-09-30T16:42:13-10:00job:github_sync_all | * branch            main       -> FETCH_HEAD
2026-09-30T16:42:13-10:00job:github_sync_all | — [pacific] local and GitHub already match
2026-09-30T16:42:13-10:00job:github_sync_all | — [pacific] nothing to push
2026-09-30T16:42:13-10:00job:github_sync_all | ↑ [database] committed 17 local file(s)
2026-09-30T16:42:13-10:00job:github_sync_all | ↓ [database] fetching origin/main
2026-09-30T16:42:13-10:00job:github_sync_all | From github.com:RootRecord-Software-Solutions/RootRecord-Database
2026-09-30T16:42:13-10:00job:github_sync_all | * branch              main       -> FETCH_HEAD
2026-09-30T16:42:13-10:00job:github_sync_all | ↑ [database] local is ahead of GitHub
2026-09-30T16:42:13-10:00job:github_sync_all | To github.com:RootRecord-Software-Solutions/RootRecord-Database.git
2026-09-30T16:42:13-10:00job:github_sync_all | f6307f9b..8aa28639  HEAD -> main
2026-09-30T16:42:13-10:00job:github_sync_all | branch 'main' set up to track 'origin/main'.
2026-09-30T16:42:13-10:00job:github_sync_all | ↑ [database] 17 files → RootRecord-Software-Solutions/RootRecord-Database (main)
2026-09-30T16:42:13-10:00job:github_sync_all | — [library] no local changes
2026-09-30T16:42:13-10:00job:github_sync_all | ↓ [library] fetching origin/main
2026-09-30T16:42:13-10:00job:github_sync_all | From github.com:RootRecord-Software-Solutions/RootRecord-Library
2026-09-30T16:42:13-10:00job:github_sync_all | * branch            main       -> FETCH_HEAD
2026-09-30T16:42:13-10:00job:github_sync_all | — [library] local and GitHub already match
2026-09-30T16:42:13-10:00job:github_sync_all | — [library] nothing to push
2026-09-30T16:42:13-10:00job:github_sync_all | — [skills] no local changes
2026-09-30T16:42:13-10:00job:github_sync_all | ↓ [skills] fetching origin/main
2026-09-30T16:42:13-10:00job:github_sync_all | From github.com:rootrecordsoftwaresolutions/Solar-Pacific-RootRecord-Server
2026-09-30T16:42:13-10:00job:github_sync_all | * branch            main       -> FETCH_HEAD
2026-09-30T16:42:13-10:00job:github_sync_all | — [skills] local and GitHub already match
2026-09-30T16:42:13-10:00job:github_sync_all | — [skills] nothing to push
2026-09-30T16:42:13-10:00job:security_camera_frame_grab RUN  bash "/home/rootrecord/RootRecord-Ecosystem/1 - Servers/1 - RootRecord-Pacific-Solar-Server/Security/Cameras/grab_all.sh"
2026-09-30T16:42:31-10:00job:security_camera_frame_grab | 16:42:13  📷  a-eyes  ch1 → ch1-20261001T024213Z.jpg  (514.2 KB, 4.43s)
2026-09-30T16:42:31-10:00job:security_camera_frame_grab | 16:42:18  📷  a-eyes  ch2 → ch2-20261001T024218Z.jpg  (87.6 KB, 4.46s)
2026-09-30T16:42:31-10:00job:security_camera_frame_grab | 16:42:22  📷  a-eyes  ch3 → ch3-20261001T024222Z.jpg  (269.6 KB, 4.39s)
2026-09-30T16:42:31-10:00job:security_camera_frame_grab | 16:42:27  📷  a-eyes  ch4 → ch4-20261001T024227Z.jpg  (118.2 KB, 4.48s)
2026-09-30T16:42:31-10:00ENERGY  status=live  B2=22.0%  B1=14.5%  solar=0 W  ac=94 W  usbc=0 W  src=/home/rootrecord/RootRecord-Ecosystem/2 - RootRecord-Database/Energy  LAP=100%/Full/AC
2026-09-30T16:42:42-10:00  ✗  ecoflow_read_cycle  WAITING
2026-09-30T16:42:42-10:00job:sys_stats_cycle RUN  bash "/home/rootrecord/RootRecord-Ecosystem/1 - Servers/1 - RootRecord-Pacific-Solar-Server/System/scripts/sys-sample.sh"
2026-09-30T16:42:43-10:00job:sys_stats_cycle | SYSTEM  cpu=4%  load=1.99  mem=39%  src=sqlite
2026-09-30T16:42:43-10:00job:sys_stats_cycle | OK wrote /home/rootrecord/RootRecord-Ecosystem/2 - RootRecord-Database/System/samples/sys-20260930-164242.json
2026-09-30T16:43:22-10:00job:github_sync_all | — [ecosystem] no committable local changes
2026-09-30T16:43:22-10:00job:github_sync_all | ↓ [ecosystem] fetching origin/main
2026-09-30T16:43:22-10:00job:github_sync_all | From github.com:RootRecord-Software-Solutions/RootRecord-Ecosystem
2026-09-30T16:43:22-10:00job:github_sync_all | * branch            main       -> FETCH_HEAD
2026-09-30T16:43:22-10:00job:github_sync_all | — [ecosystem] local and GitHub already match
2026-09-30T16:43:22-10:00job:github_sync_all | — [ecosystem] nothing to push
2026-09-30T16:43:22-10:00job:github_sync_all | — [pacific] no local changes
2026-09-30T16:43:22-10:00job:github_sync_all | ↓ [pacific] fetching origin/main
2026-09-30T16:43:22-10:00job:github_sync_all | From github.com:RootRecord-Software-Solutions/RootRecord-Pacific-Solar-Server
2026-09-30T16:43:22-10:00job:github_sync_all | * branch            main       -> FETCH_HEAD
2026-09-30T16:43:22-10:00job:github_sync_all | — [pacific] local and GitHub already match
2026-09-30T16:43:22-10:00job:github_sync_all | — [pacific] nothing to push
2026-09-30T16:43:22-10:00job:github_sync_all | ↑ [database] committed 9 local file(s)
2026-09-30T16:43:22-10:00job:github_sync_all | ↓ [database] fetching origin/main
2026-09-30T16:43:22-10:00job:github_sync_all | From github.com:RootRecord-Software-Solutions/RootRecord-Database
2026-09-30T16:43:22-10:00job:github_sync_all | * branch              main       -> FETCH_HEAD
2026-09-30T16:43:22-10:00job:github_sync_all | ↑ [database] local is ahead of GitHub
2026-09-30T16:43:22-10:00job:github_sync_all | To github.com:RootRecord-Software-Solutions/RootRecord-Database.git
2026-09-30T16:43:22-10:00job:github_sync_all | 8aa28639..599ad5fc  HEAD -> main
2026-09-30T16:43:22-10:00job:github_sync_all | branch 'main' set up to track 'origin/main'.
2026-09-30T16:43:22-10:00job:github_sync_all | ↑ [database] 9 files → RootRecord-Software-Solutions/RootRecord-Database (main)
2026-09-30T16:43:22-10:00job:github_sync_all | — [library] no local changes
2026-09-30T16:43:22-10:00job:github_sync_all | ↓ [library] fetching origin/main
2026-09-30T16:43:22-10:00job:github_sync_all | From github.com:RootRecord-Software-Solutions/RootRecord-Library
2026-09-30T16:43:22-10:00job:github_sync_all | * branch            main       -> FETCH_HEAD
2026-09-30T16:43:22-10:00job:github_sync_all | — [library] local and GitHub already match
2026-09-30T16:43:22-10:00job:github_sync_all | — [library] nothing to push
2026-09-30T16:43:22-10:00job:github_sync_all | — [skills] no local changes
2026-09-30T16:43:22-10:00job:github_sync_all | ↓ [skills] fetching origin/main
2026-09-30T16:43:22-10:00job:github_sync_all | From github.com:rootrecordsoftwaresolutions/Solar-Pacific-RootRecord-Server
2026-09-30T16:43:22-10:00job:github_sync_all | * branch            main       -> FETCH_HEAD
2026-09-30T16:43:22-10:00job:github_sync_all | — [skills] local and GitHub already match
2026-09-30T16:43:22-10:00job:github_sync_all | — [skills] nothing to push
2026-09-30T16:43:22-10:00job:worklog_scan RUN  bash "/home/rootrecord/RootRecord-Ecosystem/1 - Servers/1 - RootRecord-Pacific-Solar-Server/Reports/scripts/worklog_once.sh"
2026-09-30T16:43:32-10:00job:worklog_scan | OK wrote/updated /home/rootrecord/RootRecord-Ecosystem/2 - RootRecord-Database/Worklog/worklog_current.md
2026-09-30T16:43:32-10:00job:security_camera_frame_grab RUN  bash "/home/rootrecord/RootRecord-Ecosystem/1 - Servers/1 - RootRecord-Pacific-Solar-Server/Security/Cameras/grab_all.sh"
2026-09-30T16:43:49-10:00job:security_camera_frame_grab | 16:43:32  📷  a-eyes  ch1 → ch1-20261001T024332Z.jpg  (521.8 KB, 4.38s)
2026-09-30T16:43:49-10:00job:security_camera_frame_grab | 16:43:36  📷  a-eyes  ch2 → ch2-20261001T024336Z.jpg  (94.8 KB, 4.27s)
2026-09-30T16:43:49-10:00job:security_camera_frame_grab | 16:43:40  📷  a-eyes  ch3 → ch3-20261001T024340Z.jpg  (268.6 KB, 4.48s)
2026-09-30T16:43:49-10:00job:security_camera_frame_grab | 16:43:45  📷  a-eyes  ch4 → ch4-20261001T024345Z.jpg  (117.1 KB, 4.38s)
2026-09-30T16:43:49-10:00job:service_supervisor RUN  bash "/home/rootrecord/RootRecord-Ecosystem/1 - Servers/1 - RootRecord-Pacific-Solar-Server/Automations/scripts/supervise-services.sh"
2026-09-30T16:43:49-10:00job:service_supervisor | [supervisor] weather alive pid=97054 (act)
2026-09-30T16:43:49-10:00job:service_supervisor | [supervisor] relay alive pid=96403 (act)
2026-09-30T16:43:49-10:00job:geology_collect RUN  nice -n 10 python3 "/home/rootrecord/RootRecord-Ecosystem/1 - Servers/1 - RootRecord-Pacific-Solar-Server/Geology/scripts/geology_collect.py" all
2026-09-30T16:43:52-10:00job:geology_collect | {"ok": true, "at": "2026-09-30T16:43:50-10:00", "what": "all", "dry_run": false, "sources": {"hawaii": {"ok": true, "count": 11, "new": 0, "new_m2": 0, "ms": 759}, "global": {"ok": true, "count": 35, "new": 0, "ms": 282}, "hvo_notices": {"ok": true, "count": 44, "new": 0, "ms": 815}, "hvo_status": {"ok": true, "volcanoes": 8, "kilauea": "WATCH", "mauna_loa": "NORMAL", "ms": 612}}}
2026-09-30T16:43:52-10:00job:system_net_sample RUN  nice -n 10 python3 "/home/rootrecord/RootRecord-Ecosystem/1 - Servers/1 - RootRecord-Pacific-Solar-Server/System/scripts/host_desks.py" net-sample
2026-09-30T16:43:52-10:00job:system_net_sample | {"ok": true, "file": "/home/rootrecord/RootRecord-Ecosystem/2 - RootRecord-Database/System/network/Daily/net-20260930.jsonl", "iface": "wlo1", "hour": {"seconds": 3686, "rx": 253504426, "tx": 76411527, "total": 329915953, "iface": "wlo1", "link": "wireless"}, "day": null}
2026-09-30T16:43:52-10:00ENERGY  status=live  B2=22.0%  B1=14.5%  solar=0 W  ac=94 W  usbc=0 W  src=/home/rootrecord/RootRecord-Ecosystem/2 - RootRecord-Database/Energy  LAP=100%/Full/AC
2026-09-30T16:44:03-10:00  ✗  ecoflow_read_cycle  WAITING
2026-09-30T16:44:03-10:00job:sys_stats_cycle RUN  bash "/home/rootrecord/RootRecord-Ecosystem/1 - Servers/1 - RootRecord-Pacific-Solar-Server/System/scripts/sys-sample.sh"
2026-09-30T16:44:04-10:00job:sys_stats_cycle | SYSTEM  cpu=7%  load=1.91  mem=41%  src=sqlite
2026-09-30T16:44:04-10:00job:sys_stats_cycle | OK wrote /home/rootrecord/RootRecord-Ecosystem/2 - RootRecord-Database/System/samples/sys-20260930-164403.json
2026-09-30T16:44:42-10:00job:github_sync_all | ↑ [ecosystem] committed 7 local file(s)
2026-09-30T16:44:42-10:00job:github_sync_all | ↓ [ecosystem] fetching origin/main
2026-09-30T16:44:42-10:00job:github_sync_all | From github.com:RootRecord-Software-Solutions/RootRecord-Ecosystem
2026-09-30T16:44:42-10:00job:github_sync_all | * branch            main       -> FETCH_HEAD
2026-09-30T16:44:42-10:00job:github_sync_all | ↑ [ecosystem] local is ahead of GitHub
2026-09-30T16:44:42-10:00job:github_sync_all | To github.com:RootRecord-Software-Solutions/RootRecord-Ecosystem.git
2026-09-30T16:44:42-10:00job:github_sync_all | e0aba5b..21b9fed  HEAD -> main
2026-09-30T16:44:42-10:00job:github_sync_all | branch 'main' set up to track 'origin/main'.
2026-09-30T16:44:42-10:00job:github_sync_all | ↑ [ecosystem] 7 files → RootRecord-Software-Solutions/RootRecord-Ecosystem (main)
2026-09-30T16:44:42-10:00job:github_sync_all | — [pacific] no local changes
2026-09-30T16:44:42-10:00job:github_sync_all | ↓ [pacific] fetching origin/main
2026-09-30T16:44:42-10:00job:github_sync_all | From github.com:RootRecord-Software-Solutions/RootRecord-Pacific-Solar-Server
2026-09-30T16:44:42-10:00job:github_sync_all | * branch            main       -> FETCH_HEAD
2026-09-30T16:44:42-10:00job:github_sync_all | — [pacific] local and GitHub already match
2026-09-30T16:44:42-10:00job:github_sync_all | — [pacific] nothing to push
2026-09-30T16:44:42-10:00job:github_sync_all | ↑ [database] committed 20 local file(s)
2026-09-30T16:44:42-10:00job:github_sync_all | ↓ [database] fetching origin/main
2026-09-30T16:44:42-10:00job:github_sync_all | From github.com:RootRecord-Software-Solutions/RootRecord-Database
2026-09-30T16:44:42-10:00job:github_sync_all | * branch              main       -> FETCH_HEAD
2026-09-30T16:44:42-10:00job:github_sync_all | ↑ [database] local is ahead of GitHub
2026-09-30T16:44:42-10:00job:github_sync_all | To github.com:RootRecord-Software-Solutions/RootRecord-Database.git
2026-09-30T16:44:42-10:00job:github_sync_all | 599ad5fc..487c0e59  HEAD -> main
2026-09-30T16:44:42-10:00job:github_sync_all | branch 'main' set up to track 'origin/main'.
2026-09-30T16:44:42-10:00job:github_sync_all | ↑ [database] 20 files → RootRecord-Software-Solutions/RootRecord-Database (main)
2026-09-30T16:44:42-10:00job:github_sync_all | — [library] no local changes
2026-09-30T16:44:42-10:00job:github_sync_all | ↓ [library] fetching origin/main
2026-09-30T16:44:42-10:00job:github_sync_all | From github.com:RootRecord-Software-Solutions/RootRecord-Library
2026-09-30T16:44:42-10:00job:github_sync_all | * branch            main       -> FETCH_HEAD
2026-09-30T16:44:42-10:00job:github_sync_all | — [library] local and GitHub already match
2026-09-30T16:44:42-10:00job:github_sync_all | — [library] nothing to push
2026-09-30T16:44:42-10:00job:github_sync_all | — [skills] no local changes
2026-09-30T16:44:42-10:00job:github_sync_all | ↓ [skills] fetching origin/main
2026-09-30T16:44:42-10:00job:github_sync_all | From github.com:rootrecordsoftwaresolutions/Solar-Pacific-RootRecord-Server
2026-09-30T16:44:42-10:00job:github_sync_all | * branch            main       -> FETCH_HEAD
2026-09-30T16:44:42-10:00job:github_sync_all | — [skills] local and GitHub already match
2026-09-30T16:44:42-10:00job:github_sync_all | — [skills] nothing to push
2026-09-30T16:44:42-10:00job:security_camera_frame_grab RUN  bash "/home/rootrecord/RootRecord-Ecosystem/1 - Servers/1 - RootRecord-Pacific-Solar-Server/Security/Cameras/grab_all.sh"
2026-09-30T16:45:00-10:00job:security_camera_frame_grab | 16:44:43  📷  a-eyes  ch1 → ch1-20261001T024443Z.jpg  (542.9 KB, 4.35s)
2026-09-30T16:45:00-10:00job:security_camera_frame_grab | 16:44:47  📷  a-eyes  ch2 → ch2-20261001T024447Z.jpg  (94.5 KB, 4.45s)
2026-09-30T16:45:00-10:00job:security_camera_frame_grab | 16:44:51  📷  a-eyes  ch3 → ch3-20261001T024451Z.jpg  (273.3 KB, 4.37s)
2026-09-30T16:45:00-10:00job:security_camera_frame_grab | 16:44:56  📷  a-eyes  ch4 → ch4-20261001T024456Z.jpg  (119.9 KB, 4.48s)
2026-09-30T16:45:01-10:00ENERGY  status=live  B2=22.0%  B1=14.5%  solar=0 W  ac=94 W  usbc=0 W  src=/home/rootrecord/RootRecord-Ecosystem/2 - RootRecord-Database/Energy  LAP=100%/Full/AC
2026-09-30T16:45:11-10:00  ✗  ecoflow_read_cycle  WAITING
2026-09-30T16:45:11-10:00job:sys_stats_cycle RUN  bash "/home/rootrecord/RootRecord-Ecosystem/1 - Servers/1 - RootRecord-Pacific-Solar-Server/System/scripts/sys-sample.sh"
2026-09-30T16:45:12-10:00job:sys_stats_cycle | SYSTEM  cpu=12%  load=1.86  mem=41%  src=sqlite
2026-09-30T16:45:12-10:00job:sys_stats_cycle | OK wrote /home/rootrecord/RootRecord-Ecosystem/2 - RootRecord-Database/System/samples/sys-20260930-164512.json
2026-09-30T16:45:49-10:00job:github_sync_all | — [ecosystem] no committable local changes
2026-09-30T16:45:49-10:00job:github_sync_all | ↓ [ecosystem] fetching origin/main
2026-09-30T16:45:49-10:00job:github_sync_all | From github.com:RootRecord-Software-Solutions/RootRecord-Ecosystem
2026-09-30T16:45:49-10:00job:github_sync_all | * branch            main       -> FETCH_HEAD
2026-09-30T16:45:49-10:00job:github_sync_all | — [ecosystem] local and GitHub already match
2026-09-30T16:45:49-10:00job:github_sync_all | — [ecosystem] nothing to push
2026-09-30T16:45:49-10:00job:github_sync_all | — [pacific] no local changes
2026-09-30T16:45:49-10:00job:github_sync_all | ↓ [pacific] fetching origin/main
2026-09-30T16:45:49-10:00job:github_sync_all | From github.com:RootRecord-Software-Solutions/RootRecord-Pacific-Solar-Server
2026-09-30T16:45:49-10:00job:github_sync_all | * branch            main       -> FETCH_HEAD
2026-09-30T16:45:49-10:00job:github_sync_all | — [pacific] local and GitHub already match
2026-09-30T16:45:49-10:00job:github_sync_all | — [pacific] nothing to push
2026-09-30T16:45:49-10:00job:github_sync_all | ↑ [database] committed 11 local file(s)
2026-09-30T16:45:49-10:00job:github_sync_all | ↓ [database] fetching origin/main
2026-09-30T16:45:49-10:00job:github_sync_all | From github.com:RootRecord-Software-Solutions/RootRecord-Database
2026-09-30T16:45:49-10:00job:github_sync_all | * branch              main       -> FETCH_HEAD
2026-09-30T16:45:49-10:00job:github_sync_all | ↑ [database] local is ahead of GitHub
2026-09-30T16:45:49-10:00job:github_sync_all | To github.com:RootRecord-Software-Solutions/RootRecord-Database.git
2026-09-30T16:45:49-10:00job:github_sync_all | 487c0e59..0f3d1ea3  HEAD -> main
2026-09-30T16:45:49-10:00job:github_sync_all | branch 'main' set up to track 'origin/main'.
2026-09-30T16:45:49-10:00job:github_sync_all | ↑ [database] 11 files → RootRecord-Software-Solutions/RootRecord-Database (main)
2026-09-30T16:45:49-10:00job:github_sync_all | — [library] no local changes
2026-09-30T16:45:49-10:00job:github_sync_all | ↓ [library] fetching origin/main
2026-09-30T16:45:49-10:00job:github_sync_all | From github.com:RootRecord-Software-Solutions/RootRecord-Library
2026-09-30T16:45:49-10:00job:github_sync_all | * branch            main       -> FETCH_HEAD
2026-09-30T16:45:49-10:00job:github_sync_all | — [library] local and GitHub already match
2026-09-30T16:45:49-10:00job:github_sync_all | — [library] nothing to push
2026-09-30T16:45:49-10:00job:github_sync_all | — [skills] no local changes
2026-09-30T16:45:49-10:00job:github_sync_all | ↓ [skills] fetching origin/main
2026-09-30T16:45:49-10:00job:github_sync_all | From github.com:rootrecordsoftwaresolutions/Solar-Pacific-RootRecord-Server
2026-09-30T16:45:49-10:00job:github_sync_all | * branch            main       -> FETCH_HEAD
2026-09-30T16:45:49-10:00job:github_sync_all | — [skills] local and GitHub already match
2026-09-30T16:45:49-10:00job:github_sync_all | — [skills] nothing to push
2026-09-30T16:45:49-10:00job:worklog_scan RUN  bash "/home/rootrecord/RootRecord-Ecosystem/1 - Servers/1 - RootRecord-Pacific-Solar-Server/Reports/scripts/worklog_once.sh"
2026-09-30T16:45:55-10:00job:worklog_scan | OK wrote/updated /home/rootrecord/RootRecord-Ecosystem/2 - RootRecord-Database/Worklog/worklog_current.md
2026-09-30T16:45:55-10:00job:security_camera_frame_grab RUN  bash "/home/rootrecord/RootRecord-Ecosystem/1 - Servers/1 - RootRecord-Pacific-Solar-Server/Security/Cameras/grab_all.sh"
2026-09-30T16:46:13-10:00job:security_camera_frame_grab | 16:45:55  📷  a-eyes  ch1 → ch1-20261001T024555Z.jpg  (549.4 KB, 4.50s)
2026-09-30T16:46:13-10:00job:security_camera_frame_grab | 16:46:00  📷  a-eyes  ch2 → ch2-20261001T024600Z.jpg  (95.7 KB, 4.34s)
2026-09-30T16:46:13-10:00job:security_camera_frame_grab | 16:46:04  📷  a-eyes  ch3 → ch3-20261001T024604Z.jpg  (275.9 KB, 4.39s)
2026-09-30T16:46:13-10:00job:security_camera_frame_grab | 16:46:08  📷  a-eyes  ch4 → ch4-20261001T024608Z.jpg  (123.7 KB, 4.45s)
2026-09-30T16:46:13-10:00job:voice_energy_report RUN  nice -n 10 python3 "/home/rootrecord/RootRecord-Ecosystem/1 - Servers/1 - RootRecord-Pacific-Solar-Server/Media/Voice/scripts/voice_reports.py" energy_report
2026-09-30T16:46:33-10:00job:voice_energy_report | {"ok": true, "report": "energy_report", "md": "/home/rootrecord/RootRecord-Ecosystem/test-reports/Voice/energy_report_current.md", "sentences": 4, "voice": {"ok": true, "mode": "stitch", "report": "energy_report", "agent": "carly", "voice": "af_nova", "speed": 1.0, "wav": "/home/rootrecord/RootRecord-Ecosystem/2 - RootRecord-Database/Media/Audio/Voice/energy_report_current.wav", "clips_used": 0, "live_sentences": 4, "model_loaded": true, "render_s": 10.13, "sample_rate": 24000, "channels": 1, "subtype": "PCM_16", "duration_s": 14.656, "peak_dbfs": -2.07, "rms_dbfs": -20.3, "lead_silence_ms": 111, "qc": "PASS", "wall_s": 10.19, "peak_rss_mb": 1412, "rc": 0}, "deliver": {"ok": true, "sent": true, "persona": "carly", "chat": "-1004406495175", "message_id": 100, "transcript": true, "report": true, "photo": true, "plan": {"voice": true, "transcript": true, "report": true}}}
2026-09-30T16:46:33-10:00ENERGY  status=live  B2=22.0%  B1=14.5%  solar=0 W  ac=94 W  usbc=0 W  src=/home/rootrecord/RootRecord-Ecosystem/2 - RootRecord-Database/Energy  LAP=100%/Full/AC
2026-09-30T16:46:44-10:00  ✗  ecoflow_read_cycle  WAITING
2026-09-30T16:46:44-10:00job:sys_stats_cycle RUN  bash "/home/rootrecord/RootRecord-Ecosystem/1 - Servers/1 - RootRecord-Pacific-Solar-Server/System/scripts/sys-sample.sh"
2026-09-30T16:46:45-10:00job:sys_stats_cycle | SYSTEM  cpu=13%  load=2.85  mem=40%  src=sqlite
2026-09-30T16:46:45-10:00job:sys_stats_cycle | OK wrote /home/rootrecord/RootRecord-Ecosystem/2 - RootRecord-Database/System/samples/sys-20260930-164644.json
2026-09-30T16:47:25-10:00job:github_sync_all | ↑ [ecosystem] committed 7 local file(s)
2026-09-30T16:47:25-10:00job:github_sync_all | ↓ [ecosystem] fetching origin/main
2026-09-30T16:47:25-10:00job:github_sync_all | From github.com:RootRecord-Software-Solutions/RootRecord-Ecosystem
2026-09-30T16:47:25-10:00job:github_sync_all | * branch            main       -> FETCH_HEAD
2026-09-30T16:47:25-10:00job:github_sync_all | ↑ [ecosystem] local is ahead of GitHub
2026-09-30T16:47:25-10:00job:github_sync_all | To github.com:RootRecord-Software-Solutions/RootRecord-Ecosystem.git
2026-09-30T16:47:25-10:00job:github_sync_all | 21b9fed..916fc42  HEAD -> main
2026-09-30T16:47:25-10:00job:github_sync_all | branch 'main' set up to track 'origin/main'.
2026-09-30T16:47:25-10:00job:github_sync_all | ↑ [ecosystem] 7 files → RootRecord-Software-Solutions/RootRecord-Ecosystem (main)
2026-09-30T16:47:25-10:00job:github_sync_all | — [pacific] no local changes
2026-09-30T16:47:25-10:00job:github_sync_all | ↓ [pacific] fetching origin/main
2026-09-30T16:47:25-10:00job:github_sync_all | From github.com:RootRecord-Software-Solutions/RootRecord-Pacific-Solar-Server
2026-09-30T16:47:25-10:00job:github_sync_all | * branch            main       -> FETCH_HEAD
2026-09-30T16:47:25-10:00job:github_sync_all | — [pacific] local and GitHub already match
2026-09-30T16:47:25-10:00job:github_sync_all | — [pacific] nothing to push
2026-09-30T16:47:25-10:00job:github_sync_all | ↑ [database] committed 14 local file(s)
2026-09-30T16:47:25-10:00job:github_sync_all | ↓ [database] fetching origin/main
2026-09-30T16:47:25-10:00job:github_sync_all | From github.com:RootRecord-Software-Solutions/RootRecord-Database
2026-09-30T16:47:25-10:00job:github_sync_all | * branch              main       -> FETCH_HEAD
2026-09-30T16:47:25-10:00job:github_sync_all | ↑ [database] local is ahead of GitHub
2026-09-30T16:47:25-10:00job:github_sync_all | To github.com:RootRecord-Software-Solutions/RootRecord-Database.git
2026-09-30T16:47:25-10:00job:github_sync_all | 0f3d1ea3..801da84e  HEAD -> main
2026-09-30T16:47:25-10:00job:github_sync_all | branch 'main' set up to track 'origin/main'.
2026-09-30T16:47:25-10:00job:github_sync_all | ↑ [database] 14 files → RootRecord-Software-Solutions/RootRecord-Database (main)
2026-09-30T16:47:25-10:00job:github_sync_all | — [library] no local changes
2026-09-30T16:47:25-10:00job:github_sync_all | ↓ [library] fetching origin/main
2026-09-30T16:47:25-10:00job:github_sync_all | From github.com:RootRecord-Software-Solutions/RootRecord-Library
2026-09-30T16:47:25-10:00job:github_sync_all | * branch            main       -> FETCH_HEAD
2026-09-30T16:47:25-10:00job:github_sync_all | — [library] local and GitHub already match
2026-09-30T16:47:25-10:00job:github_sync_all | — [library] nothing to push
2026-09-30T16:47:25-10:00job:github_sync_all | — [skills] no local changes
2026-09-30T16:47:25-10:00job:github_sync_all | ↓ [skills] fetching origin/main
2026-09-30T16:47:25-10:00job:github_sync_all | From github.com:rootrecordsoftwaresolutions/Solar-Pacific-RootRecord-Server
2026-09-30T16:47:25-10:00job:github_sync_all | * branch            main       -> FETCH_HEAD
2026-09-30T16:47:25-10:00job:github_sync_all | — [skills] local and GitHub already match
2026-09-30T16:47:25-10:00job:github_sync_all | — [skills] nothing to push
2026-09-30T16:47:25-10:00job:worklog_scan RUN  bash "/home/rootrecord/RootRecord-Ecosystem/1 - Servers/1 - RootRecord-Pacific-Solar-Server/Reports/scripts/worklog_once.sh"
2026-09-30T16:47:27-10:00job:worklog_scan | OK wrote/updated /home/rootrecord/RootRecord-Ecosystem/2 - RootRecord-Database/Worklog/worklog_current.md
2026-09-30T16:47:27-10:00job:security_camera_frame_grab RUN  bash "/home/rootrecord/RootRecord-Ecosystem/1 - Servers/1 - RootRecord-Pacific-Solar-Server/Security/Cameras/grab_all.sh"
2026-09-30T16:47:45-10:00job:security_camera_frame_grab | 16:47:27  📷  a-eyes  ch1 → ch1-20261001T024727Z.jpg  (549.4 KB, 4.49s)
2026-09-30T16:47:45-10:00job:security_camera_frame_grab | 16:47:32  📷  a-eyes  ch2 → ch2-20261001T024732Z.jpg  (96.7 KB, 4.48s)
2026-09-30T16:47:45-10:00job:security_camera_frame_grab | 16:47:36  📷  a-eyes  ch3 → ch3-20261001T024736Z.jpg  (275.6 KB, 4.37s)
2026-09-30T16:47:45-10:00job:security_camera_frame_grab | 16:47:41  📷  a-eyes  ch4 → ch4-20261001T024741Z.jpg  (122.0 KB, 4.39s)
2026-09-30T16:47:46-10:00ENERGY  status=live  B2=22.0%  B1=14.5%  solar=0 W  ac=94 W  usbc=0 W  src=/home/rootrecord/RootRecord-Ecosystem/2 - RootRecord-Database/Energy  LAP=100%/Full/AC
2026-09-30T16:48:01-10:00  ▸  SUMMARY=river2pro soc=12.43% solar=0W ac_out=100W usbc=20W src=ble db=ok
2026-09-30T16:48:01-10:00job:sys_stats_cycle RUN  bash "/home/rootrecord/RootRecord-Ecosystem/1 - Servers/1 - RootRecord-Pacific-Solar-Server/System/scripts/sys-sample.sh"
2026-09-30T16:48:02-10:00job:sys_stats_cycle | SYSTEM  cpu=6%  load=1.87  mem=41%  src=sqlite
2026-09-30T16:48:02-10:00job:sys_stats_cycle | OK wrote /home/rootrecord/RootRecord-Ecosystem/2 - RootRecord-Database/System/samples/sys-20260930-164802.json
2026-09-30T16:48:44-10:00job:github_sync_all | ↑ [ecosystem] committed 2 local file(s)
2026-09-30T16:48:44-10:00job:github_sync_all | ↓ [ecosystem] fetching origin/main
2026-09-30T16:48:44-10:00job:github_sync_all | From github.com:RootRecord-Software-Solutions/RootRecord-Ecosystem
2026-09-30T16:48:44-10:00job:github_sync_all | * branch            main       -> FETCH_HEAD
2026-09-30T16:48:44-10:00job:github_sync_all | ↑ [ecosystem] local is ahead of GitHub
2026-09-30T16:48:44-10:00job:github_sync_all | To github.com:RootRecord-Software-Solutions/RootRecord-Ecosystem.git
2026-09-30T16:48:44-10:00job:github_sync_all | 916fc42..6051180  HEAD -> main
2026-09-30T16:48:44-10:00job:github_sync_all | branch 'main' set up to track 'origin/main'.
2026-09-30T16:48:44-10:00job:github_sync_all | ↑ [ecosystem] 2 files → RootRecord-Software-Solutions/RootRecord-Ecosystem (main)
2026-09-30T16:48:44-10:00job:github_sync_all | ↑ [pacific] committed 2 local file(s)
2026-09-30T16:48:44-10:00job:github_sync_all | ↓ [pacific] fetching origin/main
2026-09-30T16:48:44-10:00job:github_sync_all | From github.com:RootRecord-Software-Solutions/RootRecord-Pacific-Solar-Server
2026-09-30T16:48:44-10:00job:github_sync_all | * branch            main       -> FETCH_HEAD
2026-09-30T16:48:44-10:00job:github_sync_all | ↑ [pacific] local is ahead of GitHub
2026-09-30T16:48:44-10:00job:github_sync_all | To github.com:RootRecord-Software-Solutions/RootRecord-Pacific-Solar-Server.git
2026-09-30T16:48:44-10:00job:github_sync_all | 5c72dec..5c48413  HEAD -> main
2026-09-30T16:48:44-10:00job:github_sync_all | branch 'main' set up to track 'origin/main'.
2026-09-30T16:48:44-10:00job:github_sync_all | ↑ [pacific] 2 files → RootRecord-Software-Solutions/RootRecord-Pacific-Solar-Server (main)
2026-09-30T16:48:44-10:00job:github_sync_all | ↑ [database] committed 15 local file(s)
2026-09-30T16:48:44-10:00job:github_sync_all | ↓ [database] fetching origin/main
2026-09-30T16:48:44-10:00job:github_sync_all | From github.com:RootRecord-Software-Solutions/RootRecord-Database
2026-09-30T16:48:44-10:00job:github_sync_all | * branch              main       -> FETCH_HEAD
2026-09-30T16:48:44-10:00job:github_sync_all | ↑ [database] local is ahead of GitHub
2026-09-30T16:48:44-10:00job:github_sync_all | To github.com:RootRecord-Software-Solutions/RootRecord-Database.git
2026-09-30T16:48:44-10:00job:github_sync_all | 801da84e..fd78a277  HEAD -> main
2026-09-30T16:48:44-10:00job:github_sync_all | branch 'main' set up to track 'origin/main'.
2026-09-30T16:48:44-10:00job:github_sync_all | ↑ [database] 15 files → RootRecord-Software-Solutions/RootRecord-Database (main)
2026-09-30T16:48:44-10:00job:github_sync_all | — [library] no local changes
2026-09-30T16:48:44-10:00job:github_sync_all | ↓ [library] fetching origin/main
2026-09-30T16:48:44-10:00job:github_sync_all | From github.com:RootRecord-Software-Solutions/RootRecord-Library
2026-09-30T16:48:44-10:00job:github_sync_all | * branch            main       -> FETCH_HEAD
2026-09-30T16:48:44-10:00job:github_sync_all | — [library] local and GitHub already match
2026-09-30T16:48:44-10:00job:github_sync_all | — [library] nothing to push
2026-09-30T16:48:44-10:00job:github_sync_all | — [skills] no local changes
2026-09-30T16:48:44-10:00job:github_sync_all | ↓ [skills] fetching origin/main
2026-09-30T16:48:44-10:00job:github_sync_all | From github.com:rootrecordsoftwaresolutions/Solar-Pacific-RootRecord-Server
2026-09-30T16:48:44-10:00job:github_sync_all | * branch            main       -> FETCH_HEAD
2026-09-30T16:48:44-10:00job:github_sync_all | — [skills] local and GitHub already match
2026-09-30T16:48:44-10:00job:github_sync_all | — [skills] nothing to push
2026-09-30T16:48:44-10:00job:security_camera_frame_grab RUN  bash "/home/rootrecord/RootRecord-Ecosystem/1 - Servers/1 - RootRecord-Pacific-Solar-Server/Security/Cameras/grab_all.sh"
2026-09-30T16:49:02-10:00job:security_camera_frame_grab | 16:48:44  📷  a-eyes  ch1 → ch1-20261001T024844Z.jpg  (548.2 KB, 4.48s)
2026-09-30T16:49:02-10:00job:security_camera_frame_grab | 16:48:49  📷  a-eyes  ch2 → ch2-20261001T024849Z.jpg  (97.4 KB, 4.36s)
2026-09-30T16:49:02-10:00job:security_camera_frame_grab | 16:48:53  📷  a-eyes  ch3 → ch3-20261001T024853Z.jpg  (270.1 KB, 4.67s)
2026-09-30T16:49:02-10:00job:security_camera_frame_grab | 16:48:58  📷  a-eyes  ch4 → ch4-20261001T024858Z.jpg  (123.1 KB, 4.31s)
2026-09-30T16:49:02-10:00job:service_supervisor RUN  bash "/home/rootrecord/RootRecord-Ecosystem/1 - Servers/1 - RootRecord-Pacific-Solar-Server/Automations/scripts/supervise-services.sh"
2026-09-30T16:49:02-10:00job:service_supervisor | [supervisor] weather alive pid=97054 (act)
2026-09-30T16:49:02-10:00job:service_supervisor | [supervisor] relay alive pid=96403 (act)
2026-09-30T16:49:03-10:00job:geology_collect RUN  nice -n 10 python3 "/home/rootrecord/RootRecord-Ecosystem/1 - Servers/1 - RootRecord-Pacific-Solar-Server/Geology/scripts/geology_collect.py" all
2026-09-30T16:49:09-10:00job:geology_collect | {"ok": true, "at": "2026-09-30T16:49:03-10:00", "what": "all", "dry_run": false, "sources": {"hawaii": {"ok": true, "count": 11, "new": 0, "new_m2": 0, "ms": 1407}, "global": {"ok": true, "count": 35, "new": 0, "ms": 286}, "hvo_notices": {"ok": true, "count": 44, "new": 0, "ms": 3876}, "hvo_status": {"ok": true, "volcanoes": 8, "kilauea": "WATCH", "mauna_loa": "NORMAL", "ms": 608}}}
2026-09-30T16:49:09-10:00job:system_net_sample RUN  nice -n 10 python3 "/home/rootrecord/RootRecord-Ecosystem/1 - Servers/1 - RootRecord-Pacific-Solar-Server/System/scripts/host_desks.py" net-sample
2026-09-30T16:49:09-10:00job:system_net_sample | {"ok": true, "file": "/home/rootrecord/RootRecord-Ecosystem/2 - RootRecord-Database/System/network/Daily/net-20260930.jsonl", "iface": "wlo1", "hour": {"seconds": 3645, "rx": 272755051, "tx": 77975740, "total": 350730791, "iface": "wlo1", "link": "wireless"}, "day": null}
2026-09-30T16:49:09-10:00ENERGY  status=live  B2=22.0%  B1=12.4%  solar=0 W  ac=100 W  usbc=0 W  src=/home/rootrecord/RootRecord-Ecosystem/2 - RootRecord-Database/Energy  LAP=100%/Full/AC
2026-09-30T16:49:24-10:00  ▸  SUMMARY=river2pro soc=11.91% solar=0W ac_out=103W usbc=20W src=ble db=ok
2026-09-30T16:49:24-10:00job:sys_stats_cycle RUN  bash "/home/rootrecord/RootRecord-Ecosystem/1 - Servers/1 - RootRecord-Pacific-Solar-Server/System/scripts/sys-sample.sh"
2026-09-30T16:49:25-10:00job:sys_stats_cycle | SYSTEM  cpu=14%  load=3.86  mem=38%  src=sqlite
2026-09-30T16:49:25-10:00job:sys_stats_cycle | OK wrote /home/rootrecord/RootRecord-Ecosystem/2 - RootRecord-Database/System/samples/sys-20260930-164925.json
2026-09-30T16:50:09-10:00job:github_sync_all | ↑ [ecosystem] committed 8 local file(s)
2026-09-30T16:50:09-10:00job:github_sync_all | ↓ [ecosystem] fetching origin/main
2026-09-30T16:50:09-10:00job:github_sync_all | From github.com:RootRecord-Software-Solutions/RootRecord-Ecosystem
2026-09-30T16:50:09-10:00job:github_sync_all | * branch            main       -> FETCH_HEAD
2026-09-30T16:50:09-10:00job:github_sync_all | ↑ [ecosystem] local is ahead of GitHub
2026-09-30T16:50:09-10:00job:github_sync_all | To github.com:RootRecord-Software-Solutions/RootRecord-Ecosystem.git
2026-09-30T16:50:09-10:00job:github_sync_all | 6051180..966c604  HEAD -> main
2026-09-30T16:50:09-10:00job:github_sync_all | branch 'main' set up to track 'origin/main'.
2026-09-30T16:50:09-10:00job:github_sync_all | ↑ [ecosystem] 8 files → RootRecord-Software-Solutions/RootRecord-Ecosystem (main)
2026-09-30T16:50:09-10:00job:github_sync_all | ↑ [pacific] committed 1 local file(s)
2026-09-30T16:50:09-10:00job:github_sync_all | ↓ [pacific] fetching origin/main
2026-09-30T16:50:09-10:00job:github_sync_all | From github.com:RootRecord-Software-Solutions/RootRecord-Pacific-Solar-Server
2026-09-30T16:50:09-10:00job:github_sync_all | * branch            main       -> FETCH_HEAD
2026-09-30T16:50:09-10:00job:github_sync_all | ↑ [pacific] local is ahead of GitHub
2026-09-30T16:50:09-10:00job:github_sync_all | To github.com:RootRecord-Software-Solutions/RootRecord-Pacific-Solar-Server.git
2026-09-30T16:50:09-10:00job:github_sync_all | 5c48413..33ef740  HEAD -> main
2026-09-30T16:50:09-10:00job:github_sync_all | branch 'main' set up to track 'origin/main'.
2026-09-30T16:50:09-10:00job:github_sync_all | ↑ [pacific] 1 files → RootRecord-Software-Solutions/RootRecord-Pacific-Solar-Server (main)
2026-09-30T16:50:09-10:00job:github_sync_all | ↑ [database] committed 20 local file(s)
2026-09-30T16:50:09-10:00job:github_sync_all | ↓ [database] fetching origin/main
2026-09-30T16:50:09-10:00job:github_sync_all | From github.com:RootRecord-Software-Solutions/RootRecord-Database
2026-09-30T16:50:09-10:00job:github_sync_all | * branch              main       -> FETCH_HEAD
2026-09-30T16:50:09-10:00job:github_sync_all | ↑ [database] local is ahead of GitHub
2026-09-30T16:50:09-10:00job:github_sync_all | To github.com:RootRecord-Software-Solutions/RootRecord-Database.git
2026-09-30T16:50:09-10:00job:github_sync_all | fd78a277..f11c5c45  HEAD -> main
2026-09-30T16:50:09-10:00job:github_sync_all | branch 'main' set up to track 'origin/main'.
2026-09-30T16:50:09-10:00job:github_sync_all | ↑ [database] 20 files → RootRecord-Software-Solutions/RootRecord-Database (main)
2026-09-30T16:50:09-10:00job:github_sync_all | — [library] no local changes
2026-09-30T16:50:09-10:00job:github_sync_all | ↓ [library] fetching origin/main
2026-09-30T16:50:09-10:00job:github_sync_all | From github.com:RootRecord-Software-Solutions/RootRecord-Library
2026-09-30T16:50:09-10:00job:github_sync_all | * branch            main       -> FETCH_HEAD
2026-09-30T16:50:09-10:00job:github_sync_all | — [library] local and GitHub already match
2026-09-30T16:50:09-10:00job:github_sync_all | — [library] nothing to push
2026-09-30T16:50:09-10:00job:github_sync_all | — [skills] no local changes
2026-09-30T16:50:09-10:00job:github_sync_all | ↓ [skills] fetching origin/main
2026-09-30T16:50:09-10:00job:github_sync_all | From github.com:rootrecordsoftwaresolutions/Solar-Pacific-RootRecord-Server
2026-09-30T16:50:09-10:00job:github_sync_all | * branch            main       -> FETCH_HEAD
2026-09-30T16:50:09-10:00job:github_sync_all | — [skills] local and GitHub already match
2026-09-30T16:50:09-10:00job:github_sync_all | — [skills] nothing to push
2026-09-30T16:50:09-10:00job:worklog_scan RUN  bash "/home/rootrecord/RootRecord-Ecosystem/1 - Servers/1 - RootRecord-Pacific-Solar-Server/Reports/scripts/worklog_once.sh"
2026-09-30T16:50:13-10:00job:worklog_scan | OK wrote/updated /home/rootrecord/RootRecord-Ecosystem/2 - RootRecord-Database/Worklog/worklog_current.md
2026-09-30T16:50:13-10:00job:security_camera_frame_grab RUN  bash "/home/rootrecord/RootRecord-Ecosystem/1 - Servers/1 - RootRecord-Pacific-Solar-Server/Security/Cameras/grab_all.sh"
2026-09-30T16:50:32-10:00job:security_camera_frame_grab | 16:50:14  📷  a-eyes  ch1 → ch1-20261001T025014Z.jpg  (540.9 KB, 4.64s)
2026-09-30T16:50:32-10:00job:security_camera_frame_grab | 16:50:18  📷  a-eyes  ch2 → ch2-20261001T025018Z.jpg  (96.8 KB, 4.46s)
2026-09-30T16:50:32-10:00job:security_camera_frame_grab | 16:50:23  📷  a-eyes  ch3 → ch3-20261001T025023Z.jpg  (260.4 KB, 4.39s)
2026-09-30T16:50:32-10:00job:security_camera_frame_grab | 16:50:27  📷  a-eyes  ch4 → ch4-20261001T025027Z.jpg  (124.5 KB, 4.64s)
2026-09-30T16:50:32-10:00ENERGY  status=live  B2=22.0%  B1=11.9%  solar=0 W  ac=103 W  usbc=0 W  src=/home/rootrecord/RootRecord-Ecosystem/2 - RootRecord-Database/Energy  LAP=100%/Full/AC
2026-09-30T16:50:43-10:00  ✗  ecoflow_read_cycle  WAITING
2026-09-30T16:50:43-10:00job:sys_stats_cycle RUN  bash "/home/rootrecord/RootRecord-Ecosystem/1 - Servers/1 - RootRecord-Pacific-Solar-Server/System/scripts/sys-sample.sh"
2026-09-30T16:50:44-10:00job:sys_stats_cycle | SYSTEM  cpu=55%  load=4.72  mem=70%  src=sqlite
2026-09-30T16:50:44-10:00job:sys_stats_cycle | OK wrote /home/rootrecord/RootRecord-Ecosystem/2 - RootRecord-Database/System/samples/sys-20260930-165043.json
2026-09-30T16:51:27-10:00job:github_sync_all | ↑ [ecosystem] committed 1 local file(s)
2026-09-30T16:51:27-10:00job:github_sync_all | ↓ [ecosystem] fetching origin/main
2026-09-30T16:51:27-10:00job:github_sync_all | From github.com:RootRecord-Software-Solutions/RootRecord-Ecosystem
2026-09-30T16:51:27-10:00job:github_sync_all | * branch            main       -> FETCH_HEAD
2026-09-30T16:51:27-10:00job:github_sync_all | ↑ [ecosystem] local is ahead of GitHub
2026-09-30T16:51:27-10:00job:github_sync_all | To github.com:RootRecord-Software-Solutions/RootRecord-Ecosystem.git
2026-09-30T16:51:27-10:00job:github_sync_all | 966c604..b6482b1  HEAD -> main
2026-09-30T16:51:27-10:00job:github_sync_all | branch 'main' set up to track 'origin/main'.
2026-09-30T16:51:27-10:00job:github_sync_all | ↑ [ecosystem] 1 files → RootRecord-Software-Solutions/RootRecord-Ecosystem (main)
2026-09-30T16:51:27-10:00job:github_sync_all | — [pacific] no local changes
2026-09-30T16:51:27-10:00job:github_sync_all | ↓ [pacific] fetching origin/main
2026-09-30T16:51:27-10:00job:github_sync_all | From github.com:RootRecord-Software-Solutions/RootRecord-Pacific-Solar-Server
2026-09-30T16:51:27-10:00job:github_sync_all | * branch            main       -> FETCH_HEAD
2026-09-30T16:51:27-10:00job:github_sync_all | — [pacific] local and GitHub already match
2026-09-30T16:51:27-10:00job:github_sync_all | — [pacific] nothing to push
2026-09-30T16:51:27-10:00job:github_sync_all | ↑ [database] committed 15 local file(s)
2026-09-30T16:51:27-10:00job:github_sync_all | ↓ [database] fetching origin/main
2026-09-30T16:51:27-10:00job:github_sync_all | From github.com:RootRecord-Software-Solutions/RootRecord-Database
2026-09-30T16:51:27-10:00job:github_sync_all | * branch              main       -> FETCH_HEAD
2026-09-30T16:51:27-10:00job:github_sync_all | ↑ [database] local is ahead of GitHub
2026-09-30T16:51:27-10:00job:github_sync_all | To github.com:RootRecord-Software-Solutions/RootRecord-Database.git
2026-09-30T16:51:27-10:00job:github_sync_all | f11c5c45..07996b86  HEAD -> main
2026-09-30T16:51:27-10:00job:github_sync_all | branch 'main' set up to track 'origin/main'.
2026-09-30T16:51:27-10:00job:github_sync_all | ↑ [database] 15 files → RootRecord-Software-Solutions/RootRecord-Database (main)
2026-09-30T16:51:27-10:00job:github_sync_all | — [library] no local changes
2026-09-30T16:51:27-10:00job:github_sync_all | ↓ [library] fetching origin/main
2026-09-30T16:51:27-10:00job:github_sync_all | From github.com:RootRecord-Software-Solutions/RootRecord-Library
2026-09-30T16:51:27-10:00job:github_sync_all | * branch            main       -> FETCH_HEAD
2026-09-30T16:51:27-10:00job:github_sync_all | — [library] local and GitHub already match
2026-09-30T16:51:27-10:00job:github_sync_all | — [library] nothing to push
2026-09-30T16:51:27-10:00job:github_sync_all | — [skills] no local changes
2026-09-30T16:51:27-10:00job:github_sync_all | ↓ [skills] fetching origin/main
2026-09-30T16:51:27-10:00job:github_sync_all | From github.com:rootrecordsoftwaresolutions/Solar-Pacific-RootRecord-Server
2026-09-30T16:51:27-10:00job:github_sync_all | * branch            main       -> FETCH_HEAD
2026-09-30T16:51:27-10:00job:github_sync_all | — [skills] local and GitHub already match
2026-09-30T16:51:27-10:00job:github_sync_all | — [skills] nothing to push
2026-09-30T16:51:27-10:00job:security_camera_frame_grab RUN  bash "/home/rootrecord/RootRecord-Ecosystem/1 - Servers/1 - RootRecord-Pacific-Solar-Server/Security/Cameras/grab_all.sh"
2026-09-30T16:51:41-10:00tunnel timeout — reconnecting
2026-09-30T16:51:41-10:00tunnel timeout — reconnecting
2026-09-30T16:51:41-10:00tunnel timeout — reconnecting
2026-09-30T16:51:41-10:00tunnel timeout — reconnecting
2026-09-30T16:51:41-10:00tunnel timeout — reconnecting
2026-09-30T16:51:41-10:00tunnel timeout — reconnecting
2026-09-30T16:51:41-10:00tunnel timeout — reconnecting
2026-09-30T16:51:46-10:00tunnel timeout — reconnecting
2026-09-30T16:51:54-10:00tunnel timeout — reconnecting
2026-09-30T16:51:57-10:00cloudflared ERR: 2026-10-01T02:51:57Z ERR Failed to dial a quic connection error="failed to dial to edge with quic: write udp [::]:35933-
2026-09-30T16:51:57-10:00cloudflared ERR: 2026-10-01T02:51:57Z ERR Failed to dial a quic connection error="failed to dial to edge with quic: write udp [::]:48991-
2026-09-30T16:51:57-10:00cloudflared ERR: 2026-10-01T02:51:57Z ERR Failed to dial a quic connection error="failed to dial to edge with quic: write udp [::]:49681-
2026-09-30T16:51:58-10:00tunnel connection terminated
2026-09-30T16:51:59-10:00cloudflared ERR: 2026-10-01T02:51:59Z ERR Failed to dial a quic connection error="failed to dial to edge with quic: write udp [::]:39565-
2026-09-30T16:52:01-10:00tunnel connection terminated
2026-09-30T16:52:01-10:00tunnel connection terminated
2026-09-30T16:52:02-10:00job:security_camera_frame_grab | 16:51:27  📷  a-eyes  ch1 → ch1-20261001T025127Z.jpg  (534.6 KB, 4.54s)
2026-09-30T16:52:02-10:00job:security_camera_frame_grab | 16:51:31  ✗  a-eyes  ch2 FAILED: Command '['ffmpeg', '-y', '-hide_banner', '-loglevel', 'error', '-rtsp_transport', 'tcp', '-i', 'rtsp://admin:root@1512799@192.168.1.33:554/user=admin
2026-09-30T16:52:02-10:00job:security_camera_frame_grab | a-eyes: ch2 grab failed
2026-09-30T16:52:02-10:00job:security_camera_frame_grab | 16:52:01  ✗  a-eyes  ch3 FAILED: [tcp @ 0x59c37b073940] Connection to tcp://192.168.1.33:554?timeout=0 failed: Network is unreachable
2026-09-30T16:52:02-10:00job:security_camera_frame_grab | [in#0 @ 0x59c37b070c40] Error opening input: Netw
2026-09-30T16:52:02-10:00job:security_camera_frame_grab | a-eyes: ch3 grab failed
2026-09-30T16:52:02-10:00job:security_camera_frame_grab | 16:52:01  ✗  a-eyes  ch4 FAILED: [tcp @ 0x61a709601940] Connection to tcp://192.168.1.33:554?timeout=0 failed: Network is unreachable
2026-09-30T16:52:02-10:00job:security_camera_frame_grab | [in#0 @ 0x61a7095fec40] Error opening input: Netw
2026-09-30T16:52:02-10:00job:security_camera_frame_grab | a-eyes: ch4 grab failed
2026-09-30T16:52:02-10:00internet DOWN — net services waiting (retry ~60s)
2026-09-30T16:52:02-10:00ENERGY  status=live  B2=22.0%  B1=11.9%  solar=0 W  ac=103 W  usbc=0 W  src=/home/rootrecord/RootRecord-Ecosystem/2 - RootRecord-Database/Energy  LAP=100%/Discharging/batt
2026-09-30T16:52:12-10:00cloudflared ERR: 2026-10-01T02:52:12Z ERR Failed to dial a quic connection error="failed to dial to edge with quic: write udp [::]:39565-
2026-09-30T16:52:13-10:00  ✗  ecoflow_read_cycle  WAITING
2026-09-30T16:52:13-10:00job:sys_stats_cycle RUN  bash "/home/rootrecord/RootRecord-Ecosystem/1 - Servers/1 - RootRecord-Pacific-Solar-Server/System/scripts/sys-sample.sh"
2026-09-30T16:52:15-10:00job:sys_stats_cycle | SYSTEM  cpu=65%  load=5.24  mem=67%  src=sqlite
2026-09-30T16:52:15-10:00job:sys_stats_cycle | OK wrote /home/rootrecord/RootRecord-Ecosystem/2 - RootRecord-Database/System/samples/sys-20260930-165213.json
2026-09-30T16:52:15-10:00job:github_sync_all SKIP — offline (will retry when internet is up)
2026-09-30T16:52:15-10:00job:worklog_scan RUN  bash "/home/rootrecord/RootRecord-Ecosystem/1 - Servers/1 - RootRecord-Pacific-Solar-Server/Reports/scripts/worklog_once.sh"
2026-09-30T16:52:22-10:00cloudflared ERR: 2026-10-01T02:52:22Z ERR Failed to dial a quic connection error="failed to dial to edge with quic: write udp [::]:49681-
2026-09-30T16:52:22-10:00cloudflared ERR: 2026-10-01T02:52:22Z ERR Failed to dial a quic connection error="failed to dial to edge with quic: write udp [::]:35933-
2026-09-30T16:52:22-10:00cloudflared ERR: 2026-10-01T02:52:22Z ERR Failed to dial a quic connection error="failed to dial to edge with quic: write udp [::]:48991-
2026-09-30T16:52:26-10:00tunnel connection terminated
2026-09-30T16:52:27-10:00tunnel connection terminated
2026-09-30T16:52:28-10:00tunnel connection terminated
2026-09-30T16:52:30-10:00job:worklog_scan | OK wrote/updated /home/rootrecord/RootRecord-Ecosystem/2 - RootRecord-Database/Worklog/worklog_current.md
2026-09-30T16:52:30-10:00job:security_camera_frame_grab RUN  bash "/home/rootrecord/RootRecord-Ecosystem/1 - Servers/1 - RootRecord-Pacific-Solar-Server/Security/Cameras/grab_all.sh"
2026-09-30T16:52:31-10:00job:security_camera_frame_grab | 16:52:30  ✗  a-eyes  ch1 FAILED: [tcp @ 0x5bf22458c940] Connection to tcp://192.168.1.33:554?timeout=0 failed: Network is unreachable
2026-09-30T16:52:31-10:00job:security_camera_frame_grab | [in#0 @ 0x5bf224589c40] Error opening input: Netw
2026-09-30T16:52:31-10:00job:security_camera_frame_grab | a-eyes: ch1 grab failed
2026-09-30T16:52:31-10:00job:security_camera_frame_grab | 16:52:30  ✗  a-eyes  ch2 FAILED: [tcp @ 0x5ddf0efc1940] Connection to tcp://192.168.1.33:554?timeout=0 failed: Network is unreachable
2026-09-30T16:52:31-10:00job:security_camera_frame_grab | [in#0 @ 0x5ddf0efbec40] Error opening input: Netw
2026-09-30T16:52:31-10:00job:security_camera_frame_grab | a-eyes: ch2 grab failed
2026-09-30T16:52:31-10:00job:security_camera_frame_grab | 16:52:31  ✗  a-eyes  ch3 FAILED: [tcp @ 0x599eddf6c940] Connection to tcp://192.168.1.33:554?timeout=0 failed: Network is unreachable
2026-09-30T16:52:31-10:00job:security_camera_frame_grab | [in#0 @ 0x599eddf69c40] Error opening input: Netw
2026-09-30T16:52:31-10:00job:security_camera_frame_grab | a-eyes: ch3 grab failed
2026-09-30T16:52:31-10:00job:security_camera_frame_grab | 16:52:31  ✗  a-eyes  ch4 FAILED: [tcp @ 0x55c59167b940] Connection to tcp://192.168.1.33:554?timeout=0 failed: Network is unreachable
2026-09-30T16:52:31-10:00job:security_camera_frame_grab | [in#0 @ 0x55c591678c40] Error opening input: Netw
2026-09-30T16:52:31-10:00job:security_camera_frame_grab | a-eyes: ch4 grab failed
2026-09-30T16:52:31-10:00job:voice_nws_weather RUN  nice -n 10 python3 "/home/rootrecord/RootRecord-Ecosystem/1 - Servers/1 - RootRecord-Pacific-Solar-Server/Media/Voice/scripts/voice_reports.py" nws_weather
2026-09-30T16:52:32-10:00cloudflared ERR: 2026-10-01T02:52:32Z ERR Failed to dial a quic connection error="failed to dial to edge with quic: write udp [::]:39565-
2026-09-30T16:52:36-10:00tunnel DNS/edge discovery failed — check internet + resolver (try 1.1.1.1)
2026-09-30T16:52:48-10:00cloudflared ERR: 2026-10-01T02:52:48Z ERR Failed to dial a quic connection error="failed to dial to edge with quic: write udp [::]:39565-
2026-09-30T16:53:02-10:00cloudflared ERR: 2026-10-01T02:53:02Z ERR Failed to dial a quic connection error="failed to dial to edge with quic: write udp [::]:39565-
2026-09-30T16:53:04-10:00job:voice_nws_weather | {"ok": true, "report": "nws_weather", "md": "/home/rootrecord/RootRecord-Ecosystem/test-reports/Voice/nws_weather_current.md", "sentences": 4, "voice": {"ok": true, "mode": "stitch", "report": "nws_weather", "agent": "ava", "voice": "af_heart", "speed": 1.0, "wav": "/home/rootrecord/RootRecord-Ecosystem/2 - RootRecord-Database/Media/Audio/Voice/nws_weather_current.wav", "clips_used": 0, "live_sentences": 7, "model_loaded": true, "render_s": 30.4, "sample_rate": 24000, "channels": 1, "subtype": "PCM_16", "duration_s": 17.505, "peak_dbfs": -1.5, "rms_dbfs": -20.56, "lead_silence_ms": 115, "qc": "PASS", "wall_s": 30.92, "peak_rss_mb": 1461, "rc": 0}, "deliver": {"ok": true, "sent": false, "detail": "unchanged"}}
2026-09-30T16:53:04-10:00internet DOWN — net services waiting (retry ~60s)
2026-09-30T16:53:04-10:00ENERGY  status=live  B2=22.0%  B1=11.9%  solar=0 W  ac=103 W  usbc=0 W  src=/home/rootrecord/RootRecord-Ecosystem/2 - RootRecord-Database/Energy  LAP=100%/Discharging/batt
2026-09-30T16:53:06-10:00cloudflared ERR: 2026-10-01T02:53:06Z ERR Failed to dial a quic connection error="failed to dial to edge with quic: write udp [::]:39565-
2026-09-30T16:53:15-10:00  ✗  ecoflow_read_cycle  WAITING
2026-09-30T16:53:15-10:00job:sys_stats_cycle RUN  bash "/home/rootrecord/RootRecord-Ecosystem/1 - Servers/1 - RootRecord-Pacific-Solar-Server/System/scripts/sys-sample.sh"
2026-09-30T16:53:16-10:00job:sys_stats_cycle | SYSTEM  cpu=16%  load=7.68  mem=31%  src=sqlite
2026-09-30T16:53:16-10:00job:sys_stats_cycle | OK wrote /home/rootrecord/RootRecord-Ecosystem/2 - RootRecord-Database/System/samples/sys-20260930-165315.json
2026-09-30T16:53:16-10:00job:github_sync_all SKIP — offline (will retry when internet is up)
2026-09-30T16:53:16-10:00job:security_camera_frame_grab RUN  bash "/home/rootrecord/RootRecord-Ecosystem/1 - Servers/1 - RootRecord-Pacific-Solar-Server/Security/Cameras/grab_all.sh"
2026-09-30T16:53:16-10:00job:security_camera_frame_grab | 16:53:16  ✗  a-eyes  ch1 FAILED: [tcp @ 0x644817b5a940] Connection to tcp://192.168.1.33:554?timeout=0 failed: Network is unreachable
2026-09-30T16:53:16-10:00job:security_camera_frame_grab | [in#0 @ 0x644817b57c40] Error opening input: Netw
2026-09-30T16:53:16-10:00job:security_camera_frame_grab | a-eyes: ch1 grab failed
2026-09-30T16:53:16-10:00job:security_camera_frame_grab | 16:53:16  ✗  a-eyes  ch2 FAILED: [tcp @ 0x5c721d7d9940] Connection to tcp://192.168.1.33:554?timeout=0 failed: Network is unreachable
2026-09-30T16:53:16-10:00job:security_camera_frame_grab | [in#0 @ 0x5c721d7d6c40] Error opening input: Netw
2026-09-30T16:53:16-10:00job:security_camera_frame_grab | a-eyes: ch2 grab failed
2026-09-30T16:53:16-10:00job:security_camera_frame_grab | 16:53:16  ✗  a-eyes  ch3 FAILED: [tcp @ 0x5e0ba91f8940] Connection to tcp://192.168.1.33:554?timeout=0 failed: Network is unreachable
2026-09-30T16:53:16-10:00job:security_camera_frame_grab | [in#0 @ 0x5e0ba91f5c40] Error opening input: Netw
2026-09-30T16:53:16-10:00job:security_camera_frame_grab | a-eyes: ch3 grab failed
2026-09-30T16:53:16-10:00job:security_camera_frame_grab | 16:53:16  ✗  a-eyes  ch4 FAILED: [tcp @ 0x5dce6026b940] Connection to tcp://192.168.1.33:554?timeout=0 failed: Network is unreachable
2026-09-30T16:53:16-10:00job:security_camera_frame_grab | [in#0 @ 0x5dce60268c40] Error opening input: Netw
2026-09-30T16:53:16-10:00job:security_camera_frame_grab | a-eyes: ch4 grab failed
2026-09-30T16:53:16-10:00job:service_supervisor RUN  bash "/home/rootrecord/RootRecord-Ecosystem/1 - Servers/1 - RootRecord-Pacific-Solar-Server/Automations/scripts/supervise-services.sh"
2026-09-30T16:53:16-10:00job:service_supervisor | [supervisor] weather alive pid=97054 (act)
2026-09-30T16:53:16-10:00job:service_supervisor | [supervisor] relay alive pid=96403 (act)
2026-09-30T16:53:16-10:00job:geology_collect SKIP — offline (will retry when internet is up)
2026-09-30T16:53:16-10:00job:system_net_sample RUN  nice -n 10 python3 "/home/rootrecord/RootRecord-Ecosystem/1 - Servers/1 - RootRecord-Pacific-Solar-Server/System/scripts/host_desks.py" net-sample
2026-09-30T16:53:17-10:00job:system_net_sample | {"ok": true, "file": "/home/rootrecord/RootRecord-Ecosystem/2 - RootRecord-Database/System/network/Daily/net-20260930.jsonl", "iface": "wlo1", "hour": {"seconds": 3892, "rx": 277851224, "tx": 81975598, "total": 359826822, "iface": "wlo1", "link": "wireless"}, "day": null}
2026-09-30T16:53:17-10:00job:sys_stats_cycle RUN  bash "/home/rootrecord/RootRecord-Ecosystem/1 - Servers/1 - RootRecord-Pacific-Solar-Server/System/scripts/sys-sample.sh"
2026-09-30T16:53:18-10:00job:sys_stats_cycle | SYSTEM  cpu=15%  load=7.38  mem=31%  src=sqlite
2026-09-30T16:53:18-10:00job:sys_stats_cycle | OK wrote /home/rootrecord/RootRecord-Ecosystem/2 - RootRecord-Database/System/samples/sys-20260930-165317.json
2026-09-30T16:53:18-10:00job:github_sync_all SKIP — offline (will retry when internet is up)
2026-09-30T16:53:18-10:00job:security_camera_frame_grab RUN  bash "/home/rootrecord/RootRecord-Ecosystem/1 - Servers/1 - RootRecord-Pacific-Solar-Server/Security/Cameras/grab_all.sh"
2026-09-30T16:53:19-10:00job:security_camera_frame_grab | 16:53:18  ✗  a-eyes  ch1 FAILED: [tcp @ 0x5e6829aae940] Connection to tcp://192.168.1.33:554?timeout=0 failed: Network is unreachable
2026-09-30T16:53:19-10:00job:security_camera_frame_grab | [in#0 @ 0x5e6829aabc40] Error opening input: Netw
2026-09-30T16:53:19-10:00job:security_camera_frame_grab | a-eyes: ch1 grab failed
2026-09-30T16:53:19-10:00job:security_camera_frame_grab | 16:53:19  ✗  a-eyes  ch2 FAILED: [tcp @ 0x5e280f21f940] Connection to tcp://192.168.1.33:554?timeout=0 failed: Network is unreachable
2026-09-30T16:53:19-10:00job:security_camera_frame_grab | [in#0 @ 0x5e280f21cc40] Error opening input: Netw
2026-09-30T16:53:19-10:00job:security_camera_frame_grab | a-eyes: ch2 grab failed
2026-09-30T16:53:19-10:00job:security_camera_frame_grab | 16:53:19  ✗  a-eyes  ch3 FAILED: [tcp @ 0x5558ee28a940] Connection to tcp://192.168.1.33:554?timeout=0 failed: Network is unreachable
2026-09-30T16:53:19-10:00job:security_camera_frame_grab | [in#0 @ 0x5558ee287c40] Error opening input: Netw
2026-09-30T16:53:19-10:00job:security_camera_frame_grab | a-eyes: ch3 grab failed
2026-09-30T16:53:19-10:00job:security_camera_frame_grab | 16:53:19  ✗  a-eyes  ch4 FAILED: [tcp @ 0x5b20cbc40940] Connection to tcp://192.168.1.33:554?timeout=0 failed: Network is unreachable
2026-09-30T16:53:19-10:00job:security_camera_frame_grab | [in#0 @ 0x5b20cbc3dc40] Error opening input: Netw
2026-09-30T16:53:19-10:00job:security_camera_frame_grab | a-eyes: ch4 grab failed
2026-09-30T16:53:30-10:00  ✗  ecoflow_read_cycle  WAITING
2026-09-30T16:53:30-10:00job:security_camera_frame_grab RUN  bash "/home/rootrecord/RootRecord-Ecosystem/1 - Servers/1 - RootRecord-Pacific-Solar-Server/Security/Cameras/grab_all.sh"
2026-09-30T16:53:30-10:00job:security_camera_frame_grab | 16:53:30  ✗  a-eyes  ch1 FAILED: [tcp @ 0x5ede00651940] Connection to tcp://192.168.1.33:554?timeout=0 failed: Network is unreachable
2026-09-30T16:53:30-10:00job:security_camera_frame_grab | [in#0 @ 0x5ede0064ec40] Error opening input: Netw
2026-09-30T16:53:30-10:00job:security_camera_frame_grab | a-eyes: ch1 grab failed
2026-09-30T16:53:30-10:00job:security_camera_frame_grab | 16:53:30  ✗  a-eyes  ch2 FAILED: [tcp @ 0x5b3e0b48d940] Connection to tcp://192.168.1.33:554?timeout=0 failed: Network is unreachable
2026-09-30T16:53:30-10:00job:security_camera_frame_grab | [in#0 @ 0x5b3e0b48ac40] Error opening input: Netw
2026-09-30T16:53:30-10:00job:security_camera_frame_grab | a-eyes: ch2 grab failed
2026-09-30T16:53:30-10:00job:security_camera_frame_grab | 16:53:30  ✗  a-eyes  ch3 FAILED: [tcp @ 0x62b6b92e7940] Connection to tcp://192.168.1.33:554?timeout=0 failed: Network is unreachable
2026-09-30T16:53:30-10:00job:security_camera_frame_grab | [in#0 @ 0x62b6b92e4c40] Error opening input: Netw
2026-09-30T16:53:30-10:00job:security_camera_frame_grab | a-eyes: ch3 grab failed
2026-09-30T16:53:30-10:00job:security_camera_frame_grab | 16:53:30  ✗  a-eyes  ch4 FAILED: [tcp @ 0x630b3b767940] Connection to tcp://192.168.1.33:554?timeout=0 failed: Network is unreachable
2026-09-30T16:53:30-10:00job:security_camera_frame_grab | [in#0 @ 0x630b3b764c40] Error opening input: Netw
2026-09-30T16:53:30-10:00job:security_camera_frame_grab | a-eyes: ch4 grab failed
2026-09-30T16:53:31-10:00job:sys_stats_cycle RUN  bash "/home/rootrecord/RootRecord-Ecosystem/1 - Servers/1 - RootRecord-Pacific-Solar-Server/System/scripts/sys-sample.sh"
2026-09-30T16:53:32-10:00job:sys_stats_cycle | SYSTEM  cpu=23%  load=6.20  mem=31%  src=sqlite
2026-09-30T16:53:32-10:00job:sys_stats_cycle | OK wrote /home/rootrecord/RootRecord-Ecosystem/2 - RootRecord-Database/System/samples/sys-20260930-165331.json
2026-09-30T16:53:32-10:00job:github_sync_all SKIP — offline (will retry when internet is up)
2026-09-30T16:53:32-10:00job:security_camera_frame_grab RUN  bash "/home/rootrecord/RootRecord-Ecosystem/1 - Servers/1 - RootRecord-Pacific-Solar-Server/Security/Cameras/grab_all.sh"
2026-09-30T16:53:32-10:00job:security_camera_frame_grab | 16:53:32  ✗  a-eyes  ch1 FAILED: [tcp @ 0x64bd73c1c940] Connection to tcp://192.168.1.33:554?timeout=0 failed: Network is unreachable
2026-09-30T16:53:32-10:00job:security_camera_frame_grab | [in#0 @ 0x64bd73c19c40] Error opening input: Netw
2026-09-30T16:53:32-10:00job:security_camera_frame_grab | a-eyes: ch1 grab failed
2026-09-30T16:53:32-10:00job:security_camera_frame_grab | 16:53:32  ✗  a-eyes  ch2 FAILED: [tcp @ 0x5fe355825940] Connection to tcp://192.168.1.33:554?timeout=0 failed: Network is unreachable
2026-09-30T16:53:32-10:00job:security_camera_frame_grab | [in#0 @ 0x5fe355822c40] Error opening input: Netw
2026-09-30T16:53:32-10:00job:security_camera_frame_grab | a-eyes: ch2 grab failed
2026-09-30T16:53:32-10:00job:security_camera_frame_grab | 16:53:32  ✗  a-eyes  ch3 FAILED: [tcp @ 0x5fd1907b0940] Connection to tcp://192.168.1.33:554?timeout=0 failed: Network is unreachable
2026-09-30T16:53:32-10:00job:security_camera_frame_grab | [in#0 @ 0x5fd1907adc40] Error opening input: Netw
2026-09-30T16:53:32-10:00job:security_camera_frame_grab | a-eyes: ch3 grab failed
2026-09-30T16:53:32-10:00job:security_camera_frame_grab | 16:53:32  ✗  a-eyes  ch4 FAILED: [tcp @ 0x5eb8b9a1c940] Connection to tcp://192.168.1.33:554?timeout=0 failed: Network is unreachable
2026-09-30T16:53:32-10:00job:security_camera_frame_grab | [in#0 @ 0x5eb8b9a19c40] Error opening input: Netw
2026-09-30T16:53:32-10:00job:security_camera_frame_grab | a-eyes: ch4 grab failed
2026-09-30T16:53:33-10:00job:worklog_scan RUN  bash "/home/rootrecord/RootRecord-Ecosystem/1 - Servers/1 - RootRecord-Pacific-Solar-Server/Reports/scripts/worklog_once.sh"
2026-09-30T16:53:34-10:00cloudflared ERR: 2026-10-01T02:53:34Z ERR Failed to dial a quic connection error="failed to dial to edge with quic: write udp [::]:39565-
2026-09-30T16:53:36-10:00cloudflared ERR: 2026-10-01T02:53:36Z ERR Failed to dial a quic connection error="failed to dial to edge with quic: write udp [::]:48991-
2026-09-30T16:53:36-10:00cloudflared ERR: 2026-10-01T02:53:36Z ERR Failed to dial a quic connection error="failed to dial to edge with quic: write udp [::]:49681-
2026-09-30T16:53:36-10:00cloudflared ERR: 2026-10-01T02:53:36Z ERR Failed to dial a quic connection error="failed to dial to edge with quic: write udp [::]:35933-
2026-09-30T16:53:38-10:00job:worklog_scan | OK wrote/updated /home/rootrecord/RootRecord-Ecosystem/2 - RootRecord-Database/Worklog/worklog_current.md
2026-09-30T16:53:38-10:00job:security_camera_frame_grab RUN  bash "/home/rootrecord/RootRecord-Ecosystem/1 - Servers/1 - RootRecord-Pacific-Solar-Server/Security/Cameras/grab_all.sh"
2026-09-30T16:53:38-10:00job:security_camera_frame_grab | 16:53:38  ✗  a-eyes  ch1 FAILED: [tcp @ 0x6437b33e9940] Connection to tcp://192.168.1.33:554?timeout=0 failed: Network is unreachable
2026-09-30T16:53:38-10:00job:security_camera_frame_grab | [in#0 @ 0x6437b33e6c40] Error opening input: Netw
2026-09-30T16:53:38-10:00job:security_camera_frame_grab | a-eyes: ch1 grab failed
2026-09-30T16:53:38-10:00job:security_camera_frame_grab | 16:53:38  ✗  a-eyes  ch2 FAILED: [tcp @ 0x599874287940] Connection to tcp://192.168.1.33:554?timeout=0 failed: Network is unreachable
2026-09-30T16:53:38-10:00job:security_camera_frame_grab | [in#0 @ 0x599874284c40] Error opening input: Netw
2026-09-30T16:53:38-10:00job:security_camera_frame_grab | a-eyes: ch2 grab failed
2026-09-30T16:53:38-10:00job:security_camera_frame_grab | 16:53:38  ✗  a-eyes  ch3 FAILED: [tcp @ 0x619932a4a940] Connection to tcp://192.168.1.33:554?timeout=0 failed: Network is unreachable
2026-09-30T16:53:38-10:00job:security_camera_frame_grab | [in#0 @ 0x619932a47c40] Error opening input: Netw
2026-09-30T16:53:38-10:00job:security_camera_frame_grab | a-eyes: ch3 grab failed
2026-09-30T16:53:38-10:00job:security_camera_frame_grab | 16:53:38  ✗  a-eyes  ch4 FAILED: [tcp @ 0x5b91563b5940] Connection to tcp://192.168.1.33:554?timeout=0 failed: Network is unreachable
2026-09-30T16:53:38-10:00job:security_camera_frame_grab | [in#0 @ 0x5b91563b2c40] Error opening input: Netw
2026-09-30T16:53:38-10:00job:security_camera_frame_grab | a-eyes: ch4 grab failed
2026-09-30T16:53:41-10:00tunnel connection terminated
2026-09-30T16:53:47-10:00tunnel connection terminated
2026-09-30T16:53:47-10:00cloudflared ERR: 2026-10-01T02:53:47Z ERR Failed to dial a quic connection error="failed to dial to edge with quic: write udp [::]:39565-
2026-09-30T16:53:49-10:00  ✗  ecoflow_read_cycle  WAITING
2026-09-30T16:53:49-10:00job:sys_stats_cycle RUN  bash "/home/rootrecord/RootRecord-Ecosystem/1 - Servers/1 - RootRecord-Pacific-Solar-Server/System/scripts/sys-sample.sh"
2026-09-30T16:53:50-10:00job:sys_stats_cycle | SYSTEM  cpu=12%  load=5.62  mem=32%  src=sqlite
2026-09-30T16:53:50-10:00job:sys_stats_cycle | OK wrote /home/rootrecord/RootRecord-Ecosystem/2 - RootRecord-Database/System/samples/sys-20260930-165350.json
2026-09-30T16:53:50-10:00job:github_sync_all SKIP — offline (will retry when internet is up)
2026-09-30T16:53:50-10:00job:security_camera_frame_grab RUN  bash "/home/rootrecord/RootRecord-Ecosystem/1 - Servers/1 - RootRecord-Pacific-Solar-Server/Security/Cameras/grab_all.sh"
2026-09-30T16:53:51-10:00job:security_camera_frame_grab | 16:53:51  ✗  a-eyes  ch1 FAILED: [tcp @ 0x5e9a27e42940] Connection to tcp://192.168.1.33:554?timeout=0 failed: Network is unreachable
2026-09-30T16:53:51-10:00job:security_camera_frame_grab | [in#0 @ 0x5e9a27e3fc40] Error opening input: Netw
2026-09-30T16:53:51-10:00job:security_camera_frame_grab | a-eyes: ch1 grab failed
2026-09-30T16:53:51-10:00job:security_camera_frame_grab | 16:53:51  ✗  a-eyes  ch2 FAILED: [tcp @ 0x64fb22420940] Connection to tcp://192.168.1.33:554?timeout=0 failed: Network is unreachable
2026-09-30T16:53:51-10:00job:security_camera_frame_grab | [in#0 @ 0x64fb2241dc40] Error opening input: Netw
2026-09-30T16:53:51-10:00job:security_camera_frame_grab | a-eyes: ch2 grab failed
2026-09-30T16:53:51-10:00job:security_camera_frame_grab | 16:53:51  ✗  a-eyes  ch3 FAILED: [tcp @ 0x559ca97ba940] Connection to tcp://192.168.1.33:554?timeout=0 failed: Network is unreachable
2026-09-30T16:53:51-10:00job:security_camera_frame_grab | [in#0 @ 0x559ca97b7c40] Error opening input: Netw
2026-09-30T16:53:51-10:00job:security_camera_frame_grab | a-eyes: ch3 grab failed
2026-09-30T16:53:51-10:00job:security_camera_frame_grab | 16:53:51  ✗  a-eyes  ch4 FAILED: [tcp @ 0x6303655c3940] Connection to tcp://192.168.1.33:554?timeout=0 failed: Network is unreachable
2026-09-30T16:53:51-10:00job:security_camera_frame_grab | [in#0 @ 0x6303655c0c40] Error opening input: Netw
2026-09-30T16:53:51-10:00job:security_camera_frame_grab | a-eyes: ch4 grab failed
2026-09-30T16:53:51-10:00job:sys_stats_cycle RUN  bash "/home/rootrecord/RootRecord-Ecosystem/1 - Servers/1 - RootRecord-Pacific-Solar-Server/System/scripts/sys-sample.sh"
2026-09-30T16:53:51-10:00tunnel connection terminated
2026-09-30T16:53:52-10:00job:sys_stats_cycle | SYSTEM  cpu=19%  load=5.57  mem=32%  src=sqlite
2026-09-30T16:53:52-10:00job:sys_stats_cycle | OK wrote /home/rootrecord/RootRecord-Ecosystem/2 - RootRecord-Database/System/samples/sys-20260930-165352.json
2026-09-30T16:53:52-10:00job:github_sync_all SKIP — offline (will retry when internet is up)
2026-09-30T16:53:52-10:00job:security_camera_frame_grab RUN  bash "/home/rootrecord/RootRecord-Ecosystem/1 - Servers/1 - RootRecord-Pacific-Solar-Server/Security/Cameras/grab_all.sh"
2026-09-30T16:53:53-10:00job:security_camera_frame_grab | 16:53:52  ✗  a-eyes  ch1 FAILED: [tcp @ 0x5a7c29b3f940] Connection to tcp://192.168.1.33:554?timeout=0 failed: Network is unreachable
2026-09-30T16:53:53-10:00job:security_camera_frame_grab | [in#0 @ 0x5a7c29b3cc40] Error opening input: Netw
2026-09-30T16:53:53-10:00job:security_camera_frame_grab | a-eyes: ch1 grab failed
2026-09-30T16:53:53-10:00job:security_camera_frame_grab | 16:53:52  ✗  a-eyes  ch2 FAILED: [tcp @ 0x6413e1f1a940] Connection to tcp://192.168.1.33:554?timeout=0 failed: Network is unreachable
2026-09-30T16:53:53-10:00job:security_camera_frame_grab | [in#0 @ 0x6413e1f17c40] Error opening input: Netw
2026-09-30T16:53:53-10:00job:security_camera_frame_grab | a-eyes: ch2 grab failed
2026-09-30T16:53:53-10:00job:security_camera_frame_grab | 16:53:53  ✗  a-eyes  ch3 FAILED: [tcp @ 0x64c14e45d940] Connection to tcp://192.168.1.33:554?timeout=0 failed: Network is unreachable
2026-09-30T16:53:53-10:00job:security_camera_frame_grab | [in#0 @ 0x64c14e45ac40] Error opening input: Netw
2026-09-30T16:53:53-10:00job:security_camera_frame_grab | a-eyes: ch3 grab failed
2026-09-30T16:53:53-10:00job:security_camera_frame_grab | 16:53:53  ✗  a-eyes  ch4 FAILED: [tcp @ 0x56afaab45940] Connection to tcp://192.168.1.33:554?timeout=0 failed: Network is unreachable
2026-09-30T16:53:53-10:00job:security_camera_frame_grab | [in#0 @ 0x56afaab42c40] Error opening input: Netw
2026-09-30T16:53:53-10:00job:security_camera_frame_grab | a-eyes: ch4 grab failed
2026-09-30T16:53:53-10:00job:security_camera_frame_grab RUN  bash "/home/rootrecord/RootRecord-Ecosystem/1 - Servers/1 - RootRecord-Pacific-Solar-Server/Security/Cameras/grab_all.sh"
2026-09-30T16:53:53-10:00job:security_camera_frame_grab | 16:53:53  ✗  a-eyes  ch1 FAILED: [tcp @ 0x581fc029f940] Connection to tcp://192.168.1.33:554?timeout=0 failed: Network is unreachable
2026-09-30T16:53:53-10:00job:security_camera_frame_grab | [in#0 @ 0x581fc029cc40] Error opening input: Netw
2026-09-30T16:53:53-10:00job:security_camera_frame_grab | a-eyes: ch1 grab failed
2026-09-30T16:53:53-10:00job:security_camera_frame_grab | 16:53:53  ✗  a-eyes  ch2 FAILED: [tcp @ 0x62580dc1d940] Connection to tcp://192.168.1.33:554?timeout=0 failed: Network is unreachable
2026-09-30T16:53:53-10:00job:security_camera_frame_grab | [in#0 @ 0x62580dc1ac40] Error opening input: Netw
2026-09-30T16:53:53-10:00job:security_camera_frame_grab | a-eyes: ch2 grab failed
2026-09-30T16:53:53-10:00job:security_camera_frame_grab | 16:53:53  ✗  a-eyes  ch3 FAILED: [tcp @ 0x5cd298b00940] Connection to tcp://192.168.1.33:554?timeout=0 failed: Network is unreachable
2026-09-30T16:53:53-10:00job:security_camera_frame_grab | [in#0 @ 0x5cd298afdc40] Error opening input: Netw
2026-09-30T16:53:53-10:00job:security_camera_frame_grab | a-eyes: ch3 grab failed
2026-09-30T16:53:53-10:00job:security_camera_frame_grab | 16:53:53  ✗  a-eyes  ch4 FAILED: [tcp @ 0x59625a80a940] Connection to tcp://192.168.1.33:554?timeout=0 failed: Network is unreachable
2026-09-30T16:53:53-10:00job:security_camera_frame_grab | [in#0 @ 0x59625a807c40] Error opening input: Netw
2026-09-30T16:53:53-10:00job:security_camera_frame_grab | a-eyes: ch4 grab failed
2026-09-30T16:54:04-10:00  ✗  ecoflow_read_cycle  WAITING
2026-09-30T16:54:05-10:00ENERGY  status=live  B2=22.0%  B1=11.9%  solar=0 W  ac=103 W  usbc=0 W  src=/home/rootrecord/RootRecord-Ecosystem/2 - RootRecord-Database/Energy  LAP=100%/Discharging/batt
2026-09-30T16:54:05-10:00job:sys_stats_cycle RUN  bash "/home/rootrecord/RootRecord-Ecosystem/1 - Servers/1 - RootRecord-Pacific-Solar-Server/System/scripts/sys-sample.sh"
2026-09-30T16:54:06-10:00job:sys_stats_cycle | SYSTEM  cpu=21%  load=5.11  mem=32%  src=sqlite
2026-09-30T16:54:06-10:00job:sys_stats_cycle | OK wrote /home/rootrecord/RootRecord-Ecosystem/2 - RootRecord-Database/System/samples/sys-20260930-165405.json
2026-09-30T16:54:06-10:00job:github_sync_all SKIP — offline (will retry when internet is up)
2026-09-30T16:54:06-10:00job:security_camera_frame_grab RUN  bash "/home/rootrecord/RootRecord-Ecosystem/1 - Servers/1 - RootRecord-Pacific-Solar-Server/Security/Cameras/grab_all.sh"
2026-09-30T16:54:07-10:00job:security_camera_frame_grab | 16:54:06  ✗  a-eyes  ch1 FAILED: [tcp @ 0x58ce5bd96940] Connection to tcp://192.168.1.33:554?timeout=0 failed: Network is unreachable
2026-09-30T16:54:07-10:00job:security_camera_frame_grab | [in#0 @ 0x58ce5bd93c40] Error opening input: Netw
2026-09-30T16:54:07-10:00job:security_camera_frame_grab | a-eyes: ch1 grab failed
2026-09-30T16:54:07-10:00job:security_camera_frame_grab | 16:54:06  ✗  a-eyes  ch2 FAILED: [tcp @ 0x62a003866940] Connection to tcp://192.168.1.33:554?timeout=0 failed: Network is unreachable
2026-09-30T16:54:07-10:00job:security_camera_frame_grab | [in#0 @ 0x62a003863c40] Error opening input: Netw
2026-09-30T16:54:07-10:00job:security_camera_frame_grab | a-eyes: ch2 grab failed
2026-09-30T16:54:07-10:00job:security_camera_frame_grab | 16:54:06  ✗  a-eyes  ch3 FAILED: [tcp @ 0x651d0e7bc940] Connection to tcp://192.168.1.33:554?timeout=0 failed: Network is unreachable
2026-09-30T16:54:07-10:00job:security_camera_frame_grab | [in#0 @ 0x651d0e7b9c40] Error opening input: Netw
2026-09-30T16:54:07-10:00job:security_camera_frame_grab | a-eyes: ch3 grab failed
2026-09-30T16:54:07-10:00job:security_camera_frame_grab | 16:54:06  ✗  a-eyes  ch4 FAILED: [tcp @ 0x61a3a66c7940] Connection to tcp://192.168.1.33:554?timeout=0 failed: Network is unreachable
2026-09-30T16:54:07-10:00job:security_camera_frame_grab | [in#0 @ 0x61a3a66c4c40] Error opening input: Netw
2026-09-30T16:54:07-10:00job:security_camera_frame_grab | a-eyes: ch4 grab failed
2026-09-30T16:54:07-10:00internet DOWN — net services waiting (retry ~60s)
2026-09-30T16:54:07-10:00job:security_camera_frame_grab RUN  bash "/home/rootrecord/RootRecord-Ecosystem/1 - Servers/1 - RootRecord-Pacific-Solar-Server/Security/Cameras/grab_all.sh"
2026-09-30T16:54:07-10:00job:security_camera_frame_grab | 16:54:07  ✗  a-eyes  ch1 FAILED: [tcp @ 0x5f6b2c57e940] Connection to tcp://192.168.1.33:554?timeout=0 failed: Network is unreachable
2026-09-30T16:54:07-10:00job:security_camera_frame_grab | [in#0 @ 0x5f6b2c57bc40] Error opening input: Netw
2026-09-30T16:54:07-10:00job:security_camera_frame_grab | a-eyes: ch1 grab failed
2026-09-30T16:54:07-10:00job:security_camera_frame_grab | 16:54:07  ✗  a-eyes  ch2 FAILED: [tcp @ 0x598b97d3c940] Connection to tcp://192.168.1.33:554?timeout=0 failed: Network is unreachable
2026-09-30T16:54:07-10:00job:security_camera_frame_grab | [in#0 @ 0x598b97d39c40] Error opening input: Netw
2026-09-30T16:54:07-10:00job:security_camera_frame_grab | a-eyes: ch2 grab failed
2026-09-30T16:54:07-10:00job:security_camera_frame_grab | 16:54:07  ✗  a-eyes  ch3 FAILED: [tcp @ 0x5b138f7c3940] Connection to tcp://192.168.1.33:554?timeout=0 failed: Network is unreachable
2026-09-30T16:54:07-10:00job:security_camera_frame_grab | [in#0 @ 0x5b138f7c0c40] Error opening input: Netw
2026-09-30T16:54:07-10:00job:security_camera_frame_grab | a-eyes: ch3 grab failed
2026-09-30T16:54:07-10:00job:security_camera_frame_grab | 16:54:07  ✗  a-eyes  ch4 FAILED: [tcp @ 0x64a4853c1940] Connection to tcp://192.168.1.33:554?timeout=0 failed: Network is unreachable
2026-09-30T16:54:07-10:00job:security_camera_frame_grab | [in#0 @ 0x64a4853bec40] Error opening input: Netw
2026-09-30T16:54:07-10:00job:security_camera_frame_grab | a-eyes: ch4 grab failed
2026-09-30T16:54:08-10:00job:security_camera_frame_grab RUN  bash "/home/rootrecord/RootRecord-Ecosystem/1 - Servers/1 - RootRecord-Pacific-Solar-Server/Security/Cameras/grab_all.sh"
2026-09-30T16:54:09-10:00job:security_camera_frame_grab | 16:54:08  ✗  a-eyes  ch1 FAILED: [tcp @ 0x57ac8817c940] Connection to tcp://192.168.1.33:554?timeout=0 failed: Network is unreachable
2026-09-30T16:54:09-10:00job:security_camera_frame_grab | [in#0 @ 0x57ac88179c40] Error opening input: Netw
2026-09-30T16:54:09-10:00job:security_camera_frame_grab | a-eyes: ch1 grab failed
2026-09-30T16:54:09-10:00job:security_camera_frame_grab | 16:54:08  ✗  a-eyes  ch2 FAILED: [tcp @ 0x59f67bc83940] Connection to tcp://192.168.1.33:554?timeout=0 failed: Network is unreachable
2026-09-30T16:54:09-10:00job:security_camera_frame_grab | [in#0 @ 0x59f67bc80c40] Error opening input: Netw
2026-09-30T16:54:09-10:00job:security_camera_frame_grab | a-eyes: ch2 grab failed
2026-09-30T16:54:09-10:00job:security_camera_frame_grab | 16:54:08  ✗  a-eyes  ch3 FAILED: [tcp @ 0x5f5d9fd4b940] Connection to tcp://192.168.1.33:554?timeout=0 failed: Network is unreachable
2026-09-30T16:54:09-10:00job:security_camera_frame_grab | [in#0 @ 0x5f5d9fd48c40] Error opening input: Netw
2026-09-30T16:54:09-10:00job:security_camera_frame_grab | a-eyes: ch3 grab failed
2026-09-30T16:54:09-10:00job:security_camera_frame_grab | 16:54:08  ✗  a-eyes  ch4 FAILED: [tcp @ 0x557ffdfa2940] Connection to tcp://192.168.1.33:554?timeout=0 failed: Network is unreachable
2026-09-30T16:54:09-10:00job:security_camera_frame_grab | [in#0 @ 0x557ffdf9fc40] Error opening input: Netw
2026-09-30T16:54:09-10:00job:security_camera_frame_grab | a-eyes: ch4 grab failed
2026-09-30T16:54:11-10:00cloudflared ERR: 2026-10-01T02:54:11Z ERR Failed to dial a quic connection error="failed to dial to edge with quic: write udp [::]:39565-
2026-09-30T16:54:20-10:00  ✗  ecoflow_read_cycle  WAITING
2026-09-30T16:54:20-10:00job:sys_stats_cycle RUN  bash "/home/rootrecord/RootRecord-Ecosystem/1 - Servers/1 - RootRecord-Pacific-Solar-Server/System/scripts/sys-sample.sh"
2026-09-30T16:54:21-10:00job:sys_stats_cycle | SYSTEM  cpu=18%  load=4.35  mem=31%  src=sqlite
2026-09-30T16:54:21-10:00job:sys_stats_cycle | OK wrote /home/rootrecord/RootRecord-Ecosystem/2 - RootRecord-Database/System/samples/sys-20260930-165420.json
2026-09-30T16:54:21-10:00job:github_sync_all SKIP — offline (will retry when internet is up)
2026-09-30T16:54:21-10:00job:security_camera_frame_grab RUN  bash "/home/rootrecord/RootRecord-Ecosystem/1 - Servers/1 - RootRecord-Pacific-Solar-Server/Security/Cameras/grab_all.sh"
2026-09-30T16:54:21-10:00job:security_camera_frame_grab | 16:54:21  ✗  a-eyes  ch1 FAILED: [tcp @ 0x64f3e31c7940] Connection to tcp://192.168.1.33:554?timeout=0 failed: Network is unreachable
2026-09-30T16:54:21-10:00job:security_camera_frame_grab | [in#0 @ 0x64f3e31c4c40] Error opening input: Netw
2026-09-30T16:54:21-10:00job:security_camera_frame_grab | a-eyes: ch1 grab failed
2026-09-30T16:54:21-10:00job:security_camera_frame_grab | 16:54:21  ✗  a-eyes  ch2 FAILED: [tcp @ 0x625e65708940] Connection to tcp://192.168.1.33:554?timeout=0 failed: Network is unreachable
2026-09-30T16:54:21-10:00job:security_camera_frame_grab | [in#0 @ 0x625e65705c40] Error opening input: Netw
2026-09-30T16:54:21-10:00job:security_camera_frame_grab | a-eyes: ch2 grab failed
2026-09-30T16:54:21-10:00job:security_camera_frame_grab | 16:54:21  ✗  a-eyes  ch3 FAILED: [tcp @ 0x624cf508a940] Connection to tcp://192.168.1.33:554?timeout=0 failed: Network is unreachable
2026-09-30T16:54:21-10:00job:security_camera_frame_grab | [in#0 @ 0x624cf5087c40] Error opening input: Netw
2026-09-30T16:54:21-10:00job:security_camera_frame_grab | a-eyes: ch3 grab failed
2026-09-30T16:54:21-10:00job:security_camera_frame_grab | 16:54:21  ✗  a-eyes  ch4 FAILED: [tcp @ 0x648f5dd8a940] Connection to tcp://192.168.1.33:554?timeout=0 failed: Network is unreachable
2026-09-30T16:54:21-10:00job:security_camera_frame_grab | [in#0 @ 0x648f5dd87c40] Error opening input: Netw
2026-09-30T16:54:21-10:00job:security_camera_frame_grab | a-eyes: ch4 grab failed
2026-09-30T16:54:22-10:00job:security_camera_frame_grab RUN  bash "/home/rootrecord/RootRecord-Ecosystem/1 - Servers/1 - RootRecord-Pacific-Solar-Server/Security/Cameras/grab_all.sh"
2026-09-30T16:54:22-10:00job:security_camera_frame_grab | 16:54:22  ✗  a-eyes  ch1 FAILED: [tcp @ 0x5f495ffbe940] Connection to tcp://192.168.1.33:554?timeout=0 failed: Network is unreachable
2026-09-30T16:54:22-10:00job:security_camera_frame_grab | [in#0 @ 0x5f495ffbbc40] Error opening input: Netw
2026-09-30T16:54:22-10:00job:security_camera_frame_grab | a-eyes: ch1 grab failed
2026-09-30T16:54:22-10:00job:security_camera_frame_grab | 16:54:22  ✗  a-eyes  ch2 FAILED: [tcp @ 0x612635581940] Connection to tcp://192.168.1.33:554?timeout=0 failed: Network is unreachable
2026-09-30T16:54:22-10:00job:security_camera_frame_grab | [in#0 @ 0x61263557ec40] Error opening input: Netw
2026-09-30T16:54:22-10:00job:security_camera_frame_grab | a-eyes: ch2 grab failed
2026-09-30T16:54:22-10:00job:security_camera_frame_grab | 16:54:22  ✗  a-eyes  ch3 FAILED: [tcp @ 0x60378129a940] Connection to tcp://192.168.1.33:554?timeout=0 failed: Network is unreachable
2026-09-30T16:54:22-10:00job:security_camera_frame_grab | [in#0 @ 0x603781297c40] Error opening input: Netw
2026-09-30T16:54:22-10:00job:security_camera_frame_grab | a-eyes: ch3 grab failed
2026-09-30T16:54:22-10:00job:security_camera_frame_grab | 16:54:22  ✗  a-eyes  ch4 FAILED: [tcp @ 0x5c03250ea940] Connection to tcp://192.168.1.33:554?timeout=0 failed: Network is unreachable
2026-09-30T16:54:22-10:00job:security_camera_frame_grab | [in#0 @ 0x5c03250e7c40] Error opening input: Netw
2026-09-30T16:54:22-10:00job:security_camera_frame_grab | a-eyes: ch4 grab failed
2026-09-30T16:54:23-10:00job:security_camera_frame_grab RUN  bash "/home/rootrecord/RootRecord-Ecosystem/1 - Servers/1 - RootRecord-Pacific-Solar-Server/Security/Cameras/grab_all.sh"
2026-09-30T16:54:23-10:00job:security_camera_frame_grab | 16:54:23  ✗  a-eyes  ch1 FAILED: [tcp @ 0x65115e1e9940] Connection to tcp://192.168.1.33:554?timeout=0 failed: Network is unreachable
2026-09-30T16:54:23-10:00job:security_camera_frame_grab | [in#0 @ 0x65115e1e6c40] Error opening input: Netw
2026-09-30T16:54:23-10:00job:security_camera_frame_grab | a-eyes: ch1 grab failed
2026-09-30T16:54:23-10:00job:security_camera_frame_grab | 16:54:23  ✗  a-eyes  ch2 FAILED: [tcp @ 0x559e63f89940] Connection to tcp://192.168.1.33:554?timeout=0 failed: Network is unreachable
2026-09-30T16:54:23-10:00job:security_camera_frame_grab | [in#0 @ 0x559e63f86c40] Error opening input: Netw
2026-09-30T16:54:23-10:00job:security_camera_frame_grab | a-eyes: ch2 grab failed
2026-09-30T16:54:23-10:00job:security_camera_frame_grab | 16:54:23  ✗  a-eyes  ch3 FAILED: [tcp @ 0x591e33339940] Connection to tcp://192.168.1.33:554?timeout=0 failed: Network is unreachable
2026-09-30T16:54:23-10:00job:security_camera_frame_grab | [in#0 @ 0x591e33336c40] Error opening input: Netw
2026-09-30T16:54:23-10:00job:security_camera_frame_grab | a-eyes: ch3 grab failed
2026-09-30T16:54:23-10:00job:security_camera_frame_grab | 16:54:23  ✗  a-eyes  ch4 FAILED: [tcp @ 0x59ee1a36c940] Connection to tcp://192.168.1.33:554?timeout=0 failed: Network is unreachable
2026-09-30T16:54:23-10:00job:security_camera_frame_grab | [in#0 @ 0x59ee1a369c40] Error opening input: Netw
2026-09-30T16:54:23-10:00job:security_camera_frame_grab | a-eyes: ch4 grab failed
2026-09-30T16:54:26-10:00cloudflared ERR: 2026-10-01T02:54:26Z ERR Failed to dial a quic connection error="failed to dial to edge with quic: write udp [::]:39565-
2026-09-30T16:54:35-10:00  ✗  ecoflow_read_cycle  WAITING
2026-09-30T16:54:35-10:00job:security_camera_frame_grab RUN  bash "/home/rootrecord/RootRecord-Ecosystem/1 - Servers/1 - RootRecord-Pacific-Solar-Server/Security/Cameras/grab_all.sh"
2026-09-30T16:54:35-10:00job:security_camera_frame_grab | 16:54:35  ✗  a-eyes  ch1 FAILED: [tcp @ 0x5e7dbc08c940] Connection to tcp://192.168.1.33:554?timeout=0 failed: Network is unreachable
2026-09-30T16:54:35-10:00job:security_camera_frame_grab | [in#0 @ 0x5e7dbc089c40] Error opening input: Netw
2026-09-30T16:54:35-10:00job:security_camera_frame_grab | a-eyes: ch1 grab failed
2026-09-30T16:54:35-10:00job:security_camera_frame_grab | 16:54:35  ✗  a-eyes  ch2 FAILED: [tcp @ 0x572c25653940] Connection to tcp://192.168.1.33:554?timeout=0 failed: Network is unreachable
2026-09-30T16:54:35-10:00job:security_camera_frame_grab | [in#0 @ 0x572c25650c40] Error opening input: Netw
2026-09-30T16:54:35-10:00job:security_camera_frame_grab | a-eyes: ch2 grab failed
2026-09-30T16:54:35-10:00job:security_camera_frame_grab | 16:54:35  ✗  a-eyes  ch3 FAILED: [tcp @ 0x58c9c09ab940] Connection to tcp://192.168.1.33:554?timeout=0 failed: Network is unreachable
2026-09-30T16:54:35-10:00job:security_camera_frame_grab | [in#0 @ 0x58c9c09a8c40] Error opening input: Netw
2026-09-30T16:54:35-10:00job:security_camera_frame_grab | a-eyes: ch3 grab failed
2026-09-30T16:54:35-10:00job:security_camera_frame_grab | 16:54:35  ✗  a-eyes  ch4 FAILED: [tcp @ 0x6434ecf91940] Connection to tcp://192.168.1.33:554?timeout=0 failed: Network is unreachable
2026-09-30T16:54:35-10:00job:security_camera_frame_grab | [in#0 @ 0x6434ecf8ec40] Error opening input: Netw
2026-09-30T16:54:35-10:00job:security_camera_frame_grab | a-eyes: ch4 grab failed
2026-09-30T16:54:36-10:00job:sys_stats_cycle RUN  bash "/home/rootrecord/RootRecord-Ecosystem/1 - Servers/1 - RootRecord-Pacific-Solar-Server/System/scripts/sys-sample.sh"
2026-09-30T16:54:37-10:00job:sys_stats_cycle | SYSTEM  cpu=18%  load=3.95  mem=31%  src=sqlite
2026-09-30T16:54:37-10:00job:sys_stats_cycle | OK wrote /home/rootrecord/RootRecord-Ecosystem/2 - RootRecord-Database/System/samples/sys-20260930-165436.json
2026-09-30T16:54:37-10:00job:github_sync_all SKIP — offline (will retry when internet is up)
2026-09-30T16:54:37-10:00job:security_camera_frame_grab RUN  bash "/home/rootrecord/RootRecord-Ecosystem/1 - Servers/1 - RootRecord-Pacific-Solar-Server/Security/Cameras/grab_all.sh"
2026-09-30T16:54:37-10:00job:security_camera_frame_grab | 16:54:37  ✗  a-eyes  ch1 FAILED: [tcp @ 0x5aad8199a940] Connection to tcp://192.168.1.33:554?timeout=0 failed: Network is unreachable
2026-09-30T16:54:37-10:00job:security_camera_frame_grab | [in#0 @ 0x5aad81997c40] Error opening input: Netw
2026-09-30T16:54:37-10:00job:security_camera_frame_grab | a-eyes: ch1 grab failed
2026-09-30T16:54:37-10:00job:security_camera_frame_grab | 16:54:37  ✗  a-eyes  ch2 FAILED: [tcp @ 0x6248ec54e940] Connection to tcp://192.168.1.33:554?timeout=0 failed: Network is unreachable
2026-09-30T16:54:37-10:00job:security_camera_frame_grab | [in#0 @ 0x6248ec54bc40] Error opening input: Netw
2026-09-30T16:54:37-10:00job:security_camera_frame_grab | a-eyes: ch2 grab failed
2026-09-30T16:54:37-10:00job:security_camera_frame_grab | 16:54:37  ✗  a-eyes  ch3 FAILED: [tcp @ 0x62770b190940] Connection to tcp://192.168.1.33:554?timeout=0 failed: Network is unreachable
2026-09-30T16:54:37-10:00job:security_camera_frame_grab | [in#0 @ 0x62770b18dc40] Error opening input: Netw
2026-09-30T16:54:37-10:00job:security_camera_frame_grab | a-eyes: ch3 grab failed
2026-09-30T16:54:37-10:00job:security_camera_frame_grab | 16:54:37  ✗  a-eyes  ch4 FAILED: [tcp @ 0x60d530d3f940] Connection to tcp://192.168.1.33:554?timeout=0 failed: Network is unreachable
2026-09-30T16:54:37-10:00job:security_camera_frame_grab | [in#0 @ 0x60d530d3cc40] Error opening input: Netw
2026-09-30T16:54:37-10:00job:security_camera_frame_grab | a-eyes: ch4 grab failed
2026-09-30T16:54:38-10:00job:security_camera_frame_grab RUN  bash "/home/rootrecord/RootRecord-Ecosystem/1 - Servers/1 - RootRecord-Pacific-Solar-Server/Security/Cameras/grab_all.sh"
2026-09-30T16:54:38-10:00cloudflared ERR: 2026-10-01T02:54:38Z ERR Failed to dial a quic connection error="failed to dial to edge with quic: write udp [::]:39565-
2026-09-30T16:54:38-10:00cloudflared ERR: 2026-10-01T02:54:38Z ERR Failed to dial a quic connection error="failed to dial to edge with quic: write udp [::]:49681-
2026-09-30T16:54:38-10:00cloudflared ERR: 2026-10-01T02:54:38Z ERR Failed to dial a quic connection error="failed to dial to edge with quic: write udp [::]:35933-
2026-09-30T16:54:38-10:00cloudflared ERR: 2026-10-01T02:54:38Z ERR Failed to dial a quic connection error="failed to dial to edge with quic: write udp [::]:48991-
2026-09-30T16:54:38-10:00job:security_camera_frame_grab | 16:54:38  ✗  a-eyes  ch1 FAILED: [tcp @ 0x5979d71bb940] Connection to tcp://192.168.1.33:554?timeout=0 failed: Network is unreachable
2026-09-30T16:54:38-10:00job:security_camera_frame_grab | [in#0 @ 0x5979d71b8c40] Error opening input: Netw
2026-09-30T16:54:38-10:00job:security_camera_frame_grab | a-eyes: ch1 grab failed
2026-09-30T16:54:38-10:00job:security_camera_frame_grab | 16:54:38  ✗  a-eyes  ch2 FAILED: [tcp @ 0x610a101fc940] Connection to tcp://192.168.1.33:554?timeout=0 failed: Network is unreachable
2026-09-30T16:54:38-10:00job:security_camera_frame_grab | [in#0 @ 0x610a101f9c40] Error opening input: Netw
2026-09-30T16:54:38-10:00job:security_camera_frame_grab | a-eyes: ch2 grab failed
2026-09-30T16:54:38-10:00job:security_camera_frame_grab | 16:54:38  ✗  a-eyes  ch3 FAILED: [tcp @ 0x6330616fc940] Connection to tcp://192.168.1.33:554?timeout=0 failed: Network is unreachable
2026-09-30T16:54:38-10:00job:security_camera_frame_grab | [in#0 @ 0x6330616f9c40] Error opening input: Netw
2026-09-30T16:54:38-10:00job:security_camera_frame_grab | a-eyes: ch3 grab failed
2026-09-30T16:54:38-10:00job:security_camera_frame_grab | 16:54:38  ✗  a-eyes  ch4 FAILED: [tcp @ 0x5bd031ae4940] Connection to tcp://192.168.1.33:554?timeout=0 failed: Network is unreachable
2026-09-30T16:54:38-10:00job:security_camera_frame_grab | [in#0 @ 0x5bd031ae1c40] Error opening input: Netw
2026-09-30T16:54:38-10:00job:security_camera_frame_grab | a-eyes: ch4 grab failed
2026-09-30T16:54:39-10:00job:security_camera_frame_grab RUN  bash "/home/rootrecord/RootRecord-Ecosystem/1 - Servers/1 - RootRecord-Pacific-Solar-Server/Security/Cameras/grab_all.sh"
2026-09-30T16:54:39-10:00job:security_camera_frame_grab | 16:54:39  ✗  a-eyes  ch1 FAILED: [tcp @ 0x5a03f0089940] Connection to tcp://192.168.1.33:554?timeout=0 failed: Network is unreachable
2026-09-30T16:54:39-10:00job:security_camera_frame_grab | [in#0 @ 0x5a03f0086c40] Error opening input: Netw
2026-09-30T16:54:39-10:00job:security_camera_frame_grab | a-eyes: ch1 grab failed
2026-09-30T16:54:39-10:00job:security_camera_frame_grab | 16:54:39  ✗  a-eyes  ch2 FAILED: [tcp @ 0x638dfac2f940] Connection to tcp://192.168.1.33:554?timeout=0 failed: Network is unreachable
2026-09-30T16:54:39-10:00job:security_camera_frame_grab | [in#0 @ 0x638dfac2cc40] Error opening input: Netw
2026-09-30T16:54:39-10:00job:security_camera_frame_grab | a-eyes: ch2 grab failed
2026-09-30T16:54:39-10:00job:security_camera_frame_grab | 16:54:39  ✗  a-eyes  ch3 FAILED: [tcp @ 0x5e22127c8940] Connection to tcp://192.168.1.33:554?timeout=0 failed: Network is unreachable
2026-09-30T16:54:39-10:00job:security_camera_frame_grab | [in#0 @ 0x5e22127c5c40] Error opening input: Netw
2026-09-30T16:54:39-10:00job:security_camera_frame_grab | a-eyes: ch3 grab failed
2026-09-30T16:54:39-10:00job:security_camera_frame_grab | 16:54:39  ✗  a-eyes  ch4 FAILED: [tcp @ 0x60fae8d82940] Connection to tcp://192.168.1.33:554?timeout=0 failed: Network is unreachable
2026-09-30T16:54:39-10:00job:security_camera_frame_grab | [in#0 @ 0x60fae8d7fc40] Error opening input: Netw
2026-09-30T16:54:39-10:00job:security_camera_frame_grab | a-eyes: ch4 grab failed
2026-09-30T16:54:42-10:00tunnel connection terminated
2026-09-30T16:54:45-10:00tunnel connection terminated
2026-09-30T16:54:46-10:00cloudflared ERR: 2026-10-01T02:54:46Z ERR Failed to dial a quic connection error="failed to dial to edge with quic: write udp [::]:39565-
2026-09-30T16:54:46-10:00cloudflared ERR: 2026-10-01T02:54:46Z ERR Failed to dial a quic connection error="failed to dial to edge with quic: write udp [::]:39565-
2026-09-30T16:54:57-10:00  ▸  SUMMARY=delta2 soc=100% solar=0W ac_out=0W usbc=0W src=ble db=ok
2026-09-30T16:55:02-10:00cloudflared ERR: 2026-10-01T02:55:02Z ERR Failed to dial a quic connection error="failed to dial to edge with quic: write udp [::]:39565-
2026-09-30T16:55:06-10:00tunnel connection terminated
2026-09-30T16:55:08-10:00  ✗  ecoflow_read_cycle  WAITING
2026-09-30T16:55:08-10:00job:sys_stats_cycle RUN  bash "/home/rootrecord/RootRecord-Ecosystem/1 - Servers/1 - RootRecord-Pacific-Solar-Server/System/scripts/sys-sample.sh"
2026-09-30T16:55:09-10:00job:sys_stats_cycle | SYSTEM  cpu=20%  load=3.71  mem=32%  src=sqlite
2026-09-30T16:55:09-10:00job:sys_stats_cycle | OK wrote /home/rootrecord/RootRecord-Ecosystem/2 - RootRecord-Database/System/samples/sys-20260930-165508.json
2026-09-30T16:55:09-10:00job:github_sync_all SKIP — offline (will retry when internet is up)
2026-09-30T16:55:09-10:00job:security_camera_frame_grab RUN  bash "/home/rootrecord/RootRecord-Ecosystem/1 - Servers/1 - RootRecord-Pacific-Solar-Server/Security/Cameras/grab_all.sh"
2026-09-30T16:55:10-10:00job:security_camera_frame_grab | 16:55:09  ✗  a-eyes  ch1 FAILED: [tcp @ 0x5fbb02e4f940] Connection to tcp://192.168.1.33:554?timeout=0 failed: Network is unreachable
2026-09-30T16:55:10-10:00job:security_camera_frame_grab | [in#0 @ 0x5fbb02e4cc40] Error opening input: Netw
2026-09-30T16:55:10-10:00job:security_camera_frame_grab | a-eyes: ch1 grab failed
2026-09-30T16:55:10-10:00job:security_camera_frame_grab | 16:55:09  ✗  a-eyes  ch2 FAILED: [tcp @ 0x6017acc13940] Connection to tcp://192.168.1.33:554?timeout=0 failed: Network is unreachable
2026-09-30T16:55:10-10:00job:security_camera_frame_grab | [in#0 @ 0x6017acc10c40] Error opening input: Netw
2026-09-30T16:55:10-10:00job:security_camera_frame_grab | a-eyes: ch2 grab failed
2026-09-30T16:55:10-10:00job:security_camera_frame_grab | 16:55:09  ✗  a-eyes  ch3 FAILED: [tcp @ 0x58d3f0c08940] Connection to tcp://192.168.1.33:554?timeout=0 failed: Network is unreachable
2026-09-30T16:55:10-10:00job:security_camera_frame_grab | [in#0 @ 0x58d3f0c05c40] Error opening input: Netw
2026-09-30T16:55:10-10:00job:security_camera_frame_grab | a-eyes: ch3 grab failed
2026-09-30T16:55:10-10:00job:security_camera_frame_grab | 16:55:10  ✗  a-eyes  ch4 FAILED: [tcp @ 0x583071d24940] Connection to tcp://192.168.1.33:554?timeout=0 failed: Network is unreachable
2026-09-30T16:55:10-10:00job:security_camera_frame_grab | [in#0 @ 0x583071d21c40] Error opening input: Netw
2026-09-30T16:55:10-10:00job:security_camera_frame_grab | a-eyes: ch4 grab failed
2026-09-30T16:55:10-10:00ENERGY  status=live  B2=100%  B1=11.9%  solar=0 W  ac=0 W  usbc=0 W  src=/home/rootrecord/RootRecord-Ecosystem/2 - RootRecord-Database/Energy  LAP=100%/Discharging/batt
2026-09-30T16:55:10-10:00job:sys_stats_cycle RUN  bash "/home/rootrecord/RootRecord-Ecosystem/1 - Servers/1 - RootRecord-Pacific-Solar-Server/System/scripts/sys-sample.sh"
2026-09-30T16:55:11-10:00job:sys_stats_cycle | SYSTEM  cpu=18%  load=3.71  mem=32%  src=sqlite
2026-09-30T16:55:11-10:00job:sys_stats_cycle | OK wrote /home/rootrecord/RootRecord-Ecosystem/2 - RootRecord-Database/System/samples/sys-20260930-165510.json
2026-09-30T16:55:11-10:00job:github_sync_all SKIP — offline (will retry when internet is up)
2026-09-30T16:55:11-10:00job:worklog_scan RUN  bash "/home/rootrecord/RootRecord-Ecosystem/1 - Servers/1 - RootRecord-Pacific-Solar-Server/Reports/scripts/worklog_once.sh"
2026-09-30T16:55:13-10:00job:worklog_scan | OK wrote/updated /home/rootrecord/RootRecord-Ecosystem/2 - RootRecord-Database/Worklog/worklog_current.md
2026-09-30T16:55:13-10:00job:security_camera_frame_grab RUN  bash "/home/rootrecord/RootRecord-Ecosystem/1 - Servers/1 - RootRecord-Pacific-Solar-Server/Security/Cameras/grab_all.sh"
2026-09-30T16:55:14-10:00job:security_camera_frame_grab | 16:55:13  ✗  a-eyes  ch1 FAILED: [tcp @ 0x63c80a0df940] Connection to tcp://192.168.1.33:554?timeout=0 failed: Network is unreachable
2026-09-30T16:55:14-10:00job:security_camera_frame_grab | [in#0 @ 0x63c80a0dcc40] Error opening input: Netw
2026-09-30T16:55:14-10:00job:security_camera_frame_grab | a-eyes: ch1 grab failed
2026-09-30T16:55:14-10:00job:security_camera_frame_grab | 16:55:13  ✗  a-eyes  ch2 FAILED: [tcp @ 0x5b56a6018940] Connection to tcp://192.168.1.33:554?timeout=0 failed: Network is unreachable
2026-09-30T16:55:14-10:00job:security_camera_frame_grab | [in#0 @ 0x5b56a6015c40] Error opening input: Netw
2026-09-30T16:55:14-10:00job:security_camera_frame_grab | a-eyes: ch2 grab failed
2026-09-30T16:55:14-10:00job:security_camera_frame_grab | 16:55:13  ✗  a-eyes  ch3 FAILED: [tcp @ 0x60516bf01940] Connection to tcp://192.168.1.33:554?timeout=0 failed: Network is unreachable
2026-09-30T16:55:14-10:00job:security_camera_frame_grab | [in#0 @ 0x60516befec40] Error opening input: Netw
2026-09-30T16:55:14-10:00job:security_camera_frame_grab | a-eyes: ch3 grab failed
2026-09-30T16:55:14-10:00job:security_camera_frame_grab | 16:55:13  ✗  a-eyes  ch4 FAILED: [tcp @ 0x56bb5a687940] Connection to tcp://192.168.1.33:554?timeout=0 failed: Network is unreachable
2026-09-30T16:55:14-10:00job:security_camera_frame_grab | [in#0 @ 0x56bb5a684c40] Error opening input: Netw
2026-09-30T16:55:14-10:00job:security_camera_frame_grab | a-eyes: ch4 grab failed
2026-09-30T16:55:14-10:00internet DOWN — net services waiting (retry ~60s)
2026-09-30T16:55:28-10:00  ▸  SUMMARY=delta2 soc=100% solar=0W ac_out=0W usbc=0W src=ble db=ok
2026-09-30T16:55:28-10:00job:security_camera_frame_grab RUN  bash "/home/rootrecord/RootRecord-Ecosystem/1 - Servers/1 - RootRecord-Pacific-Solar-Server/Security/Cameras/grab_all.sh"
2026-09-30T16:55:29-10:00job:security_camera_frame_grab | 16:55:28  ✗  a-eyes  ch1 FAILED: [tcp @ 0x56ac52e7f940] Connection to tcp://192.168.1.33:554?timeout=0 failed: Network is unreachable
2026-09-30T16:55:29-10:00job:security_camera_frame_grab | [in#0 @ 0x56ac52e7cc40] Error opening input: Netw
2026-09-30T16:55:29-10:00job:security_camera_frame_grab | a-eyes: ch1 grab failed
2026-09-30T16:55:29-10:00job:security_camera_frame_grab | 16:55:29  ✗  a-eyes  ch2 FAILED: [tcp @ 0x598b6a7d3940] Connection to tcp://192.168.1.33:554?timeout=0 failed: Network is unreachable
2026-09-30T16:55:29-10:00job:security_camera_frame_grab | [in#0 @ 0x598b6a7d0c40] Error opening input: Netw
2026-09-30T16:55:29-10:00job:security_camera_frame_grab | a-eyes: ch2 grab failed
2026-09-30T16:55:29-10:00job:security_camera_frame_grab | 16:55:29  ✗  a-eyes  ch3 FAILED: [tcp @ 0x5ecdcf8fa940] Connection to tcp://192.168.1.33:554?timeout=0 failed: Network is unreachable
2026-09-30T16:55:29-10:00job:security_camera_frame_grab | [in#0 @ 0x5ecdcf8f7c40] Error opening input: Netw
2026-09-30T16:55:29-10:00job:security_camera_frame_grab | a-eyes: ch3 grab failed
2026-09-30T16:55:29-10:00job:security_camera_frame_grab | 16:55:29  ✗  a-eyes  ch4 FAILED: [tcp @ 0x5d4515a9b940] Connection to tcp://192.168.1.33:554?timeout=0 failed: Network is unreachable
2026-09-30T16:55:29-10:00job:security_camera_frame_grab | [in#0 @ 0x5d4515a98c40] Error opening input: Netw
2026-09-30T16:55:29-10:00job:security_camera_frame_grab | a-eyes: ch4 grab failed
2026-09-30T16:55:30-10:00cloudflared ERR: 2026-10-01T02:55:30Z ERR Failed to dial a quic connection error="failed to dial to edge with quic: write udp [::]:39565-
2026-09-30T16:55:40-10:00  ✗  ecoflow_read_cycle  WAITING
2026-09-30T16:55:40-10:00job:sys_stats_cycle RUN  bash "/home/rootrecord/RootRecord-Ecosystem/1 - Servers/1 - RootRecord-Pacific-Solar-Server/System/scripts/sys-sample.sh"
2026-09-30T16:55:41-10:00cloudflared ERR: 2026-10-01T02:55:41Z ERR Failed to dial a quic connection error="failed to dial to edge with quic: write udp [::]:39565-
2026-09-30T16:55:41-10:00job:sys_stats_cycle | SYSTEM  cpu=21%  load=3.18  mem=32%  src=sqlite
2026-09-30T16:55:41-10:00job:sys_stats_cycle | OK wrote /home/rootrecord/RootRecord-Ecosystem/2 - RootRecord-Database/System/samples/sys-20260930-165540.json
2026-09-30T16:55:41-10:00job:github_sync_all SKIP — offline (will retry when internet is up)
2026-09-30T16:55:41-10:00job:security_camera_frame_grab RUN  bash "/home/rootrecord/RootRecord-Ecosystem/1 - Servers/1 - RootRecord-Pacific-Solar-Server/Security/Cameras/grab_all.sh"
2026-09-30T16:55:42-10:00job:security_camera_frame_grab | 16:55:41  ✗  a-eyes  ch1 FAILED: [tcp @ 0x5f5666890940] Connection to tcp://192.168.1.33:554?timeout=0 failed: Network is unreachable
2026-09-30T16:55:42-10:00job:security_camera_frame_grab | [in#0 @ 0x5f566688dc40] Error opening input: Netw
2026-09-30T16:55:42-10:00job:security_camera_frame_grab | a-eyes: ch1 grab failed
2026-09-30T16:55:42-10:00job:security_camera_frame_grab | 16:55:41  ✗  a-eyes  ch2 FAILED: [tcp @ 0x644aa943d940] Connection to tcp://192.168.1.33:554?timeout=0 failed: Network is unreachable
2026-09-30T16:55:42-10:00job:security_camera_frame_grab | [in#0 @ 0x644aa943ac40] Error opening input: Netw
2026-09-30T16:55:42-10:00job:security_camera_frame_grab | a-eyes: ch2 grab failed
2026-09-30T16:55:42-10:00job:security_camera_frame_grab | 16:55:41  ✗  a-eyes  ch3 FAILED: [tcp @ 0x59751f32e940] Connection to tcp://192.168.1.33:554?timeout=0 failed: Network is unreachable
2026-09-30T16:55:42-10:00job:security_camera_frame_grab | [in#0 @ 0x59751f32bc40] Error opening input: Netw
2026-09-30T16:55:42-10:00job:security_camera_frame_grab | a-eyes: ch3 grab failed
2026-09-30T16:55:42-10:00job:security_camera_frame_grab | 16:55:41  ✗  a-eyes  ch4 FAILED: [tcp @ 0x63abb0cd7940] Connection to tcp://192.168.1.33:554?timeout=0 failed: Network is unreachable
2026-09-30T16:55:42-10:00job:security_camera_frame_grab | [in#0 @ 0x63abb0cd4c40] Error opening input: Netw
2026-09-30T16:55:42-10:00job:security_camera_frame_grab | a-eyes: ch4 grab failed
2026-09-30T16:55:42-10:00job:sys_stats_cycle RUN  bash "/home/rootrecord/RootRecord-Ecosystem/1 - Servers/1 - RootRecord-Pacific-Solar-Server/System/scripts/sys-sample.sh"
2026-09-30T16:55:43-10:00job:sys_stats_cycle | SYSTEM  cpu=25%  load=3.09  mem=32%  src=sqlite
2026-09-30T16:55:43-10:00job:sys_stats_cycle | OK wrote /home/rootrecord/RootRecord-Ecosystem/2 - RootRecord-Database/System/samples/sys-20260930-165542.json
2026-09-30T16:55:43-10:00job:github_sync_all SKIP — offline (will retry when internet is up)
2026-09-30T16:55:43-10:00job:security_camera_frame_grab RUN  bash "/home/rootrecord/RootRecord-Ecosystem/1 - Servers/1 - RootRecord-Pacific-Solar-Server/Security/Cameras/grab_all.sh"
2026-09-30T16:55:43-10:00job:security_camera_frame_grab | 16:55:43  ✗  a-eyes  ch1 FAILED: [tcp @ 0x612c25c53940] Connection to tcp://192.168.1.33:554?timeout=0 failed: Network is unreachable
2026-09-30T16:55:43-10:00job:security_camera_frame_grab | [in#0 @ 0x612c25c50c40] Error opening input: Netw
2026-09-30T16:55:43-10:00job:security_camera_frame_grab | a-eyes: ch1 grab failed
2026-09-30T16:55:43-10:00job:security_camera_frame_grab | 16:55:43  ✗  a-eyes  ch2 FAILED: [tcp @ 0x62a10397e940] Connection to tcp://192.168.1.33:554?timeout=0 failed: Network is unreachable
2026-09-30T16:55:43-10:00job:security_camera_frame_grab | [in#0 @ 0x62a10397bc40] Error opening input: Netw
2026-09-30T16:55:43-10:00job:security_camera_frame_grab | a-eyes: ch2 grab failed
2026-09-30T16:55:43-10:00job:security_camera_frame_grab | 16:55:43  ✗  a-eyes  ch3 FAILED: [tcp @ 0x644c1107e940] Connection to tcp://192.168.1.33:554?timeout=0 failed: Network is unreachable
2026-09-30T16:55:43-10:00job:security_camera_frame_grab | [in#0 @ 0x644c1107bc40] Error opening input: Netw
2026-09-30T16:55:43-10:00job:security_camera_frame_grab | a-eyes: ch3 grab failed
2026-09-30T16:55:43-10:00job:security_camera_frame_grab | 16:55:43  ✗  a-eyes  ch4 FAILED: [tcp @ 0x5dd8969f5940] Connection to tcp://192.168.1.33:554?timeout=0 failed: Network is unreachable
2026-09-30T16:55:43-10:00job:security_camera_frame_grab | [in#0 @ 0x5dd8969f2c40] Error opening input: Netw
2026-09-30T16:55:43-10:00job:security_camera_frame_grab | a-eyes: ch4 grab failed
2026-09-30T16:55:44-10:00job:security_camera_frame_grab RUN  bash "/home/rootrecord/RootRecord-Ecosystem/1 - Servers/1 - RootRecord-Pacific-Solar-Server/Security/Cameras/grab_all.sh"
2026-09-30T16:55:44-10:00job:security_camera_frame_grab | 16:55:44  ✗  a-eyes  ch1 FAILED: [tcp @ 0x564c6d26d940] Connection to tcp://192.168.1.33:554?timeout=0 failed: Network is unreachable
2026-09-30T16:55:44-10:00job:security_camera_frame_grab | [in#0 @ 0x564c6d26ac40] Error opening input: Netw
2026-09-30T16:55:44-10:00job:security_camera_frame_grab | a-eyes: ch1 grab failed
2026-09-30T16:55:44-10:00job:security_camera_frame_grab | 16:55:44  ✗  a-eyes  ch2 FAILED: [tcp @ 0x63d701c13940] Connection to tcp://192.168.1.33:554?timeout=0 failed: Network is unreachable
2026-09-30T16:55:44-10:00job:security_camera_frame_grab | [in#0 @ 0x63d701c10c40] Error opening input: Netw
2026-09-30T16:55:44-10:00job:security_camera_frame_grab | a-eyes: ch2 grab failed
2026-09-30T16:55:44-10:00job:security_camera_frame_grab | 16:55:44  ✗  a-eyes  ch3 FAILED: [tcp @ 0x641462481940] Connection to tcp://192.168.1.33:554?timeout=0 failed: Network is unreachable
2026-09-30T16:55:44-10:00job:security_camera_frame_grab | [in#0 @ 0x64146247ec40] Error opening input: Netw
2026-09-30T16:55:44-10:00job:security_camera_frame_grab | a-eyes: ch3 grab failed
2026-09-30T16:55:44-10:00job:security_camera_frame_grab | 16:55:44  ✗  a-eyes  ch4 FAILED: [tcp @ 0x64cf75333940] Connection to tcp://192.168.1.33:554?timeout=0 failed: Network is unreachable
2026-09-30T16:55:44-10:00job:security_camera_frame_grab | [in#0 @ 0x64cf75330c40] Error opening input: Netw
2026-09-30T16:55:44-10:00job:security_camera_frame_grab | a-eyes: ch4 grab failed
2026-09-30T16:55:56-10:00  ✗  ecoflow_read_cycle  WAITING
2026-09-30T16:55:56-10:00cloudflared ERR: 2026-10-01T02:55:56Z ERR Failed to dial a quic connection error="failed to dial to edge with quic: write udp [::]:39565-
2026-09-30T16:55:56-10:00job:sys_stats_cycle RUN  bash "/home/rootrecord/RootRecord-Ecosystem/1 - Servers/1 - RootRecord-Pacific-Solar-Server/System/scripts/sys-sample.sh"
2026-09-30T16:55:57-10:00job:sys_stats_cycle | SYSTEM  cpu=21%  load=4.02  mem=32%  src=sqlite
2026-09-30T16:55:57-10:00job:sys_stats_cycle | OK wrote /home/rootrecord/RootRecord-Ecosystem/2 - RootRecord-Database/System/samples/sys-20260930-165556.json
2026-09-30T16:55:57-10:00job:github_sync_all SKIP — offline (will retry when internet is up)
2026-09-30T16:55:57-10:00job:security_camera_frame_grab RUN  bash "/home/rootrecord/RootRecord-Ecosystem/1 - Servers/1 - RootRecord-Pacific-Solar-Server/Security/Cameras/grab_all.sh"
2026-09-30T16:55:57-10:00job:security_camera_frame_grab | 16:55:57  ✗  a-eyes  ch1 FAILED: [tcp @ 0x5ff344f32940] Connection to tcp://192.168.1.33:554?timeout=0 failed: Network is unreachable
2026-09-30T16:55:57-10:00job:security_camera_frame_grab | [in#0 @ 0x5ff344f2fc40] Error opening input: Netw
2026-09-30T16:55:57-10:00job:security_camera_frame_grab | a-eyes: ch1 grab failed
2026-09-30T16:55:57-10:00job:security_camera_frame_grab | 16:55:57  ✗  a-eyes  ch2 FAILED: [tcp @ 0x61f26cf21940] Connection to tcp://192.168.1.33:554?timeout=0 failed: Network is unreachable
2026-09-30T16:55:57-10:00job:security_camera_frame_grab | [in#0 @ 0x61f26cf1ec40] Error opening input: Netw
2026-09-30T16:55:57-10:00job:security_camera_frame_grab | a-eyes: ch2 grab failed
2026-09-30T16:55:57-10:00job:security_camera_frame_grab | 16:55:57  ✗  a-eyes  ch3 FAILED: [tcp @ 0x6336bf265940] Connection to tcp://192.168.1.33:554?timeout=0 failed: Network is unreachable
2026-09-30T16:55:57-10:00job:security_camera_frame_grab | [in#0 @ 0x6336bf262c40] Error opening input: Netw
2026-09-30T16:55:57-10:00job:security_camera_frame_grab | a-eyes: ch3 grab failed
2026-09-30T16:55:57-10:00job:security_camera_frame_grab | 16:55:57  ✗  a-eyes  ch4 FAILED: [tcp @ 0x5c3cf13d0940] Connection to tcp://192.168.1.33:554?timeout=0 failed: Network is unreachable
2026-09-30T16:55:57-10:00job:security_camera_frame_grab | [in#0 @ 0x5c3cf13cdc40] Error opening input: Netw
2026-09-30T16:55:57-10:00job:security_camera_frame_grab | a-eyes: ch4 grab failed
2026-09-30T16:55:58-10:00job:security_camera_frame_grab RUN  bash "/home/rootrecord/RootRecord-Ecosystem/1 - Servers/1 - RootRecord-Pacific-Solar-Server/Security/Cameras/grab_all.sh"
2026-09-30T16:55:58-10:00job:security_camera_frame_grab | 16:55:58  ✗  a-eyes  ch1 FAILED: [tcp @ 0x6204fb587940] Connection to tcp://192.168.1.33:554?timeout=0 failed: Network is unreachable
2026-09-30T16:55:58-10:00job:security_camera_frame_grab | [in#0 @ 0x6204fb584c40] Error opening input: Netw
2026-09-30T16:55:58-10:00job:security_camera_frame_grab | a-eyes: ch1 grab failed
2026-09-30T16:55:58-10:00job:security_camera_frame_grab | 16:55:58  ✗  a-eyes  ch2 FAILED: [tcp @ 0x5c7f28fb4940] Connection to tcp://192.168.1.33:554?timeout=0 failed: Network is unreachable
2026-09-30T16:55:58-10:00job:security_camera_frame_grab | [in#0 @ 0x5c7f28fb1c40] Error opening input: Netw
2026-09-30T16:55:58-10:00job:security_camera_frame_grab | a-eyes: ch2 grab failed
2026-09-30T16:55:58-10:00job:security_camera_frame_grab | 16:55:58  ✗  a-eyes  ch3 FAILED: [tcp @ 0x63e1f5ea7940] Connection to tcp://192.168.1.33:554?timeout=0 failed: Network is unreachable
2026-09-30T16:55:58-10:00job:security_camera_frame_grab | [in#0 @ 0x63e1f5ea4c40] Error opening input: Netw
2026-09-30T16:55:58-10:00job:security_camera_frame_grab | a-eyes: ch3 grab failed
2026-09-30T16:55:58-10:00job:security_camera_frame_grab | 16:55:58  ✗  a-eyes  ch4 FAILED: [tcp @ 0x5a6eece7b940] Connection to tcp://192.168.1.33:554?timeout=0 failed: Network is unreachable
2026-09-30T16:55:58-10:00job:security_camera_frame_grab | [in#0 @ 0x5a6eece78c40] Error opening input: Netw
2026-09-30T16:55:58-10:00job:security_camera_frame_grab | a-eyes: ch4 grab failed
2026-09-30T16:55:59-10:00job:security_camera_frame_grab RUN  bash "/home/rootrecord/RootRecord-Ecosystem/1 - Servers/1 - RootRecord-Pacific-Solar-Server/Security/Cameras/grab_all.sh"
2026-09-30T16:55:59-10:00job:security_camera_frame_grab | 16:55:59  ✗  a-eyes  ch1 FAILED: [tcp @ 0x5e2e44d40940] Connection to tcp://192.168.1.33:554?timeout=0 failed: Network is unreachable
2026-09-30T16:55:59-10:00job:security_camera_frame_grab | [in#0 @ 0x5e2e44d3dc40] Error opening input: Netw
2026-09-30T16:55:59-10:00job:security_camera_frame_grab | a-eyes: ch1 grab failed
2026-09-30T16:55:59-10:00job:security_camera_frame_grab | 16:55:59  ✗  a-eyes  ch2 FAILED: [tcp @ 0x64903ce24940] Connection to tcp://192.168.1.33:554?timeout=0 failed: Network is unreachable
2026-09-30T16:55:59-10:00job:security_camera_frame_grab | [in#0 @ 0x64903ce21c40] Error opening input: Netw
2026-09-30T16:55:59-10:00job:security_camera_frame_grab | a-eyes: ch2 grab failed
2026-09-30T16:55:59-10:00job:security_camera_frame_grab | 16:55:59  ✗  a-eyes  ch3 FAILED: [tcp @ 0x647b1ba7c940] Connection to tcp://192.168.1.33:554?timeout=0 failed: Network is unreachable
2026-09-30T16:55:59-10:00job:security_camera_frame_grab | [in#0 @ 0x647b1ba79c40] Error opening input: Netw
2026-09-30T16:55:59-10:00job:security_camera_frame_grab | a-eyes: ch3 grab failed
2026-09-30T16:55:59-10:00job:security_camera_frame_grab | 16:55:59  ✗  a-eyes  ch4 FAILED: [tcp @ 0x61fbeafe8940] Connection to tcp://192.168.1.33:554?timeout=0 failed: Network is unreachable
2026-09-30T16:55:59-10:00job:security_camera_frame_grab | [in#0 @ 0x61fbeafe5c40] Error opening input: Netw
2026-09-30T16:55:59-10:00job:security_camera_frame_grab | a-eyes: ch4 grab failed
2026-09-30T16:56:12-10:00cloudflared ERR: 2026-10-01T02:56:12Z ERR Failed to dial a quic connection error="failed to dial to edge with quic: write udp [::]:39565-
2026-09-30T16:56:14-10:00  ▸  SUMMARY=delta2 soc=99.9% solar=0W ac_out=128W usbc=0W src=ble db=ok
2026-09-30T16:56:14-10:00internet DOWN — net services waiting (retry ~60s)
2026-09-30T16:56:14-10:00ENERGY  status=live  B2=99.9%  B1=11.9%  solar=0 W  ac=128 W  usbc=0 W  src=/home/rootrecord/RootRecord-Ecosystem/2 - RootRecord-Database/Energy  LAP=100%/Discharging/batt
2026-09-30T16:56:14-10:00job:sys_stats_cycle RUN  bash "/home/rootrecord/RootRecord-Ecosystem/1 - Servers/1 - RootRecord-Pacific-Solar-Server/System/scripts/sys-sample.sh"
2026-09-30T16:56:16-10:00job:sys_stats_cycle | SYSTEM  cpu=16%  load=3.42  mem=32%  src=sqlite
2026-09-30T16:56:16-10:00job:sys_stats_cycle | OK wrote /home/rootrecord/RootRecord-Ecosystem/2 - RootRecord-Database/System/samples/sys-20260930-165615.json
2026-09-30T16:56:16-10:00job:github_sync_all SKIP — offline (will retry when internet is up)
2026-09-30T16:56:16-10:00job:security_camera_frame_grab RUN  bash "/home/rootrecord/RootRecord-Ecosystem/1 - Servers/1 - RootRecord-Pacific-Solar-Server/Security/Cameras/grab_all.sh"
2026-09-30T16:56:16-10:00job:security_camera_frame_grab | 16:56:16  ✗  a-eyes  ch1 FAILED: [tcp @ 0x562a21fc8940] Connection to tcp://192.168.1.33:554?timeout=0 failed: Network is unreachable
2026-09-30T16:56:16-10:00job:security_camera_frame_grab | [in#0 @ 0x562a21fc5c40] Error opening input: Netw
2026-09-30T16:56:16-10:00job:security_camera_frame_grab | a-eyes: ch1 grab failed
2026-09-30T16:56:16-10:00job:security_camera_frame_grab | 16:56:16  ✗  a-eyes  ch2 FAILED: [tcp @ 0x5ab539627940] Connection to tcp://192.168.1.33:554?timeout=0 failed: Network is unreachable
2026-09-30T16:56:16-10:00job:security_camera_frame_grab | [in#0 @ 0x5ab539624c40] Error opening input: Netw
2026-09-30T16:56:16-10:00job:security_camera_frame_grab | a-eyes: ch2 grab failed
2026-09-30T16:56:16-10:00job:security_camera_frame_grab | 16:56:16  ✗  a-eyes  ch3 FAILED: [tcp @ 0x5e6fdf5ce940] Connection to tcp://192.168.1.33:554?timeout=0 failed: Network is unreachable
2026-09-30T16:56:16-10:00job:security_camera_frame_grab | [in#0 @ 0x5e6fdf5cbc40] Error opening input: Netw
2026-09-30T16:56:16-10:00job:security_camera_frame_grab | a-eyes: ch3 grab failed
2026-09-30T16:56:16-10:00job:security_camera_frame_grab | 16:56:16  ✗  a-eyes  ch4 FAILED: [tcp @ 0x56c2e81bf940] Connection to tcp://192.168.1.33:554?timeout=0 failed: Network is unreachable
2026-09-30T16:56:16-10:00job:security_camera_frame_grab | [in#0 @ 0x56c2e81bcc40] Error opening input: Netw
2026-09-30T16:56:16-10:00job:security_camera_frame_grab | a-eyes: ch4 grab failed
2026-09-30T16:56:20-10:00cloudflared ERR: 2026-10-01T02:56:20Z ERR Failed to dial a quic connection error="failed to dial to edge with quic: write udp [::]:39565-
2026-09-30T16:56:21-10:00cloudflared ERR: 2026-10-01T02:56:21Z ERR Failed to dial a quic connection error="failed to dial to edge with quic: write udp [::]:39565-
2026-09-30T16:56:27-10:00  ✗  ecoflow_read_cycle  WAITING
2026-09-30T16:56:27-10:00job:security_camera_frame_grab RUN  bash "/home/rootrecord/RootRecord-Ecosystem/1 - Servers/1 - RootRecord-Pacific-Solar-Server/Security/Cameras/grab_all.sh"
2026-09-30T16:56:28-10:00job:security_camera_frame_grab | 16:56:27  ✗  a-eyes  ch1 FAILED: [tcp @ 0x5fe7aaf5f940] Connection to tcp://192.168.1.33:554?timeout=0 failed: Network is unreachable
2026-09-30T16:56:28-10:00job:security_camera_frame_grab | [in#0 @ 0x5fe7aaf5cc40] Error opening input: Netw
2026-09-30T16:56:28-10:00job:security_camera_frame_grab | a-eyes: ch1 grab failed
2026-09-30T16:56:28-10:00job:security_camera_frame_grab | 16:56:27  ✗  a-eyes  ch2 FAILED: [tcp @ 0x57cb9d8b6940] Connection to tcp://192.168.1.33:554?timeout=0 failed: Network is unreachable
2026-09-30T16:56:28-10:00job:security_camera_frame_grab | [in#0 @ 0x57cb9d8b3c40] Error opening input: Netw
2026-09-30T16:56:28-10:00job:security_camera_frame_grab | a-eyes: ch2 grab failed
2026-09-30T16:56:28-10:00job:security_camera_frame_grab | 16:56:27  ✗  a-eyes  ch3 FAILED: [tcp @ 0x6065cd745940] Connection to tcp://192.168.1.33:554?timeout=0 failed: Network is unreachable
2026-09-30T16:56:28-10:00job:security_camera_frame_grab | [in#0 @ 0x6065cd742c40] Error opening input: Netw
2026-09-30T16:56:28-10:00job:security_camera_frame_grab | a-eyes: ch3 grab failed
2026-09-30T16:56:28-10:00job:security_camera_frame_grab | 16:56:28  ✗  a-eyes  ch4 FAILED: [tcp @ 0x5ce6831e8940] Connection to tcp://192.168.1.33:554?timeout=0 failed: Network is unreachable
2026-09-30T16:56:28-10:00job:security_camera_frame_grab | [in#0 @ 0x5ce6831e5c40] Error opening input: Netw
2026-09-30T16:56:28-10:00job:security_camera_frame_grab | a-eyes: ch4 grab failed
2026-09-30T16:56:28-10:00job:sys_stats_cycle RUN  bash "/home/rootrecord/RootRecord-Ecosystem/1 - Servers/1 - RootRecord-Pacific-Solar-Server/System/scripts/sys-sample.sh"
2026-09-30T16:56:29-10:00job:sys_stats_cycle | SYSTEM  cpu=18%  load=3.82  mem=32%  src=sqlite
2026-09-30T16:56:29-10:00job:sys_stats_cycle | OK wrote /home/rootrecord/RootRecord-Ecosystem/2 - RootRecord-Database/System/samples/sys-20260930-165628.json
2026-09-30T16:56:29-10:00job:github_sync_all SKIP — offline (will retry when internet is up)
2026-09-30T16:56:29-10:00job:security_camera_frame_grab RUN  bash "/home/rootrecord/RootRecord-Ecosystem/1 - Servers/1 - RootRecord-Pacific-Solar-Server/Security/Cameras/grab_all.sh"
2026-09-30T16:56:30-10:00job:security_camera_frame_grab | 16:56:29  ✗  a-eyes  ch1 FAILED: [tcp @ 0x5efc65516940] Connection to tcp://192.168.1.33:554?timeout=0 failed: Network is unreachable
2026-09-30T16:56:30-10:00job:security_camera_frame_grab | [in#0 @ 0x5efc65513c40] Error opening input: Netw
2026-09-30T16:56:30-10:00job:security_camera_frame_grab | a-eyes: ch1 grab failed
2026-09-30T16:56:30-10:00job:security_camera_frame_grab | 16:56:29  ✗  a-eyes  ch2 FAILED: [tcp @ 0x584163b78940] Connection to tcp://192.168.1.33:554?timeout=0 failed: Network is unreachable
2026-09-30T16:56:30-10:00job:security_camera_frame_grab | [in#0 @ 0x584163b75c40] Error opening input: Netw
2026-09-30T16:56:30-10:00job:security_camera_frame_grab | a-eyes: ch2 grab failed
2026-09-30T16:56:30-10:00job:security_camera_frame_grab | 16:56:29  ✗  a-eyes  ch3 FAILED: [tcp @ 0x6101e19c3940] Connection to tcp://192.168.1.33:554?timeout=0 failed: Network is unreachable
2026-09-30T16:56:30-10:00job:security_camera_frame_grab | [in#0 @ 0x6101e19c0c40] Error opening input: Netw
2026-09-30T16:56:30-10:00job:security_camera_frame_grab | a-eyes: ch3 grab failed
2026-09-30T16:56:30-10:00job:security_camera_frame_grab | 16:56:30  ✗  a-eyes  ch4 FAILED: [tcp @ 0x588c92e7c940] Connection to tcp://192.168.1.33:554?timeout=0 failed: Network is unreachable
2026-09-30T16:56:30-10:00job:security_camera_frame_grab | [in#0 @ 0x588c92e79c40] Error opening input: Netw
2026-09-30T16:56:30-10:00job:security_camera_frame_grab | a-eyes: ch4 grab failed
2026-09-30T16:56:30-10:00job:security_camera_frame_grab RUN  bash "/home/rootrecord/RootRecord-Ecosystem/1 - Servers/1 - RootRecord-Pacific-Solar-Server/Security/Cameras/grab_all.sh"
2026-09-30T16:56:30-10:00job:security_camera_frame_grab | 16:56:30  ✗  a-eyes  ch1 FAILED: [tcp @ 0x638071ee6940] Connection to tcp://192.168.1.33:554?timeout=0 failed: Network is unreachable
2026-09-30T16:56:30-10:00job:security_camera_frame_grab | [in#0 @ 0x638071ee3c40] Error opening input: Netw
2026-09-30T16:56:30-10:00job:security_camera_frame_grab | a-eyes: ch1 grab failed
2026-09-30T16:56:30-10:00job:security_camera_frame_grab | 16:56:30  ✗  a-eyes  ch2 FAILED: [tcp @ 0x559ba66fe940] Connection to tcp://192.168.1.33:554?timeout=0 failed: Network is unreachable
2026-09-30T16:56:30-10:00job:security_camera_frame_grab | [in#0 @ 0x559ba66fbc40] Error opening input: Netw
2026-09-30T16:56:30-10:00job:security_camera_frame_grab | a-eyes: ch2 grab failed
2026-09-30T16:56:30-10:00job:security_camera_frame_grab | 16:56:30  ✗  a-eyes  ch3 FAILED: [tcp @ 0x5675e50ef940] Connection to tcp://192.168.1.33:554?timeout=0 failed: Network is unreachable
2026-09-30T16:56:30-10:00job:security_camera_frame_grab | [in#0 @ 0x5675e50ecc40] Error opening input: Netw
2026-09-30T16:56:30-10:00job:security_camera_frame_grab | a-eyes: ch3 grab failed
2026-09-30T16:56:30-10:00job:security_camera_frame_grab | 16:56:30  ✗  a-eyes  ch4 FAILED: [tcp @ 0x61421eaa8940] Connection to tcp://192.168.1.33:554?timeout=0 failed: Network is unreachable
2026-09-30T16:56:30-10:00job:security_camera_frame_grab | [in#0 @ 0x61421eaa5c40] Error opening input: Netw
2026-09-30T16:56:30-10:00job:security_camera_frame_grab | a-eyes: ch4 grab failed
2026-09-30T16:56:31-10:00job:security_camera_frame_grab RUN  bash "/home/rootrecord/RootRecord-Ecosystem/1 - Servers/1 - RootRecord-Pacific-Solar-Server/Security/Cameras/grab_all.sh"
2026-09-30T16:56:31-10:00job:security_camera_frame_grab | 16:56:31  ✗  a-eyes  ch1 FAILED: [tcp @ 0x5a73a5572940] Connection to tcp://192.168.1.33:554?timeout=0 failed: Network is unreachable
2026-09-30T16:56:31-10:00job:security_camera_frame_grab | [in#0 @ 0x5a73a556fc40] Error opening input: Netw
2026-09-30T16:56:31-10:00job:security_camera_frame_grab | a-eyes: ch1 grab failed
2026-09-30T16:56:31-10:00job:security_camera_frame_grab | 16:56:31  ✗  a-eyes  ch2 FAILED: [tcp @ 0x647a89bce940] Connection to tcp://192.168.1.33:554?timeout=0 failed: Network is unreachable
2026-09-30T16:56:31-10:00job:security_camera_frame_grab | [in#0 @ 0x647a89bcbc40] Error opening input: Netw
2026-09-30T16:56:31-10:00job:security_camera_frame_grab | a-eyes: ch2 grab failed
2026-09-30T16:56:31-10:00job:security_camera_frame_grab | 16:56:31  ✗  a-eyes  ch3 FAILED: [tcp @ 0x58c7d2acb940] Connection to tcp://192.168.1.33:554?timeout=0 failed: Network is unreachable
2026-09-30T16:56:31-10:00job:security_camera_frame_grab | [in#0 @ 0x58c7d2ac8c40] Error opening input: Netw
2026-09-30T16:56:31-10:00job:security_camera_frame_grab | a-eyes: ch3 grab failed
2026-09-30T16:56:31-10:00job:security_camera_frame_grab | 16:56:31  ✗  a-eyes  ch4 FAILED: [tcp @ 0x5c34917cf940] Connection to tcp://192.168.1.33:554?timeout=0 failed: Network is unreachable
2026-09-30T16:56:31-10:00job:security_camera_frame_grab | [in#0 @ 0x5c34917ccc40] Error opening input: Netw
2026-09-30T16:56:31-10:00job:security_camera_frame_grab | a-eyes: ch4 grab failed
2026-09-30T16:56:44-10:00cloudflared ERR: 2026-10-01T02:56:44Z ERR Failed to dial a quic connection error="failed to dial to edge with quic: write udp [::]:39565-
2026-09-30T16:56:46-10:00  ▸  SUMMARY=delta2 soc=99.8% solar=0W ac_out=90W usbc=0W src=ble db=ok
2026-09-30T16:56:46-10:00job:sys_stats_cycle RUN  bash "/home/rootrecord/RootRecord-Ecosystem/1 - Servers/1 - RootRecord-Pacific-Solar-Server/System/scripts/sys-sample.sh"
2026-09-30T16:56:48-10:00job:sys_stats_cycle | SYSTEM  cpu=18%  load=3.89  mem=32%  src=sqlite
2026-09-30T16:56:48-10:00job:sys_stats_cycle | OK wrote /home/rootrecord/RootRecord-Ecosystem/2 - RootRecord-Database/System/samples/sys-20260930-165647.json
2026-09-30T16:56:48-10:00job:github_sync_all SKIP — offline (will retry when internet is up)
2026-09-30T16:56:48-10:00job:worklog_scan RUN  bash "/home/rootrecord/RootRecord-Ecosystem/1 - Servers/1 - RootRecord-Pacific-Solar-Server/Reports/scripts/worklog_once.sh"
2026-09-30T16:56:50-10:00job:worklog_scan | OK wrote/updated /home/rootrecord/RootRecord-Ecosystem/2 - RootRecord-Database/Worklog/worklog_current.md
2026-09-30T16:56:50-10:00job:security_camera_frame_grab RUN  bash "/home/rootrecord/RootRecord-Ecosystem/1 - Servers/1 - RootRecord-Pacific-Solar-Server/Security/Cameras/grab_all.sh"
2026-09-30T16:56:50-10:00job:security_camera_frame_grab | 16:56:50  ✗  a-eyes  ch1 FAILED: [tcp @ 0x61aef4aed940] Connection to tcp://192.168.1.33:554?timeout=0 failed: Network is unreachable
2026-09-30T16:56:50-10:00job:security_camera_frame_grab | [in#0 @ 0x61aef4aeac40] Error opening input: Netw
2026-09-30T16:56:50-10:00job:security_camera_frame_grab | a-eyes: ch1 grab failed
2026-09-30T16:56:50-10:00job:security_camera_frame_grab | 16:56:50  ✗  a-eyes  ch2 FAILED: [tcp @ 0x6078c7cc1940] Connection to tcp://192.168.1.33:554?timeout=0 failed: Network is unreachable
2026-09-30T16:56:50-10:00job:security_camera_frame_grab | [in#0 @ 0x6078c7cbec40] Error opening input: Netw
2026-09-30T16:56:50-10:00job:security_camera_frame_grab | a-eyes: ch2 grab failed
2026-09-30T16:56:50-10:00job:security_camera_frame_grab | 16:56:50  ✗  a-eyes  ch3 FAILED: [tcp @ 0x58ee3b7c4940] Connection to tcp://192.168.1.33:554?timeout=0 failed: Network is unreachable
2026-09-30T16:56:50-10:00job:security_camera_frame_grab | [in#0 @ 0x58ee3b7c1c40] Error opening input: Netw
2026-09-30T16:56:50-10:00job:security_camera_frame_grab | a-eyes: ch3 grab failed
2026-09-30T16:56:50-10:00job:security_camera_frame_grab | 16:56:50  ✗  a-eyes  ch4 FAILED: [tcp @ 0x57567aba1940] Connection to tcp://192.168.1.33:554?timeout=0 failed: Network is unreachable
2026-09-30T16:56:50-10:00job:security_camera_frame_grab | [in#0 @ 0x57567ab9ec40] Error opening input: Netw
2026-09-30T16:56:50-10:00job:security_camera_frame_grab | a-eyes: ch4 grab failed
2026-09-30T16:57:05-10:00  ▸  SUMMARY=delta2 soc=99.7% solar=0W ac_out=78W usbc=0W src=ble db=ok
2026-09-30T16:57:05-10:00job:security_camera_frame_grab RUN  bash "/home/rootrecord/RootRecord-Ecosystem/1 - Servers/1 - RootRecord-Pacific-Solar-Server/Security/Cameras/grab_all.sh"
2026-09-30T16:57:05-10:00tunnel timeout — reconnecting
2026-09-30T16:57:11-10:00tunnel timeout — reconnecting
2026-09-30T16:57:18-10:00tunnel timeout — reconnecting
2026-09-30T16:57:24-10:00job:security_camera_frame_grab | 16:57:05  📷  a-eyes  ch1 → ch1-20261001T025705Z.jpg  (527.8 KB, 4.54s)
2026-09-30T16:57:24-10:00job:security_camera_frame_grab | 16:57:10  📷  a-eyes  ch2 → ch2-20261001T025710Z.jpg  (92.6 KB, 4.45s)
2026-09-30T16:57:24-10:00job:security_camera_frame_grab | 16:57:14  📷  a-eyes  ch3 → ch3-20261001T025714Z.jpg  (262.0 KB, 4.55s)
2026-09-30T16:57:24-10:00job:security_camera_frame_grab | 16:57:19  📷  a-eyes  ch4 → ch4-20261001T025719Z.jpg  (128.5 KB, 4.57s)
2026-09-30T16:57:24-10:00ENERGY  status=live  B2=99.7%  B1=11.9%  solar=0 W  ac=78 W  usbc=0 W  src=/home/rootrecord/RootRecord-Ecosystem/2 - RootRecord-Database/Energy  LAP=100%/Discharging/batt
2026-09-30T16:57:30-10:00tunnel connected  conn=0  edge=lax01
2026-09-30T16:57:38-10:00  ▸  SUMMARY=delta2 soc=99.6% solar=0W ac_out=77W usbc=0W src=ble db=ok
2026-09-30T16:57:38-10:00job:sys_stats_cycle RUN  bash "/home/rootrecord/RootRecord-Ecosystem/1 - Servers/1 - RootRecord-Pacific-Solar-Server/System/scripts/sys-sample.sh"
2026-09-30T16:57:39-10:00job:sys_stats_cycle | SYSTEM  cpu=9%  load=3.39  mem=32%  src=sqlite
2026-09-30T16:57:39-10:00job:sys_stats_cycle | OK wrote /home/rootrecord/RootRecord-Ecosystem/2 - RootRecord-Database/System/samples/sys-20260930-165738.json
2026-09-30T16:58:26-10:00job:github_sync_all | ↑ [ecosystem] committed 7 local file(s)
2026-09-30T16:58:26-10:00job:github_sync_all | ↓ [ecosystem] fetching origin/main
2026-09-30T16:58:26-10:00job:github_sync_all | From github.com:RootRecord-Software-Solutions/RootRecord-Ecosystem
2026-09-30T16:58:26-10:00job:github_sync_all | * branch            main       -> FETCH_HEAD
2026-09-30T16:58:26-10:00job:github_sync_all | ↑ [ecosystem] local is ahead of GitHub
2026-09-30T16:58:26-10:00job:github_sync_all | To github.com:RootRecord-Software-Solutions/RootRecord-Ecosystem.git
2026-09-30T16:58:26-10:00job:github_sync_all | b6482b1..6ebb593  HEAD -> main
2026-09-30T16:58:26-10:00job:github_sync_all | branch 'main' set up to track 'origin/main'.
2026-09-30T16:58:26-10:00job:github_sync_all | ↑ [ecosystem] 7 files → RootRecord-Software-Solutions/RootRecord-Ecosystem (main)
2026-09-30T16:58:26-10:00job:github_sync_all | ↑ [pacific] committed 1 local file(s)
2026-09-30T16:58:26-10:00job:github_sync_all | ↓ [pacific] fetching origin/main
2026-09-30T16:58:26-10:00job:github_sync_all | From github.com:RootRecord-Software-Solutions/RootRecord-Pacific-Solar-Server
2026-09-30T16:58:26-10:00job:github_sync_all | * branch            main       -> FETCH_HEAD
2026-09-30T16:58:26-10:00job:github_sync_all | ↑ [pacific] local is ahead of GitHub
2026-09-30T16:58:26-10:00job:github_sync_all | To github.com:RootRecord-Software-Solutions/RootRecord-Pacific-Solar-Server.git
2026-09-30T16:58:26-10:00job:github_sync_all | 33ef740..a441be5  HEAD -> main
2026-09-30T16:58:26-10:00job:github_sync_all | branch 'main' set up to track 'origin/main'.
2026-09-30T16:58:26-10:00job:github_sync_all | ↑ [pacific] 1 files → RootRecord-Software-Solutions/RootRecord-Pacific-Solar-Server (main)
2026-09-30T16:58:26-10:00job:github_sync_all | ↑ [database] committed 40 local file(s)
2026-09-30T16:58:26-10:00job:github_sync_all | ↓ [database] fetching origin/main
2026-09-30T16:58:26-10:00job:github_sync_all | From github.com:RootRecord-Software-Solutions/RootRecord-Database
2026-09-30T16:58:26-10:00job:github_sync_all | * branch              main       -> FETCH_HEAD
2026-09-30T16:58:26-10:00job:github_sync_all | ↑ [database] local is ahead of GitHub
2026-09-30T16:58:26-10:00job:github_sync_all | To github.com:RootRecord-Software-Solutions/RootRecord-Database.git
2026-09-30T16:58:26-10:00job:github_sync_all | 07996b86..fed36d7a  HEAD -> main
2026-09-30T16:58:26-10:00job:github_sync_all | branch 'main' set up to track 'origin/main'.
2026-09-30T16:58:26-10:00job:github_sync_all | ↑ [database] 40 files → RootRecord-Software-Solutions/RootRecord-Database (main)
2026-09-30T16:58:26-10:00job:github_sync_all | — [library] no local changes
2026-09-30T16:58:26-10:00job:github_sync_all | ↓ [library] fetching origin/main
2026-09-30T16:58:26-10:00job:github_sync_all | From github.com:RootRecord-Software-Solutions/RootRecord-Library
2026-09-30T16:58:26-10:00job:github_sync_all | * branch            main       -> FETCH_HEAD
2026-09-30T16:58:26-10:00job:github_sync_all | — [library] local and GitHub already match
2026-09-30T16:58:26-10:00job:github_sync_all | — [library] nothing to push
2026-09-30T16:58:26-10:00job:github_sync_all | — [skills] no local changes
2026-09-30T16:58:26-10:00job:github_sync_all | ↓ [skills] fetching origin/main
2026-09-30T16:58:26-10:00job:github_sync_all | From github.com:rootrecordsoftwaresolutions/Solar-Pacific-RootRecord-Server
2026-09-30T16:58:26-10:00job:github_sync_all | * branch            main       -> FETCH_HEAD
2026-09-30T16:58:26-10:00job:github_sync_all | — [skills] local and GitHub already match
2026-09-30T16:58:26-10:00job:github_sync_all | — [skills] nothing to push
2026-09-30T16:58:26-10:00job:security_camera_frame_grab RUN  bash "/home/rootrecord/RootRecord-Ecosystem/1 - Servers/1 - RootRecord-Pacific-Solar-Server/Security/Cameras/grab_all.sh"
2026-09-30T16:58:45-10:00job:security_camera_frame_grab | 16:58:26  📷  a-eyes  ch1 → ch1-20261001T025826Z.jpg  (529.7 KB, 4.50s)
2026-09-30T16:58:45-10:00job:security_camera_frame_grab | 16:58:31  📷  a-eyes  ch2 → ch2-20261001T025831Z.jpg  (94.2 KB, 4.69s)
2026-09-30T16:58:45-10:00job:security_camera_frame_grab | 16:58:35  📷  a-eyes  ch3 → ch3-20261001T025835Z.jpg  (259.2 KB, 4.72s)
2026-09-30T16:58:45-10:00job:security_camera_frame_grab | 16:58:40  📷  a-eyes  ch4 → ch4-20261001T025840Z.jpg  (130.8 KB, 4.71s)
2026-09-30T16:58:45-10:00ENERGY  status=live  B2=99.6%  B1=11.9%  solar=0 W  ac=77 W  usbc=0 W  src=/home/rootrecord/RootRecord-Ecosystem/2 - RootRecord-Database/Energy  LAP=100%/Discharging/batt
2026-09-30T16:58:57-10:00  ✗  ecoflow_read_cycle  WAITING
2026-09-30T16:58:57-10:00job:sys_stats_cycle RUN  bash "/home/rootrecord/RootRecord-Ecosystem/1 - Servers/1 - RootRecord-Pacific-Solar-Server/System/scripts/sys-sample.sh"
2026-09-30T16:58:58-10:00job:sys_stats_cycle | SYSTEM  cpu=93%  load=8.24  mem=69%  src=sqlite
2026-09-30T16:58:58-10:00job:sys_stats_cycle | OK wrote /home/rootrecord/RootRecord-Ecosystem/2 - RootRecord-Database/System/samples/sys-20260930-165857.json
2026-09-30T16:59:27-10:00tunnel connected  conn=3  edge=lax11
2026-09-30T16:59:27-10:00tunnel connected  conn=1  edge=lax10
2026-09-30T16:59:27-10:00tunnel connected  conn=2  edge=lax01
2026-09-30T16:59:41-10:00job:github_sync_all | — [ecosystem] no committable local changes
2026-09-30T16:59:41-10:00job:github_sync_all | ↓ [ecosystem] fetching origin/main
2026-09-30T16:59:41-10:00job:github_sync_all | From github.com:RootRecord-Software-Solutions/RootRecord-Ecosystem
2026-09-30T16:59:41-10:00job:github_sync_all | * branch            main       -> FETCH_HEAD
2026-09-30T16:59:41-10:00job:github_sync_all | — [ecosystem] local and GitHub already match
2026-09-30T16:59:41-10:00job:github_sync_all | — [ecosystem] nothing to push
2026-09-30T16:59:41-10:00job:github_sync_all | — [pacific] no local changes
2026-09-30T16:59:41-10:00job:github_sync_all | ↓ [pacific] fetching origin/main
2026-09-30T16:59:41-10:00job:github_sync_all | From github.com:RootRecord-Software-Solutions/RootRecord-Pacific-Solar-Server
2026-09-30T16:59:41-10:00job:github_sync_all | * branch            main       -> FETCH_HEAD
2026-09-30T16:59:41-10:00job:github_sync_all | — [pacific] local and GitHub already match
2026-09-30T16:59:41-10:00job:github_sync_all | — [pacific] nothing to push
2026-09-30T16:59:41-10:00job:github_sync_all | ↑ [database] committed 9 local file(s)
2026-09-30T16:59:41-10:00job:github_sync_all | ↓ [database] fetching origin/main
2026-09-30T16:59:41-10:00job:github_sync_all | From github.com:RootRecord-Software-Solutions/RootRecord-Database
2026-09-30T16:59:41-10:00job:github_sync_all | * branch              main       -> FETCH_HEAD
2026-09-30T16:59:41-10:00job:github_sync_all | ↑ [database] local is ahead of GitHub
2026-09-30T16:59:41-10:00job:github_sync_all | To github.com:RootRecord-Software-Solutions/RootRecord-Database.git
2026-09-30T16:59:41-10:00job:github_sync_all | fed36d7a..b28b1ee1  HEAD -> main
2026-09-30T16:59:41-10:00job:github_sync_all | branch 'main' set up to track 'origin/main'.
2026-09-30T16:59:41-10:00job:github_sync_all | ↑ [database] 9 files → RootRecord-Software-Solutions/RootRecord-Database (main)
2026-09-30T16:59:41-10:00job:github_sync_all | — [library] no local changes
2026-09-30T16:59:41-10:00job:github_sync_all | ↓ [library] fetching origin/main
2026-09-30T16:59:41-10:00job:github_sync_all | From github.com:RootRecord-Software-Solutions/RootRecord-Library
2026-09-30T16:59:41-10:00job:github_sync_all | * branch            main       -> FETCH_HEAD
2026-09-30T16:59:41-10:00job:github_sync_all | — [library] local and GitHub already match
2026-09-30T16:59:41-10:00job:github_sync_all | — [library] nothing to push
2026-09-30T16:59:41-10:00job:github_sync_all | — [skills] no local changes
2026-09-30T16:59:41-10:00job:github_sync_all | ↓ [skills] fetching origin/main
2026-09-30T16:59:41-10:00job:github_sync_all | From github.com:rootrecordsoftwaresolutions/Solar-Pacific-RootRecord-Server
2026-09-30T16:59:41-10:00job:github_sync_all | * branch            main       -> FETCH_HEAD
2026-09-30T16:59:41-10:00job:github_sync_all | — [skills] local and GitHub already match
2026-09-30T16:59:41-10:00job:github_sync_all | — [skills] nothing to push
2026-09-30T16:59:41-10:00job:worklog_scan RUN  bash "/home/rootrecord/RootRecord-Ecosystem/1 - Servers/1 - RootRecord-Pacific-Solar-Server/Reports/scripts/worklog_once.sh"
2026-09-30T16:59:51-10:00job:worklog_scan | OK wrote/updated /home/rootrecord/RootRecord-Ecosystem/2 - RootRecord-Database/Worklog/worklog_current.md
2026-09-30T16:59:51-10:00job:security_camera_frame_grab RUN  bash "/home/rootrecord/RootRecord-Ecosystem/1 - Servers/1 - RootRecord-Pacific-Solar-Server/Security/Cameras/grab_all.sh"
2026-09-30T17:00:09-10:00job:security_camera_frame_grab | 16:59:51  📷  a-eyes  ch1 → ch1-20261001T025951Z.jpg  (538.3 KB, 4.65s)
2026-09-30T17:00:09-10:00job:security_camera_frame_grab | 16:59:56  📷  a-eyes  ch2 → ch2-20261001T025956Z.jpg  (95.3 KB, 4.49s)
2026-09-30T17:00:09-10:00job:security_camera_frame_grab | 17:00:00  📷  a-eyes  ch3 → ch3-20261001T030000Z.jpg  (256.5 KB, 4.39s)
2026-09-30T17:00:09-10:00job:security_camera_frame_grab | 17:00:04  📷  a-eyes  ch4 → ch4-20261001T030004Z.jpg  (133.3 KB, 4.41s)
2026-09-30T17:00:09-10:00job:service_supervisor RUN  bash "/home/rootrecord/RootRecord-Ecosystem/1 - Servers/1 - RootRecord-Pacific-Solar-Server/Automations/scripts/supervise-services.sh"
2026-09-30T17:00:09-10:00job:service_supervisor | [supervisor] weather alive pid=97054 (act)
2026-09-30T17:00:09-10:00job:service_supervisor | [supervisor] relay alive pid=96403 (act)
2026-09-30T17:00:09-10:00job:geology_collect RUN  nice -n 10 python3 "/home/rootrecord/RootRecord-Ecosystem/1 - Servers/1 - RootRecord-Pacific-Solar-Server/Geology/scripts/geology_collect.py" all
2026-09-30T17:00:12-10:00job:geology_collect | {"ok": true, "at": "2026-09-30T17:00:09-10:00", "what": "all", "dry_run": false, "sources": {"hawaii": {"ok": true, "count": 11, "new": 0, "new_m2": 0, "ms": 879}, "global": {"ok": true, "count": 36, "new": 1, "ms": 314}, "hvo_notices": {"ok": true, "count": 44, "new": 0, "ms": 707}, "hvo_status": {"ok": true, "volcanoes": 8, "kilauea": "WATCH", "mauna_loa": "NORMAL", "ms": 572}}}
2026-09-30T17:00:12-10:00job:system_net_sample RUN  nice -n 10 python3 "/home/rootrecord/RootRecord-Ecosystem/1 - Servers/1 - RootRecord-Pacific-Solar-Server/System/scripts/host_desks.py" net-sample
2026-09-30T17:00:12-10:00job:system_net_sample | {"ok": true, "file": "/home/rootrecord/RootRecord-Ecosystem/2 - RootRecord-Database/System/network/Daily/net-20260930.jsonl", "iface": "wlo1", "hour": {"seconds": 3975, "rx": 275048984, "tx": 79855449, "total": 354904433, "iface": "wlo1", "link": "wireless"}, "day": null}
2026-09-30T17:00:12-10:00ENERGY  status=live  B2=99.6%  B1=11.9%  solar=0 W  ac=77 W  usbc=0 W  src=/home/rootrecord/RootRecord-Ecosystem/2 - RootRecord-Database/Energy  LAP=94%/Discharging/batt
2026-09-30T17:00:28-10:00  ▸  SUMMARY=delta2 soc=98.99% solar=0W ac_out=72W usbc=0W src=ble db=ok
2026-09-30T17:00:28-10:00job:sys_stats_cycle RUN  bash "/home/rootrecord/RootRecord-Ecosystem/1 - Servers/1 - RootRecord-Pacific-Solar-Server/System/scripts/sys-sample.sh"
2026-09-30T17:00:30-10:00job:sys_stats_cycle | SYSTEM  cpu=66%  load=4.91  mem=63%  src=sqlite
2026-09-30T17:00:30-10:00job:sys_stats_cycle | OK wrote /home/rootrecord/RootRecord-Ecosystem/2 - RootRecord-Database/System/samples/sys-20260930-170029.json
2026-09-30T17:01:16-10:00job:github_sync_all | ↑ [ecosystem] committed 9 local file(s)
2026-09-30T17:01:16-10:00job:github_sync_all | ↓ [ecosystem] fetching origin/main
2026-09-30T17:01:16-10:00job:github_sync_all | From github.com:RootRecord-Software-Solutions/RootRecord-Ecosystem
2026-09-30T17:01:16-10:00job:github_sync_all | * branch            main       -> FETCH_HEAD
2026-09-30T17:01:16-10:00job:github_sync_all | ↑ [ecosystem] local is ahead of GitHub
2026-09-30T17:01:16-10:00job:github_sync_all | To github.com:RootRecord-Software-Solutions/RootRecord-Ecosystem.git
2026-09-30T17:01:16-10:00job:github_sync_all | 6ebb593..e7ef750  HEAD -> main
2026-09-30T17:01:16-10:00job:github_sync_all | branch 'main' set up to track 'origin/main'.
2026-09-30T17:01:16-10:00job:github_sync_all | ↑ [ecosystem] 9 files → RootRecord-Software-Solutions/RootRecord-Ecosystem (main)
2026-09-30T17:01:16-10:00job:github_sync_all | — [pacific] no local changes
2026-09-30T17:01:16-10:00job:github_sync_all | ↓ [pacific] fetching origin/main
2026-09-30T17:01:16-10:00job:github_sync_all | From github.com:RootRecord-Software-Solutions/RootRecord-Pacific-Solar-Server
2026-09-30T17:01:16-10:00job:github_sync_all | * branch            main       -> FETCH_HEAD
2026-09-30T17:01:16-10:00job:github_sync_all | — [pacific] local and GitHub already match
2026-09-30T17:01:16-10:00job:github_sync_all | — [pacific] nothing to push
2026-09-30T17:01:16-10:00job:github_sync_all | ↑ [database] committed 28 local file(s)
2026-09-30T17:01:16-10:00job:github_sync_all | ↓ [database] fetching origin/main
2026-09-30T17:01:16-10:00job:github_sync_all | From github.com:RootRecord-Software-Solutions/RootRecord-Database
2026-09-30T17:01:16-10:00job:github_sync_all | * branch              main       -> FETCH_HEAD
2026-09-30T17:01:16-10:00job:github_sync_all | ↑ [database] local is ahead of GitHub
2026-09-30T17:01:16-10:00job:github_sync_all | To github.com:RootRecord-Software-Solutions/RootRecord-Database.git
2026-09-30T17:01:16-10:00job:github_sync_all | b28b1ee1..ac6bd294  HEAD -> main
2026-09-30T17:01:16-10:00job:github_sync_all | branch 'main' set up to track 'origin/main'.
2026-09-30T17:01:16-10:00job:github_sync_all | ↑ [database] 28 files → RootRecord-Software-Solutions/RootRecord-Database (main)
2026-09-30T17:01:16-10:00job:github_sync_all | — [library] no local changes
2026-09-30T17:01:16-10:00job:github_sync_all | ↓ [library] fetching origin/main
2026-09-30T17:01:16-10:00job:github_sync_all | From github.com:RootRecord-Software-Solutions/RootRecord-Library
2026-09-30T17:01:16-10:00job:github_sync_all | * branch            main       -> FETCH_HEAD
2026-09-30T17:01:16-10:00job:github_sync_all | — [library] local and GitHub already match
2026-09-30T17:01:16-10:00job:github_sync_all | — [library] nothing to push
2026-09-30T17:01:16-10:00job:github_sync_all | — [skills] no local changes
2026-09-30T17:01:16-10:00job:github_sync_all | ↓ [skills] fetching origin/main
2026-09-30T17:01:16-10:00job:github_sync_all | From github.com:rootrecordsoftwaresolutions/Solar-Pacific-RootRecord-Server
2026-09-30T17:01:16-10:00job:github_sync_all | * branch            main       -> FETCH_HEAD
2026-09-30T17:01:16-10:00job:github_sync_all | — [skills] local and GitHub already match
2026-09-30T17:01:16-10:00job:github_sync_all | — [skills] nothing to push
2026-09-30T17:01:16-10:00job:security_camera_frame_grab RUN  bash "/home/rootrecord/RootRecord-Ecosystem/1 - Servers/1 - RootRecord-Pacific-Solar-Server/Security/Cameras/grab_all.sh"
2026-09-30T17:01:34-10:00job:security_camera_frame_grab | 17:01:16  📷  a-eyes  ch1 → ch1-20261001T030116Z.jpg  (546.8 KB, 4.39s)
2026-09-30T17:01:34-10:00job:security_camera_frame_grab | 17:01:20  📷  a-eyes  ch2 → ch2-20261001T030120Z.jpg  (95.3 KB, 4.52s)
2026-09-30T17:01:34-10:00job:security_camera_frame_grab | 17:01:25  📷  a-eyes  ch3 → ch3-20261001T030125Z.jpg  (262.0 KB, 4.66s)
2026-09-30T17:01:34-10:00job:security_camera_frame_grab | 17:01:29  📷  a-eyes  ch4 → ch4-20261001T030129Z.jpg  (136.1 KB, 4.46s)
2026-09-30T17:01:34-10:00job:automations_log_hourly_archive RUN  bash "/home/rootrecord/RootRecord-Ecosystem/1 - Servers/1 - RootRecord-Pacific-Solar-Server/Automations/scripts/archive_automations_log_hourly.sh"
