2026-09-30T18:01:48-10:00job:automations_log_hourly_archive OK
2026-09-30T18:01:48-10:00job:security_timelapse_hourly_compile RUN  bash "/home/rootrecord/RootRecord-Ecosystem/1 - Servers/1 - RootRecord-Pacific-Solar-Server/Security/Cameras/timelapse_hourly.sh"
2026-09-30T18:02:06-10:00job:security_timelapse_hourly_compile | 18:02:06  🎬  a-eyes-timelapse  hour 17 → hour_17.mp4  (40 frames, 12.86s)
2026-09-30T18:02:06-10:00job:security_timelapse_hourly_compile | 18:02:06  🎬  a-eyes-timelapse  hour 17 frames archived → /home/rootrecord/RootRecord-Ecosystem/2 - RootRecord-Database/Media/Timelapses/_archive/20260930/hour_17
2026-09-30T18:02:06-10:00ENERGY  status=live  B2=86.9%  B1=100.0%  solar=0 W  ac=86 W  usbc=0 W  src=/home/rootrecord/RootRecord-Ecosystem/2 - RootRecord-Database/Energy  LAP=67%/Discharging/batt
2026-09-30T18:02:21-10:00  ▸  SUMMARY=river2pro soc=99.98% solar=0W ac_out=— usbc=0W src=ble db=ok
2026-09-30T18:02:21-10:00job:sys_stats_cycle RUN  bash "/home/rootrecord/RootRecord-Ecosystem/1 - Servers/1 - RootRecord-Pacific-Solar-Server/System/scripts/sys-sample.sh"
2026-09-30T18:02:22-10:00job:sys_stats_cycle | SYSTEM  cpu=6%  load=2.06  mem=44%  src=sqlite
2026-09-30T18:02:22-10:00job:sys_stats_cycle | OK wrote /home/rootrecord/RootRecord-Ecosystem/2 - RootRecord-Database/System/samples/sys-20260930-180222.json
2026-09-30T18:03:05-10:00job:github_sync_all | ↑ [ecosystem] committed 17 local file(s)
2026-09-30T18:03:05-10:00job:github_sync_all | ↓ [ecosystem] fetching origin/main
2026-09-30T18:03:05-10:00job:github_sync_all | From github.com:RootRecord-Software-Solutions/RootRecord-Ecosystem
2026-09-30T18:03:05-10:00job:github_sync_all | * branch            main       -> FETCH_HEAD
2026-09-30T18:03:05-10:00job:github_sync_all | ↑ [ecosystem] local is ahead of GitHub
2026-09-30T18:03:05-10:00job:github_sync_all | To github.com:RootRecord-Software-Solutions/RootRecord-Ecosystem.git
2026-09-30T18:03:05-10:00job:github_sync_all | f4ac275..b958e0e  HEAD -> main
2026-09-30T18:03:05-10:00job:github_sync_all | branch 'main' set up to track 'origin/main'.
2026-09-30T18:03:05-10:00job:github_sync_all | ↑ [ecosystem] 17 files → RootRecord-Software-Solutions/RootRecord-Ecosystem (main)
2026-09-30T18:03:05-10:00job:github_sync_all | ↑ [pacific] committed 3 local file(s)
2026-09-30T18:03:05-10:00job:github_sync_all | ↓ [pacific] fetching origin/main
2026-09-30T18:03:05-10:00job:github_sync_all | From github.com:RootRecord-Software-Solutions/RootRecord-Pacific-Solar-Server
2026-09-30T18:03:05-10:00job:github_sync_all | * branch            main       -> FETCH_HEAD
2026-09-30T18:03:05-10:00job:github_sync_all | ↑ [pacific] local is ahead of GitHub
2026-09-30T18:03:05-10:00job:github_sync_all | To github.com:RootRecord-Software-Solutions/RootRecord-Pacific-Solar-Server.git
2026-09-30T18:03:05-10:00job:github_sync_all | 094441d..f829d8d  HEAD -> main
2026-09-30T18:03:05-10:00job:github_sync_all | branch 'main' set up to track 'origin/main'.
2026-09-30T18:03:05-10:00job:github_sync_all | ↑ [pacific] 3 files → RootRecord-Software-Solutions/RootRecord-Pacific-Solar-Server (main)
2026-09-30T18:03:05-10:00job:github_sync_all | ↑ [database] committed 13 local file(s)
2026-09-30T18:03:05-10:00job:github_sync_all | ↓ [database] fetching origin/main
2026-09-30T18:03:05-10:00job:github_sync_all | From github.com:RootRecord-Software-Solutions/RootRecord-Database
2026-09-30T18:03:05-10:00job:github_sync_all | * branch              main       -> FETCH_HEAD
2026-09-30T18:03:05-10:00job:github_sync_all | ↑ [database] local is ahead of GitHub
2026-09-30T18:03:05-10:00job:github_sync_all | To github.com:RootRecord-Software-Solutions/RootRecord-Database.git
2026-09-30T18:03:05-10:00job:github_sync_all | 1f1a2427..cc4965d7  HEAD -> main
2026-09-30T18:03:05-10:00job:github_sync_all | branch 'main' set up to track 'origin/main'.
2026-09-30T18:03:05-10:00job:github_sync_all | ↑ [database] 13 files → RootRecord-Software-Solutions/RootRecord-Database (main)
2026-09-30T18:03:05-10:00job:github_sync_all | ↑ [library] committed 9 local file(s)
2026-09-30T18:03:05-10:00job:github_sync_all | ↓ [library] fetching origin/main
2026-09-30T18:03:05-10:00job:github_sync_all | From github.com:RootRecord-Software-Solutions/RootRecord-Library
2026-09-30T18:03:05-10:00job:github_sync_all | * branch            main       -> FETCH_HEAD
2026-09-30T18:03:05-10:00job:github_sync_all | ↑ [library] local is ahead of GitHub
2026-09-30T18:03:05-10:00job:github_sync_all | To github.com:RootRecord-Software-Solutions/RootRecord-Library.git
2026-09-30T18:03:05-10:00job:github_sync_all | ebc9d13..0e18eb0  HEAD -> main
2026-09-30T18:03:05-10:00job:github_sync_all | branch 'main' set up to track 'origin/main'.
2026-09-30T18:03:05-10:00job:github_sync_all | ↑ [library] 9 files → RootRecord-Software-Solutions/RootRecord-Library (main)
2026-09-30T18:03:05-10:00job:worklog_scan RUN  bash "/home/rootrecord/RootRecord-Ecosystem/1 - Servers/1 - RootRecord-Pacific-Solar-Server/Reports/scripts/worklog_once.sh"
2026-09-30T18:03:16-10:00job:worklog_scan | OK wrote/updated /home/rootrecord/RootRecord-Ecosystem/2 - RootRecord-Database/Worklog/worklog_current.md
2026-09-30T18:03:16-10:00job:security_camera_frame_grab RUN  bash "/home/rootrecord/RootRecord-Ecosystem/1 - Servers/1 - RootRecord-Pacific-Solar-Server/Security/Cameras/grab_all.sh"
2026-09-30T18:03:34-10:00job:security_camera_frame_grab | 18:03:16  📷  a-eyes  ch1 → ch1-20261001T040316Z.jpg  (553.2 KB, 4.65s)
2026-09-30T18:03:34-10:00job:security_camera_frame_grab | 18:03:21  📷  a-eyes  ch2 → ch2-20261001T040321Z.jpg  (115.4 KB, 4.18s)
2026-09-30T18:03:34-10:00job:security_camera_frame_grab | 18:03:25  📷  a-eyes  ch3 → ch3-20261001T040325Z.jpg  (395.6 KB, 4.35s)
2026-09-30T18:03:34-10:00job:security_camera_frame_grab | 18:03:30  📷  a-eyes  ch4 → ch4-20261001T040330Z.jpg  (173.4 KB, 4.46s)
2026-09-30T18:03:34-10:00ENERGY  status=live  B2=86.9%  B1=100.0%  solar=0 W  ac=86 W  usbc=0 W  src=/home/rootrecord/RootRecord-Ecosystem/2 - RootRecord-Database/Energy  LAP=66%/Discharging/batt
2026-09-30T18:03:49-10:00  ▸  SUMMARY=delta2 soc=86.2% solar=0W ac_out=90W usbc=0W src=ble db=ok
2026-09-30T18:03:49-10:00job:sys_stats_cycle RUN  bash "/home/rootrecord/RootRecord-Ecosystem/1 - Servers/1 - RootRecord-Pacific-Solar-Server/System/scripts/sys-sample.sh"
2026-09-30T18:03:50-10:00job:sys_stats_cycle | SYSTEM  cpu=13%  load=1.72  mem=42%  src=sqlite
2026-09-30T18:03:50-10:00job:sys_stats_cycle | OK wrote /home/rootrecord/RootRecord-Ecosystem/2 - RootRecord-Database/System/samples/sys-20260930-180350.json
2026-09-30T18:04:30-10:00job:github_sync_all | ↑ [ecosystem] committed 40 local file(s)
2026-09-30T18:04:30-10:00job:github_sync_all | ↓ [ecosystem] fetching origin/main
2026-09-30T18:04:30-10:00job:github_sync_all | From github.com:RootRecord-Software-Solutions/RootRecord-Ecosystem
2026-09-30T18:04:30-10:00job:github_sync_all | * branch            main       -> FETCH_HEAD
2026-09-30T18:04:30-10:00job:github_sync_all | ↑ [ecosystem] local is ahead of GitHub
2026-09-30T18:04:30-10:00job:github_sync_all | To github.com:RootRecord-Software-Solutions/RootRecord-Ecosystem.git
2026-09-30T18:04:30-10:00job:github_sync_all | b958e0e..b5d1860  HEAD -> main
2026-09-30T18:04:30-10:00job:github_sync_all | branch 'main' set up to track 'origin/main'.
2026-09-30T18:04:30-10:00job:github_sync_all | ↑ [ecosystem] 40 files → RootRecord-Software-Solutions/RootRecord-Ecosystem (main)
2026-09-30T18:04:30-10:00job:github_sync_all | — [pacific] no local changes
2026-09-30T18:04:30-10:00job:github_sync_all | ↓ [pacific] fetching origin/main
2026-09-30T18:04:30-10:00job:github_sync_all | From github.com:RootRecord-Software-Solutions/RootRecord-Pacific-Solar-Server
2026-09-30T18:04:30-10:00job:github_sync_all | * branch            main       -> FETCH_HEAD
2026-09-30T18:04:30-10:00job:github_sync_all | — [pacific] local and GitHub already match
2026-09-30T18:04:30-10:00job:github_sync_all | — [pacific] nothing to push
2026-09-30T18:04:30-10:00job:github_sync_all | ↑ [database] committed 19 local file(s)
2026-09-30T18:04:30-10:00job:github_sync_all | ↓ [database] fetching origin/main
2026-09-30T18:04:30-10:00job:github_sync_all | From github.com:RootRecord-Software-Solutions/RootRecord-Database
2026-09-30T18:04:30-10:00job:github_sync_all | * branch              main       -> FETCH_HEAD
2026-09-30T18:04:30-10:00job:github_sync_all | ↑ [database] local is ahead of GitHub
2026-09-30T18:04:30-10:00job:github_sync_all | To github.com:RootRecord-Software-Solutions/RootRecord-Database.git
2026-09-30T18:04:30-10:00job:github_sync_all | cc4965d7..1de9fc95  HEAD -> main
2026-09-30T18:04:30-10:00job:github_sync_all | branch 'main' set up to track 'origin/main'.
2026-09-30T18:04:30-10:00job:github_sync_all | ↑ [database] 19 files → RootRecord-Software-Solutions/RootRecord-Database (main)
2026-09-30T18:04:30-10:00job:github_sync_all | ↑ [library] committed 49 local file(s)
2026-09-30T18:04:30-10:00job:github_sync_all | ↓ [library] fetching origin/main
2026-09-30T18:04:30-10:00job:github_sync_all | From github.com:RootRecord-Software-Solutions/RootRecord-Library
2026-09-30T18:04:30-10:00job:github_sync_all | * branch            main       -> FETCH_HEAD
2026-09-30T18:04:30-10:00job:github_sync_all | ↑ [library] local is ahead of GitHub
2026-09-30T18:04:30-10:00job:github_sync_all | To github.com:RootRecord-Software-Solutions/RootRecord-Library.git
2026-09-30T18:04:30-10:00job:github_sync_all | 0e18eb0..1318d12  HEAD -> main
2026-09-30T18:04:30-10:00job:github_sync_all | branch 'main' set up to track 'origin/main'.
2026-09-30T18:04:30-10:00job:github_sync_all | ↑ [library] 49 files → RootRecord-Software-Solutions/RootRecord-Library (main)
2026-09-30T18:04:30-10:00job:security_camera_frame_grab RUN  bash "/home/rootrecord/RootRecord-Ecosystem/1 - Servers/1 - RootRecord-Pacific-Solar-Server/Security/Cameras/grab_all.sh"
2026-09-30T18:04:48-10:00job:security_camera_frame_grab | 18:04:30  📷  a-eyes  ch1 → ch1-20261001T040430Z.jpg  (552.3 KB, 4.43s)
2026-09-30T18:04:48-10:00job:security_camera_frame_grab | 18:04:35  📷  a-eyes  ch2 → ch2-20261001T040435Z.jpg  (116.5 KB, 4.34s)
2026-09-30T18:04:48-10:00job:security_camera_frame_grab | 18:04:39  📷  a-eyes  ch3 → ch3-20261001T040439Z.jpg  (392.9 KB, 4.46s)
2026-09-30T18:04:48-10:00job:security_camera_frame_grab | 18:04:44  📷  a-eyes  ch4 → ch4-20261001T040444Z.jpg  (172.9 KB, 4.48s)
2026-09-30T18:04:48-10:00job:service_supervisor RUN  bash "/home/rootrecord/RootRecord-Ecosystem/1 - Servers/1 - RootRecord-Pacific-Solar-Server/Automations/scripts/supervise-services.sh"
2026-09-30T18:04:48-10:00job:service_supervisor | [supervisor] weather alive pid=97054 764793 (act)
2026-09-30T18:04:48-10:00job:service_supervisor | [supervisor] relay alive pid=96403 (act)
2026-09-30T18:04:48-10:00job:geology_collect RUN  nice -n 10 python3 "/home/rootrecord/RootRecord-Ecosystem/1 - Servers/1 - RootRecord-Pacific-Solar-Server/Geology/scripts/geology_collect.py" all
2026-09-30T18:04:51-10:00job:geology_collect | {"ok": true, "at": "2026-09-30T18:04:49-10:00", "what": "all", "dry_run": false, "sources": {"hawaii": {"ok": true, "count": 17, "new": 0, "new_m2": 0, "ms": 883}, "global": {"ok": true, "count": 39, "new": 0, "ms": 312}, "hvo_notices": {"ok": true, "count": 44, "new": 0, "ms": 701}, "hvo_status": {"ok": true, "volcanoes": 8, "kilauea": "WATCH", "mauna_loa": "NORMAL", "ms": 511}}}
2026-09-30T18:04:51-10:00job:system_net_sample RUN  nice -n 10 python3 "/home/rootrecord/RootRecord-Ecosystem/1 - Servers/1 - RootRecord-Pacific-Solar-Server/System/scripts/host_desks.py" net-sample
2026-09-30T18:04:51-10:00job:system_net_sample | {"ok": true, "file": "/home/rootrecord/RootRecord-Ecosystem/2 - RootRecord-Database/System/network/Daily/net-20260930.jsonl", "iface": "wlo1", "hour": {"seconds": 3879, "rx": 271313079, "tx": 98369023, "total": 369682102, "iface": "wlo1", "link": "wireless"}, "day": null}
2026-09-30T18:04:51-10:00job:voice_kilauea_report RUN  nice -n 10 python3 "/home/rootrecord/RootRecord-Ecosystem/1 - Servers/1 - RootRecord-Pacific-Solar-Server/Media/Voice/scripts/voice_reports.py" kilauea_report
2026-09-30T18:05:18-10:00job:voice_kilauea_report | {"ok": true, "report": "kilauea_report", "md": "/home/rootrecord/RootRecord-Ecosystem/test-reports/Voice/kilauea_report_current.md", "sentences": 7, "voice": {"ok": true, "mode": "stitch", "report": "kilauea_report", "agent": "carly", "voice": "af_nova", "speed": 1.0, "wav": "/home/rootrecord/RootRecord-Ecosystem/2 - RootRecord-Database/Media/Audio/Voice/kilauea_report_current.wav", "clips_used": 0, "live_sentences": 8, "model_loaded": true, "render_s": 20.25, "sample_rate": 24000, "channels": 1, "subtype": "PCM_16", "duration_s": 33.427, "peak_dbfs": -1.72, "rms_dbfs": -20.39, "lead_silence_ms": 115, "qc": "PASS", "wall_s": 20.31, "peak_rss_mb": 1626, "rc": 0}, "deliver": {"ok": true, "sent": true, "persona": "carly", "chat": "-1004406495175", "message_id": 130, "transcript": true, "report": true, "photo": false, "plan": {"voice": true, "transcript": true, "report": true}}}
2026-09-30T18:05:19-10:00ENERGY  status=live  B2=86.2%  B1=100.0%  solar=0 W  ac=90 W  usbc=0 W  src=/home/rootrecord/RootRecord-Ecosystem/2 - RootRecord-Database/Energy  LAP=65%/Discharging/batt
2026-09-30T18:05:34-10:00  ▸  SUMMARY=river2pro soc=99.97% solar=0W ac_out=— usbc=0W src=ble db=ok
2026-09-30T18:05:34-10:00job:sys_stats_cycle RUN  bash "/home/rootrecord/RootRecord-Ecosystem/1 - Servers/1 - RootRecord-Pacific-Solar-Server/System/scripts/sys-sample.sh"
2026-09-30T18:05:35-10:00job:sys_stats_cycle | SYSTEM  cpu=8%  load=1.62  mem=41%  src=sqlite
2026-09-30T18:05:35-10:00job:sys_stats_cycle | OK wrote /home/rootrecord/RootRecord-Ecosystem/2 - RootRecord-Database/System/samples/sys-20260930-180534.json
2026-09-30T18:06:14-10:00job:github_sync_all | ↑ [ecosystem] committed 68 local file(s)
2026-09-30T18:06:14-10:00job:github_sync_all | ↓ [ecosystem] fetching origin/main
2026-09-30T18:06:14-10:00job:github_sync_all | From github.com:RootRecord-Software-Solutions/RootRecord-Ecosystem
2026-09-30T18:06:14-10:00job:github_sync_all | * branch            main       -> FETCH_HEAD
2026-09-30T18:06:14-10:00job:github_sync_all | ↑ [ecosystem] local is ahead of GitHub
2026-09-30T18:06:14-10:00job:github_sync_all | To github.com:RootRecord-Software-Solutions/RootRecord-Ecosystem.git
2026-09-30T18:06:14-10:00job:github_sync_all | b5d1860..36bea6f  HEAD -> main
2026-09-30T18:06:14-10:00job:github_sync_all | branch 'main' set up to track 'origin/main'.
2026-09-30T18:06:14-10:00job:github_sync_all | ↑ [ecosystem] 68 files → RootRecord-Software-Solutions/RootRecord-Ecosystem (main)
2026-09-30T18:06:14-10:00job:github_sync_all | ↑ [pacific] committed 5 local file(s)
2026-09-30T18:06:14-10:00job:github_sync_all | ↓ [pacific] fetching origin/main
2026-09-30T18:06:14-10:00job:github_sync_all | From github.com:RootRecord-Software-Solutions/RootRecord-Pacific-Solar-Server
2026-09-30T18:06:14-10:00job:github_sync_all | * branch            main       -> FETCH_HEAD
2026-09-30T18:06:14-10:00job:github_sync_all | ↑ [pacific] local is ahead of GitHub
2026-09-30T18:06:14-10:00job:github_sync_all | To github.com:RootRecord-Software-Solutions/RootRecord-Pacific-Solar-Server.git
2026-09-30T18:06:14-10:00job:github_sync_all | f829d8d..dbcd9d4  HEAD -> main
2026-09-30T18:06:14-10:00job:github_sync_all | branch 'main' set up to track 'origin/main'.
2026-09-30T18:06:14-10:00job:github_sync_all | ↑ [pacific] 5 files → RootRecord-Software-Solutions/RootRecord-Pacific-Solar-Server (main)
2026-09-30T18:06:14-10:00job:github_sync_all | ↑ [database] committed 24 local file(s)
2026-09-30T18:06:14-10:00job:github_sync_all | ↓ [database] fetching origin/main
2026-09-30T18:06:14-10:00job:github_sync_all | From github.com:RootRecord-Software-Solutions/RootRecord-Database
2026-09-30T18:06:14-10:00job:github_sync_all | * branch              main       -> FETCH_HEAD
2026-09-30T18:06:14-10:00job:github_sync_all | ↑ [database] local is ahead of GitHub
2026-09-30T18:06:14-10:00job:github_sync_all | To github.com:RootRecord-Software-Solutions/RootRecord-Database.git
2026-09-30T18:06:14-10:00job:github_sync_all | 1de9fc95..fd464dd6  HEAD -> main
2026-09-30T18:06:14-10:00job:github_sync_all | branch 'main' set up to track 'origin/main'.
2026-09-30T18:06:14-10:00job:github_sync_all | ↑ [database] 24 files → RootRecord-Software-Solutions/RootRecord-Database (main)
2026-09-30T18:06:14-10:00job:github_sync_all | — [library] no local changes
2026-09-30T18:06:14-10:00job:github_sync_all | ↓ [library] fetching origin/main
2026-09-30T18:06:14-10:00job:github_sync_all | From github.com:RootRecord-Software-Solutions/RootRecord-Library
2026-09-30T18:06:14-10:00job:github_sync_all | * branch            main       -> FETCH_HEAD
2026-09-30T18:06:14-10:00job:github_sync_all | — [library] local and GitHub already match
2026-09-30T18:06:14-10:00job:github_sync_all | — [library] nothing to push
2026-09-30T18:06:14-10:00job:worklog_scan RUN  bash "/home/rootrecord/RootRecord-Ecosystem/1 - Servers/1 - RootRecord-Pacific-Solar-Server/Reports/scripts/worklog_once.sh"
2026-09-30T18:06:20-10:00job:worklog_scan | OK wrote/updated /home/rootrecord/RootRecord-Ecosystem/2 - RootRecord-Database/Worklog/worklog_current.md
2026-09-30T18:06:20-10:00job:security_camera_frame_grab RUN  bash "/home/rootrecord/RootRecord-Ecosystem/1 - Servers/1 - RootRecord-Pacific-Solar-Server/Security/Cameras/grab_all.sh"
2026-09-30T18:06:38-10:00job:security_camera_frame_grab | 18:06:20  📷  a-eyes  ch1 → ch1-20261001T040620Z.jpg  (548.8 KB, 4.45s)
2026-09-30T18:06:38-10:00job:security_camera_frame_grab | 18:06:24  📷  a-eyes  ch2 → ch2-20261001T040624Z.jpg  (117.7 KB, 4.49s)
2026-09-30T18:06:38-10:00job:security_camera_frame_grab | 18:06:29  📷  a-eyes  ch3 → ch3-20261001T040629Z.jpg  (385.4 KB, 4.42s)
2026-09-30T18:06:38-10:00job:security_camera_frame_grab | 18:06:33  📷  a-eyes  ch4 → ch4-20261001T040633Z.jpg  (173.2 KB, 4.36s)
2026-09-30T18:06:38-10:00ENERGY  status=live  B2=86.2%  B1=100.0%  solar=0 W  ac=90 W  usbc=0 W  src=/home/rootrecord/RootRecord-Ecosystem/2 - RootRecord-Database/Energy  LAP=65%/Discharging/batt
2026-09-30T18:06:53-10:00  ▸  SUMMARY=river2pro soc=99.96% solar=0W ac_out=— usbc=0W src=ble db=ok
2026-09-30T18:06:53-10:00job:sys_stats_cycle RUN  bash "/home/rootrecord/RootRecord-Ecosystem/1 - Servers/1 - RootRecord-Pacific-Solar-Server/System/scripts/sys-sample.sh"
2026-09-30T18:06:55-10:00job:sys_stats_cycle | SYSTEM  cpu=7%  load=1.59  mem=41%  src=sqlite
2026-09-30T18:06:55-10:00job:sys_stats_cycle | OK wrote /home/rootrecord/RootRecord-Ecosystem/2 - RootRecord-Database/System/samples/sys-20260930-180654.json
2026-09-30T18:07:34-10:00job:github_sync_all | ↑ [ecosystem] committed 40 local file(s)
2026-09-30T18:07:34-10:00job:github_sync_all | ↓ [ecosystem] fetching origin/main
2026-09-30T18:07:34-10:00job:github_sync_all | From github.com:RootRecord-Software-Solutions/RootRecord-Ecosystem
2026-09-30T18:07:34-10:00job:github_sync_all | * branch            main       -> FETCH_HEAD
2026-09-30T18:07:34-10:00job:github_sync_all | ↑ [ecosystem] local is ahead of GitHub
2026-09-30T18:07:34-10:00job:github_sync_all | To github.com:RootRecord-Software-Solutions/RootRecord-Ecosystem.git
2026-09-30T18:07:34-10:00job:github_sync_all | 36bea6f..b20100f  HEAD -> main
2026-09-30T18:07:34-10:00job:github_sync_all | branch 'main' set up to track 'origin/main'.
2026-09-30T18:07:34-10:00job:github_sync_all | ↑ [ecosystem] 40 files → RootRecord-Software-Solutions/RootRecord-Ecosystem (main)
2026-09-30T18:07:34-10:00job:github_sync_all | — [pacific] no local changes
2026-09-30T18:07:34-10:00job:github_sync_all | ↓ [pacific] fetching origin/main
2026-09-30T18:07:34-10:00job:github_sync_all | From github.com:RootRecord-Software-Solutions/RootRecord-Pacific-Solar-Server
2026-09-30T18:07:34-10:00job:github_sync_all | * branch            main       -> FETCH_HEAD
2026-09-30T18:07:34-10:00job:github_sync_all | — [pacific] local and GitHub already match
2026-09-30T18:07:34-10:00job:github_sync_all | — [pacific] nothing to push
2026-09-30T18:07:34-10:00job:github_sync_all | ↑ [database] committed 16 local file(s)
2026-09-30T18:07:34-10:00job:github_sync_all | ↓ [database] fetching origin/main
2026-09-30T18:07:34-10:00job:github_sync_all | From github.com:RootRecord-Software-Solutions/RootRecord-Database
2026-09-30T18:07:34-10:00job:github_sync_all | * branch              main       -> FETCH_HEAD
2026-09-30T18:07:34-10:00job:github_sync_all | ↑ [database] local is ahead of GitHub
2026-09-30T18:07:34-10:00job:github_sync_all | To github.com:RootRecord-Software-Solutions/RootRecord-Database.git
2026-09-30T18:07:34-10:00job:github_sync_all | fd464dd6..3e0120c6  HEAD -> main
2026-09-30T18:07:34-10:00job:github_sync_all | branch 'main' set up to track 'origin/main'.
2026-09-30T18:07:34-10:00job:github_sync_all | ↑ [database] 16 files → RootRecord-Software-Solutions/RootRecord-Database (main)
2026-09-30T18:07:34-10:00job:github_sync_all | ↑ [library] committed 38 local file(s)
2026-09-30T18:07:34-10:00job:github_sync_all | ↓ [library] fetching origin/main
2026-09-30T18:07:34-10:00job:github_sync_all | From github.com:RootRecord-Software-Solutions/RootRecord-Library
2026-09-30T18:07:34-10:00job:github_sync_all | * branch            main       -> FETCH_HEAD
2026-09-30T18:07:34-10:00job:github_sync_all | ↑ [library] local is ahead of GitHub
2026-09-30T18:07:34-10:00job:github_sync_all | To github.com:RootRecord-Software-Solutions/RootRecord-Library.git
2026-09-30T18:07:34-10:00job:github_sync_all | 1318d12..afa9c9e  HEAD -> main
2026-09-30T18:07:34-10:00job:github_sync_all | branch 'main' set up to track 'origin/main'.
2026-09-30T18:07:34-10:00job:github_sync_all | ↑ [library] 38 files → RootRecord-Software-Solutions/RootRecord-Library (main)
2026-09-30T18:07:34-10:00job:security_camera_frame_grab RUN  bash "/home/rootrecord/RootRecord-Ecosystem/1 - Servers/1 - RootRecord-Pacific-Solar-Server/Security/Cameras/grab_all.sh"
2026-09-30T18:07:52-10:00job:security_camera_frame_grab | 18:07:34  📷  a-eyes  ch1 → ch1-20261001T040734Z.jpg  (544.0 KB, 4.50s)
2026-09-30T18:07:52-10:00job:security_camera_frame_grab | 18:07:39  📷  a-eyes  ch2 → ch2-20261001T040739Z.jpg  (120.1 KB, 4.80s)
2026-09-30T18:07:52-10:00job:security_camera_frame_grab | 18:07:43  📷  a-eyes  ch3 → ch3-20261001T040743Z.jpg  (382.8 KB, 4.47s)
2026-09-30T18:07:52-10:00job:security_camera_frame_grab | 18:07:48  📷  a-eyes  ch4 → ch4-20261001T040748Z.jpg  (173.8 KB, 4.46s)
2026-09-30T18:07:52-10:00job:voice_system_perf RUN  nice -n 10 python3 "/home/rootrecord/RootRecord-Ecosystem/1 - Servers/1 - RootRecord-Pacific-Solar-Server/Media/Voice/scripts/system_perf.py"
2026-09-30T18:08:19-10:00job:voice_system_perf | {"ok": true, "report": "system_perf", "md": "/home/rootrecord/RootRecord-Ecosystem/test-reports/Voice/system_perf_current.md", "cpu_pct": 6.1, "mem_pct": 42.0, "voice_rc": 0, "voice": {"ok": true, "mode": "stitch", "report": "system_perf", "agent": "bruce", "voice": "am_echo", "speed": 1.0, "wav": "/home/rootrecord/RootRecord-Ecosystem/2 - RootRecord-Database/Media/Audio/Voice/system_perf_current.wav", "clips_used": 0, "live_sentences": 11, "model_loaded": true, "render_s": 19.05, "sample_rate": 24000, "channels": 1, "subtype": "PCM_16", "duration_s": 30.11, "peak_dbfs": -1.5, "rms_dbfs": -20.23, "lead_silence_ms": 113, "qc": "PASS", "wall_s": 19.15, "peak_rss_mb": 1463}, "deliver": {"ok": true, "sent": true, "persona": "bruce", "chat": "-1004406495175", "message_id": 133, "transcript": true, "report": true, "photo": false, "plan": {"voice": true, "transcript": true, "report": true}}}
2026-09-30T18:08:19-10:00ENERGY  status=live  B2=86.2%  B1=100.0%  solar=0 W  ac=90 W  usbc=0 W  src=/home/rootrecord/RootRecord-Ecosystem/2 - RootRecord-Database/Energy  LAP=64%/Discharging/batt
2026-09-30T18:08:35-10:00  ▸  SUMMARY=river2pro soc=99.95% solar=0W ac_out=— usbc=0W src=ble db=ok
2026-09-30T18:08:35-10:00job:sys_stats_cycle RUN  bash "/home/rootrecord/RootRecord-Ecosystem/1 - Servers/1 - RootRecord-Pacific-Solar-Server/System/scripts/sys-sample.sh"
2026-09-30T18:08:36-10:00job:sys_stats_cycle | SYSTEM  cpu=28%  load=1.89  mem=42%  src=sqlite
2026-09-30T18:08:36-10:00job:sys_stats_cycle | OK wrote /home/rootrecord/RootRecord-Ecosystem/2 - RootRecord-Database/System/samples/sys-20260930-180835.json
2026-09-30T18:09:17-10:00job:github_sync_all | ↑ [ecosystem] committed 5 local file(s)
2026-09-30T18:09:17-10:00job:github_sync_all | ↓ [ecosystem] fetching origin/main
2026-09-30T18:09:17-10:00job:github_sync_all | From github.com:RootRecord-Software-Solutions/RootRecord-Ecosystem
2026-09-30T18:09:17-10:00job:github_sync_all | * branch            main       -> FETCH_HEAD
2026-09-30T18:09:17-10:00job:github_sync_all | ↑ [ecosystem] local is ahead of GitHub
2026-09-30T18:09:17-10:00job:github_sync_all | To github.com:RootRecord-Software-Solutions/RootRecord-Ecosystem.git
2026-09-30T18:09:17-10:00job:github_sync_all | b20100f..880ead1  HEAD -> main
2026-09-30T18:09:17-10:00job:github_sync_all | branch 'main' set up to track 'origin/main'.
2026-09-30T18:09:17-10:00job:github_sync_all | ↑ [ecosystem] 5 files → RootRecord-Software-Solutions/RootRecord-Ecosystem (main)
2026-09-30T18:09:17-10:00job:github_sync_all | — [pacific] no local changes
2026-09-30T18:09:17-10:00job:github_sync_all | ↓ [pacific] fetching origin/main
2026-09-30T18:09:17-10:00job:github_sync_all | From github.com:RootRecord-Software-Solutions/RootRecord-Pacific-Solar-Server
2026-09-30T18:09:17-10:00job:github_sync_all | * branch            main       -> FETCH_HEAD
2026-09-30T18:09:17-10:00job:github_sync_all | — [pacific] local and GitHub already match
2026-09-30T18:09:17-10:00job:github_sync_all | — [pacific] nothing to push
2026-09-30T18:09:17-10:00job:github_sync_all | ↑ [database] committed 13 local file(s)
2026-09-30T18:09:17-10:00job:github_sync_all | ↓ [database] fetching origin/main
2026-09-30T18:09:17-10:00job:github_sync_all | From github.com:RootRecord-Software-Solutions/RootRecord-Database
2026-09-30T18:09:17-10:00job:github_sync_all | * branch              main       -> FETCH_HEAD
2026-09-30T18:09:17-10:00job:github_sync_all | ↑ [database] local is ahead of GitHub
2026-09-30T18:09:17-10:00job:github_sync_all | To github.com:RootRecord-Software-Solutions/RootRecord-Database.git
2026-09-30T18:09:17-10:00job:github_sync_all | 3e0120c6..dee63735  HEAD -> main
2026-09-30T18:09:17-10:00job:github_sync_all | branch 'main' set up to track 'origin/main'.
2026-09-30T18:09:17-10:00job:github_sync_all | ↑ [database] 13 files → RootRecord-Software-Solutions/RootRecord-Database (main)
2026-09-30T18:09:17-10:00job:github_sync_all | ↑ [library] committed 1 local file(s)
2026-09-30T18:09:17-10:00job:github_sync_all | ↓ [library] fetching origin/main
2026-09-30T18:09:17-10:00job:github_sync_all | From github.com:RootRecord-Software-Solutions/RootRecord-Library
2026-09-30T18:09:17-10:00job:github_sync_all | * branch            main       -> FETCH_HEAD
2026-09-30T18:09:17-10:00job:github_sync_all | ↑ [library] local is ahead of GitHub
2026-09-30T18:09:17-10:00job:github_sync_all | To github.com:RootRecord-Software-Solutions/RootRecord-Library.git
2026-09-30T18:09:17-10:00job:github_sync_all | afa9c9e..bbd2e3d  HEAD -> main
2026-09-30T18:09:17-10:00job:github_sync_all | branch 'main' set up to track 'origin/main'.
2026-09-30T18:09:17-10:00job:github_sync_all | ↑ [library] 1 files → RootRecord-Software-Solutions/RootRecord-Library (main)
2026-09-30T18:09:17-10:00job:worklog_scan RUN  bash "/home/rootrecord/RootRecord-Ecosystem/1 - Servers/1 - RootRecord-Pacific-Solar-Server/Reports/scripts/worklog_once.sh"
2026-09-30T18:09:30-10:00job:worklog_scan | OK wrote/updated /home/rootrecord/RootRecord-Ecosystem/2 - RootRecord-Database/Worklog/worklog_current.md
2026-09-30T18:09:30-10:00job:security_camera_frame_grab RUN  bash "/home/rootrecord/RootRecord-Ecosystem/1 - Servers/1 - RootRecord-Pacific-Solar-Server/Security/Cameras/grab_all.sh"
2026-09-30T18:09:48-10:00job:security_camera_frame_grab | 18:09:30  📷  a-eyes  ch1 → ch1-20261001T040930Z.jpg  (535.2 KB, 4.48s)
2026-09-30T18:09:48-10:00job:security_camera_frame_grab | 18:09:35  📷  a-eyes  ch2 → ch2-20261001T040935Z.jpg  (118.6 KB, 4.38s)
2026-09-30T18:09:48-10:00job:security_camera_frame_grab | 18:09:39  📷  a-eyes  ch3 → ch3-20261001T040939Z.jpg  (379.6 KB, 4.36s)
2026-09-30T18:09:48-10:00job:security_camera_frame_grab | 18:09:44  📷  a-eyes  ch4 → ch4-20261001T040944Z.jpg  (175.5 KB, 4.39s)
2026-09-30T18:09:48-10:00job:voice_earthquake_report RUN  nice -n 10 python3 "/home/rootrecord/RootRecord-Ecosystem/1 - Servers/1 - RootRecord-Pacific-Solar-Server/Media/Voice/scripts/voice_reports.py" earthquake_report
2026-09-30T18:10:20-10:00job:voice_earthquake_report | {"ok": true, "report": "earthquake_report", "md": "/home/rootrecord/RootRecord-Ecosystem/test-reports/Voice/earthquake_report_current.md", "sentences": 16, "voice": {"ok": true, "mode": "stitch", "report": "earthquake_report", "agent": "carly", "voice": "af_nova", "speed": 1.0, "wav": "/home/rootrecord/RootRecord-Ecosystem/2 - RootRecord-Database/Media/Audio/Voice/earthquake_report_current.wav", "clips_used": 0, "live_sentences": 15, "model_loaded": true, "render_s": 25.3, "sample_rate": 24000, "channels": 1, "subtype": "PCM_16", "duration_s": 65.742, "peak_dbfs": -1.5, "rms_dbfs": -20.93, "lead_silence_ms": 114, "qc": "PASS", "wall_s": 25.36, "peak_rss_mb": 1710, "rc": 0}, "deliver": {"ok": true, "sent": true, "persona": "carly", "chat": "-1004406495175", "message_id": 136, "transcript": true, "report": true, "photo": false, "plan": {"voice": true, "transcript": true, "report": true}}}
2026-09-30T18:10:21-10:00ENERGY  status=live  B2=86.2%  B1=100.0%  solar=0 W  ac=90 W  usbc=0 W  src=/home/rootrecord/RootRecord-Ecosystem/2 - RootRecord-Database/Energy  LAP=65%/Charging/AC
2026-09-30T18:10:35-10:00  ▸  SUMMARY=delta2 soc=84.79% solar=0W ac_out=102W usbc=0W src=ble db=ok
2026-09-30T18:10:35-10:00job:sys_stats_cycle RUN  bash "/home/rootrecord/RootRecord-Ecosystem/1 - Servers/1 - RootRecord-Pacific-Solar-Server/System/scripts/sys-sample.sh"
2026-09-30T18:10:36-10:00job:sys_stats_cycle | SYSTEM  cpu=5%  load=2.05  mem=41%  src=sqlite
2026-09-30T18:10:36-10:00job:sys_stats_cycle | OK wrote /home/rootrecord/RootRecord-Ecosystem/2 - RootRecord-Database/System/samples/sys-20260930-181036.json
2026-09-30T18:11:13-10:00job:github_sync_all | ↑ [ecosystem] committed 9 local file(s)
2026-09-30T18:11:13-10:00job:github_sync_all | ↓ [ecosystem] fetching origin/main
2026-09-30T18:11:13-10:00job:github_sync_all | From github.com:RootRecord-Software-Solutions/RootRecord-Ecosystem
2026-09-30T18:11:13-10:00job:github_sync_all | * branch            main       -> FETCH_HEAD
2026-09-30T18:11:13-10:00job:github_sync_all | ↑ [ecosystem] local is ahead of GitHub
2026-09-30T18:11:13-10:00job:github_sync_all | To github.com:RootRecord-Software-Solutions/RootRecord-Ecosystem.git
2026-09-30T18:11:13-10:00job:github_sync_all | 880ead1..a01d3e8  HEAD -> main
2026-09-30T18:11:13-10:00job:github_sync_all | branch 'main' set up to track 'origin/main'.
2026-09-30T18:11:13-10:00job:github_sync_all | ↑ [ecosystem] 9 files → RootRecord-Software-Solutions/RootRecord-Ecosystem (main)
2026-09-30T18:11:13-10:00job:github_sync_all | ↑ [pacific] committed 2 local file(s)
2026-09-30T18:11:13-10:00job:github_sync_all | ↓ [pacific] fetching origin/main
2026-09-30T18:11:13-10:00job:github_sync_all | From github.com:RootRecord-Software-Solutions/RootRecord-Pacific-Solar-Server
2026-09-30T18:11:13-10:00job:github_sync_all | * branch            main       -> FETCH_HEAD
2026-09-30T18:11:13-10:00job:github_sync_all | ↑ [pacific] local is ahead of GitHub
2026-09-30T18:11:13-10:00job:github_sync_all | To github.com:RootRecord-Software-Solutions/RootRecord-Pacific-Solar-Server.git
2026-09-30T18:11:13-10:00job:github_sync_all | dbcd9d4..a0f6ac6  HEAD -> main
2026-09-30T18:11:13-10:00job:github_sync_all | branch 'main' set up to track 'origin/main'.
2026-09-30T18:11:13-10:00job:github_sync_all | ↑ [pacific] 2 files → RootRecord-Software-Solutions/RootRecord-Pacific-Solar-Server (main)
2026-09-30T18:11:13-10:00job:github_sync_all | ↑ [database] committed 18 local file(s)
2026-09-30T18:11:13-10:00job:github_sync_all | ↓ [database] fetching origin/main
2026-09-30T18:11:13-10:00job:github_sync_all | From github.com:RootRecord-Software-Solutions/RootRecord-Database
2026-09-30T18:11:13-10:00job:github_sync_all | * branch              main       -> FETCH_HEAD
2026-09-30T18:11:13-10:00job:github_sync_all | ↑ [database] local is ahead of GitHub
2026-09-30T18:11:13-10:00job:github_sync_all | To github.com:RootRecord-Software-Solutions/RootRecord-Database.git
2026-09-30T18:11:13-10:00job:github_sync_all | dee63735..1f2fe2f1  HEAD -> main
2026-09-30T18:11:13-10:00job:github_sync_all | branch 'main' set up to track 'origin/main'.
2026-09-30T18:11:13-10:00job:github_sync_all | ↑ [database] 18 files → RootRecord-Software-Solutions/RootRecord-Database (main)
2026-09-30T18:11:13-10:00job:github_sync_all | — [library] no local changes
2026-09-30T18:11:13-10:00job:github_sync_all | ↓ [library] fetching origin/main
2026-09-30T18:11:13-10:00job:github_sync_all | From github.com:RootRecord-Software-Solutions/RootRecord-Library
2026-09-30T18:11:13-10:00job:github_sync_all | * branch            main       -> FETCH_HEAD
2026-09-30T18:11:13-10:00job:github_sync_all | — [library] local and GitHub already match
2026-09-30T18:11:13-10:00job:github_sync_all | — [library] nothing to push
2026-09-30T18:11:13-10:00job:worklog_scan RUN  bash "/home/rootrecord/RootRecord-Ecosystem/1 - Servers/1 - RootRecord-Pacific-Solar-Server/Reports/scripts/worklog_once.sh"
2026-09-30T18:11:16-10:00job:worklog_scan | OK wrote/updated /home/rootrecord/RootRecord-Ecosystem/2 - RootRecord-Database/Worklog/worklog_current.md
2026-09-30T18:11:16-10:00job:security_camera_frame_grab RUN  bash "/home/rootrecord/RootRecord-Ecosystem/1 - Servers/1 - RootRecord-Pacific-Solar-Server/Security/Cameras/grab_all.sh"
2026-09-30T18:11:34-10:00job:security_camera_frame_grab | 18:11:16  📷  a-eyes  ch1 → ch1-20261001T041116Z.jpg  (526.2 KB, 4.46s)
2026-09-30T18:11:34-10:00job:security_camera_frame_grab | 18:11:21  📷  a-eyes  ch2 → ch2-20261001T041121Z.jpg  (117.3 KB, 4.52s)
2026-09-30T18:11:34-10:00job:security_camera_frame_grab | 18:11:25  📷  a-eyes  ch3 → ch3-20261001T041125Z.jpg  (376.3 KB, 4.44s)
2026-09-30T18:11:34-10:00job:security_camera_frame_grab | 18:11:30  📷  a-eyes  ch4 → ch4-20261001T041130Z.jpg  (178.9 KB, 4.55s)
2026-09-30T18:11:34-10:00job:service_supervisor RUN  bash "/home/rootrecord/RootRecord-Ecosystem/1 - Servers/1 - RootRecord-Pacific-Solar-Server/Automations/scripts/supervise-services.sh"
2026-09-30T18:11:34-10:00job:service_supervisor | [supervisor] weather alive pid=97054 764793 (act)
2026-09-30T18:11:34-10:00job:service_supervisor | [supervisor] relay alive pid=96403 (act)
2026-09-30T18:11:34-10:00job:geology_collect RUN  nice -n 10 python3 "/home/rootrecord/RootRecord-Ecosystem/1 - Servers/1 - RootRecord-Pacific-Solar-Server/Geology/scripts/geology_collect.py" all
2026-09-30T18:11:42-10:00job:geology_collect | {"ok": true, "at": "2026-09-30T18:11:35-10:00", "what": "all", "dry_run": false, "sources": {"hawaii": {"ok": true, "count": 17, "new": 0, "new_m2": 0, "ms": 520}, "global": {"ok": true, "count": 38, "new": 0, "ms": 384}, "hvo_notices": {"ok": true, "count": 44, "new": 0, "ms": 6032}, "hvo_status": {"ok": true, "volcanoes": 8, "kilauea": "WATCH", "mauna_loa": "NORMAL", "ms": 618}}}
2026-09-30T18:11:42-10:00job:system_net_sample RUN  nice -n 10 python3 "/home/rootrecord/RootRecord-Ecosystem/1 - Servers/1 - RootRecord-Pacific-Solar-Server/System/scripts/host_desks.py" net-sample
2026-09-30T18:11:42-10:00job:system_net_sample | {"ok": true, "file": "/home/rootrecord/RootRecord-Ecosystem/2 - RootRecord-Database/System/network/Daily/net-20260930.jsonl", "iface": "wlo1", "hour": {"seconds": 3851, "rx": 313904004, "tx": 96755182, "total": 410659186, "iface": "wlo1", "link": "wireless"}, "day": null}
2026-09-30T18:11:43-10:00ENERGY  status=live  B2=84.8%  B1=100.0%  solar=0 W  ac=102 W  usbc=0 W  src=/home/rootrecord/RootRecord-Ecosystem/2 - RootRecord-Database/Energy  LAP=66%/Charging/AC
2026-09-30T18:11:57-10:00  ▸  SUMMARY=delta2 soc=84.48% solar=0W ac_out=96W usbc=0W src=ble db=ok
2026-09-30T18:11:57-10:00job:sys_stats_cycle RUN  bash "/home/rootrecord/RootRecord-Ecosystem/1 - Servers/1 - RootRecord-Pacific-Solar-Server/System/scripts/sys-sample.sh"
2026-09-30T18:11:58-10:00job:sys_stats_cycle | SYSTEM  cpu=16%  load=1.68  mem=43%  src=sqlite
2026-09-30T18:11:58-10:00job:sys_stats_cycle | OK wrote /home/rootrecord/RootRecord-Ecosystem/2 - RootRecord-Database/System/samples/sys-20260930-181158.json
2026-09-30T18:12:39-10:00job:github_sync_all | ↑ [ecosystem] committed 15 local file(s)
2026-09-30T18:12:39-10:00job:github_sync_all | ↓ [ecosystem] fetching origin/main
2026-09-30T18:12:39-10:00job:github_sync_all | From github.com:RootRecord-Software-Solutions/RootRecord-Ecosystem
2026-09-30T18:12:39-10:00job:github_sync_all | * branch            main       -> FETCH_HEAD
2026-09-30T18:12:39-10:00job:github_sync_all | ↑ [ecosystem] local is ahead of GitHub
2026-09-30T18:12:39-10:00job:github_sync_all | To github.com:RootRecord-Software-Solutions/RootRecord-Ecosystem.git
2026-09-30T18:12:39-10:00job:github_sync_all | a01d3e8..89fd6a3  HEAD -> main
2026-09-30T18:12:39-10:00job:github_sync_all | branch 'main' set up to track 'origin/main'.
2026-09-30T18:12:39-10:00job:github_sync_all | ↑ [ecosystem] 15 files → RootRecord-Software-Solutions/RootRecord-Ecosystem (main)
2026-09-30T18:12:39-10:00job:github_sync_all | ↑ [pacific] committed 6 local file(s)
2026-09-30T18:12:39-10:00job:github_sync_all | ↓ [pacific] fetching origin/main
2026-09-30T18:12:39-10:00job:github_sync_all | From github.com:RootRecord-Software-Solutions/RootRecord-Pacific-Solar-Server
2026-09-30T18:12:39-10:00job:github_sync_all | * branch            main       -> FETCH_HEAD
2026-09-30T18:12:39-10:00job:github_sync_all | ↑ [pacific] local is ahead of GitHub
2026-09-30T18:12:39-10:00job:github_sync_all | To github.com:RootRecord-Software-Solutions/RootRecord-Pacific-Solar-Server.git
2026-09-30T18:12:39-10:00job:github_sync_all | a0f6ac6..c61c10b  HEAD -> main
2026-09-30T18:12:39-10:00job:github_sync_all | branch 'main' set up to track 'origin/main'.
2026-09-30T18:12:39-10:00job:github_sync_all | ↑ [pacific] 6 files → RootRecord-Software-Solutions/RootRecord-Pacific-Solar-Server (main)
2026-09-30T18:12:39-10:00job:github_sync_all | ↑ [database] committed 22 local file(s)
2026-09-30T18:12:39-10:00job:github_sync_all | ↓ [database] fetching origin/main
2026-09-30T18:12:39-10:00job:github_sync_all | From github.com:RootRecord-Software-Solutions/RootRecord-Database
2026-09-30T18:12:39-10:00job:github_sync_all | * branch              main       -> FETCH_HEAD
2026-09-30T18:12:39-10:00job:github_sync_all | ↑ [database] local is ahead of GitHub
2026-09-30T18:12:39-10:00job:github_sync_all | To github.com:RootRecord-Software-Solutions/RootRecord-Database.git
2026-09-30T18:12:39-10:00job:github_sync_all | 1f2fe2f1..45336e47  HEAD -> main
2026-09-30T18:12:39-10:00job:github_sync_all | branch 'main' set up to track 'origin/main'.
2026-09-30T18:12:39-10:00job:github_sync_all | ↑ [database] 22 files → RootRecord-Software-Solutions/RootRecord-Database (main)
2026-09-30T18:12:39-10:00job:github_sync_all | ↑ [library] committed 2 local file(s)
2026-09-30T18:12:39-10:00job:github_sync_all | ↓ [library] fetching origin/main
2026-09-30T18:12:39-10:00job:github_sync_all | From github.com:RootRecord-Software-Solutions/RootRecord-Library
2026-09-30T18:12:39-10:00job:github_sync_all | * branch            main       -> FETCH_HEAD
2026-09-30T18:12:39-10:00job:github_sync_all | ↑ [library] local is ahead of GitHub
2026-09-30T18:12:39-10:00job:github_sync_all | To github.com:RootRecord-Software-Solutions/RootRecord-Library.git
2026-09-30T18:12:39-10:00job:github_sync_all | bbd2e3d..e3df1ee  HEAD -> main
2026-09-30T18:12:39-10:00job:github_sync_all | branch 'main' set up to track 'origin/main'.
2026-09-30T18:12:39-10:00job:github_sync_all | ↑ [library] 2 files → RootRecord-Software-Solutions/RootRecord-Library (main)
2026-09-30T18:12:39-10:00job:security_camera_frame_grab RUN  bash "/home/rootrecord/RootRecord-Ecosystem/1 - Servers/1 - RootRecord-Pacific-Solar-Server/Security/Cameras/grab_all.sh"
2026-09-30T18:12:57-10:00job:security_camera_frame_grab | 18:12:39  📷  a-eyes  ch1 → ch1-20261001T041239Z.jpg  (526.5 KB, 4.38s)
2026-09-30T18:12:57-10:00job:security_camera_frame_grab | 18:12:44  📷  a-eyes  ch2 → ch2-20261001T041244Z.jpg  (118.7 KB, 4.51s)
2026-09-30T18:12:57-10:00job:security_camera_frame_grab | 18:12:48  📷  a-eyes  ch3 → ch3-20261001T041248Z.jpg  (379.0 KB, 4.52s)
2026-09-30T18:12:57-10:00job:security_camera_frame_grab | 18:12:53  📷  a-eyes  ch4 → ch4-20261001T041253Z.jpg  (181.5 KB, 4.37s)
2026-09-30T18:12:57-10:00job:voice_security_desk RUN  nice -n 10 python3 "/home/rootrecord/RootRecord-Ecosystem/1 - Servers/1 - RootRecord-Pacific-Solar-Server/Media/Voice/scripts/voice_reports.py" security_desk
2026-09-30T18:12:58-10:00job:voice_security_desk | {"ok": true, "report": "security_desk", "md": "/home/rootrecord/RootRecord-Ecosystem/test-reports/Voice/security_desk_current.md", "sentences": 6, "voice": {"rc": 75, "detail": "busy (single-flight) — WAV skipped"}}
2026-09-30T18:12:58-10:00ENERGY  status=live  B2=84.5%  B1=99.4%  solar=0 W  ac=96 W  usbc=0 W  src=/home/rootrecord/RootRecord-Ecosystem/2 - RootRecord-Database/Energy  LAP=66%/Charging/AC
2026-09-30T18:13:12-10:00  ▸  SUMMARY=river2pro soc=99.37% solar=0W ac_out=0W usbc=56W src=ble+cloud db=ok
2026-09-30T18:13:12-10:00job:sys_stats_cycle RUN  bash "/home/rootrecord/RootRecord-Ecosystem/1 - Servers/1 - RootRecord-Pacific-Solar-Server/System/scripts/sys-sample.sh"
2026-09-30T18:13:13-10:00job:sys_stats_cycle | SYSTEM  cpu=6%  load=5.05  mem=43%  src=sqlite
2026-09-30T18:13:13-10:00job:sys_stats_cycle | OK wrote /home/rootrecord/RootRecord-Ecosystem/2 - RootRecord-Database/System/samples/sys-20260930-181313.json
2026-09-30T18:13:52-10:00job:github_sync_all | ↑ [ecosystem] committed 6 local file(s)
2026-09-30T18:13:52-10:00job:github_sync_all | ↓ [ecosystem] fetching origin/main
2026-09-30T18:13:52-10:00job:github_sync_all | From github.com:RootRecord-Software-Solutions/RootRecord-Ecosystem
2026-09-30T18:13:52-10:00job:github_sync_all | * branch            main       -> FETCH_HEAD
2026-09-30T18:13:52-10:00job:github_sync_all | ↑ [ecosystem] local is ahead of GitHub
2026-09-30T18:13:52-10:00job:github_sync_all | To github.com:RootRecord-Software-Solutions/RootRecord-Ecosystem.git
2026-09-30T18:13:52-10:00job:github_sync_all | 89fd6a3..7ad5bdf  HEAD -> main
2026-09-30T18:13:52-10:00job:github_sync_all | branch 'main' set up to track 'origin/main'.
2026-09-30T18:13:52-10:00job:github_sync_all | ↑ [ecosystem] 6 files → RootRecord-Software-Solutions/RootRecord-Ecosystem (main)
2026-09-30T18:13:52-10:00job:github_sync_all | ↑ [pacific] committed 1 local file(s)
2026-09-30T18:13:52-10:00job:github_sync_all | ↓ [pacific] fetching origin/main
2026-09-30T18:13:52-10:00job:github_sync_all | From github.com:RootRecord-Software-Solutions/RootRecord-Pacific-Solar-Server
2026-09-30T18:13:52-10:00job:github_sync_all | * branch            main       -> FETCH_HEAD
2026-09-30T18:13:52-10:00job:github_sync_all | ↑ [pacific] local is ahead of GitHub
2026-09-30T18:13:52-10:00job:github_sync_all | To github.com:RootRecord-Software-Solutions/RootRecord-Pacific-Solar-Server.git
2026-09-30T18:13:52-10:00job:github_sync_all | c61c10b..1607108  HEAD -> main
2026-09-30T18:13:52-10:00job:github_sync_all | branch 'main' set up to track 'origin/main'.
2026-09-30T18:13:52-10:00job:github_sync_all | ↑ [pacific] 1 files → RootRecord-Software-Solutions/RootRecord-Pacific-Solar-Server (main)
2026-09-30T18:13:52-10:00job:github_sync_all | ↑ [database] committed 14 local file(s)
2026-09-30T18:13:52-10:00job:github_sync_all | ↓ [database] fetching origin/main
2026-09-30T18:13:52-10:00job:github_sync_all | From github.com:RootRecord-Software-Solutions/RootRecord-Database
2026-09-30T18:13:52-10:00job:github_sync_all | * branch              main       -> FETCH_HEAD
2026-09-30T18:13:52-10:00job:github_sync_all | ↑ [database] local is ahead of GitHub
2026-09-30T18:13:52-10:00job:github_sync_all | To github.com:RootRecord-Software-Solutions/RootRecord-Database.git
2026-09-30T18:13:52-10:00job:github_sync_all | 45336e47..78706e01  HEAD -> main
2026-09-30T18:13:52-10:00job:github_sync_all | branch 'main' set up to track 'origin/main'.
2026-09-30T18:13:52-10:00job:github_sync_all | ↑ [database] 14 files → RootRecord-Software-Solutions/RootRecord-Database (main)
2026-09-30T18:13:52-10:00job:github_sync_all | — [library] no local changes
2026-09-30T18:13:52-10:00job:github_sync_all | ↓ [library] fetching origin/main
2026-09-30T18:13:52-10:00job:github_sync_all | From github.com:RootRecord-Software-Solutions/RootRecord-Library
2026-09-30T18:13:52-10:00job:github_sync_all | * branch            main       -> FETCH_HEAD
2026-09-30T18:13:52-10:00job:github_sync_all | — [library] local and GitHub already match
2026-09-30T18:13:52-10:00job:github_sync_all | — [library] nothing to push
2026-09-30T18:13:52-10:00job:worklog_scan RUN  bash "/home/rootrecord/RootRecord-Ecosystem/1 - Servers/1 - RootRecord-Pacific-Solar-Server/Reports/scripts/worklog_once.sh"
2026-09-30T18:13:56-10:00job:worklog_scan | OK wrote/updated /home/rootrecord/RootRecord-Ecosystem/2 - RootRecord-Database/Worklog/worklog_current.md
2026-09-30T18:13:56-10:00job:security_camera_frame_grab RUN  bash "/home/rootrecord/RootRecord-Ecosystem/1 - Servers/1 - RootRecord-Pacific-Solar-Server/Security/Cameras/grab_all.sh"
2026-09-30T18:14:14-10:00job:security_camera_frame_grab | 18:13:56  📷  a-eyes  ch1 → ch1-20261001T041356Z.jpg  (524.4 KB, 4.36s)
2026-09-30T18:14:14-10:00job:security_camera_frame_grab | 18:14:01  📷  a-eyes  ch2 → ch2-20261001T041401Z.jpg  (121.5 KB, 4.49s)
2026-09-30T18:14:14-10:00job:security_camera_frame_grab | 18:14:05  📷  a-eyes  ch3 → ch3-20261001T041405Z.jpg  (376.0 KB, 4.35s)
2026-09-30T18:14:14-10:00job:security_camera_frame_grab | 18:14:10  📷  a-eyes  ch4 → ch4-20261001T041410Z.jpg  (182.5 KB, 4.37s)
2026-09-30T18:14:14-10:00job:voice_bandwidth_desk RUN  nice -n 10 python3 "/home/rootrecord/RootRecord-Ecosystem/1 - Servers/1 - RootRecord-Pacific-Solar-Server/Media/Voice/scripts/voice_reports.py" bandwidth_desk
2026-09-30T18:14:29-10:00job:voice_bandwidth_desk | {"ok": true, "report": "bandwidth_desk", "md": "/home/rootrecord/RootRecord-Ecosystem/test-reports/Voice/bandwidth_desk_current.md", "sentences": 4, "voice": {"ok": true, "mode": "stitch", "report": "bandwidth_desk", "agent": "carly", "voice": "af_nova", "speed": 1.0, "wav": "/home/rootrecord/RootRecord-Ecosystem/2 - RootRecord-Database/Media/Audio/Voice/bandwidth_desk_current.wav", "clips_used": 0, "live_sentences": 3, "model_loaded": true, "render_s": 10.54, "sample_rate": 24000, "channels": 1, "subtype": "PCM_16", "duration_s": 14.628, "peak_dbfs": -1.5, "rms_dbfs": -21.24, "lead_silence_ms": 111, "qc": "PASS", "wall_s": 10.62, "peak_rss_mb": 1400, "rc": 0}, "deliver": {"ok": true, "sent": true, "persona": "carly", "chat": "-1004406495175", "message_id": 139, "transcript": true, "report": true, "photo": false, "plan": {"voice": true, "transcript": true, "report": true}}}
2026-09-30T18:14:30-10:00ENERGY  status=live  B2=84.5%  B1=99.4%  solar=0 W  ac=96 W  usbc=0 W  src=/home/rootrecord/RootRecord-Ecosystem/2 - RootRecord-Database/Energy  LAP=67%/Charging/AC
2026-09-30T18:14:45-10:00  ▸  SUMMARY=delta2 soc=83.88% solar=0W ac_out=90W usbc=0W src=ble db=ok
2026-09-30T18:14:45-10:00job:sys_stats_cycle RUN  bash "/home/rootrecord/RootRecord-Ecosystem/1 - Servers/1 - RootRecord-Pacific-Solar-Server/System/scripts/sys-sample.sh"
2026-09-30T18:14:46-10:00job:sys_stats_cycle | SYSTEM  cpu=9%  load=2.43  mem=41%  src=sqlite
2026-09-30T18:14:46-10:00job:sys_stats_cycle | OK wrote /home/rootrecord/RootRecord-Ecosystem/2 - RootRecord-Database/System/samples/sys-20260930-181445.json
2026-09-30T18:15:22-10:00job:github_sync_all | ↑ [ecosystem] committed 7 local file(s)
2026-09-30T18:15:22-10:00job:github_sync_all | ↓ [ecosystem] fetching origin/main
2026-09-30T18:15:22-10:00job:github_sync_all | From github.com:RootRecord-Software-Solutions/RootRecord-Ecosystem
2026-09-30T18:15:22-10:00job:github_sync_all | * branch            main       -> FETCH_HEAD
2026-09-30T18:15:22-10:00job:github_sync_all | ↑ [ecosystem] local is ahead of GitHub
2026-09-30T18:15:22-10:00job:github_sync_all | To github.com:RootRecord-Software-Solutions/RootRecord-Ecosystem.git
2026-09-30T18:15:22-10:00job:github_sync_all | 7ad5bdf..fab6895  HEAD -> main
2026-09-30T18:15:22-10:00job:github_sync_all | branch 'main' set up to track 'origin/main'.
2026-09-30T18:15:22-10:00job:github_sync_all | ↑ [ecosystem] 7 files → RootRecord-Software-Solutions/RootRecord-Ecosystem (main)
2026-09-30T18:15:22-10:00job:github_sync_all | ↑ [pacific] committed 1 local file(s)
2026-09-30T18:15:22-10:00job:github_sync_all | ↓ [pacific] fetching origin/main
2026-09-30T18:15:22-10:00job:github_sync_all | From github.com:RootRecord-Software-Solutions/RootRecord-Pacific-Solar-Server
2026-09-30T18:15:22-10:00job:github_sync_all | * branch            main       -> FETCH_HEAD
2026-09-30T18:15:22-10:00job:github_sync_all | ↑ [pacific] local is ahead of GitHub
2026-09-30T18:15:22-10:00job:github_sync_all | To github.com:RootRecord-Software-Solutions/RootRecord-Pacific-Solar-Server.git
2026-09-30T18:15:22-10:00job:github_sync_all | 1607108..11f82ee  HEAD -> main
2026-09-30T18:15:22-10:00job:github_sync_all | branch 'main' set up to track 'origin/main'.
2026-09-30T18:15:22-10:00job:github_sync_all | ↑ [pacific] 1 files → RootRecord-Software-Solutions/RootRecord-Pacific-Solar-Server (main)
2026-09-30T18:15:22-10:00job:github_sync_all | ↑ [database] committed 17 local file(s)
2026-09-30T18:15:22-10:00job:github_sync_all | ↓ [database] fetching origin/main
2026-09-30T18:15:22-10:00job:github_sync_all | From github.com:RootRecord-Software-Solutions/RootRecord-Database
2026-09-30T18:15:22-10:00job:github_sync_all | * branch              main       -> FETCH_HEAD
2026-09-30T18:15:22-10:00job:github_sync_all | ↑ [database] local is ahead of GitHub
2026-09-30T18:15:22-10:00job:github_sync_all | To github.com:RootRecord-Software-Solutions/RootRecord-Database.git
2026-09-30T18:15:22-10:00job:github_sync_all | 78706e01..23eae92d  HEAD -> main
2026-09-30T18:15:22-10:00job:github_sync_all | branch 'main' set up to track 'origin/main'.
2026-09-30T18:15:22-10:00job:github_sync_all | ↑ [database] 17 files → RootRecord-Software-Solutions/RootRecord-Database (main)
2026-09-30T18:15:22-10:00job:github_sync_all | — [library] no local changes
2026-09-30T18:15:22-10:00job:github_sync_all | ↓ [library] fetching origin/main
2026-09-30T18:15:22-10:00job:github_sync_all | From github.com:RootRecord-Software-Solutions/RootRecord-Library
2026-09-30T18:15:22-10:00job:github_sync_all | * branch            main       -> FETCH_HEAD
2026-09-30T18:15:22-10:00job:github_sync_all | — [library] local and GitHub already match
2026-09-30T18:15:22-10:00job:github_sync_all | — [library] nothing to push
2026-09-30T18:15:22-10:00job:worklog_scan RUN  bash "/home/rootrecord/RootRecord-Ecosystem/1 - Servers/1 - RootRecord-Pacific-Solar-Server/Reports/scripts/worklog_once.sh"
2026-09-30T18:15:25-10:00job:worklog_scan | OK wrote/updated /home/rootrecord/RootRecord-Ecosystem/2 - RootRecord-Database/Worklog/worklog_current.md
2026-09-30T18:15:25-10:00job:security_camera_frame_grab RUN  bash "/home/rootrecord/RootRecord-Ecosystem/1 - Servers/1 - RootRecord-Pacific-Solar-Server/Security/Cameras/grab_all.sh"
2026-09-30T18:15:43-10:00job:security_camera_frame_grab | 18:15:25  📷  a-eyes  ch1 → ch1-20261001T041525Z.jpg  (524.0 KB, 4.51s)
2026-09-30T18:15:43-10:00job:security_camera_frame_grab | 18:15:30  📷  a-eyes  ch2 → ch2-20261001T041530Z.jpg  (121.2 KB, 4.52s)
2026-09-30T18:15:43-10:00job:security_camera_frame_grab | 18:15:34  📷  a-eyes  ch3 → ch3-20261001T041534Z.jpg  (381.3 KB, 4.38s)
2026-09-30T18:15:43-10:00job:security_camera_frame_grab | 18:15:38  📷  a-eyes  ch4 → ch4-20261001T041538Z.jpg  (188.6 KB, 4.58s)
2026-09-30T18:15:43-10:00ENERGY  status=live  B2=83.9%  B1=99.4%  solar=0 W  ac=90 W  usbc=0 W  src=/home/rootrecord/RootRecord-Ecosystem/2 - RootRecord-Database/Energy  LAP=68%/Charging/AC
2026-09-30T18:15:58-10:00  ▸  SUMMARY=delta2 soc=83.58% solar=0W ac_out=77W usbc=0W src=ble db=ok
2026-09-30T18:15:58-10:00job:sys_stats_cycle RUN  bash "/home/rootrecord/RootRecord-Ecosystem/1 - Servers/1 - RootRecord-Pacific-Solar-Server/System/scripts/sys-sample.sh"
2026-09-30T18:15:59-10:00job:sys_stats_cycle | SYSTEM  cpu=4%  load=1.16  mem=41%  src=sqlite
2026-09-30T18:15:59-10:00job:sys_stats_cycle | OK wrote /home/rootrecord/RootRecord-Ecosystem/2 - RootRecord-Database/System/samples/sys-20260930-181559.json
2026-09-30T18:16:35-10:00job:github_sync_all | ↑ [ecosystem] committed 1 local file(s)
2026-09-30T18:16:35-10:00job:github_sync_all | ↓ [ecosystem] fetching origin/main
2026-09-30T18:16:35-10:00job:github_sync_all | From github.com:RootRecord-Software-Solutions/RootRecord-Ecosystem
2026-09-30T18:16:35-10:00job:github_sync_all | * branch            main       -> FETCH_HEAD
2026-09-30T18:16:35-10:00job:github_sync_all | ↑ [ecosystem] local is ahead of GitHub
2026-09-30T18:16:35-10:00job:github_sync_all | To github.com:RootRecord-Software-Solutions/RootRecord-Ecosystem.git
2026-09-30T18:16:35-10:00job:github_sync_all | fab6895..bc8791f  HEAD -> main
2026-09-30T18:16:35-10:00job:github_sync_all | branch 'main' set up to track 'origin/main'.
2026-09-30T18:16:35-10:00job:github_sync_all | ↑ [ecosystem] 1 files → RootRecord-Software-Solutions/RootRecord-Ecosystem (main)
2026-09-30T18:16:35-10:00job:github_sync_all | ↑ [pacific] committed 1 local file(s)
2026-09-30T18:16:35-10:00job:github_sync_all | ↓ [pacific] fetching origin/main
2026-09-30T18:16:35-10:00job:github_sync_all | From github.com:RootRecord-Software-Solutions/RootRecord-Pacific-Solar-Server
2026-09-30T18:16:35-10:00job:github_sync_all | * branch            main       -> FETCH_HEAD
2026-09-30T18:16:35-10:00job:github_sync_all | ↑ [pacific] local is ahead of GitHub
2026-09-30T18:16:35-10:00job:github_sync_all | To github.com:RootRecord-Software-Solutions/RootRecord-Pacific-Solar-Server.git
2026-09-30T18:16:35-10:00job:github_sync_all | 11f82ee..b16c433  HEAD -> main
2026-09-30T18:16:35-10:00job:github_sync_all | branch 'main' set up to track 'origin/main'.
2026-09-30T18:16:35-10:00job:github_sync_all | ↑ [pacific] 1 files → RootRecord-Software-Solutions/RootRecord-Pacific-Solar-Server (main)
2026-09-30T18:16:35-10:00job:github_sync_all | ↑ [database] committed 18 local file(s)
2026-09-30T18:16:35-10:00job:github_sync_all | ↓ [database] fetching origin/main
2026-09-30T18:16:35-10:00job:github_sync_all | From github.com:RootRecord-Software-Solutions/RootRecord-Database
2026-09-30T18:16:35-10:00job:github_sync_all | * branch              main       -> FETCH_HEAD
2026-09-30T18:16:35-10:00job:github_sync_all | ↑ [database] local is ahead of GitHub
2026-09-30T18:16:35-10:00job:github_sync_all | To github.com:RootRecord-Software-Solutions/RootRecord-Database.git
2026-09-30T18:16:35-10:00job:github_sync_all | 23eae92d..534ee0cb  HEAD -> main
2026-09-30T18:16:35-10:00job:github_sync_all | branch 'main' set up to track 'origin/main'.
2026-09-30T18:16:35-10:00job:github_sync_all | ↑ [database] 18 files → RootRecord-Software-Solutions/RootRecord-Database (main)
2026-09-30T18:16:35-10:00job:github_sync_all | — [library] no local changes
2026-09-30T18:16:35-10:00job:github_sync_all | ↓ [library] fetching origin/main
2026-09-30T18:16:35-10:00job:github_sync_all | From github.com:RootRecord-Software-Solutions/RootRecord-Library
2026-09-30T18:16:35-10:00job:github_sync_all | * branch            main       -> FETCH_HEAD
2026-09-30T18:16:35-10:00job:github_sync_all | — [library] local and GitHub already match
2026-09-30T18:16:35-10:00job:github_sync_all | — [library] nothing to push
2026-09-30T18:16:35-10:00job:security_camera_frame_grab RUN  bash "/home/rootrecord/RootRecord-Ecosystem/1 - Servers/1 - RootRecord-Pacific-Solar-Server/Security/Cameras/grab_all.sh"
2026-09-30T18:16:53-10:00job:security_camera_frame_grab | 18:16:35  📷  a-eyes  ch1 → ch1-20261001T041635Z.jpg  (527.2 KB, 4.36s)
2026-09-30T18:16:53-10:00job:security_camera_frame_grab | 18:16:40  📷  a-eyes  ch2 → ch2-20261001T041640Z.jpg  (123.6 KB, 4.32s)
2026-09-30T18:16:53-10:00job:security_camera_frame_grab | 18:16:44  📷  a-eyes  ch3 → ch3-20261001T041644Z.jpg  (385.4 KB, 4.49s)
2026-09-30T18:16:53-10:00job:security_camera_frame_grab | 18:16:48  📷  a-eyes  ch4 → ch4-20261001T041648Z.jpg  (190.3 KB, 4.47s)
2026-09-30T18:16:53-10:00job:service_supervisor RUN  bash "/home/rootrecord/RootRecord-Ecosystem/1 - Servers/1 - RootRecord-Pacific-Solar-Server/Automations/scripts/supervise-services.sh"
2026-09-30T18:16:53-10:00job:service_supervisor | [supervisor] weather alive pid=97054 764793 (act)
2026-09-30T18:16:53-10:00job:service_supervisor | [supervisor] relay alive pid=96403 (act)
2026-09-30T18:16:53-10:00job:geology_collect RUN  nice -n 10 python3 "/home/rootrecord/RootRecord-Ecosystem/1 - Servers/1 - RootRecord-Pacific-Solar-Server/Geology/scripts/geology_collect.py" all
2026-09-30T18:17:00-10:00job:geology_collect | {"ok": true, "at": "2026-09-30T18:16:53-10:00", "what": "all", "dry_run": false, "sources": {"hawaii": {"ok": true, "count": 17, "new": 0, "new_m2": 0, "ms": 838}, "global": {"ok": true, "count": 38, "new": 0, "ms": 307}, "hvo_notices": {"ok": true, "count": 44, "new": 0, "ms": 4905}, "hvo_status": {"ok": true, "volcanoes": 8, "kilauea": "WATCH", "mauna_loa": "NORMAL", "ms": 716}}}
2026-09-30T18:17:00-10:00job:system_net_sample RUN  nice -n 10 python3 "/home/rootrecord/RootRecord-Ecosystem/1 - Servers/1 - RootRecord-Pacific-Solar-Server/System/scripts/host_desks.py" net-sample
2026-09-30T18:17:00-10:00job:system_net_sample | {"ok": true, "file": "/home/rootrecord/RootRecord-Ecosystem/2 - RootRecord-Database/System/network/Daily/net-20260930.jsonl", "iface": "wlo1", "hour": {"seconds": 3782, "rx": 319356947, "tx": 103389048, "total": 422745995, "iface": "wlo1", "link": "wireless"}, "day": null}
2026-09-30T18:17:00-10:00job:voice_energy_report RUN  nice -n 10 python3 "/home/rootrecord/RootRecord-Ecosystem/1 - Servers/1 - RootRecord-Pacific-Solar-Server/Media/Voice/scripts/voice_reports.py" energy_report
2026-09-30T18:19:23-10:00job:voice_energy_report | {"ok": true, "report": "energy_report", "md": "/home/rootrecord/RootRecord-Ecosystem/test-reports/Voice/energy_report_current.md", "sentences": 4, "voice": {"ok": true, "mode": "stitch", "report": "energy_report", "agent": "carly", "voice": "af_nova", "speed": 1.0, "wav": "/home/rootrecord/RootRecord-Ecosystem/2 - RootRecord-Database/Media/Audio/Voice/energy_report_current.wav", "clips_used": 0, "live_sentences": 5, "model_loaded": true, "render_s": 11.73, "sample_rate": 24000, "channels": 1, "subtype": "PCM_16", "duration_s": 21.672, "peak_dbfs": -2.66, "rms_dbfs": -20.27, "lead_silence_ms": 110, "qc": "PASS", "wall_s": 11.86, "peak_rss_mb": 1486, "rc": 0}, "deliver": {"ok": true, "sent": true, "persona": "carly", "chat": "-1004406495175", "message_id": 142, "transcript": true, "report": true, "photo": true, "plan": {"voice": true, "transcript": true, "report": true}}}
2026-09-30T18:19:23-10:00ENERGY  status=live  B2=83.6%  B1=99.4%  solar=0 W  ac=77 W  usbc=0 W  src=/home/rootrecord/RootRecord-Ecosystem/2 - RootRecord-Database/Energy  LAP=70%/Charging/AC
2026-09-30T18:19:38-10:00  ▸  SUMMARY=delta2 soc=82.77% solar=0W ac_out=77W usbc=0W src=ble db=ok
2026-09-30T18:19:38-10:00job:sys_stats_cycle RUN  bash "/home/rootrecord/RootRecord-Ecosystem/1 - Servers/1 - RootRecord-Pacific-Solar-Server/System/scripts/sys-sample.sh"
2026-09-30T18:19:40-10:00job:sys_stats_cycle | SYSTEM  cpu=9%  load=1.54  mem=38%  src=sqlite
2026-09-30T18:19:40-10:00job:sys_stats_cycle | OK wrote /home/rootrecord/RootRecord-Ecosystem/2 - RootRecord-Database/System/samples/sys-20260930-181939.json
2026-09-30T18:20:18-10:00job:github_sync_all | ↑ [ecosystem] committed 15 local file(s)
2026-09-30T18:20:18-10:00job:github_sync_all | ↓ [ecosystem] fetching origin/main
2026-09-30T18:20:18-10:00job:github_sync_all | From github.com:RootRecord-Software-Solutions/RootRecord-Ecosystem
2026-09-30T18:20:18-10:00job:github_sync_all | * branch            main       -> FETCH_HEAD
2026-09-30T18:20:18-10:00job:github_sync_all | ↑ [ecosystem] local is ahead of GitHub
2026-09-30T18:20:18-10:00job:github_sync_all | To github.com:RootRecord-Software-Solutions/RootRecord-Ecosystem.git
2026-09-30T18:20:18-10:00job:github_sync_all | bc8791f..152ebcf  HEAD -> main
2026-09-30T18:20:18-10:00job:github_sync_all | branch 'main' set up to track 'origin/main'.
2026-09-30T18:20:18-10:00job:github_sync_all | ↑ [ecosystem] 15 files → RootRecord-Software-Solutions/RootRecord-Ecosystem (main)
2026-09-30T18:20:18-10:00job:github_sync_all | ↑ [pacific] committed 1 local file(s)
2026-09-30T18:20:18-10:00job:github_sync_all | ↓ [pacific] fetching origin/main
2026-09-30T18:20:18-10:00job:github_sync_all | From github.com:RootRecord-Software-Solutions/RootRecord-Pacific-Solar-Server
2026-09-30T18:20:18-10:00job:github_sync_all | * branch            main       -> FETCH_HEAD
2026-09-30T18:20:18-10:00job:github_sync_all | ↑ [pacific] local is ahead of GitHub
2026-09-30T18:20:18-10:00job:github_sync_all | To github.com:RootRecord-Software-Solutions/RootRecord-Pacific-Solar-Server.git
2026-09-30T18:20:18-10:00job:github_sync_all | b16c433..6843e07  HEAD -> main
2026-09-30T18:20:18-10:00job:github_sync_all | branch 'main' set up to track 'origin/main'.
2026-09-30T18:20:18-10:00job:github_sync_all | ↑ [pacific] 1 files → RootRecord-Software-Solutions/RootRecord-Pacific-Solar-Server (main)
2026-09-30T18:20:18-10:00job:github_sync_all | ↑ [database] committed 21 local file(s)
2026-09-30T18:20:18-10:00job:github_sync_all | ↓ [database] fetching origin/main
2026-09-30T18:20:18-10:00job:github_sync_all | From github.com:RootRecord-Software-Solutions/RootRecord-Database
2026-09-30T18:20:18-10:00job:github_sync_all | * branch              main       -> FETCH_HEAD
2026-09-30T18:20:18-10:00job:github_sync_all | ↑ [database] local is ahead of GitHub
2026-09-30T18:20:18-10:00job:github_sync_all | To github.com:RootRecord-Software-Solutions/RootRecord-Database.git
2026-09-30T18:20:18-10:00job:github_sync_all | 534ee0cb..7b24a908  HEAD -> main
2026-09-30T18:20:18-10:00job:github_sync_all | branch 'main' set up to track 'origin/main'.
2026-09-30T18:20:18-10:00job:github_sync_all | ↑ [database] 21 files → RootRecord-Software-Solutions/RootRecord-Database (main)
2026-09-30T18:20:18-10:00job:github_sync_all | — [library] no local changes
2026-09-30T18:20:18-10:00job:github_sync_all | ↓ [library] fetching origin/main
2026-09-30T18:20:18-10:00job:github_sync_all | From github.com:RootRecord-Software-Solutions/RootRecord-Library
2026-09-30T18:20:18-10:00job:github_sync_all | * branch            main       -> FETCH_HEAD
2026-09-30T18:20:18-10:00job:github_sync_all | — [library] local and GitHub already match
2026-09-30T18:20:18-10:00job:github_sync_all | — [library] nothing to push
2026-09-30T18:20:18-10:00job:worklog_scan RUN  bash "/home/rootrecord/RootRecord-Ecosystem/1 - Servers/1 - RootRecord-Pacific-Solar-Server/Reports/scripts/worklog_once.sh"
2026-09-30T18:20:29-10:00job:worklog_scan | OK wrote/updated /home/rootrecord/RootRecord-Ecosystem/2 - RootRecord-Database/Worklog/worklog_current.md
2026-09-30T18:20:29-10:00job:security_camera_frame_grab RUN  bash "/home/rootrecord/RootRecord-Ecosystem/1 - Servers/1 - RootRecord-Pacific-Solar-Server/Security/Cameras/grab_all.sh"
2026-09-30T18:20:47-10:00job:security_camera_frame_grab | 18:20:29  📷  a-eyes  ch1 → ch1-20261001T042029Z.jpg  (487.1 KB, 4.42s)
2026-09-30T18:20:47-10:00job:security_camera_frame_grab | 18:20:34  📷  a-eyes  ch2 → ch2-20261001T042034Z.jpg  (124.9 KB, 4.26s)
2026-09-30T18:20:47-10:00job:security_camera_frame_grab | 18:20:38  📷  a-eyes  ch3 → ch3-20261001T042038Z.jpg  (390.8 KB, 4.36s)
2026-09-30T18:20:47-10:00job:security_camera_frame_grab | 18:20:42  📷  a-eyes  ch4 → ch4-20261001T042042Z.jpg  (197.3 KB, 4.55s)
2026-09-30T18:20:47-10:00ENERGY  status=live  B2=82.8%  B1=99.4%  solar=0 W  ac=77 W  usbc=0 W  src=/home/rootrecord/RootRecord-Ecosystem/2 - RootRecord-Database/Energy  LAP=71%/Charging/AC
2026-09-30T18:21:05-10:00  ▸  SUMMARY=river2pro soc=98.26% solar=0W ac_out=0W usbc=56W src=ble+cloud db=ok
2026-09-30T18:21:05-10:00job:sys_stats_cycle RUN  bash "/home/rootrecord/RootRecord-Ecosystem/1 - Servers/1 - RootRecord-Pacific-Solar-Server/System/scripts/sys-sample.sh"
2026-09-30T18:21:07-10:00job:sys_stats_cycle | SYSTEM  cpu=61%  load=2.56  mem=49%  src=sqlite
2026-09-30T18:21:07-10:00job:sys_stats_cycle | OK wrote /home/rootrecord/RootRecord-Ecosystem/2 - RootRecord-Database/System/samples/sys-20260930-182106.json
2026-09-30T18:21:48-10:00job:github_sync_all | ↑ [ecosystem] committed 1 local file(s)
2026-09-30T18:21:48-10:00job:github_sync_all | ↓ [ecosystem] fetching origin/main
2026-09-30T18:21:48-10:00job:github_sync_all | From github.com:RootRecord-Software-Solutions/RootRecord-Ecosystem
2026-09-30T18:21:48-10:00job:github_sync_all | * branch            main       -> FETCH_HEAD
2026-09-30T18:21:48-10:00job:github_sync_all | ↑ [ecosystem] local is ahead of GitHub
2026-09-30T18:21:48-10:00job:github_sync_all | To github.com:RootRecord-Software-Solutions/RootRecord-Ecosystem.git
2026-09-30T18:21:48-10:00job:github_sync_all | 152ebcf..ad3e301  HEAD -> main
2026-09-30T18:21:48-10:00job:github_sync_all | branch 'main' set up to track 'origin/main'.
2026-09-30T18:21:48-10:00job:github_sync_all | ↑ [ecosystem] 1 files → RootRecord-Software-Solutions/RootRecord-Ecosystem (main)
2026-09-30T18:21:48-10:00job:github_sync_all | ↑ [pacific] committed 1 local file(s)
2026-09-30T18:21:48-10:00job:github_sync_all | ↓ [pacific] fetching origin/main
2026-09-30T18:21:48-10:00job:github_sync_all | From github.com:RootRecord-Software-Solutions/RootRecord-Pacific-Solar-Server
2026-09-30T18:21:48-10:00job:github_sync_all | * branch            main       -> FETCH_HEAD
2026-09-30T18:21:48-10:00job:github_sync_all | ↑ [pacific] local is ahead of GitHub
2026-09-30T18:21:48-10:00job:github_sync_all | To github.com:RootRecord-Software-Solutions/RootRecord-Pacific-Solar-Server.git
2026-09-30T18:21:48-10:00job:github_sync_all | 6843e07..8dea286  HEAD -> main
2026-09-30T18:21:48-10:00job:github_sync_all | branch 'main' set up to track 'origin/main'.
2026-09-30T18:21:48-10:00job:github_sync_all | ↑ [pacific] 1 files → RootRecord-Software-Solutions/RootRecord-Pacific-Solar-Server (main)
2026-09-30T18:21:48-10:00job:github_sync_all | ↑ [database] committed 16 local file(s)
2026-09-30T18:21:48-10:00job:github_sync_all | ↓ [database] fetching origin/main
2026-09-30T18:21:48-10:00job:github_sync_all | From github.com:RootRecord-Software-Solutions/RootRecord-Database
2026-09-30T18:21:48-10:00job:github_sync_all | * branch              main       -> FETCH_HEAD
2026-09-30T18:21:48-10:00job:github_sync_all | ↑ [database] local is ahead of GitHub
2026-09-30T18:21:48-10:00job:github_sync_all | To github.com:RootRecord-Software-Solutions/RootRecord-Database.git
2026-09-30T18:21:48-10:00job:github_sync_all | 7b24a908..d72163cf  HEAD -> main
2026-09-30T18:21:48-10:00job:github_sync_all | branch 'main' set up to track 'origin/main'.
2026-09-30T18:21:48-10:00job:github_sync_all | ↑ [database] 16 files → RootRecord-Software-Solutions/RootRecord-Database (main)
2026-09-30T18:21:48-10:00job:github_sync_all | — [library] no local changes
2026-09-30T18:21:48-10:00job:github_sync_all | ↓ [library] fetching origin/main
2026-09-30T18:21:48-10:00job:github_sync_all | From github.com:RootRecord-Software-Solutions/RootRecord-Library
2026-09-30T18:21:48-10:00job:github_sync_all | * branch            main       -> FETCH_HEAD
2026-09-30T18:21:48-10:00job:github_sync_all | — [library] local and GitHub already match
2026-09-30T18:21:48-10:00job:github_sync_all | — [library] nothing to push
2026-09-30T18:21:48-10:00job:security_camera_frame_grab RUN  bash "/home/rootrecord/RootRecord-Ecosystem/1 - Servers/1 - RootRecord-Pacific-Solar-Server/Security/Cameras/grab_all.sh"
2026-09-30T18:22:06-10:00job:security_camera_frame_grab | 18:21:48  📷  a-eyes  ch1 → ch1-20261001T042148Z.jpg  (480.9 KB, 4.76s)
2026-09-30T18:22:06-10:00job:security_camera_frame_grab | 18:21:53  📷  a-eyes  ch2 → ch2-20261001T042153Z.jpg  (114.1 KB, 4.25s)
2026-09-30T18:22:06-10:00job:security_camera_frame_grab | 18:21:57  📷  a-eyes  ch3 → ch3-20261001T042157Z.jpg  (386.4 KB, 4.37s)
2026-09-30T18:22:06-10:00job:security_camera_frame_grab | 18:22:01  📷  a-eyes  ch4 → ch4-20261001T042201Z.jpg  (186.9 KB, 4.54s)
2026-09-30T18:22:06-10:00job:service_supervisor RUN  bash "/home/rootrecord/RootRecord-Ecosystem/1 - Servers/1 - RootRecord-Pacific-Solar-Server/Automations/scripts/supervise-services.sh"
2026-09-30T18:22:06-10:00job:service_supervisor | [supervisor] weather alive pid=97054 764793 (act)
2026-09-30T18:22:06-10:00job:service_supervisor | [supervisor] relay alive pid=96403 (act)
2026-09-30T18:22:06-10:00job:geology_collect RUN  nice -n 10 python3 "/home/rootrecord/RootRecord-Ecosystem/1 - Servers/1 - RootRecord-Pacific-Solar-Server/Geology/scripts/geology_collect.py" all
2026-09-30T18:22:09-10:00job:geology_collect | {"ok": true, "at": "2026-09-30T18:22:06-10:00", "what": "all", "dry_run": false, "sources": {"hawaii": {"ok": true, "count": 17, "new": 0, "new_m2": 0, "ms": 553}, "global": {"ok": true, "count": 38, "new": 0, "ms": 326}, "hvo_notices": {"ok": true, "count": 44, "new": 0, "ms": 1317}, "hvo_status": {"ok": true, "volcanoes": 8, "kilauea": "WATCH", "mauna_loa": "NORMAL", "ms": 712}}}
2026-09-30T18:22:09-10:00job:system_net_sample RUN  nice -n 10 python3 "/home/rootrecord/RootRecord-Ecosystem/1 - Servers/1 - RootRecord-Pacific-Solar-Server/System/scripts/host_desks.py" net-sample
2026-09-30T18:22:09-10:00job:system_net_sample | {"ok": true, "file": "/home/rootrecord/RootRecord-Ecosystem/2 - RootRecord-Database/System/network/Daily/net-20260930.jsonl", "iface": "wlo1", "hour": {"seconds": 3708, "rx": 261393552, "tx": 103718334, "total": 365111886, "iface": "wlo1", "link": "wireless"}, "day": null}
2026-09-30T18:22:10-10:00ENERGY  status=live  B2=82.8%  B1=98.3%  solar=0 W  ac=77 W  usbc=0 W  src=/home/rootrecord/RootRecord-Ecosystem/2 - RootRecord-Database/Energy  LAP=71%/Charging/AC
2026-09-30T18:22:25-10:00  ▸  SUMMARY=delta2 soc=82.17% solar=0W ac_out=105W usbc=0W src=ble db=ok
2026-09-30T18:22:25-10:00job:sys_stats_cycle RUN  bash "/home/rootrecord/RootRecord-Ecosystem/1 - Servers/1 - RootRecord-Pacific-Solar-Server/System/scripts/sys-sample.sh"
2026-09-30T18:22:27-10:00job:sys_stats_cycle | SYSTEM  cpu=62%  load=4.84  mem=52%  src=sqlite
2026-09-30T18:22:27-10:00job:sys_stats_cycle | OK wrote /home/rootrecord/RootRecord-Ecosystem/2 - RootRecord-Database/System/samples/sys-20260930-182226.json
2026-09-30T18:23:05-10:00job:github_sync_all | ↑ [ecosystem] committed 7 local file(s)
2026-09-30T18:23:05-10:00job:github_sync_all | ↓ [ecosystem] fetching origin/main
2026-09-30T18:23:05-10:00job:github_sync_all | From github.com:RootRecord-Software-Solutions/RootRecord-Ecosystem
2026-09-30T18:23:05-10:00job:github_sync_all | * branch            main       -> FETCH_HEAD
2026-09-30T18:23:05-10:00job:github_sync_all | ↑ [ecosystem] local is ahead of GitHub
2026-09-30T18:23:05-10:00job:github_sync_all | To github.com:RootRecord-Software-Solutions/RootRecord-Ecosystem.git
2026-09-30T18:23:05-10:00job:github_sync_all | ad3e301..64d76d4  HEAD -> main
2026-09-30T18:23:05-10:00job:github_sync_all | branch 'main' set up to track 'origin/main'.
2026-09-30T18:23:05-10:00job:github_sync_all | ↑ [ecosystem] 7 files → RootRecord-Software-Solutions/RootRecord-Ecosystem (main)
2026-09-30T18:23:05-10:00job:github_sync_all | — [pacific] no local changes
2026-09-30T18:23:05-10:00job:github_sync_all | ↓ [pacific] fetching origin/main
2026-09-30T18:23:05-10:00job:github_sync_all | From github.com:RootRecord-Software-Solutions/RootRecord-Pacific-Solar-Server
2026-09-30T18:23:05-10:00job:github_sync_all | * branch            main       -> FETCH_HEAD
2026-09-30T18:23:05-10:00job:github_sync_all | — [pacific] local and GitHub already match
2026-09-30T18:23:05-10:00job:github_sync_all | — [pacific] nothing to push
2026-09-30T18:23:05-10:00job:github_sync_all | ↑ [database] committed 19 local file(s)
2026-09-30T18:23:05-10:00job:github_sync_all | ↓ [database] fetching origin/main
2026-09-30T18:23:05-10:00job:github_sync_all | From github.com:RootRecord-Software-Solutions/RootRecord-Database
2026-09-30T18:23:05-10:00job:github_sync_all | * branch              main       -> FETCH_HEAD
2026-09-30T18:23:05-10:00job:github_sync_all | ↑ [database] local is ahead of GitHub
2026-09-30T18:23:05-10:00job:github_sync_all | To github.com:RootRecord-Software-Solutions/RootRecord-Database.git
2026-09-30T18:23:05-10:00job:github_sync_all | d72163cf..8c27404c  HEAD -> main
2026-09-30T18:23:05-10:00job:github_sync_all | branch 'main' set up to track 'origin/main'.
2026-09-30T18:23:05-10:00job:github_sync_all | ↑ [database] 19 files → RootRecord-Software-Solutions/RootRecord-Database (main)
2026-09-30T18:23:05-10:00job:github_sync_all | — [library] no local changes
2026-09-30T18:23:05-10:00job:github_sync_all | ↓ [library] fetching origin/main
2026-09-30T18:23:05-10:00job:github_sync_all | From github.com:RootRecord-Software-Solutions/RootRecord-Library
2026-09-30T18:23:05-10:00job:github_sync_all | * branch            main       -> FETCH_HEAD
2026-09-30T18:23:05-10:00job:github_sync_all | — [library] local and GitHub already match
2026-09-30T18:23:05-10:00job:github_sync_all | — [library] nothing to push
2026-09-30T18:23:05-10:00job:worklog_scan RUN  bash "/home/rootrecord/RootRecord-Ecosystem/1 - Servers/1 - RootRecord-Pacific-Solar-Server/Reports/scripts/worklog_once.sh"
2026-09-30T18:23:13-10:00job:worklog_scan | OK wrote/updated /home/rootrecord/RootRecord-Ecosystem/2 - RootRecord-Database/Worklog/worklog_current.md
2026-09-30T18:23:13-10:00job:security_camera_frame_grab RUN  bash "/home/rootrecord/RootRecord-Ecosystem/1 - Servers/1 - RootRecord-Pacific-Solar-Server/Security/Cameras/grab_all.sh"
2026-09-30T18:23:31-10:00job:security_camera_frame_grab | 18:23:13  📷  a-eyes  ch1 → ch1-20261001T042313Z.jpg  (459.4 KB, 4.73s)
2026-09-30T18:23:31-10:00job:security_camera_frame_grab | 18:23:17  📷  a-eyes  ch2 → ch2-20261001T042317Z.jpg  (114.9 KB, 4.44s)
2026-09-30T18:23:31-10:00job:security_camera_frame_grab | 18:23:22  📷  a-eyes  ch3 → ch3-20261001T042322Z.jpg  (338.1 KB, 4.42s)
2026-09-30T18:23:31-10:00job:security_camera_frame_grab | 18:23:26  📷  a-eyes  ch4 → ch4-20261001T042326Z.jpg  (173.2 KB, 4.39s)
2026-09-30T18:23:31-10:00job:voice_nws_weather RUN  nice -n 10 python3 "/home/rootrecord/RootRecord-Ecosystem/1 - Servers/1 - RootRecord-Pacific-Solar-Server/Media/Voice/scripts/voice_reports.py" nws_weather
2026-09-30T18:23:43-10:00job:voice_nws_weather | {"ok": true, "report": "nws_weather", "md": "/home/rootrecord/RootRecord-Ecosystem/test-reports/Voice/nws_weather_current.md", "sentences": 4, "voice": {"ok": true, "mode": "stitch", "report": "nws_weather", "agent": "ava", "voice": "af_heart", "speed": 1.0, "wav": "/home/rootrecord/RootRecord-Ecosystem/2 - RootRecord-Database/Media/Audio/Voice/nws_weather_current.wav", "clips_used": 0, "live_sentences": 7, "model_loaded": true, "render_s": 10.91, "sample_rate": 24000, "channels": 1, "subtype": "PCM_16", "duration_s": 17.765, "peak_dbfs": -1.5, "rms_dbfs": -20.17, "lead_silence_ms": 113, "qc": "PASS", "wall_s": 10.99, "peak_rss_mb": 1488, "rc": 0}, "deliver": {"ok": true, "sent": false, "detail": "unchanged"}}
2026-09-30T18:23:43-10:00ENERGY  status=live  B2=82.2%  B1=98.3%  solar=0 W  ac=105 W  usbc=0 W  src=/home/rootrecord/RootRecord-Ecosystem/2 - RootRecord-Database/Energy  LAP=71%/Charging/AC
2026-09-30T18:23:58-10:00  ▸  SUMMARY=delta2 soc=81.87% solar=0W ac_out=101W usbc=0W src=ble db=ok
2026-09-30T18:23:58-10:00job:sys_stats_cycle RUN  bash "/home/rootrecord/RootRecord-Ecosystem/1 - Servers/1 - RootRecord-Pacific-Solar-Server/System/scripts/sys-sample.sh"
2026-09-30T18:23:59-10:00job:sys_stats_cycle | SYSTEM  cpu=7%  load=4.97  mem=40%  src=sqlite
2026-09-30T18:23:59-10:00job:sys_stats_cycle | OK wrote /home/rootrecord/RootRecord-Ecosystem/2 - RootRecord-Database/System/samples/sys-20260930-182359.json
2026-09-30T18:24:33-10:00job:github_sync_all | ↑ [ecosystem] committed 5 local file(s)
2026-09-30T18:24:33-10:00job:github_sync_all | ↓ [ecosystem] fetching origin/main
2026-09-30T18:24:33-10:00job:github_sync_all | From github.com:RootRecord-Software-Solutions/RootRecord-Ecosystem
2026-09-30T18:24:33-10:00job:github_sync_all | * branch            main       -> FETCH_HEAD
2026-09-30T18:24:33-10:00job:github_sync_all | ↑ [ecosystem] local is ahead of GitHub
2026-09-30T18:24:33-10:00job:github_sync_all | To github.com:RootRecord-Software-Solutions/RootRecord-Ecosystem.git
2026-09-30T18:24:33-10:00job:github_sync_all | 64d76d4..fb057ce  HEAD -> main
2026-09-30T18:24:33-10:00job:github_sync_all | branch 'main' set up to track 'origin/main'.
2026-09-30T18:24:33-10:00job:github_sync_all | ↑ [ecosystem] 5 files → RootRecord-Software-Solutions/RootRecord-Ecosystem (main)
2026-09-30T18:24:33-10:00job:github_sync_all | — [pacific] no local changes
2026-09-30T18:24:33-10:00job:github_sync_all | ↓ [pacific] fetching origin/main
2026-09-30T18:24:33-10:00job:github_sync_all | From github.com:RootRecord-Software-Solutions/RootRecord-Pacific-Solar-Server
2026-09-30T18:24:33-10:00job:github_sync_all | * branch            main       -> FETCH_HEAD
2026-09-30T18:24:33-10:00job:github_sync_all | — [pacific] local and GitHub already match
2026-09-30T18:24:33-10:00job:github_sync_all | — [pacific] nothing to push
2026-09-30T18:24:33-10:00job:github_sync_all | ↑ [database] committed 16 local file(s)
2026-09-30T18:24:33-10:00job:github_sync_all | ↓ [database] fetching origin/main
2026-09-30T18:24:33-10:00job:github_sync_all | From github.com:RootRecord-Software-Solutions/RootRecord-Database
2026-09-30T18:24:33-10:00job:github_sync_all | * branch              main       -> FETCH_HEAD
2026-09-30T18:24:33-10:00job:github_sync_all | ↑ [database] local is ahead of GitHub
2026-09-30T18:24:33-10:00job:github_sync_all | To github.com:RootRecord-Software-Solutions/RootRecord-Database.git
2026-09-30T18:24:33-10:00job:github_sync_all | 8c27404c..ed602943  HEAD -> main
2026-09-30T18:24:33-10:00job:github_sync_all | branch 'main' set up to track 'origin/main'.
2026-09-30T18:24:33-10:00job:github_sync_all | ↑ [database] 16 files → RootRecord-Software-Solutions/RootRecord-Database (main)
2026-09-30T18:24:33-10:00job:github_sync_all | — [library] no local changes
2026-09-30T18:24:33-10:00job:github_sync_all | ↓ [library] fetching origin/main
2026-09-30T18:24:33-10:00job:github_sync_all | From github.com:RootRecord-Software-Solutions/RootRecord-Library
2026-09-30T18:24:33-10:00job:github_sync_all | * branch            main       -> FETCH_HEAD
2026-09-30T18:24:33-10:00job:github_sync_all | — [library] local and GitHub already match
2026-09-30T18:24:33-10:00job:github_sync_all | — [library] nothing to push
2026-09-30T18:24:33-10:00job:worklog_scan RUN  bash "/home/rootrecord/RootRecord-Ecosystem/1 - Servers/1 - RootRecord-Pacific-Solar-Server/Reports/scripts/worklog_once.sh"
2026-09-30T18:24:40-10:00job:worklog_scan | OK wrote/updated /home/rootrecord/RootRecord-Ecosystem/2 - RootRecord-Database/Worklog/worklog_current.md
2026-09-30T18:24:40-10:00job:security_camera_frame_grab RUN  bash "/home/rootrecord/RootRecord-Ecosystem/1 - Servers/1 - RootRecord-Pacific-Solar-Server/Security/Cameras/grab_all.sh"
2026-09-30T18:24:58-10:00job:security_camera_frame_grab | 18:24:40  📷  a-eyes  ch1 → ch1-20261001T042440Z.jpg  (439.9 KB, 4.55s)
2026-09-30T18:24:58-10:00job:security_camera_frame_grab | 18:24:44  📷  a-eyes  ch2 → ch2-20261001T042444Z.jpg  (114.8 KB, 4.37s)
2026-09-30T18:24:58-10:00job:security_camera_frame_grab | 18:24:49  📷  a-eyes  ch3 → ch3-20261001T042449Z.jpg  (345.6 KB, 4.28s)
2026-09-30T18:24:58-10:00job:security_camera_frame_grab | 18:24:53  📷  a-eyes  ch4 → ch4-20261001T042453Z.jpg  (169.2 KB, 4.47s)
2026-09-30T18:24:58-10:00ENERGY  status=live  B2=81.9%  B1=98.3%  solar=0 W  ac=101 W  usbc=0 W  src=/home/rootrecord/RootRecord-Ecosystem/2 - RootRecord-Database/Energy  LAP=72%/Charging/AC
2026-09-30T18:25:14-10:00  ▸  SUMMARY=river2pro soc=97.7% solar=0W ac_out=0W usbc=56W src=ble+cloud db=ok
2026-09-30T18:25:14-10:00job:sys_stats_cycle RUN  bash "/home/rootrecord/RootRecord-Ecosystem/1 - Servers/1 - RootRecord-Pacific-Solar-Server/System/scripts/sys-sample.sh"
2026-09-30T18:25:15-10:00job:sys_stats_cycle | SYSTEM  cpu=4%  load=2.28  mem=39%  src=sqlite
2026-09-30T18:25:15-10:00job:sys_stats_cycle | OK wrote /home/rootrecord/RootRecord-Ecosystem/2 - RootRecord-Database/System/samples/sys-20260930-182515.json
2026-09-30T18:25:46-10:00job:github_sync_all | — [ecosystem] no committable local changes
2026-09-30T18:25:46-10:00job:github_sync_all | ↓ [ecosystem] fetching origin/main
2026-09-30T18:25:46-10:00job:github_sync_all | From github.com:RootRecord-Software-Solutions/RootRecord-Ecosystem
2026-09-30T18:25:46-10:00job:github_sync_all | * branch            main       -> FETCH_HEAD
2026-09-30T18:25:46-10:00job:github_sync_all | — [ecosystem] local and GitHub already match
2026-09-30T18:25:46-10:00job:github_sync_all | — [ecosystem] nothing to push
2026-09-30T18:25:46-10:00job:github_sync_all | — [pacific] no local changes
2026-09-30T18:25:46-10:00job:github_sync_all | ↓ [pacific] fetching origin/main
2026-09-30T18:25:46-10:00job:github_sync_all | From github.com:RootRecord-Software-Solutions/RootRecord-Pacific-Solar-Server
2026-09-30T18:25:46-10:00job:github_sync_all | * branch            main       -> FETCH_HEAD
2026-09-30T18:25:46-10:00job:github_sync_all | — [pacific] local and GitHub already match
2026-09-30T18:25:46-10:00job:github_sync_all | — [pacific] nothing to push
2026-09-30T18:25:46-10:00job:github_sync_all | ↑ [database] committed 16 local file(s)
2026-09-30T18:25:46-10:00job:github_sync_all | ↓ [database] fetching origin/main
2026-09-30T18:25:46-10:00job:github_sync_all | From github.com:RootRecord-Software-Solutions/RootRecord-Database
2026-09-30T18:25:46-10:00job:github_sync_all | * branch              main       -> FETCH_HEAD
2026-09-30T18:25:46-10:00job:github_sync_all | ↑ [database] local is ahead of GitHub
2026-09-30T18:25:46-10:00job:github_sync_all | To github.com:RootRecord-Software-Solutions/RootRecord-Database.git
2026-09-30T18:25:46-10:00job:github_sync_all | ed602943..1407b1d9  HEAD -> main
2026-09-30T18:25:46-10:00job:github_sync_all | branch 'main' set up to track 'origin/main'.
2026-09-30T18:25:46-10:00job:github_sync_all | ↑ [database] 16 files → RootRecord-Software-Solutions/RootRecord-Database (main)
2026-09-30T18:25:46-10:00job:github_sync_all | — [library] no local changes
2026-09-30T18:25:46-10:00job:github_sync_all | ↓ [library] fetching origin/main
2026-09-30T18:25:46-10:00job:github_sync_all | From github.com:RootRecord-Software-Solutions/RootRecord-Library
2026-09-30T18:25:46-10:00job:github_sync_all | * branch            main       -> FETCH_HEAD
2026-09-30T18:25:46-10:00job:github_sync_all | — [library] local and GitHub already match
2026-09-30T18:25:46-10:00job:github_sync_all | — [library] nothing to push
2026-09-30T18:25:46-10:00job:security_camera_frame_grab RUN  bash "/home/rootrecord/RootRecord-Ecosystem/1 - Servers/1 - RootRecord-Pacific-Solar-Server/Security/Cameras/grab_all.sh"
2026-09-30T18:26:03-10:00job:security_camera_frame_grab | 18:25:46  📷  a-eyes  ch1 → ch1-20261001T042546Z.jpg  (411.5 KB, 4.34s)
2026-09-30T18:26:03-10:00job:security_camera_frame_grab | 18:25:50  📷  a-eyes  ch2 → ch2-20261001T042550Z.jpg  (121.8 KB, 4.36s)
2026-09-30T18:26:03-10:00job:security_camera_frame_grab | 18:25:54  📷  a-eyes  ch3 → ch3-20261001T042554Z.jpg  (340.9 KB, 4.49s)
2026-09-30T18:26:03-10:00job:security_camera_frame_grab | 18:25:59  📷  a-eyes  ch4 → ch4-20261001T042559Z.jpg  (171.6 KB, 4.46s)
2026-09-30T18:26:04-10:00ENERGY  status=live  B2=81.9%  B1=97.7%  solar=0 W  ac=101 W  usbc=0 W  src=/home/rootrecord/RootRecord-Ecosystem/2 - RootRecord-Database/Energy  LAP=73%/Charging/AC
2026-09-30T18:26:18-10:00  ▸  SUMMARY=delta2 soc=81.36% solar=0W ac_out=85W usbc=0W src=ble db=ok
2026-09-30T18:26:18-10:00job:sys_stats_cycle RUN  bash "/home/rootrecord/RootRecord-Ecosystem/1 - Servers/1 - RootRecord-Pacific-Solar-Server/System/scripts/sys-sample.sh"
2026-09-30T18:26:19-10:00job:sys_stats_cycle | SYSTEM  cpu=8%  load=1.11  mem=40%  src=sqlite
2026-09-30T18:26:19-10:00job:sys_stats_cycle | OK wrote /home/rootrecord/RootRecord-Ecosystem/2 - RootRecord-Database/System/samples/sys-20260930-182619.json
2026-09-30T18:26:50-10:00job:github_sync_all | — [ecosystem] no committable local changes
2026-09-30T18:26:50-10:00job:github_sync_all | ↓ [ecosystem] fetching origin/main
2026-09-30T18:26:50-10:00job:github_sync_all | From github.com:RootRecord-Software-Solutions/RootRecord-Ecosystem
2026-09-30T18:26:50-10:00job:github_sync_all | * branch            main       -> FETCH_HEAD
2026-09-30T18:26:50-10:00job:github_sync_all | — [ecosystem] local and GitHub already match
2026-09-30T18:26:50-10:00job:github_sync_all | — [ecosystem] nothing to push
2026-09-30T18:26:50-10:00job:github_sync_all | — [pacific] no local changes
2026-09-30T18:26:50-10:00job:github_sync_all | ↓ [pacific] fetching origin/main
2026-09-30T18:26:50-10:00job:github_sync_all | From github.com:RootRecord-Software-Solutions/RootRecord-Pacific-Solar-Server
2026-09-30T18:26:50-10:00job:github_sync_all | * branch            main       -> FETCH_HEAD
2026-09-30T18:26:50-10:00job:github_sync_all | — [pacific] local and GitHub already match
2026-09-30T18:26:50-10:00job:github_sync_all | — [pacific] nothing to push
2026-09-30T18:26:50-10:00job:github_sync_all | ↑ [database] committed 12 local file(s)
2026-09-30T18:26:50-10:00job:github_sync_all | ↓ [database] fetching origin/main
2026-09-30T18:26:50-10:00job:github_sync_all | From github.com:RootRecord-Software-Solutions/RootRecord-Database
2026-09-30T18:26:50-10:00job:github_sync_all | * branch              main       -> FETCH_HEAD
2026-09-30T18:26:50-10:00job:github_sync_all | ↑ [database] local is ahead of GitHub
2026-09-30T18:26:50-10:00job:github_sync_all | To github.com:RootRecord-Software-Solutions/RootRecord-Database.git
2026-09-30T18:26:50-10:00job:github_sync_all | 1407b1d9..b717b0a0  HEAD -> main
2026-09-30T18:26:50-10:00job:github_sync_all | branch 'main' set up to track 'origin/main'.
2026-09-30T18:26:50-10:00job:github_sync_all | ↑ [database] 12 files → RootRecord-Software-Solutions/RootRecord-Database (main)
2026-09-30T18:26:50-10:00job:github_sync_all | — [library] no local changes
2026-09-30T18:26:50-10:00job:github_sync_all | ↓ [library] fetching origin/main
2026-09-30T18:26:50-10:00job:github_sync_all | From github.com:RootRecord-Software-Solutions/RootRecord-Library
2026-09-30T18:26:50-10:00job:github_sync_all | * branch            main       -> FETCH_HEAD
2026-09-30T18:26:50-10:00job:github_sync_all | — [library] local and GitHub already match
2026-09-30T18:26:50-10:00job:github_sync_all | — [library] nothing to push
2026-09-30T18:26:50-10:00job:worklog_scan RUN  bash "/home/rootrecord/RootRecord-Ecosystem/1 - Servers/1 - RootRecord-Pacific-Solar-Server/Reports/scripts/worklog_once.sh"
2026-09-30T18:27:00-10:00job:worklog_scan | OK wrote/updated /home/rootrecord/RootRecord-Ecosystem/2 - RootRecord-Database/Worklog/worklog_current.md
2026-09-30T18:27:00-10:00job:security_camera_frame_grab RUN  bash "/home/rootrecord/RootRecord-Ecosystem/1 - Servers/1 - RootRecord-Pacific-Solar-Server/Security/Cameras/grab_all.sh"
2026-09-30T18:27:18-10:00job:security_camera_frame_grab | 18:27:00  📷  a-eyes  ch1 → ch1-20261001T042700Z.jpg  (377.1 KB, 4.96s)
2026-09-30T18:27:18-10:00job:security_camera_frame_grab | 18:27:05  📷  a-eyes  ch2 → ch2-20261001T042705Z.jpg  (144.4 KB, 4.29s)
2026-09-30T18:27:18-10:00job:security_camera_frame_grab | 18:27:09  📷  a-eyes  ch3 → ch3-20261001T042709Z.jpg  (326.3 KB, 4.60s)
2026-09-30T18:27:18-10:00job:security_camera_frame_grab | 18:27:14  📷  a-eyes  ch4 → ch4-20261001T042714Z.jpg  (162.5 KB, 4.43s)
2026-09-30T18:27:18-10:00job:service_supervisor RUN  bash "/home/rootrecord/RootRecord-Ecosystem/1 - Servers/1 - RootRecord-Pacific-Solar-Server/Automations/scripts/supervise-services.sh"
2026-09-30T18:27:18-10:00job:service_supervisor | [supervisor] weather alive pid=97054 764793 (act)
2026-09-30T18:27:18-10:00job:service_supervisor | [supervisor] relay alive pid=96403 (act)
2026-09-30T18:27:19-10:00job:geology_collect RUN  nice -n 10 python3 "/home/rootrecord/RootRecord-Ecosystem/1 - Servers/1 - RootRecord-Pacific-Solar-Server/Geology/scripts/geology_collect.py" all
2026-09-30T18:27:24-10:00job:geology_collect | {"ok": true, "at": "2026-09-30T18:27:19-10:00", "what": "all", "dry_run": false, "sources": {"hawaii": {"ok": true, "count": 17, "new": 0, "new_m2": 0, "ms": 529}, "global": {"ok": true, "count": 38, "new": 0, "ms": 314}, "hvo_notices": {"ok": true, "count": 44, "new": 0, "ms": 3362}, "hvo_status": {"ok": true, "volcanoes": 8, "kilauea": "WATCH", "mauna_loa": "NORMAL", "ms": 714}}}
2026-09-30T18:27:24-10:00job:system_net_sample RUN  nice -n 10 python3 "/home/rootrecord/RootRecord-Ecosystem/1 - Servers/1 - RootRecord-Pacific-Solar-Server/System/scripts/host_desks.py" net-sample
2026-09-30T18:27:24-10:00job:system_net_sample | {"ok": true, "file": "/home/rootrecord/RootRecord-Ecosystem/2 - RootRecord-Database/System/network/Daily/net-20260930.jsonl", "iface": "wlo1", "hour": {"seconds": 3691, "rx": 315411570, "tx": 104975708, "total": 420387278, "iface": "wlo1", "link": "wireless"}, "day": null}
2026-09-30T18:27:24-10:00ENERGY  status=live  B2=81.4%  B1=97.7%  solar=0 W  ac=85 W  usbc=0 W  src=/home/rootrecord/RootRecord-Ecosystem/2 - RootRecord-Database/Energy  LAP=74%/Charging/AC
2026-09-30T18:27:39-10:00  ▸  SUMMARY=delta2 soc=81.06% solar=0W ac_out=99W usbc=0W src=ble db=ok
2026-09-30T18:27:39-10:00job:sys_stats_cycle RUN  bash "/home/rootrecord/RootRecord-Ecosystem/1 - Servers/1 - RootRecord-Pacific-Solar-Server/System/scripts/sys-sample.sh"
2026-09-30T18:27:40-10:00job:sys_stats_cycle | SYSTEM  cpu=4%  load=1.31  mem=33%  src=sqlite
2026-09-30T18:27:40-10:00job:sys_stats_cycle | OK wrote /home/rootrecord/RootRecord-Ecosystem/2 - RootRecord-Database/System/samples/sys-20260930-182739.json
2026-09-30T18:28:16-10:00job:github_sync_all | ↑ [ecosystem] committed 9 local file(s)
2026-09-30T18:28:16-10:00job:github_sync_all | ↓ [ecosystem] fetching origin/main
2026-09-30T18:28:16-10:00job:github_sync_all | From github.com:RootRecord-Software-Solutions/RootRecord-Ecosystem
2026-09-30T18:28:16-10:00job:github_sync_all | * branch            main       -> FETCH_HEAD
2026-09-30T18:28:16-10:00job:github_sync_all | ↑ [ecosystem] local is ahead of GitHub
2026-09-30T18:28:16-10:00job:github_sync_all | To github.com:RootRecord-Software-Solutions/RootRecord-Ecosystem.git
2026-09-30T18:28:16-10:00job:github_sync_all | fb057ce..c64f933  HEAD -> main
2026-09-30T18:28:16-10:00job:github_sync_all | branch 'main' set up to track 'origin/main'.
2026-09-30T18:28:16-10:00job:github_sync_all | ↑ [ecosystem] 9 files → RootRecord-Software-Solutions/RootRecord-Ecosystem (main)
2026-09-30T18:28:16-10:00job:github_sync_all | — [pacific] no local changes
2026-09-30T18:28:16-10:00job:github_sync_all | ↓ [pacific] fetching origin/main
2026-09-30T18:28:16-10:00job:github_sync_all | From github.com:RootRecord-Software-Solutions/RootRecord-Pacific-Solar-Server
2026-09-30T18:28:16-10:00job:github_sync_all | * branch            main       -> FETCH_HEAD
2026-09-30T18:28:16-10:00job:github_sync_all | — [pacific] local and GitHub already match
2026-09-30T18:28:16-10:00job:github_sync_all | — [pacific] nothing to push
2026-09-30T18:28:16-10:00job:github_sync_all | ↑ [database] committed 32 local file(s)
2026-09-30T18:28:16-10:00job:github_sync_all | ↓ [database] fetching origin/main
2026-09-30T18:28:16-10:00job:github_sync_all | From github.com:RootRecord-Software-Solutions/RootRecord-Database
2026-09-30T18:28:16-10:00job:github_sync_all | * branch              main       -> FETCH_HEAD
2026-09-30T18:28:16-10:00job:github_sync_all | ↑ [database] local is ahead of GitHub
2026-09-30T18:28:16-10:00job:github_sync_all | To github.com:RootRecord-Software-Solutions/RootRecord-Database.git
2026-09-30T18:28:16-10:00job:github_sync_all | b717b0a0..885ddea5  HEAD -> main
2026-09-30T18:28:16-10:00job:github_sync_all | branch 'main' set up to track 'origin/main'.
2026-09-30T18:28:16-10:00job:github_sync_all | ↑ [database] 32 files → RootRecord-Software-Solutions/RootRecord-Database (main)
2026-09-30T18:28:16-10:00job:github_sync_all | — [library] no local changes
2026-09-30T18:28:16-10:00job:github_sync_all | ↓ [library] fetching origin/main
2026-09-30T18:28:16-10:00job:github_sync_all | From github.com:RootRecord-Software-Solutions/RootRecord-Library
2026-09-30T18:28:16-10:00job:github_sync_all | * branch            main       -> FETCH_HEAD
2026-09-30T18:28:16-10:00job:github_sync_all | — [library] local and GitHub already match
2026-09-30T18:28:16-10:00job:github_sync_all | — [library] nothing to push
2026-09-30T18:28:16-10:00job:security_camera_frame_grab RUN  bash "/home/rootrecord/RootRecord-Ecosystem/1 - Servers/1 - RootRecord-Pacific-Solar-Server/Security/Cameras/grab_all.sh"
2026-09-30T18:28:34-10:00job:security_camera_frame_grab | 18:28:16  📷  a-eyes  ch1 → ch1-20261001T042816Z.jpg  (374.8 KB, 4.56s)
2026-09-30T18:28:34-10:00job:security_camera_frame_grab | 18:28:21  📷  a-eyes  ch2 → ch2-20261001T042821Z.jpg  (122.7 KB, 4.41s)
2026-09-30T18:28:34-10:00job:security_camera_frame_grab | 18:28:25  📷  a-eyes  ch3 → ch3-20261001T042825Z.jpg  (308.2 KB, 4.50s)
2026-09-30T18:28:34-10:00job:security_camera_frame_grab | 18:28:30  📷  a-eyes  ch4 → ch4-20261001T042830Z.jpg  (157.7 KB, 4.37s)
2026-09-30T18:28:34-10:00ENERGY  status=live  B2=81.1%  B1=97.7%  solar=0 W  ac=99 W  usbc=0 W  src=/home/rootrecord/RootRecord-Ecosystem/2 - RootRecord-Database/Energy  LAP=75%/Charging/AC
2026-09-30T18:28:49-10:00  ▸  SUMMARY=delta2 soc=80.76% solar=0W ac_out=99W usbc=0W src=ble db=ok
2026-09-30T18:28:49-10:00job:sys_stats_cycle RUN  bash "/home/rootrecord/RootRecord-Ecosystem/1 - Servers/1 - RootRecord-Pacific-Solar-Server/System/scripts/sys-sample.sh"
2026-09-30T18:28:50-10:00job:sys_stats_cycle | SYSTEM  cpu=4%  load=0.84  mem=34%  src=sqlite
2026-09-30T18:28:50-10:00job:sys_stats_cycle | OK wrote /home/rootrecord/RootRecord-Ecosystem/2 - RootRecord-Database/System/samples/sys-20260930-182850.json
2026-09-30T18:29:20-10:00job:github_sync_all | — [ecosystem] no committable local changes
2026-09-30T18:29:20-10:00job:github_sync_all | ↓ [ecosystem] fetching origin/main
2026-09-30T18:29:20-10:00job:github_sync_all | From github.com:RootRecord-Software-Solutions/RootRecord-Ecosystem
2026-09-30T18:29:20-10:00job:github_sync_all | * branch            main       -> FETCH_HEAD
2026-09-30T18:29:20-10:00job:github_sync_all | — [ecosystem] local and GitHub already match
2026-09-30T18:29:20-10:00job:github_sync_all | — [ecosystem] nothing to push
2026-09-30T18:29:20-10:00job:github_sync_all | — [pacific] no local changes
2026-09-30T18:29:20-10:00job:github_sync_all | ↓ [pacific] fetching origin/main
2026-09-30T18:29:20-10:00job:github_sync_all | From github.com:RootRecord-Software-Solutions/RootRecord-Pacific-Solar-Server
2026-09-30T18:29:20-10:00job:github_sync_all | * branch            main       -> FETCH_HEAD
2026-09-30T18:29:20-10:00job:github_sync_all | — [pacific] local and GitHub already match
2026-09-30T18:29:20-10:00job:github_sync_all | — [pacific] nothing to push
2026-09-30T18:29:20-10:00job:github_sync_all | ↑ [database] committed 12 local file(s)
2026-09-30T18:29:20-10:00job:github_sync_all | ↓ [database] fetching origin/main
2026-09-30T18:29:20-10:00job:github_sync_all | From github.com:RootRecord-Software-Solutions/RootRecord-Database
2026-09-30T18:29:20-10:00job:github_sync_all | * branch              main       -> FETCH_HEAD
2026-09-30T18:29:20-10:00job:github_sync_all | ↑ [database] local is ahead of GitHub
2026-09-30T18:29:20-10:00job:github_sync_all | To github.com:RootRecord-Software-Solutions/RootRecord-Database.git
2026-09-30T18:29:20-10:00job:github_sync_all | 885ddea5..daa75f78  HEAD -> main
2026-09-30T18:29:20-10:00job:github_sync_all | branch 'main' set up to track 'origin/main'.
2026-09-30T18:29:20-10:00job:github_sync_all | ↑ [database] 12 files → RootRecord-Software-Solutions/RootRecord-Database (main)
2026-09-30T18:29:20-10:00job:github_sync_all | — [library] no local changes
2026-09-30T18:29:20-10:00job:github_sync_all | ↓ [library] fetching origin/main
2026-09-30T18:29:20-10:00job:github_sync_all | From github.com:RootRecord-Software-Solutions/RootRecord-Library
2026-09-30T18:29:20-10:00job:github_sync_all | * branch            main       -> FETCH_HEAD
2026-09-30T18:29:20-10:00job:github_sync_all | — [library] local and GitHub already match
2026-09-30T18:29:20-10:00job:github_sync_all | — [library] nothing to push
2026-09-30T18:29:20-10:00job:worklog_scan RUN  bash "/home/rootrecord/RootRecord-Ecosystem/1 - Servers/1 - RootRecord-Pacific-Solar-Server/Reports/scripts/worklog_once.sh"
2026-09-30T18:29:23-10:00job:worklog_scan | OK wrote/updated /home/rootrecord/RootRecord-Ecosystem/2 - RootRecord-Database/Worklog/worklog_current.md
2026-09-30T18:29:23-10:00job:security_camera_frame_grab RUN  bash "/home/rootrecord/RootRecord-Ecosystem/1 - Servers/1 - RootRecord-Pacific-Solar-Server/Security/Cameras/grab_all.sh"
2026-09-30T18:29:41-10:00job:security_camera_frame_grab | 18:29:23  📷  a-eyes  ch1 → ch1-20261001T042923Z.jpg  (310.5 KB, 4.36s)
2026-09-30T18:29:41-10:00job:security_camera_frame_grab | 18:29:28  📷  a-eyes  ch2 → ch2-20261001T042928Z.jpg  (135.1 KB, 4.48s)
2026-09-30T18:29:41-10:00job:security_camera_frame_grab | 18:29:32  📷  a-eyes  ch3 → ch3-20261001T042932Z.jpg  (288.8 KB, 4.37s)
2026-09-30T18:29:41-10:00job:security_camera_frame_grab | 18:29:37  📷  a-eyes  ch4 → ch4-20261001T042937Z.jpg  (165.7 KB, 4.58s)
2026-09-30T18:29:42-10:00ENERGY  status=live  B2=80.8%  B1=97.7%  solar=0 W  ac=99 W  usbc=0 W  src=/home/rootrecord/RootRecord-Ecosystem/2 - RootRecord-Database/Energy  LAP=76%/Charging/AC
2026-09-30T18:29:56-10:00  ▸  SUMMARY=delta2 soc=80.55% solar=0W ac_out=103W usbc=0W src=ble db=ok
2026-09-30T18:29:56-10:00job:sys_stats_cycle RUN  bash "/home/rootrecord/RootRecord-Ecosystem/1 - Servers/1 - RootRecord-Pacific-Solar-Server/System/scripts/sys-sample.sh"
2026-09-30T18:29:57-10:00job:sys_stats_cycle | SYSTEM  cpu=7%  load=1.08  mem=35%  src=sqlite
2026-09-30T18:29:57-10:00job:sys_stats_cycle | OK wrote /home/rootrecord/RootRecord-Ecosystem/2 - RootRecord-Database/System/samples/sys-20260930-182957.json
2026-09-30T18:30:28-10:00job:github_sync_all | — [ecosystem] no committable local changes
2026-09-30T18:30:28-10:00job:github_sync_all | ↓ [ecosystem] fetching origin/main
2026-09-30T18:30:28-10:00job:github_sync_all | From github.com:RootRecord-Software-Solutions/RootRecord-Ecosystem
2026-09-30T18:30:28-10:00job:github_sync_all | * branch            main       -> FETCH_HEAD
2026-09-30T18:30:28-10:00job:github_sync_all | — [ecosystem] local and GitHub already match
2026-09-30T18:30:28-10:00job:github_sync_all | — [ecosystem] nothing to push
2026-09-30T18:30:28-10:00job:github_sync_all | — [pacific] no local changes
2026-09-30T18:30:28-10:00job:github_sync_all | ↓ [pacific] fetching origin/main
2026-09-30T18:30:28-10:00job:github_sync_all | From github.com:RootRecord-Software-Solutions/RootRecord-Pacific-Solar-Server
2026-09-30T18:30:28-10:00job:github_sync_all | * branch            main       -> FETCH_HEAD
2026-09-30T18:30:28-10:00job:github_sync_all | — [pacific] local and GitHub already match
2026-09-30T18:30:28-10:00job:github_sync_all | — [pacific] nothing to push
2026-09-30T18:30:28-10:00job:github_sync_all | ↑ [database] committed 16 local file(s)
2026-09-30T18:30:28-10:00job:github_sync_all | ↓ [database] fetching origin/main
2026-09-30T18:30:28-10:00job:github_sync_all | From github.com:RootRecord-Software-Solutions/RootRecord-Database
2026-09-30T18:30:28-10:00job:github_sync_all | * branch              main       -> FETCH_HEAD
2026-09-30T18:30:28-10:00job:github_sync_all | ↑ [database] local is ahead of GitHub
2026-09-30T18:30:28-10:00job:github_sync_all | To github.com:RootRecord-Software-Solutions/RootRecord-Database.git
2026-09-30T18:30:28-10:00job:github_sync_all | daa75f78..cf5549ac  HEAD -> main
2026-09-30T18:30:28-10:00job:github_sync_all | branch 'main' set up to track 'origin/main'.
2026-09-30T18:30:28-10:00job:github_sync_all | ↑ [database] 16 files → RootRecord-Software-Solutions/RootRecord-Database (main)
2026-09-30T18:30:28-10:00job:github_sync_all | — [library] no local changes
2026-09-30T18:30:28-10:00job:github_sync_all | ↓ [library] fetching origin/main
2026-09-30T18:30:28-10:00job:github_sync_all | From github.com:RootRecord-Software-Solutions/RootRecord-Library
2026-09-30T18:30:28-10:00job:github_sync_all | * branch            main       -> FETCH_HEAD
2026-09-30T18:30:28-10:00job:github_sync_all | — [library] local and GitHub already match
2026-09-30T18:30:28-10:00job:github_sync_all | — [library] nothing to push
2026-09-30T18:30:28-10:00job:security_camera_frame_grab RUN  bash "/home/rootrecord/RootRecord-Ecosystem/1 - Servers/1 - RootRecord-Pacific-Solar-Server/Security/Cameras/grab_all.sh"
2026-09-30T18:30:45-10:00job:security_camera_frame_grab | 18:30:28  📷  a-eyes  ch1 → ch1-20261001T043028Z.jpg  (318.1 KB, 4.40s)
2026-09-30T18:30:45-10:00job:security_camera_frame_grab | 18:30:32  📷  a-eyes  ch2 → ch2-20261001T043032Z.jpg  (146.8 KB, 4.37s)
2026-09-30T18:30:45-10:00job:security_camera_frame_grab | 18:30:36  📷  a-eyes  ch3 → ch3-20261001T043036Z.jpg  (278.3 KB, 4.27s)
2026-09-30T18:30:45-10:00job:security_camera_frame_grab | 18:30:41  📷  a-eyes  ch4 → ch4-20261001T043041Z.jpg  (180.1 KB, 4.39s)
2026-09-30T18:30:45-10:00ENERGY  status=live  B2=80.5%  B1=97.7%  solar=0 W  ac=103 W  usbc=0 W  src=/home/rootrecord/RootRecord-Ecosystem/2 - RootRecord-Database/Energy  LAP=76%/Charging/AC
2026-09-30T18:31:02-10:00  ▸  SUMMARY=river2pro soc=96.89% solar=0W ac_out=0W usbc=59W src=ble+cloud db=ok
2026-09-30T18:31:02-10:00job:sys_stats_cycle RUN  bash "/home/rootrecord/RootRecord-Ecosystem/1 - Servers/1 - RootRecord-Pacific-Solar-Server/System/scripts/sys-sample.sh"
2026-09-30T18:31:03-10:00job:sys_stats_cycle | SYSTEM  cpu=8%  load=1.38  mem=36%  src=sqlite
2026-09-30T18:31:03-10:00job:sys_stats_cycle | OK wrote /home/rootrecord/RootRecord-Ecosystem/2 - RootRecord-Database/System/samples/sys-20260930-183102.json
2026-09-30T18:31:32-10:00job:github_sync_all | — [ecosystem] no committable local changes
2026-09-30T18:31:32-10:00job:github_sync_all | ↓ [ecosystem] fetching origin/main
2026-09-30T18:31:32-10:00job:github_sync_all | From github.com:RootRecord-Software-Solutions/RootRecord-Ecosystem
2026-09-30T18:31:32-10:00job:github_sync_all | * branch            main       -> FETCH_HEAD
2026-09-30T18:31:32-10:00job:github_sync_all | — [ecosystem] local and GitHub already match
2026-09-30T18:31:32-10:00job:github_sync_all | — [ecosystem] nothing to push
2026-09-30T18:31:32-10:00job:github_sync_all | — [pacific] no local changes
2026-09-30T18:31:32-10:00job:github_sync_all | ↓ [pacific] fetching origin/main
2026-09-30T18:31:32-10:00job:github_sync_all | From github.com:RootRecord-Software-Solutions/RootRecord-Pacific-Solar-Server
2026-09-30T18:31:32-10:00job:github_sync_all | * branch            main       -> FETCH_HEAD
2026-09-30T18:31:32-10:00job:github_sync_all | — [pacific] local and GitHub already match
2026-09-30T18:31:32-10:00job:github_sync_all | — [pacific] nothing to push
2026-09-30T18:31:32-10:00job:github_sync_all | ↑ [database] committed 14 local file(s)
2026-09-30T18:31:32-10:00job:github_sync_all | ↓ [database] fetching origin/main
2026-09-30T18:31:32-10:00job:github_sync_all | From github.com:RootRecord-Software-Solutions/RootRecord-Database
2026-09-30T18:31:32-10:00job:github_sync_all | * branch              main       -> FETCH_HEAD
2026-09-30T18:31:32-10:00job:github_sync_all | ↑ [database] local is ahead of GitHub
2026-09-30T18:31:32-10:00job:github_sync_all | To github.com:RootRecord-Software-Solutions/RootRecord-Database.git
2026-09-30T18:31:32-10:00job:github_sync_all | cf5549ac..82bd1e25  HEAD -> main
2026-09-30T18:31:32-10:00job:github_sync_all | branch 'main' set up to track 'origin/main'.
2026-09-30T18:31:32-10:00job:github_sync_all | ↑ [database] 14 files → RootRecord-Software-Solutions/RootRecord-Database (main)
2026-09-30T18:31:32-10:00job:github_sync_all | — [library] no local changes
2026-09-30T18:31:32-10:00job:github_sync_all | ↓ [library] fetching origin/main
2026-09-30T18:31:32-10:00job:github_sync_all | From github.com:RootRecord-Software-Solutions/RootRecord-Library
2026-09-30T18:31:32-10:00job:github_sync_all | * branch            main       -> FETCH_HEAD
2026-09-30T18:31:32-10:00job:github_sync_all | — [library] local and GitHub already match
2026-09-30T18:31:32-10:00job:github_sync_all | — [library] nothing to push
2026-09-30T18:31:32-10:00job:worklog_scan RUN  bash "/home/rootrecord/RootRecord-Ecosystem/1 - Servers/1 - RootRecord-Pacific-Solar-Server/Reports/scripts/worklog_once.sh"
2026-09-30T18:31:35-10:00job:worklog_scan | OK wrote/updated /home/rootrecord/RootRecord-Ecosystem/2 - RootRecord-Database/Worklog/worklog_current.md
2026-09-30T18:31:35-10:00job:security_camera_frame_grab RUN  bash "/home/rootrecord/RootRecord-Ecosystem/1 - Servers/1 - RootRecord-Pacific-Solar-Server/Security/Cameras/grab_all.sh"
2026-09-30T18:31:52-10:00job:security_camera_frame_grab | 18:31:35  📷  a-eyes  ch1 → ch1-20261001T043135Z.jpg  (317.3 KB, 4.38s)
2026-09-30T18:31:52-10:00job:security_camera_frame_grab | 18:31:39  📷  a-eyes  ch2 → ch2-20261001T043139Z.jpg  (115.0 KB, 4.29s)
2026-09-30T18:31:52-10:00job:security_camera_frame_grab | 18:31:43  📷  a-eyes  ch3 → ch3-20261001T043143Z.jpg  (278.4 KB, 4.44s)
2026-09-30T18:31:52-10:00job:security_camera_frame_grab | 18:31:48  📷  a-eyes  ch4 → ch4-20261001T043148Z.jpg  (116.5 KB, 4.32s)
2026-09-30T18:31:52-10:00job:reports_daily_roll_up RUN  bash "/home/rootrecord/RootRecord-Ecosystem/1 - Servers/1 - RootRecord-Pacific-Solar-Server/Reports/scripts/daily_roll_up.sh"
2026-09-30T18:31:53-10:00job:reports_daily_roll_up | OK wrote /home/rootrecord/RootRecord-Ecosystem/5 - RootRecord-Library/Documentation/01-operations/0 - Human Operator Work Logs/2026-09-30 System Operator Worklog — Session auto.md
2026-09-30T18:31:53-10:00ENERGY  status=live  B2=80.5%  B1=96.9%  solar=0 W  ac=103 W  usbc=0 W  src=/home/rootrecord/RootRecord-Ecosystem/2 - RootRecord-Database/Energy  LAP=77%/Charging/AC
2026-09-30T18:32:07-10:00  ▸  SUMMARY=delta2 soc=80.05% solar=0W ac_out=87W usbc=0W src=ble db=ok
2026-09-30T18:32:07-10:00job:sys_stats_cycle RUN  bash "/home/rootrecord/RootRecord-Ecosystem/1 - Servers/1 - RootRecord-Pacific-Solar-Server/System/scripts/sys-sample.sh"
2026-09-30T18:32:08-10:00job:sys_stats_cycle | SYSTEM  cpu=2%  load=0.79  mem=37%  src=sqlite
2026-09-30T18:32:08-10:00job:sys_stats_cycle | OK wrote /home/rootrecord/RootRecord-Ecosystem/2 - RootRecord-Database/System/samples/sys-20260930-183208.json
2026-09-30T18:32:46-10:00job:github_sync_all | ↑ [ecosystem] committed 1 local file(s)
2026-09-30T18:32:46-10:00job:github_sync_all | ↓ [ecosystem] fetching origin/main
2026-09-30T18:32:46-10:00job:github_sync_all | From github.com:RootRecord-Software-Solutions/RootRecord-Ecosystem
2026-09-30T18:32:46-10:00job:github_sync_all | * branch            main       -> FETCH_HEAD
2026-09-30T18:32:46-10:00job:github_sync_all | ↑ [ecosystem] local is ahead of GitHub
2026-09-30T18:32:46-10:00job:github_sync_all | To github.com:RootRecord-Software-Solutions/RootRecord-Ecosystem.git
2026-09-30T18:32:46-10:00job:github_sync_all | c64f933..1e71c99  HEAD -> main
2026-09-30T18:32:46-10:00job:github_sync_all | branch 'main' set up to track 'origin/main'.
2026-09-30T18:32:46-10:00job:github_sync_all | ↑ [ecosystem] 1 files → RootRecord-Software-Solutions/RootRecord-Ecosystem (main)
2026-09-30T18:32:46-10:00job:github_sync_all | — [pacific] no local changes
2026-09-30T18:32:46-10:00job:github_sync_all | ↓ [pacific] fetching origin/main
2026-09-30T18:32:46-10:00job:github_sync_all | From github.com:RootRecord-Software-Solutions/RootRecord-Pacific-Solar-Server
2026-09-30T18:32:46-10:00job:github_sync_all | * branch            main       -> FETCH_HEAD
2026-09-30T18:32:46-10:00job:github_sync_all | — [pacific] local and GitHub already match
2026-09-30T18:32:46-10:00job:github_sync_all | — [pacific] nothing to push
2026-09-30T18:32:46-10:00job:github_sync_all | ↑ [database] committed 15 local file(s)
2026-09-30T18:32:46-10:00job:github_sync_all | ↓ [database] fetching origin/main
2026-09-30T18:32:46-10:00job:github_sync_all | From github.com:RootRecord-Software-Solutions/RootRecord-Database
2026-09-30T18:32:46-10:00job:github_sync_all | * branch              main       -> FETCH_HEAD
2026-09-30T18:32:46-10:00job:github_sync_all | ↑ [database] local is ahead of GitHub
2026-09-30T18:32:46-10:00job:github_sync_all | To github.com:RootRecord-Software-Solutions/RootRecord-Database.git
2026-09-30T18:32:46-10:00job:github_sync_all | 82bd1e25..fec9b3b2  HEAD -> main
2026-09-30T18:32:46-10:00job:github_sync_all | branch 'main' set up to track 'origin/main'.
2026-09-30T18:32:46-10:00job:github_sync_all | ↑ [database] 15 files → RootRecord-Software-Solutions/RootRecord-Database (main)
2026-09-30T18:32:46-10:00job:github_sync_all | ↑ [library] committed 1 local file(s)
2026-09-30T18:32:46-10:00job:github_sync_all | ↓ [library] fetching origin/main
2026-09-30T18:32:46-10:00job:github_sync_all | From github.com:RootRecord-Software-Solutions/RootRecord-Library
2026-09-30T18:32:46-10:00job:github_sync_all | * branch            main       -> FETCH_HEAD
2026-09-30T18:32:46-10:00job:github_sync_all | ↑ [library] local is ahead of GitHub
2026-09-30T18:32:46-10:00job:github_sync_all | To github.com:RootRecord-Software-Solutions/RootRecord-Library.git
2026-09-30T18:32:46-10:00job:github_sync_all | e3df1ee..796939b  HEAD -> main
2026-09-30T18:32:46-10:00job:github_sync_all | branch 'main' set up to track 'origin/main'.
2026-09-30T18:32:46-10:00job:github_sync_all | ↑ [library] 1 files → RootRecord-Software-Solutions/RootRecord-Library (main)
2026-09-30T18:32:46-10:00job:security_camera_frame_grab RUN  bash "/home/rootrecord/RootRecord-Ecosystem/1 - Servers/1 - RootRecord-Pacific-Solar-Server/Security/Cameras/grab_all.sh"
2026-09-30T18:33:04-10:00job:security_camera_frame_grab | 18:32:46  📷  a-eyes  ch1 → ch1-20261001T043246Z.jpg  (313.8 KB, 4.42s)
2026-09-30T18:33:04-10:00job:security_camera_frame_grab | 18:32:50  📷  a-eyes  ch2 → ch2-20261001T043250Z.jpg  (116.9 KB, 4.37s)
2026-09-30T18:33:04-10:00job:security_camera_frame_grab | 18:32:55  📷  a-eyes  ch3 → ch3-20261001T043255Z.jpg  (238.5 KB, 4.59s)
2026-09-30T18:33:04-10:00job:security_camera_frame_grab | 18:32:59  📷  a-eyes  ch4 → ch4-20261001T043259Z.jpg  (126.3 KB, 4.56s)
2026-09-30T18:33:04-10:00job:service_supervisor RUN  bash "/home/rootrecord/RootRecord-Ecosystem/1 - Servers/1 - RootRecord-Pacific-Solar-Server/Automations/scripts/supervise-services.sh"
2026-09-30T18:33:04-10:00job:service_supervisor | [supervisor] weather alive pid=97054 764793 (act)
2026-09-30T18:33:04-10:00job:service_supervisor | [supervisor] relay alive pid=96403 (act)
2026-09-30T18:33:04-10:00job:geology_collect RUN  nice -n 10 python3 "/home/rootrecord/RootRecord-Ecosystem/1 - Servers/1 - RootRecord-Pacific-Solar-Server/Geology/scripts/geology_collect.py" all
2026-09-30T18:33:15-10:00job:geology_collect | {"ok": true, "at": "2026-09-30T18:33:04-10:00", "what": "all", "dry_run": false, "sources": {"hawaii": {"ok": true, "count": 17, "new": 0, "new_m2": 0, "ms": 436}, "global": {"ok": true, "count": 38, "new": 0, "ms": 391}, "hvo_notices": {"ok": true, "count": 44, "new": 0, "ms": 6446}, "hvo_status": {"ok": true, "volcanoes": 8, "kilauea": "WATCH", "mauna_loa": "NORMAL", "ms": 3784}}}
2026-09-30T18:33:15-10:00job:system_net_sample RUN  nice -n 10 python3 "/home/rootrecord/RootRecord-Ecosystem/1 - Servers/1 - RootRecord-Pacific-Solar-Server/System/scripts/host_desks.py" net-sample
2026-09-30T18:33:15-10:00job:system_net_sample | {"ok": true, "file": "/home/rootrecord/RootRecord-Ecosystem/2 - RootRecord-Database/System/network/Daily/net-20260930.jsonl", "iface": "wlo1", "hour": {"seconds": 3709, "rx": 312839937, "tx": 106630160, "total": 419470097, "iface": "wlo1", "link": "wireless"}, "day": null}
2026-09-30T18:33:16-10:00ENERGY  status=live  B2=80.0%  B1=96.9%  solar=0 W  ac=87 W  usbc=0 W  src=/home/rootrecord/RootRecord-Ecosystem/2 - RootRecord-Database/Energy  LAP=78%/Charging/AC
2026-09-30T18:33:32-10:00  ▸  SUMMARY=river2pro soc=96.53% solar=0W ac_out=0W usbc=59W src=ble+cloud db=ok
2026-09-30T18:33:32-10:00job:sys_stats_cycle RUN  bash "/home/rootrecord/RootRecord-Ecosystem/1 - Servers/1 - RootRecord-Pacific-Solar-Server/System/scripts/sys-sample.sh"
2026-09-30T18:33:33-10:00job:sys_stats_cycle | SYSTEM  cpu=6%  load=0.86  mem=35%  src=sqlite
2026-09-30T18:33:33-10:00job:sys_stats_cycle | OK wrote /home/rootrecord/RootRecord-Ecosystem/2 - RootRecord-Database/System/samples/sys-20260930-183333.json
2026-09-30T18:34:07-10:00job:github_sync_all | ↑ [ecosystem] committed 7 local file(s)
2026-09-30T18:34:07-10:00job:github_sync_all | ↓ [ecosystem] fetching origin/main
2026-09-30T18:34:07-10:00job:github_sync_all | From github.com:RootRecord-Software-Solutions/RootRecord-Ecosystem
2026-09-30T18:34:07-10:00job:github_sync_all | * branch            main       -> FETCH_HEAD
2026-09-30T18:34:07-10:00job:github_sync_all | ↑ [ecosystem] local is ahead of GitHub
2026-09-30T18:34:07-10:00job:github_sync_all | To github.com:RootRecord-Software-Solutions/RootRecord-Ecosystem.git
2026-09-30T18:34:07-10:00job:github_sync_all | 1e71c99..dbb569c  HEAD -> main
2026-09-30T18:34:07-10:00job:github_sync_all | branch 'main' set up to track 'origin/main'.
2026-09-30T18:34:07-10:00job:github_sync_all | ↑ [ecosystem] 7 files → RootRecord-Software-Solutions/RootRecord-Ecosystem (main)
2026-09-30T18:34:07-10:00job:github_sync_all | — [pacific] no local changes
2026-09-30T18:34:07-10:00job:github_sync_all | ↓ [pacific] fetching origin/main
2026-09-30T18:34:07-10:00job:github_sync_all | From github.com:RootRecord-Software-Solutions/RootRecord-Pacific-Solar-Server
2026-09-30T18:34:07-10:00job:github_sync_all | * branch            main       -> FETCH_HEAD
2026-09-30T18:34:07-10:00job:github_sync_all | — [pacific] local and GitHub already match
2026-09-30T18:34:07-10:00job:github_sync_all | — [pacific] nothing to push
2026-09-30T18:34:07-10:00job:github_sync_all | ↑ [database] committed 19 local file(s)
2026-09-30T18:34:07-10:00job:github_sync_all | ↓ [database] fetching origin/main
2026-09-30T18:34:07-10:00job:github_sync_all | From github.com:RootRecord-Software-Solutions/RootRecord-Database
2026-09-30T18:34:07-10:00job:github_sync_all | * branch              main       -> FETCH_HEAD
2026-09-30T18:34:07-10:00job:github_sync_all | ↑ [database] local is ahead of GitHub
2026-09-30T18:34:07-10:00job:github_sync_all | To github.com:RootRecord-Software-Solutions/RootRecord-Database.git
2026-09-30T18:34:07-10:00job:github_sync_all | fec9b3b2..ad34e88c  HEAD -> main
2026-09-30T18:34:07-10:00job:github_sync_all | branch 'main' set up to track 'origin/main'.
2026-09-30T18:34:07-10:00job:github_sync_all | ↑ [database] 19 files → RootRecord-Software-Solutions/RootRecord-Database (main)
2026-09-30T18:34:07-10:00job:github_sync_all | — [library] no local changes
2026-09-30T18:34:07-10:00job:github_sync_all | ↓ [library] fetching origin/main
2026-09-30T18:34:07-10:00job:github_sync_all | From github.com:RootRecord-Software-Solutions/RootRecord-Library
2026-09-30T18:34:07-10:00job:github_sync_all | * branch            main       -> FETCH_HEAD
2026-09-30T18:34:07-10:00job:github_sync_all | — [library] local and GitHub already match
2026-09-30T18:34:07-10:00job:github_sync_all | — [library] nothing to push
2026-09-30T18:34:07-10:00job:worklog_scan RUN  bash "/home/rootrecord/RootRecord-Ecosystem/1 - Servers/1 - RootRecord-Pacific-Solar-Server/Reports/scripts/worklog_once.sh"
2026-09-30T18:34:17-10:00job:worklog_scan | OK wrote/updated /home/rootrecord/RootRecord-Ecosystem/2 - RootRecord-Database/Worklog/worklog_current.md
2026-09-30T18:34:17-10:00job:security_camera_frame_grab RUN  bash "/home/rootrecord/RootRecord-Ecosystem/1 - Servers/1 - RootRecord-Pacific-Solar-Server/Security/Cameras/grab_all.sh"
2026-09-30T18:34:34-10:00job:security_camera_frame_grab | 18:34:17  📷  a-eyes  ch1 → ch1-20261001T043417Z.jpg  (314.6 KB, 4.39s)
2026-09-30T18:34:34-10:00job:security_camera_frame_grab | 18:34:21  📷  a-eyes  ch2 → ch2-20261001T043421Z.jpg  (123.2 KB, 4.45s)
2026-09-30T18:34:34-10:00job:security_camera_frame_grab | 18:34:26  📷  a-eyes  ch3 → ch3-20261001T043426Z.jpg  (249.9 KB, 4.41s)
2026-09-30T18:34:34-10:00job:security_camera_frame_grab | 18:34:30  📷  a-eyes  ch4 → ch4-20261001T043430Z.jpg  (190.2 KB, 4.47s)
2026-09-30T18:34:35-10:00ENERGY  status=live  B2=80.0%  B1=96.5%  solar=0 W  ac=87 W  usbc=0 W  src=/home/rootrecord/RootRecord-Ecosystem/2 - RootRecord-Database/Energy  LAP=79%/Charging/AC
2026-09-30T18:34:50-10:00  ▸  SUMMARY=river2pro soc=96.35% solar=0W ac_out=0W usbc=56W src=ble+cloud db=ok
2026-09-30T18:34:50-10:00job:sys_stats_cycle RUN  bash "/home/rootrecord/RootRecord-Ecosystem/1 - Servers/1 - RootRecord-Pacific-Solar-Server/System/scripts/sys-sample.sh"
2026-09-30T18:34:51-10:00job:sys_stats_cycle | SYSTEM  cpu=3%  load=0.81  mem=38%  src=sqlite
2026-09-30T18:34:51-10:00job:sys_stats_cycle | OK wrote /home/rootrecord/RootRecord-Ecosystem/2 - RootRecord-Database/System/samples/sys-20260930-183450.json
2026-09-30T18:35:20-10:00job:github_sync_all | — [ecosystem] no committable local changes
2026-09-30T18:35:20-10:00job:github_sync_all | ↓ [ecosystem] fetching origin/main
2026-09-30T18:35:20-10:00job:github_sync_all | From github.com:RootRecord-Software-Solutions/RootRecord-Ecosystem
2026-09-30T18:35:20-10:00job:github_sync_all | * branch            main       -> FETCH_HEAD
2026-09-30T18:35:20-10:00job:github_sync_all | — [ecosystem] local and GitHub already match
2026-09-30T18:35:20-10:00job:github_sync_all | — [ecosystem] nothing to push
2026-09-30T18:35:20-10:00job:github_sync_all | — [pacific] no local changes
2026-09-30T18:35:20-10:00job:github_sync_all | ↓ [pacific] fetching origin/main
2026-09-30T18:35:20-10:00job:github_sync_all | From github.com:RootRecord-Software-Solutions/RootRecord-Pacific-Solar-Server
2026-09-30T18:35:20-10:00job:github_sync_all | * branch            main       -> FETCH_HEAD
2026-09-30T18:35:20-10:00job:github_sync_all | — [pacific] local and GitHub already match
2026-09-30T18:35:20-10:00job:github_sync_all | — [pacific] nothing to push
2026-09-30T18:35:20-10:00job:github_sync_all | ↑ [database] committed 16 local file(s)
2026-09-30T18:35:20-10:00job:github_sync_all | ↓ [database] fetching origin/main
2026-09-30T18:35:20-10:00job:github_sync_all | From github.com:RootRecord-Software-Solutions/RootRecord-Database
2026-09-30T18:35:20-10:00job:github_sync_all | * branch              main       -> FETCH_HEAD
2026-09-30T18:35:20-10:00job:github_sync_all | ↑ [database] local is ahead of GitHub
2026-09-30T18:35:20-10:00job:github_sync_all | To github.com:RootRecord-Software-Solutions/RootRecord-Database.git
2026-09-30T18:35:20-10:00job:github_sync_all | ad34e88c..1cddfe03  HEAD -> main
2026-09-30T18:35:20-10:00job:github_sync_all | branch 'main' set up to track 'origin/main'.
2026-09-30T18:35:20-10:00job:github_sync_all | ↑ [database] 16 files → RootRecord-Software-Solutions/RootRecord-Database (main)
2026-09-30T18:35:20-10:00job:github_sync_all | — [library] no local changes
2026-09-30T18:35:20-10:00job:github_sync_all | ↓ [library] fetching origin/main
2026-09-30T18:35:20-10:00job:github_sync_all | From github.com:RootRecord-Software-Solutions/RootRecord-Library
2026-09-30T18:35:20-10:00job:github_sync_all | * branch            main       -> FETCH_HEAD
2026-09-30T18:35:20-10:00job:github_sync_all | — [library] local and GitHub already match
2026-09-30T18:35:20-10:00job:github_sync_all | — [library] nothing to push
2026-09-30T18:35:20-10:00job:security_camera_frame_grab RUN  bash "/home/rootrecord/RootRecord-Ecosystem/1 - Servers/1 - RootRecord-Pacific-Solar-Server/Security/Cameras/grab_all.sh"
2026-09-30T18:35:38-10:00job:security_camera_frame_grab | 18:35:20  📷  a-eyes  ch1 → ch1-20261001T043520Z.jpg  (318.9 KB, 4.38s)
2026-09-30T18:35:38-10:00job:security_camera_frame_grab | 18:35:24  📷  a-eyes  ch2 → ch2-20261001T043524Z.jpg  (120.8 KB, 4.46s)
2026-09-30T18:35:38-10:00job:security_camera_frame_grab | 18:35:29  📷  a-eyes  ch3 → ch3-20261001T043529Z.jpg  (257.0 KB, 4.56s)
2026-09-30T18:35:38-10:00job:security_camera_frame_grab | 18:35:33  📷  a-eyes  ch4 → ch4-20261001T043533Z.jpg  (170.9 KB, 4.47s)
2026-09-30T18:35:38-10:00ENERGY  status=live  B2=80.0%  B1=96.3%  solar=0 W  ac=87 W  usbc=0 W  src=/home/rootrecord/RootRecord-Ecosystem/2 - RootRecord-Database/Energy  LAP=80%/Charging/AC
2026-09-30T18:35:55-10:00  ▸  SUMMARY=river2pro soc=96.21% solar=0W ac_out=0W usbc=56W src=ble+cloud db=ok
2026-09-30T18:35:55-10:00job:sys_stats_cycle RUN  bash "/home/rootrecord/RootRecord-Ecosystem/1 - Servers/1 - RootRecord-Pacific-Solar-Server/System/scripts/sys-sample.sh"
2026-09-30T18:35:56-10:00job:sys_stats_cycle | SYSTEM  cpu=5%  load=0.79  mem=36%  src=sqlite
2026-09-30T18:35:56-10:00job:sys_stats_cycle | OK wrote /home/rootrecord/RootRecord-Ecosystem/2 - RootRecord-Database/System/samples/sys-20260930-183555.json
2026-09-30T18:36:24-10:00job:github_sync_all | — [ecosystem] no committable local changes
2026-09-30T18:36:24-10:00job:github_sync_all | ↓ [ecosystem] fetching origin/main
2026-09-30T18:36:24-10:00job:github_sync_all | From github.com:RootRecord-Software-Solutions/RootRecord-Ecosystem
2026-09-30T18:36:24-10:00job:github_sync_all | * branch            main       -> FETCH_HEAD
2026-09-30T18:36:24-10:00job:github_sync_all | — [ecosystem] local and GitHub already match
2026-09-30T18:36:24-10:00job:github_sync_all | — [ecosystem] nothing to push
2026-09-30T18:36:24-10:00job:github_sync_all | — [pacific] no local changes
2026-09-30T18:36:24-10:00job:github_sync_all | ↓ [pacific] fetching origin/main
2026-09-30T18:36:24-10:00job:github_sync_all | From github.com:RootRecord-Software-Solutions/RootRecord-Pacific-Solar-Server
2026-09-30T18:36:24-10:00job:github_sync_all | * branch            main       -> FETCH_HEAD
2026-09-30T18:36:24-10:00job:github_sync_all | — [pacific] local and GitHub already match
2026-09-30T18:36:24-10:00job:github_sync_all | — [pacific] nothing to push
2026-09-30T18:36:24-10:00job:github_sync_all | ↑ [database] committed 13 local file(s)
2026-09-30T18:36:24-10:00job:github_sync_all | ↓ [database] fetching origin/main
2026-09-30T18:36:24-10:00job:github_sync_all | From github.com:RootRecord-Software-Solutions/RootRecord-Database
2026-09-30T18:36:24-10:00job:github_sync_all | * branch              main       -> FETCH_HEAD
2026-09-30T18:36:24-10:00job:github_sync_all | ↑ [database] local is ahead of GitHub
2026-09-30T18:36:24-10:00job:github_sync_all | To github.com:RootRecord-Software-Solutions/RootRecord-Database.git
2026-09-30T18:36:24-10:00job:github_sync_all | 1cddfe03..7562f6a8  HEAD -> main
2026-09-30T18:36:24-10:00job:github_sync_all | branch 'main' set up to track 'origin/main'.
2026-09-30T18:36:24-10:00job:github_sync_all | ↑ [database] 13 files → RootRecord-Software-Solutions/RootRecord-Database (main)
2026-09-30T18:36:24-10:00job:github_sync_all | — [library] no local changes
2026-09-30T18:36:24-10:00job:github_sync_all | ↓ [library] fetching origin/main
2026-09-30T18:36:24-10:00job:github_sync_all | From github.com:RootRecord-Software-Solutions/RootRecord-Library
2026-09-30T18:36:24-10:00job:github_sync_all | * branch            main       -> FETCH_HEAD
2026-09-30T18:36:24-10:00job:github_sync_all | — [library] local and GitHub already match
2026-09-30T18:36:24-10:00job:github_sync_all | — [library] nothing to push
2026-09-30T18:36:24-10:00job:worklog_scan RUN  bash "/home/rootrecord/RootRecord-Ecosystem/1 - Servers/1 - RootRecord-Pacific-Solar-Server/Reports/scripts/worklog_once.sh"
2026-09-30T18:36:29-10:00job:worklog_scan | OK wrote/updated /home/rootrecord/RootRecord-Ecosystem/2 - RootRecord-Database/Worklog/worklog_current.md
2026-09-30T18:36:29-10:00job:security_camera_frame_grab RUN  bash "/home/rootrecord/RootRecord-Ecosystem/1 - Servers/1 - RootRecord-Pacific-Solar-Server/Security/Cameras/grab_all.sh"
2026-09-30T18:36:47-10:00job:security_camera_frame_grab | 18:36:29  📷  a-eyes  ch1 → ch1-20261001T043629Z.jpg  (319.3 KB, 4.37s)
2026-09-30T18:36:47-10:00job:security_camera_frame_grab | 18:36:34  📷  a-eyes  ch2 → ch2-20261001T043634Z.jpg  (126.3 KB, 4.37s)
2026-09-30T18:36:47-10:00job:security_camera_frame_grab | 18:36:38  📷  a-eyes  ch3 → ch3-20261001T043638Z.jpg  (272.1 KB, 4.47s)
2026-09-30T18:36:47-10:00job:security_camera_frame_grab | 18:36:42  📷  a-eyes  ch4 → ch4-20261001T043642Z.jpg  (198.3 KB, 4.31s)
2026-09-30T18:36:47-10:00ENERGY  status=live  B2=80.0%  B1=96.2%  solar=0 W  ac=87 W  usbc=0 W  src=/home/rootrecord/RootRecord-Ecosystem/2 - RootRecord-Database/Energy  LAP=81%/Charging/AC
2026-09-30T18:37:02-10:00  ▸  SUMMARY=river2pro soc=96.1% solar=0W ac_out=0W usbc=56W src=ble+cloud db=ok
2026-09-30T18:37:02-10:00job:sys_stats_cycle RUN  bash "/home/rootrecord/RootRecord-Ecosystem/1 - Servers/1 - RootRecord-Pacific-Solar-Server/System/scripts/sys-sample.sh"
2026-09-30T18:37:03-10:00job:sys_stats_cycle | SYSTEM  cpu=3%  load=0.49  mem=36%  src=sqlite
2026-09-30T18:37:03-10:00job:sys_stats_cycle | OK wrote /home/rootrecord/RootRecord-Ecosystem/2 - RootRecord-Database/System/samples/sys-20260930-183702.json
2026-09-30T18:37:33-10:00job:github_sync_all | — [ecosystem] no committable local changes
2026-09-30T18:37:33-10:00job:github_sync_all | ↓ [ecosystem] fetching origin/main
2026-09-30T18:37:33-10:00job:github_sync_all | From github.com:RootRecord-Software-Solutions/RootRecord-Ecosystem
2026-09-30T18:37:33-10:00job:github_sync_all | * branch            main       -> FETCH_HEAD
2026-09-30T18:37:33-10:00job:github_sync_all | — [ecosystem] local and GitHub already match
2026-09-30T18:37:33-10:00job:github_sync_all | — [ecosystem] nothing to push
2026-09-30T18:37:33-10:00job:github_sync_all | — [pacific] no local changes
2026-09-30T18:37:33-10:00job:github_sync_all | ↓ [pacific] fetching origin/main
2026-09-30T18:37:33-10:00job:github_sync_all | From github.com:RootRecord-Software-Solutions/RootRecord-Pacific-Solar-Server
2026-09-30T18:37:33-10:00job:github_sync_all | * branch            main       -> FETCH_HEAD
2026-09-30T18:37:33-10:00job:github_sync_all | — [pacific] local and GitHub already match
2026-09-30T18:37:33-10:00job:github_sync_all | — [pacific] nothing to push
2026-09-30T18:37:33-10:00job:github_sync_all | ↑ [database] committed 16 local file(s)
2026-09-30T18:37:33-10:00job:github_sync_all | ↓ [database] fetching origin/main
2026-09-30T18:37:33-10:00job:github_sync_all | From github.com:RootRecord-Software-Solutions/RootRecord-Database
2026-09-30T18:37:33-10:00job:github_sync_all | * branch              main       -> FETCH_HEAD
2026-09-30T18:37:33-10:00job:github_sync_all | ↑ [database] local is ahead of GitHub
2026-09-30T18:37:33-10:00job:github_sync_all | To github.com:RootRecord-Software-Solutions/RootRecord-Database.git
2026-09-30T18:37:33-10:00job:github_sync_all | 7562f6a8..10fc9e34  HEAD -> main
2026-09-30T18:37:33-10:00job:github_sync_all | branch 'main' set up to track 'origin/main'.
2026-09-30T18:37:33-10:00job:github_sync_all | ↑ [database] 16 files → RootRecord-Software-Solutions/RootRecord-Database (main)
2026-09-30T18:37:33-10:00job:github_sync_all | — [library] no local changes
2026-09-30T18:37:33-10:00job:github_sync_all | ↓ [library] fetching origin/main
2026-09-30T18:37:33-10:00job:github_sync_all | From github.com:RootRecord-Software-Solutions/RootRecord-Library
2026-09-30T18:37:33-10:00job:github_sync_all | * branch            main       -> FETCH_HEAD
2026-09-30T18:37:33-10:00job:github_sync_all | — [library] local and GitHub already match
2026-09-30T18:37:33-10:00job:github_sync_all | — [library] nothing to push
2026-09-30T18:37:33-10:00job:security_camera_frame_grab RUN  bash "/home/rootrecord/RootRecord-Ecosystem/1 - Servers/1 - RootRecord-Pacific-Solar-Server/Security/Cameras/grab_all.sh"
2026-09-30T18:37:50-10:00job:security_camera_frame_grab | 18:37:33  📷  a-eyes  ch1 → ch1-20261001T043733Z.jpg  (317.0 KB, 4.28s)
2026-09-30T18:37:50-10:00job:security_camera_frame_grab | 18:37:37  📷  a-eyes  ch2 → ch2-20261001T043737Z.jpg  (131.9 KB, 4.48s)
2026-09-30T18:37:50-10:00job:security_camera_frame_grab | 18:37:42  📷  a-eyes  ch3 → ch3-20261001T043742Z.jpg  (286.0 KB, 4.37s)
2026-09-30T18:37:50-10:00job:security_camera_frame_grab | 18:37:46  📷  a-eyes  ch4 → ch4-20261001T043746Z.jpg  (214.8 KB, 4.38s)
2026-09-30T18:37:51-10:00ENERGY  status=live  B2=80.0%  B1=96.1%  solar=0 W  ac=87 W  usbc=0 W  src=/home/rootrecord/RootRecord-Ecosystem/2 - RootRecord-Database/Energy  LAP=82%/Charging/AC
2026-09-30T18:38:05-10:00  ▸  SUMMARY=delta2 soc=78.74% solar=0W ac_out=93W usbc=0W src=ble db=ok
2026-09-30T18:38:05-10:00job:sys_stats_cycle RUN  bash "/home/rootrecord/RootRecord-Ecosystem/1 - Servers/1 - RootRecord-Pacific-Solar-Server/System/scripts/sys-sample.sh"
2026-09-30T18:38:07-10:00job:sys_stats_cycle | SYSTEM  cpu=49%  load=0.92  mem=39%  src=sqlite
2026-09-30T18:38:07-10:00job:sys_stats_cycle | OK wrote /home/rootrecord/RootRecord-Ecosystem/2 - RootRecord-Database/System/samples/sys-20260930-183806.json
2026-09-30T18:38:36-10:00job:github_sync_all | — [ecosystem] no committable local changes
2026-09-30T18:38:36-10:00job:github_sync_all | ↓ [ecosystem] fetching origin/main
2026-09-30T18:38:36-10:00job:github_sync_all | From github.com:RootRecord-Software-Solutions/RootRecord-Ecosystem
2026-09-30T18:38:36-10:00job:github_sync_all | * branch            main       -> FETCH_HEAD
2026-09-30T18:38:36-10:00job:github_sync_all | — [ecosystem] local and GitHub already match
2026-09-30T18:38:36-10:00job:github_sync_all | — [ecosystem] nothing to push
2026-09-30T18:38:36-10:00job:github_sync_all | — [pacific] no local changes
2026-09-30T18:38:36-10:00job:github_sync_all | ↓ [pacific] fetching origin/main
2026-09-30T18:38:36-10:00job:github_sync_all | From github.com:RootRecord-Software-Solutions/RootRecord-Pacific-Solar-Server
2026-09-30T18:38:36-10:00job:github_sync_all | * branch            main       -> FETCH_HEAD
2026-09-30T18:38:36-10:00job:github_sync_all | — [pacific] local and GitHub already match
2026-09-30T18:38:36-10:00job:github_sync_all | — [pacific] nothing to push
2026-09-30T18:38:36-10:00job:github_sync_all | ↑ [database] committed 12 local file(s)
2026-09-30T18:38:36-10:00job:github_sync_all | ↓ [database] fetching origin/main
2026-09-30T18:38:36-10:00job:github_sync_all | From github.com:RootRecord-Software-Solutions/RootRecord-Database
2026-09-30T18:38:36-10:00job:github_sync_all | * branch              main       -> FETCH_HEAD
2026-09-30T18:38:36-10:00job:github_sync_all | ↑ [database] local is ahead of GitHub
2026-09-30T18:38:36-10:00job:github_sync_all | To github.com:RootRecord-Software-Solutions/RootRecord-Database.git
2026-09-30T18:38:36-10:00job:github_sync_all | 10fc9e34..31d1cb0f  HEAD -> main
2026-09-30T18:38:36-10:00job:github_sync_all | branch 'main' set up to track 'origin/main'.
2026-09-30T18:38:36-10:00job:github_sync_all | ↑ [database] 12 files → RootRecord-Software-Solutions/RootRecord-Database (main)
2026-09-30T18:38:36-10:00job:github_sync_all | — [library] no local changes
2026-09-30T18:38:36-10:00job:github_sync_all | ↓ [library] fetching origin/main
2026-09-30T18:38:36-10:00job:github_sync_all | From github.com:RootRecord-Software-Solutions/RootRecord-Library
2026-09-30T18:38:36-10:00job:github_sync_all | * branch            main       -> FETCH_HEAD
2026-09-30T18:38:36-10:00job:github_sync_all | — [library] local and GitHub already match
2026-09-30T18:38:36-10:00job:github_sync_all | — [library] nothing to push
2026-09-30T18:38:36-10:00job:worklog_scan RUN  bash "/home/rootrecord/RootRecord-Ecosystem/1 - Servers/1 - RootRecord-Pacific-Solar-Server/Reports/scripts/worklog_once.sh"
2026-09-30T18:38:39-10:00job:worklog_scan | OK wrote/updated /home/rootrecord/RootRecord-Ecosystem/2 - RootRecord-Database/Worklog/worklog_current.md
2026-09-30T18:38:39-10:00job:security_camera_frame_grab RUN  bash "/home/rootrecord/RootRecord-Ecosystem/1 - Servers/1 - RootRecord-Pacific-Solar-Server/Security/Cameras/grab_all.sh"
2026-09-30T18:38:57-10:00job:security_camera_frame_grab | 18:38:39  📷  a-eyes  ch1 → ch1-20261001T043839Z.jpg  (316.7 KB, 4.48s)
2026-09-30T18:38:57-10:00job:security_camera_frame_grab | 18:38:43  📷  a-eyes  ch2 → ch2-20261001T043843Z.jpg  (135.3 KB, 4.47s)
2026-09-30T18:38:57-10:00job:security_camera_frame_grab | 18:38:48  📷  a-eyes  ch3 → ch3-20261001T043848Z.jpg  (296.5 KB, 4.58s)
2026-09-30T18:38:57-10:00job:security_camera_frame_grab | 18:38:52  📷  a-eyes  ch4 → ch4-20261001T043852Z.jpg  (236.8 KB, 4.48s)
2026-09-30T18:38:57-10:00job:service_supervisor RUN  bash "/home/rootrecord/RootRecord-Ecosystem/1 - Servers/1 - RootRecord-Pacific-Solar-Server/Automations/scripts/supervise-services.sh"
2026-09-30T18:38:57-10:00job:service_supervisor | [supervisor] weather alive pid=97054 764793 (act)
2026-09-30T18:38:57-10:00job:service_supervisor | [supervisor] relay alive pid=96403 (act)
2026-09-30T18:38:57-10:00job:geology_collect RUN  nice -n 10 python3 "/home/rootrecord/RootRecord-Ecosystem/1 - Servers/1 - RootRecord-Pacific-Solar-Server/Geology/scripts/geology_collect.py" all
2026-09-30T18:39:01-10:00job:geology_collect | {"ok": true, "at": "2026-09-30T18:38:57-10:00", "what": "all", "dry_run": false, "sources": {"hawaii": {"ok": true, "count": 17, "new": 0, "new_m2": 0, "ms": 428}, "global": {"ok": true, "count": 38, "new": 0, "ms": 389}, "hvo_notices": {"ok": true, "count": 44, "new": 0, "ms": 2247}, "hvo_status": {"ok": true, "volcanoes": 8, "kilauea": "WATCH", "mauna_loa": "NORMAL", "ms": 716}}}
2026-09-30T18:39:01-10:00job:system_net_sample RUN  nice -n 10 python3 "/home/rootrecord/RootRecord-Ecosystem/1 - Servers/1 - RootRecord-Pacific-Solar-Server/System/scripts/host_desks.py" net-sample
2026-09-30T18:39:01-10:00job:system_net_sample | {"ok": true, "file": "/home/rootrecord/RootRecord-Ecosystem/2 - RootRecord-Database/System/network/Daily/net-20260930.jsonl", "iface": "wlo1", "hour": {"seconds": 3715, "rx": 243878920, "tx": 105732393, "total": 349611313, "iface": "wlo1", "link": "wireless"}, "day": null}
2026-09-30T18:39:01-10:00job:voice_nws_weather RUN  nice -n 10 python3 "/home/rootrecord/RootRecord-Ecosystem/1 - Servers/1 - RootRecord-Pacific-Solar-Server/Media/Voice/scripts/voice_reports.py" nws_weather
2026-09-30T18:39:14-10:00job:voice_nws_weather | {"ok": true, "report": "nws_weather", "md": "/home/rootrecord/RootRecord-Ecosystem/test-reports/Voice/nws_weather_current.md", "sentences": 4, "voice": {"ok": true, "mode": "stitch", "report": "nws_weather", "agent": "ava", "voice": "af_heart", "speed": 1.0, "wav": "/home/rootrecord/RootRecord-Ecosystem/2 - RootRecord-Database/Media/Audio/Voice/nws_weather_current.wav", "clips_used": 0, "live_sentences": 7, "model_loaded": true, "render_s": 11.51, "sample_rate": 24000, "channels": 1, "subtype": "PCM_16", "duration_s": 17.779, "peak_dbfs": -1.5, "rms_dbfs": -20.21, "lead_silence_ms": 113, "qc": "PASS", "wall_s": 11.59, "peak_rss_mb": 1442, "rc": 0}, "deliver": {"ok": true, "sent": false, "detail": "unchanged"}}
2026-09-30T18:39:14-10:00ENERGY  status=live  B2=78.7%  B1=96.1%  solar=0 W  ac=93 W  usbc=0 W  src=/home/rootrecord/RootRecord-Ecosystem/2 - RootRecord-Database/Energy  LAP=83%/Charging/AC
2026-09-30T18:39:29-10:00  ▸  SUMMARY=delta2 soc=78.44% solar=0W ac_out=85W usbc=0W src=ble db=ok
2026-09-30T18:39:29-10:00job:sys_stats_cycle RUN  bash "/home/rootrecord/RootRecord-Ecosystem/1 - Servers/1 - RootRecord-Pacific-Solar-Server/System/scripts/sys-sample.sh"
2026-09-30T18:39:30-10:00job:sys_stats_cycle | SYSTEM  cpu=8%  load=2.09  mem=37%  src=sqlite
2026-09-30T18:39:30-10:00job:sys_stats_cycle | OK wrote /home/rootrecord/RootRecord-Ecosystem/2 - RootRecord-Database/System/samples/sys-20260930-183929.json
2026-09-30T18:40:08-10:00job:github_sync_all | ↑ [ecosystem] committed 22 local file(s)
2026-09-30T18:40:08-10:00job:github_sync_all | ↓ [ecosystem] fetching origin/main
2026-09-30T18:40:08-10:00job:github_sync_all | From github.com:RootRecord-Software-Solutions/RootRecord-Ecosystem
2026-09-30T18:40:08-10:00job:github_sync_all | * branch            main       -> FETCH_HEAD
2026-09-30T18:40:08-10:00job:github_sync_all | ↑ [ecosystem] local is ahead of GitHub
2026-09-30T18:40:08-10:00job:github_sync_all | To github.com:RootRecord-Software-Solutions/RootRecord-Ecosystem.git
2026-09-30T18:40:08-10:00job:github_sync_all | dbb569c..24fa92b  HEAD -> main
2026-09-30T18:40:08-10:00job:github_sync_all | branch 'main' set up to track 'origin/main'.
2026-09-30T18:40:08-10:00job:github_sync_all | ↑ [ecosystem] 22 files → RootRecord-Software-Solutions/RootRecord-Ecosystem (main)
2026-09-30T18:40:08-10:00job:github_sync_all | ↑ [pacific] committed 8 local file(s)
2026-09-30T18:40:08-10:00job:github_sync_all | ↓ [pacific] fetching origin/main
2026-09-30T18:40:08-10:00job:github_sync_all | From github.com:RootRecord-Software-Solutions/RootRecord-Pacific-Solar-Server
2026-09-30T18:40:08-10:00job:github_sync_all | * branch            main       -> FETCH_HEAD
2026-09-30T18:40:08-10:00job:github_sync_all | ↑ [pacific] local is ahead of GitHub
2026-09-30T18:40:08-10:00job:github_sync_all | To github.com:RootRecord-Software-Solutions/RootRecord-Pacific-Solar-Server.git
2026-09-30T18:40:08-10:00job:github_sync_all | 8dea286..90bb3a1  HEAD -> main
2026-09-30T18:40:08-10:00job:github_sync_all | branch 'main' set up to track 'origin/main'.
2026-09-30T18:40:08-10:00job:github_sync_all | ↑ [pacific] 8 files → RootRecord-Software-Solutions/RootRecord-Pacific-Solar-Server (main)
2026-09-30T18:40:08-10:00job:github_sync_all | ↑ [database] committed 24 local file(s)
2026-09-30T18:40:08-10:00job:github_sync_all | ↓ [database] fetching origin/main
2026-09-30T18:40:08-10:00job:github_sync_all | From github.com:RootRecord-Software-Solutions/RootRecord-Database
2026-09-30T18:40:08-10:00job:github_sync_all | * branch              main       -> FETCH_HEAD
2026-09-30T18:40:08-10:00job:github_sync_all | ↑ [database] local is ahead of GitHub
2026-09-30T18:40:08-10:00job:github_sync_all | To github.com:RootRecord-Software-Solutions/RootRecord-Database.git
2026-09-30T18:40:08-10:00job:github_sync_all | 31d1cb0f..6a401adf  HEAD -> main
2026-09-30T18:40:08-10:00job:github_sync_all | branch 'main' set up to track 'origin/main'.
2026-09-30T18:40:08-10:00job:github_sync_all | ↑ [database] 24 files → RootRecord-Software-Solutions/RootRecord-Database (main)
2026-09-30T18:40:08-10:00job:github_sync_all | ↑ [library] committed 2 local file(s)
2026-09-30T18:40:08-10:00job:github_sync_all | ↓ [library] fetching origin/main
2026-09-30T18:40:08-10:00job:github_sync_all | From github.com:RootRecord-Software-Solutions/RootRecord-Library
2026-09-30T18:40:08-10:00job:github_sync_all | * branch            main       -> FETCH_HEAD
2026-09-30T18:40:08-10:00job:github_sync_all | ↑ [library] local is ahead of GitHub
2026-09-30T18:40:08-10:00job:github_sync_all | To github.com:RootRecord-Software-Solutions/RootRecord-Library.git
2026-09-30T18:40:08-10:00job:github_sync_all | 796939b..d06d75d  HEAD -> main
2026-09-30T18:40:08-10:00job:github_sync_all | branch 'main' set up to track 'origin/main'.
2026-09-30T18:40:08-10:00job:github_sync_all | ↑ [library] 2 files → RootRecord-Software-Solutions/RootRecord-Library (main)
2026-09-30T18:40:08-10:00job:security_camera_frame_grab RUN  bash "/home/rootrecord/RootRecord-Ecosystem/1 - Servers/1 - RootRecord-Pacific-Solar-Server/Security/Cameras/grab_all.sh"
2026-09-30T18:40:26-10:00job:security_camera_frame_grab | 18:40:08  📷  a-eyes  ch1 → ch1-20261001T044008Z.jpg  (314.8 KB, 4.33s)
2026-09-30T18:40:26-10:00job:security_camera_frame_grab | 18:40:13  📷  a-eyes  ch2 → ch2-20261001T044013Z.jpg  (122.1 KB, 4.45s)
2026-09-30T18:40:26-10:00job:security_camera_frame_grab | 18:40:17  📷  a-eyes  ch3 → ch3-20261001T044017Z.jpg  (303.9 KB, 4.38s)
2026-09-30T18:40:26-10:00job:security_camera_frame_grab | 18:40:22  📷  a-eyes  ch4 → ch4-20261001T044022Z.jpg  (266.2 KB, 4.46s)
2026-09-30T18:40:27-10:00ENERGY  status=live  B2=78.4%  B1=96.1%  solar=0 W  ac=85 W  usbc=0 W  src=/home/rootrecord/RootRecord-Ecosystem/2 - RootRecord-Database/Energy  LAP=83%/Charging/AC
2026-09-30T18:40:43-10:00  ▸  SUMMARY=river2pro soc=95.56% solar=0W ac_out=0W usbc=50W src=ble+cloud db=ok
2026-09-30T18:40:43-10:00job:sys_stats_cycle RUN  bash "/home/rootrecord/RootRecord-Ecosystem/1 - Servers/1 - RootRecord-Pacific-Solar-Server/System/scripts/sys-sample.sh"
2026-09-30T18:40:44-10:00job:sys_stats_cycle | SYSTEM  cpu=4%  load=0.99  mem=37%  src=sqlite
2026-09-30T18:40:44-10:00job:sys_stats_cycle | OK wrote /home/rootrecord/RootRecord-Ecosystem/2 - RootRecord-Database/System/samples/sys-20260930-184044.json
2026-09-30T18:41:20-10:00job:github_sync_all | — [ecosystem] no committable local changes
2026-09-30T18:41:20-10:00job:github_sync_all | ↓ [ecosystem] fetching origin/main
2026-09-30T18:41:20-10:00job:github_sync_all | From github.com:RootRecord-Software-Solutions/RootRecord-Ecosystem
2026-09-30T18:41:20-10:00job:github_sync_all | * branch            main       -> FETCH_HEAD
2026-09-30T18:41:20-10:00job:github_sync_all | ↑ [ecosystem] local is ahead of GitHub
2026-09-30T18:41:20-10:00job:github_sync_all | To github.com:RootRecord-Software-Solutions/RootRecord-Ecosystem.git
2026-09-30T18:41:20-10:00job:github_sync_all | 24fa92b..1587c47  HEAD -> main
2026-09-30T18:41:20-10:00job:github_sync_all | branch 'main' set up to track 'origin/main'.
2026-09-30T18:41:20-10:00job:github_sync_all | ↑ [ecosystem] 0 files → RootRecord-Software-Solutions/RootRecord-Ecosystem (main)
2026-09-30T18:41:20-10:00job:github_sync_all | ↑ [pacific] committed 3 local file(s)
2026-09-30T18:41:20-10:00job:github_sync_all | ↓ [pacific] fetching origin/main
2026-09-30T18:41:20-10:00job:github_sync_all | From github.com:RootRecord-Software-Solutions/RootRecord-Pacific-Solar-Server
2026-09-30T18:41:20-10:00job:github_sync_all | * branch            main       -> FETCH_HEAD
2026-09-30T18:41:20-10:00job:github_sync_all | ↑ [pacific] local is ahead of GitHub
2026-09-30T18:41:20-10:00job:github_sync_all | To github.com:RootRecord-Software-Solutions/RootRecord-Pacific-Solar-Server.git
2026-09-30T18:41:20-10:00job:github_sync_all | 90bb3a1..c489c55  HEAD -> main
2026-09-30T18:41:20-10:00job:github_sync_all | branch 'main' set up to track 'origin/main'.
2026-09-30T18:41:20-10:00job:github_sync_all | ↑ [pacific] 3 files → RootRecord-Software-Solutions/RootRecord-Pacific-Solar-Server (main)
2026-09-30T18:41:20-10:00job:github_sync_all | ↑ [database] committed 13 local file(s)
2026-09-30T18:41:20-10:00job:github_sync_all | ↓ [database] fetching origin/main
2026-09-30T18:41:20-10:00job:github_sync_all | From github.com:RootRecord-Software-Solutions/RootRecord-Database
2026-09-30T18:41:20-10:00job:github_sync_all | * branch              main       -> FETCH_HEAD
2026-09-30T18:41:20-10:00job:github_sync_all | ↑ [database] local is ahead of GitHub
2026-09-30T18:41:20-10:00job:github_sync_all | To github.com:RootRecord-Software-Solutions/RootRecord-Database.git
2026-09-30T18:41:20-10:00job:github_sync_all | 6a401adf..f740a4ef  HEAD -> main
2026-09-30T18:41:20-10:00job:github_sync_all | branch 'main' set up to track 'origin/main'.
2026-09-30T18:41:20-10:00job:github_sync_all | ↑ [database] 13 files → RootRecord-Software-Solutions/RootRecord-Database (main)
2026-09-30T18:41:20-10:00job:github_sync_all | — [library] no local changes
2026-09-30T18:41:20-10:00job:github_sync_all | ↓ [library] fetching origin/main
2026-09-30T18:41:20-10:00job:github_sync_all | From github.com:RootRecord-Software-Solutions/RootRecord-Library
2026-09-30T18:41:20-10:00job:github_sync_all | * branch            main       -> FETCH_HEAD
2026-09-30T18:41:20-10:00job:github_sync_all | — [library] local and GitHub already match
2026-09-30T18:41:20-10:00job:github_sync_all | — [library] nothing to push
2026-09-30T18:41:20-10:00job:worklog_scan RUN  bash "/home/rootrecord/RootRecord-Ecosystem/1 - Servers/1 - RootRecord-Pacific-Solar-Server/Reports/scripts/worklog_once.sh"
2026-09-30T18:41:23-10:00job:worklog_scan | OK wrote/updated /home/rootrecord/RootRecord-Ecosystem/2 - RootRecord-Database/Worklog/worklog_current.md
2026-09-30T18:41:23-10:00job:security_camera_frame_grab RUN  bash "/home/rootrecord/RootRecord-Ecosystem/1 - Servers/1 - RootRecord-Pacific-Solar-Server/Security/Cameras/grab_all.sh"
2026-09-30T18:41:42-10:00job:security_camera_frame_grab | 18:41:24  📷  a-eyes  ch1 → ch1-20261001T044124Z.jpg  (315.0 KB, 4.62s)
2026-09-30T18:41:42-10:00job:security_camera_frame_grab | 18:41:28  📷  a-eyes  ch2 → ch2-20261001T044128Z.jpg  (126.7 KB, 4.49s)
2026-09-30T18:41:42-10:00job:security_camera_frame_grab | 18:41:33  📷  a-eyes  ch3 → ch3-20261001T044133Z.jpg  (323.4 KB, 4.58s)
2026-09-30T18:41:42-10:00job:security_camera_frame_grab | 18:41:37  📷  a-eyes  ch4 → ch4-20261001T044137Z.jpg  (293.7 KB, 4.32s)
2026-09-30T18:41:42-10:00ENERGY  status=live  B2=78.4%  B1=95.6%  solar=0 W  ac=85 W  usbc=0 W  src=/home/rootrecord/RootRecord-Ecosystem/2 - RootRecord-Database/Energy  LAP=84%/Charging/AC
2026-09-30T18:41:57-10:00  ▸  SUMMARY=delta2 soc=77.83% solar=0W ac_out=97W usbc=0W src=ble db=ok
2026-09-30T18:41:57-10:00job:sys_stats_cycle RUN  bash "/home/rootrecord/RootRecord-Ecosystem/1 - Servers/1 - RootRecord-Pacific-Solar-Server/System/scripts/sys-sample.sh"
2026-09-30T18:41:58-10:00job:sys_stats_cycle | SYSTEM  cpu=5%  load=0.86  mem=36%  src=sqlite
2026-09-30T18:41:58-10:00job:sys_stats_cycle | OK wrote /home/rootrecord/RootRecord-Ecosystem/2 - RootRecord-Database/System/samples/sys-20260930-184157.json
2026-09-30T18:42:28-10:00job:github_sync_all | — [ecosystem] no committable local changes
2026-09-30T18:42:28-10:00job:github_sync_all | ↓ [ecosystem] fetching origin/main
2026-09-30T18:42:28-10:00job:github_sync_all | From github.com:RootRecord-Software-Solutions/RootRecord-Ecosystem
2026-09-30T18:42:28-10:00job:github_sync_all | * branch            main       -> FETCH_HEAD
2026-09-30T18:42:28-10:00job:github_sync_all | — [ecosystem] local and GitHub already match
2026-09-30T18:42:28-10:00job:github_sync_all | — [ecosystem] nothing to push
2026-09-30T18:42:28-10:00job:github_sync_all | — [pacific] no local changes
2026-09-30T18:42:28-10:00job:github_sync_all | ↓ [pacific] fetching origin/main
2026-09-30T18:42:28-10:00job:github_sync_all | From github.com:RootRecord-Software-Solutions/RootRecord-Pacific-Solar-Server
2026-09-30T18:42:28-10:00job:github_sync_all | * branch            main       -> FETCH_HEAD
2026-09-30T18:42:28-10:00job:github_sync_all | — [pacific] local and GitHub already match
2026-09-30T18:42:28-10:00job:github_sync_all | — [pacific] nothing to push
2026-09-30T18:42:28-10:00job:github_sync_all | ↑ [database] committed 16 local file(s)
2026-09-30T18:42:28-10:00job:github_sync_all | ↓ [database] fetching origin/main
2026-09-30T18:42:28-10:00job:github_sync_all | From github.com:RootRecord-Software-Solutions/RootRecord-Database
2026-09-30T18:42:28-10:00job:github_sync_all | * branch              main       -> FETCH_HEAD
2026-09-30T18:42:28-10:00job:github_sync_all | ↑ [database] local is ahead of GitHub
2026-09-30T18:42:28-10:00job:github_sync_all | To github.com:RootRecord-Software-Solutions/RootRecord-Database.git
2026-09-30T18:42:28-10:00job:github_sync_all | f740a4ef..5af3d626  HEAD -> main
2026-09-30T18:42:28-10:00job:github_sync_all | branch 'main' set up to track 'origin/main'.
2026-09-30T18:42:28-10:00job:github_sync_all | ↑ [database] 16 files → RootRecord-Software-Solutions/RootRecord-Database (main)
2026-09-30T18:42:28-10:00job:github_sync_all | — [library] no local changes
2026-09-30T18:42:28-10:00job:github_sync_all | ↓ [library] fetching origin/main
2026-09-30T18:42:28-10:00job:github_sync_all | From github.com:RootRecord-Software-Solutions/RootRecord-Library
2026-09-30T18:42:28-10:00job:github_sync_all | * branch            main       -> FETCH_HEAD
2026-09-30T18:42:28-10:00job:github_sync_all | — [library] local and GitHub already match
2026-09-30T18:42:28-10:00job:github_sync_all | — [library] nothing to push
2026-09-30T18:42:28-10:00job:security_camera_frame_grab RUN  bash "/home/rootrecord/RootRecord-Ecosystem/1 - Servers/1 - RootRecord-Pacific-Solar-Server/Security/Cameras/grab_all.sh"
2026-09-30T18:42:46-10:00job:security_camera_frame_grab | 18:42:28  📷  a-eyes  ch1 → ch1-20261001T044228Z.jpg  (317.6 KB, 4.24s)
2026-09-30T18:42:46-10:00job:security_camera_frame_grab | 18:42:32  📷  a-eyes  ch2 → ch2-20261001T044232Z.jpg  (128.6 KB, 4.67s)
2026-09-30T18:42:46-10:00job:security_camera_frame_grab | 18:42:37  📷  a-eyes  ch3 → ch3-20261001T044237Z.jpg  (333.3 KB, 4.57s)
2026-09-30T18:42:46-10:00job:security_camera_frame_grab | 18:42:42  📷  a-eyes  ch4 → ch4-20261001T044242Z.jpg  (267.9 KB, 4.27s)
2026-09-30T18:42:46-10:00ENERGY  status=live  B2=77.8%  B1=95.6%  solar=0 W  ac=97 W  usbc=0 W  src=/home/rootrecord/RootRecord-Ecosystem/2 - RootRecord-Database/Energy  LAP=85%/Charging/AC
2026-09-30T18:43:02-10:00  ▸  SUMMARY=river2pro soc=95.28% solar=0W ac_out=0W usbc=47W src=ble+cloud db=ok
2026-09-30T18:43:02-10:00job:sys_stats_cycle RUN  bash "/home/rootrecord/RootRecord-Ecosystem/1 - Servers/1 - RootRecord-Pacific-Solar-Server/System/scripts/sys-sample.sh"
2026-09-30T18:43:03-10:00job:sys_stats_cycle | SYSTEM  cpu=5%  load=0.71  mem=37%  src=sqlite
2026-09-30T18:43:03-10:00job:sys_stats_cycle | OK wrote /home/rootrecord/RootRecord-Ecosystem/2 - RootRecord-Database/System/samples/sys-20260930-184303.json
2026-09-30T18:43:35-10:00job:github_sync_all | — [ecosystem] no committable local changes
2026-09-30T18:43:35-10:00job:github_sync_all | ↓ [ecosystem] fetching origin/main
2026-09-30T18:43:35-10:00job:github_sync_all | From github.com:RootRecord-Software-Solutions/RootRecord-Ecosystem
2026-09-30T18:43:35-10:00job:github_sync_all | * branch            main       -> FETCH_HEAD
2026-09-30T18:43:35-10:00job:github_sync_all | — [ecosystem] local and GitHub already match
2026-09-30T18:43:35-10:00job:github_sync_all | — [ecosystem] nothing to push
2026-09-30T18:43:35-10:00job:github_sync_all | — [pacific] no local changes
2026-09-30T18:43:35-10:00job:github_sync_all | ↓ [pacific] fetching origin/main
2026-09-30T18:43:35-10:00job:github_sync_all | From github.com:RootRecord-Software-Solutions/RootRecord-Pacific-Solar-Server
2026-09-30T18:43:35-10:00job:github_sync_all | * branch            main       -> FETCH_HEAD
2026-09-30T18:43:35-10:00job:github_sync_all | — [pacific] local and GitHub already match
2026-09-30T18:43:35-10:00job:github_sync_all | — [pacific] nothing to push
2026-09-30T18:43:35-10:00job:github_sync_all | ↑ [database] committed 12 local file(s)
2026-09-30T18:43:35-10:00job:github_sync_all | ↓ [database] fetching origin/main
2026-09-30T18:43:35-10:00job:github_sync_all | From github.com:RootRecord-Software-Solutions/RootRecord-Database
2026-09-30T18:43:35-10:00job:github_sync_all | * branch              main       -> FETCH_HEAD
2026-09-30T18:43:35-10:00job:github_sync_all | ↑ [database] local is ahead of GitHub
2026-09-30T18:43:35-10:00job:github_sync_all | To github.com:RootRecord-Software-Solutions/RootRecord-Database.git
2026-09-30T18:43:35-10:00job:github_sync_all | 5af3d626..930e43ce  HEAD -> main
2026-09-30T18:43:35-10:00job:github_sync_all | branch 'main' set up to track 'origin/main'.
2026-09-30T18:43:35-10:00job:github_sync_all | ↑ [database] 12 files → RootRecord-Software-Solutions/RootRecord-Database (main)
2026-09-30T18:43:35-10:00job:github_sync_all | — [library] no local changes
2026-09-30T18:43:35-10:00job:github_sync_all | ↓ [library] fetching origin/main
2026-09-30T18:43:35-10:00job:github_sync_all | From github.com:RootRecord-Software-Solutions/RootRecord-Library
2026-09-30T18:43:35-10:00job:github_sync_all | * branch            main       -> FETCH_HEAD
2026-09-30T18:43:35-10:00job:github_sync_all | — [library] local and GitHub already match
2026-09-30T18:43:35-10:00job:github_sync_all | — [library] nothing to push
2026-09-30T18:43:35-10:00job:worklog_scan RUN  bash "/home/rootrecord/RootRecord-Ecosystem/1 - Servers/1 - RootRecord-Pacific-Solar-Server/Reports/scripts/worklog_once.sh"
2026-09-30T18:43:45-10:00job:worklog_scan | OK wrote/updated /home/rootrecord/RootRecord-Ecosystem/2 - RootRecord-Database/Worklog/worklog_current.md
2026-09-30T18:43:45-10:00job:security_camera_frame_grab RUN  bash "/home/rootrecord/RootRecord-Ecosystem/1 - Servers/1 - RootRecord-Pacific-Solar-Server/Security/Cameras/grab_all.sh"
2026-09-30T18:44:04-10:00job:security_camera_frame_grab | 18:43:45  📷  a-eyes  ch1 → ch1-20261001T044345Z.jpg  (318.1 KB, 4.37s)
2026-09-30T18:44:04-10:00job:security_camera_frame_grab | 18:43:49  📷  a-eyes  ch2 → ch2-20261001T044349Z.jpg  (127.0 KB, 4.66s)
2026-09-30T18:44:04-10:00job:security_camera_frame_grab | 18:43:54  📷  a-eyes  ch3 → ch3-20261001T044354Z.jpg  (346.2 KB, 4.35s)
2026-09-30T18:44:04-10:00job:security_camera_frame_grab | 18:43:59  📷  a-eyes  ch4 → ch4-20261001T044359Z.jpg  (378.8 KB, 5.60s)
2026-09-30T18:44:04-10:00ENERGY  status=live  B2=77.8%  B1=95.3%  solar=0 W  ac=97 W  usbc=0 W  src=/home/rootrecord/RootRecord-Ecosystem/2 - RootRecord-Database/Energy  LAP=86%/Charging/AC
2026-09-30T18:44:19-10:00  ▸  SUMMARY=river2pro soc=95.12% solar=0W ac_out=0W usbc=47W src=ble+cloud db=ok
2026-09-30T18:44:19-10:00job:sys_stats_cycle RUN  bash "/home/rootrecord/RootRecord-Ecosystem/1 - Servers/1 - RootRecord-Pacific-Solar-Server/System/scripts/sys-sample.sh"
2026-09-30T18:44:20-10:00job:sys_stats_cycle | SYSTEM  cpu=2%  load=0.64  mem=36%  src=sqlite
2026-09-30T18:44:20-10:00job:sys_stats_cycle | OK wrote /home/rootrecord/RootRecord-Ecosystem/2 - RootRecord-Database/System/samples/sys-20260930-184420.json
2026-09-30T18:44:52-10:00job:github_sync_all | — [ecosystem] no committable local changes
2026-09-30T18:44:52-10:00job:github_sync_all | ↓ [ecosystem] fetching origin/main
2026-09-30T18:44:52-10:00job:github_sync_all | From github.com:RootRecord-Software-Solutions/RootRecord-Ecosystem
2026-09-30T18:44:52-10:00job:github_sync_all | * branch            main       -> FETCH_HEAD
2026-09-30T18:44:52-10:00job:github_sync_all | — [ecosystem] local and GitHub already match
2026-09-30T18:44:52-10:00job:github_sync_all | — [ecosystem] nothing to push
2026-09-30T18:44:52-10:00job:github_sync_all | — [pacific] no local changes
2026-09-30T18:44:52-10:00job:github_sync_all | ↓ [pacific] fetching origin/main
2026-09-30T18:44:52-10:00job:github_sync_all | From github.com:RootRecord-Software-Solutions/RootRecord-Pacific-Solar-Server
2026-09-30T18:44:52-10:00job:github_sync_all | * branch            main       -> FETCH_HEAD
2026-09-30T18:44:52-10:00job:github_sync_all | — [pacific] local and GitHub already match
2026-09-30T18:44:52-10:00job:github_sync_all | — [pacific] nothing to push
2026-09-30T18:44:52-10:00job:github_sync_all | ↑ [database] committed 15 local file(s)
2026-09-30T18:44:52-10:00job:github_sync_all | ↓ [database] fetching origin/main
2026-09-30T18:44:52-10:00job:github_sync_all | From github.com:RootRecord-Software-Solutions/RootRecord-Database
2026-09-30T18:44:52-10:00job:github_sync_all | * branch              main       -> FETCH_HEAD
2026-09-30T18:44:52-10:00job:github_sync_all | ↑ [database] local is ahead of GitHub
2026-09-30T18:44:52-10:00job:github_sync_all | To github.com:RootRecord-Software-Solutions/RootRecord-Database.git
2026-09-30T18:44:52-10:00job:github_sync_all | 930e43ce..28d7c3cd  HEAD -> main
2026-09-30T18:44:52-10:00job:github_sync_all | branch 'main' set up to track 'origin/main'.
2026-09-30T18:44:52-10:00job:github_sync_all | ↑ [database] 15 files → RootRecord-Software-Solutions/RootRecord-Database (main)
2026-09-30T18:44:52-10:00job:github_sync_all | — [library] no local changes
2026-09-30T18:44:52-10:00job:github_sync_all | ↓ [library] fetching origin/main
2026-09-30T18:44:52-10:00job:github_sync_all | From github.com:RootRecord-Software-Solutions/RootRecord-Library
2026-09-30T18:44:52-10:00job:github_sync_all | * branch            main       -> FETCH_HEAD
2026-09-30T18:44:52-10:00job:github_sync_all | — [library] local and GitHub already match
2026-09-30T18:44:52-10:00job:github_sync_all | — [library] nothing to push
2026-09-30T18:44:52-10:00job:security_camera_frame_grab RUN  bash "/home/rootrecord/RootRecord-Ecosystem/1 - Servers/1 - RootRecord-Pacific-Solar-Server/Security/Cameras/grab_all.sh"
2026-09-30T18:45:09-10:00job:security_camera_frame_grab | 18:44:52  📷  a-eyes  ch1 → ch1-20261001T044452Z.jpg  (317.3 KB, 4.23s)
2026-09-30T18:45:09-10:00job:security_camera_frame_grab | 18:44:56  📷  a-eyes  ch2 → ch2-20261001T044456Z.jpg  (125.2 KB, 4.48s)
2026-09-30T18:45:09-10:00job:security_camera_frame_grab | 18:45:00  📷  a-eyes  ch3 → ch3-20261001T044500Z.jpg  (356.1 KB, 4.47s)
2026-09-30T18:45:09-10:00job:security_camera_frame_grab | 18:45:05  📷  a-eyes  ch4 → ch4-20261001T044505Z.jpg  (332.1 KB, 4.50s)
2026-09-30T18:45:09-10:00job:service_supervisor RUN  bash "/home/rootrecord/RootRecord-Ecosystem/1 - Servers/1 - RootRecord-Pacific-Solar-Server/Automations/scripts/supervise-services.sh"
2026-09-30T18:45:09-10:00job:service_supervisor | [supervisor] weather alive pid=97054 764793 (act)
2026-09-30T18:45:09-10:00job:service_supervisor | [supervisor] relay alive pid=96403 (act)
2026-09-30T18:45:10-10:00job:geology_collect RUN  nice -n 10 python3 "/home/rootrecord/RootRecord-Ecosystem/1 - Servers/1 - RootRecord-Pacific-Solar-Server/Geology/scripts/geology_collect.py" all
2026-09-30T18:45:16-10:00job:geology_collect | {"ok": true, "at": "2026-09-30T18:45:10-10:00", "what": "all", "dry_run": false, "sources": {"hawaii": {"ok": true, "count": 17, "new": 0, "new_m2": 0, "ms": 823}, "global": {"ok": true, "count": 38, "new": 0, "ms": 312}, "hvo_notices": {"ok": true, "count": 44, "new": 0, "ms": 2305}, "hvo_status": {"ok": true, "volcanoes": 8, "kilauea": "WATCH", "mauna_loa": "NORMAL", "ms": 2771}}}
2026-09-30T18:45:16-10:00job:system_net_sample RUN  nice -n 10 python3 "/home/rootrecord/RootRecord-Ecosystem/1 - Servers/1 - RootRecord-Pacific-Solar-Server/System/scripts/host_desks.py" net-sample
2026-09-30T18:45:16-10:00job:system_net_sample | {"ok": true, "file": "/home/rootrecord/RootRecord-Ecosystem/2 - RootRecord-Database/System/network/Daily/net-20260930.jsonl", "iface": "wlo1", "hour": {"seconds": 3722, "rx": 263626713, "tx": 105428330, "total": 369055043, "iface": "wlo1", "link": "wireless"}, "day": null}
2026-09-30T18:45:16-10:00ENERGY  status=live  B2=77.8%  B1=95.1%  solar=0 W  ac=97 W  usbc=0 W  src=/home/rootrecord/RootRecord-Ecosystem/2 - RootRecord-Database/Energy  LAP=86%/Charging/AC
2026-09-30T18:45:33-10:00  ▸  SUMMARY=river2pro soc=94.99% solar=0W ac_out=0W usbc=56W src=ble+cloud db=ok
2026-09-30T18:45:33-10:00job:sys_stats_cycle RUN  bash "/home/rootrecord/RootRecord-Ecosystem/1 - Servers/1 - RootRecord-Pacific-Solar-Server/System/scripts/sys-sample.sh"
2026-09-30T18:45:34-10:00job:sys_stats_cycle | SYSTEM  cpu=21%  load=0.81  mem=39%  src=sqlite
2026-09-30T18:45:34-10:00job:sys_stats_cycle | OK wrote /home/rootrecord/RootRecord-Ecosystem/2 - RootRecord-Database/System/samples/sys-20260930-184533.json
2026-09-30T18:46:07-10:00job:github_sync_all | ↑ [ecosystem] committed 7 local file(s)
2026-09-30T18:46:07-10:00job:github_sync_all | ↓ [ecosystem] fetching origin/main
2026-09-30T18:46:07-10:00job:github_sync_all | From github.com:RootRecord-Software-Solutions/RootRecord-Ecosystem
2026-09-30T18:46:07-10:00job:github_sync_all | * branch            main       -> FETCH_HEAD
2026-09-30T18:46:07-10:00job:github_sync_all | ↑ [ecosystem] local is ahead of GitHub
2026-09-30T18:46:07-10:00job:github_sync_all | To github.com:RootRecord-Software-Solutions/RootRecord-Ecosystem.git
2026-09-30T18:46:07-10:00job:github_sync_all | 1587c47..433720e  HEAD -> main
2026-09-30T18:46:07-10:00job:github_sync_all | branch 'main' set up to track 'origin/main'.
2026-09-30T18:46:07-10:00job:github_sync_all | ↑ [ecosystem] 7 files → RootRecord-Software-Solutions/RootRecord-Ecosystem (main)
2026-09-30T18:46:07-10:00job:github_sync_all | — [pacific] no local changes
2026-09-30T18:46:07-10:00job:github_sync_all | ↓ [pacific] fetching origin/main
2026-09-30T18:46:07-10:00job:github_sync_all | From github.com:RootRecord-Software-Solutions/RootRecord-Pacific-Solar-Server
2026-09-30T18:46:07-10:00job:github_sync_all | * branch            main       -> FETCH_HEAD
2026-09-30T18:46:07-10:00job:github_sync_all | — [pacific] local and GitHub already match
2026-09-30T18:46:07-10:00job:github_sync_all | — [pacific] nothing to push
2026-09-30T18:46:07-10:00job:github_sync_all | ↑ [database] committed 21 local file(s)
2026-09-30T18:46:07-10:00job:github_sync_all | ↓ [database] fetching origin/main
2026-09-30T18:46:07-10:00job:github_sync_all | From github.com:RootRecord-Software-Solutions/RootRecord-Database
2026-09-30T18:46:07-10:00job:github_sync_all | * branch              main       -> FETCH_HEAD
2026-09-30T18:46:07-10:00job:github_sync_all | ↑ [database] local is ahead of GitHub
2026-09-30T18:46:07-10:00job:github_sync_all | To github.com:RootRecord-Software-Solutions/RootRecord-Database.git
2026-09-30T18:46:07-10:00job:github_sync_all | 28d7c3cd..920bc0d4  HEAD -> main
2026-09-30T18:46:07-10:00job:github_sync_all | branch 'main' set up to track 'origin/main'.
2026-09-30T18:46:07-10:00job:github_sync_all | ↑ [database] 21 files → RootRecord-Software-Solutions/RootRecord-Database (main)
2026-09-30T18:46:07-10:00job:github_sync_all | — [library] no local changes
2026-09-30T18:46:07-10:00job:github_sync_all | ↓ [library] fetching origin/main
2026-09-30T18:46:07-10:00job:github_sync_all | From github.com:RootRecord-Software-Solutions/RootRecord-Library
2026-09-30T18:46:07-10:00job:github_sync_all | * branch            main       -> FETCH_HEAD
2026-09-30T18:46:07-10:00job:github_sync_all | — [library] local and GitHub already match
2026-09-30T18:46:07-10:00job:github_sync_all | — [library] nothing to push
2026-09-30T18:46:07-10:00job:worklog_scan RUN  bash "/home/rootrecord/RootRecord-Ecosystem/1 - Servers/1 - RootRecord-Pacific-Solar-Server/Reports/scripts/worklog_once.sh"
2026-09-30T18:46:10-10:00job:worklog_scan | OK wrote/updated /home/rootrecord/RootRecord-Ecosystem/2 - RootRecord-Database/Worklog/worklog_current.md
2026-09-30T18:46:10-10:00job:security_camera_frame_grab RUN  bash "/home/rootrecord/RootRecord-Ecosystem/1 - Servers/1 - RootRecord-Pacific-Solar-Server/Security/Cameras/grab_all.sh"
2026-09-30T18:46:28-10:00job:security_camera_frame_grab | 18:46:10  📷  a-eyes  ch1 → ch1-20261001T044610Z.jpg  (317.3 KB, 4.62s)
2026-09-30T18:46:28-10:00job:security_camera_frame_grab | 18:46:15  📷  a-eyes  ch2 → ch2-20261001T044615Z.jpg  (123.7 KB, 4.37s)
2026-09-30T18:46:28-10:00job:security_camera_frame_grab | 18:46:19  📷  a-eyes  ch3 → ch3-20261001T044619Z.jpg  (373.5 KB, 4.47s)
2026-09-30T18:46:28-10:00job:security_camera_frame_grab | 18:46:24  📷  a-eyes  ch4 → ch4-20261001T044624Z.jpg  (277.0 KB, 4.37s)
2026-09-30T18:46:28-10:00job:voice_energy_report RUN  nice -n 10 python3 "/home/rootrecord/RootRecord-Ecosystem/1 - Servers/1 - RootRecord-Pacific-Solar-Server/Media/Voice/scripts/voice_reports.py" energy_report
2026-09-30T18:46:48-10:00job:voice_energy_report | {"ok": true, "report": "energy_report", "md": "/home/rootrecord/RootRecord-Ecosystem/test-reports/Voice/energy_report_current.md", "sentences": 4, "voice": {"ok": true, "mode": "stitch", "report": "energy_report", "agent": "carly", "voice": "af_nova", "speed": 1.0, "wav": "/home/rootrecord/RootRecord-Ecosystem/2 - RootRecord-Database/Media/Audio/Voice/energy_report_current.wav", "clips_used": 0, "live_sentences": 5, "model_loaded": true, "render_s": 11.82, "sample_rate": 24000, "channels": 1, "subtype": "PCM_16", "duration_s": 21.963, "peak_dbfs": -2.7, "rms_dbfs": -20.3, "lead_silence_ms": 110, "qc": "PASS", "wall_s": 11.87, "peak_rss_mb": 1439, "rc": 0}, "deliver": {"ok": true, "sent": true, "persona": "carly", "chat": "-1004406495175", "message_id": 154, "transcript": true, "report": true, "photo": true, "plan": {"voice": true, "transcript": true, "report": true}}}
2026-09-30T18:46:48-10:00ENERGY  status=live  B2=77.8%  B1=95.0%  solar=0 W  ac=97 W  usbc=0 W  src=/home/rootrecord/RootRecord-Ecosystem/2 - RootRecord-Database/Energy  LAP=87%/Charging/AC
2026-09-30T18:47:04-10:00  ▸  SUMMARY=river2pro soc=94.78% solar=0W ac_out=0W usbc=50W src=ble+cloud db=ok
2026-09-30T18:47:04-10:00job:sys_stats_cycle RUN  bash "/home/rootrecord/RootRecord-Ecosystem/1 - Servers/1 - RootRecord-Pacific-Solar-Server/System/scripts/sys-sample.sh"
2026-09-30T18:47:05-10:00job:sys_stats_cycle | SYSTEM  cpu=7%  load=1.61  mem=36%  src=sqlite
2026-09-30T18:47:05-10:00job:sys_stats_cycle | OK wrote /home/rootrecord/RootRecord-Ecosystem/2 - RootRecord-Database/System/samples/sys-20260930-184704.json
2026-09-30T18:47:38-10:00job:github_sync_all | ↑ [ecosystem] committed 9 local file(s)
2026-09-30T18:47:38-10:00job:github_sync_all | ↓ [ecosystem] fetching origin/main
2026-09-30T18:47:38-10:00job:github_sync_all | From github.com:RootRecord-Software-Solutions/RootRecord-Ecosystem
2026-09-30T18:47:38-10:00job:github_sync_all | * branch            main       -> FETCH_HEAD
2026-09-30T18:47:38-10:00job:github_sync_all | ↑ [ecosystem] local is ahead of GitHub
2026-09-30T18:47:38-10:00job:github_sync_all | To github.com:RootRecord-Software-Solutions/RootRecord-Ecosystem.git
2026-09-30T18:47:38-10:00job:github_sync_all | 433720e..3906edf  HEAD -> main
2026-09-30T18:47:38-10:00job:github_sync_all | branch 'main' set up to track 'origin/main'.
2026-09-30T18:47:38-10:00job:github_sync_all | ↑ [ecosystem] 9 files → RootRecord-Software-Solutions/RootRecord-Ecosystem (main)
2026-09-30T18:47:38-10:00job:github_sync_all | — [pacific] no local changes
2026-09-30T18:47:38-10:00job:github_sync_all | ↓ [pacific] fetching origin/main
2026-09-30T18:47:38-10:00job:github_sync_all | From github.com:RootRecord-Software-Solutions/RootRecord-Pacific-Solar-Server
2026-09-30T18:47:38-10:00job:github_sync_all | * branch            main       -> FETCH_HEAD
2026-09-30T18:47:38-10:00job:github_sync_all | — [pacific] local and GitHub already match
2026-09-30T18:47:38-10:00job:github_sync_all | — [pacific] nothing to push
2026-09-30T18:47:38-10:00job:github_sync_all | ↑ [database] committed 25 local file(s)
2026-09-30T18:47:38-10:00job:github_sync_all | ↓ [database] fetching origin/main
2026-09-30T18:47:38-10:00job:github_sync_all | From github.com:RootRecord-Software-Solutions/RootRecord-Database
2026-09-30T18:47:38-10:00job:github_sync_all | * branch              main       -> FETCH_HEAD
2026-09-30T18:47:38-10:00job:github_sync_all | ↑ [database] local is ahead of GitHub
2026-09-30T18:47:38-10:00job:github_sync_all | To github.com:RootRecord-Software-Solutions/RootRecord-Database.git
2026-09-30T18:47:38-10:00job:github_sync_all | 920bc0d4..8bac260d  HEAD -> main
2026-09-30T18:47:38-10:00job:github_sync_all | branch 'main' set up to track 'origin/main'.
2026-09-30T18:47:38-10:00job:github_sync_all | ↑ [database] 25 files → RootRecord-Software-Solutions/RootRecord-Database (main)
2026-09-30T18:47:38-10:00job:github_sync_all | — [library] no local changes
2026-09-30T18:47:38-10:00job:github_sync_all | ↓ [library] fetching origin/main
2026-09-30T18:47:38-10:00job:github_sync_all | From github.com:RootRecord-Software-Solutions/RootRecord-Library
2026-09-30T18:47:38-10:00job:github_sync_all | * branch            main       -> FETCH_HEAD
2026-09-30T18:47:38-10:00job:github_sync_all | — [library] local and GitHub already match
2026-09-30T18:47:38-10:00job:github_sync_all | — [library] nothing to push
2026-09-30T18:47:38-10:00job:worklog_scan RUN  bash "/home/rootrecord/RootRecord-Ecosystem/1 - Servers/1 - RootRecord-Pacific-Solar-Server/Reports/scripts/worklog_once.sh"
2026-09-30T18:47:41-10:00job:worklog_scan | OK wrote/updated /home/rootrecord/RootRecord-Ecosystem/2 - RootRecord-Database/Worklog/worklog_current.md
2026-09-30T18:47:41-10:00job:security_camera_frame_grab RUN  bash "/home/rootrecord/RootRecord-Ecosystem/1 - Servers/1 - RootRecord-Pacific-Solar-Server/Security/Cameras/grab_all.sh"
2026-09-30T18:48:00-10:00job:security_camera_frame_grab | 18:47:41  📷  a-eyes  ch1 → ch1-20261001T044741Z.jpg  (316.3 KB, 4.63s)
2026-09-30T18:48:00-10:00job:security_camera_frame_grab | 18:47:46  📷  a-eyes  ch2 → ch2-20261001T044746Z.jpg  (119.3 KB, 4.48s)
2026-09-30T18:48:00-10:00job:security_camera_frame_grab | 18:47:51  📷  a-eyes  ch3 → ch3-20261001T044751Z.jpg  (383.5 KB, 4.47s)
2026-09-30T18:48:00-10:00job:security_camera_frame_grab | 18:47:55  📷  a-eyes  ch4 → ch4-20261001T044755Z.jpg  (337.4 KB, 4.37s)
2026-09-30T18:48:00-10:00ENERGY  status=live  B2=77.8%  B1=94.8%  solar=0 W  ac=97 W  usbc=0 W  src=/home/rootrecord/RootRecord-Ecosystem/2 - RootRecord-Database/Energy  LAP=88%/Charging/AC
2026-09-30T18:48:15-10:00  ▸  SUMMARY=delta2 soc=76.52% solar=0W ac_out=102W usbc=0W src=ble db=ok
2026-09-30T18:48:15-10:00job:sys_stats_cycle RUN  bash "/home/rootrecord/RootRecord-Ecosystem/1 - Servers/1 - RootRecord-Pacific-Solar-Server/System/scripts/sys-sample.sh"
2026-09-30T18:48:16-10:00job:sys_stats_cycle | SYSTEM  cpu=9%  load=0.94  mem=37%  src=sqlite
2026-09-30T18:48:16-10:00job:sys_stats_cycle | OK wrote /home/rootrecord/RootRecord-Ecosystem/2 - RootRecord-Database/System/samples/sys-20260930-184815.json
2026-09-30T18:48:54-10:00job:github_sync_all | ↑ [ecosystem] committed 2 local file(s)
2026-09-30T18:48:54-10:00job:github_sync_all | ↓ [ecosystem] fetching origin/main
2026-09-30T18:48:54-10:00job:github_sync_all | From github.com:RootRecord-Software-Solutions/RootRecord-Ecosystem
2026-09-30T18:48:54-10:00job:github_sync_all | * branch            main       -> FETCH_HEAD
2026-09-30T18:48:54-10:00job:github_sync_all | ↑ [ecosystem] local is ahead of GitHub
2026-09-30T18:48:54-10:00job:github_sync_all | To github.com:RootRecord-Software-Solutions/RootRecord-Ecosystem.git
2026-09-30T18:48:54-10:00job:github_sync_all | 3906edf..034792f  HEAD -> main
2026-09-30T18:48:54-10:00job:github_sync_all | branch 'main' set up to track 'origin/main'.
2026-09-30T18:48:54-10:00job:github_sync_all | ↑ [ecosystem] 2 files → RootRecord-Software-Solutions/RootRecord-Ecosystem (main)
2026-09-30T18:48:54-10:00job:github_sync_all | ↑ [pacific] committed 3 local file(s)
2026-09-30T18:48:54-10:00job:github_sync_all | ↓ [pacific] fetching origin/main
2026-09-30T18:48:54-10:00job:github_sync_all | From github.com:RootRecord-Software-Solutions/RootRecord-Pacific-Solar-Server
2026-09-30T18:48:54-10:00job:github_sync_all | * branch            main       -> FETCH_HEAD
2026-09-30T18:48:54-10:00job:github_sync_all | ↑ [pacific] local is ahead of GitHub
2026-09-30T18:48:54-10:00job:github_sync_all | To github.com:RootRecord-Software-Solutions/RootRecord-Pacific-Solar-Server.git
2026-09-30T18:48:54-10:00job:github_sync_all | c489c55..b3ecd47  HEAD -> main
2026-09-30T18:48:54-10:00job:github_sync_all | branch 'main' set up to track 'origin/main'.
2026-09-30T18:48:54-10:00job:github_sync_all | ↑ [pacific] 3 files → RootRecord-Software-Solutions/RootRecord-Pacific-Solar-Server (main)
2026-09-30T18:48:54-10:00job:github_sync_all | ↑ [database] committed 15 local file(s)
2026-09-30T18:48:54-10:00job:github_sync_all | ↓ [database] fetching origin/main
2026-09-30T18:48:54-10:00job:github_sync_all | From github.com:RootRecord-Software-Solutions/RootRecord-Database
2026-09-30T18:48:54-10:00job:github_sync_all | * branch              main       -> FETCH_HEAD
2026-09-30T18:48:54-10:00job:github_sync_all | ↑ [database] local is ahead of GitHub
2026-09-30T18:48:54-10:00job:github_sync_all | To github.com:RootRecord-Software-Solutions/RootRecord-Database.git
2026-09-30T18:48:54-10:00job:github_sync_all | 8bac260d..4c65a463  HEAD -> main
2026-09-30T18:48:54-10:00job:github_sync_all | branch 'main' set up to track 'origin/main'.
2026-09-30T18:48:54-10:00job:github_sync_all | ↑ [database] 15 files → RootRecord-Software-Solutions/RootRecord-Database (main)
2026-09-30T18:48:54-10:00job:github_sync_all | ↑ [library] committed 3 local file(s)
2026-09-30T18:48:54-10:00job:github_sync_all | ↓ [library] fetching origin/main
2026-09-30T18:48:54-10:00job:github_sync_all | From github.com:RootRecord-Software-Solutions/RootRecord-Library
2026-09-30T18:48:54-10:00job:github_sync_all | * branch            main       -> FETCH_HEAD
2026-09-30T18:48:54-10:00job:github_sync_all | ↑ [library] local is ahead of GitHub
2026-09-30T18:48:54-10:00job:github_sync_all | To github.com:RootRecord-Software-Solutions/RootRecord-Library.git
2026-09-30T18:48:54-10:00job:github_sync_all | d06d75d..c77e9dc  HEAD -> main
2026-09-30T18:48:54-10:00job:github_sync_all | branch 'main' set up to track 'origin/main'.
2026-09-30T18:48:54-10:00job:github_sync_all | ↑ [library] 3 files → RootRecord-Software-Solutions/RootRecord-Library (main)
2026-09-30T18:48:54-10:00job:security_camera_frame_grab RUN  bash "/home/rootrecord/RootRecord-Ecosystem/1 - Servers/1 - RootRecord-Pacific-Solar-Server/Security/Cameras/grab_all.sh"
2026-09-30T18:49:13-10:00job:security_camera_frame_grab | 18:48:54  📷  a-eyes  ch1 → ch1-20261001T044854Z.jpg  (318.8 KB, 4.82s)
2026-09-30T18:49:13-10:00job:security_camera_frame_grab | 18:48:59  📷  a-eyes  ch2 → ch2-20261001T044859Z.jpg  (126.6 KB, 4.55s)
2026-09-30T18:49:13-10:00job:security_camera_frame_grab | 18:49:03  📷  a-eyes  ch3 → ch3-20261001T044903Z.jpg  (377.1 KB, 4.73s)
2026-09-30T18:49:13-10:00job:security_camera_frame_grab | 18:49:08  📷  a-eyes  ch4 → ch4-20261001T044908Z.jpg  (291.9 KB, 4.47s)
2026-09-30T18:49:13-10:00ENERGY  status=live  B2=76.5%  B1=94.8%  solar=0 W  ac=102 W  usbc=0 W  src=/home/rootrecord/RootRecord-Ecosystem/2 - RootRecord-Database/Energy  LAP=88%/Charging/AC
2026-09-30T18:49:28-10:00  ▸  SUMMARY=delta2 soc=76.22% solar=0W ac_out=93W usbc=0W src=ble db=ok
2026-09-30T18:49:28-10:00job:sys_stats_cycle RUN  bash "/home/rootrecord/RootRecord-Ecosystem/1 - Servers/1 - RootRecord-Pacific-Solar-Server/System/scripts/sys-sample.sh"
2026-09-30T18:49:29-10:00job:sys_stats_cycle | SYSTEM  cpu=45%  load=0.53  mem=37%  src=sqlite
2026-09-30T18:49:29-10:00job:sys_stats_cycle | OK wrote /home/rootrecord/RootRecord-Ecosystem/2 - RootRecord-Database/System/samples/sys-20260930-184928.json
2026-09-30T18:50:05-10:00job:github_sync_all | ↑ [ecosystem] committed 11 local file(s)
2026-09-30T18:50:05-10:00job:github_sync_all | ↓ [ecosystem] fetching origin/main
2026-09-30T18:50:05-10:00job:github_sync_all | From github.com:RootRecord-Software-Solutions/RootRecord-Ecosystem
2026-09-30T18:50:05-10:00job:github_sync_all | * branch            main       -> FETCH_HEAD
2026-09-30T18:50:05-10:00job:github_sync_all | ↑ [ecosystem] local is ahead of GitHub
2026-09-30T18:50:05-10:00job:github_sync_all | To github.com:RootRecord-Software-Solutions/RootRecord-Ecosystem.git
2026-09-30T18:50:05-10:00job:github_sync_all | 034792f..0cf6602  HEAD -> main
2026-09-30T18:50:05-10:00job:github_sync_all | branch 'main' set up to track 'origin/main'.
2026-09-30T18:50:05-10:00job:github_sync_all | ↑ [ecosystem] 11 files → RootRecord-Software-Solutions/RootRecord-Ecosystem (main)
2026-09-30T18:50:05-10:00job:github_sync_all | ↑ [pacific] committed 6 local file(s)
2026-09-30T18:50:05-10:00job:github_sync_all | ↓ [pacific] fetching origin/main
2026-09-30T18:50:05-10:00job:github_sync_all | From github.com:RootRecord-Software-Solutions/RootRecord-Pacific-Solar-Server
2026-09-30T18:50:05-10:00job:github_sync_all | * branch            main       -> FETCH_HEAD
2026-09-30T18:50:05-10:00job:github_sync_all | ↑ [pacific] local is ahead of GitHub
2026-09-30T18:50:05-10:00job:github_sync_all | To github.com:RootRecord-Software-Solutions/RootRecord-Pacific-Solar-Server.git
2026-09-30T18:50:05-10:00job:github_sync_all | b3ecd47..ceb9918  HEAD -> main
2026-09-30T18:50:05-10:00job:github_sync_all | branch 'main' set up to track 'origin/main'.
2026-09-30T18:50:05-10:00job:github_sync_all | ↑ [pacific] 6 files → RootRecord-Software-Solutions/RootRecord-Pacific-Solar-Server (main)
2026-09-30T18:50:05-10:00job:github_sync_all | ↑ [database] committed 13 local file(s)
2026-09-30T18:50:05-10:00job:github_sync_all | ↓ [database] fetching origin/main
2026-09-30T18:50:05-10:00job:github_sync_all | From github.com:RootRecord-Software-Solutions/RootRecord-Database
2026-09-30T18:50:05-10:00job:github_sync_all | * branch              main       -> FETCH_HEAD
2026-09-30T18:50:05-10:00job:github_sync_all | ↑ [database] local is ahead of GitHub
2026-09-30T18:50:05-10:00job:github_sync_all | To github.com:RootRecord-Software-Solutions/RootRecord-Database.git
2026-09-30T18:50:05-10:00job:github_sync_all | 4c65a463..5c999693  HEAD -> main
2026-09-30T18:50:05-10:00job:github_sync_all | branch 'main' set up to track 'origin/main'.
2026-09-30T18:50:05-10:00job:github_sync_all | ↑ [database] 13 files → RootRecord-Software-Solutions/RootRecord-Database (main)
2026-09-30T18:50:05-10:00job:github_sync_all | — [library] no local changes
2026-09-30T18:50:05-10:00job:github_sync_all | ↓ [library] fetching origin/main
2026-09-30T18:50:05-10:00job:github_sync_all | From github.com:RootRecord-Software-Solutions/RootRecord-Library
2026-09-30T18:50:05-10:00job:github_sync_all | * branch            main       -> FETCH_HEAD
2026-09-30T18:50:05-10:00job:github_sync_all | — [library] local and GitHub already match
2026-09-30T18:50:05-10:00job:github_sync_all | — [library] nothing to push
2026-09-30T18:50:05-10:00job:worklog_scan RUN  bash "/home/rootrecord/RootRecord-Ecosystem/1 - Servers/1 - RootRecord-Pacific-Solar-Server/Reports/scripts/worklog_once.sh"
2026-09-30T18:50:08-10:00job:worklog_scan | OK wrote/updated /home/rootrecord/RootRecord-Ecosystem/2 - RootRecord-Database/Worklog/worklog_current.md
2026-09-30T18:50:08-10:00job:security_camera_frame_grab RUN  bash "/home/rootrecord/RootRecord-Ecosystem/1 - Servers/1 - RootRecord-Pacific-Solar-Server/Security/Cameras/grab_all.sh"
2026-09-30T18:50:26-10:00job:security_camera_frame_grab | 18:50:08  📷  a-eyes  ch1 → ch1-20261001T045008Z.jpg  (316.6 KB, 4.36s)
2026-09-30T18:50:26-10:00job:security_camera_frame_grab | 18:50:13  📷  a-eyes  ch2 → ch2-20261001T045013Z.jpg  (123.6 KB, 4.47s)
2026-09-30T18:50:26-10:00job:security_camera_frame_grab | 18:50:17  📷  a-eyes  ch3 → ch3-20261001T045017Z.jpg  (378.2 KB, 4.47s)
2026-09-30T18:50:26-10:00job:security_camera_frame_grab | 18:50:22  📷  a-eyes  ch4 → ch4-20261001T045022Z.jpg  (266.3 KB, 4.56s)
2026-09-30T18:50:26-10:00job:service_supervisor RUN  bash "/home/rootrecord/RootRecord-Ecosystem/1 - Servers/1 - RootRecord-Pacific-Solar-Server/Automations/scripts/supervise-services.sh"
2026-09-30T18:50:27-10:00job:service_supervisor | [supervisor] weather alive pid=97054 764793 (act)
2026-09-30T18:50:27-10:00job:service_supervisor | [supervisor] relay alive pid=96403 (act)
2026-09-30T18:50:27-10:00job:geology_collect RUN  nice -n 10 python3 "/home/rootrecord/RootRecord-Ecosystem/1 - Servers/1 - RootRecord-Pacific-Solar-Server/Geology/scripts/geology_collect.py" all
2026-09-30T18:50:30-10:00job:geology_collect | {"ok": true, "at": "2026-09-30T18:50:27-10:00", "what": "all", "dry_run": false, "sources": {"hawaii": {"ok": true, "count": 17, "new": 0, "new_m2": 0, "ms": 853}, "global": {"ok": true, "count": 37, "new": 0, "ms": 309}, "hvo_notices": {"ok": true, "count": 44, "new": 0, "ms": 1225}, "hvo_status": {"ok": true, "volcanoes": 8, "kilauea": "WATCH", "mauna_loa": "NORMAL", "ms": 716}}}
2026-09-30T18:50:30-10:00job:system_net_sample RUN  nice -n 10 python3 "/home/rootrecord/RootRecord-Ecosystem/1 - Servers/1 - RootRecord-Pacific-Solar-Server/System/scripts/host_desks.py" net-sample
2026-09-30T18:50:30-10:00job:system_net_sample | {"ok": true, "file": "/home/rootrecord/RootRecord-Ecosystem/2 - RootRecord-Database/System/network/Daily/net-20260930.jsonl", "iface": "wlo1", "hour": {"seconds": 3698, "rx": 264420801, "tx": 105598964, "total": 370019765, "iface": "wlo1", "link": "wireless"}, "day": null}
2026-09-30T18:50:30-10:00ENERGY  status=live  B2=76.2%  B1=94.8%  solar=0 W  ac=93 W  usbc=0 W  src=/home/rootrecord/RootRecord-Ecosystem/2 - RootRecord-Database/Energy  LAP=89%/Charging/AC
2026-09-30T18:50:45-10:00  ▸  SUMMARY=delta2 soc=75.92% solar=0W ac_out=85W usbc=0W src=ble db=ok
2026-09-30T18:50:45-10:00job:sys_stats_cycle RUN  bash "/home/rootrecord/RootRecord-Ecosystem/1 - Servers/1 - RootRecord-Pacific-Solar-Server/System/scripts/sys-sample.sh"
2026-09-30T18:50:46-10:00job:sys_stats_cycle | SYSTEM  cpu=4%  load=0.60  mem=38%  src=sqlite
2026-09-30T18:50:46-10:00job:sys_stats_cycle | OK wrote /home/rootrecord/RootRecord-Ecosystem/2 - RootRecord-Database/System/samples/sys-20260930-185045.json
2026-09-30T18:51:21-10:00job:github_sync_all | ↑ [ecosystem] committed 7 local file(s)
2026-09-30T18:51:21-10:00job:github_sync_all | ↓ [ecosystem] fetching origin/main
2026-09-30T18:51:21-10:00job:github_sync_all | From github.com:RootRecord-Software-Solutions/RootRecord-Ecosystem
2026-09-30T18:51:21-10:00job:github_sync_all | * branch            main       -> FETCH_HEAD
2026-09-30T18:51:21-10:00job:github_sync_all | ↑ [ecosystem] local is ahead of GitHub
2026-09-30T18:51:21-10:00job:github_sync_all | To github.com:RootRecord-Software-Solutions/RootRecord-Ecosystem.git
2026-09-30T18:51:21-10:00job:github_sync_all | 0cf6602..f0939a9  HEAD -> main
2026-09-30T18:51:21-10:00job:github_sync_all | branch 'main' set up to track 'origin/main'.
2026-09-30T18:51:21-10:00job:github_sync_all | ↑ [ecosystem] 7 files → RootRecord-Software-Solutions/RootRecord-Ecosystem (main)
2026-09-30T18:51:21-10:00job:github_sync_all | — [pacific] no local changes
2026-09-30T18:51:21-10:00job:github_sync_all | ↓ [pacific] fetching origin/main
2026-09-30T18:51:21-10:00job:github_sync_all | From github.com:RootRecord-Software-Solutions/RootRecord-Pacific-Solar-Server
2026-09-30T18:51:21-10:00job:github_sync_all | * branch            main       -> FETCH_HEAD
2026-09-30T18:51:21-10:00job:github_sync_all | — [pacific] local and GitHub already match
2026-09-30T18:51:21-10:00job:github_sync_all | — [pacific] nothing to push
2026-09-30T18:51:21-10:00job:github_sync_all | ↑ [database] committed 24 local file(s)
2026-09-30T18:51:21-10:00job:github_sync_all | ↓ [database] fetching origin/main
2026-09-30T18:51:21-10:00job:github_sync_all | From github.com:RootRecord-Software-Solutions/RootRecord-Database
2026-09-30T18:51:21-10:00job:github_sync_all | * branch              main       -> FETCH_HEAD
2026-09-30T18:51:21-10:00job:github_sync_all | ↑ [database] local is ahead of GitHub
2026-09-30T18:51:21-10:00job:github_sync_all | To github.com:RootRecord-Software-Solutions/RootRecord-Database.git
2026-09-30T18:51:21-10:00job:github_sync_all | 5c999693..eb36b088  HEAD -> main
2026-09-30T18:51:21-10:00job:github_sync_all | branch 'main' set up to track 'origin/main'.
2026-09-30T18:51:21-10:00job:github_sync_all | ↑ [database] 24 files → RootRecord-Software-Solutions/RootRecord-Database (main)
2026-09-30T18:51:21-10:00job:github_sync_all | — [library] no local changes
2026-09-30T18:51:21-10:00job:github_sync_all | ↓ [library] fetching origin/main
2026-09-30T18:51:21-10:00job:github_sync_all | From github.com:RootRecord-Software-Solutions/RootRecord-Library
2026-09-30T18:51:21-10:00job:github_sync_all | * branch            main       -> FETCH_HEAD
2026-09-30T18:51:21-10:00job:github_sync_all | — [library] local and GitHub already match
2026-09-30T18:51:21-10:00job:github_sync_all | — [library] nothing to push
2026-09-30T18:51:21-10:00job:security_camera_frame_grab RUN  bash "/home/rootrecord/RootRecord-Ecosystem/1 - Servers/1 - RootRecord-Pacific-Solar-Server/Security/Cameras/grab_all.sh"
2026-09-30T18:51:39-10:00job:security_camera_frame_grab | 18:51:21  📷  a-eyes  ch1 → ch1-20261001T045121Z.jpg  (316.6 KB, 4.53s)
2026-09-30T18:51:39-10:00job:security_camera_frame_grab | 18:51:25  📷  a-eyes  ch2 → ch2-20261001T045125Z.jpg  (129.1 KB, 4.30s)
2026-09-30T18:51:39-10:00job:security_camera_frame_grab | 18:51:30  📷  a-eyes  ch3 → ch3-20261001T045130Z.jpg  (378.3 KB, 4.56s)
2026-09-30T18:51:39-10:00job:security_camera_frame_grab | 18:51:34  📷  a-eyes  ch4 → ch4-20261001T045134Z.jpg  (261.8 KB, 4.47s)
2026-09-30T18:51:39-10:00ENERGY  status=live  B2=75.9%  B1=94.8%  solar=0 W  ac=85 W  usbc=0 W  src=/home/rootrecord/RootRecord-Ecosystem/2 - RootRecord-Database/Energy  LAP=89%/Charging/AC
2026-09-30T18:51:56-10:00  ▸  SUMMARY=river2pro soc=94.26% solar=0W ac_out=0W usbc=41W src=ble+cloud db=ok
2026-09-30T18:51:56-10:00job:sys_stats_cycle RUN  bash "/home/rootrecord/RootRecord-Ecosystem/1 - Servers/1 - RootRecord-Pacific-Solar-Server/System/scripts/sys-sample.sh"
2026-09-30T18:51:57-10:00job:sys_stats_cycle | SYSTEM  cpu=3%  load=0.38  mem=37%  src=sqlite
2026-09-30T18:51:57-10:00job:sys_stats_cycle | OK wrote /home/rootrecord/RootRecord-Ecosystem/2 - RootRecord-Database/System/samples/sys-20260930-185156.json
2026-09-30T18:52:27-10:00job:github_sync_all | — [ecosystem] no committable local changes
2026-09-30T18:52:27-10:00job:github_sync_all | ↓ [ecosystem] fetching origin/main
2026-09-30T18:52:27-10:00job:github_sync_all | From github.com:RootRecord-Software-Solutions/RootRecord-Ecosystem
2026-09-30T18:52:27-10:00job:github_sync_all | * branch            main       -> FETCH_HEAD
2026-09-30T18:52:27-10:00job:github_sync_all | — [ecosystem] local and GitHub already match
2026-09-30T18:52:27-10:00job:github_sync_all | — [ecosystem] nothing to push
2026-09-30T18:52:27-10:00job:github_sync_all | — [pacific] no local changes
2026-09-30T18:52:27-10:00job:github_sync_all | ↓ [pacific] fetching origin/main
2026-09-30T18:52:27-10:00job:github_sync_all | From github.com:RootRecord-Software-Solutions/RootRecord-Pacific-Solar-Server
2026-09-30T18:52:27-10:00job:github_sync_all | * branch            main       -> FETCH_HEAD
2026-09-30T18:52:27-10:00job:github_sync_all | — [pacific] local and GitHub already match
2026-09-30T18:52:27-10:00job:github_sync_all | — [pacific] nothing to push
2026-09-30T18:52:27-10:00job:github_sync_all | ↑ [database] committed 12 local file(s)
2026-09-30T18:52:27-10:00job:github_sync_all | ↓ [database] fetching origin/main
2026-09-30T18:52:27-10:00job:github_sync_all | From github.com:RootRecord-Software-Solutions/RootRecord-Database
2026-09-30T18:52:27-10:00job:github_sync_all | * branch              main       -> FETCH_HEAD
2026-09-30T18:52:27-10:00job:github_sync_all | ↑ [database] local is ahead of GitHub
2026-09-30T18:52:27-10:00job:github_sync_all | To github.com:RootRecord-Software-Solutions/RootRecord-Database.git
2026-09-30T18:52:27-10:00job:github_sync_all | eb36b088..654f5888  HEAD -> main
2026-09-30T18:52:27-10:00job:github_sync_all | branch 'main' set up to track 'origin/main'.
2026-09-30T18:52:27-10:00job:github_sync_all | ↑ [database] 12 files → RootRecord-Software-Solutions/RootRecord-Database (main)
2026-09-30T18:52:27-10:00job:github_sync_all | — [library] no local changes
2026-09-30T18:52:27-10:00job:github_sync_all | ↓ [library] fetching origin/main
2026-09-30T18:52:27-10:00job:github_sync_all | From github.com:RootRecord-Software-Solutions/RootRecord-Library
2026-09-30T18:52:27-10:00job:github_sync_all | * branch            main       -> FETCH_HEAD
2026-09-30T18:52:27-10:00job:github_sync_all | — [library] local and GitHub already match
2026-09-30T18:52:27-10:00job:github_sync_all | — [library] nothing to push
2026-09-30T18:52:27-10:00job:worklog_scan RUN  bash "/home/rootrecord/RootRecord-Ecosystem/1 - Servers/1 - RootRecord-Pacific-Solar-Server/Reports/scripts/worklog_once.sh"
2026-09-30T18:52:38-10:00job:worklog_scan | OK wrote/updated /home/rootrecord/RootRecord-Ecosystem/2 - RootRecord-Database/Worklog/worklog_current.md
2026-09-30T18:52:38-10:00job:security_camera_frame_grab RUN  bash "/home/rootrecord/RootRecord-Ecosystem/1 - Servers/1 - RootRecord-Pacific-Solar-Server/Security/Cameras/grab_all.sh"
2026-09-30T18:52:56-10:00job:security_camera_frame_grab | 18:52:38  📷  a-eyes  ch1 → ch1-20261001T045238Z.jpg  (316.4 KB, 4.48s)
2026-09-30T18:52:56-10:00job:security_camera_frame_grab | 18:52:42  📷  a-eyes  ch2 → ch2-20261001T045242Z.jpg  (122.4 KB, 4.38s)
2026-09-30T18:52:56-10:00job:security_camera_frame_grab | 18:52:47  📷  a-eyes  ch3 → ch3-20261001T045247Z.jpg  (372.0 KB, 4.48s)
2026-09-30T18:52:56-10:00job:security_camera_frame_grab | 18:52:51  📷  a-eyes  ch4 → ch4-20261001T045251Z.jpg  (245.5 KB, 4.36s)
2026-09-30T18:52:56-10:00ENERGY  status=live  B2=75.9%  B1=94.3%  solar=0 W  ac=85 W  usbc=0 W  src=/home/rootrecord/RootRecord-Ecosystem/2 - RootRecord-Database/Energy  LAP=90%/Charging/AC
2026-09-30T18:53:11-10:00  ▸  SUMMARY=river2pro soc=94.13% solar=0W ac_out=0W usbc=41W src=ble+cloud db=ok
2026-09-30T18:53:11-10:00job:sys_stats_cycle RUN  bash "/home/rootrecord/RootRecord-Ecosystem/1 - Servers/1 - RootRecord-Pacific-Solar-Server/System/scripts/sys-sample.sh"
2026-09-30T18:53:12-10:00job:sys_stats_cycle | SYSTEM  cpu=9%  load=1.22  mem=37%  src=sqlite
2026-09-30T18:53:12-10:00job:sys_stats_cycle | OK wrote /home/rootrecord/RootRecord-Ecosystem/2 - RootRecord-Database/System/samples/sys-20260930-185312.json
2026-09-30T18:53:54-10:00job:github_sync_all | ↑ [ecosystem] committed 5 local file(s)
2026-09-30T18:53:54-10:00job:github_sync_all | ↓ [ecosystem] fetching origin/main
2026-09-30T18:53:54-10:00job:github_sync_all | From github.com:RootRecord-Software-Solutions/RootRecord-Ecosystem
2026-09-30T18:53:54-10:00job:github_sync_all | * branch            main       -> FETCH_HEAD
2026-09-30T18:53:54-10:00job:github_sync_all | ↑ [ecosystem] local is ahead of GitHub
2026-09-30T18:53:54-10:00job:github_sync_all | To github.com:RootRecord-Software-Solutions/RootRecord-Ecosystem.git
2026-09-30T18:53:54-10:00job:github_sync_all | f0939a9..5cb1570  HEAD -> main
2026-09-30T18:53:54-10:00job:github_sync_all | branch 'main' set up to track 'origin/main'.
2026-09-30T18:53:54-10:00job:github_sync_all | ↑ [ecosystem] 5 files → RootRecord-Software-Solutions/RootRecord-Ecosystem (main)
2026-09-30T18:53:54-10:00job:github_sync_all | ↑ [pacific] committed 1 local file(s)
2026-09-30T18:53:54-10:00job:github_sync_all | ↓ [pacific] fetching origin/main
2026-09-30T18:53:54-10:00job:github_sync_all | From github.com:RootRecord-Software-Solutions/RootRecord-Pacific-Solar-Server
2026-09-30T18:53:54-10:00job:github_sync_all | * branch            main       -> FETCH_HEAD
2026-09-30T18:53:54-10:00job:github_sync_all | ↑ [pacific] local is ahead of GitHub
2026-09-30T18:53:54-10:00job:github_sync_all | To github.com:RootRecord-Software-Solutions/RootRecord-Pacific-Solar-Server.git
2026-09-30T18:53:54-10:00job:github_sync_all | ceb9918..1fa6c7e  HEAD -> main
2026-09-30T18:53:54-10:00job:github_sync_all | branch 'main' set up to track 'origin/main'.
2026-09-30T18:53:54-10:00job:github_sync_all | ↑ [pacific] 1 files → RootRecord-Software-Solutions/RootRecord-Pacific-Solar-Server (main)
2026-09-30T18:53:54-10:00job:github_sync_all | ↑ [database] committed 25 local file(s)
2026-09-30T18:53:54-10:00job:github_sync_all | ↓ [database] fetching origin/main
2026-09-30T18:53:54-10:00job:github_sync_all | From github.com:RootRecord-Software-Solutions/RootRecord-Database
2026-09-30T18:53:54-10:00job:github_sync_all | * branch              main       -> FETCH_HEAD
2026-09-30T18:53:54-10:00job:github_sync_all | ↑ [database] local is ahead of GitHub
2026-09-30T18:53:54-10:00job:github_sync_all | To github.com:RootRecord-Software-Solutions/RootRecord-Database.git
2026-09-30T18:53:54-10:00job:github_sync_all | 654f5888..644d5adf  HEAD -> main
2026-09-30T18:53:54-10:00job:github_sync_all | branch 'main' set up to track 'origin/main'.
2026-09-30T18:53:54-10:00job:github_sync_all | ↑ [database] 25 files → RootRecord-Software-Solutions/RootRecord-Database (main)
2026-09-30T18:53:54-10:00job:github_sync_all | ↑ [library] committed 1 local file(s)
2026-09-30T18:53:54-10:00job:github_sync_all | ↓ [library] fetching origin/main
2026-09-30T18:53:54-10:00job:github_sync_all | From github.com:RootRecord-Software-Solutions/RootRecord-Library
2026-09-30T18:53:54-10:00job:github_sync_all | * branch            main       -> FETCH_HEAD
2026-09-30T18:53:54-10:00job:github_sync_all | ↑ [library] local is ahead of GitHub
2026-09-30T18:53:54-10:00job:github_sync_all | To github.com:RootRecord-Software-Solutions/RootRecord-Library.git
2026-09-30T18:53:54-10:00job:github_sync_all | c77e9dc..9ddcea6  HEAD -> main
2026-09-30T18:53:54-10:00job:github_sync_all | branch 'main' set up to track 'origin/main'.
2026-09-30T18:53:54-10:00job:github_sync_all | ↑ [library] 1 files → RootRecord-Software-Solutions/RootRecord-Library (main)
2026-09-30T18:53:54-10:00job:security_camera_frame_grab RUN  bash "/home/rootrecord/RootRecord-Ecosystem/1 - Servers/1 - RootRecord-Pacific-Solar-Server/Security/Cameras/grab_all.sh"
2026-09-30T18:54:12-10:00job:security_camera_frame_grab | 18:53:54  📷  a-eyes  ch1 → ch1-20261001T045354Z.jpg  (317.4 KB, 4.63s)
2026-09-30T18:54:12-10:00job:security_camera_frame_grab | 18:53:59  📷  a-eyes  ch2 → ch2-20261001T045359Z.jpg  (122.9 KB, 4.29s)
2026-09-30T18:54:12-10:00job:security_camera_frame_grab | 18:54:03  📷  a-eyes  ch3 → ch3-20261001T045403Z.jpg  (351.3 KB, 4.29s)
2026-09-30T18:54:12-10:00job:security_camera_frame_grab | 18:54:07  📷  a-eyes  ch4 → ch4-20261001T045407Z.jpg  (235.7 KB, 4.28s)
2026-09-30T18:54:12-10:00job:voice_nws_weather RUN  nice -n 10 python3 "/home/rootrecord/RootRecord-Ecosystem/1 - Servers/1 - RootRecord-Pacific-Solar-Server/Media/Voice/scripts/voice_reports.py" nws_weather
2026-09-30T18:54:24-10:00job:voice_nws_weather | {"ok": true, "report": "nws_weather", "md": "/home/rootrecord/RootRecord-Ecosystem/test-reports/Voice/nws_weather_current.md", "sentences": 4, "voice": {"ok": true, "mode": "stitch", "report": "nws_weather", "agent": "ava", "voice": "af_heart", "speed": 1.0, "wav": "/home/rootrecord/RootRecord-Ecosystem/2 - RootRecord-Database/Media/Audio/Voice/nws_weather_current.wav", "clips_used": 0, "live_sentences": 7, "model_loaded": true, "render_s": 11.23, "sample_rate": 24000, "channels": 1, "subtype": "PCM_16", "duration_s": 17.777, "peak_dbfs": -1.5, "rms_dbfs": -20.23, "lead_silence_ms": 113, "qc": "PASS", "wall_s": 11.4, "peak_rss_mb": 1457, "rc": 0}, "deliver": {"ok": true, "sent": false, "detail": "unchanged"}}
2026-09-30T18:54:25-10:00ENERGY  status=live  B2=75.9%  B1=94.1%  solar=0 W  ac=85 W  usbc=0 W  src=/home/rootrecord/RootRecord-Ecosystem/2 - RootRecord-Database/Energy  LAP=90%/Charging/AC
2026-09-30T18:54:41-10:00  ▸  SUMMARY=river2pro soc=93.97% solar=0W ac_out=0W usbc=41W src=ble+cloud db=ok
2026-09-30T18:54:41-10:00job:sys_stats_cycle RUN  bash "/home/rootrecord/RootRecord-Ecosystem/1 - Servers/1 - RootRecord-Pacific-Solar-Server/System/scripts/sys-sample.sh"
2026-09-30T18:54:42-10:00job:sys_stats_cycle | SYSTEM  cpu=3%  load=1.28  mem=35%  src=sqlite
2026-09-30T18:54:42-10:00job:sys_stats_cycle | OK wrote /home/rootrecord/RootRecord-Ecosystem/2 - RootRecord-Database/System/samples/sys-20260930-185441.json
2026-09-30T18:55:18-10:00job:github_sync_all | ↑ [ecosystem] committed 6 local file(s)
2026-09-30T18:55:18-10:00job:github_sync_all | ↓ [ecosystem] fetching origin/main
2026-09-30T18:55:18-10:00job:github_sync_all | From github.com:RootRecord-Software-Solutions/RootRecord-Ecosystem
2026-09-30T18:55:18-10:00job:github_sync_all | * branch            main       -> FETCH_HEAD
2026-09-30T18:55:18-10:00job:github_sync_all | ↑ [ecosystem] local is ahead of GitHub
2026-09-30T18:55:18-10:00job:github_sync_all | To github.com:RootRecord-Software-Solutions/RootRecord-Ecosystem.git
2026-09-30T18:55:18-10:00job:github_sync_all | 5cb1570..ae96542  HEAD -> main
2026-09-30T18:55:18-10:00job:github_sync_all | branch 'main' set up to track 'origin/main'.
2026-09-30T18:55:18-10:00job:github_sync_all | ↑ [ecosystem] 6 files → RootRecord-Software-Solutions/RootRecord-Ecosystem (main)
2026-09-30T18:55:18-10:00job:github_sync_all | — [pacific] no local changes
2026-09-30T18:55:18-10:00job:github_sync_all | ↓ [pacific] fetching origin/main
2026-09-30T18:55:18-10:00job:github_sync_all | From github.com:RootRecord-Software-Solutions/RootRecord-Pacific-Solar-Server
2026-09-30T18:55:18-10:00job:github_sync_all | * branch            main       -> FETCH_HEAD
2026-09-30T18:55:18-10:00job:github_sync_all | — [pacific] local and GitHub already match
2026-09-30T18:55:18-10:00job:github_sync_all | — [pacific] nothing to push
2026-09-30T18:55:18-10:00job:github_sync_all | ↑ [database] committed 21 local file(s)
2026-09-30T18:55:18-10:00job:github_sync_all | ↓ [database] fetching origin/main
2026-09-30T18:55:18-10:00job:github_sync_all | From github.com:RootRecord-Software-Solutions/RootRecord-Database
2026-09-30T18:55:18-10:00job:github_sync_all | * branch              main       -> FETCH_HEAD
2026-09-30T18:55:18-10:00job:github_sync_all | ↑ [database] local is ahead of GitHub
2026-09-30T18:55:18-10:00job:github_sync_all | To github.com:RootRecord-Software-Solutions/RootRecord-Database.git
2026-09-30T18:55:18-10:00job:github_sync_all | 644d5adf..4c31d0c4  HEAD -> main
2026-09-30T18:55:18-10:00job:github_sync_all | branch 'main' set up to track 'origin/main'.
2026-09-30T18:55:18-10:00job:github_sync_all | ↑ [database] 21 files → RootRecord-Software-Solutions/RootRecord-Database (main)
2026-09-30T18:55:18-10:00job:github_sync_all | — [library] no local changes
2026-09-30T18:55:18-10:00job:github_sync_all | ↓ [library] fetching origin/main
2026-09-30T18:55:18-10:00job:github_sync_all | From github.com:RootRecord-Software-Solutions/RootRecord-Library
2026-09-30T18:55:18-10:00job:github_sync_all | * branch            main       -> FETCH_HEAD
2026-09-30T18:55:18-10:00job:github_sync_all | — [library] local and GitHub already match
2026-09-30T18:55:18-10:00job:github_sync_all | — [library] nothing to push
2026-09-30T18:55:18-10:00job:worklog_scan RUN  bash "/home/rootrecord/RootRecord-Ecosystem/1 - Servers/1 - RootRecord-Pacific-Solar-Server/Reports/scripts/worklog_once.sh"
2026-09-30T18:55:21-10:00job:worklog_scan | OK wrote/updated /home/rootrecord/RootRecord-Ecosystem/2 - RootRecord-Database/Worklog/worklog_current.md
2026-09-30T18:55:21-10:00job:security_camera_frame_grab RUN  bash "/home/rootrecord/RootRecord-Ecosystem/1 - Servers/1 - RootRecord-Pacific-Solar-Server/Security/Cameras/grab_all.sh"
2026-09-30T18:55:40-10:00job:security_camera_frame_grab | 18:55:22  📷  a-eyes  ch1 → ch1-20261001T045522Z.jpg  (318.5 KB, 4.30s)
2026-09-30T18:55:40-10:00job:security_camera_frame_grab | 18:55:26  📷  a-eyes  ch2 → ch2-20261001T045526Z.jpg  (122.2 KB, 4.41s)
2026-09-30T18:55:40-10:00job:security_camera_frame_grab | 18:55:30  📷  a-eyes  ch3 → ch3-20261001T045530Z.jpg  (349.2 KB, 4.65s)
2026-09-30T18:55:40-10:00job:security_camera_frame_grab | 18:55:35  📷  a-eyes  ch4 → ch4-20261001T045535Z.jpg  (233.8 KB, 4.56s)
2026-09-30T18:55:40-10:00job:service_supervisor RUN  bash "/home/rootrecord/RootRecord-Ecosystem/1 - Servers/1 - RootRecord-Pacific-Solar-Server/Automations/scripts/supervise-services.sh"
2026-09-30T18:55:40-10:00job:service_supervisor | [supervisor] weather alive pid=97054 764793 (act)
2026-09-30T18:55:40-10:00job:service_supervisor | [supervisor] relay alive pid=96403 (act)
2026-09-30T18:55:40-10:00job:geology_collect RUN  nice -n 10 python3 "/home/rootrecord/RootRecord-Ecosystem/1 - Servers/1 - RootRecord-Pacific-Solar-Server/Geology/scripts/geology_collect.py" all
2026-09-30T18:55:45-10:00job:geology_collect | {"ok": true, "at": "2026-09-30T18:55:40-10:00", "what": "all", "dry_run": false, "sources": {"hawaii": {"ok": true, "count": 17, "new": 0, "new_m2": 0, "ms": 424}, "global": {"ok": true, "count": 37, "new": 0, "ms": 294}, "hvo_notices": {"ok": true, "count": 44, "new": 0, "ms": 1217}, "hvo_status": {"ok": true, "volcanoes": 8, "kilauea": "WATCH", "mauna_loa": "NORMAL", "ms": 2856}}}
2026-09-30T18:55:45-10:00job:system_net_sample RUN  nice -n 10 python3 "/home/rootrecord/RootRecord-Ecosystem/1 - Servers/1 - RootRecord-Pacific-Solar-Server/System/scripts/host_desks.py" net-sample
2026-09-30T18:55:45-10:00job:system_net_sample | {"ok": true, "file": "/home/rootrecord/RootRecord-Ecosystem/2 - RootRecord-Database/System/network/Daily/net-20260930.jsonl", "iface": "wlo1", "hour": {"seconds": 3708, "rx": 261762470, "tx": 105635231, "total": 367397701, "iface": "wlo1", "link": "wireless"}, "day": null}
2026-09-30T18:55:45-10:00ENERGY  status=live  B2=75.9%  B1=94.0%  solar=0 W  ac=85 W  usbc=0 W  src=/home/rootrecord/RootRecord-Ecosystem/2 - RootRecord-Database/Energy  LAP=91%/Charging/AC
2026-09-30T18:56:00-10:00  ▸  SUMMARY=river2pro soc=93.84% solar=0W ac_out=0W usbc=38W src=ble+cloud db=ok
2026-09-30T18:56:00-10:00job:sys_stats_cycle RUN  bash "/home/rootrecord/RootRecord-Ecosystem/1 - Servers/1 - RootRecord-Pacific-Solar-Server/System/scripts/sys-sample.sh"
2026-09-30T18:56:01-10:00job:sys_stats_cycle | SYSTEM  cpu=10%  load=1.13  mem=36%  src=sqlite
2026-09-30T18:56:01-10:00job:sys_stats_cycle | OK wrote /home/rootrecord/RootRecord-Ecosystem/2 - RootRecord-Database/System/samples/sys-20260930-185601.json
2026-09-30T18:56:37-10:00job:github_sync_all | ↑ [ecosystem] committed 7 local file(s)
2026-09-30T18:56:37-10:00job:github_sync_all | ↓ [ecosystem] fetching origin/main
2026-09-30T18:56:37-10:00job:github_sync_all | From github.com:RootRecord-Software-Solutions/RootRecord-Ecosystem
2026-09-30T18:56:37-10:00job:github_sync_all | * branch            main       -> FETCH_HEAD
2026-09-30T18:56:37-10:00job:github_sync_all | ↑ [ecosystem] local is ahead of GitHub
2026-09-30T18:56:37-10:00job:github_sync_all | To github.com:RootRecord-Software-Solutions/RootRecord-Ecosystem.git
2026-09-30T18:56:37-10:00job:github_sync_all | ae96542..a3533cb  HEAD -> main
2026-09-30T18:56:37-10:00job:github_sync_all | branch 'main' set up to track 'origin/main'.
2026-09-30T18:56:37-10:00job:github_sync_all | ↑ [ecosystem] 7 files → RootRecord-Software-Solutions/RootRecord-Ecosystem (main)
2026-09-30T18:56:37-10:00job:github_sync_all | — [pacific] no local changes
2026-09-30T18:56:37-10:00job:github_sync_all | ↓ [pacific] fetching origin/main
2026-09-30T18:56:37-10:00job:github_sync_all | From github.com:RootRecord-Software-Solutions/RootRecord-Pacific-Solar-Server
2026-09-30T18:56:37-10:00job:github_sync_all | * branch            main       -> FETCH_HEAD
2026-09-30T18:56:37-10:00job:github_sync_all | — [pacific] local and GitHub already match
2026-09-30T18:56:37-10:00job:github_sync_all | — [pacific] nothing to push
2026-09-30T18:56:37-10:00job:github_sync_all | ↑ [database] committed 24 local file(s)
2026-09-30T18:56:37-10:00job:github_sync_all | ↓ [database] fetching origin/main
2026-09-30T18:56:37-10:00job:github_sync_all | From github.com:RootRecord-Software-Solutions/RootRecord-Database
2026-09-30T18:56:37-10:00job:github_sync_all | * branch              main       -> FETCH_HEAD
2026-09-30T18:56:37-10:00job:github_sync_all | ↑ [database] local is ahead of GitHub
2026-09-30T18:56:37-10:00job:github_sync_all | To github.com:RootRecord-Software-Solutions/RootRecord-Database.git
2026-09-30T18:56:37-10:00job:github_sync_all | 4c31d0c4..436ddc21  HEAD -> main
2026-09-30T18:56:37-10:00job:github_sync_all | branch 'main' set up to track 'origin/main'.
2026-09-30T18:56:37-10:00job:github_sync_all | ↑ [database] 24 files → RootRecord-Software-Solutions/RootRecord-Database (main)
2026-09-30T18:56:37-10:00job:github_sync_all | — [library] no local changes
2026-09-30T18:56:37-10:00job:github_sync_all | ↓ [library] fetching origin/main
2026-09-30T18:56:37-10:00job:github_sync_all | From github.com:RootRecord-Software-Solutions/RootRecord-Library
2026-09-30T18:56:37-10:00job:github_sync_all | * branch            main       -> FETCH_HEAD
2026-09-30T18:56:37-10:00job:github_sync_all | — [library] local and GitHub already match
2026-09-30T18:56:37-10:00job:github_sync_all | — [library] nothing to push
2026-09-30T18:56:37-10:00job:security_camera_frame_grab RUN  bash "/home/rootrecord/RootRecord-Ecosystem/1 - Servers/1 - RootRecord-Pacific-Solar-Server/Security/Cameras/grab_all.sh"
2026-09-30T18:56:55-10:00job:security_camera_frame_grab | 18:56:37  📷  a-eyes  ch1 → ch1-20261001T045637Z.jpg  (318.4 KB, 4.47s)
2026-09-30T18:56:55-10:00job:security_camera_frame_grab | 18:56:41  📷  a-eyes  ch2 → ch2-20261001T045641Z.jpg  (122.4 KB, 4.54s)
2026-09-30T18:56:55-10:00job:security_camera_frame_grab | 18:56:46  📷  a-eyes  ch3 → ch3-20261001T045646Z.jpg  (350.7 KB, 4.37s)
2026-09-30T18:56:55-10:00job:security_camera_frame_grab | 18:56:50  📷  a-eyes  ch4 → ch4-20261001T045650Z.jpg  (230.9 KB, 4.37s)
2026-09-30T18:56:55-10:00ENERGY  status=live  B2=75.9%  B1=93.8%  solar=0 W  ac=85 W  usbc=0 W  src=/home/rootrecord/RootRecord-Ecosystem/2 - RootRecord-Database/Energy  LAP=91%/Charging/AC
2026-09-30T18:57:11-10:00  ▸  SUMMARY=river2pro soc=93.71% solar=0W ac_out=0W usbc=41W src=ble+cloud db=ok
2026-09-30T18:57:11-10:00job:sys_stats_cycle RUN  bash "/home/rootrecord/RootRecord-Ecosystem/1 - Servers/1 - RootRecord-Pacific-Solar-Server/System/scripts/sys-sample.sh"
2026-09-30T18:57:12-10:00job:sys_stats_cycle | SYSTEM  cpu=5%  load=1.30  mem=35%  src=sqlite
2026-09-30T18:57:12-10:00job:sys_stats_cycle | OK wrote /home/rootrecord/RootRecord-Ecosystem/2 - RootRecord-Database/System/samples/sys-20260930-185712.json
2026-09-30T18:57:50-10:00job:github_sync_all | — [ecosystem] no committable local changes
2026-09-30T18:57:50-10:00job:github_sync_all | ↓ [ecosystem] fetching origin/main
2026-09-30T18:57:50-10:00job:github_sync_all | From github.com:RootRecord-Software-Solutions/RootRecord-Ecosystem
2026-09-30T18:57:50-10:00job:github_sync_all | * branch            main       -> FETCH_HEAD
2026-09-30T18:57:50-10:00job:github_sync_all | — [ecosystem] local and GitHub already match
2026-09-30T18:57:50-10:00job:github_sync_all | — [ecosystem] nothing to push
2026-09-30T18:57:50-10:00job:github_sync_all | — [pacific] no local changes
2026-09-30T18:57:50-10:00job:github_sync_all | ↓ [pacific] fetching origin/main
2026-09-30T18:57:50-10:00job:github_sync_all | From github.com:RootRecord-Software-Solutions/RootRecord-Pacific-Solar-Server
2026-09-30T18:57:50-10:00job:github_sync_all | * branch            main       -> FETCH_HEAD
2026-09-30T18:57:50-10:00job:github_sync_all | — [pacific] local and GitHub already match
2026-09-30T18:57:50-10:00job:github_sync_all | — [pacific] nothing to push
2026-09-30T18:57:50-10:00job:github_sync_all | ↑ [database] committed 12 local file(s)
2026-09-30T18:57:50-10:00job:github_sync_all | ↓ [database] fetching origin/main
2026-09-30T18:57:50-10:00job:github_sync_all | From github.com:RootRecord-Software-Solutions/RootRecord-Database
2026-09-30T18:57:50-10:00job:github_sync_all | * branch              main       -> FETCH_HEAD
2026-09-30T18:57:50-10:00job:github_sync_all | ↑ [database] local is ahead of GitHub
2026-09-30T18:57:50-10:00job:github_sync_all | To github.com:RootRecord-Software-Solutions/RootRecord-Database.git
2026-09-30T18:57:50-10:00job:github_sync_all | 436ddc21..08d6a547  HEAD -> main
2026-09-30T18:57:50-10:00job:github_sync_all | branch 'main' set up to track 'origin/main'.
2026-09-30T18:57:50-10:00job:github_sync_all | ↑ [database] 12 files → RootRecord-Software-Solutions/RootRecord-Database (main)
2026-09-30T18:57:50-10:00job:github_sync_all | — [library] no local changes
2026-09-30T18:57:50-10:00job:github_sync_all | ↓ [library] fetching origin/main
2026-09-30T18:57:50-10:00job:github_sync_all | From github.com:RootRecord-Software-Solutions/RootRecord-Library
2026-09-30T18:57:50-10:00job:github_sync_all | * branch            main       -> FETCH_HEAD
2026-09-30T18:57:50-10:00job:github_sync_all | — [library] local and GitHub already match
2026-09-30T18:57:50-10:00job:github_sync_all | — [library] nothing to push
2026-09-30T18:57:50-10:00job:worklog_scan RUN  bash "/home/rootrecord/RootRecord-Ecosystem/1 - Servers/1 - RootRecord-Pacific-Solar-Server/Reports/scripts/worklog_once.sh"
2026-09-30T18:57:53-10:00job:worklog_scan | OK wrote/updated /home/rootrecord/RootRecord-Ecosystem/2 - RootRecord-Database/Worklog/worklog_current.md
2026-09-30T18:57:53-10:00job:security_camera_frame_grab RUN  bash "/home/rootrecord/RootRecord-Ecosystem/1 - Servers/1 - RootRecord-Pacific-Solar-Server/Security/Cameras/grab_all.sh"
2026-09-30T18:58:11-10:00job:security_camera_frame_grab | 18:57:53  📷  a-eyes  ch1 → ch1-20261001T045753Z.jpg  (319.4 KB, 4.46s)
2026-09-30T18:58:11-10:00job:security_camera_frame_grab | 18:57:58  📷  a-eyes  ch2 → ch2-20261001T045758Z.jpg  (122.4 KB, 4.55s)
2026-09-30T18:58:11-10:00job:security_camera_frame_grab | 18:58:02  📷  a-eyes  ch3 → ch3-20261001T045802Z.jpg  (349.8 KB, 4.48s)
2026-09-30T18:58:11-10:00job:security_camera_frame_grab | 18:58:07  📷  a-eyes  ch4 → ch4-20261001T045807Z.jpg  (269.8 KB, 4.37s)
2026-09-30T18:58:12-10:00ENERGY  status=live  B2=75.9%  B1=93.7%  solar=0 W  ac=85 W  usbc=0 W  src=/home/rootrecord/RootRecord-Ecosystem/2 - RootRecord-Database/Energy  LAP=92%/Charging/AC
2026-09-30T18:58:26-10:00  ▸  SUMMARY=delta2 soc=74.21% solar=0W ac_out=89W usbc=0W src=ble db=ok
2026-09-30T18:58:26-10:00job:sys_stats_cycle RUN  bash "/home/rootrecord/RootRecord-Ecosystem/1 - Servers/1 - RootRecord-Pacific-Solar-Server/System/scripts/sys-sample.sh"
2026-09-30T18:58:27-10:00job:sys_stats_cycle | SYSTEM  cpu=26%  load=1.12  mem=35%  src=sqlite
2026-09-30T18:58:27-10:00job:sys_stats_cycle | OK wrote /home/rootrecord/RootRecord-Ecosystem/2 - RootRecord-Database/System/samples/sys-20260930-185827.json
2026-09-30T18:59:03-10:00job:github_sync_all | — [ecosystem] no committable local changes
2026-09-30T18:59:03-10:00job:github_sync_all | ↓ [ecosystem] fetching origin/main
2026-09-30T18:59:03-10:00job:github_sync_all | From github.com:RootRecord-Software-Solutions/RootRecord-Ecosystem
2026-09-30T18:59:03-10:00job:github_sync_all | * branch            main       -> FETCH_HEAD
2026-09-30T18:59:03-10:00job:github_sync_all | — [ecosystem] local and GitHub already match
2026-09-30T18:59:03-10:00job:github_sync_all | — [ecosystem] nothing to push
2026-09-30T18:59:03-10:00job:github_sync_all | — [pacific] no local changes
2026-09-30T18:59:03-10:00job:github_sync_all | ↓ [pacific] fetching origin/main
2026-09-30T18:59:03-10:00job:github_sync_all | From github.com:RootRecord-Software-Solutions/RootRecord-Pacific-Solar-Server
2026-09-30T18:59:03-10:00job:github_sync_all | * branch            main       -> FETCH_HEAD
2026-09-30T18:59:03-10:00job:github_sync_all | — [pacific] local and GitHub already match
2026-09-30T18:59:03-10:00job:github_sync_all | — [pacific] nothing to push
2026-09-30T18:59:03-10:00job:github_sync_all | ↑ [database] committed 16 local file(s)
2026-09-30T18:59:03-10:00job:github_sync_all | ↓ [database] fetching origin/main
2026-09-30T18:59:03-10:00job:github_sync_all | From github.com:RootRecord-Software-Solutions/RootRecord-Database
2026-09-30T18:59:03-10:00job:github_sync_all | * branch              main       -> FETCH_HEAD
2026-09-30T18:59:03-10:00job:github_sync_all | ↑ [database] local is ahead of GitHub
2026-09-30T18:59:03-10:00job:github_sync_all | To github.com:RootRecord-Software-Solutions/RootRecord-Database.git
2026-09-30T18:59:03-10:00job:github_sync_all | 08d6a547..099f6bd6  HEAD -> main
2026-09-30T18:59:03-10:00job:github_sync_all | branch 'main' set up to track 'origin/main'.
2026-09-30T18:59:03-10:00job:github_sync_all | ↑ [database] 16 files → RootRecord-Software-Solutions/RootRecord-Database (main)
2026-09-30T18:59:03-10:00job:github_sync_all | — [library] no local changes
2026-09-30T18:59:03-10:00job:github_sync_all | ↓ [library] fetching origin/main
2026-09-30T18:59:03-10:00job:github_sync_all | From github.com:RootRecord-Software-Solutions/RootRecord-Library
2026-09-30T18:59:03-10:00job:github_sync_all | * branch            main       -> FETCH_HEAD
2026-09-30T18:59:03-10:00job:github_sync_all | — [library] local and GitHub already match
2026-09-30T18:59:03-10:00job:github_sync_all | — [library] nothing to push
2026-09-30T18:59:03-10:00job:security_camera_frame_grab RUN  bash "/home/rootrecord/RootRecord-Ecosystem/1 - Servers/1 - RootRecord-Pacific-Solar-Server/Security/Cameras/grab_all.sh"
2026-09-30T18:59:21-10:00job:security_camera_frame_grab | 18:59:03  📷  a-eyes  ch1 → ch1-20261001T045903Z.jpg  (320.5 KB, 4.24s)
2026-09-30T18:59:21-10:00job:security_camera_frame_grab | 18:59:07  📷  a-eyes  ch2 → ch2-20261001T045907Z.jpg  (122.1 KB, 4.21s)
2026-09-30T18:59:21-10:00job:security_camera_frame_grab | 18:59:11  📷  a-eyes  ch3 → ch3-20261001T045911Z.jpg  (345.4 KB, 4.53s)
2026-09-30T18:59:21-10:00job:security_camera_frame_grab | 18:59:16  📷  a-eyes  ch4 → ch4-20261001T045916Z.jpg  (222.6 KB, 4.50s)
2026-09-30T18:59:21-10:00ENERGY  status=live  B2=74.2%  B1=93.7%  solar=0 W  ac=89 W  usbc=0 W  src=/home/rootrecord/RootRecord-Ecosystem/2 - RootRecord-Database/Energy  LAP=92%/Charging/AC
2026-09-30T18:59:36-10:00  ▸  SUMMARY=delta2 soc=74.01% solar=0W ac_out=78W usbc=0W src=ble db=ok
2026-09-30T18:59:36-10:00job:sys_stats_cycle RUN  bash "/home/rootrecord/RootRecord-Ecosystem/1 - Servers/1 - RootRecord-Pacific-Solar-Server/System/scripts/sys-sample.sh"
2026-09-30T18:59:37-10:00job:sys_stats_cycle | SYSTEM  cpu=5%  load=0.78  mem=36%  src=sqlite
2026-09-30T18:59:37-10:00job:sys_stats_cycle | OK wrote /home/rootrecord/RootRecord-Ecosystem/2 - RootRecord-Database/System/samples/sys-20260930-185936.json
2026-09-30T19:00:05-10:00job:github_sync_all | — [ecosystem] no committable local changes
2026-09-30T19:00:05-10:00job:github_sync_all | ↓ [ecosystem] fetching origin/main
2026-09-30T19:00:05-10:00job:github_sync_all | From github.com:RootRecord-Software-Solutions/RootRecord-Ecosystem
2026-09-30T19:00:05-10:00job:github_sync_all | * branch            main       -> FETCH_HEAD
2026-09-30T19:00:05-10:00job:github_sync_all | — [ecosystem] local and GitHub already match
2026-09-30T19:00:05-10:00job:github_sync_all | — [ecosystem] nothing to push
2026-09-30T19:00:05-10:00job:github_sync_all | — [pacific] no local changes
2026-09-30T19:00:05-10:00job:github_sync_all | ↓ [pacific] fetching origin/main
2026-09-30T19:00:05-10:00job:github_sync_all | From github.com:RootRecord-Software-Solutions/RootRecord-Pacific-Solar-Server
2026-09-30T19:00:05-10:00job:github_sync_all | * branch            main       -> FETCH_HEAD
2026-09-30T19:00:05-10:00job:github_sync_all | — [pacific] local and GitHub already match
2026-09-30T19:00:05-10:00job:github_sync_all | — [pacific] nothing to push
2026-09-30T19:00:05-10:00job:github_sync_all | ↑ [database] committed 12 local file(s)
2026-09-30T19:00:05-10:00job:github_sync_all | ↓ [database] fetching origin/main
2026-09-30T19:00:05-10:00job:github_sync_all | From github.com:RootRecord-Software-Solutions/RootRecord-Database
2026-09-30T19:00:05-10:00job:github_sync_all | * branch              main       -> FETCH_HEAD
2026-09-30T19:00:05-10:00job:github_sync_all | ↑ [database] local is ahead of GitHub
2026-09-30T19:00:05-10:00job:github_sync_all | To github.com:RootRecord-Software-Solutions/RootRecord-Database.git
2026-09-30T19:00:05-10:00job:github_sync_all | 099f6bd6..4cd0cbd9  HEAD -> main
2026-09-30T19:00:05-10:00job:github_sync_all | branch 'main' set up to track 'origin/main'.
2026-09-30T19:00:05-10:00job:github_sync_all | ↑ [database] 12 files → RootRecord-Software-Solutions/RootRecord-Database (main)
2026-09-30T19:00:05-10:00job:github_sync_all | — [library] no local changes
2026-09-30T19:00:05-10:00job:github_sync_all | ↓ [library] fetching origin/main
2026-09-30T19:00:05-10:00job:github_sync_all | From github.com:RootRecord-Software-Solutions/RootRecord-Library
2026-09-30T19:00:05-10:00job:github_sync_all | * branch            main       -> FETCH_HEAD
2026-09-30T19:00:05-10:00job:github_sync_all | — [library] local and GitHub already match
2026-09-30T19:00:05-10:00job:github_sync_all | — [library] nothing to push
2026-09-30T19:00:05-10:00job:worklog_scan RUN  bash "/home/rootrecord/RootRecord-Ecosystem/1 - Servers/1 - RootRecord-Pacific-Solar-Server/Reports/scripts/worklog_once.sh"
2026-09-30T19:00:17-10:00job:worklog_scan | OK wrote/updated /home/rootrecord/RootRecord-Ecosystem/2 - RootRecord-Database/Worklog/worklog_current.md
2026-09-30T19:00:17-10:00job:security_camera_frame_grab RUN  bash "/home/rootrecord/RootRecord-Ecosystem/1 - Servers/1 - RootRecord-Pacific-Solar-Server/Security/Cameras/grab_all.sh"
2026-09-30T19:00:36-10:00job:security_camera_frame_grab | 19:00:17  📷  a-eyes  ch1 → ch1-20261001T050017Z.jpg  (319.5 KB, 4.53s)
2026-09-30T19:00:36-10:00job:security_camera_frame_grab | 19:00:21  📷  a-eyes  ch2 → ch2-20261001T050021Z.jpg  (123.5 KB, 4.37s)
2026-09-30T19:00:36-10:00job:security_camera_frame_grab | 19:00:26  📷  a-eyes  ch3 → ch3-20261001T050026Z.jpg  (348.1 KB, 5.70s)
2026-09-30T19:00:36-10:00job:security_camera_frame_grab | 19:00:32  📷  a-eyes  ch4 → ch4-20261001T050032Z.jpg  (220.5 KB, 4.38s)
2026-09-30T19:00:36-10:00ENERGY  status=live  B2=74.0%  B1=93.7%  solar=0 W  ac=78 W  usbc=0 W  src=/home/rootrecord/RootRecord-Ecosystem/2 - RootRecord-Database/Energy  LAP=93%/Charging/AC
2026-09-30T19:00:53-10:00  ▸  SUMMARY=river2pro soc=93.36% solar=0W ac_out=0W usbc=35W src=ble+cloud db=ok
2026-09-30T19:00:53-10:00job:sys_stats_cycle RUN  bash "/home/rootrecord/RootRecord-Ecosystem/1 - Servers/1 - RootRecord-Pacific-Solar-Server/System/scripts/sys-sample.sh"
2026-09-30T19:00:54-10:00job:sys_stats_cycle | SYSTEM  cpu=3%  load=0.88  mem=36%  src=sqlite
2026-09-30T19:00:54-10:00job:sys_stats_cycle | OK wrote /home/rootrecord/RootRecord-Ecosystem/2 - RootRecord-Database/System/samples/sys-20260930-190053.json
2026-09-30T19:01:22-10:00job:github_sync_all | — [ecosystem] no committable local changes
2026-09-30T19:01:22-10:00job:github_sync_all | ↓ [ecosystem] fetching origin/main
2026-09-30T19:01:22-10:00job:github_sync_all | From github.com:RootRecord-Software-Solutions/RootRecord-Ecosystem
2026-09-30T19:01:22-10:00job:github_sync_all | * branch            main       -> FETCH_HEAD
2026-09-30T19:01:22-10:00job:github_sync_all | — [ecosystem] local and GitHub already match
2026-09-30T19:01:22-10:00job:github_sync_all | — [ecosystem] nothing to push
2026-09-30T19:01:22-10:00job:github_sync_all | — [pacific] no local changes
2026-09-30T19:01:22-10:00job:github_sync_all | ↓ [pacific] fetching origin/main
2026-09-30T19:01:22-10:00job:github_sync_all | From github.com:RootRecord-Software-Solutions/RootRecord-Pacific-Solar-Server
2026-09-30T19:01:22-10:00job:github_sync_all | * branch            main       -> FETCH_HEAD
2026-09-30T19:01:22-10:00job:github_sync_all | — [pacific] local and GitHub already match
2026-09-30T19:01:22-10:00job:github_sync_all | — [pacific] nothing to push
2026-09-30T19:01:22-10:00job:github_sync_all | ↑ [database] committed 22 local file(s)
2026-09-30T19:01:22-10:00job:github_sync_all | ↓ [database] fetching origin/main
2026-09-30T19:01:22-10:00job:github_sync_all | From github.com:RootRecord-Software-Solutions/RootRecord-Database
2026-09-30T19:01:22-10:00job:github_sync_all | * branch              main       -> FETCH_HEAD
2026-09-30T19:01:22-10:00job:github_sync_all | ↑ [database] local is ahead of GitHub
2026-09-30T19:01:22-10:00job:github_sync_all | To github.com:RootRecord-Software-Solutions/RootRecord-Database.git
2026-09-30T19:01:22-10:00job:github_sync_all | 4cd0cbd9..b119da67  HEAD -> main
2026-09-30T19:01:22-10:00job:github_sync_all | branch 'main' set up to track 'origin/main'.
2026-09-30T19:01:22-10:00job:github_sync_all | ↑ [database] 22 files → RootRecord-Software-Solutions/RootRecord-Database (main)
2026-09-30T19:01:22-10:00job:github_sync_all | — [library] no local changes
2026-09-30T19:01:22-10:00job:github_sync_all | ↓ [library] fetching origin/main
2026-09-30T19:01:22-10:00job:github_sync_all | From github.com:RootRecord-Software-Solutions/RootRecord-Library
2026-09-30T19:01:22-10:00job:github_sync_all | * branch            main       -> FETCH_HEAD
2026-09-30T19:01:22-10:00job:github_sync_all | — [library] local and GitHub already match
2026-09-30T19:01:22-10:00job:github_sync_all | — [library] nothing to push
2026-09-30T19:01:22-10:00job:security_camera_frame_grab RUN  bash "/home/rootrecord/RootRecord-Ecosystem/1 - Servers/1 - RootRecord-Pacific-Solar-Server/Security/Cameras/grab_all.sh"
2026-09-30T19:01:41-10:00job:security_camera_frame_grab | 19:01:23  📷  a-eyes  ch1 → ch1-20261001T050123Z.jpg  (319.4 KB, 4.51s)
2026-09-30T19:01:41-10:00job:security_camera_frame_grab | 19:01:27  📷  a-eyes  ch2 → ch2-20261001T050127Z.jpg  (122.7 KB, 4.37s)
2026-09-30T19:01:41-10:00job:security_camera_frame_grab | 19:01:31  📷  a-eyes  ch3 → ch3-20261001T050131Z.jpg  (350.7 KB, 4.48s)
2026-09-30T19:01:41-10:00job:security_camera_frame_grab | 19:01:36  📷  a-eyes  ch4 → ch4-20261001T050136Z.jpg  (213.0 KB, 4.57s)
2026-09-30T19:01:41-10:00job:service_supervisor RUN  bash "/home/rootrecord/RootRecord-Ecosystem/1 - Servers/1 - RootRecord-Pacific-Solar-Server/Automations/scripts/supervise-services.sh"
2026-09-30T19:01:41-10:00job:service_supervisor | [supervisor] weather alive pid=97054 764793 (act)
2026-09-30T19:01:41-10:00job:service_supervisor | [supervisor] relay alive pid=96403 (act)
2026-09-30T19:01:41-10:00job:geology_collect RUN  nice -n 10 python3 "/home/rootrecord/RootRecord-Ecosystem/1 - Servers/1 - RootRecord-Pacific-Solar-Server/Geology/scripts/geology_collect.py" all
2026-09-30T19:01:43-10:00job:geology_collect | {"ok": true, "at": "2026-09-30T19:01:41-10:00", "what": "all", "dry_run": false, "sources": {"hawaii": {"ok": true, "count": 17, "new": 0, "new_m2": 0, "ms": 439}, "global": {"ok": true, "count": 36, "new": 0, "ms": 308}, "hvo_notices": {"ok": true, "count": 44, "new": 0, "ms": 1104}, "hvo_status": {"ok": true, "volcanoes": 8, "kilauea": "WATCH", "mauna_loa": "NORMAL", "ms": 721}}}
2026-09-30T19:01:43-10:00job:system_net_sample RUN  nice -n 10 python3 "/home/rootrecord/RootRecord-Ecosystem/1 - Servers/1 - RootRecord-Pacific-Solar-Server/System/scripts/host_desks.py" net-sample
2026-09-30T19:01:44-10:00job:system_net_sample | {"ok": true, "file": "/home/rootrecord/RootRecord-Ecosystem/2 - RootRecord-Database/System/network/Daily/net-20260930.jsonl", "iface": "wlo1", "hour": {"seconds": 3760, "rx": 260939443, "tx": 105198229, "total": 366137672, "iface": "wlo1", "link": "wireless"}, "day": null}
2026-09-30T19:01:44-10:00job:reports_weekly_archive RUN  bash "/home/rootrecord/RootRecord-Ecosystem/1 - Servers/1 - RootRecord-Pacific-Solar-Server/Reports/scripts/weekly_archive_logs.sh"
2026-09-30T19:01:44-10:00job:reports_weekly_archive | OK weekly archive week=2026-W40 cutoff=2026-09-28 moved=0 skipped=8 dry=0
2026-09-30T19:01:44-10:00job:automations_log_hourly_archive RUN  bash "/home/rootrecord/RootRecord-Ecosystem/1 - Servers/1 - RootRecord-Pacific-Solar-Server/Automations/scripts/archive_automations_log_hourly.sh"
